combined_apy_rank,real_apy_rank,emission_rank,epr_rank,netuid,name,date,block,spot_price,moving_price,momentum_30d,ema_band,ema_lag_flag,low_emission,tao_emission,tao_reserves,alpha_outstanding,alpha_out_emission,alpha_in_pool,volume,ema_tao_inflow,pool_growth_real,pool_ema_divergence,flow_momentum,flow_price_divergence,emission_price_ratio,emission_price_ratio_raw,emission_apy,price_apy_7d,price_apy_30d,combined_apy_7d,combined_apy_30d,real_apy,gross_emission_rate,net_supply_delta,supply_days_gap,supply_defence,supply_defence_quality,burned_tokens,manual_burn,miner_burn_rate,liquidation_price,liquidation_haircut,owner_coldkey,owner_stake,owner_inflow_pct,owner_inflow_flag,large_entry_anomaly,immune,registered_at,vali_miner_share,best_validator_uid,best_validator_hotkey,best_validator_take,best_validator_raw_apy,best_validator_apy,best_validator_div_pct,best_validator_trust,burned_source,alpha_burned_cum,alpha_recycled_cum,recycled_tokens,recon_flag,recon_gap_relative,burn_coverage,owner_cut_emission,total_locked_alpha,locked_float_ratio,owner_locked_alpha,owner_lock_ratio,community_locked_alpha,commitment_class,gate_eligible,leader_is_owner,leader_pct_of_threshold,leader_blocks_to_threshold,governance_flag,basket_alpha,basket_share,ema_halving_days
1,84,84,14,35,SN35,2026-09-13,9059745,0.00841976,0.0007206157315522432,10.684119054497193,PREMIUM,False,True,0.0,777.062375774,42438.067098251,1.0,92290.317581785,6048.458683232,,1620.7091791476123,,,,,,,132.30987826480683,129.99011516304918,132.30987826480683,129.99011516304918,,61.92553477790952,57.231582802885235,1,0.0,,0.0,0.0,0.0,0.018310503491475585,1.17470610700015,5FjUeckL...,762550.959942288,,,,True,9046691,0.0,1,5E2LP6En...,0.0,1.0299168317280045,1.0299168317280045,0.2521134067812128,,COUNTER,0.0,0.0,0.0,OK,0.0,0.0,1295.967040512703,0.0,0.0,0.0,0.0,0.0,NEITHER,False,,,,,1221.3052960950004,0.02877853256764689,30.0
2,1,70,15,82,Compelle,2026-09-13,9059745,0.002083587,0.002209731610491872,-0.05708594197274158,IN BAND,False,True,3.0535e-05,1273.060355591,666055.312230967,1.0,610994.691884188,118287.25730864,0.0004909697292762227,26278.948448832263,,0.0,,,0.2356367789183858,0.06303391637920179,-21.315954075972293,-0.6945456273350226,-11.20809113543809,9.41331731319918,10.107862940534202,3.94561825683434,-10.044829024155,1,0.0,,0.0,0.0,0.0,0.001911343295689447,-0.08266691254579392,5H6h1PUD...,363081.489715129,,,,False,8026517,0.0,48,5G9hfkx9...,0.009994659342336155,0.8252467424092643,0.8169986823455111,0.021684393645755442,,COUNTER,51466.221683119,7195.897335065,0.0,OK,0.0,0.0,1295.967040512703,744.314271862,0.0011174961871693553,744.314271862,0.0011174961871693553,0.0,NEITHER,False,True,0.011174961871693551,,,35530.538763721,0.053344726948743454,30.0
3,85,85,16,36,Epago,2026-09-13,9059745,0.027249083,0.016118870116770267,0.6905082553925244,PREMIUM,False,True,0.0,1142.871482001,81173.793822705,1.0,41941.648046652,5980.988719061,,2294.2526148380566,,,,,,,216.89059812575735,8.40118377394238,216.89059812575735,8.40118377394238,,32.37498059706218,23.63267232376927,1,0.4305024023323611,MINER_BURN_ONLY,3099.6172967929997,3099.6172967929997,0.0,0.014079315850349342,-0.48331047138909805,5DCjvVt6...,575828.451215368,,,,True,8884359,1.0,0,5EFY7fKV...,0.179995422293431,2.9010183089762154,2.378848293371066,0.5503639387789359,,COUNTER,11455.873927227,0.0,0.0,DIVERGENT,-1.0,2.3917408390006174,1295.967040512703,62497.178237175,0.7699181631657828,62497.178237175,0.7699181631657828,0.0,FORTRESS,False,True,7.699181631657914,0,,2896.270299878,0.035679868631049355,30.0
4,2,73,17,123,MANTIS,2026-09-13,9059745,0.00239831,0.002422527177259326,-0.00999665864913999,IN BAND,False,True,7.97e-06,5752.019118291,1948123.51983489,1.0,2398363.208730249,549858.913690707,-0.0026115959502149458,34051.639473915566,ACCUMULATING_PRE_EMA,0.0,,,,0.0036413578552609333,-5.3666340071077325,-0.12162601356453655,-0.4366035841537652,4.808404409389431,4.930030422953967,1.3489904378459183,-4.926389065098706,1,0.14951499955911543,MINER_BURN_ONLY,1085.3557477280265,1080.0855257092578,0.001785305561913475,0.0029525946685241516,0.2311146884782,5HVuEdEG...,1689027.082534513,,,ENTRY_PRE_EMA_PATTERN,False,5794330,0.3763337307774619,158,5Dszzjqs...,0.179995422293431,6.730727530247847,5.519227386098864,0.0,,COUNTER,301011.720086165,8560.983387542,0.0,DIVERGENT,-1.0,0.8334205206962366,1295.967040512703,350656.879907587,0.17999725188745033,350656.879907587,0.17999725188745033,0.0,FORTRESS,True,True,1.799972518874503,0,,11704.702534902,0.006008193225804292,30.0
5,3,74,18,22,Desearch,2026-09-13,9059745,0.003189323,0.003231446724385023,-0.01303556208033716,IN BAND,False,True,7.807e-06,7750.282174902,3612127.616440611,1.0,2430070.803328177,269586.356513524,-0.0015173520545156394,48284.0807528235,ACCUMULATING_PRE_EMA,0.0,,,,0.0026472321312945523,-1.3165842821157174,-0.1585993386441021,2.7719428336927274,3.9299277771643424,4.088527115808445,0.7275490456202736,-4.08587988367715,1,0.21152948221231907,MINER_BURN_ONLY,1529.7133720091078,1526.7404262549308,0.0010070954451819603,0.0021456280059504447,-0.32724656425503323,5DFuaMas...,1852658.119926584,,,,False,2009702,0.5158471948555805,131,5E2LP6En...,0.0,0.39948111572001005,0.39948111572001005,0.13346558828017702,,COUNTER,1230177.128822246,0.0,0.0,DIVERGENT,-1.0,1.1780704126942383,1295.967040512703,763677.586285475,0.21142043343363448,763677.586285475,0.21142043343363448,0.0,FORTRESS,True,True,2.114204334336345,0,,9155.195062122999,0.0025345713203634053,30.0
6,4,78,19,45,AlphaRidge.ai,2026-09-13,9059745,0.002478702,0.0025141360238194466,-0.014093916750620135,IN BAND,False,True,6.79e-07,6308.657960475,3160852.185695474,1.0,2545144.934153034,747033.816447391,-0.0007759101295867152,40234.343487116974,ACCUMULATING_PRE_EMA,0.0,,,,0.00028285128329665304,-2.8222574627475914,-0.17147598713254497,1.020156203927085,3.6709376795421313,3.8424136666746764,0.8314213527266755,-3.84213081539138,1,0.2799857538975113,MINER_BURN_ONLY,2022.1257584360428,2016.4501347235228,0.0019226367589837423,0.0019958725020502413,-0.19479126492404444,5FbcZiAH...,852.433413449,,,ENTRY_PRE_EMA_PATTERN,False,3633154,0.6634102340656485,55,5E2LP6En...,0.0,0.36307613356942253,0.36307613356942253,0.23200878959897456,,COUNTER,1072069.418578918,0.0,0.0,DIVERGENT,-0.7059224063762151,1.5559424519976883,1295.967040512703,111021.423926443,0.035123889825937955,111019.200205241,0.035123186306421264,2.2237212020118022,FORTRESS,True,True,0.35123186306421267,,,13698.311669026998,0.004333740037265613,30.0
7,5,20,20,91,cascade,2026-09-13,9059745,0.007852682,0.00801131990738213,-0.019801719219320155,IN BAND,False,False,0.002716399,3946.397438014,1181641.932638286,1.0,502554.090135934,178258.639949402,-0.00013977869327964234,16029.217780695413,ACCUMULATING_PRE_EMA,0.0,,,,1.8089147593792543,-9.506958036506207,-0.2409209171683952,-5.839475728649148,3.4265613906886636,3.6674823078570586,2.2240239851106067,-1.8585675484778044,1,0.0,,0.0,0.0,1.5259021896585345e-05,0.003339757441751212,-0.5746984989649125,5HEe7NjS...,553684.875938106,,,,False,7633645,0.09677419354838712,1,5E2LP6En...,0.0,0.855582454647324,0.855582454647324,0.6541079167429653,,COUNTER,399376.775480423,9542.545852108,0.0,OK,0.0,0.0,1295.967040512703,58957.036581539,0.04989416417366294,58957.036581539,0.04989416417366294,0.0,DORMITORY,False,True,0.49894164173663497,,,34951.32226725001,0.029578606938239903,30.0
8,6,60,21,55,NIOME,2026-09-13,9059745,0.002774302,0.0027993971016258,-0.008964466531463332,IN BAND,False,True,7.119e-05,6683.726962038,3076419.989080209,1.0,2409155.563423003,562019.019621025,-0.002858824195392448,29637.649012882728,ACCUMULATING_PRE_EMA,0.0,,,,0.027991466596797274,-10.072544289067045,-0.10906767613280387,-7.4054163702309745,2.558060242703266,2.66712791883607,0.8542396712178827,-2.639136452239273,1,0.008166362681287743,MINER_BURN_ONLY,60.621908675006125,60.30659624653279,0.00010681315327687457,0.0021725664849929376,-0.21689618325873047,5GeWUxaF...,1234859.744071535,,,,False,4703386,0.02012879990233185,142,5E2LP6En...,0.0,0.32021259788172557,0.32021259788172557,0.5904596227797106,,COUNTER,321179.345246741,0.0,0.0,DIVERGENT,0.6049473212337634,0.04653405091434628,1295.967040512703,14841.866940702,0.004824395561523912,14841.866940702,0.004824395561523912,0.0,NEITHER,True,True,0.048243955615239115,,,13429.571801812002,0.004365324581650241,30.0
9,8,48,22,85,Vidaio,2026-09-13,9059745,0.004595232,0.004626998445019126,-0.00686545400794798,IN BAND,False,False,0.000223711,12020.268679075,2579866.540924492,1.0,2615813.228228696,1416572.426742873,-0.006693889346863315,25550.548102036584,ACCUMULATING_PRE_EMA,0.0,,,,0.04891009707823285,-4.832440432234612,-0.08352969043003375,-2.28096010649761,2.467950635306968,2.5514803257370016,1.0186573445997946,-2.5025702286587688,1,0.07814800579247393,MINER_BURN_ONLY,590.4184775190079,590.0581204578955,0.00012207217517357094,0.00465925988356264,0.01393354754724899,5GTPBjA4...,2950056.384060902,,,,False,5258781,0.3599890121629252,149,5DccCmXk...,,14.475512569961024,14.475512569961024,0.0,,COUNTER,504833.403493647,0.0,0.0,DIVERGENT,-1.0,0.45530333875193313,1295.967040512703,143874.406841709,0.05576815876303112,143874.406841709,0.05576815876303112,0.0,FORTRESS,True,True,0.5576815876303113,,,21072.177364081002,0.00816793311972247,30.0
10,10,34,23,11,TrajectoryRL,2026-09-13,9059745,0.00854413,0.00864768703468144,-0.011975113607387126,IN BAND,False,False,0.001187891,21165.042545385,3441179.432490366,1.0,2477144.227877531,1002725.113802724,-0.004553696919034271,29379.633979723323,ACCUMULATING_PRE_EMA,0.0,,,,0.1474968709042684,-1.5546920492143492,-0.14569721555654336,0.8047819177996507,2.2137767514574564,2.359473967014,0.7636916503648077,-2.2119770961097314,1,0.0,,0.0,0.0,0.0,0.006150519890230762,-0.2801467334613634,5D2Jhtbn...,2465756.26386626,,,,False,2918568,0.0,189,5GgqDcxk...,0.0,0.35519674021674885,0.35519674021674885,0.062352169202362244,,COUNTER,1145934.992162841,48046.465498293,0.0,OK,0.0,0.0,1295.967040512703,46180.459268605,0.013419950971630797,46180.459268605,0.013419950971630797,0.0,DORMITORY,True,True,0.13419950971630795,,,11552.164091344006,0.0033570362481748755,30.0
11,9,21,24,58,greevils,2026-09-13,9059745,0.007762112,0.007885329192504287,-0.015626131705625674,IN BAND,False,False,0.002609544,1035.082617854,519854.086908516,1.0,133350.640724802,23258.023490236,,3956.705584352283,,,,,,6.6254437217950795,-7.349536127760994,-0.19011793575177902,-4.960023723660015,2.1993944683492,2.389512404100979,5.055264671724079,4.2359313176941,1,0.0,,0.0,0.0,0.0,0.0019911022033306707,-0.7434844790527796,5CLUzEqe...,750749.666958784,0.6590886130334391,BUYBACK_GAMING,,True,8511017,0.0,1,5E2LP6En...,0.0,0.7738452653840423,0.7738452653840423,0.3803027528535677,,COUNTER,78931.873767343,0.045668707,0.0,OK,0.0,0.0,1295.967040512703,32808.027617922,0.06311006962170053,32808.027617922,0.06311006962170053,0.0,DORMITORY,False,True,0.6311006962170053,,,45608.84511982701,0.08773393586468671,30.0
12,7,14,25,93,Bitcast,2026-09-13,9059745,0.022866329,0.024182494962587953,-0.05442639250516351,IN BAND,False,False,0.003593125,25950.928973601,3936934.763453037,1.0,1134897.072391424,1030636.860995512,-0.0033716791650470626,32902.984287541825,ACCUMULATING_PRE_EMA,0.0,,,,0.3638687659160785,8.716716280627184,-0.6621877754794894,11.3252012111144,1.9462971550077275,2.608484930487217,0.6675243959833903,-2.244616164571138,1,0.004783676398408006,MINER_BURN_ONLY,39.94854670809582,39.90350207545677,1.5259021896696368e-05,0.006591658366937165,-0.711730800036282,5EbY1Seb...,2351509.413686505,,,,False,5370681,0.7213812677388836,158,5HVydkt4...,0.179995422293431,14.124101077122194,11.581827539230481,0.0,,COUNTER,1087399.282537921,0.0,0.0,DIVERGENT,-1.0,0.03079052231117728,1295.967040512703,427930.957620956,0.10869648173840275,427930.957620956,0.10869648173840275,0.0,DORMITORY,True,True,1.0869648173840276,0,,28510.047528098006,0.007241686550856686,30.0
13,11,40,26,63,Enigma,2026-09-13,9059745,0.004948227,0.004994130460545421,-0.00919148206240633,IN BAND,False,False,0.000656719,11989.596561311,3514154.30163224,1.0,2423008.369176751,1234391.547597869,-0.0023243817583002914,23343.762541988865,ACCUMULATING_PRE_EMA,0.0,,,,0.14394625567044825,-16.973215052450602,-0.11182969842594366,-15.279853191831114,1.5815321621935443,1.693361860619488,0.7478328423937894,-1.5494156049490397,1,0.0,,0.11650222400203347,0.0,9.15541313801782e-05,0.0034118013986301405,-0.3105002259132129,5CqTmNfg...,12723.772759603,,,,False,4885578,3.0520838102177095e-05,188,5G9hfkx9...,0.009994659342336155,0.34785844178208625,0.3443817151571184,0.02731531641513177,,COUNTER,725439.665746988,0.0,0.0,OK,-1.0,0.0,1295.967040512703,72397.992373783,0.020601825121952064,72397.992373783,0.020601825121952064,0.0,DORMITORY,True,True,0.20601825121952066,,,8815.701449838003,0.002508626740078921,30.0
14,13,7,27,80,OpenRoboto,2026-09-13,9059745,0.01859456,0.01849458715878427,0.005405518942240662,IN BAND,False,False,0.005542103,3669.750309263,2053435.844994566,1.0,197356.162232077,254788.988304062,-0.0002903473733555673,-4299.460467819765,,0.0,,,,3.9688386011540477,13.300622350066602,0.06576714713059471,14.799239594184153,1.5643843912481457,1.498617244117551,1.2798062361704583,2.470221357036497,1,0.03178538728665649,MINER_BURN_ONLY,297.1101655139937,297.0651208813547,1.5259021896696368e-05,0.0017871268382736892,-0.9038898022715413,5CG1eFia...,293385.744101599,0.01787903846782338,,,False,7151800,0.8500015259254738,197,5Gmw9JeE...,0.0,0.496780579923542,0.496780579923542,0.009308429469572117,,COUNTER,258071.977916884,2501.379452446,0.0,DIVERGENT,-1.0,0.22922274378508228,1295.967040512703,349510.044023534,0.17020743300819263,349510.044023534,0.17020743300819263,0.0,DORMITORY,False,True,1.702074330081929,0,,21613.181217928006,0.01052537446962956,30.0
15,14,43,28,41,Almanac,2026-09-13,9059745,0.004675023,0.004692427814006805,-0.00370912770460784,IN BAND,False,False,0.000529244,12098.421525918,3128157.831806543,1.0,2587884.667104607,1585181.114244609,-0.002647854639532984,18960.872457676567,ACCUMULATING_PRE_EMA,0.0,,,,0.11496154510903978,-0.6292670861635591,-0.04512772040606205,0.7348206895843189,1.318960055341816,1.364087775747878,0.840111062580977,-1.2491262306388382,1,0.0,,0.0,0.0,0.0006408789196612474,0.003867586668071361,-0.17271280417842635,5FCSevLk...,49603.014669712,,,ENTRY_REPEATED,False,3394182,0.0,239,5HisenFt...,,0.3764136993796614,0.3764136993796614,0.0073094060916804,,COUNTER,1013973.827095004,0.0,0.0,OK,0.0,0.0,1295.967040512703,271111.945633162,0.08666824380680054,271111.945633162,0.08666824380680054,0.0,DORMITORY,True,True,0.8666824380680053,,,9511.086008805,0.0030404751039407275,30.0
16,12,8,29,44,Score,2026-09-13,9059745,0.036354962,0.037157278740778565,-0.021592451545652577,IN BAND,False,False,0.005035101,65970.983231205,4130075.260521171,1.0,1814634.910745925,2209402.020428974,-0.0010141890605900883,23902.11784796114,ACCUMULATING_PRE_EMA,0.0,,,,0.20057675026042363,-5.6251250468317116,-0.2627081604721063,-4.05910388684906,1.3033129995105455,1.5660211599826517,0.6363080172220336,-1.365444409722228,1,0.0007920880230446126,MINER_BURN_ONLY,6.4928952339687385,6.4928952339687385,0.0,0.015973312608080697,-0.5606290935449004,5CaCekux...,273953.562885045,,,,False,3550319,1.0,124,5FLoWCDo...,0.179995422293431,0.4006752871185294,0.328555569611088,0.0016481001068213033,,COUNTER,507145.080105123,2206.282255223,0.0,OK,-1.0,0.005010077441012741,1295.967040512703,245862.449528441,0.05952977464566004,245862.449528441,0.05952977464566004,0.0,DORMITORY,True,True,0.5952977464566004,,,19300.366663986,0.0046731271094441265,30.0
17,15,39,30,111,Claims,2026-09-13,9059745,0.005193986,0.005236159777268767,-0.008054333531198193,IN BAND,False,False,0.000771083,6042.18677398,3601347.423958518,1.0,1163304.20311067,209217.274172967,-0.0020882893709760026,17335.8498596095,ACCUMULATING_PRE_EMA,0.0,,,,0.3353762801121095,-8.62315760844189,-0.09799439129624468,-7.28688757715019,1.238275639995455,1.3362700312916997,0.7297268745905562,-1.0008937511795903,1,0.0,,0.0,0.0,4.57770656900891e-05,0.0016777572565710886,-0.6769807895956808,5CGTryXj...,2729235.842404252,,,,False,5615562,0.0,0,5EyBH8Ek...,0.0,0.33174263993037956,0.33174263993037956,0.8403094624082523,,COUNTER,734491.272679149,0.371911999,0.0,DIVERGENT,1.0,0.0,1295.967040512703,1221.604957048,0.0003392077501107183,1221.604957048,0.0003392077501107183,0.0,NEITHER,True,True,0.003392077501107183,,,12075.689969892002,0.0033531033105988653,30.0
18,86,86,31,46,Instant,2026-09-13,9059745,0.004281441,0.003919940674677491,0.09222086641713048,IN BAND,False,True,0.0,9313.139983655,3580268.241863163,1.0,2175234.891735694,1454547.262331321,-0.006844200137852545,-174519.96841061022,,0.0,,,,,11.146842177139208,1.1220205414084208,11.146842177139208,1.1220205414084208,,0.734023213476428,19.536075269400666,1,0.410002288077489,MINER_BURN_ONLY,2952.016474157921,2952.016474157921,0.0,0.002601240844124144,-0.3924380029704616,5Ft9E2ov...,674532.263402467,0.0,,,False,3919107,1.0,238,5CDnZ6oe...,0.179995422293431,1.920657722957128,1.57494812503232,0.20238058904318634,,COUNTER,1014771.660886018,28041.129768459,0.0,DIVERGENT,-1.0,2.277848418884219,1295.967040512703,168120.048798296,0.046957389067252324,168120.048798296,0.046957389067252324,0.0,FORTRESS,True,True,0.4695738906725245,,,9556.048728366,0.0026690873651950323,30.0
19,17,61,32,1,Apex,2026-09-13,9059745,0.007051782,0.00706872227601707,-0.002396511753551958,IN BAND,False,True,6.8015e-05,23854.466270251,2514692.769971773,1.0,3382756.831066096,835608.824068227,-0.002493990990679855,14026.890217819251,ACCUMULATING_PRE_EMA,0.0,,,,0.007493079827273757,-1.5459511591621617,-0.029157559668215486,-0.5857588222794997,0.9310347772144465,0.960192336882662,1.045058080804638,-0.9526992570553883,1,0.25737915963087243,MINER_BURN_ONLY,1871.0937197289895,1871.0036304637115,3.0518043793392735e-05,0.009486036049850639,0.3451970083378412,5HCFWvRq...,28783.601293314,,,,False,1497824,0.6164832984908367,226,5CAQAgXx...,0.0899977111467155,0.4384497459239447,0.3989902723379307,0.03482321344096687,,COUNTER,882022.750225238,0.0,0.0,DIVERGENT,-1.0,1.4437123568540104,1295.967040512703,192837.392404236,0.07668427519533551,192824.591394465,0.0766791847087664,12.801009770977544,FORTRESS,True,True,0.766791847087664,,,10277.880726992,0.00408713177598525,30.0
20,16,4,33,120,Affine,2026-09-13,9059745,0.049971722,0.050848659593611956,-0.017246031667708325,IN BAND,False,False,0.009221697,78846.925483953,2645315.438549797,1.0,1577830.90758366,1491798.738927372,-0.0050901304439632976,13980.7741480798,ACCUMULATING_PRE_EMA,0.0,,,,0.307362900547495,-2.64287136349842,-0.2098267186237846,-1.5704512888686302,0.8625933560060051,1.0724200746297896,0.993454301026841,-0.7650571740822947,1,0.0,,0.0,0.0,3.0518043793392735e-05,0.029806247049001502,-0.4035377238150508,5EfNFhH2...,3101749.107014325,,,,False,5749344,0.1975951047563822,116,5E2LP6En...,0.0,0.31484594510507813,0.31484594510507813,0.011627729540842019,,COUNTER,180555.409154778,0.0,0.0,DIVERGENT,1.0,0.0,1295.967040512703,56476.918671633,0.021349786059009477,56476.918671633,0.021349786059009477,0.0,DORMITORY,True,True,0.21349786059009815,,,20033.730202084007,0.0075732859341216445,30.0
21,19,55,8,18,Zeus,2026-09-13,9059745,0.003921214,0.003946499666199088,-0.006407112210259185,IN BAND,False,False,0.000128271,10024.276293098,3169805.937477096,1.0,2556421.175506025,875438.195402713,0.00033872464815844845,15099.563297863118,,0.0,,0.08638259685863828,0.08638259685863828,0.033627982523995306,-3.759116470273086,-0.07795319855815341,-2.873262744780839,0.8079005269340931,0.8858537254922465,0.8290728365824411,-0.8522257429682512,1,0.07579413783480837,MINER_BURN_ONLY,563.7946020310046,563.5693788678094,7.629510948348184e-05,0.0031624258679622823,-0.19350847264079896,5GgvCi6h...,2144163.089327594,,,,False,1604679,0.19032504196551192,84,5DCSySUE...,0.179995422293431,0.40458248929542195,0.3317594932821649,0.6148176407752175,,COUNTER,339821.097026353,30745.295806132,0.0,DIVERGENT,-1.0,0.4348639751245937,1295.967040512703,472285.796249436,0.14899517685468672,375000.0,0.11830377234338486,97285.79624943598,FORTRESS,True,True,1.1830377234338485,0,,12961.091976261006,0.004088922865283345,30.0
22,18,62,34,98,NeverPlayAlone,2026-09-13,9059745,0.002683494,0.002703810343518853,-0.00751396767437942,IN BAND,False,True,6.7312e-05,5091.42792563,2923720.41376023,1.0,1897312.841547873,206322.651209653,-0.001032365332540136,14450.243068571435,ACCUMULATING_PRE_EMA,0.0,,,,0.03474387511399591,-1.7556420827960784,-0.09141994003828294,-0.8582947566792911,0.8059273860785043,0.8973473261167872,0.8988547563000729,-0.8626034510027913,1,0.0,,0.0,0.0,0.0,0.001741420931244878,-0.3510621110966233,5EWzZCNs...,1651009.006178946,,,ENTRY_REPEATED,False,5445992,1.0,153,5E2LP6En...,0.0,0.419655282452143,0.419655282452143,0.23927241652932918,,COUNTER,1255490.393926426,0.181595662,0.0,OK,0.0,0.0,1295.967040512703,462002.880236183,0.15801883041271922,462002.880236183,0.15801883041271922,0.0,DORMITORY,True,True,1.5801883041271936,0,,11950.895408304998,0.004087564375875057,30.0
23,20,35,35,81,Reliquary,2026-09-13,9059745,0.006114556,0.006131225498393178,-0.0027187873611150717,IN BAND,False,False,0.000916325,17919.217345418,2490989.951458887,1.0,2930583.430268781,905781.943883622,-0.010295262693937652,13217.595844928175,ACCUMULATING_PRE_EMA,0.0,,,,0.13438656686731684,-4.557768480803358,-0.03307857956023337,-3.730095845800503,0.7945940554426217,0.8276726350028552,1.0550022485883055,-0.6932860681355383,1,0.017071838988207008,MINER_BURN_ONLY,143.54476976196747,141.33758276265414,0.000747692072938122,0.0071936128585839264,0.17647346080139364,5GnpQR4N...,66288.316067929,,,,False,5203057,0.048086613932749045,221,5EkCFpEJ...,,2.3605752377458242,2.3605752377458242,0.0,,COUNTER,853549.2294467,0.0,0.0,DIVERGENT,-1.0,0.10905955039314809,1295.967040512703,501827.720272742,0.20145714356609054,497369.30527027,0.19966732703155943,4458.415002472,DORMITORY,True,True,1.9966732703155965,0,,13393.053952840997,0.0053765989481399335,30.0
24,21,2,2,51,lium.io,2026-09-13,9059745,0.096720956,0.09666531812399626,0.0005755722640085892,IN BAND,False,False,0.013521711,164786.129602067,4176673.652867837,1.0,1703727.29530017,2030553.65827858,0.015805744069074572,14310.644008091418,,0.0,,0.1634159206312495,0.1634159206312495,0.21564349253066178,6.416254576674759,0.007002795878771168,7.148681290723695,0.739429509927707,0.7324267140489358,0.6292088437878146,-0.5167832215182739,1,0.0,,0.0,0.0,0.0005188067444876765,0.03945391555524565,-0.5920851365939181,5FqACMtc...,216.588029224,,,,False,3966206,0.787331491122273,189,5GP7c3fF...,0.0009918364232852674,0.29780002040680537,0.2975046514997108,0.17494010468327967,,COUNTER,1211884.876759297,47834.295633396,0.0,OK,0.0,0.0,1295.967040512703,497018.655810806,0.11899868103641213,497018.655810806,0.11899868103641213,0.0,DORMITORY,True,True,1.1899868103641216,0,,14024.735804760005,0.003357872070069486,30.0
25,22,58,36,32,ItsAI,2026-09-13,9059745,0.002917845,0.0029285906348377466,-0.003669217100512202,IN BAND,False,True,9.1741e-05,7107.633550731,3572632.462063687,1.0,2435918.135025438,305493.666649227,-0.0011755096356559623,13651.652232871857,ACCUMULATING_PRE_EMA,0.0,,,,0.03392062157948535,-2.3035424495981136,-0.044642141389565126,-1.6262812353247802,0.6326190728837682,0.6772612142733333,0.7355920397369866,-0.6433405926938479,1,0.0,,0.0,0.0,0.001785305561913475,0.0019894667660902803,-0.3181725670519578,5DWgkCSv...,63719.6439003,,,,False,2515294,0.26608884404903854,45,5DtCXxL3...,,5.301876984113096,5.301876984113096,0.0,,COUNTER,17419.272873098,0.0,0.0,DIVERGENT,1.0,0.0,1295.967040512703,634410.218859858,0.1775750026336039,634410.218859858,0.1775750026336039,0.0,DORMITORY,True,True,1.775750026336039,0,,11454.727824571997,0.0032062430004219677,30.0
26,23,81,37,65,True Performance Network,2026-09-13,9059745,0.002456281,0.00246475194580853,-0.003436835022256668,IN BAND,False,True,1.24e-07,6005.98769239,3432189.334533974,1.0,2445154.353371681,300050.181888429,-0.00012719120635281114,13323.548145077657,ACCUMULATING_PRE_EMA,0.0,,,,5.425785344397263e-05,-5.512854446611107,-0.04181482610412279,-4.864745814371645,0.6062938061353391,0.6481086322394619,0.7656920244922422,-0.648054374386018,1,0.23272515664278312,MINER_BURN_ONLY,1675.8862988890614,1675.7061203585054,6.103608758678547e-05,0.0017498998764313505,-0.28758156072886176,5GxEEHxL...,1568394.210275967,,,,False,4950813,0.7874746303276312,45,5G8vMPBi...,,5.906477094220992,5.906477094220992,0.0,,COUNTER,1021134.851483647,0.0,0.0,DIVERGENT,-1.0,1.2930160011596994,1295.967040512703,171794.150223016,0.05005380923903558,171794.150223016,0.05005380923903558,0.0,FORTRESS,True,True,0.5005380923903558,,,16111.913942050001,0.004694354644114554,30.0
27,87,87,38,112,for sale,2026-09-13,9059745,0.003059759,0.0029202799778431654,0.047762208834459016,IN BAND,False,True,0.0,3962.950064984,2236259.418305576,1.0,1295183.768369462,158666.910110372,-0.0010482548438311206,-52756.10360920429,,0.0,,,,,0.15922623535646754,0.5811068741525847,0.15922623535646754,0.5811068741525847,,1.1751767163003153,10.085331819949264,1,0.41000228794125076,MINER_BURN_ONLY,2952.0164731770055,2952.0164731770055,0.0,0.0017721334262671305,-0.4208258146255537,5GQjr3Qt...,659863.428138929,0.0,,,False,5633022,1.0,0,5C4xjnQk...,0.179995422293431,2.3016709880913893,1.887380746609341,0.4095833969174424,,COUNTER,1009814.302099172,0.0,0.0,DIVERGENT,-1.0,2.2778484181273204,1295.967040512703,109192.016768061,0.04882797401510613,109192.016768061,0.04882797401510613,0.0,FORTRESS,True,True,0.48827974015106124,,,16318.200445507995,0.0072970963529232985,30.0
28,24,36,39,105,Beam,2026-09-13,9059745,0.005501876,0.005511552095413208,-0.001755602640726272,IN BAND,False,False,0.000913859,4643.918705388,2027369.178327859,1.0,844060.939944521,542234.851301828,-0.0010888053840733777,9118.766324044205,ACCUMULATING_PRE_EMA,0.0,,,,0.5171540684408568,-11.1377917066921,-0.02135983212883631,-10.540460377807932,0.5759714967553327,0.597331328884169,1.296261198055468,-0.08017726044331223,1,0.0,,0.0,0.0,0.001785305561913475,0.002290613251414934,-0.583666870824618,5G3ic2pA...,1992201.044541286,,,,False,6841399,0.0,170,5E2LP6En...,0.0,0.9569552016621983,0.9569552016621983,0.003524941632459982,,COUNTER,452240.813141888,1869.377328683,0.0,OK,0.0,0.0,1295.967040512703,183196.068350921,0.09036147452040193,183196.068350921,0.09036147452040193,0.0,DORMITORY,False,True,0.9036147452040213,,,16470.217982566995,0.008123936261155634,30.0
29,25,31,40,17,404—GEN,2026-09-13,9059745,0.010101953,0.010131180984899402,-0.002884953387267078,IN BAND,False,False,0.001394748,27128.39871578,3280800.715139237,1.0,2685460.820274151,671334.753158439,-0.008483605846616416,12242.697732959408,ACCUMULATING_PRE_EMA,0.0,,,,0.13511294132771345,2.0336336068684138,-0.03510026621174945,2.5967507801186986,0.5280169070385352,0.5631171732502847,0.8010239658486747,-0.4280042319225712,1,0.0,,0.0,0.0,0.0,0.00826883467520479,-0.1814617752423922,5E7a4a7Q...,1059402.480501469,,,,False,2840556,1.0,42,5CcEPLdb...,0.0,0.2997482290933244,0.2997482290933244,0.0209674958034488,,COUNTER,340475.604612198,0.0,0.0,OK,0.0,0.0,1295.967040512703,532530.272527182,0.16231716546202393,525946.644539442,0.1603104516871336,6583.627987739979,DORMITORY,True,True,1.603104516871338,0,,22034.931719901,0.006716327394779246,30.0
30,26,47,41,48,Quantum Compute,2026-09-13,9059745,0.0040506,0.004061056300997734,-0.002574773709777292,IN BAND,False,False,0.00031518,10517.338400391,3225846.515259764,1.0,2596488.602118896,691279.515217749,-0.0027008449742481964,12070.09509404609,ACCUMULATING_PRE_EMA,0.0,,,,0.07875500516073598,-2.525178018272978,-0.03132641346895705,-1.9809551677205397,0.5128964370834814,0.5442228505524385,0.8146698820195969,-0.4654678453917025,1,0.0,,0.0,0.0,4.57770656900891e-05,0.00326033441164639,-0.19509840229931613,5GNH5YMk...,13085.517940564,,,,False,3856677,0.9900048831105415,10,5F7SXJdP...,,14.120637583682615,14.120637583682615,0.0,,COUNTER,695492.461656953,0.0,0.0,OK,0.0,0.0,1295.967040512703,101862.559282014,0.0315770011995786,101862.559282014,0.0315770011995786,0.0,DORMITORY,True,True,0.31577001199578597,,,9106.939185871002,0.0028231160852789853,30.0
31,27,32,42,19,blockmachine,2026-09-13,9059745,0.009997939,0.010014099534600973,-0.001613778108069928,IN BAND,False,False,0.001380939,32088.780582988,2753952.708635248,1.0,3209539.384970468,1676776.441545639,-0.008205630128196056,11272.845568681136,ACCUMULATING_PRE_EMA,0.0,,,,0.11309584303505713,-2.1860939149126852,-0.019634300314850788,-1.69153242426689,0.47492719033094444,0.49456149064579524,0.9542647525353967,-0.3814656476107381,1,0.0,,0.0,0.0,0.00021362630655374915,0.011651899643145999,0.16543015947046663,5FWh37Lf...,1300979.40192178,,,,False,1956072,0.05329588986737077,100,5GNNB5kZ...,0.179995422293431,1.7709184960553555,1.452161273510624,0.0003967648405310545,,COUNTER,1006514.180053119,0.0,0.0,OK,0.0,0.0,1295.967040512703,169492.989899939,0.061545352383314225,169492.989899939,0.061545352383314225,0.0,DORMITORY,True,True,0.6154535238331421,,,29379.523268906996,0.010668129186381835,30.0
32,88,88,43,70,SN70,2026-09-13,9059745,0.003777293,0.0036521856673061848,0.03425546894117606,IN BAND,False,True,0.0,443.426111917,218273.247472583,1.0,117392.544394892,13703.903284032,,150.84773716694326,,,,,,,-28.238099844349076,0.416774872117642,-28.238099844349076,0.416774872117642,,12.03995464597694,12.490287202186241,1,0.4100022879361111,MINER_BURN_ONLY,2952.01647314,2952.01647314,0.0,0.002031518369985759,-0.46217612189847096,5Cz1mjiJ...,509385.845888214,,,,True,8825571,1.0,1,5E2LP6En...,0.0,1.8501435761581224,1.8501435761581224,0.9541764580217903,,COUNTER,93726.523022299,0.0,0.0,DIVERGENT,-1.0,2.277848418098766,1295.967040512703,0.0,0.0,0.0,0.0,0.0,EXPOSED,False,,,,,34726.93927651401,0.15909846799194213,30.0
33,28,65,44,66,conjectures,2026-09-13,9059745,0.002609956,0.0026206839829683304,-0.00409358130856327,IN BAND,False,True,5.9602e-05,6259.623634875,3369870.730274208,1.0,2398363.335851853,1368987.414261393,-0.005772511456838813,11145.209744869266,ACCUMULATING_PRE_EMA,0.0,,,,0.02502291913004573,-1.8312946416028322,-0.04980523925418645,-1.4178446527650193,0.3636447495836264,0.41344998883781287,0.7798518727708461,-0.38842706970776714,1,0.0,,0.0,0.0,0.0,0.0018575263373279756,-0.28829208717389276,5CJCRGep...,982576.91499532,,,,False,4958013,1.0,121,5Gn2SyG6...,,13.014656115242385,13.014656115242385,0.0,,COUNTER,876389.726869251,0.0,0.0,OK,0.0,0.0,1295.967040512703,392806.591766313,0.11656429080125283,392806.591766313,0.11656429080125283,0.0,DORMITORY,True,True,1.1656429080125281,0,,11202.037303807,0.0033241741895824843,30.0
34,29,26,45,124,Swarm,2026-09-13,9059745,0.011144418,0.011192170670256019,-0.004266613837736145,IN BAND,False,False,0.001872733,12912.364359819,3572941.066531786,1.0,1158639.65630196,300832.828282946,-7.80977163950547e-05,8756.640972062247,ACCUMULATING_PRE_EMA,0.0,,,,0.38114958553330264,-2.276439199867926,-0.051910468359123094,-1.8668296988619442,0.3576990326468588,0.4096095010059819,0.7355285046867482,-0.028459915472679308,1,0.0,,0.0,0.0,0.00016784924086366004,0.0036139315257032456,-0.6757182361875473,5HKYqfJr...,2297222.098064275,,,,False,5813454,0.051294182284353895,105,5HgiWPLV...,,0.34359135020335413,0.34359135020335413,0.007340149549824508,,COUNTER,897004.632666029,6243.286010635,0.0,OK,0.0,0.0,1295.967040512703,1000000.110795789,0.2798815015906428,1000000.110795789,0.2798815015906428,0.0,DORMITORY,True,True,2.7988150159064276,0,,19560.141862098997,0.005474521269136355,30.0
35,89,89,46,87,Provenonce,2026-09-13,9059745,0.004115973,0.004012886201962829,0.02568894128788117,IN BAND,False,True,0.0,1679.28111132,1765251.111972876,1.0,407991.261580451,100727.319819578,-0.0004810604927689679,-8527.134965925768,,0.0,,,,,2.7243563101690196,0.3125487856692209,2.7243563101690196,0.3125487856692209,,1.4887400337410923,3.31752921838783,1,0.4100022879330532,MINER_BURN_ONLY,2952.016473117983,2952.016473117983,0.0,0.0009512987132143516,-0.7688763475332925,5HartH15...,4228.763314253,8.889467569397128e-06,,,False,7208725,1.0,12,5DUNfPYw...,0.0,0.6251728004036153,0.6251728004036153,0.00747749122539295,,COUNTER,741719.828740647,811.040088965,0.0,DIVERGENT,-1.0,2.277848418081777,1295.967040512703,167492.776108586,0.09488325766943895,167492.776108586,0.09488325766943895,0.0,FORTRESS,False,True,0.9488325766943894,,,23491.243559815997,0.013307593123995695,30.0
36,30,66,47,106,Nodexo,2026-09-13,9059745,0.00260456,0.0026089518796652555,-0.0016833885283537426,IN BAND,False,True,5.8567e-05,6213.881646398,2444422.564170189,1.0,2385770.120951248,360005.401523676,-0.0008091572467977437,9601.238456298131,ACCUMULATING_PRE_EMA,0.0,,,,0.02476939291066468,-5.022699512667029,-0.020481227094970533,-4.690350193978155,0.3118680915939035,0.332349318688874,1.0751005323386589,-0.30757992577820936,1,0.0,,0.0,0.0,0.0001373311970702673,0.002542065245788399,-0.023994361508892607,5CTdHCps...,1164300.470725359,,,,False,5558480,0.5328419253426121,31,5E4vCZrj...,0.0,0.4457733867315558,0.4457733867315558,0.022433158344524477,,COUNTER,838637.534343767,0.0,0.0,OK,0.0,0.0,1295.967040512703,316165.336837811,0.12934152280873745,316165.336837811,0.12934152280873745,0.0,DORMITORY,True,True,1.293415228087375,0,,11937.400332291,0.00488352566666124,30.0
37,90,90,48,15,ORO,2026-09-13,9059745,0.032352033,0.03195716254413128,0.012356242683418044,IN BAND,False,True,0.0,15175.554989226,1574847.819640174,1.0,469075.987884993,567279.997112164,-0.0009198017926109515,-5136.629979225632,,0.0,,,,,-0.58661893948993,0.15033428598158619,-0.58661893948993,0.15033428598158619,,1.668732665611115,2.8734676417655427,1,0.41000228810153205,MINER_BURN_ONLY,2952.0164743310306,2952.0164743310306,0.0,0.009636204082686133,-0.7021453309383638,5EHdase3...,216.588029224,0.0,,,False,7366897,1.0,76,5DWsubqY...,0.0,0.9030986479482401,0.9030986479482401,0.04057559665506928,,COUNTER,361887.432144179,2797.563389807,0.0,DIVERGENT,-0.9879894392998687,2.2778484190177943,1295.967040512703,1010.651574802,0.0006417455465842514,1010.651574802,0.0006417455465842514,0.0,EXPOSED,False,True,0.006417455465842514,,,26186.959640434994,0.016628247703589717,30.0
38,91,91,49,73,Parked,2026-09-13,9059745,0.003274591,0.0032354178838431835,0.012107590908870374,IN BAND,False,True,0.0,7033.516081843,3510277.515373364,1.0,2147906.394132429,580368.46102671,-0.0012004820451322843,-18431.368822604883,,0.0,,,,,0.2603524583687952,0.14730902272458954,0.2603524583687952,0.14730902272458954,,0.748658756605595,2.703025216284702,1,0.4100022879389063,SKIN_IN_GAME,2952.0164731601253,2952.0164731601253,0.0,0.002003692315219953,-0.3881091363104726,5GHtVze5...,1476207.6384454,0.5242063847204966,BUYBACK_GAMING,,False,5160047,1.0,0,5Dnkprjf...,0.179995422293431,1.1010287426568661,0.9028486091651381,0.5085154437797582,,COUNTER,1563270.995363835,0.0,0.0,DIVERGENT,-1.0,2.2778484181142953,1295.967040512703,996333.289308444,0.28383319693242853,928282.119272706,0.2644469319611532,68051.17003573803,FORTRESS,True,True,2.6444693196115345,0,,9480.620688834995,0.0027008179972421945,30.0
39,92,92,50,121,sundae_bar,2026-09-13,9059745,0.004253499,0.004206334939226508,0.011212626064001628,IN BAND,False,True,0.0,6063.413056326,2919296.869974292,1.0,1425511.546101946,551899.032666975,-0.0014768339828714987,-26857.945674124407,,0.0,,,,,-3.690501781611125,0.13642028377868648,-3.690501781611125,0.13642028377868648,,0.900216770356467,4.330675419310764,1,0.41000228793651333,MINER_BURN_ONLY,2952.016473142896,2952.016473142896,0.0,0.002077011460769797,-0.5116934409130467,5CXGaDJs...,1868592.297434431,0.0,,,False,5766528,1.0,15,5CsvRJXu...,0.0899977111467155,2.974279323860282,2.7066009924018557,0.0036624446818251184,,COUNTER,1306875.352341261,0.0,0.0,DIVERGENT,-1.0,2.2778484181010006,1295.967040512703,202885.709556554,0.06949814239287719,202885.709556554,0.06949814239287719,0.0,FORTRESS,True,True,0.6949814239287718,,,12333.673689398996,0.004224878194559092,30.0
40,93,93,51,24,Quasar,2026-09-13,9059745,0.004973033,0.004920318955555558,0.010713542134280147,IN BAND,False,True,0.0,9658.523483715,3968492.687589675,1.0,1942179.409487072,1584073.643206098,-0.003987432863262727,-22553.290980867576,,0.0,,,,,13.435959335980707,0.1303480959670751,13.435959335980707,0.1303480959670751,,0.6622161628817707,2.773360090824832,1,0.41000228793526833,MINER_BURN_ONLY,2952.016473133932,2952.016473133932,0.0,0.0024338015070354715,-0.5106001695473423,5ELutYW7...,317323.543141602,0.022108959702611026,,,False,2538424,1.0,155,5ELpkVn8...,0.179995422293431,3.395543873118435,2.7843615197606097,0.0,,COUNTER,675928.307440558,0.0,0.0,DIVERGENT,-1.0,2.2778484180940834,1295.967040512703,700000.000065042,0.17638938891183842,0.0,0.0,700000.000065042,EXPOSED,True,False,0.9172627902413574,32047,TAKEOVER_IMMINENT,8724.549385739005,0.0021984541921980945,30.0
41,94,94,52,49,Nepher Robotics,2026-09-13,9059745,0.007009632,0.006961498875170946,0.006914189845052865,IN BAND,False,True,0.0,3952.098356172,2246155.447077112,1.0,563809.766914687,152080.942758085,-3.683535129229573e-05,-1872.672065218212,,0.0,,,,,-6.110757034043215,0.08412264311480985,-6.110757034043215,0.08412264311480985,,1.1699991660950166,1.5045160931561048,1,0.40692800215566627,SKIN_IN_GAME,2929.926671872963,2929.881627240324,1.5259021896696368e-05,0.0017594945894393935,-0.7489890211869334,5FL781vf...,1739156.143378782,2.8003401135259596,BUYBACK_GAMING,,False,6783158,0.9900051881466109,7,5E2LP6En...,0.0,0.9806825468813158,0.9806825468813158,0.003219948419783607,,COUNTER,783053.238807087,837.682351088,0.0,DIVERGENT,-1.0,2.260768627326526,1295.967040512703,462097.602286592,0.20572823794894188,462097.602286592,0.20572823794894188,0.0,FORTRESS,False,True,2.057282379489419,0,,19002.798882106003,0.008460144157357434,30.0
42,95,95,53,94,pending...,2026-09-13,9059745,0.004103066,0.004088956629857421,0.0034506040097253107,IN BAND,False,True,0.0,2191.871736608,1869256.871380142,1.0,534203.27898553,115570.180168599,-7.290167659344193e-05,2534.2789278504206,ACCUMULATING_PRE_EMA,0.0,,,,,4.980954776338104,0.041982348784991276,4.980954776338104,0.041982348784991276,,1.405906293691808,0.9473081284667486,1,0.4100022879369337,MINER_BURN_ONLY,2952.0164731459226,2952.0164731459226,0.0,0.0011725899046660503,-0.7142161728166083,5CnwnkkC...,757915.558654839,,,,False,6962737,1.0,0,5EeKtCKE...,0.179995422293431,1.9525656326272216,1.6011127570268446,0.37348349585679624,,COUNTER,774513.686421025,0.075116968,0.0,DIVERGENT,-1.0,2.277848418103336,1295.967040512703,273.723032556,0.00014643414543336685,273.723032556,0.00014643414543336685,0.0,EXPOSED,False,True,0.0014643414543336684,,,20221.859189728013,0.010818127513313599,30.0
43,96,96,54,69,Herald,2026-09-13,9059745,0.007891849,0.007886591367423534,0.0006666546206745604,IN BAND,False,True,0.0,4181.492514756,1301223.143960622,1.0,529849.466888037,76019.472635405,0.0011393261345515797,2228.6832603225484,,0.0,,,0.14436745236149093,,-1.8771345515477793,0.008110964551540485,-1.8771345515477793,0.008110964551540485,,2.019638224387077,1.448745703449438,1,0.41000228810625333,MINER_BURN_ONLY,2952.016474365024,2952.016474365024,0.0,0.0032135091772411187,-0.5928065555687749,5HBPFVcJ...,681195.175819364,,,,False,8138182,1.0,0,5FWB5CFZ...,0.179995422293431,2.1740453900489904,1.7827271719820355,0.37446399414017795,,COUNTER,375995.825295298,4110.268380516,0.0,DIVERGENT,-1.0,2.2778484190440245,1295.967040512703,485.813350565,0.00037335129859917545,485.813350565,0.00037335129859917545,0.0,EXPOSED,False,True,0.003733512985991754,,,24829.92931910899,0.01908199176624882,30.0
44,97,97,55,104,TAOstatus,2026-09-13,9059745,0.004294286,0.004294605227187276,-7.433213773769208e-05,IN BAND,False,True,0.0,6016.988041154,3189464.708217504,1.0,1401161.154253279,75693.894096706,-0.0017383027949343672,80.5660195206292,ACCUMULATING_PRE_EMA,0.0,,,,,-0.15057869156798415,-0.0009043743424752536,-0.15057869156798415,-0.0009043743424752536,,0.8239627148809903,0.49742404408367036,1,0.0,,0.0,0.0,0.0,0.001886519711489993,-0.5606907151759354,5HBb3F1b...,1103023.470330779,,,,False,5528520,1.0,25,5Coeuhim...,0.179995422293431,1.3791396985195696,1.1309008660829045,0.4118320261238441,,COUNTER,340321.172598343,186195.396769279,2952.016473124997,OK,-0.05860400901392145,0.0,1295.967040512703,3017.92106809,0.0009462155390258654,3017.92106809,0.0009462155390258654,0.0,NEITHER,True,True,0.009462155390258655,,,9544.183733895,0.002992409262063589,30.0
45,98,98,56,42,Unknown,2026-09-13,9059745,0.002485525,0.002486178418621421,-0.0002628204864649383,IN BAND,False,True,0.0,7371.526143943,2689586.715984856,1.0,2965781.863786447,367941.193170254,-0.0007519273179352004,949.6710495175794,ACCUMULATING_PRE_EMA,0.0,,,,,-0.5525945468635931,-0.0031976492519900823,-0.5525945468635931,-0.0031976492519900823,,0.9771017920266964,0.8737131058426666,1,0.4100022879559644,MINER_BURN_ONLY,2952.0164732829435,2952.0164732829435,0.0,0.0027407653748928265,0.10269072927965975,5EC5HHfL...,104769.675817625,,,,False,3613591,1.0,11,5Gbdb5s2...,0.179995422293431,10.284330883443838,8.43319840307299,0.0,,COUNTER,524959.483536601,0.0,0.0,DIVERGENT,-1.0,2.277848418209065,1295.967040512703,5444.016612431,0.002024108975581977,5444.016612431,0.002024108975581977,0.0,EXPOSED,True,True,0.020241089755819768,,UNDEFENDED_BURNER,9383.234904021994,0.0034887274123772214,30.0
46,99,99,57,37,Aurelius,2026-09-13,9059745,0.003324014,0.0033249855041503906,-0.0002921829731822338,IN BAND,False,True,0.0,7950.897925169,3630853.189591839,1.0,2391956.250147479,357242.507224504,-0.0011818962588911177,1179.0589864808135,ACCUMULATING_PRE_EMA,0.0,,,,,-6.110200144426728,-0.003554892840383844,-6.110200144426728,-0.003554892840383844,,0.7237968220619313,0.6237544427259768,1,0.4100022879362223,MINER_BURN_ONLY,2952.0164731408004,2952.0164731408004,0.0,0.0021898153161248575,-0.3412135700617213,5GRBbS3a...,35992.49007583,,,,False,3212175,1.0,110,5E2LP6En...,0.0,0.5880541183655692,0.5880541183655692,0.5030291931816447,,COUNTER,1303598.371399738,0.0,0.0,DIVERGENT,-1.0,2.2778484180993837,1295.967040512703,45507.151093348,0.012533459414938138,45507.151093348,0.012533459414938138,0.0,FORTRESS,True,True,0.1253345941493814,,,8703.839679634999,0.002397188546368474,30.0
47,100,100,58,95,Actual,2026-09-13,9059745,0.039727666,0.0397469459567219,-0.0004850676261490113,IN BAND,False,True,0.0,26480.051352979,2934385.292786682,1.0,666539.313569486,580277.546366934,-0.0011390409750780188,-4098.578793647117,,0.0,,,,,-6.899724554945124,-0.005901656118146304,-6.899724554945124,-0.005901656118146304,,0.8955879128961559,1.4325168256516956,1,0.4100022879383242,,2952.0164731559344,2952.0164731559344,0.0,0.009024054004793567,-0.7728521478006394,5D5UhUuc...,466999.497442623,0.0722657530361473,,,False,5403674,1.0,0,5ExqqyEB...,0.179995422293431,2.307253045445693,1.8919580591928908,0.0,,COUNTER,1070135.6549932,14658.86980412,0.0,DIVERGENT,-1.0,2.2778484181110614,1295.967040512703,9024.997700073,0.0030756007816213795,9024.997700073,0.0030756007816213795,0.0,EXPOSED,True,True,0.030756007816213796,,UNDEFENDED_BURNER,16906.412903886012,0.005761483655689464,30.0
48,101,101,59,25,UR,2026-09-13,9059745,0.009978307,0.009992289589717984,-0.0013993379187460418,IN BAND,False,True,0.0,16149.43042723,4330879.560864207,1.0,1618453.952750441,715863.398401241,-0.00189072698649151,1890.6230718516745,ACCUMULATING_PRE_EMA,0.0,,,,,5.420937301116393,-0.017025278011410173,5.420937301116393,-0.017025278011410173,,0.6068051450213025,0.462626000038235,1,0.41000228793640014,MINER_BURN_ONLY,2952.016473142081,2952.016473142081,0.0,0.003728903147795561,-0.626299015675148,5HTeZ516...,736714.305039109,,,,False,2998801,1.0,1,5CyQFykV...,0.179995422293431,1.713538216867915,1.4051091819068418,0.17162391075434555,,COUNTER,967008.385172639,0.0,0.0,DIVERGENT,-1.0,2.2778484181003718,1295.967040512703,1162306.691463253,0.26837659074299447,1162306.691463253,0.26837659074299447,0.0,FORTRESS,True,True,2.683765907429946,0,,8600.853665626006,0.0019859369314601176,30.0
49,102,102,60,72,StreetVision by NATIX,2026-09-13,9059745,0.002319182,0.0023233641404658556,-0.0018000365904834504,IN BAND,False,True,0.0,6458.652786342,2583131.283719408,1.0,2784883.879099948,238942.128508568,-0.000693472829379333,4367.194304401521,ACCUMULATING_PRE_EMA,0.0,,,,,-3.0651978643804236,-0.02190044518421531,-3.0651978643804236,-0.02190044518421531,,1.017369893881656,0.4252069206232515,1,0.410002287935139,MINER_BURN_ONLY,2952.0164731330005,2952.0164731330005,0.0,0.002500319216080374,0.07810392460806187,5FjP8fFb...,0.0507802,,,,False,5064327,1.0,119,5EAHFCo6...,,0.3939151909601498,0.3939151909601498,0.062169998473981386,,COUNTER,477590.651430247,0.0,0.0,DIVERGENT,-1.0,2.277848418093365,1295.967040512703,399615.592358302,0.15470200638927734,393627.276910506,0.15238376748073315,5988.3154477959615,FORTRESS,True,True,1.5238376748073346,0,,9283.905758603,0.0035940510717036643,30.0
50,103,103,61,12,Compute Horde,2026-09-13,9059745,0.004778076,0.004788376623764634,-0.0021511724273133156,IN BAND,False,True,0.0,12657.373119083,3548338.38686071,1.0,2649051.797306254,424686.295448556,-0.0016389071287063602,10758.700106355362,ACCUMULATING_PRE_EMA,0.0,,,,,-0.7347858883482452,-0.02617259786564534,-0.7347858883482452,-0.02617259786564534,,0.7406283486747856,-0.34791001421202167,1,0.40751437867473356,MINER_BURN_ONLY,2934.3737942539155,2934.1035264580814,9.15541313801782e-05,0.003567126846174681,-0.25343865476926675,5ELzhHvg...,1593746.496542356,,,ENTRY_PRE_EMA_PATTERN,False,2256433,0.005783698820369554,157,5Hdt5YNb...,,4.240308866455194,4.240308866455194,0.0,,COUNTER,1615888.383233419,0.0,0.0,DIVERGENT,-1.0,2.2640263484612295,1295.967040512703,3870.537061652,0.0010908026911932562,3870.537061652,0.0010908026911932562,0.0,EXPOSED,True,True,0.010908026911932562,,UNDEFENDED_BURNER,8768.132219299001,0.002471053000967124,30.0
51,104,104,62,108,Prometheon,2026-09-13,9059745,0.00236316,0.002368422457948327,-0.002221925370900987,IN BAND,False,True,0.0,1713.791069642,1669799.725374219,1.0,725211.326016385,58079.38578707,0.0005111478403079943,125.2461760303704,,0.0,,,0.21629844797135797,,-8.207821551569177,-0.02703342534596201,-8.207821551569177,-0.02703342534596201,,1.5738414374280956,1.5912175978776022,1,0.41000228793582616,MINER_BURN_ONLY,2952.016473137948,2952.016473137948,0.0,0.0010263452817719934,-0.5656894658965143,5GpmtjiG...,1402640.658482308,,,,False,7105263,1.0,0,5CAxp9fh...,0.179995422293431,1.2885582740612516,1.056623683371902,0.677445444834427,,COUNTER,485600.144117246,0.238163524,0.0,DIVERGENT,-1.0,2.2778484180971827,1295.967040512703,474603.965001742,0.2842280770500058,474603.965001742,0.2842280770500058,0.0,FORTRESS,False,True,2.8422807705000586,0,,19586.834768548004,0.011730050299390483,30.0
52,105,105,63,71,Leadpoet,2026-09-13,9059745,0.004493682,0.004503976553678513,-0.0022856588074609396,IN BAND,False,True,0.0,5337.204495087,4517220.584209644,1.0,1187713.008175446,1405395.262396088,-0.0022417272015353455,9225.986755685415,ACCUMULATING_PRE_EMA,0.0,,,,,-0.8941446145158938,-0.0278088488241081,-0.8941446145158938,-0.0278088488241081,,0.5817736705589303,-0.1496733877994833,1,0.4100022879936215,MINER_BURN_ONLY,2952.0164735540748,2952.0164735540748,0.0,0.0011815239914879704,-0.7370699592254257,5DwHzMhB...,2483881.86205367,,,ENTRY_REPEATED,False,5048438,1.0,0,5FNVgRnr...,0.0,0.6772859112054863,0.6772859112054863,0.5613373823076101,,COUNTER,966072.031759185,0.0,0.0,DIVERGENT,-1.0,2.277848418418276,1295.967040512703,63565.086413894,0.014071725130291743,63565.086413894,0.014071725130291743,0.0,FORTRESS,True,True,0.14071725130291746,,,14820.807118697005,0.0032809571377816894,30.0
53,106,106,64,115,MoirAI,2026-09-13,9059745,0.002632263,0.002638509264215827,-0.002367345948161095,IN BAND,False,True,0.0,3567.254384626,1706072.747806173,1.0,1355203.886670134,159278.885269647,-0.0010310414951094963,2151.0535157923587,ACCUMULATING_PRE_EMA,0.0,,,,,-3.584269272790192,-0.028802709035959988,-3.584269272790192,-0.028802709035959988,,1.5403798011423175,1.1206304181228697,1,0.4100022882202757,MINER_BURN_ONLY,2952.0164751859847,2952.0164751859847,0.0,0.002090915753277876,-0.20565849488524673,5EkNnrTj...,114341.770499866,,,,False,5683635,1.0,0,5EhTo9AX...,0.179995422293431,10.06199034076832,8.250878140269302,0.06777255524356,,COUNTER,951811.499283953,0.0,0.0,DIVERGENT,-1.0,2.277848419677498,1295.967040512703,2942.008322496,0.0017244331030309861,2942.008322496,0.0017244331030309861,0.0,EXPOSED,True,True,0.01724433103030986,,UNDEFENDED_BURNER,18387.729358875014,0.010777810842192788,30.0
54,107,107,65,52,Dojo,2026-09-13,9059745,0.006270436,0.006285595707595348,-0.002411817161105331,IN BAND,False,True,0.0,17839.596801703,3094767.779452817,1.0,2845032.477808598,766019.77920098,-0.001055169699966047,11771.654869840015,ACCUMULATING_PRE_EMA,0.0,,,,,-0.8531092316224943,-0.02934377546011486,-0.8531092316224943,-0.02934377546011486,,0.8491751844672023,-0.518037279363552,1,0.410002287933894,MINER_BURN_ONLY,2952.0164731240366,2952.0164731240366,0.0,0.005764437939462198,-0.08069583367692484,5Fv1ZvNP...,25350.822234066,,,,False,3989825,1.0,130,5E2LP6En...,0.0,0.3890782685891382,0.3890782685891382,0.7338318327483595,,COUNTER,1171478.987205974,0.0,0.0,DIVERGENT,-1.0,2.2778484180864482,1295.967040512703,167638.354572778,0.054168314561688365,167638.354572778,0.054168314561688365,0.0,FORTRESS,True,True,0.5416831456168837,,,8626.384262970996,0.002787409226709805,30.0
55,108,108,66,29,hoτfloaτ,2026-09-13,9059745,0.002753256,0.002760168630629778,-0.0025044232997462716,IN BAND,False,True,0.0,8276.350711295,2957183.106999855,1.0,3006022.624677955,208538.995976352,-0.011022358310089313,13844.172244745772,ACCUMULATING_PRE_EMA,0.0,,,,,-0.6601994852341008,-0.030470483480246304,-0.6601994852341008,-0.030470483480246304,,0.8886835562462615,-0.7970615228207266,1,0.0,,0.0,0.0,0.0,0.0027987278473572737,0.0165156626762182,5HHHHHzg...,39370.782432585,,,,False,3379782,1.0,19,5GRRRRhL...,0.179995422293431,12.046204620266092,9.877942932608217,0.0,,COUNTER,610829.352749762,0.0,0.0,OK,0.0,0.0,1295.967040512703,3165.974907187,0.0010706049617600346,3165.974907187,0.0010706049617600346,0.0,NEITHER,True,True,0.010706049617600346,,,9012.929251837002,0.0030478089877163106,30.0
56,109,109,67,125,Refinery,2026-09-13,9059745,0.00298917,0.002997275907546282,-0.0027044248832325604,IN BAND,False,True,0.0,5664.765428296,2475792.050474794,1.0,1895096.279919871,241420.47472888,-0.00024021262101779379,8645.615667228587,ACCUMULATING_PRE_EMA,0.0,,,,,-7.321933863438051,-0.032903836079329486,-7.321933863438051,-0.032903836079329486,,1.0614784870546847,-0.18756329901430768,1,0.4305024025051454,MINER_BURN_ONLY,3099.6172980370466,3099.6172980370466,0.0,0.002288061885976911,-0.2345494281098396,5DTzv2rL...,2527.13572488,,,,False,5834408,1.0,1,5GP7c3fF...,0.0009918364232852674,1.204236771212794,1.2030423653208457,0.018984830448982082,,COUNTER,1305625.529314225,0.0,0.0,DIVERGENT,-1.0,2.3917408399605544,1295.967040512703,225923.662897553,0.09125308519115188,225923.662897553,0.09125308519115188,0.0,FORTRESS,True,True,0.9125308519115188,,,11544.148856896996,0.0046628103740308565,30.0
57,110,110,68,122,CookingTAO,2026-09-13,9059745,0.004462738,0.004475940717384219,-0.002949707830789817,IN BAND,False,True,0.0,1409.012584182,719821.281020767,1.0,315728.242425685,46914.551751276,0.0003625880589275153,1095.5285051919636,,0.0,,,0.08124789286924648,,-2.1858347972248278,-0.035888111941276106,-2.1858347972248278,-0.035888111941276106,,3.650906230881748,3.211122106603352,1,0.4305024023338936,MINER_BURN_ONLY,3099.6172968040337,3099.6172968040337,0.0,0.001957447801743096,-0.5613796279900151,5F3uH1G4...,408489.740775788,,,,True,8238082,1.0,0,5CfPqfaz...,0.179995422293431,3.454208565548957,2.832466836103386,0.3095387056902629,,COUNTER,340929.561517212,4689.8056909,0.0,DIVERGENT,-1.0,2.3917408390091315,1295.967040512703,120762.922074239,0.1677679241477649,120762.922074239,0.1677679241477649,0.0,FORTRESS,False,True,1.6776792414776598,0,,38107.131079741994,0.052939711681909266,30.0
58,111,111,69,31,rec4ll,2026-09-13,9059745,0.004278918,0.0042925747111439705,-0.003181473139772416,IN BAND,False,True,0.0,1864.877383617,1793907.940620871,1.0,435829.186171933,53561.037033823,-3.4653599990985635e-05,5360.353017483896,ACCUMULATING_PRE_EMA,0.0,,,,,-1.6882626576640438,-0.0387079232005644,-1.6882626576640438,-0.0387079232005644,,1.4649581176893893,0.40996100646852573,1,0.41000228793903565,MINER_BURN_ONLY,2952.0164731610566,2952.0164731610566,0.0,0.0010395613628710325,-0.7570504125409666,5H3mfhC8...,900927.053348886,,,ENTRY_REPEATED,False,7173591,1.0,0,5CDZ527X...,0.179995422293431,1.7416098295662756,1.4281280328231034,0.45628386112170927,,COUNTER,755163.156835822,729.248648798,0.0,DIVERGENT,-1.0,2.277848418115014,1295.967040512703,422144.873684944,0.23532136969015244,422144.873684944,0.23532136969015244,0.0,FORTRESS,False,True,2.3532136969015243,0,,20773.139897841993,0.01157982493274009,30.0
59,112,112,70,30,Endure Network,2026-09-13,9059745,0.003675622,0.0036901587154716253,-0.003939319848405905,IN BAND,False,True,0.0,8840.829182577,3513276.337168719,1.0,2405260.222994674,413709.611850158,-0.0016359655505931488,13045.518067970406,ACCUMULATING_PRE_EMA,0.0,,,,,-1.3946559380431076,-0.0479283914889385,-1.3946559380431076,-0.0479283914889385,,0.7480197251201293,-0.5883766299587245,1,0.4100022879377745,MINER_BURN_ONLY,2952.0164731519762,2952.0164731519762,0.0,0.002516405865671714,-0.3153795831911676,5HTogQKF...,388.810566337,,,ENTRY_PRE_EMA_PATTERN,False,3250216,1.0,116,5E2LP6En...,0.0,0.31819753051576555,0.31819753051576555,0.6836667734896,,COUNTER,804551.025833957,18187.150616168,0.0,DIVERGENT,-1.0,2.277848418108007,1295.967040512703,4962.596266974,0.0014125265964627365,4962.596266974,0.0014125265964627365,0.0,EXPOSED,True,True,0.014125265964627366,,UNDEFENDED_BURNER,8939.983819489998,0.002544628705948749,30.0
60,113,113,71,27,Orion,2026-09-13,9059745,0.002348868,0.0023588843178004026,-0.004246209839464507,IN BAND,False,True,0.0,6249.939685204,3394127.757263615,1.0,2660830.057914517,830623.332876567,-0.002571603639063033,7075.198631835636,ACCUMULATING_PRE_EMA,0.0,,,,,-3.321007669763669,-0.051662219713484836,-3.321007669763669,-0.051662219713484836,,0.774278456188321,0.03207260123994584,1,0.4100022879650027,MINER_BURN_ONLY,2952.0164733480196,2952.0164733480196,0.0,0.0018413978884055837,-0.21604879950444908,5GLT9wjW...,65087.975576809,,,,False,1727132,1.0,203,5H6Bqkzj...,0.179995422293431,16.554302129725645,13.574603527112632,0.0,,COUNTER,1319805.320605469,0.0,0.0,DIVERGENT,-1.0,2.277848418259279,1295.967040512703,29259.979274079,0.00862076544156627,29259.979274079,0.00862076544156627,0.0,FORTRESS,True,True,0.0862076544156627,,,8909.393644845997,0.0026249435148041848,30.0
61,114,114,72,20,Witness,2026-09-13,9059745,0.002594791,0.002608608454465866,-0.005296867930566984,IN BAND,False,True,0.0,6816.557901967,3267338.821002279,1.0,2627016.135502692,287347.07418022,-0.0009316292818717833,13766.358020326588,ACCUMULATING_PRE_EMA,0.0,,,,,-2.2315700833732026,-0.06444522648856497,-2.2315700833732026,-0.06444522648856497,,0.8043242969193635,-0.7129018411954895,1,0.41000228793706306,MINER_BURN_ONLY,2952.016473146854,2952.016473146854,0.0,0.0020862721240143605,-0.19597681508284845,5CFVA7aP...,1294657.323422712,,,,False,1970929,1.0,240,5ED4s3B3...,0.179995422293431,1.2460349294030804,1.0217543460928074,0.4972073859301084,,COUNTER,1396351.336982936,0.0,0.0,DIVERGENT,-1.0,2.2778484181040546,1295.967040512703,578305.208859807,0.17699578786947104,572263.403916961,0.17514663622838333,6041.804942845949,FORTRESS,True,True,1.751466362283834,0,,9298.772856970007,0.002845977526786629,30.0
62,115,115,73,126,Poker44,2026-09-13,9059745,0.004095848,0.004119384801015258,-0.005713668946260365,IN BAND,False,True,0.0,2375.245614585,1289827.947994387,1.0,579915.532932577,64113.208327238,-0.0001583244541660852,4507.645800577244,ACCUMULATING_PRE_EMA,0.0,,,,,-1.6225561860839735,-0.06951630551283444,-1.6225561860839735,-0.06951630551283444,,2.03748104860528,0.8126412397967249,1,0.43050240233569637,MINER_BURN_ONLY,3099.617296817014,3099.617296817014,0.0,0.0018415212806315595,-0.5503931589669443,5DqrUa2z...,546648.893564711,,,ENTRY_REPEATED,False,7525773,1.0,1,5E2LP6En...,0.0,0.7524349667630705,0.7524349667630705,0.43673986357601746,,COUNTER,424882.116401649,5493.154491675,0.0,DIVERGENT,-1.0,2.3917408390191475,1295.967040512703,171439.094523612,0.1329162504116852,1096.553699538,0.0008501550158244609,170342.540824074,EXPOSED,False,False,1.1395850652323143,0,,26031.60658566799,0.020182231766760626,30.0
63,116,116,74,116,Memo,2026-09-13,9059745,0.005663648,0.005696543259546161,-0.00577460014738502,IN BAND,False,True,0.0,1396.763377294,715822.61915328,1.0,246619.010780699,107318.534283561,0.0001614247536338362,1238.5593431056186,,0.0,,,0.028501904361612197,,-5.007208871581758,-0.07025763512651774,-5.007208871581758,-0.07025763512651774,,3.6713005843662265,3.155004038518911,1,0.4100022881284733,MINER_BURN_ONLY,2952.0164745250077,2952.0164745250077,0.0,0.001951270244779607,-0.655474661423237,5F48aA3P...,99261.000200441,,,,True,8294730,1.0,0,5CXN6pP6...,0.179995422293431,10.855079145416598,8.90121459060872,0.0,,COUNTER,224114.220663276,1764.319155568,0.0,DIVERGENT,-1.0,2.277848419167472,1295.967040512703,30.45052749,4.253920828321798e-05,30.45052749,4.253920828321798e-05,0.0,EXPOSED,False,True,0.00042539208283217983,,,36357.06787655797,0.050790610555955046,30.0
64,117,117,75,109,Finsight,2026-09-13,9059745,0.002644146,0.002659926889464259,-0.0059328282768845615,IN BAND,False,True,0.0,1344.922015523,1599323.63762504,1.0,508641.299579215,68417.678906517,-0.000708007104294364,4626.4418164337985,ACCUMULATING_PRE_EMA,0.0,,,,,-3.621367662740321,-0.07218274403542883,-3.621367662740321,-0.07218274403542883,,1.6431946218856126,0.6278999828238656,1,0.4100022879366588,MINER_BURN_ONLY,2952.0164731439436,2952.0164731439436,0.0,0.000840931743821519,-0.6819647085215722,5FqZqKFx...,694164.198485642,,,,False,7257480,1.0,0,5DyQkk4x...,0.179995422293431,2.1553148949950436,1.7673680802950889,0.38858791032704076,,COUNTER,721236.759132976,1308.746301495,0.0,DIVERGENT,-1.0,2.277848418101809,1295.967040512703,200800.293948186,0.12555325840514053,200800.293948186,0.12555325840514053,0.0,FORTRESS,False,True,1.2555325840514093,0,,22084.16206742001,0.013808438484792546,30.0
65,118,118,76,127,Astrid,2026-09-13,9059745,0.002660085,0.0026763875503093004,-0.006091251734980021,IN BAND,False,True,0.0,3243.471838403,2958799.674745616,1.0,1219311.294291218,600211.627149688,-0.0011311304522673383,7196.097600075183,ACCUMULATING_PRE_EMA,0.0,,,,,-3.7550300626370365,-0.07411022944225693,-3.7550300626370365,-0.07411022944225693,,0.8881980157125519,0.021801603830166067,1,0.430502402332495,MINER_BURN_ONLY,3099.6172967939638,3099.6172967939638,0.0,0.0010962120437173087,-0.5879033776299221,5FU4uxAd...,1524955.73356395,,,,False,5848837,1.0,0,5EKrpcqV...,0.179995422293431,1.1126337131741715,0.9123647381134783,0.5747379023027973,,COUNTER,1245286.57454472,203.185912805,0.0,DIVERGENT,-1.0,2.3917408390013613,1295.967040512703,5535.674552263,0.0018709190079720188,5535.674552263,0.0018709190079720188,0.0,EXPOSED,True,True,0.018709190079720186,,UNDEFENDED_BURNER,12940.030381916002,0.004373405368522804,30.0
66,119,119,77,39,deprecated,2026-09-13,9059745,0.007777123,0.007832338567823172,-0.007049691142056594,IN BAND,False,True,0.0,18616.088999931,3645865.858801615,1.0,2393698.50259574,1100412.318389914,-0.008167090216750057,6201.67034938233,ACCUMULATING_PRE_EMA,0.0,,,,,-2.6106082127303796,-0.08577124222835522,-2.6106082127303796,-0.08577124222835522,,0.7208164265439584,0.11729084005963915,1,0.41000228793764515,MINER_BURN_ONLY,2952.016473151045,2952.016473151045,0.0,0.005106081715812235,-0.34344850713917796,5DkwfxC9...,576174.842281858,,,,False,3280104,1.0,136,5GP7c3fF...,0.0009918364232852674,2.2438185415285137,2.2415930405717828,0.19986570831235026,,COUNTER,1548053.719768095,0.0,0.0,DIVERGENT,-1.0,2.2778484181072884,1295.967040512703,474800.801920901,0.13022991528189864,473225.857511923,0.12979793438354062,1574.9444089779863,FORTRESS,True,True,1.2979793438354061,0,,9126.369484211004,0.0025032104409926956,30.0
67,31,83,78,101,Tag101,2026-09-13,9059745,0.004174012,0.004208083497360349,-0.008096678067752393,IN BAND,False,True,4.1e-08,3800.612164105,2485510.165748674,1.0,910541.574690233,166131.776898137,0.0003527464605012477,7221.834305757424,,0.0,,,0.08451016923316168,2.8350169748344583e-05,-2.665364090993685,-0.09850958315765411,-2.687566827057129,-0.12071231922109808,-0.022202736063443976,1.0573282041710765,0.02223108623319232,1,0.36785978871939656,MINER_BURN_ONLY,2657.3555095270276,2648.6168507950524,0.0029602502479590953,0.001529107471165863,-0.6336600203435296,5H8dNvi1...,1358890.658015066,,,,False,5481350,0.9023124837391531,0,5H6Dezn7...,0.179995422293431,1.1761923240468546,0.9644830899817489,0.5837631619105753,,COUNTER,891496.783347454,6970.543419914,0.0,DIVERGENT,-1.0,2.0437378173963605,1295.967040512703,13574.61335476,0.005461499832840602,13574.61335476,0.005461499832840602,0.0,FORTRESS,True,True,0.054614998328406016,,,15302.541539473,0.0061567004433730164,30.0
68,32,1,13,107,Minos,2026-09-13,9059745,0.053865731,0.05404344177804887,-0.003288294975340647,IN BAND,False,False,0.01727075,21871.752023383,1618975.949754693,1.0,406042.359263677,540433.663972699,0.001226016808458981,-61.433615977992304,DISTRIBUTING_PRE_EMA,0.0,,0.022760608381217014,0.022760608381217014,2.0751666785302056,0.5178017662447517,-0.04000758886664454,0.4311560790649517,-0.12665327604644458,-0.08664568717980003,1.6232483258310255,2.1618123657100057,1,0.0,,0.0,0.0,0.0001831082627603564,0.013509621329888812,-0.7491982178819998,5DA2vLrS...,1313545.330126795,0.2632629751093401,BUYBACK_GAMING,,False,7457580,0.0,2,5G9hfkx9...,0.009994659342336155,0.6249495088577701,0.6187033514105764,0.014878454471929314,,COUNTER,406798.248425295,11728.725039684,0.0,DIVERGENT,1.0,0.0,1295.967040512703,41164.694002343,0.025426377710292897,41164.694002343,0.025426377710292897,0.0,DORMITORY,False,True,0.25426377710292897,,,27737.686675401,0.01713285900238593,30.0
69,33,27,4,83,CliqueAI,2026-09-13,9059745,0.009002725,0.00903223711065948,-0.0032674198316440875,IN BAND,False,False,0.001835666,8293.406105981,2810144.077807901,1.0,921210.625644707,152825.86503934,0.000950791968390149,3605.4401732485276,,0.0,,0.10561157520530162,0.10561157520530162,0.5816826266979687,-2.632859640208181,-0.03975360795166973,-2.7343226292598546,-0.14121659700334324,-0.1014629890516735,0.9351833668436014,0.6831456157496422,1,0.0,,0.0,0.0,0.0019378957808804387,0.0029512387537262525,-0.6721838383682438,5DqEjRLy...,1107585.077971116,,,,False,5231190,0.0,198,5E2LP6En...,0.0,0.40512192600843366,0.40512192600843366,0.09206329828630724,,COUNTER,345172.824104195,26063.92679357,0.0,OK,0.0,0.0,1295.967040512703,8057.340853611,0.0028672340743099056,8057.340853611,0.0028672340743099056,0.0,NEITHER,True,True,0.028672340743099056,,,15450.323707647001,0.005498053935974443,30.0
70,120,120,79,119,CapabilityForge Next,2026-09-13,9059745,0.002636999,0.002669325564056635,-0.0121103864181735,IN BAND,False,True,0.0,3316.15850802,1627086.017845188,1.0,1257549.750227669,72572.44555578,-0.0008647727937628405,31348.900880512316,ACCUMULATING_PRE_EMA,0.0,,,,,-0.9430705265818126,-0.14734303475444424,-0.9430705265818126,-0.14734303475444424,,1.6151573863810595,-5.300354034485951,1,0.41000228812526784,MINER_BURN_ONLY,2952.0164745019283,2952.0164745019283,0.0,0.0020380966166814677,-0.22711513478713202,5GbLENPL...,114858.164239908,,,,False,5740660,1.0,0,5HMwvi1d...,0.179995422293431,10.013601910579528,8.211199406006457,0.06743373365277502,,COUNTER,870854.812073482,0.0,0.0,DIVERGENT,-1.0,2.277848419149663,1295.967040512703,20722.542632217,0.012735984702063049,20722.542632217,0.012735984702063049,0.0,FORTRESS,True,True,0.1273598470206305,,,17749.753773473996,0.010908921580544753,30.0
71,35,33,80,14,Cacheon,2026-09-13,9059745,0.009236795,0.009243665961548686,-0.0007433156474137774,IN BAND,False,False,0.001290824,25073.048131661,3168530.613025337,1.0,2714474.903203964,2660661.632673041,-0.012349965626037119,5979.86478141183,ACCUMULATING_PRE_EMA,0.0,,,,0.13529609380506036,-1.3796072536984245,-0.009043673710200957,-1.5236575789455402,-0.1530939989573167,-0.14405032524711575,0.8294065360128446,0.2793464190521761,1,0.0,,0.0,0.0,0.00010681315327687457,0.007913146879057944,-0.14330166696803998,5CKhH8nK...,1712527.869788202,,,,False,4848444,0.16730252716396043,99,5DZYnuVE...,,1.7707984263164847,1.7707984263164847,0.043857105797256254,,COUNTER,1226319.247799996,526.080568229,0.0,OK,0.0,0.0,1295.967040512703,52449.691710348,0.01655331701538103,52449.691710348,0.01655331701538103,0.0,DORMITORY,True,True,0.16553317015381344,,,13006.59345394999,0.0041049290798965,30.0
72,38,64,81,6,Numinous,2026-09-13,9059745,0.002700191,0.002694506663829088,0.0021096018233013854,IN BAND,False,True,6.6414e-05,8069.840085359,2778035.560064484,1.0,2988617.70896901,697170.865540039,-0.004023880888700968,5856.965782685671,ACCUMULATING_PRE_EMA,0.0,,,,0.02162818471665359,-1.7334747048983716,0.02566682218350019,-1.925495760362013,-0.1663542332801412,-0.1920210554636414,0.9459922103873281,0.213649240180295,1,0.0,,0.0,0.0,0.0019684138246738314,0.0029048728538131753,0.07580273166349177,5CfSg4e2...,77833.58159465,,,,False,3219949,0.5543222334342415,20,5DSetMmi...,,18.229609515491735,18.229609515491735,0.0,,COUNTER,185360.665463109,0.0,0.0,OK,0.0,0.0,1295.967040512703,662466.459537209,0.23846579542049914,662466.459537209,0.23846579542049914,0.0,DORMITORY,True,True,2.3846579542049913,0,,9298.862014155999,0.00334727969210738,30.0
73,36,72,82,13,Data Universe,2026-09-13,9059745,0.005574802,0.005580915836617351,-0.00109548984366265,IN BAND,False,True,8.639e-06,19949.118147485,2455822.22472048,1.0,3578443.914061513,969995.460852989,-0.0029832593986156373,6338.508377909195,ACCUMULATING_PRE_EMA,0.0,,,,0.0011380599298752574,-2.0711472567935054,-0.01332845976456224,-2.2255029175609735,-0.16768412053203027,-0.15435566076746804,1.0701100322109502,0.1554937206973433,1,0.2907538940960211,MINER_BURN_ONLY,2101.8976682659704,2096.672490879841,0.0017700465400167786,0.008123193098700616,0.45712674615181237,5HBswBt1...,25175.545437049,,,,False,1907637,0.7133707332732081,72,5G9hfkx9...,0.009994659342336155,0.4109748474967148,0.4068672938977166,0.01513856671957026,,COUNTER,660123.02821789,0.0,0.0,DIVERGENT,-1.0,1.6178439924292884,1295.967040512703,93697.039216446,0.0381530219383492,93697.039216446,0.0381530219383492,0.0,FORTRESS,True,True,0.38153021938349196,,,10084.695527328997,0.004106443628458013,30.0
74,34,56,83,117,glyph,2026-09-13,9059745,0.002932708,0.0029441157821565866,-0.003874773616488121,IN BAND,False,True,9.3633e-05,3094.361463321,1866419.83790452,1.0,1055120.833744845,229799.61465187,-0.0007537834211656891,6474.9685254343785,ACCUMULATING_PRE_EMA,0.0,,,,0.07952126049808994,-7.008975518320032,-0.04714307900060547,-7.152079996405959,-0.19024755708653257,-0.1431044780859271,1.4080433279955524,0.22262573858401705,1,0.0,,0.0,0.0,0.0,0.0016579128663758327,-0.43468191638041265,5HdThE9W...,1963709.511571109,,,,False,5710859,1.0,125,5EsLkLnu...,,7.635834980057195,7.635834980057195,0.0,,COUNTER,289424.602021989,152409.779613062,0.0,OK,0.0,0.0,1295.967040512703,184995.455974437,0.09911781487606583,154144.143623114,0.08258814040263085,30851.312351322995,DORMITORY,True,True,0.8258814040263085,,,18972.141091402005,0.01016499112691737,30.0
75,121,121,84,99,Thirty Spokes,2026-09-13,9059745,0.002498523,0.0025463923811912537,-0.018798902142826673,IN BAND,False,True,0.0,619.78599419,391421.800345819,1.0,248060.915126211,31758.168355425,,2538.8400863923307,,,,,,,-11.053800182106219,-0.22871997607105785,-11.053800182106219,-0.22871997607105785,,6.71398475424255,4.1900684694760235,1,0.41000228793458315,MINER_BURN_ONLY,2952.0164731289988,2952.0164731289988,0.0,0.0015834222663183874,-0.36625667791795896,5DebFXsw...,1081095.869343549,,,,True,8572056,1.0,0,5FWbrcGF...,0.179995422293431,1.9910179358186852,1.6326438216672057,0.9976958525345622,,COUNTER,89715.470639434,0.012273672,0.0,DIVERGENT,-0.925873014603804,2.277848418090277,1295.967040512703,0.0,0.0,0.0,0.0,0.0,EXPOSED,False,,,,,51339.508310583995,0.13116159668476776,30.0
76,37,30,85,62,Ridges,2026-09-13,9059745,0.011057249,0.011124674929305911,-0.006060934789949677,IN BAND,False,False,0.001641934,30366.677723056,2733911.444626786,1.0,2746313.927913266,4384984.314284023,-0.02595581615076601,6004.782962869853,ACCUMULATING_PRE_EMA,0.0,,,,0.14209662944866108,-1.7524281827655082,-0.07374137327772107,-1.9207211089896166,-0.24203429950182953,-0.16829292622410846,0.9612601041504312,0.31038955567276955,1,0.058564674060626,MINER_BURN_ONLY,484.64083149598446,484.28047443487173,0.00012207217517368196,0.01110741087928744,0.004536560521286957,5DhsVYew...,12074.184280693,,,,False,4474225,0.9418712896973767,107,5Hj8LMru...,,12.782531567954416,12.782531567954416,0.0,,COUNTER,187470.539090405,170981.9854291,0.0,DIVERGENT,-1.0,0.3736827089701938,1295.967040512703,148251.86190173,0.05422701682349784,148251.86190173,0.05422701682349784,0.0,FORTRESS,True,True,0.5422701682349811,,,15167.271624814995,0.005547828425322505,30.0
77,39,38,86,77,Liquidity,2026-09-13,9059745,0.005509645,0.005518455756828189,-0.0015965982543734948,IN BAND,False,False,0.000812781,12061.17016395,3333626.259512265,1.0,2189100.848378843,409539.027005976,-0.006935415302332664,4664.177001465112,ACCUMULATING_PRE_EMA,0.0,,,,0.17709628825106216,-1.6099038607136045,-0.019425278761544186,-1.8490106359834615,-0.2585320540314012,-0.23910677526985702,0.7883307231880565,0.4162030635209192,1,0.0,,0.0,0.0,0.00010681315327687457,0.0036180331042012614,-0.3433273642491918,5GxxsUeY...,2767880.439876876,,,,False,5128460,0.4267183494078868,148,5C8dR6A6...,0.179995422293431,1.772769119850535,1.453678793494284,0.0,,COUNTER,140886.89655137,14115.257752168,0.0,OK,0.0,0.0,1295.967040512703,369577.913917543,0.11086363171725647,369577.913917543,0.11086363171725647,0.0,DORMITORY,True,True,1.1086363171725648,0,,12889.086851162998,0.003866386285620623,30.0
78,40,6,87,4,Targon,2026-09-13,9059745,0.058121713,0.058184294728562236,-0.0010755776770035586,IN BAND,False,False,0.007761932,140294.80345835,3786783.5500129,1.0,2413810.559531057,2310949.272530906,-0.0046476622979413,4238.324428953696,ACCUMULATING_PRE_EMA,0.0,,,,0.14539638527706236,0.5821138776300936,-0.013086195070209961,0.3299998847929272,-0.2652001879073764,-0.2521139928371664,0.6939926629793899,0.3975103781142288,1,0.02108399333184722,MINER_BURN_ONLY,172.1677966149291,172.077707349651,3.0518043793392735e-05,0.037048540431594536,-0.3625697089899168,5CXGPMnq...,,,,,False,1411451,0.13477179436314524,146,5E2LP6En...,0.0,0.2779379583775515,0.2779379583775515,0.002197366212442586,,COUNTER,559810.884080894,0.0,0.0,DIVERGENT,-1.0,0.13277938556336633,1295.967040512703,183019.057563734,0.048331005758993156,183019.057563734,0.048331005758993156,0.0,DORMITORY,True,True,0.4833100575899315,,,15572.255099062,0.004112264377774893,30.0
79,41,53,9,89,InfiniteQuant,2026-09-13,9059745,0.003272596,0.003279136959463358,-0.001994719813236579,IN BAND,False,False,0.000141584,6391.206187142,2892238.682262856,1.0,1952946.896880659,187266.561818319,0.00022740814707736934,4529.533850950655,,0.0,,0.06948860998344109,0.06948860998344109,0.05821792336297427,-1.7796281014663706,-0.024269091061045044,-2.1131042047340065,-0.35774519432868074,-0.3334761032676357,0.908638701265098,0.39169402663061,1,0.0,,0.0,0.0,0.0009002822919050857,0.002209778268417871,-0.3247628890281993,5Dc5NmEU...,112354.886663633,,,,False,5313364,0.0540197935121266,137,5FFQKsXc...,0.0,0.25381241114673575,0.25381241114673575,0.001053033193437619,,COUNTER,601037.833009041,0.0,0.0,OK,0.0,0.0,1295.967040512703,6094.632142656,0.002107236923436632,6094.632142656,0.002107236923436632,0.0,NEITHER,True,True,0.021072369234366322,,,12494.593841701997,0.004320042435753042,30.0
80,122,122,88,113,TensorUSD,2026-09-13,9059745,0.002146566,0.0022134212777018547,-0.030204497614330836,IN BAND,False,True,0.0,1685.122485239,1568970.857727711,1.0,785031.637059676,67208.877817564,-0.0004889739469761811,13477.366748548578,ACCUMULATING_PRE_EMA,0.0,,,,,-10.33000013768684,-0.3674880543076918,-10.33000013768684,-0.3674880543076918,,1.674983309636513,-1.414627558003929,1,0.4063198429826298,MINER_BURN_ONLY,2925.5028694749344,2925.5028694749344,0.0,0.0010740304556577345,-0.49965179004152,5GndoVhM...,586451.170325172,,,,False,7119664,1.0,0,5FRumLA6...,0.179995422293431,2.4075630940912403,1.974212758272208,0.3337708721267438,,COUNTER,776513.957913994,0.0,0.0,DIVERGENT,-1.0,2.25738987028371,1295.967040512703,63729.328753441,0.040618554793132415,63729.328753441,0.040618554793132415,0.0,FORTRESS,False,True,0.40618554793132844,,,19911.573122940998,0.012690849562227225,30.0
81,42,42,12,78,Umi,2026-09-13,9059745,0.004718525,0.0047418109606951475,-0.004910773729312372,IN BAND,False,False,0.000548991,1606.642544781,996443.948395479,1.0,340496.833804394,155598.078652459,0.0001379181554245564,3524.783047198551,,0.0,,0.02922908227137853,0.02922908227137853,0.897989632284174,-3.0696072958387037,-0.05974774703996719,-3.4093213076599698,-0.3994617588612335,-0.33971401182126626,2.637378654596407,1.2377036441054403,1,0.0,,0.0,0.0,0.0010528725108721604,0.001612376237888836,-0.6582880798790224,5GvYz1tB...,902049.752980129,,,,False,7966145,0.0,200,5E2LP6En...,0.0,0.6530554379111427,0.6530554379111427,0.3905360657989105,,COUNTER,82861.627732674,8107.779671713,0.0,DIVERGENT,1.0,0.0,1295.967040512703,66291.964311873,0.06652854324482521,66291.964311873,0.06652854324482521,0.0,DORMITORY,False,True,0.6652854324482526,,,33947.398913292,0.03406854842959878,30.0
82,43,52,89,79,MVTRX,2026-09-13,9059745,0.003311504,0.003313169814646244,-0.0005027857729719404,IN BAND,False,False,0.000147261,7211.345870369,2947619.869362764,1.0,2177664.699838833,486945.89095808,-0.0051205686723918425,2957.649835700635,ACCUMULATING_PRE_EMA,0.0,,,,0.05366569777080979,-3.0139016325850085,-0.006117226904491941,-3.407861873133684,-0.40007746745316725,-0.3939602405486753,0.8915667950657893,0.4476259383194851,1,0.0,,0.0,0.0,0.001785305561913475,0.0024464979169542636,-0.2612124530260982,5Fxp7QBG...,3273201.554864389,,,,False,5173967,0.0,0,5EWwdZB7...,0.179995422293431,0.3291841339906858,0.26993249678073494,1.0,,COUNTER,444229.939659842,37317.847662374,0.0,DIVERGENT,1.0,0.0,1295.967040512703,1355085.827207694,0.4597220426189641,1355085.827207694,0.4597220426189641,0.0,DORMITORY,True,True,4.597220426189642,0,,12726.623173199996,0.004317593087724477,30.0
83,46,68,90,7,Allways,2026-09-13,9059745,0.003061822,0.003063087584450841,-0.00041317279246776085,IN BAND,False,True,4.0654e-05,6226.017378724,3220932.538973974,1.0,2033434.94122922,326308.875715261,-0.001063203871299582,1321.3928438131697,ACCUMULATING_PRE_EMA,0.0,,,,0.017160040761385765,-0.9609452755913417,-0.00502693564169109,-1.5265740687783804,-0.57065572882873,-0.5656287931870388,0.8159127731489675,0.5827888339484246,1,0.0,,0.0,0.0,1.5259021896696368e-05,0.0019329859608631524,-0.3686811444743841,5CAc19iE...,0.340323109,,,,False,2627691,0.7562791833246865,194,5DtUJ9yt...,0.0899977111467155,0.2764017864021012,0.2515262582690488,0.9052189836716008,,COUNTER,36084.978602376,220315.600348389,938.3442716790014,OK,-0.10466177927165789,0.0,1295.967040512703,3211.260531444,0.0009969971406066595,3211.260531444,0.0009969971406066595,0.0,NEITHER,True,True,0.009969971406066596,,,10786.685254705997,0.0033489323741446907,30.0
84,123,123,91,100,Cortex,2026-09-13,9059745,0.00455743,0.004785793600603938,-0.047716976464492675,IN BAND,False,True,0.0,2703.274641417,1938371.994095831,1.0,593157.688326569,389346.595504285,-0.001453934361040321,19743.42496678105,ACCUMULATING_PRE_EMA,0.0,,,,,-13.501438499492096,-0.5805565469846609,-13.501438499492096,-0.5805565469846609,,1.3557769138249707,-2.314612575983267,1,0.4100022879356887,MINER_BURN_ONLY,2952.0164731369587,2952.0164731369587,0.0,0.0013946108639884493,-0.6939918190760035,5FX6kmhY...,1244318.792351564,,,,False,6693448,1.0,0,5ExuWpCM...,0.179995422293431,1.4007424063442493,1.1486151853899993,0.6176430195474036,,COUNTER,726349.254460951,1077.059572996,0.0,DIVERGENT,-1.0,2.2778484180964194,1295.967040512703,277697.519960223,0.14326327495757965,277697.519960223,0.14326327495757965,0.0,FORTRESS,False,True,1.4326327495757991,0,,25491.109747498,0.013150783144382217,30.0
85,45,44,92,50,Synth,2026-09-13,9059745,0.0046,0.004614445613697171,-0.0031305198731331934,IN BAND,False,False,0.000498961,10885.697733536,3353328.235576306,1.0,2366455.751564955,1224383.697105323,-0.0056701551055483215,2041.2485062885098,ACCUMULATING_PRE_EMA,0.0,,,,0.12045801198028126,-5.294724975654458,-0.03808799178978718,-5.842785358758024,-0.5861483748933531,-0.548060383103566,0.7836990045051017,0.6685183950838472,1,0.0,,0.0013790299999527633,0.0,0.0016937514305332968,0.003246236863438206,-0.29429633403517264,5DxyiWpG...,2261803.639470207,,,,False,4763204,0.12061323061873319,115,5H5sXrPq...,,13.79156749722984,13.79156749722984,0.0,,COUNTER,467621.608837279,0.0,0.0,OK,-1.0,0.0,1295.967040512703,212500.00519846,0.06336987919762635,212500.00519846,0.06336987919762635,0.0,DORMITORY,True,True,0.6336987919762633,,,22728.859314844,0.006778000159276922,30.0
86,124,124,93,57,SN57,2026-09-13,9059745,0.00272676,0.0028710828628391027,-0.05026774556286665,IN BAND,False,True,0.0,1332.219414243,919539.218573356,1.0,488572.242061104,33744.522789051,-0.00013780237056893412,-2105.377393228293,,0.0,,,,,-24.072248548857406,-0.611590904348211,-24.072248548857406,-0.611590904348211,,2.857953143181083,3.8014746884007447,1,0.4100022880540281,SKIN_IN_GAME,2952.0164739890024,2952.0164739890024,0.0,0.001448790206370869,-0.4686770356133767,5HdpnCSY...,769031.324015057,0.9885745970859041,BUYBACK_GAMING,,False,8057320,1.0,0,5Ejcqsbx...,0.179995422293431,2.2574229139843336,1.8510971232868558,0.6112069097068563,,COUNTER,411913.246530389,6427.093693354,0.0,DIVERGENT,-1.0,2.277848418753877,1295.967040512703,1254.306998862,0.0013640603614580229,1254.306998862,0.0013640603614580229,0.0,EXPOSED,False,True,0.013640603614580232,,,31131.074358628,0.03385508059887554,30.0
87,44,37,94,102,ConnitoAI,2026-09-13,9059745,0.007066727,0.007126142270863056,-0.008337648703140507,IN BAND,False,False,0.000820842,3737.616361609,978025.513109653,1.0,528903.481206437,229340.260897244,-9.995717380745074e-05,4247.945599901141,ACCUMULATING_PRE_EMA,0.0,,,,0.5771520047261786,-4.470487743873,-0.10144139255487616,-4.989977096120859,-0.6209307448027355,-0.5194893522478593,2.687046467370997,1.0966413569740379,1,0.22688149956918988,MINER_BURN_ONLY,1823.4730901500152,1823.2929116194591,6.103608758678547e-05,0.0038215939272638897,-0.4592130236156159,5HBc11rC...,969833.363225708,,,,False,7840965,0.25134669087912587,0,5EEinUEy...,0.179995422293431,0.9358075805429686,0.7673664998977431,0.5909846947339509,,COUNTER,143491.398308419,7309.092357836,0.0,DIVERGENT,-0.5290848254237168,1.4068975943231847,1295.967040512703,2002.340459168,0.002047329473851368,2002.340459168,0.002047329473851368,0.0,EXPOSED,False,True,0.02047329473851368,,,30798.27219985199,0.031490254381941654,30.0
88,125,125,95,47,Feval,2026-09-13,9059745,0.00244595,0.002584164496511221,-0.053485177394016044,IN BAND,False,True,0.0,1176.643499419,1492154.690842586,1.0,481057.805823198,47115.2012848,1.9567391779975152e-05,25377.208295708464,,0.0,,,0.007999914871512153,,-12.850804128419187,-0.6507363249605285,-12.850804128419187,-0.6507363249605285,,1.7612114991348704,-4.356401547335299,1,0.4100022879380493,MINER_BURN_ONLY,2952.0164731539553,2952.0164731539553,0.0,0.0007885532958748237,-0.6776085791308801,5GBmFsPk...,856391.050717698,,,ENTRY_REPEATED,False,7340355,1.0,0,5GjN9n3n...,0.179995422293431,1.9046218818378085,1.561798661907103,0.5138253067203808,,COUNTER,682135.450852013,52.790049364,0.0,DIVERGENT,-1.0,2.277848418109534,1295.967040512703,88080.502799823,0.05902906939902185,1082.01056104,0.0007251329689075421,86998.492238783,EXPOSED,False,False,0.6522867220325125,,,22853.321596784008,0.015315651746454821,30.0
89,47,12,1,9,iota,2026-09-13,9059745,0.027056883,0.027087707305327058,-0.0011379444180938717,IN BAND,False,False,0.003686503,55539.439004989,4005884.755072754,1.0,2052691.649304788,1101473.649155089,0.01301328860220348,-530.6944694623817,DISTRIBUTING_PRE_EMA,0.0,,0.48096037530278263,0.48096037530278263,0.17443694170424973,-4.229473627860307,-0.013844990420142105,-4.868554610080228,-0.6529259726400622,-0.6390809822199202,0.65603484889876,0.8135179239241699,1,0.0882699513755766,SKIN_IN_GAME,722.1816159810405,722.1365713484015,1.5259021896696368e-05,0.01386446250972597,-0.4875809416137856,5Fsbubec...,25269.893449788,0.2614160254406494,BUYBACK_GAMING,,False,1489797,0.3199713126010926,209,5Fsbubec...,0.179995422293431,13.52098875300032,11.087272672579298,0.0,,COUNTER,1192172.786120084,46681.104420658,0.0,DIVERGENT,-1.0,0.5572183155697493,1295.967040512703,566487.003304132,0.14141370457219846,566487.003304132,0.14141370457219846,0.0,FORTRESS,True,True,1.4141370457219846,0,,13943.457029267001,0.0034807434266824694,30.0
90,48,46,96,33,ReadyAI,2026-09-13,9059745,0.004432107,0.004433398833498359,-0.0002913867095821644,IN BAND,False,False,0.000432882,14206.587718621,2137242.32592639,1.0,3205379.697730485,902853.307106875,-0.0054386194078304825,1491.9155404279009,ACCUMULATING_PRE_EMA,0.0,,,,0.08007650524755466,-2.59995584464751,-0.003545204966583,-3.380044045652732,-0.7836334059718046,-0.7800882010052217,1.2296219142398326,0.8601647062527763,1,0.0,,0.0,0.0,0.011291676203555312,0.006647158137514022,0.49977384063923136,5HinUfk5...,47089.086888381,,,,False,2943950,0.0,209,5E2LP6En...,0.0,0.5148481631635385,0.5148481631635385,0.42091529199920646,,COUNTER,588076.249106669,0.0,0.0,DIVERGENT,1.0,0.0,1295.967040512703,138809.800536348,0.06494808700561398,138808.045342108,0.06494726576310972,1.755194239987759,DORMITORY,True,True,0.6494726576310972,,,12970.440061153005,0.006068773720140019,30.0
91,49,59,97,128,ByteLeap,2026-09-13,9059745,0.0028822,0.0028841004241257906,-0.0006589313291219787,IN BAND,False,True,8.6469e-05,4084.052215052,2900475.251067611,1.0,1416991.004329112,91169.483802018,-0.00022424396803000932,635.0978712630458,ACCUMULATING_PRE_EMA,0.0,,,,0.05564094679360182,-0.1383922855649955,-0.00801699783765074,-0.9605479280625087,-0.8301726403351639,-0.8221556424975132,0.9060584119904771,0.8777965892911149,1,0.0,,0.0,0.0,9.15541313801782e-05,0.0014080631143288454,-0.5114623848695977,5GgMeLFN...,893938.759993811,,,,False,5856038,1.0,96,5HQTcjYx...,,6.295246274645156,6.295246274645156,0.0,,COUNTER,186014.794503201,289.843039317,0.0,OK,0.0,0.0,1295.967040512703,3774.579319514,0.0013013658082842278,3774.573941721,0.001301363954176699,0.005377792999752273,NEITHER,True,True,0.01301363954176699,,,12707.368538126004,0.004381133241336453,30.0
92,50,3,7,64,Chutes,2026-09-13,9059745,0.069608998,0.06960783991962671,1.663721176565234e-05,IN BAND,False,False,0.009317605,200563.341121973,3302727.87955099,1.0,2881284.704890278,5004259.861189304,0.006078987608972017,-304.0178777705878,DISTRIBUTING_PRE_EMA,0.0,,0.0873304857652457,0.0873304857652457,0.12208943969031899,-3.451701431182187,0.00020241940981543678,-4.289653942959517,-0.8377500923675146,-0.8379525117773301,0.7957058818776435,0.9600419514676491,1,0.0,,0.0,0.0,0.00012207217517357094,0.060726571620923195,-0.1276045717405214,5FRYKhbm...,689619.972608672,0.7164095478154511,BUYBACK_GAMING,,False,4531295,0.4726753857188639,194,5FEm1mew...,,9.154120485156557,9.154120485156557,0.0,,COUNTER,274207.517615115,0.0,0.0,OK,0.0,0.0,1295.967040512703,766180.245569614,0.23198406696278506,766179.805830843,0.23198393381867297,0.4397387709468603,DORMITORY,True,True,2.319839338186732,0,,13531.565970774,0.004097087760258841,30.0
93,51,77,98,43,Graphite,2026-09-13,9059745,0.004435901,0.004439218435436487,-0.000747301689415764,IN BAND,False,True,6.98e-07,13014.544736189,3055723.390317179,1.0,2933911.856108938,157925.136237528,-0.0008349041341164327,324.9896994321607,ACCUMULATING_PRE_EMA,0.0,,,,0.0001409456909314174,-2.7343158848248788,-0.009092170554558462,-3.578143101659098,-0.8529193873887777,-0.8438272168342192,0.860025488016184,0.8439681625251506,1,0.32854436100065876,MINER_BURN_ONLY,2365.9368002460105,2365.8917556133715,1.5259021896696368e-05,0.004259071608846805,-0.039863241121295266,5HjMs5JD...,2889672.031439385,,,,False,3408582,1.0,108,5ERVu5z1...,,17.268337247852113,17.268337247852113,0.0,,COUNTER,934403.964796681,0.0,0.0,DIVERGENT,-1.0,1.825580189660835,1295.967040512703,3451.069241962,0.0011293788085981779,3451.069241962,0.0011293788085981779,0.0,EXPOSED,True,True,0.011293788085981778,,UNDEFENDED_BURNER,9671.746398983996,0.0031651249683238136,30.0
94,52,45,11,67,Harnyx,2026-09-13,9059745,0.004546528,0.004573823884129524,-0.005967847652428554,IN BAND,False,False,0.000470767,3004.476810174,936461.164125663,1.0,660828.912815408,68418.353577255,0.00015566218436049352,4328.8917064265115,,0.0,,0.03423759500887128,0.03423759500887128,0.41177740890213443,-5.23746332536616,-0.0726088131045474,-6.121263397457639,-0.956408885196027,-0.8838000720914796,2.806309648146125,1.295577480993614,1,0.007744694582832981,MINER_BURN_ONLY,64.10317219095305,61.53562813052733,0.000869764248111693,0.0032083303881364498,-0.2943339647008773,5HEAv3TU...,1061085.139166258,,,,False,7236936,0.007575063380066638,246,5HGnF3Wr...,0.0,0.7195002661818497,0.7195002661818497,0.008515183885243399,,COUNTER,279137.389357058,6279.314248273,0.0,DIVERGENT,0.7893270282810245,0.047482402103515654,1295.967040512703,522.283347221,0.0005577202421508162,522.283347221,0.0005577202421508162,0.0,NEITHER,False,True,0.005577202421508162,,,29409.163403905986,0.03140457344150963,30.0
95,56,76,99,74,Gittensor,2026-09-13,9059745,0.003397369,0.0033787330612540245,0.005515658801130218,IN BAND,False,True,2.882e-06,6113.882171153,3403602.27125831,1.0,1799593.240136821,352928.555201085,-0.0012658894502273344,-4175.004968305351,,0.0,,,,0.001238803069469633,-4.25311168145286,0.06710718208041765,-5.291256306660671,-0.9710374431273927,-1.0381446252078104,0.7721231185535758,1.03938342827728,1,0.0,,0.0,0.0,9.155413138028923e-05,0.001796297476582862,-0.47126806755967277,5D1VXeeS...,216.588029224,0.0,,,False,5086205,0.7829663202551542,195,5E2LP6En...,0.0,0.2916795134279711,0.2916795134279711,0.07646879291927362,,COUNTER,531791.422968235,154527.389490575,1889.462140574993,OK,-0.09160930703286359,0.0,1295.967040512703,378229.609193408,0.11112626536518813,378229.609193408,0.11112626536518813,0.0,DORMITORY,True,True,1.1112626536518813,0,,14469.404303516005,0.004251203034415262,30.0
96,53,24,100,56,Gradients,2026-09-13,9059745,0.016075039,0.01607910031452775,-0.00025258344361974317,IN BAND,False,False,0.002212817,51049.006111886,2811377.217908427,1.0,3175669.108381007,2850080.152186187,-0.009019599530651996,-44.35170435812324,,0.0,,,,0.11391569628710163,-1.9881226132242669,-0.0030730985640402084,-2.9722986999122076,-0.9872491852519811,-0.9841760866879409,0.9347731721163858,1.0980917829750425,1,0.0,,0.0,0.0,6.103608758678547e-05,0.018158006612099105,0.12957776414098315,5EJ1zbdw...,16307.958429909,0.004582850814894795,,,False,4312927,0.0,50,5G9hfkx9...,0.009994659342336155,0.4617817098300793,0.4571663589498062,0.027835429129532414,,COUNTER,841047.343861356,0.0,0.0,OK,0.0,0.0,1295.967040512703,264724.185506575,0.0941617452899192,264724.185506575,0.0941617452899192,0.0,DORMITORY,True,True,0.9416174528991922,,,21079.534665029994,0.007497938921448784,30.0
97,54,57,101,21,AdTAO,2026-09-13,9059745,0.003450048,0.003453246084973216,-0.0009261097803404971,IN BAND,False,True,9.2314e-05,7525.347423862,3778421.229678583,1.0,2181229.80220602,594497.50767875,-0.0017317969702688176,-3048.8861776315607,,0.0,,,,0.03223787266362479,-1.9666333650729853,-0.011267668994142714,-2.9627804217825853,-1.007414725703743,-0.9961470567096002,0.6955285925660424,1.028384929373225,1,0.060812809219778004,MINER_BURN_ONLY,450.1535876389826,449.568007414675,0.00019836728465705278,0.001991664498587987,-0.42271397424384033,5HjCYVfr...,1943411.504038374,0.0,,,False,3156578,0.9055737004364947,44,5Evf2ADD...,,19.859536847198566,19.859536847198566,0.0,,COUNTER,834025.168428069,0.0,0.0,DIVERGENT,-1.0,0.34689771680984993,1295.967040512703,5839.628796876,0.001545520851674009,5839.628796876,0.001545520851674009,0.0,EXPOSED,True,True,0.01545520851674009,,UNDEFENDED_BURNER,9892.596331010001,0.002618182497310267,30.0
98,55,28,102,5,Hone,2026-09-13,9059745,0.012879863,0.012887452496215701,-0.0005889058538085493,IN BAND,False,False,0.001830399,33519.862687659,3166687.026122272,1.0,2602501.390226667,975793.94758523,-0.015845505017582865,-1735.7325017927215,,0.0,,,,0.1435056168583591,-0.9844133215297202,-0.007165021221337349,-1.998962656936512,-1.0217143566281293,-1.0145493354067918,0.8298894012327089,1.1580549522651509,1,0.0,,0.0,0.0,0.005554283970397478,0.010585151740968017,-0.17816270709028373,5GurNtB3...,,,,,False,2491604,0.0,176,5HbScNss...,0.0899977111467155,0.5492130626017868,0.49978514403574825,0.007782694948878377,,COUNTER,1488567.694632255,0.0,0.0,OK,0.0,0.0,1295.967040512703,6649.821324041,0.0020999300749287996,6649.821324041,0.0020999300749287996,0.0,NEITHER,True,True,0.020999300749287995,,,15563.829412141995,0.004914861899440846,30.0
99,57,22,103,75,Hippius,2026-09-13,9059745,0.017213757,0.017289201728999615,-0.004363690711819835,IN BAND,False,False,0.002525907,33068.654691574,3636188.01916253,1.0,1921059.718541762,1525944.416193156,-0.01292806119265099,-4163.666237859987,,0.0,,,,0.20073642722730436,-2.434061601243912,-0.05309157032714132,-3.5044166883283117,-1.1234466574115414,-1.0703550870844,0.722734904287284,1.2710915143117045,1,0.0,,0.0,0.0,0.0016021972991531186,0.009094319247878227,-0.4716830702397956,5DAQpczE...,1538342.362701345,0.08685304345058484,,,False,5102795,0.0,245,5G9hfkx9...,0.009994659342336155,0.30769184068148564,0.30461656555145783,0.006531559028201685,,COUNTER,784604.879643725,0.0,0.0,OK,0.0,0.0,1295.967040512703,552610.198515076,0.1519751441902475,552609.767120331,0.15197502555096298,0.4313947450136766,DORMITORY,True,True,1.5197502555096298,0,,31386.707128122005,0.008631761328818977,30.0
100,58,5,104,97,Albedo,2026-09-13,9059745,0.022906561,0.02304263412952423,-0.00590527666061769,IN BAND,False,False,0.008247175,12792.595624965,1140276.30163397,1.0,558468.885735101,521580.710362823,-0.0002017478056674679,1158.6002070107497,ACCUMULATING_PRE_EMA,0.0,,,,1.694228171935928,-0.18761809852244613,-0.07184753270418189,-1.2650677570506306,-1.1492971912323664,-1.0774496585281845,2.3047045669844946,2.7716778304641125,1,0.0,,0.0,0.0,7.629510948348184e-05,0.011218855997124315,-0.5102339457623379,5GnW8owm...,1372236.673853292,0.9277308029534679,BUYBACK_GAMING,,False,7735450,0.0,28,5E2LP6En...,0.0,0.6255198779179676,0.6255198779179676,0.18499076801001021,,COUNTER,70872.776437572,4583.298014649,0.0,DIVERGENT,1.0,0.0,1295.967040512703,9381.437139227,0.008227336765469719,9381.437139227,0.008227336765469719,0.0,DORMITORY,False,True,0.08227336765470385,,,35022.657441201976,0.0307141851418081,30.0
101,59,11,105,8,Vanta,2026-09-13,9059745,0.027426917,0.027398812351748347,0.001025761550932988,IN BAND,False,False,0.003752939,78623.561211486,3161979.300890999,1.0,2866656.918102351,1402563.756629258,-0.008329727580013033,-2822.2580075594597,,0.0,,,,0.12544234247378722,-0.6102852588597338,0.012480098869684687,-1.7828110858085593,-1.1600457280791407,-1.1725258269488255,0.8311249853088756,1.2979681694226126,1,0.014404098281980594,SKIN_IN_GAME,121.36895486002322,117.90051814681655,0.0011749446860456203,0.024865299146433706,-0.09339795112831285,5F6tnxzA...,18753.92128858,0.24304771985075418,BUYBACK_GAMING,,False,1477264,0.9506248281340707,114,5G9hfkx9...,0.009994659342336155,0.7103248579180845,0.7032254029407999,0.01736609186632077,,COUNTER,790062.044154245,0.0,0.0,DIVERGENT,-1.0,0.0909749356744238,1295.967040512703,607572.47710339,0.19214941632672455,607571.159893335,0.19214899974902758,1.3172100550727919,DORMITORY,True,True,1.9214899974902762,0,,17224.699421178997,0.005447442181650377,30.0
102,60,50,106,54,Yanez,2026-09-13,9059745,0.004930122,0.004926960915327072,0.0006415891514573409,IN BAND,False,False,0.000170584,8851.013626142,4061506.255979986,1.0,1795292.894377861,891355.583492926,-0.0018134332739084883,-8499.812845297623,,0.0,,,,0.050648973206405934,2.9922881032272852,0.0078060013427309815,1.5916399533787513,-1.392842148505803,-1.400648149848534,0.6470505852676324,1.4512971230549399,1,0.11873982056082369,SKIN_IN_GAME,887.3002736360068,884.5075064123857,0.0009460593575951748,0.0021792441198656655,-0.5579735917558094,5FUfruyV...,3607256.732979271,1.0738147966712228,BUYBACK_GAMING,,False,4742549,0.30125395201075256,59,5DUB7kNL...,0.01998931868467231,0.33547371645766744,0.3287678254290637,0.8222134049566597,,COUNTER,592168.644810087,0.0,0.0,DIVERGENT,-1.0,0.6825077172197697,1295.967040512703,644081.425659809,0.15858191150425816,644081.425659809,0.15858191150425816,0.0,FORTRESS,True,True,1.5858191150425813,0,,12720.205237148995,0.0031318935477251367,30.0
103,62,17,5,68,NOVA,2026-09-13,9059745,0.021760526,0.021717251744121313,0.0019926211837738485,IN BAND,False,False,0.003092379,44355.069982323,3731031.779824582,1.0,2038327.092016674,1687010.953332358,0.0020257665134935203,-8323.5833884913,DISTRIBUTING_PRE_EMA,0.0,,0.0930936372353095,0.0930936372353095,0.18322081365757723,-1.5544583649338666,0.024243557735915158,-2.9853880785875617,-1.4066861559177801,-1.4309297136536954,0.7043628023247654,1.6141505273112726,1,0.0,,0.0,0.0,0.0,0.011888151213873713,-0.45368272743619736,5EcdJLAe...,3137363.375463392,0.6404980787037153,BUYBACK_GAMING,,False,4972413,0.0,11,5E2LP6En...,0.0,0.17099984696842035,0.17099984696842035,0.062295882550438,,COUNTER,682309.357738917,6247.123951755,0.0,DIVERGENT,1.0,0.0,1295.967040512703,560497.623838821,0.1502259044990427,560497.623838821,0.1502259044990427,0.0,DORMITORY,True,True,1.5022590449904285,0,,27537.909875071004,0.0073807760158949185,30.0
104,61,41,3,96,Verathos,2026-09-13,9059745,0.00719103,0.007204685593023896,-0.001895376675023598,IN BAND,False,False,0.000651166,3305.968717649,859571.63263415,1.0,459735.098192808,95992.255365657,0.0007914143622985852,3525.887799631513,,0.0,,0.11005577258036542,0.11005577258036542,0.5176286874296091,-7.553316396485857,-0.023060416212787108,-8.971961634870777,-1.4417056545977072,-1.41864523838492,3.05733681781298,1.9362739258145292,1,0.11463548748286012,MINER_BURN_ONLY,901.6469786060043,900.1154610962767,0.0005188067444876765,0.003846065402970416,-0.4651579255029647,5CGq1JQh...,721249.112675666,,,,False,7692872,0.3637959725805713,40,5DRuogmW...,,8.639031247932557,8.639031247932557,0.0,,COUNTER,260846.479291958,7897.141864024,0.0,DIVERGENT,-1.0,0.6945511984164182,1295.967040512703,188491.208982439,0.2192850506301718,188491.208982439,0.2192850506301718,0.0,FORTRESS,False,True,2.1928505063017187,0,,33094.82468465902,0.038501531958703906,30.0
105,64,79,107,23,Trishool,2026-09-13,9059745,0.00406014,0.0040128573309630156,0.0117827934405128,IN BAND,False,True,5.41e-07,7283.967921576,4198781.507288959,1.0,1794018.794037519,604292.435412716,3.250270980840306e-05,-10914.908230106346,DISTRIBUTING_PRE_EMA,0.0,,,0.008005317503436596,0.00019518866849874632,-5.189882573769454,0.14335732019290573,-6.786482857990529,-1.4532429640281688,-1.5966002842210745,0.6258958689414704,1.5967954728895732,1,0.3279508146159055,,2361.6059732642025,2361.5609286315635,1.5259021896696368e-05,0.001734781366672986,-0.5727286825890275,5CqTRwoF...,1476134.593363701,0.10612528765471797,,,False,2063528,1.0,188,5HKsvivb...,0.0899977111467155,0.8862925965026515,0.8065282914111334,0.4142224935144209,,COUNTER,1164492.309507609,0.055431535,0.0,DIVERGENT,-1.0,1.8222384171879065,1295.967040512703,903865.212435274,0.21526845606664483,903865.212435274,0.21526845606664483,0.0,FORTRESS,True,True,2.152684560666449,0,,10515.841249106,0.002504498324299756,30.0
106,65,82,108,2,DSperse,2026-09-13,9059745,0.003108133,0.0030827471055090427,0.00823482874919942,IN BAND,False,True,1.15e-07,7792.047253681,3233854.134436937,1.0,2506986.216592623,710896.422784174,-0.002026472196230547,-7240.15949914651,,0.0,,,,3.8785699080203836e-05,-5.239545718601186,0.10019041644859294,-6.896313302298985,-1.556577167249206,-1.6567675836977989,0.8126526091621552,1.656806369396879,1,0.3625580484873107,SKIN_IN_GAME,2611.145261236001,2610.514636379054,0.00021362630655374915,0.0024095234137818384,-0.22476824068280266,5EcYQ3W7...,2531689344950839.0,733020804.4733571,BUYBACK_GAMING,,False,2734060,0.8234306558202713,14,5CFxLBvp...,0.179995422293431,0.6896887638063294,0.5655479435139747,0.7972624479269986,,COUNTER,718425.613892888,0.0,0.0,DIVERGENT,-1.0,2.014337212886446,1295.967040512703,1144508.261830867,0.3539146214552881,1144508.261830867,0.3539146214552881,0.0,FORTRESS,True,True,3.5391462145528814,0,,10028.389216705003,0.003101064179090161,30.0
107,67,18,109,28,SayGM,2026-09-13,9059745,0.021805489,0.021348001901060343,0.02142997274686091,IN BAND,False,False,0.002966393,22592.526642297,5033365.372850617,1.0,1036093.577429291,6526582.929138782,-0.0018433106521580824,-21510.0616356401,,0.0,,,,0.3450557313676097,-1.2500810645666807,0.2607313350868077,-3.0845171597995122,-1.5737047601460237,-1.8344360952328314,0.5221158817865923,2.179491826600441,1,0.048501323058100246,MINER_BURN_ONLY,397.5715215741657,396.71567355402374,0.000289921416037231,0.004488552880376704,-0.7941549084096805,5CA6rwAy...,2553107.566088546,0.04615465439264876,,,False,4878363,0.08932169241101406,180,5E2LP6En...,0.0,0.25315107419214444,0.25315107419214444,0.1250915639116103,,COUNTER,1396745.420189219,33762.848582854,0.0,DIVERGENT,-1.0,0.3061155578440308,1295.967040512703,424854.365671035,0.08440761482618561,424848.6144848,0.08440647221367709,5.751186234992929,FORTRESS,True,True,0.8440647221367712,,,28105.222540018985,0.005583783504296203,30.0
108,63,49,110,40,Ralph,2026-09-13,9059745,0.003489802,0.00353418430313468,-0.012558004712802977,IN BAND,False,False,0.000188056,1699.487080222,425302.608137079,1.0,486986.587974995,80063.472892349,-1.8552276038102824e-06,5683.939109261206,ACCUMULATING_PRE_EMA,0.0,,,,0.2908001912762069,-6.4016084696835724,-0.1527890573391029,-7.920608728120184,-1.6717893157757144,-1.5190002584366116,6.179129753074477,1.8098004497128184,1,0.0,,0.0,0.0,0.0,0.003995947938495217,0.14503571792761216,5HeKCDfd...,788145.319254648,,,,True,8409860,1.0,6,5E2LP6En...,0.0,0.8661930462981342,0.8661930462981342,0.22631691387413783,,COUNTER,22349.634720453,0.042920633,0.0,OK,0.0,0.0,1295.967040512703,22427.898380107,0.05273397799826866,22427.898380107,0.05273397799826866,0.0,DORMITORY,False,True,0.5273397799826866,,,42348.70964036099,0.09957312471197356,30.0
109,66,29,111,34,BitMind,2026-09-13,9059745,0.011724015,0.011711778584867716,0.0010447956340376117,IN BAND,False,False,0.001700491,34544.034945259,2686901.334894046,1.0,2946433.876215673,633667.798936448,-0.0033068888932364145,-5868.305750932079,,0.0,,,,0.12936793154250018,-1.1353293565345968,0.012711680214124275,-2.9310918475699754,-1.7830508108212542,-1.7957624910353784,0.978078340976235,1.9251304225778787,1,0.0,,0.0,0.0,0.0010681315327687457,0.012856458291432272,0.09659176412110279,5DthmKBR...,2897882.262259795,0.0,,,False,3493948,0.3624532192774764,102,5CDhVnn1...,,8.885832745885832,8.885832745885832,0.0,,COUNTER,359469.273754254,70171.661546406,0.0,OK,1.0,0.0,1295.967040512703,128280.037042537,0.04774274193718971,128280.037042537,0.04774274193718971,0.0,DORMITORY,True,True,0.4774274193718989,,,12007.670226739001,0.0044689658197711625,30.0
110,68,25,112,118,Ditto,2026-09-13,9059745,0.008164751,0.008069071685895324,0.011857536756294106,IN BAND,False,False,0.00196849,6565.118537247,2204178.053811973,1.0,804080.778028527,758371.656877511,-0.0019519015973399523,-7873.601206947002,,0.0,,,,0.7879814645615391,-6.6062351835008135,0.14426669720157828,-8.659551777679315,-1.9090498969769243,-2.0533165941785025,1.1922811750416697,2.8412980587400414,1,0.0,,0.0,0.0,4.57770656900891e-05,0.0029784882967567356,-0.6352015760484631,5HGXqHbQ...,1449913.494706726,0.32924301840158665,BUYBACK_GAMING,,False,5724794,0.8900079350546298,139,5Cg3DiRf...,,0.4291734859069701,0.4291734859069701,0.009202032687817607,,COUNTER,320927.826926128,1788.13704218,0.0,OK,0.0,0.0,1295.967040512703,109100.588569047,0.0494971757750537,85680.511114985,0.038871864714743215,23420.077454062004,DORMITORY,True,True,0.3887186471474361,,,28615.17318743399,0.012982242127829027,30.0
111,70,71,113,60,Bitsec.ai,2026-09-13,9059745,0.004173561,0.004109214060008526,0.01565918422642133,IN BAND,False,True,2.2911e-05,7118.099797563,3947952.934825843,1.0,1705521.762510344,941320.152788152,0.00042835187573598795,-18222.94188372488,DISTRIBUTING_PRE_EMA,0.0,,,0.10263462681771944,0.00845873332945036,-5.301921371910902,0.19052007475479282,-7.679073733512697,-2.1866322868470016,-2.3771523616017944,0.6656614309704099,2.385611094931245,1,0.20387568203629414,MINER_BURN_ONLY,1476.0082365509588,1475.9631919183198,1.5259021896696368e-05,0.0018029849684307348,-0.567998414679758,5CXLwkK1...,132056.017205614,0.030916481442153802,,,False,4796992,1.0,113,5CXLwkK1...,0.179995422293431,4.079655116992251,3.3453358713976744,0.0,,COUNTER,676150.710676544,0.0,0.0,DIVERGENT,-1.0,1.1388894514897598,1295.967040512703,1058936.063097937,0.2682240848812576,1058936.063097937,0.2682240848812576,0.0,FORTRESS,True,True,2.682240848812577,0,,9325.306753156005,0.0023620612776042056,30.0
112,69,80,114,10,Pareton,2026-09-13,9059745,0.007157114,0.007098885253071785,0.00820251981154628,IN BAND,False,True,2.46e-07,17435.089126572,3494598.95531132,1.0,2436049.972199183,975352.828289386,0.0019830543029549486,-14814.588132736739,DISTRIBUTING_PRE_EMA,0.0,,,0.27707457264966695,3.707970721037027e-05,0.6165834284186679,0.09979732437381307,-1.7156286133907601,-2.232414717435615,-2.332212041809428,0.7520176230825554,2.3322491215166385,1,0.37200673472864126,SKIN_IN_GAME,2678.5856438439805,2678.5405992113415,1.5259021896696368e-05,0.004989153075798014,-0.30290993327785276,5HK5714c...,898304.224313349,0.780605430596145,BUYBACK_GAMING,,False,2869647,0.9071932126834925,201,5GKbzKzG...,0.179995422293431,1.3954167441175782,1.14424811798481,0.256188005493667,,COUNTER,810084.261860747,0.0,0.0,DIVERGENT,-1.0,2.06682771666143,1295.967040512703,62672.323880059,0.017934053286659833,20182.16862601,0.005775245996492908,42490.155254048994,FORTRESS,True,True,0.057752459964930926,,,20529.845268894,0.005874735708282463,30.0
113,72,13,115,53,engy,2026-09-13,9059745,0.026628955,0.025660486426204443,0.03774162958994253,IN BAND,False,False,0.003673512,32988.328259642,4733228.805920049,1.0,1238814.250471164,1507722.08624136,-0.0011223092088040443,-36873.41638125037,,0.0,,,,0.29264864409060437,-2.8145225530757,0.4591898266776341,-6.046071515829141,-2.772359136075806,-3.23154896275344,0.5552235287491384,3.5241976068440444,1,0.21456250157511683,,1758.6859313870082,1757.9652172647834,0.0002441443503471419,0.006969519034951809,-0.7382729050031512,5H8SFVCx...,2598408.37311934,0.1273973216355516,,,False,4203869,0.5836322288191211,101,5G9hfkx9...,0.009994659342336155,0.22562512954894523,0.22337008324003307,0.00781345379074594,,COUNTER,527930.609686226,0.0,0.0,DIVERGENT,-1.0,1.3564891407803914,1295.967040512703,128936.413286526,0.027240688877169808,114803.433984903,0.024254782241102207,14132.97930162301,FORTRESS,True,True,0.24254782241102207,,,24680.175395111,0.005214236709673208,30.0
114,71,51,116,26,Perturb,2026-09-13,9059745,0.003440494,0.003433173056691885,0.0021324131312999927,IN BAND,False,False,0.00016855,1999.95619418,961920.410696628,1.0,581299.122559042,67739.379930007,-0.00014188253281285655,-188.77950230124407,,0.0,,,,0.22147955104667344,-4.038765350322255,0.02594435976414991,-6.851833970166361,-2.7871242600799557,-2.8130686198441057,2.7320347616875993,3.0345481708907793,1,0.0,,0.0,0.0,6.103608758678547e-05,0.002079128555689572,-0.3956889459218438,5FsVAEPM...,1580813.135011987,3.5856933839076888,BUYBACK_GAMING,,False,8123781,0.9625368146373472,136,5FCDcRLj...,,12.988359042718967,12.988359042718967,0.0,,COUNTER,93577.704880545,1668.571827101,0.0,OK,0.0,0.0,1295.967040512703,38847.667548499,0.04038553202168286,35555.976165838,0.036963532294826934,3291.691382660996,DORMITORY,False,True,0.36963532294827034,,,30488.648911495005,0.03169560451411459,30.0
115,75,15,10,110,Green Compute,2026-09-13,9059745,0.014834677,0.014009723206982017,0.05888437486094308,IN BAND,False,False,0.003176093,7927.919058473,2973679.167009238,1.0,534418.074524287,401950.236667237,0.0008840356011466324,-30822.11193492869,DISTRIBUTING_PRE_EMA,0.0,,0.05959250755150466,0.05959250755150466,1.0528326970088508,8.870590080892951,0.7164265608081407,4.975134040756968,-3.179029479327842,-3.895456040135983,0.8837537112798544,4.948288737144834,1,0.0,,0.0,0.0,0.0,0.002666030399791401,-0.8202838929495128,5D53sX6A...,1606024.8699251642,0.032839944746789584,,,False,5606062,1.0,155,5FmpATto...,0.179995422293431,8.947031001256406,7.33660637791284,0.0,,COUNTER,653602.202903777,0.0,0.0,OK,0.0,0.0,1295.967040512703,9205.92186508,0.0030958019840246604,9205.92186508,0.0030958019840246604,0.0,NEITHER,True,True,0.030958019840246608,,,18955.991142200997,0.0063745919036941314,30.0
116,73,9,117,3,Teutonic,2026-09-13,9059745,0.030482499,0.030334065901115537,0.004893280688725753,IN BAND,False,False,0.00417061,82194.447576497,3332918.572715236,1.0,2696447.138874759,3467400.062691199,-0.03954664999786193,-24844.071727728937,,0.0,,,,0.133346757635902,2.933918668252824,0.05953491504616333,-0.608091885246643,-3.4824756384533035,-3.542010553499467,0.7884981113892146,3.675357311135369,1,0.0,,0.0,0.0,7.629510948348184e-05,0.024661402846555436,-0.19096518803935872,5GsGUrd2...,3221035.124423797,0.0,,,False,4165565,0.8,244,5EtUYRu7...,0.09999237048905166,0.30865986809812745,0.2777962362121577,0.012009033478804896,,COUNTER,578475.334942498,0.0,0.0,OK,0.0,0.0,1295.967040512703,387755.098902286,0.11634100577092488,387637.987862087,0.1163058680867469,117.11104019900085,DORMITORY,True,True,1.1630586808674694,0,,22010.778038530992,0.006604055142157111,30.0
117,74,10,118,114,SOMA,2026-09-13,9059745,0.013376785,0.012995535740628839,0.02933694054483926,IN BAND,False,False,0.004112042,6517.219366058,1666042.146566987,1.0,487203.896181731,220997.641570486,-0.00033109223172571404,-15327.161700292025,,0.0,,,,1.658137584301751,1.0353478318750968,0.3569327766288776,-2.842304267802022,-3.5207193230482408,-3.8776520996771184,1.5773910674560088,5.535789683978869,1,0.0,,0.0,0.0,0.00030518043793381633,0.003911797417302588,-0.7075681924092682,5FHrQMjz...,1076007.898564914,0.2512677553582596,BUYBACK_GAMING,,False,7312241,0.0,74,5DUtdSu5...,,0.5361469869362461,0.5361469869362461,0.011109415534869526,,COUNTER,373811.447473431,13816.272943106,0.0,OK,0.0,0.0,1295.967040512703,146039.760277138,0.08765670218971627,146039.760277138,0.08765670218971627,0.0,DORMITORY,False,True,0.8765670218971627,,,33385.677451669,0.020038915294227612,30.0
118,76,19,119,90,KubeTEE,2026-09-13,9059745,0.033941085,0.03354586777277291,0.011781398230749236,IN BAND,False,False,0.002719124,2324.482677639,300468.252801407,1.0,68485.809057666,72451.17724145,,-319.9038114649302,,,,,,3.074171272920871,10.808606203848004,0.14334034514078237,6.681425419911157,-3.9838404387960646,-4.127180783936847,8.74634832631374,7.201352056857718,1,0.0,,0.0,0.0,1.5259021896696368e-05,0.007736200600119159,-0.7720697320041726,5C9y6fnL...,590291.387625673,0.9266353525355686,BUYBACK_GAMING,,True,8618670,0.761085848567156,0,5EKtGWqs...,0.179995422293431,2.2354237043383387,1.8330576706712136,0.4635903070255753,,COUNTER,0.0,106607.067619135,2421.34130510001,OK,-0.057028067620287316,0.0,1295.967040512703,65241.888652897,0.21713405008554532,65241.888652897,0.21713405008554532,0.0,DORMITORY,False,True,2.1713405008554534,0,,54662.35738085402,0.18192390334489955,30.0
119,79,23,6,61,RedTeam,2026-09-13,9059745,0.01833192,0.016484425868839025,0.11207512750888984,IN BAND,False,False,0.002496137,17595.488468948,5103204.196735363,1.0,959827.941365678,667781.505199345,0.001606769924520486,-73018.94803406182,DISTRIBUTING_PRE_EMA,0.0,,0.08764875280497002,0.08764875280497002,0.37281420448068986,16.153993044942723,1.3635807180248263,10.636586927865675,-4.153825399052221,-5.517406117077047,0.5149705750910755,5.890220321557737,1,0.0,,0.0,0.0,0.0005340657663843729,0.003447929534194269,-0.8119166167976802,5ECEsYL8...,,,,,False,4457976,0.021114503816793917,69,5HbLhpEA...,,15.428363673426206,15.428363673426206,0.0,,COUNTER,808370.14496251,0.0,0.0,DIVERGENT,1.0,0.0,1295.967040512703,1021287.884224886,0.20012679188464125,1021287.884224886,0.20012679188464125,0.0,DORMITORY,True,True,2.0012679188464126,0,,26423.779412308006,0.00517788009133789,30.0
120,77,63,120,92,MicroTensor,2026-09-13,9059745,0.002699135,0.002697648713365197,0.000550956330021494,IN BAND,False,True,6.6716e-05,827.671402429,579505.003417625,1.0,306643.205870388,78505.91587134,-2.6195570558567144e-05,32.763659119198564,ACCUMULATING_PRE_EMA,0.0,,,,0.21183485074566208,-17.544917986615037,0.0067033020152615095,-21.988718092208547,-4.43709680357825,-4.443800105593511,4.5349047626878045,4.655634956339173,1,0.059992435952969846,MINER_BURN_ONLY,442.802472062991,442.6222935324348,6.103608758678547e-05,0.0014282385786970192,-0.4708532256826653,5E9LPDS2...,637314.810097395,,,,True,8352006,0.0,15,5G3eBqKj...,,0.8377936299838159,0.8377936299838159,0.01297076237563328,,COUNTER,217395.839189358,0.041020142,0.0,DIVERGENT,-0.8948321819139785,0.3415382333777,1295.967040512703,50000.0,0.08628053201460816,50000.0,0.08628053201460816,0.0,FORTRESS,False,True,0.8628053201460815,,,41024.541793405006,0.07079238583181022,30.0
121,78,69,121,84,SN84,2026-09-13,9059745,0.002230753,0.002221314702183008,0.004248969228770731,IN BAND,False,True,3.1168e-05,1405.916393891,735980.25200188,1.0,630242.772325954,68643.957067949,-0.004139727322791386,-2671.014504165505,,0.0,,,,0.05826057961619473,0.8205126687350931,0.05169579228337722,-3.8545174131197983,-4.623334289571514,-4.675030081854891,3.5707479825060404,4.733290661471086,1,0.0,,0.0,0.0,0.0002746623941405346,0.0019102637469781034,-0.14366864149544858,5G1hDNpP...,209193.06098626298,0.0,,,False,8085297,0.9994963139337881,35,5EyUpUgk...,0.179995422293431,2.512696321097275,2.0604224856862206,1.0,,COUNTER,43139.508394529,56711.626024615,730.0708481109978,OK,-0.24695007069875657,0.0,1295.967040512703,660.436412233,0.0008973561592673183,660.436412233,0.0008973561592673183,0.0,NEITHER,False,True,0.008973561592673181,,,3042.4060302880007,0.004133814762030095,30.0
122,80,54,122,88,Investing,2026-09-13,9059745,0.003434052,0.0032430016435682774,0.05891158174730671,IN BAND,False,False,0.000135716,6555.615685257,3320602.939216266,1.0,1909002.704883655,718125.91070784,-0.0006446650318909965,-103400.25268925587,,0.0,,,,0.05440551507650159,-1.9034225114118326,0.7167575779255649,-14.476213161179668,-11.85603307184227,-12.572790649767835,0.7914225362398387,12.627196164844337,1,0.0,,0.0,0.0,0.0005493247882810692,0.001974224502374339,-0.4251034922085225,5FhMsGJS...,3108757.436512405,0.5644716630527985,BUYBACK_GAMING,,False,5299805,0.5731232537901343,133,5G7Bt3u3...,0.0,0.29245703729946565,0.29245703729946565,0.0024111462100749287,,COUNTER,175269.313011837,0.0,0.0,OK,0.0,0.0,1295.967040512703,1171283.616926267,0.35273221109739644,1171283.616926267,0.35273221109739644,0.0,DORMITORY,True,True,3.527322110973964,0,,10129.522356660995,0.003050506953731656,30.0
123,83,16,123,38,ChronoLLM,2026-09-13,9059745,0.010372342,0.00960175134241581,0.08025521908488714,IN BAND,False,False,0.00311534,5618.104915817,1684593.080807696,1.0,541642.9918428,197714.613143443,-0.0014355570088288021,-56510.03839454579,,0.0,,,,1.457273162868552,18.953572000868878,0.9764384988661269,5.5040091370191995,-12.473124364983551,-13.449562863849678,1.5600206542104385,14.90683602671823,1,0.0,,0.0,0.0,6.103608758678547e-05,0.0033349922778522514,-0.6784725881722515,5GeWgtBA...,1586349.64738511,0.06341860959910957,,,False,7284230,0.0,10,5HbScNss...,0.0899977111467155,1.0414702313901338,0.9477402943375816,0.01675517304522981,,COUNTER,485297.062238848,10641.406258159,0.0,OK,0.0,0.0,1295.967040512703,30135.06461642,0.01788863136133233,30135.06461642,0.01788863136133233,0.0,DORMITORY,False,True,0.178886313613329,,,21805.235565065013,0.012943918512718965,30.0
124,81,75,124,16,trav,2026-09-13,9059745,0.00149756,0.0014904283452779055,0.004784969867682408,IN BAND,False,True,6.408e-06,411.322184637,461538.411320694,1.0,274661.559963586,52464.559514563,0.000900611716787907,-8351.591737073555,DISTRIBUTING_PRE_EMA,0.0,,,0.6013860658590687,0.04094168666069357,-4.455784348562254,0.058217133390135956,-17.313342304920162,-12.799340822967773,-12.857557956357908,5.6940006195366655,12.898499643018601,1,0.0,,0.0,0.0,0.0,0.0008911981636804615,-0.4048998613207741,5FkKY8WJ...,732072.265974628,4.958694683267963,BUYBACK_GAMING,,True,8460646,1.0,1,5E2LP6En...,0.0,0.8967348512630359,0.8967348512630359,0.39085055085909604,,COUNTER,63578.799840379,0.04568655,0.0,OK,0.0,0.0,1295.967040512703,7333.737256624,0.015889765784907223,0.0,0.0,7333.737256624,NEITHER,False,False,0.12759665553246774,,,43551.293108341,0.09436114533505197,30.0
125,82,67,125,103,Capcomp,2026-09-13,9059745,0.002453829,0.00248044659383595,-0.010730968327274736,IN BAND,False,True,4.8075e-05,473.44881175,222289.742210493,1.0,192942.867942426,33752.668831362,,-343.66824228531914,,,,,,0.2668527132489947,-41.93904715194849,-0.13056011464850928,-55.06246110592671,-13.253974068626725,-13.123413953978217,11.822407880213682,13.39026666722721,1,0.0,,0.0,0.0,0.0,0.0021298725125232128,-0.13202080808270955,5H3SQ4du...,1056904.005482174,0.0,,,True,8762380,1.0,103,5H6VKx1U...,,0.9690474965481114,0.9690474965481114,0.019623401593066195,,COUNTER,60139.256694016,0.014698804,0.0,OK,0.0,0.0,1295.967040512703,0.0,0.0,0.0,0.0,0.0,NEITHER,False,,,,,60549.32445798699,0.27238919734159833,30.0
126,126,126,126,59,SN59,2026-09-13,9059745,0.005121898,0.0,,N/A,False,True,0.0,530.317183326,0.0,0.0,103539.189297061,1.256492187,,,,,,,,,0.008359430196865953,,0.008359430196865953,,,,,,,,,,0.0,,,5GzrQ2fe...,529394.544584422,,,,True,8938771,1.0,0,5FKjMupT...,,0.0,0.0,0.0,,,0.0,0.0,,NO_ESTIMATE,,,,0.0,,0.0,,0.0,,False,,,,,0.0,,30.0
127,127,127,127,76,Ormas,2026-09-13,9059745,0.004978196,0.0,,N/A,False,True,0.0,462.504819242,0.0,0.0,92906.103381726,1.928487945,,,,,,,,,0.012257750483349367,,0.012257750483349367,,,,,,,,,,0.0,,,5CLWmDjL...,665605.571332274,,,,True,9003844,1.0,0,5CqaQ34d...,,0.0,0.0,0.0,,,0.0,0.0,,NO_ESTIMATE,,,,0.0,,0.0,,0.0,,False,,,,,0.0,,30.0
128,128,128,128,86,SN86,2026-09-13,9059745,0.005989978,0.0,,N/A,False,True,0.0,709.206653217,0.0,0.0,118398.856999575,2.080993178,,,,,,,,,0.0,,0,,,,,,,,,,0.0,,,5F4XAWGz...,282161.122327909,,,,True,8693284,1.0,0,5F1N5GEH...,,0.0,0.0,0.0,,,0.0,0.0,,NO_ESTIMATE,,,,0.0,,0.0,,0.0,,False,,,,,0.0,,30.0
