combined_apy_rank,real_apy_rank,emission_rank,epr_rank,netuid,name,date,block,spot_price,moving_price,momentum_30d,ema_band,ema_lag_flag,low_emission,tao_emission,tao_reserves,alpha_outstanding,alpha_out_emission,alpha_in_pool,volume,ema_tao_inflow,pool_growth_real,pool_ema_divergence,flow_momentum,flow_price_divergence,emission_price_ratio,emission_price_ratio_raw,emission_apy,price_apy_7d,price_apy_30d,combined_apy_7d,combined_apy_30d,real_apy,gross_emission_rate,net_supply_delta,supply_days_gap,supply_defence,supply_defence_quality,burned_tokens,manual_burn,miner_burn_rate,liquidation_price,liquidation_haircut,owner_coldkey,owner_stake,owner_inflow_pct,owner_inflow_flag,large_entry_anomaly,immune,registered_at,vali_miner_share,best_validator_uid,best_validator_hotkey,best_validator_take,best_validator_raw_apy,best_validator_apy,best_validator_div_pct,best_validator_trust,burned_source,alpha_burned_cum,alpha_recycled_cum,recycled_tokens,recon_flag,recon_gap_relative,burn_coverage,owner_cut_emission,total_locked_alpha,locked_float_ratio,owner_locked_alpha,owner_lock_ratio,community_locked_alpha,commitment_class,gate_eligible,leader_is_owner,leader_pct_of_threshold,leader_blocks_to_threshold,governance_flag,basket_alpha,basket_share,ema_halving_days
1,1,17,12,75,Hippius,2026-08-21,8893368,0.01805292,0.018835113383829594,-0.04152846695901102,IN BAND,False,False,0.002756845,33418.897823095,3515845.728913562,1.0,1851162.936709111,1489663.362548261,-0.01292806119265099,114419.31802099827,ACCUMULATING_PRE_EMA,0.0,,,,0.21679316590127523,,-0.5052630146679674,10.94107965662574,10.435816641957773,10.94107965662574,0.7474730698187042,-10.724286490724465,1,0.0,,0.0,0.0,0.0008850232700083893,0.00950522303873152,-0.47348002213871665,5DAQpczE...,1510300.644456275,,,,False,5102795,0.0,157,5E2LP6En...,0.0,0.29874723122002195,0.29874723122002195,0.42350481480916263,,COUNTER,784604.879643725,0.0,0.0,DIVERGENT,1.0,0.0,1295.967040512703,552610.282545626,0.15717705643369886,552609.767120331,0.1571769098330415,0.5154252951033413,DORMITORY,True,True,1.5717690983304151,0,,7388.7235610140015,0.00210154942244784,30.0
2,2,44,13,50,Synth,2026-08-21,8893368,0.004903988,0.005038792500272393,-0.02675333430878649,IN BAND,False,False,0.000734131,11127.198096016,3271294.147969912,1.0,2269009.865903694,1194539.938434198,-0.0056701551055483215,101825.6756623364,ACCUMULATING_PRE_EMA,0.0,,,,0.17338563143679164,,-0.3254989007569023,10.39123698766894,10.065738086912038,10.39123698766894,0.8033517871301409,-10.217851356232147,1,0.0,,0.001425152993761003,0.0,0.0017090104524299932,0.0034014666956566036,-0.30638763886522485,5DxyiWpG...,2198235.6860186663,,,ENTRY_PRE_EMA_PATTERN,False,4763204,0.0,8,5G9hfkx9...,0.009994659342336155,0.3246360857936564,0.3213914587059194,0.02603348033755017,,COUNTER,467621.572125367,0.0,0.0,DIVERGENT,0.9999978380796359,0.0,1295.967040512703,212500.00519846,0.06495900264130405,212500.00519846,0.06495900264130405,0.0,DORMITORY,True,True,0.6495900264130405,,,7222.556734867004,0.0022078591554810663,30.0
3,3,24,14,93,Bitcast,2026-08-21,8893368,0.012108064,0.012238054303452373,-0.010621811296890726,IN BAND,False,False,0.002003478,18483.48725009,3352095.424734506,1.0,1526543.498426782,921867.913651714,-0.0033716791650470626,43269.25862323865,ACCUMULATING_PRE_EMA,0.0,,,,0.28485642956657775,,-0.12923203744550382,4.044043271365579,3.9148112339200756,4.044043271365579,0.7839872279913225,-3.7591868417990013,1,0.0,,0.0,0.0,3.0518043793392735e-05,0.005514009867888512,-0.5446002046331674,5EbY1Seb...,2279764.348071768,,,,False,5370681,0.9619123189843285,158,5HVydkt4...,0.179995422293431,1.1936818581877746,0.9788245880392586,0.0,,COUNTER,1085835.159306595,0.0,0.0,OK,1.0,0.0,1295.967040512703,427930.957620956,0.12766073258634908,427930.957620956,0.12766073258634908,0.0,DORMITORY,True,True,1.2766073258634907,0,,8042.309258457,0.0023991886385793955,30.0
4,4,21,15,102,ConnitoAI,2026-08-21,8893368,0.009266549,0.009389534592628479,-0.013098156401173672,IN BAND,False,False,0.002224838,4015.020597605,884891.924938762,1.0,433281.110439541,217710.069201096,-9.995717380745074e-05,13725.535355218628,ACCUMULATING_PRE_EMA,0.0,,,,1.4562501291992669,,-0.15936090288094634,3.4830151447703184,3.323654241889372,3.4830151447703184,2.9698542001972363,-2.0267650155710517,1,0.08267922138307746,MINER_BURN_ONLY,738.3508987259993,738.2157648280818,4.5777065690200125e-05,0.0045373005272738316,-0.5103570350435926,5HBc11rC...,883490.767119063,,,,False,7840965,0.2501678569248612,171,5G9hfkx9...,0.009994659342336155,1.0189116985422988,1.0087280232154474,0.03268582241008347,,COUNTER,124636.388115736,7309.092357836,0.0,DIVERGENT,-0.8047410688281712,0.5696254161957954,1295.967040512703,2002.340459168,0.0022628079234722023,2002.340459168,0.0022628079234722023,0.0,EXPOSED,False,True,0.022628079234722022,,,21984.830495089,0.024844650375366956,30.0
5,5,77,16,112,minotaur,2026-08-21,8893368,0.002245289,0.002286431612446904,-0.01799424580334325,IN BAND,False,True,7.4e-08,3394.722545215,1853545.351815799,1.0,1511931.284987551,122086.005635353,-0.0010482548438311206,20289.582409779076,ACCUMULATING_PRE_EMA,0.0,,,,5.728656684302999e-05,,-0.21892999060734283,2.5605857220809383,2.3416557314735953,2.5605857220809383,1.4178234146931001,-2.560528435514095,1,0.3282531484555672,MINER_BURN_ONLY,2363.5465123879258,2363.5014677552867,1.5259021896696368e-05,0.0018314753085967976,-0.1843030858848026,5D7Rf7Hb...,1337121.276289584,,,,False,5633022,0.7999969481490524,0,5E1ohAsz...,0.179995422293431,1.2972241085574083,1.063729707328398,0.8098580802685793,,COUNTER,946637.073471737,0.0,0.0,DIVERGENT,-0.9978798166869464,1.82373578483929,1295.967040512703,109192.016768061,0.05890981661770111,109192.016768061,0.05890981661770111,0.0,FORTRESS,True,True,0.589098166177011,,,10978.405128261998,0.005922922316147896,30.0
6,6,6,17,97,Albedo,2026-08-21,8893368,0.022635789,0.023219160502776504,-0.025124573418868663,IN BAND,False,False,0.008951225,11278.946349108,980532.857383701,1.0,498279.522856707,483192.507176517,-0.0002017478056674679,10758.613599916513,ACCUMULATING_PRE_EMA,0.0,,,,2.0856397904455313,,-0.30568230992956874,2.432370895450719,2.1266885855211504,2.432370895450719,2.6801753558897965,-0.34673110500518795,1,0.0,,0.0,0.0,7.629510948348184e-05,0.011502874446454512,-0.49182798768558444,5GnW8owm...,1625954.02358372,,,,False,7735450,0.6,28,5E2LP6En...,0.0,0.6640716073448972,0.6640716073448972,0.0009308145390179145,,COUNTER,70872.776437572,4583.298014649,0.0,DIVERGENT,1.0,0.0,1295.967040512703,7940.331821389,0.008097976280545791,7940.331821389,0.008097976280545791,0.0,DORMITORY,False,True,0.08097976280545792,,,20550.209684465004,0.02095820607103156,30.0
7,7,38,2,61,RedTeam,2026-08-21,8893368,0.007173186,0.00729592377319932,-0.01682278721855376,IN BAND,False,False,0.001013732,10801.773226031,4371525.479941773,1.0,1505854.217810646,558384.592263582,0.001606769924520486,32820.527263851836,,0.0,,0.22399669052503116,0.22399669052503116,0.24663429237524287,,-0.20467724449240407,2.2932206148446186,2.0885433703522147,2.2932206148446186,0.6011631436344742,-2.0465863224693757,1,0.0,,0.0,0.0,0.0006561379415579438,0.002470939097940446,-0.655531154783879,5ECEsYL8...,,,,,False,4457976,0.0,67,5E2LP6En...,0.0,0.301058371187917,0.301058371187917,0.5122997100564627,,COUNTER,808370.14496251,0.0,0.0,DIVERGENT,1.0,0.0,1295.967040512703,1021287.884224886,0.2336227682787037,1021287.884224886,0.2336227682787037,0.0,DORMITORY,True,True,2.336227682787037,0,,6866.049768244005,0.00157063016096968,30.0
8,8,49,18,1,Apex,2026-08-21,8893368,0.007818535,0.007839991711080074,-0.0027368282864062635,IN BAND,False,False,0.000320793,25098.65511039,2518435.361683092,1.0,3210147.839128652,831124.211301672,-0.002493990990679855,20745.22258793097,ACCUMULATING_PRE_EMA,0.0,,,,0.033589210270115556,,-0.033298077484609535,1.9491390065842902,1.9158409290996807,1.9491390065842902,1.0435050428467956,-1.9155497963141745,1,0.2048392323677497,MINER_BURN_ONLY,1535.4902608790435,1535.3551269811264,4.57770656900891e-05,0.009965971528296978,0.2746597064919423,5HCFWvRq...,13204.849822573,,,,False,1497824,0.5120856985900019,226,5CAQAgXx...,0.0899977111467155,0.4070850313599277,0.3704483102954453,0.03261101785441783,,COUNTER,841050.416439636,0.0,0.0,DIVERGENT,-0.9760452842335827,1.1847177273688365,1295.967040512703,192837.39240436,0.07657031637114764,192824.591394465,0.07656523344939005,12.801009894988965,FORTRESS,True,True,0.7656523344939005,,,7027.658119340997,0.002790485801725859,30.0
9,9,54,19,32,ItsAI,2026-08-21,8893368,0.003153905,0.0032046157866716385,-0.015824295343782116,IN BAND,False,False,0.000166588,7369.935163157,3504901.652116687,1.0,2336765.11621038,303867.761947068,-0.0011755096356559623,23792.267411909066,ACCUMULATING_PRE_EMA,0.0,,,,0.05940259368746822,,-0.1925289266826824,1.7424353975054516,1.5499064708227692,1.7424353975054516,0.7498070590405563,-1.6830328038179834,1,0.0,,0.0,0.0,0.008041504539558986,0.002102750917049594,-0.3332865393695771,5DWgkCSv...,33782.804678562,,,,False,2515294,0.15324267782426781,226,5FBpeAmp...,,5.214224045935725,5.214224045935725,0.0,,COUNTER,17419.272873098,0.0,0.0,OK,1.0,0.0,1295.967040512703,634410.218859858,0.18100656789520006,634410.218859858,0.18100656789520006,0.0,DORMITORY,True,True,1.8100656789520007,0,,6875.311669941001,0.0019616275583050524,30.0
10,10,62,20,66,conjectures,2026-08-21,8893368,0.002413198,0.00242535094730556,-0.00501079949648579,IN BAND,False,True,5.7166e-05,6008.597887915,3107870.7320265,1.0,2489889.469790985,1351963.017283862,-0.005772511456838813,20046.526716524735,ACCUMULATING_PRE_EMA,0.0,,,,0.025002879340979,,-0.060964727207243774,1.5082428145749653,1.4472780873677216,1.5082428145749653,0.8455950155579353,-1.4832399352339865,1,0.0,,0.0,0.0,0.0,0.0019333487155680598,-0.19884372705096734,5CJCRGep...,1038443.162163123,,,,False,4958013,1.0,155,5G9hfkx9...,0.009994659342336155,0.6156891550651552,0.6095355516995082,0.041140206311420374,,COUNTER,876389.726869251,0.0,0.0,OK,1.0,0.0,1295.967040512703,392806.591766313,0.1263909041384684,392806.591766313,0.1263909041384684,0.0,DORMITORY,True,True,1.263909041384684,0,,7205.592730665002,0.002318498210498789,30.0
11,11,26,21,105,Beam,2026-08-21,8893368,0.007070696,0.007149362005293369,-0.011003220320236352,IN BAND,False,False,0.001883128,4982.870915325,1959982.250624619,1.0,704721.464824231,513268.044527926,-0.0010888053840733777,11435.33985854697,ACCUMULATING_PRE_EMA,0.0,,,,0.99317451085871,,-0.13387251389620894,1.4251550826539032,1.2912825687576943,1.4251550826539032,1.3408284688101095,-0.4319805717951933,1,9.156585601578134e-05,MINER_BURN_ONLY,5.969945853052195,0.83485773220076,0.001739528496223386,0.0025423041018545083,-0.6404449997773193,5G3ic2pA...,1993108.890935561,,,,False,6841399,4.585683496127757e-05,42,5CFqNvdc...,,0.4683948162986659,0.4683948162986659,0.009369468351339803,,COUNTER,451650.409847256,1869.377328683,0.0,OK,-0.21955287786323766,0.0006441967319404037,1295.967040512703,195302.954336617,0.09964526682544021,195302.954336617,0.09964526682544021,0.0,DORMITORY,False,True,0.9964526682544051,,,13087.144063648997,0.00667717478537283,30.0
12,12,73,22,74,Gittensor,2026-08-21,8893368,0.003530517,0.003554769791662693,-0.006822605424288019,IN BAND,False,True,4.678e-06,6231.843778261,3318764.088497569,1.0,1765135.997771596,341631.584212811,-0.0012658894502273344,15312.66363370954,ACCUMULATING_PRE_EMA,0.0,,,,0.001972736229827409,,-0.08300836599550422,1.1277031052665503,1.044694739271046,1.1277031052665503,0.7918610452331719,-1.1257303690367229,1,0.0,,0.0,0.0,0.00010681315327687457,0.0018777603987761016,-0.4681344407133285,5D1VXeeS...,216.587394526,,,,False,5086205,0.639177145647662,202,5HbuCiVz...,,0.9761831827084061,0.9761831827084061,0.0,,COUNTER,531791.422968235,107554.881399902,2159.8616574650077,OK,0.002057633871909266,0.0,1295.967040512703,378229.609193408,0.11396700672527632,378229.609193408,0.11396700672527632,0.0,DORMITORY,True,True,1.1396700672527633,0,,7719.482842915003,0.0023260113214041904,30.0
13,14,22,23,49,Nepher Robotics,2026-08-21,8893368,0.007972042,0.007993064587935805,-0.002630103598504013,IN BAND,False,False,0.002148309,4029.80363187,2116729.772082096,1.0,505492.094948203,120581.028901523,-3.683535129229573e-05,7102.979006653186,ACCUMULATING_PRE_EMA,0.0,,,,1.4010002887858162,,-0.03199959378179882,1.049954228077103,1.0179546342953043,1.049954228077103,1.241537788460829,0.351046060708713,1,2.6088842746737066,MINER_BURN_ONLY,23845.926253281068,23845.88120864843,1.5259021896696368e-05,0.0019037874768049073,-0.7611919911103194,5FL781vf...,1696597.392022205,,,,False,6783158,0.990218817712943,109,5CwD7HgZ...,0.0,0.47886036859320497,0.47886036859320497,0.010407446970853045,,COUNTER,718085.305537548,837.682351088,0.0,DIVERGENT,-0.9998567534776054,18.40006764308964,1295.967040512703,80451.602286592,0.038007497861881887,80451.602286592,0.038007497861881887,0.0,FORTRESS,False,True,0.3800749786188189,,,13203.773766436994,0.006237817382541589,30.0
14,80,80,24,90,KubeTEE,2026-08-21,8893368,0.03683597,0.034179608104750514,0.0777177399784256,IN BAND,False,True,0.0,2355.052687254,190530.773619809,1.0,63933.504885871,33822.838121751,,-3120.838573343368,,,,,,,,0.945565836404178,,0.945565836404178,,13.793047443579862,15.725819354488756,1,0.0,,0.0,0.0,1.5259021896696368e-05,0.012360484569035261,-0.6644452536736439,5C9y6fnL...,638881.654709795,0.3785860670965994,BUYBACK_GAMING,,True,8618670,0.8258919034394361,0,5EKtGWqs...,0.179995422293431,2.3011944662159975,1.8869899964901424,0.5385918329976195,,COUNTER,0.0,52794.684041031,2445.9802260450015,OK,0.002046142326297303,0.0,1295.967040512703,35305.050065857,0.18529841345370165,35305.050065857,0.18529841345370165,0.0,DORMITORY,False,True,1.8529841345370166,0,,41149.256704052015,0.2159717085186591,30.0
15,81,81,25,59,Babelbit,2026-08-21,8893368,0.002130434,0.0019864863716065884,0.07246343617096793,IN BAND,False,True,0.0,5255.00431028,3298052.631532732,1.0,2466634.5539391,726960.059240131,-0.0017216286651020377,-107902.06078618998,,0.0,,,,,,0.881638473413443,,0.881638473413443,,0.7968338573113272,13.198547703977317,1,0.41000228793500154,SKIN_IN_GAME,2952.016473132011,2952.016473132011,0.0,0.0015933658123090041,-0.25209332356270875,5DkPyHKT...,2701616.105086907,0.5340320297752337,BUYBACK_GAMING,,False,4401833,1.0,248,5EF9dnwE...,0.179995422293431,0.6979148272306612,0.5722933531784314,0.7499389611182323,,COUNTER,467064.514768361,0.0,0.0,DIVERGENT,-0.9983062425140551,2.2778484180926015,1295.967040512703,386347.293819008,0.11714406559954064,386347.293819008,0.11714406559954064,0.0,FORTRESS,True,True,1.1714406559954076,0,,6981.463009512997,0.0021168440257026593,30.0
16,82,82,26,127,Astrid,2026-08-21,8893368,0.003241562,0.003025243990123272,0.07150431852206192,IN BAND,False,True,0.0,3580.466197974,2907187.632596212,1.0,1104549.417230316,594669.670404989,-0.0011311304522673383,-50243.09154115291,,0.0,,,,,,0.8699692086850866,,0.8699692086850866,,0.9039664212017549,7.356769855548742,1,0.4100022879305632,SKIN_IN_GAME,2952.016473100055,2952.016473100055,0.0,0.0012315910255770207,-0.6200624805026032,5FU4uxAd...,1334917.209051189,0.25547761687162257,BUYBACK_GAMING,,False,5848837,1.0,0,5EKrpcqV...,0.179995422293431,1.2274353701264398,1.0065026223426374,0.5207233328246605,,COUNTER,1176947.393191467,203.185912805,0.0,DIVERGENT,-0.9983062425140368,2.2778484180679435,1295.967040512703,5535.674552263,0.0019041339094165947,5535.674552263,0.0019041339094165947,0.0,EXPOSED,True,True,0.019041339094165947,,UNDEFENDED_BURNER,9449.785527146996,0.003250490412518725,30.0
17,13,40,27,85,Vidaio,2026-08-21,8893368,0.005450036,0.005538383033126593,-0.015951773757460364,IN BAND,False,False,0.000881736,12998.130217715,2626687.8047174,1.0,2384961.89240716,1395956.085740903,-0.006693889346863315,14694.243940269575,ACCUMULATING_PRE_EMA,0.0,,,,0.17827196444315602,,-0.19407991404910108,1.0563162285139938,0.8622363144648927,1.0563162285139938,1.0004995627117328,-0.8780442640708377,1,0.0,,0.0,0.0,0.00010681315327687457,0.004948486909777023,-0.09202674812110913,5GTPBjA4...,2966088.473617783,,,,False,5258781,0.0,0,5FR392L6...,0.179995422293431,0.36326833226558286,0.29788169539360887,1.0,,COUNTER,496360.999970373,0.0,0.0,OK,1.0,0.0,1295.967040512703,143874.406841709,0.05477407957783096,143874.406841709,0.05477407957783096,0.0,DORMITORY,True,True,0.5477407957783097,,,7869.360285401002,0.0029959252375817273,30.0
18,15,36,28,100,BASE,2026-08-21,8893368,0.005345824,0.005407580407336354,-0.011420340093800678,IN BAND,False,False,0.001043031,2914.540090596,1817525.643177288,1.0,545199.346625833,344729.904330963,-0.001453934361040321,,,,,,,0.940486451651269,,-0.1389474711412416,0.940486451651269,0.8015389805100274,0.940486451651269,1.4459218277690378,,,,,,,0.0,0.0016035757743153368,-0.7000320672144581,5FX6kmhY...,1482826.999096056,,,,False,6693448,1.0,153,5Fvp484S...,0.0,0.5751013696745515,0.5751013696745515,0.024995040666534418,,,665094.912643286,1077.059572996,,NO_ESTIMATE,,,,307405.54548976,0.16913408987857376,307405.54548976,0.16913408987857376,0.0,,False,True,1.6913408987857392,0,,14244.170811078004,0.007837122334173625,30.0
19,16,5,7,64,Chutes,2026-08-21,8893368,0.076799511,0.07703274209052324,-0.0030276877622915977,IN BAND,False,False,0.010670127,208956.955848254,3274195.838970842,1.0,2720811.027143147,4939801.526498166,0.006078987608972017,13449.717834345065,,0.0,,0.07915398848010917,0.07915398848010917,0.13419555066816555,,-0.03683686777454777,0.718989282648712,0.6821524148741642,0.718989282648712,0.8026398325721541,-0.5847937319805464,1,0.011734560247221706,MINER_BURN_ONLY,96.58763809100492,96.22728102989254,0.00012207217517357094,0.06381932117839786,-0.1690139644457129,5FRYKhbm...,645813.158809073,,,,False,4531295,0.2767103636668854,194,5FEm1mew...,,19.93824972874113,19.93824972874113,0.0,,COUNTER,273428.353503572,0.0,0.0,DIVERGENT,-0.9498298876385527,0.07425133357698947,1295.967040512703,736400.654530399,0.22491038738900462,736400.129135762,0.22491022692375975,0.5253946370212361,DORMITORY,True,True,2.249102269237599,0,,6741.755427996998,0.0020590568675684633,30.0
20,83,83,29,70,SN70,2026-08-21,8893368,0.008866747,0.008412163006141782,0.05403889505307048,IN BAND,False,True,0.0,679.380472074,92669.911983415,1.0,76621.159025977,4562.747001086,,-127.44435331701243,,,,,,,,0.6574732231456908,,0.6574732231456908,,28.358719068065255,31.315433518404443,1,0.41000228793569427,SKIN_IN_GAME,2952.0164731369987,2952.0164731369987,0.0,0.007331187194777823,-0.1731818676254298,5EP42hSo...,629347.570361479,8.917621997454697,BUYBACK_JUSTIFIED,,True,8825571,1.0,0,5DFxKepZ...,0.179995422293431,2.8340106868682513,2.3239017365013037,0.6553239539780877,,COUNTER,25534.942492688,0.0,0.0,DIVERGENT,-0.9983062425140679,2.27784841809645,1295.967040512703,0.0,0.0,0.0,0.0,0.0,EXPOSED,False,,,,,22275.654176645996,0.24037633898511349,30.0
21,17,35,30,81,Reliquary,2026-08-21,8893368,0.006837942,0.006866621319204569,-0.004176627466605578,IN BAND,False,False,0.001067193,18784.036657011,2483600.029973846,1.0,2747030.713562945,893102.583988698,-0.010295262693937652,11293.391646777745,ACCUMULATING_PRE_EMA,0.0,,,,0.14930673609781367,,-0.05081563417703454,0.5859654025024256,0.5351497683253911,0.5859654025024256,1.0581413948636789,-0.43665866640461193,1,0.0007096326043734329,MINER_BURN_ONLY,7.213062962051481,5.906768615519098,0.00044251163500419466,0.0075632293567047554,0.10606807672611962,5GnpQR4N...,20954.257601144,,,,False,5203057,0.024700027478398945,18,5FZY125T...,,19.790977117051252,19.790977117051252,0.0,,COUNTER,851542.132435436,0.0,0.0,OK,-0.3034586850465433,0.004557807745775923,1295.967040512703,551691.111554467,0.22213363862790608,546364.250504665,0.21998882425139066,5326.8610498020425,DORMITORY,True,True,2.1998882425139072,0,,7691.648704894002,0.00309697560479374,30.0
22,18,11,31,8,Vanta,2026-08-21,8893368,0.02803491,0.028069542022421956,-0.0012337936398923895,IN BAND,False,False,0.003980168,79037.827996522,3026806.938770204,1.0,2819264.522605865,1385828.878314919,-0.008329727580013033,11580.88314400101,ACCUMULATING_PRE_EMA,0.0,,,,0.13234019417209036,,-0.01501115595202407,0.5374895071767325,0.5224783512247084,0.5374895071767325,0.868241699309623,-0.4051493130046422,1,0.05883342382672227,MINER_BURN_ONLY,485.36165148194414,483.7400447069384,0.0005493247882810692,0.02611260962307533,-0.06856809516865474,5F6tnxzA...,21151.459674922,,,,False,1477264,0.7679659231438648,1,5FeNwZ5o...,0.0,0.39300012211373264,0.39300012211373264,0.5507248588432779,,COUNTER,783932.369691666,0.0,0.0,DIVERGENT,-0.9900924588991636,0.3732657001180863,1295.967040512703,607572.733680193,0.20073058704135607,607571.159893335,0.20073006709182187,1.5737868580035865,FORTRESS,True,True,2.0073006709182186,0,,6886.611938674,0.0022752068691477365,30.0
23,84,84,32,24,Quasar,2026-08-21,8893368,0.004227255,0.00410899892449379,0.028779777673166227,IN BAND,False,True,0.0,8904.904459603,3637760.599226149,1.0,2106545.385340356,1557775.555997649,-0.003987432863262727,-36917.57103731902,,0.0,,,,,,0.3501539616901891,,0.3501539616901891,,0.7224224707252719,4.480384859149609,1,0.4100022879340233,MINER_BURN_ONLY,2952.016473124968,2952.016473124968,0.0,0.002447908326209624,-0.4209224836898593,5ELutYW7...,340580.06105425,0.008510669013064692,,,False,2538424,1.0,155,5ELpkVn8...,0.179995422293431,3.1636790755183712,2.5942313243195505,0.0,,COUNTER,607736.726911014,0.0,0.0,DIVERGENT,-0.9983062425137356,2.2778484180871668,1295.967040512703,700000.000065042,0.19242607669508302,0.0,0.0,700000.000065042,EXPOSED,True,False,0.34897874077950647,166156,UNDEFENDED_BURNER,6967.395906460998,0.0019152980841958523,30.0
24,19,32,33,63,Enigma,2026-08-21,8893368,0.008148351,0.008241491625085473,-0.011301428105802053,IN BAND,False,False,0.001172623,15257.31738358,3881900.623416657,1.0,1872442.259444507,1216304.760585786,-0.0023243817583002914,11189.140565693146,ACCUMULATING_PRE_EMA,0.0,,,,0.201978707430999,,-0.13750070862059163,0.4798919328072795,0.3423912241866879,0.4798919328072795,0.676987964129531,-0.2779132253762805,1,0.0,,0.0,0.0,9.15541313801782e-05,0.003930372996038024,-0.5176480497663853,5CqTmNfg...,281695.852803978,,,,False,4885578,0.0,141,5E2LP6En...,0.0,0.3016071761718647,0.3016071761718647,0.39797646843382317,,COUNTER,725439.396179942,0.0,0.0,OK,1.0,0.0,1295.967040512703,72397.992373783,0.01865014058759234,72397.992373783,0.01865014058759234,0.0,DORMITORY,True,True,0.1865014058759234,,,7014.465391998001,0.0018069667599641475,30.0
25,23,29,34,19,blockmachine,2026-08-21,8893368,0.010938413,0.010955637320876122,-0.0015721879404770977,IN BAND,False,False,0.001569366,33314.243595058,2729166.721767712,1.0,3045619.440900066,1665059.031979206,-0.008205630128196056,9626.996744969394,ACCUMULATING_PRE_EMA,0.0,,,,0.12379971456448793,,-0.019128286609138023,0.3107849743847373,0.2916566877755993,0.3107849743847373,0.9629312782686339,-0.18698525982024933,1,0.0,,0.0,0.0,0.00025940337224383825,0.012206745498303594,0.11595214939348104,5FWh37Lf...,1217199.034437626,,,,False,1956072,0.5162550749412376,175,5CXy2zBw...,,18.652913483529574,18.652913483529574,0.0,,COUNTER,1006514.180053119,0.0,0.0,OK,1.0,0.0,1295.967040512703,169492.989899939,0.0621043003888588,169492.989899939,0.0621043003888588,0.0,DORMITORY,True,True,0.621043003888588,,,6737.960768921999,0.002468871071591312,30.0
26,22,68,35,121,sundae_bar,2026-08-21,8893368,0.004546276,0.004560914123430848,-0.0032094713986495268,IN BAND,False,True,1.6721e-05,6267.340360898,2799591.062355654,1.0,1378565.544889819,547831.33715537,-0.0014768339828714987,9647.214050808689,ACCUMULATING_PRE_EMA,0.0,,,,0.007011393265660104,,-0.03904856868356924,0.323188463900809,0.28413989521723976,0.323188463900809,0.9387085261619343,-0.31617707063514894,1,0.26230597169459996,MINER_BURN_ONLY,1895.59452662291,1895.549481990271,1.5259021896696368e-05,0.0022386627979961065,-0.5075831740096496,5CXGaDJs...,1803041.93530249,,,,False,5766528,0.6110415967284157,0,5EL9y2gd...,0.179995422293431,0.8243705065270909,0.6759875890784975,0.7684912484167798,,COUNTER,1253543.728738921,0.0,0.0,DIVERGENT,-0.9966157394851439,1.4626525387870701,1295.967040512703,202885.709556554,0.0724697661328581,202885.709556554,0.0724697661328581,0.0,FORTRESS,True,True,0.7246976613285809,,,9143.367363906997,0.003265965335742111,30.0
27,21,20,36,28,gm,2026-08-21,8893368,0.017744385,0.017854801379144192,-0.006184128112069918,IN BAND,False,False,0.002506539,19951.51790054,4756107.615102285,1.0,1124384.872515769,6443154.337697626,-0.0018433106521580824,8227.599541686708,ACCUMULATING_PRE_EMA,0.0,,,,0.3301595660459355,,-0.07524022536351734,0.3336734903971911,0.25843326503367375,0.3336734903971911,0.5525526780881055,-0.0035139243512555813,1,0.033376208049598226,MINER_BURN_ONLY,275.4254507869482,274.25429033833296,0.00039673456931410556,0.004194925665093665,-0.7635913746746553,5CA6rwAy...,2744193.200963299,,,,False,4878363,0.16084812773817336,3,5Evgh9QT...,0.179995422293431,0.32851417581912334,0.2693831280131818,0.6759450014497399,,COUNTER,1384331.639242584,33762.848582854,0.0,DIVERGENT,-0.8721747943920476,0.21162134665850302,1295.967040512703,434351.374099857,0.09132496765225441,434344.502651163,0.0913235228891729,6.871448693971615,DORMITORY,True,True,0.9132352288917289,,,6862.943167301,0.0014429747437818238,30.0
28,24,31,10,67,Harnyx,2026-08-21,8893368,0.005899386,0.005922213429585099,-0.003854543551413021,IN BAND,False,False,0.001310135,3291.018940864,859679.842785152,1.0,557857.900764769,65379.843415227,0.00015566218436049352,6309.8470481764525,,0.0,,0.02638616702831337,0.02638616702831337,1.0461911164498163,,-0.04689694654219175,0.2826588972078439,0.23576195066565211,0.2826588972078439,3.056951982828775,0.7635322192419725,1,0.01191397516056531,MINER_BURN_ONLY,107.80372005101526,104.83077429683811,0.0010070954451819603,0.0038281913534251367,-0.3510864768935044,5HEAv3TU...,989454.956480965,,,,False,7236936,0.01641998503108344,246,5HGnF3Wr...,0.0,0.7037958924758566,0.7037958924758566,0.016343409989165433,,COUNTER,276411.458952152,6279.314248273,0.0,DIVERGENT,0.8447838101965158,0.08089000030075268,1295.967040512703,522.283347221,0.0006075323873233202,522.283347221,0.0006075323873233202,0.0,NEITHER,False,True,0.006075323873233202,,,21294.190977877,0.02476990842182485,30.0
29,85,85,37,87,Provenonce,2026-08-21,8893368,0.004627231,0.004554539453238249,0.015960240877937248,IN BAND,False,True,0.0,1780.52360651,1622077.406227642,1.0,384792.43691243,94785.633584847,-0.0004810604927689679,-5077.200580187375,,0.0,,,,,,0.19418293068156983,,0.19418293068156983,,1.620144630527692,2.782535653136545,1,0.4100022879401351,MINER_BURN_ONLY,2952.016473168973,2952.016473168973,0.0,0.00109768103524162,-0.7627779907159119,5HartH15...,4232.389635341,1.2673413709910919e-05,,,False,7208725,1.0,1,5E2LP6En...,0.0,0.6590418754736511,0.6590418754736511,0.4823744849687166,,COUNTER,673528.248211051,811.040088965,0.0,DIVERGENT,-0.9983062425140763,2.2778484181211223,1295.967040512703,166138.113272509,0.10242304876120889,166138.113272509,0.10242304876120889,0.0,FORTRESS,False,True,1.0242304876120896,0,,16644.532171542007,0.010261244073580368,30.0
30,86,86,38,109,Finsight,2026-08-21,8893368,0.002626023,0.00258694333024323,0.015106503996396271,IN BAND,False,True,0.0,1340.305160953,1432052.410388099,1.0,510393.379033032,62920.937112605,-0.000708007104294364,-6232.10054622835,,0.0,,,,,,0.1837957986228213,,0.1837957986228213,,1.8351283660685216,3.4546887096408647,1,0.41000228797277993,,2952.0164734040154,2952.0164734040154,0.0,0.0009359330365498043,-0.6435929782222759,5FqZqKFx...,527065.244276083,0.09276855401613805,,,False,7257480,1.0,0,5DyQkk4x...,0.179995422293431,2.684851556022082,2.201590566400712,0.31335174813435684,,COUNTER,653045.178603331,1308.746301495,0.0,DIVERGENT,-0.9983062425141322,2.2778484183024865,1295.967040512703,170988.525022344,0.11940102455887391,170988.525022344,0.11940102455887391,0.0,FORTRESS,False,True,1.1940102455887418,0,,16954.542023195,0.0118393306698881,30.0
31,31,19,39,118,Ditto,2026-08-21,8893368,0.010217389,0.010049381060525775,0.016718237517548702,IN BAND,False,False,0.002623042,6936.356354799,2121715.14275874,1.0,678877.619028661,712601.539022678,-0.0019519015973399523,3119.2808922361583,ACCUMULATING_PRE_EMA,0.0,,,,0.9938004945825413,,0.20340522313017587,-0.02840445982520745,0.17500076330496842,-0.02840445982520745,1.2386205608086331,1.0222049544077487,1,0.0,,0.0,0.0,4.57770656900891e-05,0.003269221308276128,-0.6800335870273582,5DUJfND9...,1561812.792255293,0.0,,,False,5724794,0.6500183116645304,72,5E2LP6En...,0.0,0.6161399020633186,0.6161399020633186,0.026384459263554653,,COUNTER,320927.826926128,1788.13704218,0.0,OK,1.0,0.0,1295.967040512703,116328.758168214,0.054827698508555976,116328.758168214,0.054827698508555976,0.0,DORMITORY,True,True,0.548276985085563,,,12563.216000024002,0.005921254812598829,30.0
32,20,43,40,88,Investing,2026-08-21,8893368,0.004805142,0.004887848859652877,-0.016920911842341704,IN BAND,False,False,0.00075287,7701.666682252,3448803.717755835,1.0,1602796.814623117,691415.408359705,-0.0006446650318909965,9360.460486093303,ACCUMULATING_PRE_EMA,0.0,,,,0.25689794711051633,,-0.20587109408182405,0.3785191801908194,0.17264808610899537,0.3785191801908194,0.7620033539369011,-0.12162123308030312,1,0.0,,0.0,0.0,0.0008239871824216038,0.0022331414926864955,-0.5352600417039715,5FhMsGJS...,2910383.675124952,,,,False,5299805,0.0,153,5E2LP6En...,0.0,0.2664877847389087,0.2664877847389087,0.12800439500068672,,COUNTER,175269.312981134,0.0,0.0,DIVERGENT,1.0,0.0,1295.967040512703,898473.832136582,0.26051753177801207,898473.832136582,0.26051753177801207,0.0,DORMITORY,True,True,2.605175317780121,0,,7808.739313764001,0.002264187803313206,30.0
33,87,87,41,27,Orion,2026-08-21,8893368,0.00228612,0.0022657248191535473,0.009001614262261622,IN BAND,False,True,0.0,6165.893279304,3191482.419158994,1.0,2697099.448915098,815495.536725319,-0.002571603639063033,-17583.262177179568,,0.0,,,,,,0.10951964019084973,,0.10951964019084973,,0.8234417912577815,2.8559966549820577,1,0.4100022879354462,,2952.0164731352124,2952.0164731352124,0.0,0.001931984096885237,-0.15490696162702006,5CopvHeT...,35151.136989769,0.06269300265761597,,,False,1727132,1.0,152,5GP7c3fF...,0.0009918364232852674,0.38252896381196566,0.38214955765269537,0.07853131485777072,,COUNTER,1251613.740075644,0.0,0.0,DIVERGENT,-0.9983062425143724,2.2778484180950715,1295.967040512703,29259.979274079,0.009168146782957829,29259.979274079,0.009168146782957829,0.0,FORTRESS,True,True,0.0916814678295783,,,6857.261131082001,0.0021486131616820867,30.0
34,88,88,42,30,Endure Network,2026-08-21,8893368,0.003777105,0.003743907902389765,0.008866964272557303,IN BAND,False,True,0.0,8962.044887902,3379434.083156955,1.0,2372727.991093981,402247.676051043,-0.0016359655505931488,-39808.861242934596,,0.0,,,,,,0.10788139864944718,,0.10788139864944718,,0.7776449947930364,5.148368796714665,1,0.41000228793764515,MINER_BURN_ONLY,2952.016473151045,2952.016473151045,0.0,0.0026519365868293418,-0.2978917486198181,5HTogQKF...,1036.791979297,0.0,,,False,3250216,1.0,116,5E2LP6En...,0.0,0.3242822329240403,0.3242822329240403,0.694008668050299,,COUNTER,736359.445304287,18187.150616168,0.0,DIVERGENT,-0.9983062425140661,2.2778484181072884,1295.967040512703,4962.596266974,0.0014684696149889415,4962.596266974,0.0014684696149889415,0.0,EXPOSED,True,True,0.014684696149889414,,UNDEFENDED_BURNER,6969.926617956003,0.002062453785589133,30.0
35,27,13,43,114,SOMA,2026-08-21,8893368,0.010548222,0.010491239139810205,0.005431470909243407,IN BAND,False,False,0.003515804,5183.026823097,1443473.727487567,1.0,491365.079620569,197286.567790091,-0.00033109223172571404,2569.598037163436,ACCUMULATING_PRE_EMA,0.0,,,,1.7826519575060058,,0.06608289606246145,0.02692665587665899,0.09300955193912044,0.02692665587665899,1.8206081274330885,1.7557253016293468,1,0.0,,0.0,0.0,1.5259021896696368e-05,0.003590662389206278,-0.6595954854565748,5FHrQMjz...,960596.983297574,0.02158981706955282,,,False,7312241,0.6499984740745262,5,5E2LP6En...,0.0,0.5851734250733648,0.5851734250733648,0.28959697233286025,,COUNTER,373811.447473431,13816.272943106,0.0,DIVERGENT,1.0,0.0,1295.967040512703,146039.760277138,0.10117244082531864,146039.760277138,0.10117244082531864,0.0,DORMITORY,False,True,1.0117244082531864,0,,17095.594333198005,0.011843370618842976,30.0
36,89,89,44,39,deprecated,2026-08-21,8893368,0.008182603,0.008123815292492509,0.00723646530489423,IN BAND,False,True,0.0,19095.22194518,3539551.49092278,1.0,2333636.366533291,1073649.553681595,-0.008167090216750057,-64212.768313786946,,0.0,,,,,,0.08804366120954646,,0.08804366120954646,,0.7424669500470712,7.515210220555596,1,0.41000228793334426,,2952.0164731200784,2952.0164731200784,0.0,0.005394814002324847,-0.3406970859609287,5DkwfxC9...,478777.858513299,0.13424348165533725,,,False,3280104,1.0,136,5GP7c3fF...,0.0009918364232852674,2.6505497343863706,2.6479208226180773,0.17776590874408668,,COUNTER,1479862.139238408,0.0,0.0,DIVERGENT,-0.9983062425140482,2.2778484180833938,1295.967040512703,532154.515134996,0.1503451825746037,530579.570726017,0.14990022664925043,1574.944408979034,FORTRESS,True,True,1.4990022664925053,0,,6885.91982275,0.0019454215711818348,30.0
37,28,15,45,38,ChronoLLM,2026-08-21,8893368,0.009978383,0.009932066779583693,0.0046633013494749385,IN BAND,False,False,0.003242118,5035.411600565,1505178.230629591,1.0,504632.143193447,180655.868730723,-0.0014355570088288021,2686.689396914793,ACCUMULATING_PRE_EMA,0.0,,,,1.6920734152187238,,0.05673683308527842,0.0232989317738852,0.08003576485916361,0.0232989317738852,1.745972634018731,1.6687744834448386,1,0.0,,0.0,0.0,6.103608758678547e-05,0.003345392258602339,-0.6647360340245169,5GeWgtBA...,1451372.477512433,0.6387634577375613,BUYBACK_GAMING,,False,7284230,0.0,9,5DkrZxTv...,0.179995422293431,0.9714139701131611,0.7965639023409044,0.016022950969770033,,COUNTER,485297.062238848,10641.406258159,0.0,OK,1.0,0.0,1295.967040512703,35933.392329017,0.023873180994643178,35933.392329017,0.023873180994643178,0.0,DORMITORY,False,True,0.23873180994643647,,,16540.15867492,0.010988837294040273,30.0
38,90,90,46,116,Memo,2026-08-21,8893368,0.007756423,0.007713081547990441,0.005619213506286726,IN BAND,False,True,0.0,1634.577277131,585333.854886215,1.0,210738.523285249,106235.518445006,0.0001614247536338362,1848.8261060155346,,0.0,,,0.020811752225714894,,,0.06836709765982182,,0.06836709765982182,,4.4897454300005695,3.3644839524484396,1,0.41000228802222005,MINER_BURN_ONLY,2952.0164737599844,2952.0164737599844,0.0,0.0027925555022761347,-0.6399686424688115,5F48aA3P...,81338.476683827,,,,True,8294730,1.0,0,5CXN6pP6...,0.179995422293431,13.246941141867275,10.86255237694065,0.0,,COUNTER,155922.640116406,1764.319155568,0.0,DIVERGENT,-0.9983062425144155,2.277848418577161,1295.967040512703,30.45052749,5.20224949160328e-05,30.45052749,5.20224949160328e-05,0.0,EXPOSED,False,True,0.000520224949160328,,,28699.723709296,0.049031374949045164,30.0
39,91,91,47,65,True Performance Network,2026-08-21,8893368,0.003308284,0.0032912064343690872,0.005188846695417441,IN BAND,False,True,0.0,6970.152552356,3605996.327349907,1.0,2106878.09587632,279358.272403226,-0.00012719120635281114,584.8844524454325,ACCUMULATING_PRE_EMA,0.0,,,,,,0.06313096812757886,,0.06313096812757886,,0.7287860999934381,0.6578985835081395,1,0.4100022879362546,MINER_BURN_ONLY,2952.016473141033,2952.016473141033,0.0,0.0019329339022035154,-0.41572915076108474,5GxEEHxL...,1073925.01705727,,,,False,4950813,1.0,0,5DAmVrUg...,0.179995422293431,1.3064540389679544,1.071298292516959,0.30216551955682386,,COUNTER,965476.471241044,0.0,0.0,DIVERGENT,-0.95680827172069,2.277848418099563,1295.967040512703,171794.150223016,0.04764124381381989,171794.150223016,0.04764124381381989,0.0,FORTRESS,True,True,0.4764124381381989,,,7006.798215222002,0.00194309632599415,30.0
40,92,92,48,108,Prometheon,2026-08-21,8893368,0.003316806,0.003302787896245718,0.004244324550848761,IN BAND,False,True,0.0,2023.535446854,1616703.895504399,1.0,610085.402719873,53116.840604552,0.0005111478403079943,-6465.430653985473,DISTRIBUTING_PRE_EMA,0.0,,,0.15410845262218964,,,0.0516392820353266,,0.0516392820353266,,1.625529577375135,3.110399404495044,1,0.2709697272742316,SKIN_IN_GAME,1951.1622149050236,1950.9820363744675,6.103608758678547e-05,0.0012516425874155965,-0.622636178475438,5GpmtjiG...,1535434.086087292,2.4835252948492523,BUYBACK_GAMING,,False,7105263,0.6609238375730571,0,5CAxp9fh...,0.179995422293431,1.0353376737342557,0.8489816319341598,0.8145180980284441,,COUNTER,466707.791070354,0.238163524,0.0,DIVERGENT,-0.9974374247503336,1.5054256592842292,1295.967040512703,414911.716294652,0.25664051249483927,414911.716294652,0.25664051249483927,0.0,FORTRESS,False,True,2.5664051249483975,0,,15004.692023478003,0.009281039072895075,30.0
41,93,93,49,95,Actual,2026-08-21,8893368,0.04909738,0.0488925336394459,0.004189726841826714,IN BAND,False,True,0.0,29437.536037652,2834973.154508635,1.0,599574.476143845,555772.295804336,-0.0011390409750780188,-3110.354578961269,,0.0,,,,,,0.05097500990889168,,0.05097500990889168,,0.9269929049664993,1.3316450507799265,1,0.41000228793554316,,2952.016473135911,2952.016473135911,0.0,0.01038370892184134,-0.7885078812384421,5D5UhUuc...,437062.003773648,0.08857786011260604,,,False,5403674,1.0,0,5ExqqyEB...,0.179995422293431,2.465293261368527,2.021551759711349,0.0,,COUNTER,1001944.074463649,14658.86980412,0.0,DIVERGENT,-0.9983062425140573,2.2778484180956107,1295.967040512703,9024.997700073,0.003183450850573305,9024.997700073,0.003183450850573305,0.0,EXPOSED,True,True,0.03183450850573305,,UNDEFENDED_BURNER,10706.402800668,0.003776544685666931,30.0
42,94,94,50,31,rec4ll,2026-08-21,8893368,0.004696615,0.004685042425990105,0.002470110824546054,IN BAND,False,True,0.0,1953.780670902,1647920.062204332,1.0,415997.559456031,47261.117309126,-3.4653599990985635e-05,-4017.205214712769,,0.0,,,,,,0.03005301503197699,,0.03005301503197699,,1.5947375484249333,2.500432576991508,1,0.410002287935139,,2952.0164731330005,2952.0164731330005,0.0,0.001185604032448355,-0.7475620138230715,5H3mfhC8...,826821.928293558,0.0609311591604332,,,False,7173591,1.0,0,5CDZ527X...,0.179995422293431,1.871074837765105,1.534289932198962,0.4358223076805689,,COUNTER,686971.576306128,729.248648798,0.0,DIVERGENT,-0.9983062425141346,2.277848418093365,1295.967040512703,392208.035097904,0.23800185706415203,392208.035097904,0.23800185706415203,0.0,FORTRESS,False,True,2.380018570641521,0,,16089.100076183999,0.009763277021254596,30.0
43,26,50,9,89,InfiniteQuant,2026-08-21,8893368,0.003573145,0.0035856657195836306,-0.003491881442056088,IN BAND,False,False,0.000253236,6649.077230841,2810612.855467933,1.0,1860846.976892118,186449.069948594,0.00022740814707736934,7333.713287380291,,0.0,,0.06364369402231629,0.06364369402231629,0.10008970942811933,,-0.04248455754501573,0.05502434832616217,0.012539790781146434,0.05502434832616217,0.9350273890932124,0.04506536110195716,1,0.0,,0.0,0.0,0.0007019150072480329,0.002365703699784013,-0.33792115915138815,5Dc5NmEU...,125744.724114106,,,,False,5313364,0.0,137,5FFQKsXc...,0.0,0.25921006177769507,0.25921006177769507,0.0014345669591758871,,COUNTER,600426.954984618,0.0,0.0,OK,1.0,0.0,1295.967040512703,6094.632142656,0.0021684353043497757,6094.632142656,0.0021684353043497757,0.0,NEITHER,True,True,0.021684353043497757,,,8385.187643453,0.0029834018680801088,30.0
44,95,95,51,92,MicroTensor,2026-08-21,8893368,0.003891836,0.0038884503301233053,0.0008706990161264057,IN BAND,False,True,0.0,980.14917726,466033.85775912,1.0,251847.446484746,63579.125795527,-2.6195570558567144e-05,-599.7929966432566,,0.0,,,,,,0.010593504696204603,,0.010593504696204603,,5.639075265124493,6.1463678175796,1,0.41000228793777854,SKIN_IN_GAME,2952.0164731520053,2952.0164731520053,0.0,0.0021031716063999195,-0.459593979191333,5E9LPDS2...,721846.339320681,10.567377619097815,BUYBACK_GAMING,,True,8352006,1.0,0,5FeHbWK1...,0.179995422293431,2.364252213496132,1.9386976379197167,0.5839042924938581,,COUNTER,182979.484237117,0.041020142,0.0,DIVERGENT,-0.9721943889566594,2.2778484181080296,1295.967040512703,0.0,0.0,0.0,0.0,0.0,EXPOSED,False,,,,,30876.182441465993,0.06625308854153046,30.0
45,96,96,52,84,SN84,2026-08-21,8893368,0.002256619,0.0022550313733518124,0.000704037498967435,IN BAND,False,True,0.0,1413.041629506,600412.773890123,1.0,626176.423839825,61673.465644375,-0.004139727322791386,-1168.2232843820238,,0.0,,,,,,0.00856578957077046,,0.00856578957077046,,4.376988822161419,4.342545172721238,1,0.0,,0.0,0.0,0.0002746623941405346,0.002353450311109787,0.042909906860567386,5G1hDNpP...,269034.801053445,0.7313040704100499,BUYBACK_GAMING,,True,8085297,0.6663156127417311,32,5ERNTyGY...,0.179995422293431,4.175601346980582,3.424012219201793,1.0,,COUNTER,43139.508392941,29528.630102672,1303.7030006109999,OK,0.0038205765539049636,0.0,1295.967040512703,660.436412233,0.0010999706218006973,660.436412233,0.0010999706218006973,0.0,NEITHER,False,True,0.010999706218006972,,,2472.6720160239993,0.004118286824584622,30.0
46,97,97,53,37,Aurelius,2026-08-21,8893368,0.003732115,0.003732037963345647,2.0641980362896936e-05,IN BAND,False,True,0.0,8424.851358878,3599039.785203913,1.0,2257392.940063811,350485.214489619,-0.0011818962588911177,428.8743946715258,ACCUMULATING_PRE_EMA,0.0,,,,,,0.00025114409441524604,,0.00025114409441524604,,0.7301947621707393,0.6875166877027836,1,0.4100022879354462,MINER_BURN_ONLY,2952.0164731352124,2952.0164731352124,0.0,0.0023408608578081246,-0.3727790119521706,5GRBbS3a...,6055.65148879,,,,False,3212175,1.0,110,5E2LP6En...,0.0,0.5781476333361503,0.5781476333361503,0.4986113230581413,,COUNTER,1235406.790870231,0.0,0.0,DIVERGENT,-0.998306242514057,2.2778484180950715,1295.967040512703,45507.151093348,0.01264424785756284,45507.151093348,0.01264424785756284,0.0,FORTRESS,True,True,0.1264424785756284,,,6951.411981144001,0.0019314629445670744,30.0
47,98,98,54,52,Dojo,2026-08-21,8893368,0.006587161,0.006587161682546139,-1.0361763858637456e-07,IN BAND,False,True,0.0,18284.592680653,2997630.918359377,1.0,2775792.338902038,765264.636890407,-0.001055169699966047,-29.178890513721853,,0.0,,,,,,-1.260681269467557e-06,,-1.260681269467557e-06,,0.8766923185587909,0.8817879657936257,1,0.41000228793567256,MINER_BURN_ONLY,2952.0164731368423,2952.0164731368423,0.0,0.0060996811077263235,-0.07400455101578307,5Fv1ZvNP...,71746.442208786,,,,False,3989825,1.0,158,5EgfUiH6...,0.179995422293431,15.017971338116777,12.314805245121804,0.0,,COUNTER,1103287.406676394,0.0,0.0,DIVERGENT,-0.9983062425140579,2.277848418096329,1295.967040512703,167638.354572778,0.05592361406004164,167638.354572778,0.05592361406004164,0.0,FORTRESS,True,True,0.5592361406004165,,,6983.751538780003,0.0023297569744184037,30.0
48,99,99,55,104,Masx.ai,2026-08-21,8893368,0.004352821,0.00435301149263978,-4.3761115747652474e-05,IN BAND,False,True,0.0,6057.857522534,3100066.723817801,1.0,1391708.186210546,74514.726382448,-0.0017383027949343672,83.10228920541704,ACCUMULATING_PRE_EMA,0.0,,,,,,-0.000532426908263105,,-0.000532426908263105,,0.8477236892383915,0.5069379450306213,1,0.0,,0.0,0.0,0.00019836728465705278,0.0019541055281137995,-0.5510714710956872,5HBb3F1b...,42455.69413832,,,,False,5528520,0.9558163670217636,51,5CrZmCAt...,,1.1724399987222303,1.1724399987222303,0.0,,COUNTER,340321.172598343,118902.026652788,2812.2384617530042,OK,0.0017747876398213787,0.0,1295.967040512703,3017.92106809,0.0009735019717167129,3017.92106809,0.0009735019717167129,0.0,NEITHER,True,True,0.009735019717167129,,,8640.645459848001,0.0027872449949099334,30.0
49,100,100,56,12,Compute Horde,2026-08-21,8893368,0.004926769,0.004927033791318536,-5.3742541608351695e-05,IN BAND,False,True,0.0,12852.811500782,3422242.949464445,1.0,2608770.618000194,424147.052799623,-0.0016389071287063602,190.73365945694968,ACCUMULATING_PRE_EMA,0.0,,,,,,-0.0006538675895682789,,-0.0006538675895682789,,0.7679174269060185,0.7485449066493155,1,0.4075573571454388,MINER_BURN_ONLY,2934.6832392429933,2934.412971447159,9.15541313801782e-05,0.003755668925490333,-0.23770143769875696,5ELzhHvg...,1727622.162300814,,,,False,2256433,0.0,212,5Chngqcs...,0.179995422293431,0.3913319040236177,0.3208939527019942,0.0019532740229814896,,COUNTER,1548101.810534052,0.0,0.0,DIVERGENT,-0.998296238608263,2.264265123815389,1295.967040512703,3870.537061652,0.0011309942393942865,3870.537061652,0.0011309942393942865,0.0,EXPOSED,True,True,0.011309942393942866,,UNDEFENDED_BURNER,6712.727390551,0.0019614993703475935,30.0
50,101,101,57,73,Parked,2026-08-21,8893368,0.003198943,0.003199595957994461,-0.0002040751404343695,IN BAND,False,True,0.0,6951.799379626,3319719.230311883,1.0,2173154.507695873,574487.690193469,-0.0012004820451322843,-7.868591557256877,,0.0,,,,,,-0.002482914208618162,,-0.002482914208618162,,0.7916332128344188,0.7937332631158647,1,0.4100022879344437,MINER_BURN_ONLY,2952.0164731279947,2952.0164731279947,0.0,0.0020940925714892124,-0.3453798421887441,5Fvs6HPW...,1399722.011136008,,,,False,5160047,1.0,0,5Dnkprjf...,0.179995422293431,1.1545299532962583,0.946719846802283,0.49983976559996335,,COUNTER,1495079.41483443,0.0,0.0,DIVERGENT,-0.9983062425140528,2.2778484180895022,1295.967040512703,972493.71634526,0.29294456816274056,904442.546309522,0.2724454942005896,68051.17003573803,FORTRESS,True,True,2.724454942005896,0,,7267.0790524110025,0.0021890643600387463,30.0
51,102,102,58,111,Claims,2026-08-21,8893368,0.006563349,0.006565065355971456,-0.0002614377585586163,IN BAND,False,True,0.0,6700.32482783,3584741.625625136,1.0,1020869.654624843,183453.528927146,-0.0020882893709760026,-992.7882566561457,,0.0,,,,,,-0.0031808260624631647,,-0.0031808260624631647,,0.7331072290437971,0.8354910630982934,1,0.41000228793638394,SKIN_IN_GAME,2952.0164731419645,2952.0164731419645,0.0,0.001869123503890338,-0.7152180230107621,5Do2YQao...,2641175.932559025,2.5371448753910797,BUYBACK_GAMING,,False,5615562,1.0,0,5ExhNF86...,0.0,0.7167557500769758,0.7167557500769758,0.7569852436251545,,COUNTER,713089.153248857,0.371911999,0.0,DIVERGENT,-0.9979702509973745,2.2778484181002816,1295.967040512703,1221.604957048,0.00034077908106835086,1221.604957048,0.00034077908106835086,0.0,EXPOSED,True,True,0.003407790810683508,,UNDEFENDED_BURNER,8415.884017115,0.0023476961231891774,30.0
52,103,103,59,125,8 Ball,2026-08-21,8893368,0.00322613,0.003227097447961569,-0.0002997888899141038,IN BAND,False,True,0.0,5885.014835685,2380390.056136535,1.0,1824171.422370633,234467.16803354,-0.00024021262101779379,5833.714455172652,ACCUMULATING_PRE_EMA,0.0,,,,,,-0.003647431493954929,,-0.003647431493954929,,1.104020743669777,0.20883521931367446,1,0.4100022881254295,MINER_BURN_ONLY,2952.0164745030925,2952.0164745030925,0.0,0.002472290127625809,-0.2336669236435577,5DTzv2rL...,64614.955761302,,,,False,5834408,1.0,0,5CFFokuo...,0.179995422293431,16.67548945161869,13.67397768582493,0.0,,COUNTER,1237286.347934765,0.0,0.0,DIVERGENT,-0.9983062425151573,2.2778484191505615,1295.967040512703,45923.662897553,0.01929249484938988,45923.662897553,0.01929249484938988,0.0,FORTRESS,True,True,0.19292494849389885,,,9114.941747727993,0.003829179896055311,30.0
53,104,104,60,20,ChronoSeek,2026-08-21,8893368,0.002750428,0.0027514477260410786,-0.00037061436109699477,IN BAND,False,True,0.0,7018.010921215,3176712.839453771,1.0,2551606.062762762,280351.977712593,-0.0009316292818717833,428.40899005671963,ACCUMULATING_PRE_EMA,0.0,,,,,,-0.00450914139334677,,-0.00450914139334677,,0.8272702421701671,0.7792188280764055,1,0.41000228793363525,MINER_BURN_ONLY,2952.016473122174,2952.016473122174,0.0,0.0022092053250937637,-0.19677761966727958,5CFVA7aP...,1196001.916780018,,,,False,1970929,1.0,240,5ED4s3B3...,0.179995422293431,1.3260624380784416,1.0873772695490558,0.47194457584959787,,COUNTER,1328941.551746352,0.0,0.0,DIVERGENT,-0.9983062425140494,2.2778484180850107,1295.967040512703,689775.292036894,0.21713492118963432,683733.487094048,0.21523301653278,6041.804942846065,FORTRESS,True,True,2.152330165327801,0,,7061.735531194996,0.00222296943037799,30.0
54,105,105,61,14,Cacheon,2026-08-21,8893368,0.00974908,0.009753033285960555,-0.0004053391231880206,IN BAND,False,True,0.0,25599.780642725,3074186.925401939,1.0,2625866.101871678,2653491.574140125,-0.012349965626037119,1120.0557862804271,ACCUMULATING_PRE_EMA,0.0,,,,,,-0.004931625998787584,,-0.004931625998787584,,0.8548601837724615,0.7227028741586201,1,0.4100022879369337,MINER_BURN_ONLY,2952.0164731459226,2952.0164731459226,0.0,0.008327333784160805,-0.14583388543731257,5CKhH8nK...,1583642.925105659,,,,False,4848444,1.0,29,5FxbrVDh...,0.179995422293431,1.1016720846008252,0.9033761525042152,0.6192278345795819,,COUNTER,1206393.13660631,526.080568229,0.0,DIVERGENT,-0.9982674569017908,2.277848418103336,1295.967040512703,53315.750928857,0.01734304133828367,53315.750928857,0.01734304133828367,0.0,FORTRESS,True,True,0.17343041338283974,,,7097.202339845001,0.002308643720133273,30.0
55,106,106,62,43,Graphite,2026-08-21,8893368,0.005193219,0.005195396486669779,-0.00041911847832325775,IN BAND,False,True,0.0,14081.715113137,3111781.594241282,1.0,2711557.69310438,156653.039264067,-0.0008349041341164327,1426.6952787232585,ACCUMULATING_PRE_EMA,0.0,,,,,,-0.0050992748195996355,,-0.0050992748195996355,,0.8445322785067638,0.6778672297876852,1,0.3306849297705417,MINER_BURN_ONLY,2381.2918514090125,2380.9314943479003,0.00012207217517357094,0.004525290315746089,-0.1286155435104721,5HjMs5JD...,3011666.001547967,,,,False,3408582,0.18590809895157723,108,5ERVu5z1...,,17.97486451684365,17.97486451684365,0.0,,COUNTER,878915.770615609,0.0,0.0,DIVERGENT,-0.9979002993698681,1.8371852214744364,1295.967040512703,3451.069241962,0.0011090332458899461,3451.069241962,0.0011090332458899461,0.0,EXPOSED,True,True,0.011090332458899461,,UNDEFENDED_BURNER,6975.802184640997,0.002241739008145861,30.0
56,107,107,63,83,CliqueAI,2026-08-21,8893368,0.010588497,0.010595709551125765,-0.0006807048731340507,IN BAND,False,True,0.0,8934.262478443,2717254.189845328,1.0,843770.575568616,151403.461129401,0.000950791968390149,888.237030238146,,0.0,,,0.08979479980871213,,,-0.008281909289797617,,-0.008281909289797617,,0.967152800728441,0.8166194755780072,1,0.0,,0.0,0.0,0.002365148393987937,0.0032879744971343874,-0.6894767503702945,5DqEjRLy...,910689.405168801,,,,False,5231190,0.30339553380238604,213,5HguZp67...,,10.932794826469806,10.932794826469806,0.0,,COUNTER,345172.824104195,26063.92679357,0.0,DIVERGENT,1.0,0.0,1295.967040512703,8057.340853611,0.00296525105517259,8057.340853611,0.00296525105517259,0.0,NEITHER,True,True,0.029652510551725898,,,10331.043065942995,0.0038020156908953225,30.0
57,108,108,64,57,SN57,2026-08-21,8893368,0.005228656,0.0052324202843010426,-0.0007194155087917348,IN BAND,False,True,0.0,1844.791735507,888911.205698173,1.0,352823.254936287,31194.848091667,-0.00013780237056893412,418.73882961744675,ACCUMULATING_PRE_EMA,0.0,,,,,,-0.00875288869029944,,-0.00875288869029944,,2.95642577476105,2.8036500947124483,1,0.4100022880973605,MINER_BURN_ONLY,2952.0164743009955,2952.0164743009955,0.0,0.0020753385981427184,-0.6030837373614332,5HdpnCSY...,846024.178432601,,,,True,8057320,1.0,0,5Ejcqsbx...,0.179995422293431,2.0861097665988297,1.7106195582094226,0.6380033877096336,,COUNTER,343721.665977647,6427.093693354,0.0,DIVERGENT,-0.9981770234045394,2.2778484189946187,1295.967040512703,1254.306998862,0.0014110599470695568,1254.306998862,0.0014110599470695568,0.0,EXPOSED,False,True,0.014110599470695569,,,22917.382790892003,0.025781408361133348,30.0
58,109,109,65,10,Pareton,2026-08-21,8893368,0.006690519,0.006695666117593646,-0.0007687237540297282,IN BAND,False,True,0.0,16857.167266058,3244713.582506614,1.0,2519560.320574412,925899.880505611,0.0019830543029549486,16134.47922698874,,0.0,,,0.29639767900740566,,,-0.00935280567402836,,-0.00935280567402836,,0.8099328132284056,-1.0028385202375238,1,0.410002287935139,MINER_BURN_ONLY,2952.0164731330005,2952.0164731330005,0.0,0.005195271273538869,-0.22348755402400483,5HK5714c...,10396.275598785,,,,False,2869647,1.0,168,5E2LP6En...,0.0,0.3239021145379623,0.3239021145379623,0.7145124370517321,,COUNTER,745080.116149346,0.0,0.0,DIVERGENT,-0.9983062425140556,2.277848418093365,1295.967040512703,21178.248213708,0.00652700082000684,21178.248213708,0.00652700082000684,0.0,FORTRESS,True,True,0.06527000820007083,,,6981.879744368998,0.0021517707393375967,30.0
59,110,110,66,69,Herald,2026-08-21,8893368,0.009756384,0.009764671325683594,-0.0008487050313507291,IN BAND,False,True,0.0,4649.287013856,1188157.972562243,1.0,476537.923175778,72460.374005704,0.0011393261345515797,-106.72683335270267,DISTRIBUTING_PRE_EMA,0.0,,,0.11677750020413093,,,-0.010325911214767204,,-0.010325911214767204,,2.2118270976482712,2.2569371090496255,1,0.4100022881008368,SKIN_IN_GAME,2952.0164743260248,2952.0164743260248,0.0,0.003913020929220287,-0.5989271302543763,5HBPFVcJ...,519424.424383602,0.8292423544756496,BUYBACK_JUSTIFIED,,True,8138182,1.0,0,5FWB5CFZ...,0.179995422293431,2.07438457380676,1.7010048464454335,0.0,,COUNTER,307804.244741466,4110.268380516,0.0,DIVERGENT,-0.9983062425147402,2.2778484190139316,1295.967040512703,485.813350565,0.0004088794266282215,485.813350565,0.0004088794266282215,0.0,EXPOSED,False,True,0.004088794266282215,,,19266.099367774994,0.016215099180985144,30.0
60,29,79,67,7,Allways,2026-08-21,8893368,0.003265773,0.0032695038244128227,-0.0011410980421448884,IN BAND,False,True,2e-09,6422.414523862,3154637.996068006,1.0,1966583.292908752,322282.41742262,-0.001063203871299582,,,,,,,8.183837994996626e-07,,-0.013883359512762808,8.183837994996626e-07,-0.013882541128963307,8.183837994996626e-07,0.8330591349231143,,,,,,,1.5259021896696368e-05,0.0020358641884954806,-0.37660572596580333,5CAc19iE...,2037.587412168,,,,False,2627691,0.9417401654103214,26,5DCaForB...,,0.26199729331182364,0.26199729331182364,0.0071112467572104375,,,36084.978602376,184984.808764336,,NO_ESTIMATE,,,,3211.260531444,0.0010179489803415066,3211.260531444,0.0010179489803415066,0.0,,True,True,0.010179489803415064,,,7636.059131082999,0.002420581740472508,30.0
61,111,111,68,42,Unknown,2026-08-21,8893368,0.002458473,0.0024617225863039494,-0.0013200456956558334,IN BAND,False,True,0.0,7331.301731924,2506962.173441919,1.0,2982054.120374546,364195.676262395,-0.0007519273179352004,1939.2034425083548,ACCUMULATING_PRE_EMA,0.0,,,,,,-0.016060555963812638,,-0.016060555963812638,,1.048280675249241,0.76692337692473,1,0.4100022879370873,MINER_BURN_ONLY,2952.0164731470286,2952.0164731470286,0.0,0.0029243766856914847,0.1895093766299181,5EC5HHfL...,74832.837230585,,,,False,3613591,1.0,11,5Gbdb5s2...,0.179995422293431,14.398572238469393,11.806895147983623,0.0,,COUNTER,456767.903002249,0.0,0.0,DIVERGENT,-0.9983062425140637,2.277848418104189,1295.967040512703,5444.016612431,0.0021715591364335064,5444.016612431,0.0021715591364335064,0.0,EXPOSED,True,True,0.021715591364335065,,UNDEFENDED_BURNER,7291.922125623,0.0029086685881708372,30.0
62,112,112,69,47,wait (reproduce paper),2026-08-21,8893368,0.002835173,0.0028396935667842627,-0.0015919206343739392,IN BAND,False,True,0.0,1266.808396492,1360703.206092544,1.0,446818.580157774,40142.354858313,1.9567391779975152e-05,310.64394441532204,,0.0,,,0.0069016570699478134,,,-0.019368367718216258,,-0.019368367718216258,,1.9313543087376726,1.8560898588867156,1,0.4100022879388901,MINER_BURN_ONLY,2952.016473160009,2952.016473160009,0.0,0.0009309953785806264,-0.6716266067077294,5GBmFsPk...,22076.96219304,,,,False,7340355,1.0,1,5E2LP6En...,0.0,0.6816871330001377,0.6816871330001377,0.3356223961909994,,COUNTER,614778.530964884,52.790049364,0.0,DIVERGENT,-0.9983062425140712,2.277848418114205,1295.967040512703,105026.771073769,0.07718565709517844,1082.01056104,0.0007951848398646388,103944.760512729,EXPOSED,False,False,0.730129862404471,,,17775.024698742007,0.013063116643772422,30.0
63,113,113,70,29,hoτfloaτ,2026-08-21,8893368,0.003043274,0.0030484998133033514,-0.001714224577133506,IN BAND,False,True,0.0,8701.137449862,2937626.432079273,1.0,2859136.666394499,204193.434791217,-0.011022358310089313,4.630346202291548,ACCUMULATING_PRE_EMA,0.0,,,,,,-0.02085639902179099,,-0.02085639902179099,,0.8945997936639898,0.8955785939476444,1,0.0,,0.0,0.0,0.0,0.0029619618596988433,-0.02671863930134342,5HHHHHzg...,9433.943845545,,,,False,3379782,1.0,37,5E2LP6En...,0.0,0.3672907420226012,0.3672907420226012,0.07945978940943078,,COUNTER,610829.352749762,0.0,0.0,OK,1.0,0.0,1295.967040512703,3165.974907187,0.0010777323054470547,3165.974907187,0.0010777323054470547,0.0,NEITHER,True,True,0.010777323054470545,,,6973.1766603629985,0.0023737452060667,30.0
64,114,114,71,119,Satori,2026-08-21,8893368,0.00278603,0.0027912461664527655,-0.0018687590207761172,IN BAND,False,True,0.0,3408.577234838,1494806.292030847,1.0,1223453.075055474,71247.821140092,-0.0008647727937628405,188.28862650529481,ACCUMULATING_PRE_EMA,0.0,,,,,,-0.022736568086109424,,-0.022736568086109424,,1.7580873281109848,1.718918945443007,1,0.4100022881294394,MINER_BURN_ONLY,2952.0164745319635,2952.0164745319635,0.0,0.0022802802296256726,-0.1815306261505897,5GbLENPL...,101485.647829408,,,,False,5740660,1.0,0,5HMwvi1d...,0.179995422293431,11.266921276403012,9.23892702331001,0.06119428039493964,,COUNTER,802663.231512914,0.0,0.0,DIVERGENT,-0.9983062425148583,2.277848419172839,1295.967040512703,20722.542632217,0.013863028770144732,20722.542632217,0.013863028770144732,0.0,FORTRESS,True,True,0.13863028770144734,,,12910.171677348004,0.008636685399422703,30.0
65,115,115,72,115,HashiChain,2026-08-21,8893368,0.002657907,0.002667727181687951,-0.003681104183126182,IN BAND,False,True,0.0,3584.588216625,1546267.266460766,1.0,1348650.586993668,155416.32856065,-0.0010310414951094963,161.59389808936976,ACCUMULATING_PRE_EMA,0.0,,,,,,-0.04478676756136855,,-0.04478676756136855,,1.6995768176708546,1.6678443322167518,1,0.4100022882786127,MINER_BURN_ONLY,2952.016475606011,2952.016475606011,0.0,0.002318220332523577,-0.12780231493292396,5EkNnrTj...,104608.516823377,,,,False,5683635,1.0,0,5EhTo9AX...,0.179995422293431,10.96753290358775,8.993427187089374,0.06479771697163002,,COUNTER,883619.918705097,0.0,0.0,DIVERGENT,-0.9983062425156324,2.2778484200016007,1295.967040512703,2942.008322496,0.0019026518806350534,2942.008322496,0.0019026518806350534,0.0,EXPOSED,True,True,0.019026518806350538,,UNDEFENDED_BURNER,12410.793194470003,0.00802629239049788,30.0
66,116,116,73,113,TensorUSD,2026-08-21,8893368,0.002620405,0.0026308204978704453,-0.003959030226074372,IN BAND,False,True,0.0,1861.845316859,1477109.135438641,1.0,710517.919487352,64938.023566023,-0.0004889739469761811,3575.5258319474524,ACCUMULATING_PRE_EMA,0.0,,,,,,-0.04816820108390486,,-0.04816820108390486,,1.7791508676977963,0.8966273075154941,1,0.4091814700469452,MINER_BURN_ONLY,2946.1065843380056,2946.1065843380056,0.0,0.0012604656434584353,-0.5189805990072393,5GndoVhM...,528776.011782884,,,,False,7119664,1.0,0,5FRumLA6...,0.179995422293431,2.6138946658251934,2.143405591619441,0.30570818070818073,,COUNTER,708599.587902972,0.0,0.0,DIVERGENT,-0.9983028448371214,2.2732882027404675,1295.967040512703,76075.124230937,0.05150271053488935,76075.124230937,0.05150271053488935,0.0,FORTRESS,False,True,0.5150271053488987,,,15460.605956665,0.010466800039168285,30.0
67,117,117,74,58,greevils,2026-08-21,8893368,0.008218133,0.008254409302026033,-0.004394778681150292,IN BAND,False,True,0.0,984.662221481,357196.398855857,1.0,119815.791844701,20137.36009643,,244.5801600880077,,,,,,,,-0.053469807287328544,,-0.053469807287328544,,7.357297017600961,7.24321041657607,1,0.0,,0.0,0.0,0.0,0.002756640953366247,-0.6645660330191485,5CLUzEqe...,728580.808711322,,,,True,8511017,0.0,1,5E2LP6En...,0.0,0.8686032353180321,0.8686032353180321,0.364112189464689,,COUNTER,78931.873767343,0.045668707,0.0,OK,1.0,0.0,1295.967040512703,32808.027617922,0.09184870766617484,32808.027617922,0.09184870766617484,0.0,DORMITORY,False,True,0.9184870766617483,,,34929.53602688298,0.0977880408054686,30.0
68,118,118,75,94,pending...,2026-08-21,8893368,0.003409229,0.003431260585784912,-0.006420843079125145,IN BAND,False,True,0.0,1997.970046702,1651036.090922279,1.0,586047.355623123,103699.982381653,-7.290167659344193e-05,3988.567837011069,ACCUMULATING_PRE_EMA,0.0,,,,,,-0.07812025746268926,,-0.07812025746268926,,1.591727772911362,0.7102614285710831,1,0.41000228793612525,MINER_BURN_ONLY,2952.016473140102,2952.016473140102,0.0,0.0012101310550915465,-0.6450426019808155,5CnwnkkC...,703514.441324405,,,,False,6962737,1.0,0,5EeKtCKE...,0.179995422293431,2.1044212542999032,1.7256350619489205,0.37405954797259144,,COUNTER,706322.105891135,0.075116968,0.0,DIVERGENT,-0.9983062425140597,2.2778484180988445,1295.967040512703,273.723032556,0.00016578864269593078,273.723032556,0.00016578864269593078,0.0,EXPOSED,False,True,0.0016578864269593077,,,15056.388666686,0.009119357686648392,30.0
69,119,119,76,122,CookingTAO,2026-08-21,8893368,0.004432848,0.00446583004668355,-0.00738542361414842,IN BAND,False,True,0.0,1404.286060484,552396.436079808,1.0,316790.914738962,45192.476445291,0.0003625880589275153,2804.494580205006,,0.0,,,0.08179573468964317,,,-0.08985598730547244,,-0.08985598730547244,,4.757452851524764,2.92430761375096,1,0.41000228793235793,MINER_BURN_ONLY,2952.016473112977,2952.016473112977,0.0,0.0025421707468820712,-0.4265152455301712,5F3uH1G4...,343644.743323003,,,,True,8238082,1.0,0,5CfPqfaz...,0.179995422293431,4.004406097393624,3.283631330858869,0.2771317829457364,,COUNTER,272590.380163826,4689.8056909,0.0,DIVERGENT,-0.9983062425140442,2.2778484180779146,1295.967040512703,106447.206459047,0.19270074806143014,106447.206459047,0.19270074806143014,0.0,FORTRESS,False,True,1.9270074806143154,0,,28254.305579274,0.05114860222449359,30.0
70,120,120,77,103,Capcomp,2026-08-21,8893368,0.010518804,0.010626897448673844,-0.010171684557597186,IN BAND,False,True,0.0,798.820896653,160046.59457848,1.0,75942.173754422,11588.426149014,,-13.089746072742855,,,,,,,,-0.12375549545076575,,-0.12375549545076575,,16.420218167849498,16.740303297756306,1,0.3279735534384456,MINER_BURN_ONLY,2361.6348079200034,2361.4095847568083,7.629510948348184e-05,0.00499117709287649,-0.5254995631750065,5H3SQ4du...,960347.587757245,,,,True,8762380,0.8000610407446971,0,5E529AKM...,0.179995422293431,1.884308089082872,1.5451412588574724,0.8794518875698111,,COUNTER,45052.783373773,0.014698804,0.0,DIVERGENT,-0.9175869082254892,1.8221216365368373,1295.967040512703,0.0,0.0,0.0,0.0,0.0,EXPOSED,False,,,,,40457.62941516099,0.2527865683222788,30.0
71,32,34,78,79,MVTRX,2026-08-21,8893368,0.006677867,0.006689347792416811,-0.0017162797888646492,IN BAND,False,False,0.001090793,10104.965706496,3441377.221257513,1.0,1513202.55391875,468560.615084352,-0.0051205686723918425,3631.8958055158146,ACCUMULATING_PRE_EMA,0.0,,,,0.28368270484650904,,-0.02088140409785323,-0.1074343534649615,-0.12831575756281471,-0.1074343534649615,0.7636477581611071,0.39111705831147053,1,0.0,,0.0,0.0,0.0018158236057068677,0.00293631446273232,-0.5602915627501536,5Fxp7QBG...,3798902.632550113,,,,False,5173967,0.0,0,5EWwdZB7...,0.179995422293431,0.2836308594753083,0.2325786031486014,1.0,,COUNTER,444229.939659842,37317.847662374,0.0,DIVERGENT,1.0,0.0,1295.967040512703,1355085.827207694,0.39376265375306124,1355085.827207694,0.39376265375306124,0.0,DORMITORY,True,True,3.937626537530612,0,,7899.183032362999,0.002295355180353219,30.0
72,30,18,79,91,cascade,2026-08-21,8893368,0.00747454,0.007547763409093022,-0.009701338677999346,IN BAND,False,False,0.00264886,3394.419805944,1017624.121665696,1.0,454130.949580447,144841.038664676,-0.00013977869327964234,3182.36456030875,ACCUMULATING_PRE_EMA,0.0,,,,2.05077877162105,,-0.11803295391565871,-0.027871308572116504,-0.14590426248777522,-0.027871308572116504,2.5824859533580664,2.0786500801931664,1,0.0,,0.0,0.0,3.051804379328171e-05,0.0033356322179036507,-0.5537341136840995,5HEe7NjS...,310976.627792461,0.8899409163780947,BUYBACK_GAMING,,False,7633645,0.0,1,5E2LP6En...,0.0,0.8074315165494416,0.8074315165494416,0.5701489348715131,,COUNTER,399376.775480423,9542.545852108,0.0,DIVERGENT,1.0,0.0,1295.967040512703,69127.090088651,0.06792988552148357,69127.090088651,0.06792988552148357,0.0,DORMITORY,False,True,0.6792988552148448,,,21045.092902906996,0.020680615224076427,30.0
73,121,121,80,71,Leadpoet,2026-08-21,8893368,0.006214583,0.006299204425886273,-0.013433668788160878,IN BAND,False,True,0.0,6276.352324301,4528667.515585673,1.0,1009939.417124866,1361797.760481604,-0.0022417272015353455,8434.956063532503,ACCUMULATING_PRE_EMA,0.0,,,,,,-0.16344297025595733,,-0.16344297025595733,,0.5803031445685922,-0.0999126054314058,1,0.4100022880226445,MINER_BURN_ONLY,2952.0164737630403,2952.0164737630403,0.0,0.001385915901907254,-0.7769897188745802,5DwHzMhB...,2379572.172550898,,,,False,5048438,1.0,0,5FNVgRnr...,0.0,0.7042113656080995,0.7042113656080995,0.5552418739508622,,COUNTER,902563.693554701,0.0,0.0,DIVERGENT,-0.9983062425144171,2.277848418579519,1295.967040512703,63565.086413894,0.014036156594656388,63565.086413894,0.014036156594656388,0.0,FORTRESS,True,True,0.14036156594656388,,,7175.919539421005,0.0015845542899152255,30.0
74,122,122,81,45,AlphaRidge.ai,2026-08-21,8893368,0.002583301,0.0026206921320408583,-0.014267655320405729,IN BAND,False,True,0.0,6439.987665605,3063895.715726729,1.0,2492929.183304254,735084.469087938,-0.0007759101295867152,30993.492560157087,ACCUMULATING_PRE_EMA,0.0,,,,,,-0.17358980639826968,,-0.17358980639826968,,0.8577315430517718,-2.887035942699982,1,0.20964541090212863,MINER_BURN_ONLY,1514.8523144120118,1509.446958495326,0.001831082627603564,0.002101895189365964,-0.18635296879226845,5FbcZiAH...,722.836709609,,,,False,3633154,0.424046472521593,55,5E2LP6En...,0.0,0.3697118346094182,0.3697118346094182,0.18402258507553793,,COUNTER,1032118.850784842,0.0,0.0,DIVERGENT,-0.5812683378633879,1.1647263482087995,1295.967040512703,111021.857080801,0.036235520847179875,111019.200205241,0.036234653691177676,2.656875560001936,FORTRESS,True,True,0.3623465369117768,,,7205.645251719003,0.0023517919408069304,30.0
75,123,123,82,46,Instant,2026-08-21,8893368,0.003878469,0.003941310802474618,-0.01594439150425839,IN BAND,False,True,0.0,8864.032827343,3303791.191635062,1.0,2285445.847617821,1418958.377603726,-0.006844200137852545,32372.848948649596,ACCUMULATING_PRE_EMA,0.0,,,,,,-0.19399009663514374,,-0.19399009663514374,,0.7954497870972863,-2.7605413666769083,1,0.41000228806832134,MINER_BURN_ONLY,2952.0164740919136,2952.0164740919136,0.0,0.002682988213597164,-0.3082352305517553,5Ft9E2ov...,500202.387245971,,,,False,3919107,1.0,238,5CDnZ6oe...,0.179995422293431,2.503733456309864,2.0530728955311783,0.16231764634071905,,COUNTER,946580.08033372,28041.129768459,0.0,DIVERGENT,-0.9983062425146059,2.277848418833286,1295.967040512703,172198.316003613,0.052121428387970015,172198.316003613,0.052121428387970015,0.0,FORTRESS,True,True,0.5212142838797028,,,7156.5135780870005,0.0021661519033668733,30.0
76,124,124,83,72,StreetVision by NATIX,2026-08-21,8893368,0.002254664,0.0022962370421737432,-0.018104856515330822,IN BAND,False,True,0.0,6368.182787634,2377191.324837663,1.0,2824447.509827406,228463.947192232,-0.000693472829379333,26655.33678553626,ACCUMULATING_PRE_EMA,0.0,,,,,,-0.22027575426985832,,-0.22027575426985832,,1.1055063059257397,-2.9636808983653604,1,0.4100022879358342,MINER_BURN_ONLY,2952.0164731380064,2952.0164731380064,0.0,0.0026788684280887147,0.18814529707695457,5FjP8fFb...,,,,,False,5064327,1.0,119,5EAHFCo6...,,0.4594862538180824,0.4594862538180824,0.06122386693117656,,COUNTER,409399.070900678,0.0,0.0,DIVERGENT,-0.9983062425140585,2.2778484180972276,1295.967040512703,471585.491010244,0.19837927476975303,465597.062298605,0.19586015540015497,5988.428711639019,FORTRESS,True,True,1.95860155400155,0,,7573.653679704999,0.0031859672381322523,30.0
77,125,125,84,25,UR,2026-08-21,8893368,0.012033036,0.012275999411940575,-0.01979174190121331,IN BAND,False,True,0.0,17734.396041629,4309149.991403664,1.0,1473808.831100632,652985.011750822,-0.00189072698649151,23606.416147559416,ACCUMULATING_PRE_EMA,0.0,,,,,,-0.24079952646476194,,-0.24079952646476194,,0.6098650558097547,-1.3848372295127045,1,0.4100022879370792,MINER_BURN_ONLY,2952.0164731469704,2952.0164731469704,0.0,0.00411552071220714,-0.6579815175316405,5F6aRdsB...,40044.860429093,,,,False,2998801,1.0,178,5H9ABR2Z...,0.029999237048905166,0.43343099418958553,0.4204283950505495,0.008637660811573855,,COUNTER,898816.804643067,0.0,0.0,DIVERGENT,-0.9982651197561,2.2778484181041443,1295.967040512703,323519.372769362,0.07507730606146264,323519.372769362,0.07507730606146264,0.0,FORTRESS,True,True,0.7507730606146265,,,6915.332612215002,0.0016048020203544594,30.0
78,34,41,85,33,ReadyAI,2026-08-21,8893368,0.005296491,0.005304453196004033,-0.001501039920576696,IN BAND,False,False,0.000834124,15422.52277014,2263032.34500268,1.0,2911837.835474295,897910.193926095,-0.0054386194078304825,5126.560165372677,ACCUMULATING_PRE_EMA,0.0,,,,0.14213484425804487,,-0.018262652367016467,-0.24067897743489577,-0.25894162980191227,-0.24067897743489577,1.1612737245242015,0.38281382169294065,1,0.0,,0.0,0.0,0.00579842832074462,0.006814981148721378,0.2866973905405254,5HinUfk5...,71852.676007489,,,,False,2943950,0.0,209,5E2LP6En...,0.0,0.4489934271152328,0.4489934271152328,0.38950436428004637,,COUNTER,584226.582883127,0.0,0.0,DIVERGENT,1.0,0.0,1295.967040512703,138809.800536348,0.06133796577979693,138808.045342108,0.06133719018582724,1.755194239987759,DORMITORY,True,True,0.6133719018582725,,,7711.786191082999,0.003407722478254665,30.0
79,33,8,86,44,Score,2026-08-21,8893368,0.040629687,0.040945760905742645,-0.007719331592597616,IN BAND,False,False,0.005846446,68801.052977452,4061597.177725337,1.0,1693369.031661606,2127282.435420454,-0.0010141890605900883,3750.262707064394,ACCUMULATING_PRE_EMA,0.0,,,,0.2233172229651101,,-0.09391853437660433,-0.1797898224772501,-0.2737083568538544,-0.1797898224772501,0.6470361005794742,0.4031070454423602,1,0.0,,0.0,0.0,0.0,0.01693940830833043,-0.5830780505808368,5CaCekux...,244230.232613648,,,,False,3550319,1.0,65,5E2LP6En...,0.0,0.27009518959467815,0.27009518959467815,0.21152144056157485,,COUNTER,506413.98877663,2206.282255223,0.0,OK,1.0,0.0,1295.967040512703,245862.449528441,0.060533440114840284,245862.449528441,0.060533440114840284,0.0,DORMITORY,True,True,0.6053344011484029,,,7003.742808314003,0.0017243814445026746,30.0
80,35,39,87,77,Liquidity,2026-08-21,8893368,0.006062707,0.006074638804420829,-0.0019641998158221002,IN BAND,False,False,0.000931068,12504.273544755,3268885.170582092,1.0,2062489.837510614,408631.331684901,-0.006935415302332664,4034.409748240607,ACCUMULATING_PRE_EMA,0.0,,,,0.19568083625508545,,-0.023897764425835553,-0.28136661109977457,-0.30526437552561014,-0.28136661109977457,0.8039438104618496,0.47704744735486004,1,0.0,,0.0,0.0,7.629510948348184e-05,0.0038252409895843356,-0.36905395731901014,5GxxsUeY...,2681756.35621723,,,,False,5128460,0.07976499313291618,148,5C8dR6A6...,0.179995422293431,1.2200632045577011,1.000457412828661,0.0,,COUNTER,140886.89655137,14115.257752168,0.0,OK,1.0,0.0,1295.967040512703,369577.913917543,0.11305931369003461,369577.913917543,0.11305931369003461,0.0,DORMITORY,True,True,1.1305931369003461,0,,7439.282011933999,0.002275785665058795,30.0
81,36,57,88,106,Nodexo,2026-08-21,8893368,0.002900673,0.0029032097663730383,-0.0008737799116071376,IN BAND,False,False,0.00011449,6542.02790524,2403120.14052677,1.0,2255348.007719166,351411.554995446,-0.0008091572467977437,4080.127031293232,ACCUMULATING_PRE_EMA,0.0,,,,0.04599181237961441,,-0.010630988924553508,-0.47004962156861435,-0.48068061049316785,-0.47004962156861435,1.0935782841984487,0.5160414339482288,1,0.0,,0.0,0.0,0.00015259021896696368,0.002722305803573337,-0.0614916594964902,5CTdHCps...,1118342.372871594,,,,False,5558480,0.18252575352918732,31,5E4vCZrj...,0.0,0.4937666172654506,0.4937666172654506,0.02661498313672227,,COUNTER,838637.534343767,0.0,0.0,OK,1.0,0.0,1295.967040512703,283211.569171139,0.1178516064989819,283211.569171139,0.1178516064989819,0.0,DORMITORY,True,True,1.1785160649898216,0,,8355.753837224998,0.0034770437383931188,30.0
82,38,47,89,48,Quantum Compute,2026-08-21,8893368,0.00436452,0.0043689601588994265,-0.001016296495719193,IN BAND,False,False,0.000514339,10872.819032614,3154464.123523858,1.0,2491183.270528616,689434.510584117,-0.0027008449742481964,2825.4297846476547,ACCUMULATING_PRE_EMA,0.0,,,,0.1243176114626304,,-0.012364940697916847,-0.4786338069707783,-0.4909987476686951,-0.4786338069707783,0.8331050527416544,0.6029514184334087,1,0.0,,0.0,0.0,4.57770656900891e-05,0.0034468038331873473,-0.2102673757509767,5GNH5YMk...,221562.514906036,,,,False,3856677,1.0,230,5CFKbodp...,,6.037945450215844,6.037945450215844,0.0,,COUNTER,695492.461656953,0.0,0.0,OK,1.0,0.0,1295.967040512703,101862.559282014,0.032291557390807524,101862.559282014,0.032291557390807524,0.0,DORMITORY,True,True,0.3229155739080752,,,7160.233401169998,0.002269873145100565,30.0
83,37,23,90,124,Swarm,2026-08-21,8893368,0.011953172,0.011971753323450685,-0.0015520970862544464,IN BAND,False,False,0.002097616,13035.757233438,3454284.066793068,1.0,1090568.889655944,277513.197076621,-7.80977163950547e-05,-899.1913234714884,,0.0,,,,0.4228779923777505,,-0.01888384788276243,-0.47243117467065365,-0.4913150225534161,-0.47243117467065365,0.7607944075195344,0.8953091670484041,1,0.0,,0.0,0.0,0.00021362630655374915,0.003773794216507591,-0.684285123939688,5HKYqfJr...,2230838.314603023,1.3352402763908477,BUYBACK_GAMING,,False,5813454,0.012988202255765358,105,5HgiWPLV...,,0.3263972201895222,0.3263972201895222,0.007126398193221529,,COUNTER,897004.632666029,6243.286010635,0.0,DIVERGENT,1.0,0.0,1295.967040512703,1000000.110795789,0.28949562093316256,1000000.110795789,0.28949562093316256,0.0,DORMITORY,True,True,2.894956209331625,0,,8491.329437341003,0.0024582024156525988,30.0
84,39,75,91,23,Trishool,2026-08-21,8893368,0.004266551,0.00424345675855875,0.005442318080576826,IN BAND,False,True,8.86e-07,7466.718858983,4076533.255744589,1.0,1750059.609288603,578168.051166942,3.250270980840306e-05,500.6183632554021,,0.0,,,0.0076180291313529495,0.0003118381773807859,,0.06621486998035138,-0.5980305243594995,-0.5318156543791481,-0.5980305243594995,0.6446654142454651,0.5983423625368803,1,0.327926399854353,MINER_BURN_ONLY,2361.605973525904,2361.560928893265,1.5259021896696368e-05,0.0018316344772757618,-0.5706990313075452,5CqTRwoF...,1411955.620966657,,,,False,2063528,0.7999969481490524,188,5HKsvivb...,0.0899977111467155,0.9054014652030546,0.8239174056658971,0.3864853728883395,,COUNTER,1109905.310006164,0.055431535,0.0,DIVERGENT,-0.987677990381592,1.8222384173898418,1295.967040512703,474909.579585227,0.1164983945405061,474909.579585227,0.1164983945405061,0.0,FORTRESS,True,True,1.1649839454050632,0,,6913.9340087670025,0.0016960327746680323,30.0
85,40,9,92,53,engy,2026-08-21,8893368,0.032984526,0.03281835513189435,0.00506335151282941,IN BAND,False,False,0.004727091,36007.572980764,4690685.227089789,1.0,1091650.468286338,1321476.54823185,-0.0011223092088040443,-3913.1205571834,,0.0,,,,0.3450050675350021,,0.06160411007275782,-0.602092748701673,-0.5404886386289152,-0.602092748701673,0.5602592953419031,0.9470978162366751,1,0.0,,0.0,0.0,0.0009918364232852639,0.007676399339868718,-0.7672727102439272,5H8SFVCx...,2734863.663570512,49.91245329169673,BUYBACK_GAMING,,False,4203869,0.6657400336031771,75,5CqRrbkC...,,4.892157302754882,4.892157302754882,0.0,,COUNTER,521849.737433356,0.0,0.0,OK,1.0,0.0,1295.967040512703,98999.574699486,0.02110556771700233,84866.595397863,0.018092579503680793,14132.979301622996,DORMITORY,True,True,0.18092579503680795,,,6956.549913853999,0.0014830562225063237,30.0
86,126,126,93,16,trav,2026-08-21,8893368,0.001863084,0.001960176508873701,-0.049532533643865284,IN BAND,False,True,0.0,458.593575496,324069.764045045,1.0,246147.428022187,50412.034905608,0.000900611716787907,9554.905977124436,,0.0,,,0.4833983420972468,,,-0.6026458260003609,,-0.6026458260003609,,8.109364993504034,-2.6386488995026793,1,0.0,,0.0,0.0,0.0,0.0014151075674935737,-0.2404488646279107,5FkKY8WJ...,747079.896124538,,,,True,8460646,1.0,1,5E2LP6En...,0.0,0.8911150051565209,0.8911150051565209,0.3821832941679128,,COUNTER,63578.799840379,0.04568655,0.0,OK,1.0,0.0,1295.967040512703,7333.737256624,0.022630118790115287,0.0,0.0,7333.737256624,NEITHER,False,False,0.15026852281358194,,,33488.525277618,0.10333739519421245,30.0
87,41,74,94,41,Almanac,2026-08-21,8893368,0.004968282,0.004969910718500614,-0.0003277158469972391,IN BAND,False,True,4.499e-06,12429.23095793,3039740.865039483,1.0,2501715.805578837,1581270.121612489,-0.002647854639532984,2076.513175128028,ACCUMULATING_PRE_EMA,0.0,,,,0.000951255314187926,,-0.003987209471799743,-0.6132534780145199,-0.6172406874863197,-0.6132534780145199,0.864547379753657,0.6142047333287078,1,0.29858887443751964,MINER_BURN_ONLY,2153.40859767003,2151.7869908950242,0.0005493247882810692,0.004088911361123066,-0.17699692547180976,5FCSevLk...,19666.175447974,,,,False,3394182,0.7438739522740805,239,5HisenFt...,,0.3609992756521924,0.3609992756521924,0.007187328328145028,,COUNTER,992172.747045709,0.0,0.0,DIVERGENT,-0.9889889350699907,1.660371694363266,1295.967040512703,258549.369288686,0.08505638499067508,258549.369288686,0.08505638499067508,0.0,FORTRESS,True,True,0.8505638499067508,,,7245.7822793319965,0.0023836842023827846,30.0
88,44,70,95,13,Data Universe,2026-08-21,8893368,0.006152553,0.0061570885591208935,-0.0007366402281440016,IN BAND,False,True,1.4694e-05,20955.38525209,2462919.876506961,1.0,3405965.708886419,967866.70055872,-0.0029832593986156373,2361.465153716039,ACCUMULATING_PRE_EMA,0.0,,,,0.0018427641169779315,,-0.008962456109085352,-0.6773738650196119,-0.6863363211286972,-0.6773738650196119,1.0670261850853078,0.6792166291365899,1,0.29450217723004385,MINER_BURN_ONLY,2135.209605125012,2125.4799644749774,0.0032959487296864154,0.00850835037387006,0.38289753438451646,5HBswBt1...,13187.849697151,,,,False,1907637,0.7234954607388355,77,5D4aUZhf...,0.0,0.3960757461141749,0.3960757461141749,0.043185667851856374,,COUNTER,611832.534735281,0.0,0.0,DIVERGENT,-0.8684730282829342,1.6400725466244166,1295.967040512703,93697.039216446,0.03804307241587247,93697.039216446,0.03804307241587247,0.0,FORTRESS,True,True,0.3804307241587247,,,6919.568253901001,0.002809497913393223,30.0
89,46,72,96,22,Desearch,2026-08-21,8893368,0.003296802,0.0032982423435896635,-0.0004367003511621119,IN BAND,False,True,1.0996e-05,7878.457054593,3485708.681293312,1.0,2389726.831013869,264393.210588252,-0.0015173520545156394,459.9741996699013,ACCUMULATING_PRE_EMA,0.0,,,,0.00366791210509338,,-0.005313187605805694,-0.7053567697312749,-0.7106699573370806,-0.7053567697312749,0.7539356384265956,0.7090246818363684,1,0.21156694081767075,MINER_BURN_ONLY,1530.7502190219238,1528.3628534920547,0.0008087281605247965,0.002260216723466929,-0.3144214534367157,5DFuaMas...,1767280.857767365,,,,False,2009702,0.5165083534406403,131,5E2LP6En...,0.0,0.40118787380966975,0.40118787380966975,0.14618178488585032,,COUNTER,1194831.306400314,0.0,0.0,DIVERGENT,-0.9959084352958189,1.1793223174004583,1295.967040512703,763677.586285475,0.21908818438668992,763677.586285475,0.21908818438668992,0.0,FORTRESS,True,True,2.1908818438668995,0,,6884.013108805,0.0019749249688447304,30.0
90,45,30,97,17,404—GEN,2026-08-21,8893368,0.009407656,0.009420102229341865,-0.0013212414301722276,IN BAND,False,False,0.001349394,25956.471022458,3017456.946128553,1.0,2759079.289122608,651237.678541372,-0.008483605846616416,1351.4270109888166,ACCUMULATING_PRE_EMA,0.0,,,,0.13662132378980787,,-0.016075104067095437,-0.6970854379984225,-0.7131605420655179,-0.6970854379984225,0.8709320619708485,0.8337067617882303,1,0.0,,0.0,0.0,0.0,0.008602101533133913,-0.08562754280833476,5E7a4a7Q...,1094067.13373682,5.44338762709016,BUYBACK_GAMING,,False,2840556,1.0,42,5CcEPLdb...,0.0,0.3105984473483981,0.3105984473483981,0.0035249954220838674,,COUNTER,340475.604612198,0.0,0.0,OK,1.0,0.0,1295.967040512703,500991.377547966,0.16603099447392158,496190.788019677,0.16444005560917713,4800.5895282890415,DORMITORY,True,True,1.6444005560917712,0,,6994.005715861998,0.0023178477243346995,30.0
91,47,55,98,128,ByteLeap,2026-08-21,8893368,0.002937034,0.00294491252861917,-0.0026753014028788485,IN BAND,False,False,0.000120901,4107.29150228,2747360.830325434,1.0,1398448.477439875,90812.094171796,-0.00022424396803000932,1578.9724561865442,ACCUMULATING_PRE_EMA,0.0,,,,0.0773570192969323,,-0.03254950040169265,-0.7092269165968496,-0.7417764169985422,-0.7092269165968496,0.9565543670099951,0.7865839358937818,1,0.0,,0.0,0.0,0.00016784924086366004,0.0014949952903687126,-0.4909846837426081,5GgMeLFN...,789370.774686557,,,,False,5856038,1.0,96,5HQTcjYx...,,5.446935621877468,5.446935621877468,0.0,,COUNTER,186014.794503201,289.843039317,0.0,OK,1.0,0.0,1295.967040512703,3774.580367044,0.001373893201570064,3774.573941721,0.0013738908628445029,0.006425322999803029,NEITHER,True,True,0.013738908628445026,,,9179.381403868,0.003341163382161444,30.0
92,42,48,99,26,Perturb,2026-08-21,8893368,0.003925581,0.003982963273301721,-0.014406930057919647,IN BAND,False,False,0.000371063,2093.81621817,832693.783948277,1.0,533377.28893772,55984.64133331,-0.00014188253281285655,5324.787226886023,ACCUMULATING_PRE_EMA,0.0,,,,0.46573025633180276,,-0.17528431570468903,-0.6355624822152502,-0.8108467979199393,-0.6355624822152502,3.156022118406061,1.101292738547053,1,0.0,,0.0,0.0,6.103608758678547e-05,0.002514509245213794,-0.35945551875918647,5FsVAEPM...,1605292.688333685,,,,True,8123781,0.850040438876257,0,5EHfTi6R...,0.179995422293431,0.6378756371910607,0.5230609425041644,0.9503463850825525,,COUNTER,93577.704880545,1668.571827101,0.0,DIVERGENT,1.0,0.0,1295.967040512703,4648.945520858,0.005583019364951535,716.07193135,0.0008599462913661896,3932.8735895080004,NEITHER,False,False,0.027013631545724733,,,21465.208155869004,0.025778033377516267,30.0
93,49,45,100,56,Gradients,2026-08-21,8893368,0.016762993,0.016777124954387546,-0.0008423346923841958,IN BAND,False,False,0.000620215,51946.782341597,2710686.08409175,1.0,3098896.463615808,2831306.284614956,-0.009019599530651996,1074.400731631089,ACCUMULATING_PRE_EMA,0.0,,,,0.031376823482189356,,-0.010248405424007715,-0.8302893709766169,-0.8405377764006247,-0.8302893709766169,0.9694962524148365,0.8616661944588063,1,0.286183402022978,MINER_BURN_ONLY,2136.8930446569575,2136.7579107590404,4.57770656900891e-05,0.01916370274169996,0.14321486274557052,5EJ1zbdw...,30236.455672081,,,,False,4312927,0.7250350973570163,101,5E2LP6En...,0.0,0.38901797462953436,0.38901797462953436,0.10215168625057225,,COUNTER,792395.21826456,0.0,0.0,DIVERGENT,-0.9962766457693978,1.6487748869860983,1295.967040512703,264724.185506575,0.09765947708226576,264724.185506575,0.09765947708226576,0.0,FORTRESS,True,True,0.9765947708226577,,,6972.973570113996,0.0025724017292287757,30.0
94,50,14,6,68,NOVA,2026-08-21,8893368,0.022732551,0.022758991457521915,-0.0011617587524150434,IN BAND,False,False,0.003355668,44796.464924434,3615011.241121113,1.0,1970586.768182694,1667456.037323753,0.0020257665134935203,-2224.1637910497375,DISTRIBUTING_PRE_EMA,0.0,,0.08911303062702995,0.08911303062702995,0.19686141571385216,,-0.014134731487716361,-0.8390658734709739,-0.8532006049586903,-0.8390658734709739,0.7269686937916647,1.0359272891848261,1,0.0,,0.0,0.0,0.0,0.01239179132138505,-0.4548877809012702,5EcdJLAe...,3126549.6229038034,0.10289190090731531,,,False,4972413,0.0,11,5E2LP6En...,0.0,0.1711362136213534,0.1711362136213534,0.06452203638139423,,COUNTER,681206.505097183,6247.123951755,0.0,DIVERGENT,1.0,0.0,1295.967040512703,589480.052943921,0.16306451449957518,589480.052943921,0.16306451449957518,0.0,DORMITORY,True,True,1.630645144995753,0,,7138.360115610003,0.0019746439608293457,30.0
95,51,58,101,98,NeverPlayAlone,2026-08-21,8893368,0.002894539,0.0028963019140064716,-0.0006086775684352575,IN BAND,False,False,0.000113452,5273.811276708,2832029.929213683,1.0,1821986.079380577,205678.464274688,-0.001032365332540136,364.5765460936818,ACCUMULATING_PRE_EMA,0.0,,,,0.05653441891574689,,-0.007405577082628965,-0.8482536684943305,-0.8556592455769595,-0.8482536684943305,0.9279562948438429,0.9047880874100773,1,0.0,,0.0,0.0,0.0,0.001862201815844609,-0.35664994811104317,5EWzZCNs...,1449569.840649337,,,,False,5445992,0.0,153,5E2LP6En...,0.0,0.44147447026349657,0.44147447026349657,0.30447255581157584,,COUNTER,1255490.393926426,0.0,0.0,DIVERGENT,1.0,0.0,1295.967040512703,550225.115635898,0.19428647626922102,550225.115635898,0.19428647626922102,0.0,DORMITORY,True,True,1.9428647626922115,0,,8411.591344531003,0.0029701632944488313,30.0
96,43,71,102,80,OpenRoboto,2026-08-21,8893368,0.017093136,0.01743605569936335,-0.01966727482843919,IN BAND,False,True,1.2144e-05,3273.879309493,1878314.064088628,1.0,191531.810271511,182304.481600811,-0.0002903473733555673,3872.8362583453127,ACCUMULATING_PRE_EMA,0.0,,,,0.009748200523904571,,-0.23928517707934346,-0.637835006569119,-0.8771201836484624,-0.637835006569119,1.3991270417682387,0.6475832070930235,1,0.37412697179531956,MINER_BURN_ONLY,2695.7631878239918,2695.6280539260747,4.57770656900891e-05,0.0017429882318862958,-0.8980299324894919,5CG1eFia...,285021.43937304,,,,False,7151800,0.9061832387230666,0,5HTwtytU...,0.179995422293431,3.8742397840506086,3.1768943580544082,0.11869553937951136,,COUNTER,216620.726677066,2501.379452446,0.0,DIVERGENT,-0.9978947940380014,2.080012816421354,1295.967040512703,397454.546366063,0.21160175178633447,397454.546366063,0.21160175178633447,0.0,FORTRESS,False,True,2.1160175178633494,0,,15867.753203788998,0.008447870091143757,30.0
97,48,42,5,96,Verathos,2026-08-21,8893368,0.008300403,0.00842038239352405,-0.014248687044940487,IN BAND,False,False,0.000823874,3444.365086758,725244.212622827,1.0,414963.640076043,81790.14160353,0.0007914143622985852,5134.739386795554,,0.0,,0.09534649851321499,0.09534649851321499,0.6286037680279513,,-0.17335902571344258,-0.7435534026746202,-0.9169124283880628,-0.7435534026746202,3.623606992320429,1.3721571707025715,1,0.1504900322678525,MINER_BURN_ONLY,1192.9679986789997,1191.0761241081598,0.0006408789196612474,0.004749248634886092,-0.42782915059833937,5CGq1JQh...,943474.664129123,,,,False,7692872,0.40364619119600564,0,5GpKXttD...,0.179995422293431,1.3206382462717359,1.0829294074371987,0.7530214246475004,,COUNTER,234656.199798644,7897.141864024,0.0,DIVERGENT,-0.9466168739298727,0.9190635925717316,1295.967040512703,160433.244208213,0.22121271899297246,160433.244208213,0.22121271899297246,0.0,FORTRESS,False,True,2.2121271899297255,0,,24103.330073514007,0.03323477754664864,30.0
98,52,56,103,6,Numinous,2026-08-21,8893368,0.002925838,0.002916589379310608,0.0031710396927997556,IN BAND,False,False,0.000116519,8386.158937342,2731757.58336419,1.0,2866241.206808454,688732.85829679,-0.004023880888700968,-55.30198328662664,,0.0,,,,0.03651396715563015,,0.038580982929063694,-0.9636750250724896,-0.9250940421434259,-0.9636750250724896,0.9620180121413221,1.0001889922281197,1,0.0,,0.0,0.0,0.001907377737087046,0.003069876693456215,0.04922989360867373,5CfSg4e2...,49600.627772202,5.071299470735429,BUYBACK_GAMING,,False,3219949,0.3400397492738113,117,5CJAx3Kb...,,18.585213453915436,18.585213453915436,0.0,,COUNTER,185360.665463109,0.0,0.0,DIVERGENT,1.0,0.0,1295.967040512703,662466.459537209,0.24250558086540538,662466.459537209,0.24250558086540538,0.0,DORMITORY,True,True,2.425055808654054,0,,7149.083922174001,0.002617027208311004,30.0
99,54,27,104,34,BitMind,2026-08-21,8893368,0.012230677,0.012193321250379086,0.0030636238358563417,IN BAND,False,False,0.001839322,35074.222319803,2597135.883507836,1.0,2867725.251017935,629559.451796101,-0.0033068888932364145,195.43324170727283,ACCUMULATING_PRE_EMA,0.0,,,,0.13781455143684992,,0.03727409000291882,-0.9900875676656625,-0.9528134776627437,-0.9900875676656625,1.0118839051464943,1.1279021191025125,1,0.0,,0.0,0.0,0.0008087281605249075,0.013504962348150148,0.10418763803100577,5DthmKBR...,2870590.492570711,18.925282621351716,BUYBACK_GAMING,,False,3493948,0.0,72,5E2LP6En...,0.0,0.35595024037907536,0.35595024037907536,0.0017090886894952086,,COUNTER,359469.273754254,58226.411706465,0.0,DIVERGENT,1.0,0.0,1295.967040512703,139307.792135811,0.05363900788573841,139307.792135811,0.05363900788573841,0.0,DORMITORY,True,True,0.5363900788573865,,,7295.859337539999,0.0028091943066474463,30.0
100,57,16,8,110,Green Compute,2026-08-21,8893368,0.012436911,0.012352246092632413,0.006854211512033122,IN BAND,False,False,0.002808048,6951.198500217,2758002.208099656,1.0,558916.793350427,357386.673751816,0.0008840356011466324,-7519.891412864439,DISTRIBUTING_PRE_EMA,0.0,,0.07108160548440304,0.07108160548440304,1.0616227034474166,,0.08339290672973632,-1.1139395045697453,-1.030546597840009,-1.1139395045697453,0.9528636316106393,2.175562208017162,1,0.0,,0.0,0.0,0.0,0.0025203745231975644,-0.7973472252718088,5D53sX6A...,1559677.1610289412,0.21521418898775102,BUYBACK_GAMING,,False,5606062,1.0,62,5G9hfkx9...,0.009994659342336155,0.5840987532721265,0.5782608852108884,0.02098403687086042,,COUNTER,653602.202903777,0.0,0.0,OK,1.0,0.0,1295.967040512703,9205.92186508,0.003337895030701643,9205.92186508,0.003337895030701643,0.0,NEITHER,True,True,0.03337895030701643,,,11042.334918381002,0.004003744045581999,30.0
101,53,69,105,123,MANTIS,2026-08-21,8893368,0.002708779,0.0027212549466639757,-0.004584629852219476,IN BAND,False,True,1.6452e-05,6111.20266905,1923766.928923395,1.0,2256072.572199205,543340.163938077,-0.0026115959502149458,1890.9577384027652,ACCUMULATING_PRE_EMA,0.0,,,,0.007074852257636076,,-0.05577966320200362,-0.9886060727477891,-1.0443857359497928,-0.9886060727477891,1.3660698499847472,0.9956809250054252,1,0.14248694457106986,MINER_BURN_ONLY,1037.5874549460132,1032.1370543966884,0.0018463416495002605,0.0031766855834610046,0.17273708318803582,5HVuEdEG...,1752052.030906866,,,,False,5794330,0.37331458097654935,203,5C8VKzRF...,,4.795879563899349,4.795879563899349,0.0,,COUNTER,277071.363125888,8560.983387542,0.0,DIVERGENT,-0.8850621239570046,0.7964223025211816,1295.967040512703,350656.879907587,0.18227617630573703,350656.879907587,0.18227617630573703,0.0,FORTRESS,True,True,1.8227617630573703,0,,9031.92118264401,0.004694914465391386,30.0
102,55,78,106,101,Tag101,2026-08-21,8893368,0.004582856,0.004590103169903159,-0.00157886862994243,IN BAND,False,True,7.2e-08,3982.390612947,2361634.465071489,1.0,868975.670375061,165378.024739225,0.0003527464605012477,461.65638456260785,,0.0,,,0.07697088027667631,4.751316944772996e-05,,-0.01920956833096623,-1.0257738483920846,-1.044983416723051,-1.0257738483920846,1.1127886380674274,1.0258213615615324,1,0.36879180746356355,MINER_BURN_ONLY,2660.883340475033,2655.34285066043,0.0018768596932936532,0.0016862857787038814,-0.6320447819648094,5H8dNvi1...,1435521.931244537,,,,False,5481350,0.9029535864978903,0,5H6Dezn7...,0.179995422293431,1.1514041906402188,0.9441567071155065,0.6327499122579463,,COUNTER,830061.968987947,6970.543419914,0.0,DIVERGENT,-0.9549828099675037,2.048927764096484,1295.967040512703,13574.61335476,0.005747973937342197,13574.61335476,0.005747973937342197,0.0,FORTRESS,True,True,0.05747973937342197,,,11202.679711227998,0.004743612898996578,30.0
103,58,28,107,62,Ridges,2026-08-21,8893368,0.011858181,0.011872329749166965,-0.0011917415929217788,IN BAND,False,False,0.001833081,31158.142981764,2662630.222813537,1.0,2627565.123592359,4362397.566979315,-0.02595581615076601,-983.8097568722442,,0.0,,,,0.15460924198272838,,-0.014499522713881642,-1.1234511145014512,-1.1379506372153327,-1.1234511145014512,0.9869939796683657,1.2780603564841795,1,0.016984231273583606,SKIN_IN_GAME,141.280058097007,141.1899688317289,3.0518043793392735e-05,0.011702016567978389,-0.01316934123552436,5DhsVYew...,16783.531968215,0.39850882472237287,BUYBACK_GAMING,,False,4474225,0.3643050066378771,205,5CsvRJXu...,0.0899977111467155,3.561867306161574,3.241307401198715,0.0049137799481153675,,COUNTER,184772.28818666,170778.551517578,0.0,DIVERGENT,-0.9578513104483511,0.10894564785835303,1295.967040512703,148845.119797852,0.055901536203765825,148845.119797852,0.055901536203765825,0.0,DORMITORY,True,True,0.5590153620376583,,,7549.838911878001,0.0028354815652547765,30.0
104,64,1,11,107,Minos,2026-08-21,8893368,0.072587058,0.07003638288006186,0.03641928687702494,IN BAND,False,False,0.025179065,22704.917408295,1508480.952732041,1.0,312795.863341956,423717.856526561,0.001226016808458981,-8980.698615493544,DISTRIBUTING_PRE_EMA,0.0,,0.016890294802401017,0.016890294802401017,2.914372319884558,,0.4431013236704701,-1.6385634511222786,-1.1954621274518085,-1.6385634511222786,1.7421499391426687,4.552935771006837,1,0.0,,0.0,0.0,0.00016784924086366004,0.01505151083755725,-0.7926419495117538,5DA2vLrS...,1317788.064065815,2.095994604531958,BUYBACK_GAMING,,False,7457580,0.0,10,5HK5tp6t...,0.0899977111467155,6.102982564593091,5.553728102611402,0.0253319090492904,,COUNTER,389715.783508211,11728.725039684,0.0,DIVERGENT,1.0,0.0,1295.967040512703,41164.694002343,0.02728883909855724,41164.694002343,0.02728883909855724,0.0,DORMITORY,False,True,0.27288839098557244,,,17911.130291273992,0.011873620451643604,30.0
105,25,67,108,78,Vocence,2026-08-21,8893368,0.001769372,0.0019824812188744545,-0.10749621073103856,IN BAND,False,True,2.5936e-05,942.513371151,625504.266728642,1.0,532682.507801745,120187.40812246,0.0001379181554245564,,,,,,0.07794751777724322,0.07231707271883374,,-1.3078705638943025,0.07231707271883374,-1.2355534911754686,0.07231707271883374,4.201410189804646,,,,,,,0.0,0.0015068056627020319,-0.14839521440260617,5FnQCJW2...,913730.251802667,,,,False,7966145,1.0,210,5EtUYRu7...,0.09999237048905166,1.3740652614635183,1.2366692187631225,0.019822376854056033,,,67078.587142225,8107.779671713,,NO_ESTIMATE,,,,525.331216911,0.0008398523317170282,525.331216911,0.0008398523317170282,0.0,,False,True,0.008398523317170283,,,23737.152292640003,0.03794882554004658,30.0
106,56,52,4,82,Compelle,2026-08-21,8893368,0.003280504,0.0033534427639096975,-0.021750412648957794,IN BAND,False,False,0.000197525,1572.97255778,624271.029005278,1.0,479491.137889844,109296.543747436,0.0004909697292762227,5311.266789728077,,0.0,,0.14966289609042474,0.14966289609042474,0.33000938092182663,,-0.2646300205623198,-1.0350606899830757,-1.2996907105453954,-1.0350606899830757,4.209710010390024,1.3650700709049024,1,0.0,,0.0,0.0,0.0,0.0025196949476998733,-0.2319183431265826,5H6h1PUD...,333360.266726205,,,,False,8026517,0.0,48,5G9hfkx9...,0.009994659342336155,1.0334454283308006,1.0231164933257395,0.03868398162701622,,COUNTER,51466.221683119,7195.897335065,0.0,OK,0.0,0.0,1295.967040512703,744.314271862,0.0011922934707509984,744.314271862,0.0011922934707509984,0.0,NEITHER,False,True,0.011922934707509983,,,24702.09683134501,0.039569506966718716,30.0
107,60,25,109,5,Hone,2026-08-21,8893368,0.013185106,0.013165945187211037,0.001455331350427902,IN BAND,False,False,0.00194604,33602.613990627,3038016.153886298,1.0,2548528.048232111,969646.805511591,-0.015845505017582865,-4432.07499377057,,0.0,,,,0.15219628810504254,,0.01770653143020614,-1.334169847296568,-1.316463315866362,-1.334169847296568,0.8650381916627414,1.4863661354016104,1,0.0,,0.0,0.0,0.005935759517814887,0.011060709452661,-0.161120930490737,5GurNtB3...,,,,,False,2491604,0.0,1,5E2LP6En...,0.0,0.46341593912059476,0.46341593912059476,0.13127937496185071,,COUNTER,1488567.694632255,0.0,0.0,DIVERGENT,1.0,0.0,1295.967040512703,6649.821324041,0.0021888696396608685,6649.821324041,0.0021888696396608685,0.0,NEITHER,True,True,0.02188869639660869,,,7261.163263049998,0.00239010028098809,30.0
108,59,46,110,126,Poker44,2026-08-21,8893368,0.004428011,0.004443910671398044,-0.0035778557612279158,IN BAND,False,False,0.00054554,2434.519033454,1145840.423446163,1.0,549799.734734793,62572.558157393,-0.0001583244541660852,2099.930528233759,ACCUMULATING_PRE_EMA,0.0,,,,0.5888962461574812,,-0.04353057842827297,-1.3052721778655743,-1.3488027562938472,-1.3052721778655743,2.2935130810764903,1.8941684240230554,1,0.0,,0.0,0.0,1.5259021896696368e-05,0.0021246580096485703,-0.5201777932239621,5DqrUa2z...,421999.951129013,,,,False,7525773,1.0,145,5DUYX7X2...,,16.448247250974482,16.448247250974482,0.0,,COUNTER,393147.939315364,5493.154491675,0.0,DIVERGENT,1.0,0.0,1295.967040512703,171439.094523612,0.14961864760190755,1096.553699538,0.0009569863980187301,170342.540824074,NEITHER,False,False,1.1389676796803991,0,,18932.74876696801,0.01652302395653574,30.0
109,61,37,111,11,TrajectoryRL,2026-08-21,8893368,0.007172198,0.007145388284698129,0.0037520305732418597,IN BAND,False,False,0.001034754,19213.635833636,3058496.346963041,1.0,2678904.553343324,962382.133726749,-0.004553696919034271,-7091.5154867111705,,0.0,,,,0.14153143816952377,,0.045649705307775956,-1.4128840664772142,-1.3672343611694382,-1.4128840664772142,0.8592457540809209,1.554415504646738,1,0.0,,0.0,0.0,0.0,0.006282052895931799,-0.12411050337263434,5D2Jhtbn...,2313315.360665265,1.046754387785624,BUYBACK_GAMING,,False,2918568,1.0,189,5GgqDcxk...,0.0,0.3980853729571763,0.3980853729571763,0.0024720747115912836,,COUNTER,1145934.992162841,39496.465498293,2350.0,OK,0.004489786439138784,0.0,1295.967040512703,46180.459268605,0.015099072887388036,46180.459268605,0.015099072887388036,0.0,DORMITORY,True,True,0.15099072887388035,,,6998.266514214999,0.0022881395693553747,30.0
110,62,10,1,9,iota,2026-08-21,8893368,0.030775745,0.03064870391972363,0.0041450718636951685,IN BAND,False,False,0.004350002,58754.521497204,3967161.248633565,1.0,1909117.743467408,1082262.861924008,0.01301328860220348,-9985.408387966454,DISTRIBUTING_PRE_EMA,0.0,,0.4228423585587767,0.4228423585587767,0.19456894490314275,,0.05043170767495788,-1.4874882409590957,-1.4370565332841378,-1.4874882409590957,0.6624384125815856,1.6820571858622384,1,0.0,,0.0,0.0,0.0,0.014810217637975062,-0.5187698092125775,5Fsbubec...,13244.242201788,0.05218292423419966,,,False,1489797,1.0,254,5E2LP6En...,0.0,0.30019487685612783,0.30019487685612783,0.10141919731420723,,COUNTER,1143124.969029318,46681.104420658,0.0,OK,1.0,0.0,1295.967040512703,566487.003304132,0.1427940453641129,566487.003304132,0.1427940453641129,0.0,DORMITORY,True,True,1.4279404536411289,0,,6863.950468243,0.0017301919529001235,30.0
111,63,61,112,117,glyph,2026-08-21,8893368,0.002523872,0.0025243305135518312,-0.00018163768546543375,IN BAND,False,True,6.6785e-05,2855.169957199,1619240.83805064,1.0,1131265.393075821,221775.642838867,-0.0007537834211656891,-35.03147305431776,,0.0,,,,0.06147128984650046,,-0.0022099251731627773,-1.6179061300422573,-1.6201160552154201,-1.6179061300422573,1.6229827819583513,1.6793774198887577,1,0.0,,0.0,0.0,0.0,0.0017632768950147412,-0.3013604116949111,5HdThE9W...,1720344.75204595,5.583915235884904,BUYBACK_GAMING,,False,5710859,1.0,125,5EsLkLnu...,,14.570318367871224,14.570318367871224,0.0,,COUNTER,289424.602021989,151524.174671129,0.0,OK,1.0,0.0,1295.967040512703,184995.455974437,0.11424826475914973,154144.143623114,0.0951953162252775,30851.312351322995,DORMITORY,True,True,0.9519531622527748,,,12708.092755721998,0.00784817950306943,30.0
112,65,4,113,120,Affine,2026-08-21,8893368,0.056656634,0.056649452773854136,0.00012676602851802526,IN BAND,False,False,0.010960548,82351.090976271,2579855.517181313,1.0,1453511.905766337,1449565.134830844,-0.0050901304439632976,-6709.83282478014,,0.0,,,,0.34977460289262957,,0.0015423200136359739,-1.6907186478675036,-1.6891763278538676,-1.6907186478675036,1.0186616973307436,2.040493250760133,1,0.0,,0.0,0.0,7.629510948348184e-05,0.03192081511070271,-0.4365917482725375,5EfNFhH2...,2876286.251681947,0.0,,,False,5749344,0.3999999999999999,116,5E2LP6En...,0.0,0.3338361287601802,0.3338361287601802,0.010422230021515877,,COUNTER,176127.384445061,0.0,0.0,DIVERGENT,1.0,0.0,1295.967040512703,67474.559631335,0.02615439476434558,67474.559631335,0.02615439476434558,0.0,DORMITORY,True,True,0.2615439476434562,,,9327.686649361998,0.0036155848989377513,30.0
113,66,65,114,35,OxMarkets,2026-08-21,8893368,0.002292527,0.0022979769855737686,-0.0023716449764216883,IN BAND,False,True,4.6313e-05,6929.059994562,2775534.590413222,1.0,3022454.540047155,775679.482370954,-0.005304274305624786,-7562.1915538860485,,0.0,,,,0.017565234547762577,,-0.028855013879797206,-1.952534006707819,-1.9813890205876161,-1.952534006707819,0.9468446219611851,1.9700992412555816,1,0.0,,0.0,0.0,3.0518043793392735e-05,0.0024964776221831917,0.08896323671790637,5EqZVDbW...,11564.972917706,0.0,,,False,3037158,0.34510857125417727,22,5E2LP6En...,0.0,0.3278452657706316,0.3278452657706316,0.11882925638247546,,COUNTER,266886.343998939,0.0,0.0,OK,1.0,0.0,1295.967040512703,91404.775083065,0.03293231343568182,91404.775083065,0.03293231343568182,0.0,DORMITORY,True,True,0.3293231343568196,,,6976.321041968004,0.0025135053499475094,30.0
114,70,3,115,15,ORO,2026-08-21,8893368,0.033794284,0.03271194826811552,0.03308686242144243,IN BAND,False,False,0.011624056,13822.194465609,1435863.059273329,1.0,409009.93949087,466132.260725297,-0.0009198017926109515,-9000.522408843099,,0.0,,,,2.210070133509301,,0.40255682612754956,-2.3914992843984497,-1.9889424582709,-2.3914992843984497,1.830258103673198,4.601569417907751,1,0.0,,0.0,0.0,0.0005493247882810692,0.009626401610056203,-0.7151470464633545,5GMtrkkv...,216.587394526,0.0,,,False,7366897,0.9270675888181499,76,5DWsubqY...,0.0,0.6641169466650235,0.6641169466650235,0.00999526941447559,,COUNTER,354654.991781899,2797.563389807,0.0,DIVERGENT,1.0,0.0,1295.967040512703,1010.651574802,0.0007038634835507761,1010.651574802,0.0007038634835507761,0.0,NEITHER,False,True,0.007038634835507761,,,17555.652581013994,0.012226550761671293,30.0
115,67,51,116,54,Yanez,2026-08-21,8893368,0.005020122,0.004972517257556319,0.009573570080896137,IN BAND,False,False,0.000225859,8909.616362683,3911101.140072464,1.0,1774780.627149728,853379.285651533,-0.0018134332739084883,-15874.744534605881,,0.0,,,,0.06661986642725197,,0.11647843598423632,-2.1282645384040433,-2.011786102419807,-2.1282645384040433,0.671933531218093,2.194884404831295,1,0.1180661553143298,SKIN_IN_GAME,889.6733150660293,888.321976086858,0.000457770656900891,0.002278032718560156,-0.5462196499287953,5FUfruyV...,3541493.128569232,0.6624749862483212,BUYBACK_GAMING,,False,4742549,0.30148843599725217,56,5FqFYjSk...,,0.3921884621534636,0.3921884621534636,0.0,,COUNTER,571238.982260928,0.0,0.0,DIVERGENT,-0.9769323006113714,0.6854510557115905,1295.967040512703,644081.425659809,0.16468032980805902,644081.425659809,0.16468032980805902,0.0,FORTRESS,True,True,1.6468032980805902,0,,7044.485881056997,0.0018011515501045003,30.0
116,68,76,117,2,DSperse,2026-08-21,8893368,0.003196721,0.003187980968505144,0.0027415569858166805,IN BAND,False,True,1.75e-07,7902.29625339,3102462.1058236,1.0,2472000.656982133,700673.620718997,-0.002026472196230547,-11204.249180776998,,0.0,,,,5.819827367301091e-05,,0.03335560999410295,-2.1774446486485513,-2.144089038654448,-2.1774446486485513,0.8470691696981594,2.1775028469222244,1,0.3518645888545519,SKIN_IN_GAME,2533.743981573032,2533.563803042476,6.103608758678547e-05,0.002547104842491607,-0.20321327932853478,5EcYQ3W7...,2799728973087198.0,1173674980.6931238,BUYBACK_GAMING,,False,2734060,0.8226335627412981,14,5CFxLBvp...,0.179995422293431,0.6638503579553497,0.5443603324355313,0.9023835683330281,,COUNTER,658097.68864045,0.0,0.0,DIVERGENT,-0.9979903019145713,1.9549600598176957,1295.967040512703,1144508.261830867,0.368903220343134,1144508.261830867,0.368903220343134,0.0,FORTRESS,True,True,3.68903220343134,0,,7180.762399068001,0.0023145366983174636,30.0
117,69,66,118,76,Phylax,2026-08-21,8893368,0.00223382,0.002244711620733142,-0.0048521247150600695,IN BAND,False,True,4.2252e-05,1064.672551505,1068572.650131488,1.0,476615.187425916,62449.25943031,-0.0004971316610077797,195.17118815868162,ACCUMULATING_PRE_EMA,0.0,,,,0.10429333962168794,,-0.059034184033230845,-2.2425750067872214,-2.3016091908204523,-2.2425750067872214,2.459355477305754,2.3468683464089093,1,0.0,,0.0,0.0,0.00010681315327687457,0.0009963501792545335,-0.553970248607975,5FFNhWd8...,726987.220897437,,,,False,7574784,0.5892748138200464,124,5CcWKodC...,,15.01378204588383,15.01378204588383,0.0,,COUNTER,475840.83810665,7026.080961259,0.0,DIVERGENT,1.0,0.0,1295.967040512703,56651.148490303,0.05301572006670026,56651.148490303,0.05301572006670026,0.0,DORMITORY,False,True,0.5301572006670026,,,19997.395360038,0.01871411864937524,30.0
118,74,2,3,51,lium.io,2026-08-21,8893368,0.080836412,0.07975563616491854,0.01355109039374507,IN BAND,False,False,0.011744614,148682.610182166,3851224.674924091,1.0,1839302.457729351,1893481.727173317,0.015805744069074572,-33873.32467043307,DISTRIBUTING_PRE_EMA,0.0,,0.19552753119565194,0.19552753119565194,0.2075888064796843,,0.164871599790565,-3.825548278327613,-3.660676678537048,-3.825548278327613,0.6823803391973746,4.033137084807297,1,0.0,,0.0,0.0,0.0004882887006942838,0.03860657913579051,-0.5224110251727834,5FqACMtc...,216.587394526,0.0,,,False,3966206,0.8309848403889898,61,5FUY2npW...,,6.537457732550901,6.537457732550901,0.0,,COUNTER,1171146.945421614,47834.295633396,0.0,OK,1.0,0.0,1295.967040512703,467086.669831787,0.12128263325509396,467086.669831787,0.12128263325509396,0.0,DORMITORY,True,True,1.212826332550942,0,,7103.3813929900025,0.0018444474141540478,30.0
119,71,12,119,3,Teutonic,2026-08-21,8893368,0.027795143,0.0278384315315634,-0.001554991757144043,IN BAND,False,False,0.003949589,77834.243338712,3039817.786386861,1.0,2800282.119412258,3351145.326090053,-0.03954664999786193,-23403.94665295584,,0.0,,,,0.1333541568179875,,-0.018919066378585855,-3.703239307398941,-3.7221583737775266,-3.703239307398941,0.8645255027353632,3.8365934642169286,1,0.0,,0.0,0.0,7.629510948348184e-05,0.025604904243693525,-0.07879933398099359,5GsGUrd2...,2009599.39003503,0.0,,,False,4165565,0.0,217,5FeKsRjZ...,0.09999237048905166,0.6502696380707647,0.5852476355030113,0.044038881174370166,,COUNTER,578475.334942498,0.0,0.0,OK,1.0,0.0,1295.967040512703,387917.45040968,0.12761207337718758,387777.527536148,0.12756604335717828,139.9228735320503,DORMITORY,True,True,1.2756604335717858,0,,6915.1637350699975,0.0022748612650527935,30.0
120,73,7,120,4,Targon,2026-08-21,8893368,0.056440744,0.056273667607456446,0.0029689977505823195,IN BAND,False,False,0.007822839,136971.704076857,3584868.262203275,1.0,2426823.153173767,2261900.876867835,-0.0046476622979413,-30066.258907601237,,0.0,,,,0.15009246640068333,,0.03612280596541822,-3.787374450020183,-3.751251644054765,-3.787374450020183,0.7330813318045947,3.9374669164208664,1,0.05661056712299115,MINER_BURN_ONLY,464.1801089530345,464.0900196877564,3.0518043793392735e-05,0.038208294993990546,-0.3230370068475613,5CXGPMnq...,,,,,False,1411451,0.2754184914470572,28,5Hp18g9P...,0.179995422293431,0.3985193652685369,0.3267877038249165,0.5253616553744735,,COUNTER,554918.756763114,0.0,0.0,DIVERGENT,-0.9895598372075901,0.35810325816940203,1295.967040512703,183019.057563734,0.05105321707170621,183019.057563734,0.05105321707170621,0.0,FORTRESS,True,True,0.510532170717062,,,6675.5476735950015,0.0018621458824520881,30.0
121,72,53,121,99,Thirty Spokes,2026-08-21,8893368,0.003206712,0.0032296045683324337,-0.007088350244765097,IN BAND,False,False,0.00017153,679.975960178,254849.072454533,1.0,212047.725068539,27962.160665864,,4555.982485208602,,,,,,0.6629364365793128,,-0.08624159464464201,-3.714149036486378,-3.80039063113102,-3.714149036486378,10.311985736062882,4.377085473065691,1,0.0,,0.0,0.0,4.57770656900891e-05,0.002668151599018721,-0.16794785468145534,5DebFXsw...,1007283.473428921,,,,True,8572056,1.0,1,5E2LP6En...,0.0,0.9676561371990758,0.9676561371990758,0.0021668141727958007,,COUNTER,71412.968505913,0.012273672,0.0,OK,1.0,0.0,1295.967040512703,0.0,0.0,0.0,0.0,0.0,NEITHER,False,,,,,36706.974831097985,0.14403417080376774,30.0
122,75,60,122,18,Zeus,2026-08-21,8893368,0.004455152,0.004407735075801611,0.010757662015284802,IN BAND,False,True,9.3509e-05,10641.525514334,3161397.837572586,1.0,2388588.314435313,853989.764306744,0.00033872464815844845,-34261.723170303274,DISTRIBUTING_PRE_EMA,0.0,,,0.07602987466161613,0.023092708998253036,,0.13088488785263175,-4.875885516702255,-4.745000628849623,-4.875885516702255,0.8312778508186289,4.898978225700508,1,0.08328181577729074,MINER_BURN_ONLY,613.0254652260337,612.2146618385309,0.0002746623941405346,0.003366082366433475,-0.2444517344338701,5GgvCi6h...,2679235.690995267,0.0,,,False,1604679,0.37529190897019093,84,5DCSySUE...,0.11999694819562066,0.46841787199218704,0.4122091568728377,0.7895957638369626,,COUNTER,332930.758172555,30745.295806132,0.0,DIVERGENT,-1.0,0.4723998702901657,1295.967040512703,472285.796249436,0.14939144660517353,375000.0,0.11861841478576325,97285.79624943598,FORTRESS,True,True,1.1861841478576325,0,,7172.548478569999,0.0022687902146720303,30.0
123,77,64,123,21,AdTAO,2026-08-21,8893368,0.003432454,0.0033558248542249203,0.022834667810093016,IN BAND,False,True,5.0196e-05,7488.280731394,3607039.57011576,1.0,2181611.435558576,569785.119274203,-0.0017317969702688176,-46477.12611412769,,0.0,,,,0.017616204938332086,,0.277821791689465,-5.506168065409774,-5.228346273720309,-5.506168065409774,0.728575317491086,5.523784270348107,1,0.1226178960064746,MINER_BURN_ONLY,896.2101241989294,895.759677872539,0.00015259021896696368,0.0020760184594131527,-0.39517952479096513,5HjCYVfr...,1872301.213606673,0.0,,,False,3156578,0.9954979015642884,113,5FCjRA6V...,,17.593201798861493,17.593201798861493,0.0,,COUNTER,822095.115454042,0.0,0.0,DIVERGENT,-0.9910004053191612,0.6911901690942415,1295.967040512703,5839.628796876,0.0016189533503478005,5839.628796876,0.0016189533503478005,0.0,EXPOSED,True,True,0.016189533503478005,,UNDEFENDED_BURNER,6957.414538357,0.0019288434194066014,30.0
124,76,33,124,40,Ralph,2026-08-21,8893368,0.005580607,0.0056076867040246725,-0.004829032978115138,IN BAND,False,False,0.001167517,2061.971553118,360584.940180616,1.0,369488.765335669,78163.396763906,-1.8552276038102824e-06,2200.4425894441083,ACCUMULATING_PRE_EMA,0.0,,,,1.4880101868332685,,-0.05875323456706751,-5.206691549176922,-5.265444783743989,-5.206691549176922,7.2881579543606065,6.69470173601019,1,0.0,,0.0,0.0,0.0,0.005718407297002377,0.024692707621657844,5HeKCDfd...,731867.761396383,2.4075305312465707,BUYBACK_GAMING,,True,8409860,1.0,6,5E2LP6En...,0.0,0.9018663684982938,0.9018663684982938,0.22112523461462164,,COUNTER,22349.634720453,0.042920633,0.0,OK,1.0,0.0,1295.967040512703,22427.898380107,0.06219865524298637,22427.898380107,0.06219865524298637,0.0,DORMITORY,False,True,0.6219865524298638,,,31232.730989413,0.08661684809623112,30.0
125,78,59,125,55,NIOME,2026-08-21,8893368,0.002894889,0.0028840259183198214,0.003766638021931214,IN BAND,False,False,0.000103248,6810.479467025,2964833.098704292,1.0,2352587.221031147,540473.430955928,-0.002858824195392448,-37780.174859405495,,0.0,,,,0.03984091653366759,,0.04582742926682977,-5.611255747038516,-5.565428317771686,-5.611255747038516,0.8863905361649205,5.651096663572184,1,0.007901384935260622,MINER_BURN_ONLY,59.18927159300074,58.919003797166454,9.15541313801782e-05,0.0022970869658738477,-0.20650257544456874,5GeWUxaF...,1234255.732655168,0.0,,,False,4703386,0.02014375314746142,142,5E2LP6En...,0.0,0.3265321358818109,0.3265321358818109,0.5648995910394922,,COUNTER,317487.281482353,0.0,0.0,OK,-0.4231428150416501,0.04546335049837167,1295.967040512703,14841.866940702,0.005005970470037007,14841.866940702,0.005005970470037007,0.0,DORMITORY,True,True,0.05005970470037007,,,7503.034875231999,0.0025306769809440594,30.0
126,79,63,126,60,Bitsec.ai,2026-08-21,8893368,0.004726471,0.0046955805737525225,0.0065786170128034754,IN BAND,False,True,5.036e-05,7567.538796447,3884460.111436135,1.0,1601096.999412766,897747.686084321,0.00042835187573598795,-64135.01740411576,DISTRIBUTING_PRE_EMA,0.0,,,0.09062826699581737,0.01748865563294333,,0.08003984032244228,-6.816527652710386,-6.736487812387944,-6.816527652710386,0.6765418937532595,6.83401630834333,1,0.20282749741360892,MINER_BURN_ONLY,1476.0082389680902,1475.9181497028121,3.0518043793392735e-05,0.001948157164535584,-0.5878199264238406,5CXLwkK1...,101927.748529716,0.008469746788295361,,,False,4796992,0.5000076297437932,113,5CXLwkK1...,0.179995422293431,5.285538188724289,4.334165510396804,0.0,,COUNTER,642028.937152515,0.0,0.0,DIVERGENT,-0.9876920895926252,1.1388546958099472,1295.967040512703,1069047.449394272,0.27521133406594084,1069047.449394272,0.27521133406594084,0.0,FORTRESS,True,True,2.7521133406594087,0,,7246.802338106999,0.0018655880431805393,30.0
127,127,127,127,36,SN36,2026-08-21,8893368,0.005260333,0.0,,N/A,False,True,0.0,502.143770759,0.0,0.0,95458.544371282,0.994240422,,,,,,,,,,,,,,,,,,,,,0.0,,,5DCjvVt6...,743678.299537502,,,,True,8884359,1.0,0,5EFY7fKV...,,0.0,0.0,0.0,,,0.0,0.0,,NO_ESTIMATE,,,,0.0,,0.0,,0.0,,False,,,,,0.0,,30.0
128,128,128,128,86,SN86,2026-08-21,8893368,0.00598997,0.0,,N/A,False,True,0.0,709.206153468,0.0,0.0,118398.940430478,2.080493178,,,,,,,,,,,,,,,,,,,,,0.0,,,5F4XAWGz...,331709.922544483,,,,True,8693284,1.0,0,5F1N5GEH...,,0.0,0.0,0.0,,,0.0,0.0,,NO_ESTIMATE,,,,0.0,,0.0,,0.0,,False,,,,,0.0,,30.0
