combined_apy_rank,real_apy_rank,emission_rank,epr_rank,netuid,name,date,block,spot_price,moving_price,momentum_30d,ema_band,ema_lag_flag,low_emission,tao_emission,tao_reserves,alpha_outstanding,alpha_out_emission,alpha_in_pool,volume,ema_tao_inflow,pool_growth_real,pool_ema_divergence,flow_momentum,flow_price_divergence,emission_price_ratio,emission_price_ratio_raw,emission_apy,price_apy_7d,price_apy_30d,combined_apy_7d,combined_apy_30d,real_apy,gross_emission_rate,net_supply_delta,supply_days_gap,supply_defence,supply_defence_quality,burned_tokens,manual_burn,miner_burn_rate,liquidation_price,liquidation_haircut,owner_coldkey,owner_stake,owner_inflow_pct,owner_inflow_flag,large_entry_anomaly,immune,registered_at,vali_miner_share,best_validator_uid,best_validator_hotkey,best_validator_take,best_validator_raw_apy,best_validator_apy,best_validator_div_pct,best_validator_trust,burned_source,alpha_burned_cum,alpha_recycled_cum,recycled_tokens,recon_flag,recon_gap_relative,burn_coverage,owner_cut_emission,total_locked_alpha,locked_float_ratio,owner_locked_alpha,owner_lock_ratio,community_locked_alpha,commitment_class,gate_eligible,leader_is_owner,leader_pct_of_threshold,leader_blocks_to_threshold,governance_flag,basket_alpha,basket_share,ema_halving_days
1,1,39,15,41,Almanac,2026-09-22,9124409,0.005330848,0.005661788629367948,-0.058451604436687,IN BAND,False,False,0.000773404,12960.501922949,3356733.907982929,1.0,2431226.674193683,1602793.066359147,-0.002647854639532984,191681.44196677255,ACCUMULATING_PRE_EMA,0.0,,,,0.1568230709029152,5.11974011810443,-0.7111611873130251,24.262636699492095,18.43173539407464,19.142896581387664,0.7829038797952181,-18.986073510484747,1,0.017383986992361777,MINER_BURN_ONLY,145.44081482710317,143.32371709306793,0.0007171740291447293,0.003861045372743591,-0.27571647648862035,5FCSevLk...,7937.718015312,,,,False,3394182,0.00033593940874665495,36,5E2LP6En...,0.0,0.33884258665772476,0.33884258665772476,0.00032045901939540064,,COUNTER,1036819.609524187,0.0,0.0,DIVERGENT,0.8061538734984605,0.11059210042592366,1295.967040512703,271111.945633162,0.08076658831622252,271111.945633162,0.08076658831622252,0.0,DORMITORY,True,True,0.8076658831622253,,,10334.624270869004,0.00307877375870973,30.0
2,2,72,16,103,Capcomp,2026-09-22,9124409,0.001592227,0.0017269672825932503,-0.07802132903810508,IN BAND,False,True,1.1602e-05,382.789471472,240256.267889095,1.0,240411.377165798,36606.119337544,,18417.71613872226,,,,,,0.07965228479966242,-16.658477221046223,-0.9492595032969451,0.21886319330772608,15.928080911057004,16.87734041435395,10.938320248998101,-16.797688129554285,1,0.0,,0.0,0.0,0.0,0.0015932548808620466,0.0006455617584970698,5H3SQ4du...,1078426.072555004,,,,True,8762380,0.0,103,5H6VKx1U...,,0.9453575665716837,0.9453575665716837,0.01837214270455031,,COUNTER,60139.256694016,0.014698804,0.0,DIVERGENT,1.0,0.0,1295.967040512703,0.0,0.0,0.0,0.0,0.0,NEITHER,False,,,,,64729.192079163964,0.26941728783135716,30.0
3,3,35,17,91,cascade,2026-09-22,9124409,0.005539141,0.0059151004534214735,-0.0635592677388948,IN BAND,False,False,0.00116324,3421.593970441,1145966.504824547,1.0,617712.005671467,185330.60397447,-0.00013977869327964234,45634.34831188503,ACCUMULATING_PRE_EMA,0.0,,,,0.893441696007546,-12.46017966414232,-0.7733044241565533,0.05949347204913913,11.746368712034906,12.519673136191459,2.2932607444773083,-11.626231440183913,1,0.0,,0.0,0.0,1.5259021896585345e-05,0.002985771360712556,-0.46096852188587434,5HEe7NjS...,421826.773224669,,,,False,7633645,0.0,1,5E2LP6En...,0.0,0.6806266036292766,0.6806266036292766,0.48467137690558665,,COUNTER,399376.775480423,9542.545852108,0.0,DIVERGENT,1.0,0.0,1295.967040512703,55467.717033513,0.0484025639492887,55467.717033513,0.0484025639492887,0.0,DORMITORY,False,True,0.48402563949288924,,,39192.54203392902,0.03420042546525353,30.0
4,4,53,18,66,conjectures,2026-09-22,9124409,0.00312296,0.0032632937654852867,-0.043003718197101214,IN BAND,False,False,0.000140256,6859.021897185,3640019.430886944,1.0,2196320.300056828,1412126.427882351,-0.005772511456838813,122370.8147812977,ACCUMULATING_PRE_EMA,0.0,,,,0.05373838624881393,-8.14810680761285,-0.5232119047313981,3.111014201110665,10.735909103992118,11.259121008723515,0.7219741679674632,-11.205382622474701,1,0.0,,0.0,0.0,0.0,0.0018843366161684744,-0.39661839531454957,5CJCRGep...,1155073.934929706,,,ENTRY_REPEATED,False,4958013,1.0,227,5E2LP6En...,0.0,0.40302790560249624,0.40302790560249624,0.7039523882191363,,COUNTER,876389.726869251,0.0,0.0,DIVERGENT,1.0,0.0,1295.967040512703,392806.591766313,0.10791332277877427,392806.591766313,0.10791332277877427,0.0,DORMITORY,True,True,1.0791332277877428,0,,12813.244309375003,0.0035201032721555742,30.0
5,5,74,19,13,Data Universe,2026-09-22,9124409,0.005231714,0.005276861600577831,-0.008555767422986292,IN BAND,False,True,6.549e-06,19326.050229657,2405003.134773026,1.0,3694018.36637129,970773.566873384,-0.0029832593986156373,75800.55534752132,ACCUMULATING_PRE_EMA,0.0,,,,0.0008905478251106387,-3.22531228369669,-0.10409517031299989,6.957923493693887,10.079140607077576,10.183235777390577,1.092722068425919,-10.182345229565467,1,0.27395149262049157,MINER_BURN_ONLY,1980.6857472659322,1974.920034288134,0.001953154802777135,0.008035769247128616,0.535972579374296,5HBswBt1...,1849.248782649,,,ENTRY_PRE_EMA_PATTERN,False,1907637,0.7179506780619811,247,5E2LP6En...,0.0,0.39858115684929424,0.39858115684929424,0.16303734110573623,,COUNTER,678847.548267597,0.0,0.0,DIVERGENT,-0.7849236749673627,1.5238968064394813,1295.967040512703,93697.039216446,0.038959217084467014,93697.039216446,0.038959217084467014,0.0,FORTRESS,True,True,0.3895921708446701,,,10838.200374167993,0.004506522348126109,30.0
6,6,47,20,85,Vidaio,2026-09-22,9124409,0.004802214,0.004899715539067984,-0.019899428505706734,IN BAND,False,False,0.000279486,12306.546465911,2701392.724014728,1.0,2562681.439616409,1456824.437758927,-0.006693889346863315,79497.97831119318,ACCUMULATING_PRE_EMA,0.0,,,,0.059682804597904635,-4.781418297761894,-0.24210971348609858,4.798870630707109,9.338179214982905,9.580288928469002,0.9728315237683569,-9.520606123871097,1,0.07358911747007073,MINER_BURN_ONLY,560.9033629089827,560.6781397457875,7.629510948348184e-05,0.004555630270455968,-0.05134792609076393,5GTPBjA4...,3049229.715089234,,,ENTRY_REPEATED,False,5258781,0.328002441629788,98,5GsAAHbe...,,10.724823714349606,10.724823714349606,0.0,,COUNTER,510241.658131969,0.0,0.0,OK,-0.15962339052689303,0.4326330240034308,1295.967040512703,142916.358492881,0.05290469513091863,142916.358492881,0.05290469513091863,0.0,FORTRESS,True,True,0.5290469513091898,,,25077.351020583006,0.009283119332354537,30.0
7,7,1,21,90,KubeTEE,2026-09-22,9124409,0.022864274,0.02348458068445325,-0.02641336001642518,IN BAND,False,False,0.013521089,2654.91728715,338954.243161656,1.0,116116.403668832,87314.471914759,,6669.592453717982,,,,,,13.384003360098802,-17.666631372999397,-0.32136254686650634,-8.21878018752253,9.126488638610361,9.447851185476868,7.753258892666049,3.9361521746219355,1,0.0,,0.0,0.0,3.0518043793392735e-05,0.007832671638465967,-0.6574274941567807,5C9y6fnL...,433272.886612558,1.0212850117843228,BUYBACK_GAMING,,True,8618670,0.13287961790243086,0,5EKtGWqs...,0.179995422293431,1.1501069149789651,0.9430929351347311,0.32959470182506256,,COUNTER,0.0,114749.836146975,470.8142414759932,DIVERGENT,0.5982626283136998,0.0,1295.967040512703,76905.591998497,0.226890778180401,76905.591998497,0.226890778180401,0.0,DORMITORY,False,True,2.26890778180401,0,,57731.792208146,0.17032326154009,30.0
8,8,42,22,63,Enigma,2026-09-22,9124409,0.004141563,0.004320867825299501,-0.04149741036965714,IN BAND,False,False,0.000398967,11000.691004349,3352833.264980042,1.0,2656168.947853981,1241445.281724563,-0.0023243817583002914,90361.34652069118,ACCUMULATING_PRE_EMA,0.0,,,,0.09531085598036461,-7.514709685533254,-0.5048851594974951,1.3912746351021985,8.401099161137957,8.905984320635453,0.7838147000774414,-8.810673464655087,1,0.0,,0.0892860060557723,0.0,3.0518043793392735e-05,0.0032810134399613466,-0.207783766669408,5CqTmNfg...,24387.476105203,,,ENTRY_PRE_EMA_PATTERN,False,4885578,3.051897517281077e-05,147,5EZ52JMq...,0.0,0.34812093405620215,0.34812093405620215,0.9468656534212293,,COUNTER,725440.587518071,0.0,0.0,DIVERGENT,0.999809040800394,0.0,1295.967040512703,72397.992373783,0.021593078644849925,72397.992373783,0.021593078644849925,0.0,DORMITORY,True,True,0.21593078644849928,,,9625.846646247002,0.002870958942929809,30.0
9,9,89,23,65,True Performance Network,2026-09-22,9124409,0.002162568,0.00220335996709764,-0.018513528296228796,IN BAND,False,True,1.21e-07,5635.480175499,3336010.238207992,1.0,2605920.485702672,303176.667140616,-0.00012719120635281114,77309.46351471636,ACCUMULATING_PRE_EMA,0.0,,,,5.642607020116851e-05,-5.896393719777611,-0.22524792760411702,1.661058070637175,7.332203862810669,7.5574517904147855,0.7877673665089485,-7.557395364344584,1,0.2920948872560273,MINER_BURN_ONLY,2103.3361768200994,2103.2010429221823,4.57770656900891e-05,0.0016892874341195717,-0.21885118335258286,5GxEEHxL...,1443333.080200336,,,ENTRY_PRE_EMA_PATTERN,False,4950813,0.7500305194408838,0,5DAmVrUg...,0.179995422293431,0.9045673802444012,0.7417493926444476,0.461741545598828,,COUNTER,1041270.809624099,0.0,0.0,DIVERGENT,-0.7988715255577284,1.622881583539444,1295.967040512703,171794.150223016,0.05149688938463775,171794.150223016,0.05149688938463775,0.0,FORTRESS,True,True,0.5149688938463776,,,18887.776236524,0.005661786052152516,30.0
10,10,64,24,6,Numinous,2026-09-22,9124409,0.002369586,0.0024226519744843245,-0.021904084880214766,IN BAND,False,True,4.4193e-05,7563.101292947,2640090.111057808,1.0,3191739.110229253,702536.599739292,-0.004023880888700968,61925.417047676165,ACCUMULATING_PRE_EMA,0.0,,,,0.015356029160723535,-6.0305920536666635,-0.2664996993759463,1.4721580421955025,7.23625039648622,7.502750095862166,0.9954205687877207,-7.487394066701443,1,0.0,,0.0,0.0,0.0020141908903639205,0.002864713314621175,0.2089509790407165,5CfSg4e2...,89497.28494025,,,,False,3219949,0.08573001238475297,37,5G6UKAFt...,,3.2094838883164134,3.2094838883164134,0.0,,COUNTER,185360.665463109,0.0,0.0,DIVERGENT,1.0,0.0,1295.967040512703,662466.459537209,0.250925700135204,662466.459537209,0.250925700135204,0.0,DORMITORY,True,True,2.50925700135204,0,,10042.073503497995,0.003803685889901093,30.0
11,11,13,25,3,Teutonic,2026-09-22,9124409,0.03061147,0.031231828732416034,-0.019863029402826846,IN BAND,False,False,0.004243917,82644.987059748,3402775.630292497,1.0,2699804.580507146,3526747.495667851,-0.03954664999786193,70916.91145553254,ACCUMULATING_PRE_EMA,0.0,,,,0.13495088175084297,0.14940245378817427,-0.24166685773439328,6.956739362102015,6.565670050579447,6.80733690831384,0.7723106914851454,-6.6723860265629975,1,0.0,,0.0,0.0,7.629510948348184e-05,0.024287521729031536,-0.20658753960422238,5GsGUrd2...,3300422.555138559,,,,False,4165565,0.19999999999999996,204,5E6yHkmZ...,0.179995422293431,0.322097896442527,0.26412174955252854,0.9866326888743077,,COUNTER,578475.334942498,0.0,0.0,DIVERGENT,1.0,0.0,1295.967040512703,387507.453971931,0.11387981344471469,387398.169613855,0.11384769720492999,109.28435807599453,DORMITORY,True,True,1.1384769720493015,0,,23587.785494868993,0.0069319250099488415,30.0
12,91,71,26,76,Ormas,2026-09-22,9124409,0.005906641,0.0017580362036824226,2.359794859530091,PREMIUM,False,True,1.2449e-05,503.827093643,28407.159803049,1.0,85298.399150986,7084.48824149,,5113.271274287792,,,,,,0.06493491996121543,9.723731261919452,28.710837457616105,-12.988501388548896,5.998604807147757,-22.712232650468348,92.51188848939172,22.77716757042956,1,0.0,,0.0,0.0,0.0,0.017735919294153555,2.002708187979184,5CLWmDjL...,510378.831546354,,,,True,9003844,1.0,1,5E2LP6En...,0.0,1.087470277678961,1.087470277678961,0.30833320617093674,,COUNTER,1719.959597884,0.0,0.0,DIVERGENT,1.0,0.0,1295.967040512703,0.0,0.0,0.0,0.0,0.0,NEITHER,False,,,,,6681.130314366998,0.2351917742107361,30.0
13,12,30,4,61,RedTeam,2026-09-22,9124409,0.010106379,0.0105130048468709,-0.03867836577588255,IN BAND,False,False,0.001392939,13172.053070742,4830113.330946645,1.0,1303340.497010046,794635.872222893,0.001606769924520486,85392.97544450522,,0.0,,0.15898571827956245,0.15898571827956245,0.277909880285184,-17.865684068733863,-0.470586783606571,-11.801021906339345,5.594075378787947,6.064662162394518,0.544086612453241,-5.786752282109334,1,0.0,,0.0,0.0,0.0008392462043183002,0.0027270691530876428,-0.7301635775694101,5ECEsYL8...,,,,,False,4457976,0.004505192425168003,69,5HbLhpEA...,,2.8666546064876486,2.8666546064876486,0.0,,COUNTER,808370.14496251,0.0,0.0,DIVERGENT,1.0,0.0,1295.967040512703,1021287.884224886,0.21144180565732723,1021287.884224886,0.21144180565732723,0.0,DORMITORY,True,True,2.1144180565732724,0,,27524.49509241801,0.005698519518386442,30.0
14,15,44,27,50,Synth,2026-09-22,9124409,0.00398509,0.004049793817102909,-0.015977064518607007,IN BAND,False,False,0.00031519,10155.920426692,3239374.318777011,1.0,2548479.345864525,1228843.53308185,-0.0056701551055483215,53879.67024675477,ACCUMULATING_PRE_EMA,0.0,,,,0.08156024123849907,-5.878607915283522,-0.19438761830971857,-0.6195917737600327,5.06462852321377,5.259016141523489,0.8112677762390151,-5.17745590028499,1,0.0,,0.0012793019996024668,0.0,0.0020599679560540096,0.0031351487748184203,-0.21328030864587244,5DxyiWpG...,2236613.736033552,,,,False,4763204,0.2332721712538226,220,5Ff9fYuf...,,15.791514050070996,15.791514050070996,0.0,,COUNTER,467621.618219338,0.0,0.0,DIVERGENT,0.9999974459436207,0.0,1295.967040512703,212500.00519846,0.0655990892953325,212500.00519846,0.0655990892953325,0.0,DORMITORY,True,True,0.6559908929533248,,,27762.788051104,0.008570416790111965,30.0
15,13,28,28,118,Ditto,2026-09-22,9124409,0.006865772,0.007111446233466268,-0.03454631103166209,IN BAND,False,False,0.001656609,6133.491295119,2195235.948316286,1.0,893343.367561878,771175.165649023,-0.0019519015973399523,37252.59624005633,ACCUMULATING_PRE_EMA,0.0,,,,0.7098026625495576,-5.471698684217708,-0.4203134508852221,-0.029237324225678485,5.022147909106808,5.44246135999203,1.1971378302253286,-4.7326586974424725,1,0.0,,0.0,0.0,3.0518043793392735e-05,0.002794000936356431,-0.5930536381988172,5HGXqHbQ...,1463900.358301904,,,ENTRY_REPEATED,False,5724794,0.0,28,5DPQjF6B...,0.0,0.4303238385971904,0.4303238385971904,0.10675863331858204,,COUNTER,320927.826926128,1788.13704218,0.0,DIVERGENT,1.0,0.0,1295.967040512703,130875.49807323,0.059617964152604924,109020.614653898,0.04966236760905598,21854.883419332007,DORMITORY,True,True,0.4966236760905616,,,33114.45990884899,0.015084692802269069,30.0
16,14,9,29,97,Albedo,2026-09-22,9124409,0.018202155,0.01860074303112924,-0.021428608011098457,IN BAND,False,False,0.006459887,11852.967472772,1134223.069986526,1.0,651185.143847468,533477.836976814,-0.0002017478056674679,21148.985970562324,ACCUMULATING_PRE_EMA,0.0,,,,1.4322643738791738,-9.76681470034376,-0.2607147308016979,-4.494308462487531,5.011791507054531,5.272506237856229,2.3170045377680597,-3.8402418639770546,1,0.0,,0.0,0.0,7.629510948348184e-05,0.010450296583116412,-0.42587586013214307,5GnW8owm...,1343735.543777863,,,,False,7735450,0.0,28,5E2LP6En...,0.0,0.6362458456107906,0.6362458456107906,0.18854335154271065,,COUNTER,70872.776437572,4583.298014649,0.0,DIVERGENT,1.0,0.0,1295.967040512703,9285.126208944,0.008186331643787058,9285.126208944,0.008186331643787058,0.0,DORMITORY,False,True,0.0818633164378785,,,37502.777691479,0.03306472834477306,30.0
17,17,18,7,68,NOVA,2026-09-22,9124409,0.020454786,0.020703519228845835,-0.01201405548962324,IN BAND,False,False,0.002945143,43200.293146637,3727587.210220486,1.0,2111989.49973232,1697654.722760706,0.0020257665134935203,58752.86069142423,,0.0,,0.09903630932601888,0.09903630932601888,0.1791616500778889,-3.547372103998186,-0.14617100845708275,1.6009911072515357,5.002192202792639,5.1483632112497215,0.7050136862779274,-4.9692015611718325,1,0.0,,0.0,0.0,0.0,0.01158934471826394,-0.4334164767959958,5EcdJLAe...,2502550.119177922,,,ENTRY_REPEATED,False,4972413,0.0,39,5EvbeQ75...,,0.17287057199013522,0.17287057199013522,0.041311845679577575,,COUNTER,682309.357738917,6247.123951755,0.0,DIVERGENT,1.0,0.0,1295.967040512703,549793.601538603,0.1474931559028723,549793.601538603,0.1474931559028723,0.0,DORMITORY,True,True,1.4749315590287255,0,,29582.543777806004,0.007936110440741695,30.0
18,19,79,30,10,Pareton,2026-09-22,9124409,0.006439833,0.006520898547023535,-0.012431652852586905,IN BAND,False,True,3.27e-06,16538.515514313,3427176.008006297,1.0,2568158.800808051,1003693.46250968,0.0019830543029549486,54741.28687070962,,0.0,,,0.30793567208263767,0.0005196089088263597,-4.520107721052147,-0.15125177637314066,0.5174450207444563,4.886300965423463,5.0375527417966035,0.7668120907302907,-5.037033132887777,1,0.30674877780199195,MINER_BURN_ONLY,2209.7579860689584,2209.7129414363194,1.5259021896696368e-05,0.00482569773938573,-0.25064862095247964,5HK5714c...,827777.466820486,,,ENTRY_REPEATED,False,2869647,0.8073061311685537,201,5GKbzKzG...,0.179995422293431,1.3562319064281352,1.112116371702778,0.23463252350140398,,COUNTER,833875.672936464,0.0,0.0,DIVERGENT,-0.810156136675401,1.705068780578035,1295.967040512703,59490.899087791,0.017358577134297472,19840.41580617,0.005789144111601036,39650.483281621,FORTRESS,True,False,0.06440743918301196,,,20860.964609475002,0.006086925375510703,30.0
19,18,50,8,18,Zeus,2026-09-22,9124409,0.003722776,0.0038135068025439978,-0.023791960324673067,IN BAND,False,False,0.000224969,9779.48202129,3167162.477520702,1.0,2626932.63345046,880567.006745921,0.00033872464815844845,51859.950579788536,,0.0,,0.09098711503417031,0.09098711503417031,0.06045499451943499,-2.7807658642014457,-0.2894688506168556,2.3646025394381334,4.855899553022724,5.145368403639579,0.829764819030451,-5.084913409120144,1,0.014676960209501658,MINER_BURN_ONLY,112.37538531998871,112.06007289151538,0.00010681315327687457,0.0030877740219205654,-0.17057216928427463,5GgvCi6h...,1974654.999570051,,,ENTRY_REPEATED,False,1604679,0.030383958002685896,56,5HdrwVQQ...,0.179995422293431,0.4980844179944515,0.40843150283976243,0.12093697543110025,,COUNTER,341505.818396349,30745.295806132,0.0,DIVERGENT,0.7843776986889381,0.0864683046624263,1295.967040512703,472285.796249436,0.14911953510485756,375000.0,0.1184025141310575,97285.79624943598,DORMITORY,True,True,1.1840251413105751,0,,13287.686575700993,0.004195454660129333,30.0
20,16,2,14,107,Minos,2026-09-22,9124409,0.040790493,0.043148022377863526,-0.05463817917812673,IN BAND,False,False,0.012958899,19961.868551962,1620125.904709175,1.0,489375.903555573,577950.710109444,0.001226016808458981,24801.879417174787,,0.0,,0.030056435171278297,0.030056435171278297,1.7060520403363104,-12.897382152706387,-0.6647645133338752,-7.646164782427844,4.586452856944668,5.2512173702785425,1.6220961546020993,-3.545165329942232,1,0.0,,0.0,0.0,0.00015259021896696368,0.012321183491936887,-0.697939824067905,5DA2vLrS...,1294102.644701647,,,,False,7457580,0.0,2,5G9hfkx9...,0.009994659342336155,0.8798416078968742,0.8710478907507316,0.01776258564648792,,COUNTER,406798.248425295,11728.725039684,0.0,DIVERGENT,1.0,0.0,1295.967040512703,41164.694002343,0.025408330230811522,41164.694002343,0.025408330230811522,0.0,DORMITORY,False,True,0.2540833023081152,,,29385.866356241004,0.018138014009174176,30.0
21,20,75,31,22,Desearch,2026-09-22,9124409,0.003013113,0.003051049541682005,-0.01243393172209554,IN BAND,False,True,6.099e-06,7533.528010445,3606740.691661539,1.0,2500247.308028296,270951.83928915,-0.0015173520545156394,49523.120963589754,ACCUMULATING_PRE_EMA,0.0,,,,0.0021275784702436155,-1.7045111101959078,-0.15127950261882905,2.5717178044815974,4.124949412058676,4.276228914677505,0.7286356920739271,-4.274101336207261,1,0.20070477744750922,MINER_BURN_ONLY,1450.7924144980498,1447.9996472744288,0.0009460593575951748,0.0020887356908861903,-0.3067848132857313,5DFuaMas...,1857035.75338307,,,ENTRY_REPEATED,False,2009702,0.5189467414048539,131,5E2LP6En...,0.0,0.40677885616101334,0.40677885616101334,0.12691896841141462,,COUNTER,1243954.218524826,0.0,0.0,DIVERGENT,-0.7065068204731898,1.1173120936019942,1295.967040512703,763677.586285475,0.21173620494842588,763677.586285475,0.21173620494842588,0.0,FORTRESS,True,True,2.1173620494842593,0,,9874.968665787012,0.0027379203302907397,30.0
22,21,49,32,54,Yanez,2026-09-22,9124409,0.005305564,0.005435741040855646,-0.02394835218919024,IN BAND,False,False,0.000244171,9195.991390462,4190823.97021739,1.0,1733272.867474626,929211.206901688,-0.0018134332739084883,52192.117891146336,ACCUMULATING_PRE_EMA,0.0,,,,0.0697783806828643,-6.214292295733505,-0.29137161830181457,-2.2565903559503178,3.6663303214813725,3.957701939783187,0.6270843200946181,-3.8879235591003227,1,0.11407853713146121,MINER_BURN_ONLY,862.229232772952,859.1661977534964,0.001037613488975464,0.0021943158328325057,-0.5864123337627242,5FUfruyV...,3634087.26182827,,,,False,4742549,0.30497808055967124,59,5DUB7kNL...,0.01998931868467231,0.32958042435814766,0.3229923362234231,0.8069862198415969,,COUNTER,600206.84281587,0.0,0.0,DIVERGENT,-0.46653934017215337,0.6629537410253874,1295.967040512703,644081.425659809,0.15368849425245573,644081.425659809,0.15368849425245573,0.0,FORTRESS,True,True,1.5368849425245572,0,,14308.390666090001,0.0034142189621359314,30.0
23,22,33,33,17,404—GEN,2026-09-22,9124409,0.008759674,0.008852821541950107,-0.01052179144340774,IN BAND,False,False,0.001225253,25343.563059955,3146762.79071746,1.0,2893208.215691977,676670.523264589,-0.008483605846616416,38995.91401487123,ACCUMULATING_PRE_EMA,0.0,,,,0.12705257253617272,-5.111262823827349,-0.1280151292281275,-1.392852059773357,3.590395634825865,3.7184107640539925,0.8351439796327379,-3.59135819151782,1,0.0,,0.0,0.0,0.0,0.00805385240181281,-0.08057624041570377,5E7a4a7Q...,934178.340683719,,,,False,2840556,1.0,106,5CsvRJXu...,0.0899977111467155,8.814889324557475,8.021569461335686,0.012727189488623357,,COUNTER,340475.604612198,0.0,0.0,DIVERGENT,1.0,0.0,1295.967040512703,544168.640184893,0.17292966657357192,537462.048049652,0.1707983994329331,6706.592135241022,DORMITORY,True,True,1.7079839943293331,0,,26471.786496961013,0.008412387033127928,30.0
24,23,22,3,69,Herald,2026-09-22,9124409,0.006735782,0.0069459108635783195,-0.030252168175689424,IN BAND,False,False,0.001886406,3958.156505279,1321590.632510096,1.0,587631.273082722,79879.672213848,0.0011393261345515797,17503.064656425733,,0.0,,0.16914533970243986,0.16914533970243986,1.252470679567169,-6.051294121228913,-0.3680680461375546,-2.3474070545963652,3.3358190204949927,3.7038870666325474,1.9885128839091737,-2.4514163870653785,1,0.0,,0.0,0.0,4.57770656900891e-05,0.0029949943711096655,-0.5553605548532203,5HBPFVcJ...,573958.008484695,,,,False,8138182,0.33333333333333337,155,5FLBpbxv...,0.0,0.5901928123781679,0.5901928123781679,0.003265630007172178,,COUNTER,382933.064009199,4110.268380516,0.0,DIVERGENT,1.0,0.0,1295.967040512703,485.813350565,0.00036759745311019276,485.813350565,0.00036759745311019276,0.0,NEITHER,False,True,0.003675974531101928,,,25909.923705816003,0.019605105445250702,30.0
25,24,16,34,93,Bitcast,2026-09-22,9124409,0.019059548,0.02008602791465819,-0.05110417644640905,IN BAND,False,False,0.003059535,23899.54701745,3892928.827744371,1.0,1253940.926929414,1123719.45977216,-0.0033716791650470626,43501.88050681865,ACCUMULATING_PRE_EMA,0.0,,,,0.3364272123705669,-8.254344670846523,-0.6217674800979768,-4.606875594934005,3.025701595814541,3.6474690759125177,0.6750701377509406,-3.3110418635419507,1,0.003802329138085432,MINER_BURN_ONLY,31.80910859303549,31.76406396039644,1.5259021896696368e-05,0.00613922012833145,-0.6778926694205208,5EbY1Seb...,2143512.199159322,,,,False,5370681,0.5461897640919218,97,5G9hfkx9...,0.009994659342336155,0.4173860638347251,0.41321443231245847,0.015063872651516309,,COUNTER,1087695.69380632,0.0,0.0,DIVERGENT,0.9349964097847512,0.024509931940730624,1295.967040512703,427930.957620956,0.10992519425763725,427930.957620956,0.10992519425763725,0.0,DORMITORY,True,True,1.0992519425763723,0,,29864.657033873,0.007671513751043091,30.0
26,27,36,35,11,TrajectoryRL,2026-09-22,9124409,0.008007533,0.008116907672956586,-0.01347491894246783,IN BAND,False,False,0.001128613,20562.572835704,3418775.83728679,1.0,2567903.392907502,1015172.670810171,-0.004553696919034271,34894.27977433521,ACCUMULATING_PRE_EMA,0.0,,,,0.14424240525241908,-4.032238983333382,-0.16394484713335858,-0.9147525657875026,2.953541570412521,3.1174864175458796,0.7686962015285665,-2.9732440122934607,1,0.0,,0.0,0.0,0.0,0.006014601077800666,-0.2488821366330098,5D2Jhtbn...,2053607.950662149,,,ENTRY_REPEATED,False,2918568,0.0,102,5E2LP6En...,0.0,0.3592620553346644,0.3592620553346644,0.004135447345531122,,COUNTER,1146672.996281127,53046.465498293,900.0,DIVERGENT,0.35637591102453636,0.0,1295.967040512703,46180.459268605,0.013507893312260787,46180.459268605,0.013507893312260787,0.0,DORMITORY,True,True,0.13507893312260785,,,13072.627126339996,0.0038237742831114365,30.0
27,25,54,36,88,Investing,2026-09-22,9124409,0.003077489,0.003141366643831134,-0.02033434841379424,IN BAND,False,False,0.000121234,6214.47652941,3277366.321259212,1.0,2019333.161125967,722736.561588701,-0.0006446650318909965,35362.60102229728,ACCUMULATING_PRE_EMA,0.0,,,,0.051267866326666786,-4.684141825609362,-0.2474012390344966,-1.5013245921518448,2.9354159944230203,3.182817233457517,0.8018633690573485,-3.1315493671308503,1,0.0,,0.0,0.0,0.000579842832074462,0.0018961800178084172,-0.3838548187147323,5FhMsGJS...,2897086.365876228,,,ENTRY_PRE_EMA_PATTERN,False,5299805,0.4744034077896697,54,5D2DbDC6...,0.179995422293431,1.0164890565032665,0.8335256795213097,0.0,,COUNTER,175269.313011837,0.0,0.0,DIVERGENT,1.0,0.0,1295.967040512703,1189742.391064614,0.36301782420449646,1189742.391064614,0.36301782420449646,0.0,DORMITORY,True,True,3.630178242044965,0,,10961.853471087994,0.0033447141382951322,30.0
28,26,43,37,102,ConnitoAI,2026-09-22,9124409,0.005452942,0.005555195035412908,-0.01840674085447436,IN BAND,False,False,0.000349496,3318.71337087,965056.078714824,1.0,608609.65111661,231725.495595383,-9.995717380745074e-05,14779.130503085209,ACCUMULATING_PRE_EMA,0.0,,,,0.27675649728051743,-10.40708872165751,-0.22394868039610472,-7.2676112662533825,2.915528775008023,3.139477455404128,2.723157812237955,-2.8627209581236106,1,0.09155662538054238,MINER_BURN_ONLY,701.5035141030094,701.4584694703703,1.5259021896696368e-05,0.0034388813708003036,-0.3693530261645358,5HBc11rC...,808527.249528548,,,,False,7840965,0.250099185155797,0,5EEinUEy...,0.179995422293431,0.9938312011496753,0.8149461344103517,0.4956738032381621,,COUNTER,150172.50053978,7309.092357836,0.0,DIVERGENT,-0.27129340203156277,0.5412625842651548,1295.967040512703,2002.340459168,0.0020748436317136504,2002.340459168,0.0020748436317136504,0.0,EXPOSED,False,True,0.020748436317136503,,,33118.166033295005,0.03431734876733675,30.0
29,28,24,38,49,Nepher Robotics,2026-09-22,9124409,0.007124854,0.007324086269363761,-0.02720233788030848,IN BAND,False,False,0.001808829,4071.917137987,2315182.726091081,1.0,571508.902485666,163693.289167903,-3.683535129229573e-05,18226.298733531497,ACCUMULATING_PRE_EMA,0.0,,,,1.1674114307615797,1.493128461686659,-0.33096177754375317,4.189999151753122,2.36590891252271,2.696870690066463,1.1351155873718335,-1.5294592593048837,1,0.0,,0.0,0.0,1.5259021896696368e-05,0.0017587886658354448,-0.7531474096401912,5FL781vf...,1751395.366388018,,,ENTRY_REPEATED,False,6783158,0.9900051881466109,109,5CwD7HgZ...,0.0,0.4687874970729706,0.4687874970729706,0.04082162096171161,,COUNTER,790069.490844123,837.682351088,0.0,DIVERGENT,1.0,0.0,1295.967040512703,466379.245096928,0.20144381687071222,466379.245096928,0.20144381687071222,0.0,DORMITORY,False,True,2.0144381687071222,0,,21189.153686060006,0.009152259753525136,30.0
30,29,55,39,79,MVTRX,2026-09-22,9124409,0.003087067,0.0031035051215440035,-0.005296631034984493,IN BAND,False,False,0.000115718,6971.061171257,2927282.46887428,1.0,2258149.783159906,488966.531469192,-0.0051205686723918425,25904.259354948066,ACCUMULATING_PRE_EMA,0.0,,,,0.04362419099890992,-4.679197222727115,-0.06444234425897799,-2.259771818513892,2.3549830599542454,2.4194254042132233,0.89776098751776,-2.3758012132143134,1,0.0,,0.0,0.0,0.0016937514305332968,0.002381410487501673,-0.22858477399367327,5Fxp7QBG...,3250797.669196542,,,,False,5173967,0.0,0,5EWwdZB7...,0.179995422293431,0.3314528086246931,0.2717928203659477,1.0,,COUNTER,444229.939659842,37317.847662374,0.0,DIVERGENT,1.0,0.0,1295.967040512703,1355085.827207694,0.46291597808420853,1355085.827207694,0.46291597808420853,0.0,DORMITORY,True,True,4.629159780842085,0,,13500.551974984,0.004611974457038235,30.0
31,38,8,40,80,OpenRoboto,2026-09-22,9124409,0.024059568,0.023329367162659764,0.031299641874082705,IN BAND,False,False,0.007124472,4608.323130222,2143229.198274551,1.0,191538.167835553,303416.239536382,-0.0002903473733555673,-6278.101595293469,,0.0,,,,4.062890532395899,8.921651977643839,0.3808123094680062,10.400649612941276,1.8598099447654437,1.4789976352974374,1.2261871022080715,2.583892897098462,1,0.0008751515579453498,MINER_BURN_ONLY,8.212009788985597,8.16696515634655,1.5259021896696368e-05,0.002150177467688487,-0.9106310858246296,5CG1eFia...,306745.595061027,0.0,,,False,7151800,0.8500015259254738,2,5HVjAxFQ...,,18.931154086159054,18.931154086159054,0.0,,COUNTER,258283.885994741,2501.379452446,0.0,DIVERGENT,0.9849195885961202,0.006301830911622244,1295.967040512703,333060.40694668,0.15540120823979856,333060.40694668,0.15540120823979856,0.0,DORMITORY,False,True,1.5540120823979873,0,,23535.009668323004,0.010981097909299822,30.0
32,31,32,41,14,Cacheon,2026-09-22,9124409,0.008845546,0.008960181381553411,-0.01279386841313452,IN BAND,False,False,0.001252109,24617.603796514,3173663.188184515,1.0,2783050.544682439,2662503.095876568,-0.012349965626037119,22721.297940115444,ACCUMULATING_PRE_EMA,0.0,,,,0.13366623653541618,-1.9374459993830082,-0.15565873235980332,-0.08861469175349956,1.6931725752697053,1.8488313076295086,0.828065186559176,-1.7151650710940924,1,0.0,,0.0,0.0,0.00012207217517357094,0.00775684196362262,-0.12307934822535316,5CKhH8nK...,1687252.303097011,,,ENTRY_PRE_EMA_PATTERN,False,4848444,0.0,75,5G1CLuQ8...,0.0,0.45162619371618323,0.45162619371618323,0.025529901878500252,,COUNTER,1226611.25981397,526.080568229,0.0,DIVERGENT,1.0,0.0,1295.967040512703,57089.643507278,0.017988564041648027,50857.047826256,0.016024714914801223,6232.595681022001,DORMITORY,True,True,0.16024714914801494,,,15380.970820614006,0.004846440818886218,30.0
33,30,38,42,105,Beam,2026-09-22,9124409,0.005156941,0.005251298192888498,-0.01796835552326477,IN BAND,False,False,0.000788496,4549.296130661,2063826.124114035,1.0,882169.59094371,557978.648521801,-0.0010888053840733777,15838.31437258271,ACCUMULATING_PRE_EMA,0.0,,,,0.4554918889614953,-3.560416704360568,-0.21861499219972136,-1.683478972879075,1.6583227392817717,1.876937731481493,1.2733630848520028,-1.4214458425199978,1,0.0,,0.0,0.0,0.0013885709925993694,0.0022043020376117848,-0.572556281405627,5G3ic2pA...,2079156.850842854,,,ENTRY_REPEATED,False,6841399,0.0,170,5E2LP6En...,0.0,1.1985300652495003,1.1985300652495003,0.005203564670695233,,COUNTER,452240.813141888,1869.377328683,0.0,DIVERGENT,1.0,0.0,1295.967040512703,179042.22649492,0.08675257300165233,179042.22649492,0.08675257300165233,0.0,DORMITORY,False,True,0.8675257300165236,,,18144.416113532017,0.008791639906836193,30.0
34,32,87,43,20,Witness,2026-09-22,9124409,0.002531004,0.002540558110922575,-0.0037606346737353853,IN BAND,False,True,3.07e-07,6732.263271098,3299028.148956094,1.0,2659917.722820469,287922.992090582,-0.0009316292818717833,22015.40974086011,ACCUMULATING_PRE_EMA,0.0,,,,0.00011984023314471708,-0.9076173764120207,-0.045754388530447186,0.7706980672903007,1.632561055171874,1.6783154437023213,0.7965982347957757,-1.6781956034691765,1,0.28287894922884893,MINER_BURN_ONLY,2037.0207704999484,2036.9757258673094,1.5259021896696368e-05,0.0020406807602500387,-0.19372677394028662,5CFVA7aP...,1472714.237047512,,,ENTRY_REPEATED,False,1970929,1.0,240,5ED4s3B3...,0.179995422293431,0.9478569510703151,0.7772470388886498,0.5691983701872453,,COUNTER,1417987.375865589,0.0,0.0,DIVERGENT,-0.7922806208226798,1.5717805022737714,1295.967040512703,540060.10621822,0.1637027881647843,534018.301275374,0.16187139883736748,6041.804942845949,FORTRESS,True,True,1.6187139883736763,0,,10031.109593064,0.0030406256449306526,30.0
35,34,19,11,110,Green Compute,2026-09-22,9124409,0.012671208,0.012773719849064946,-0.008025215072526458,IN BAND,False,False,0.002724035,7511.202097946,2993940.179090991,1.0,592777.171727907,421635.478207019,0.0008840356011466324,13926.185811675037,,0.0,,0.06976727089845201,0.06976727089845201,0.9530783337540103,-4.935756470572616,-0.09764011671573856,-3.290308559795525,1.5478077940613522,1.6454479107770907,0.8777730491588859,-0.6923695770230804,1,0.0,,0.0,0.0,0.0,0.002508801662238463,-0.8020076963271013,5D53sX6A...,1604467.0486262229,,,ENTRY_PRE_EMA_PATTERN,False,5606062,1.0,155,5FmpATto...,0.179995422293431,7.329956635966617,6.010597995883269,0.0,,COUNTER,653602.202903777,0.0,0.0,DIVERGENT,1.0,0.0,1295.967040512703,9205.92186508,0.00307485163844358,9205.92186508,0.00307485163844358,0.0,NEITHER,True,True,0.0307485163844358,,,21052.887173692,0.007031832940658153,30.0
36,33,10,44,114,SOMA,2026-09-22,9124409,0.016258231,0.0165739671792835,-0.019050126977332875,IN BAND,False,False,0.004959405,7506.976602506,1776027.205256362,1.0,461734.094971703,238976.283900564,-0.00033109223172571404,8507.908220909827,ACCUMULATING_PRE_EMA,0.0,,,,1.736160511763042,4.512153052936916,-0.2317765448908833,6.178349008700239,1.4344194108724393,1.6661959557633226,1.4797070631700484,0.06996455599971949,1,0.0,,0.0,0.0,0.00012207217517357094,0.004226836492306096,-0.7400186716312436,5FHrQMjz...,1118494.08653477,,,,False,7312241,0.0,5,5E2LP6En...,0.0,0.5185332187554418,0.5185332187554418,0.2961148751754868,,COUNTER,373811.447473431,13816.272943106,0.0,DIVERGENT,1.0,0.0,1295.967040512703,146039.760277138,0.08222833515439185,146039.760277138,0.08222833515439185,0.0,DORMITORY,False,True,0.8222833515439184,,,35734.759832708995,0.02012061511611295,30.0
37,37,63,45,98,NeverPlayAlone,2026-09-22,9124409,0.002475096,0.0024917079135775566,-0.0066668783636463615,IN BAND,False,True,4.9338e-05,4892.940191252,2908084.573377982,1.0,1976868.588575211,207158.836748839,-0.001032365332540136,18626.330577238696,ACCUMULATING_PRE_EMA,0.0,,,,0.026499458185043276,-2.5004177578604594,-0.0811136867576974,-1.0030862660820334,1.4162178050207286,1.497331491778426,0.9036876107586375,-1.4708320335933827,1,0.0,,0.0,0.0,0.0,0.0016825302248924773,-0.3202161754968384,5EWzZCNs...,1460771.114133009,,,ENTRY_PRE_EMA_PATTERN,False,5445992,1.0,153,5E2LP6En...,0.0,0.41827685327099373,0.41827685327099373,0.25768696687165243,,COUNTER,1255490.393926426,0.181595662,0.0,DIVERGENT,1.0,0.0,1295.967040512703,431734.05516702,0.14845993789841025,431734.05516702,0.14845993789841025,0.0,DORMITORY,True,True,1.484599378984103,0,,12607.446780850994,0.004335309535446694,30.0
38,36,40,46,111,Claims,2026-09-22,9124409,0.004577235,0.004618075443431735,-0.008843606808074646,IN BAND,False,False,0.000506018,5708.313304194,3578283.870940172,1.0,1247109.358321875,211512.321086372,-0.0020882893709760026,19257.84760294459,ACCUMULATING_PRE_EMA,0.0,,,,0.23296116262976682,-4.540417663209643,-0.10759721616490818,-3.037774444392372,1.3950460026523632,1.5026432188172714,0.734430272942406,-1.2696820561875046,1,0.0,,0.0,0.0,3.0518043793392735e-05,0.0015952656385235797,-0.6514783185649022,5CGTryXj...,2722804.116413248,,,,False,5615562,0.0,145,5E2LP6En...,0.0,0.34587293363850363,0.34587293363850363,0.09349488044191476,,COUNTER,734491.272679149,0.371911999,0.0,DIVERGENT,1.0,0.0,1295.967040512703,1221.604957048,0.0003413940875314151,1221.604957048,0.0003413940875314151,0.0,NEITHER,True,True,0.0034139408753141513,,,13581.137182037,0.0037954331383073417,30.0
39,35,52,47,21,AdTAO,2026-09-22,9124409,0.003354222,0.0034177210181951523,-0.018579345083199666,IN BAND,False,False,0.000167231,7429.446767038,3811844.351144134,1.0,2214953.529610056,599379.037807486,-0.0017317969702688176,23151.90153632732,ACCUMULATING_PRE_EMA,0.0,,,,0.05915421185192969,-3.3691746634101225,-0.22604869851226259,-1.7740915439805536,1.3690344209173064,1.595083119429569,0.6894300390862496,-1.5359289075776392,1,0.0,,0.0,0.0,0.00016784924086366004,0.001949042532339505,-0.41892858244340864,5HjCYVfr...,2027705.847551778,,,,False,3156578,1.0,199,5CyRmxMU...,,14.485930589243303,14.485930589243303,0.0,,COUNTER,834653.38669571,0.0,0.0,DIVERGENT,1.0,0.0,1295.967040512703,5839.628796876,0.0015319693720241283,5839.628796876,0.0015319693720241283,0.0,NEITHER,True,True,0.015319693720241284,,,10686.892189295002,0.0028036014078295997,30.0
40,40,61,48,32,ItsAI,2026-09-22,9124409,0.002762222,0.00277368794195354,-0.004133825503623278,IN BAND,False,True,7.496e-05,6920.476176911,3565942.17996436,1.0,2505401.683204327,307105.299694757,-0.0011755096356559623,18550.468278597575,ACCUMULATING_PRE_EMA,0.0,,,,0.028465509448214004,-2.4103217312573375,-0.050294876960749885,-1.135376776316337,1.2246500779802507,1.2749449549410006,0.7369721289273024,-1.2464794454927866,1,0.0,,0.0,0.0,0.004821850919356052,0.0019407146351935992,-0.29740816082356913,5DWgkCSv...,75383.3472459,,,,False,2515294,0.0,82,5E7sa41c...,0.013550011444266423,0.2558114886147499,0.2523452400164452,0.8524712740146185,,COUNTER,17419.272873098,0.0,0.0,DIVERGENT,1.0,0.0,1295.967040512703,634410.218859858,0.17790816195067938,634410.218859858,0.17790816195067938,0.0,DORMITORY,True,True,1.7790816195067938,0,,12015.617253211001,0.003369549097212533,30.0
41,39,6,49,15,ORO,2026-09-22,9124409,0.024626383,0.024927174439653754,-0.012066808469685929,IN BAND,False,False,0.007804257,13546.815986606,1567094.237798993,1.0,550093.857507215,586246.964321153,-0.0009198017926109515,7760.265228671604,ACCUMULATING_PRE_EMA,0.0,,,,1.5139784445494961,-10.273359503662286,-0.14681283638117879,-8.946857202465317,1.1796894648157896,1.3265023011969683,1.6769891284209333,0.18747614335252785,1,0.0,,0.0,0.0,0.0004882887006942838,0.008644544571635144,-0.6489722192806331,5EHdase3...,216.588029224,,,,False,7366897,0.9636657862998641,76,5DWsubqY...,0.0,0.6045227733603902,0.6045227733603902,0.020830789891344157,,COUNTER,372945.467614599,2797.563389807,0.0,DIVERGENT,1.0,0.0,1295.967040512703,1010.651574802,0.0006449207395602929,1010.651574802,0.0006449207395602929,0.0,NEITHER,False,True,0.006449207395602928,,,28860.645627562004,0.01841666246447132,30.0
42,43,7,50,4,Targon,2026-09-22,9124409,0.054052549,0.05421760771423578,-0.003044374718740038,IN BAND,False,False,0.007316704,135777.247376183,3762061.109339667,1.0,2511949.008783545,2324151.821369028,-0.0046476622979413,16119.397147806361,ACCUMULATING_PRE_EMA,0.0,,,,0.14161649675167065,-2.740297908355482,-0.03703989241133712,-1.7832114050504095,0.9200466108937353,0.9570865033050724,0.6985532461117512,-0.8154700065534017,1,0.00024335880895491255,MINER_BURN_ONLY,2.1244978819740936,1.9893639840569506,4.57770656900891e-05,0.036091186036054365,-0.3322944670739882,5CXGPMnq...,,,,,False,1411451,0.08133430995544166,32,5HEj6CFU...,0.179995422293431,18.66569797905899,15.305957788916626,0.0,,COUNTER,560636.714144428,0.0,0.0,DIVERGENT,0.9955658516387723,0.0015350421128533715,1295.967040512703,183019.057563734,0.04864861368396493,183019.057563734,0.04864861368396493,0.0,DORMITORY,True,True,0.4864861368396493,,,16777.990792964993,0.004459786884192835,30.0
43,42,56,10,89,InfiniteQuant,2026-09-22,9124409,0.003071399,0.003094362560659647,-0.0074210956891722,IN BAND,False,False,0.000114414,6199.147596564,2893428.178405924,1.0,2018346.334074763,187472.202934528,0.00022740814707736934,14451.893514792202,,0.0,,0.07404057469490918,0.07404057469490918,0.048503441370981046,-2.3587718322048263,-0.0902899975515951,-1.3629437685507073,0.905538066102524,0.995828063654119,0.9082651574395891,-0.947324622283138,1,0.0,,0.0,0.0,0.0012359807736324058,0.0021424923012878434,-0.3024376509571555,5Dc5NmEU...,111126.388876792,,,,False,5313364,0.0,137,5FFQKsXc...,0.0,0.2405501462590763,0.2405501462590763,0.0009156950125144986,,COUNTER,601037.833009041,0.0,0.0,DIVERGENT,1.0,0.0,1295.967040512703,6094.632142656,0.0021063706326430107,6094.632142656,0.0021063706326430107,0.0,NEITHER,True,True,0.021063706326430107,,,13618.052825283004,0.00470654600204578,30.0
44,44,31,51,19,blockmachine,2026-09-22,9124409,0.009511895,0.009540566010400653,-0.00300516870481246,IN BAND,False,False,0.001331071,31386.109664224,2737128.021931225,1.0,3299669.195014074,1680780.938331912,-0.008205630128196056,13471.943683551159,ACCUMULATING_PRE_EMA,0.0,,,,0.11145231522552533,-1.6934984391009356,-0.0365628859085516,-0.8036131783054389,0.8533223748869451,0.8898852607954967,0.9601304648314448,-0.7784329455699713,1,0.0,,0.0,0.0,0.00025940337224383825,0.011466803676241283,0.20552252482195016,5FWh37Lf...,1311512.940308797,,,,False,1956072,0.0,20,5ChmduXv...,0.0,0.4258553406293487,0.4258553406293487,0.015794051670201887,,COUNTER,1013639.146969995,0.0,0.0,DIVERGENT,1.0,0.0,1295.967040512703,169461.348344926,0.061912101658058286,169461.348344926,0.061912101658058286,0.0,DORMITORY,True,True,0.6191210165805829,,,34457.789283385995,0.012589030913897022,30.0
45,41,26,52,124,Swarm,2026-09-22,9124409,0.010093845,0.010271331993862987,-0.01727984198826721,IN BAND,False,False,0.001713541,12403.176569245,3574913.517702637,1.0,1228786.11077203,308398.54442536,-7.80977163950547e-05,14183.862355587073,ACCUMULATING_PRE_EMA,0.0,,,,0.36306713226723947,-4.67424411948919,-0.21023807752391768,-3.6331117794449335,0.8308942625203388,1.0411323400442565,0.7351226783491098,-0.678065207777017,1,0.0,,0.0,0.0,0.00019836728465705278,0.00346950394962721,-0.6562752895821949,5HKYqfJr...,2320675.078299022,,,,False,5813454,0.012759073288361122,97,5DJinaSF...,,12.196030657256042,12.196030657256042,0.0,,COUNTER,897004.632666029,6243.286010635,0.0,DIVERGENT,1.0,0.0,1295.967040512703,1000000.110795789,0.2797270775485567,1000000.110795789,0.2797270775485567,0.0,DORMITORY,True,True,2.7972707754855666,0,,23354.915715210005,0.006533001595579488,30.0
46,92,92,53,95,Actual,2026-09-22,9124409,0.043144362,0.04050524556078017,0.06515493000183652,IN BAND,False,True,0.0,27595.249329999,3025985.932638476,1.0,639602.673717692,593494.868294263,-0.0011390409750780188,-41459.442723283544,,0.0,,,,,3.1347199440086255,0.7927183150223442,3.1347199440086255,0.7927183150223442,,0.8684772693931672,5.912618441343502,1,0.38950217354001426,MINER_BURN_ONLY,2804.4156494881026,2804.4156494881026,0.0,0.009119424195715813,-0.7886299907339964,5D5UhUuc...,478663.200788223,0.0066836554526277575,,,False,5403674,1.0,0,5ExqqyEB...,0.179995422293431,2.251031645872265,1.8458562541776093,0.0,,COUNTER,1096703.803251507,14658.86980412,0.0,DIVERGENT,-0.8491664386209136,2.163955997197765,1295.967040512703,9024.997700073,0.002982498233957006,9024.997700073,0.002982498233957006,0.0,EXPOSED,True,True,0.029824982339570063,,UNDEFENDED_BURNER,18017.202352185006,0.005954159323032642,30.0
47,45,5,54,120,Affine,2026-09-22,9124409,0.046227387,0.04658948676660657,-0.007772134696836922,IN BAND,False,False,0.008601325,76388.453803576,2644238.718723225,1.0,1652450.227770532,1505383.010449833,-0.0050901304439632976,11600.454949271167,ACCUMULATING_PRE_EMA,0.0,,,,0.29591228745281684,-3.1097019202547918,-0.09456097214484922,-2.279003327759316,0.7361376203506264,0.8306985924954756,0.9938588302908348,-0.5347863050426588,1,0.0,,0.0,0.0,1.5259021896696368e-05,0.028888637498077442,-0.375075266571363,5EfNFhH2...,3045798.925903669,,,,False,5749344,0.0,0,5HmYnmUY...,0.179995422293431,0.3497762547040816,0.28681813003040574,0.9887537576488182,,COUNTER,181441.01409672,0.0,0.0,DIVERGENT,1.0,0.0,1295.967040512703,52703.655968932,0.01993150451801116,52703.655968932,0.01993150451801116,0.0,DORMITORY,True,True,0.1993150451801146,,,21895.676005060992,0.008280521667738591,30.0
48,47,27,55,34,BitMind,2026-09-22,9124409,0.011634778,0.011676378548145294,-0.0035627954312856696,IN BAND,False,False,0.001708932,34523.445173586,2737708.174763921,1.0,2967262.823984933,635777.848862426,-0.0033068888932364145,12521.319248512387,ACCUMULATING_PRE_EMA,0.0,,,,0.13008763387948707,-0.5168863311261876,-0.04334734441397564,0.25643058676945485,0.7299695734816669,0.7733169178956425,0.9599270017983631,-0.6432292840161554,1,0.025651486716716448,MINER_BURN_ONLY,214.52101283497177,211.8183348766289,0.000915541313801782,0.012610345212035988,0.08384923305249037,5DthmKBR...,2944695.215168281,,,ENTRY_PRE_EMA_PATTERN,False,3493948,0.36195494463535693,72,5E2LP6En...,0.0,0.34610465866070583,0.34610465866070583,0.0015869867089863122,,COUNTER,359938.133384116,70171.661546406,0.0,DIVERGENT,0.6232617735655819,0.16344422987241292,1295.967040512703,124496.442257033,0.04547469427334731,124496.442257033,0.04547469427334731,0.0,DORMITORY,True,True,0.45474694273347394,,,12157.383262113002,0.004440715549662762,30.0
49,48,85,56,45,AlphaRidge.ai,2026-09-22,9124409,0.002432436,0.002442194614559412,-0.003995838210941457,IN BAND,False,True,6.24e-07,6249.628210711,3197105.390761824,1.0,2569287.577828512,750753.311720722,-0.0007759101295867152,12666.521534488536,ACCUMULATING_PRE_EMA,0.0,,,,0.0002623951289117464,-0.16739424033288985,-0.04861603156645439,0.5337671916583425,0.6525454004247779,0.7011614319912324,0.8219935469108154,-0.7008990368623206,1,0.2416596602743627,MINER_BURN_ONLY,1745.4865644047968,1740.3965209165844,0.0017242694743266895,0.0019547770394962812,-0.1963706179746225,5FbcZiAH...,917.231765369,,,ENTRY_REPEATED,False,3633154,0.6611995964660207,55,5E2LP6En...,0.0,0.34843925150914373,0.34843925150914373,0.2180136735441338,,COUNTER,1087328.184914152,0.0,0.0,DIVERGENT,-0.6067153231001896,1.3429327031558294,1295.967040512703,111021.275312282,0.03472556007477352,111019.200205241,0.03472491101670775,2.0751070410042303,FORTRESS,True,True,0.34724911016707755,,,15021.930874275005,0.004698603592387518,30.0
50,49,86,57,127,Astrid,2026-09-22,9124409,0.002412829,0.002422086661681533,-0.003822184328906595,IN BAND,False,True,3.37e-07,3089.066686752,2962506.909157099,1.0,1280267.091801441,601085.578420433,-0.0011311304522673383,12345.879115479765,ACCUMULATING_PRE_EMA,0.0,,,,0.0002867001880529819,-3.496006786278676,-0.046503242668363566,-2.810989765848043,0.6385137777622694,0.685017020430633,0.8870865387273396,-0.68473032024258,1,0.27504285051108235,MINER_BURN_ONLY,1980.6303382120095,1980.5852935793707,1.5259021896585345e-05,0.0010427205003990725,-0.5678431830854683,5FU4uxAd...,1513010.654477677,,,,False,5848837,0.8825037385174108,0,5EKrpcqV...,0.179995422293431,0.9182717828040242,0.7529870654780721,0.583237955714264,,COUNTER,1267632.207668188,203.185912805,0.0,DIVERGENT,-0.7862522451239914,1.5282682596586892,1295.967040512703,5535.674552263,0.001868577769439878,5535.674552263,0.001868577769439878,0.0,EXPOSED,True,True,0.018685777694398782,,UNDEFENDED_BURNER,13857.899021268997,0.004677760912028349,30.0
51,46,83,58,23,Trishool,2026-09-22,9124409,0.004247442,0.004318834049627185,-0.016530398900913533,IN BAND,False,True,7.32e-07,7450.126879062,4303353.388912085,1.0,1754026.639940573,612790.863254076,3.250270980840306e-05,16515.642063028645,,0.0,,,0.007652302211166877,0.0002582098306817294,4.7234561222674065,-0.20111985329444798,5.5497539520568795,0.6251779764950254,0.8262978297894733,0.6106865419817114,-0.8260396199587916,1,0.31154082510496994,MINER_BURN_ONLY,2243.525674595963,2243.480629963324,1.5259021896696368e-05,0.0017312375270545554,-0.5924046691974709,5CqTRwoF...,1477225.423048347,,,,False,2063528,0.7999969481490524,188,5HKsvivb...,0.0899977111467155,0.8670380910584162,0.7890066473861412,0.3887405191753018,,COUNTER,1185767.554020037,0.055431535,0.0,DIVERGENT,-0.8009774697238818,1.731124758447384,1295.967040512703,873369.026236893,0.2029508030846814,873369.026236893,0.2029508030846814,0.0,FORTRESS,True,True,2.029508030846815,0,,11182.872273153002,0.002598641399511022,30.0
52,50,80,59,74,Gittensor,2026-09-22,9124409,0.00326571,0.003282152581959963,-0.005009694567625566,IN BAND,False,True,2.759e-06,5994.423200646,3415224.523645049,1.0,1835564.989786032,353645.678346776,-0.0012658894502273344,11029.386550623458,ACCUMULATING_PRE_EMA,0.0,,,,0.0012095662513815543,-1.776087534215106,-0.06095128390611105,-1.123728319032208,0.5914079312767869,0.652359215182898,0.7694955285678118,-0.6511496489315164,1,0.0,,0.0,0.0,0.00010681315327687457,0.0017552061831203377,-0.4625345841730166,5D1VXeeS...,216.588029224,,,ENTRY_REPEATED,False,5086205,0.6331797094371872,195,5E2LP6En...,0.0,0.29638665213169063,0.29638665213169063,0.07395086220051884,,COUNTER,531791.422968235,171336.33804535,1765.1133319430228,OK,0.22581778694097224,0.0,1295.967040512703,378229.609193408,0.11074809476646817,378229.609193408,0.11074809476646817,0.0,DORMITORY,True,True,1.1074809476646819,0,,16738.298547522998,0.004901082910255725,30.0
53,93,93,60,117,everyframe.studio,2026-09-22,9124409,0.003184411,0.003040288109332323,0.04740435297078722,IN BAND,False,True,0.0,3226.351761365,1955813.326057728,1.0,1013170.609277047,236538.644966291,-0.0007537834211656891,-76799.93758249131,,0.0,,,,,5.434020552831341,0.5767529611445777,5.434020552831341,0.5767529611445777,,1.3436865190489207,15.723361837004626,1,0.0,,0.0,0.0,0.0,0.0016496215249071121,-0.481969656270151,5FFDV7LG...,1976393.810254876,0.424955342490628,BUYBACK_GAMING,,False,5710859,1.0,0,5DwRMxJG...,0.179995422293431,1.0147860396086854,0.8321291978718417,0.8613980742526667,,COUNTER,289424.602021989,170269.479275547,2804.4156494759955,OK,0.1310646182400098,0.0,1295.967040512703,184995.455974437,0.09458748107996921,154144.143623114,0.07881332107181085,30851.312351322995,DORMITORY,True,True,0.7881332107181085,,,20497.4379841,0.010480262973468971,30.0
54,51,37,61,77,Liquidity,2026-09-22,9124409,0.005292565,0.00530866626650095,-0.003033015392689695,IN BAND,False,False,0.000790176,11870.885807015,3353736.484053162,1.0,2242935.969772888,409816.435342395,-0.006935415302332664,11509.905489927158,ACCUMULATING_PRE_EMA,0.0,,,,0.1749307138286901,-1.6959300362618288,-0.036901687277724624,-1.1102639294167054,0.5487644195673989,0.5856661068451234,0.7836036052611766,-0.4107353930164333,1,0.0,,0.0,0.0,6.103608758678547e-05,0.0035396000441479014,-0.33121274010845375,5GxxsUeY...,2671428.74199484,,,,False,5128460,0.5840289328714654,42,5E7F9Awq...,,13.263491446597012,13.263491446597012,0.0,,COUNTER,140886.89655137,14115.257752168,0.0,DIVERGENT,1.0,0.0,1295.967040512703,369577.913917543,0.11019885303298763,369577.913917543,0.11019885303298763,0.0,DORMITORY,True,True,1.1019885303298762,0,,11260.962932313998,0.003357736359388782,30.0
55,94,94,62,126,Attelier,2026-09-22,9124409,0.004639321,0.004487625788897276,0.033802999233587955,IN BAND,False,True,0.0,2527.922967763,1389466.379178239,1.0,544890.750763499,68664.994049127,-0.0001583244541660852,-558.8946664986433,,0.0,,,,,9.011040695829246,0.4112698240086534,9.011040695829246,0.4112698240086534,,1.8913735800892548,1.9373162012421083,1,0.38950217354028105,MINER_BURN_ONLY,2804.4156494900235,2804.4156494900235,0.0,0.0018193480645843833,-0.6078417370592846,5DqrUa2z...,555262.6906828029,0.0,,,False,7525773,1.0,1,5E2LP6En...,0.0,0.6544409323515725,0.6544409323515725,0.40510598037570006,,COUNTER,451302.663836222,5493.154491675,0.0,DIVERGENT,-0.8491664386208508,2.1639559971992472,1295.967040512703,171439.094523612,0.12338484550090723,1096.553699538,0.0007891905237653365,170342.540824074,EXPOSED,False,False,1.0893646745929622,0,,28327.096578330005,0.02038703275071922,30.0
56,52,41,63,33,ReadyAI,2026-09-22,9124409,0.004480608,0.004555249121040106,-0.016385738530818986,IN BAND,False,False,0.000482054,14313.200807858,2210346.348248905,1.0,3194477.417958236,911697.425123279,-0.0054386194078304825,9594.88997255452,ACCUMULATING_PRE_EMA,0.0,,,,0.08850835875260699,-3.6720020248773677,-0.199359818791631,-3.125470479348718,0.3471717267370189,0.5465315455286499,1.1889539402193559,-0.4580231867760429,1,0.0,,0.0,0.0,0.005065995269703194,0.006475546612501383,0.4452383722256854,5HinUfk5...,58752.790233981,,,,False,2943950,0.0,209,5E2LP6En...,0.0,0.4659242749589881,0.4659242749589881,0.40581700543246046,,COUNTER,588076.249106669,0.0,0.0,DIVERGENT,1.0,0.0,1295.967040512703,138809.800536348,0.06280002256040859,138808.045342108,0.06279922847931747,1.755194239987759,DORMITORY,True,True,0.6279922847931747,,,13956.381616096,0.006314115263950654,30.0
57,95,95,64,31,rec4ll,2026-09-22,9124409,0.004209856,0.0041014153975993395,0.026439799895453937,IN BAND,False,True,0.0,1849.766655238,1855011.655310611,1.0,439389.471482193,55388.095594454,-3.4653599990985635e-05,-9255.814839584578,,0.0,,,,,2.059997820735409,0.3216842320613562,2.059997820735409,0.3216842320613562,,1.4167026888895513,3.182193623038253,1,0.3895021735426336,MINER_BURN_ONLY,2804.415649506962,2804.415649506962,0.0,0.0009971725244649567,-0.7631338163431346,5H3mfhC8...,925183.477770762,0.044322017648905206,,,False,7173591,1.0,0,5CDZ527X...,0.179995422293431,1.7027943703091564,1.3962991785464829,0.4621606360736796,,COUNTER,781731.305094177,729.248648798,0.0,DIVERGENT,-0.8491664386217618,2.1639559972123172,1295.967040512703,433808.577030544,0.2338576018046125,433808.577030544,0.2338576018046125,0.0,FORTRESS,False,True,2.3385760180461252,0,,22319.716633888,0.012032116655434542,30.0
58,54,78,65,123,MANTIS,2026-09-22,9124409,0.002405398,0.0024122565519064665,-0.0028432099815610414,IN BAND,False,True,3.618e-06,5760.855035498,2016262.13987525,1.0,2394969.345479573,551811.807425378,-0.0026115959502149458,8583.915736823808,ACCUMULATING_PRE_EMA,0.0,,,,0.0016504674985591036,-0.977740788976496,-0.03459238810899267,-0.6509733025077374,0.29217509835976585,0.32676748646875853,1.3034019476071694,-0.3251170189701994,1,0.1802770258438272,MINER_BURN_ONLY,1305.8028304770123,1299.9470282339362,0.0019836728465705278,0.002857195461625062,0.1878264892650039,5HVuEdEG...,1639180.585433945,,,,False,5794330,0.4861249139974009,158,5Dszzjqs...,0.179995422293431,4.4864179097002905,3.678883223458975,0.0,,COUNTER,311690.655523996,8560.983387542,0.0,DIVERGENT,-0.6747521784577551,1.0030710562821556,1295.967040512703,350656.879907587,0.1739143303703966,350656.879907587,0.1739143303703966,0.0,FORTRESS,True,True,1.7391433037039659,0,,12865.963231765,0.006381096474172273,30.0
59,55,23,66,5,Hone,2026-09-22,9124409,0.012872254,0.012874542968347669,-0.00017779026046178752,IN BAND,False,False,0.001852974,33629.927064872,3228507.916303162,1.0,2612590.36547596,977466.815105343,-0.015845505017582865,8792.747640242334,ACCUMULATING_PRE_EMA,0.0,,,,0.14480006639938678,-0.13964074782042518,-0.0021631148356184146,0.14807740122549667,0.2855550342103034,0.28771814904592186,0.8139983138121649,-0.14291808264653505,1,0.0,,0.0,0.0,0.009582665751125319,0.010416554004730554,-0.19077466893284156,5GurNtB3...,,,,ENTRY_REPEATED,False,2491604,0.0,58,5G9hfkx9...,0.009994659342336155,0.5454719262474721,0.5400201201638207,0.025377302345454822,,COUNTER,1488567.694632255,0.0,0.0,DIVERGENT,1.0,0.0,1295.967040512703,6649.821324041,0.0020597196898483835,6649.821324041,0.0020597196898483835,0.0,NEITHER,True,True,0.020597196898483838,,,18093.242230066004,0.005604211821411256,30.0
60,53,51,5,96,Verathos,2026-09-22,9124409,0.005067411,0.005180099047720432,-0.021754033404056648,IN BAND,False,False,0.00017539,2796.90139755,835749.216158277,1.0,551938.933329131,99376.268984926,0.0007914143622985852,7650.561212784261,,0.0,,0.15617725941286095,0.15617725941286095,0.16479841599126666,-8.773541905346537,-0.2646740730826892,-8.330811679258677,0.17805615300517208,0.4427302260878613,3.1444839542658936,-0.2779318100965946,1,0.11924860040841577,MINER_BURN_ONLY,890.0187496040016,888.3070535637178,0.000579842832074462,0.0033465797436300717,-0.33958785983018314,5CGq1JQh...,708676.606498789,,,,False,7692872,0.3522756767485533,40,5DRuogmW...,,8.931296250102399,8.931296250102399,0.0,,COUNTER,269092.110852428,7897.141864024,0.0,DIVERGENT,-0.5106346220021505,0.6854395411262086,1295.967040512703,198963.343944782,0.23806584570831552,198963.343944782,0.23806584570831552,0.0,FORTRESS,False,True,2.380658457083155,0,,35317.98586617498,0.04225907148142194,30.0
61,56,34,1,9,iota,2026-09-22,9124409,0.025290784,0.025549045065417886,-0.010108442987071049,IN BAND,False,False,0.001173688,53925.853280665,3999801.06185421,1.0,2132233.351389021,1114504.823881243,0.01301328860220348,9953.948925729375,,0.0,,0.5145466665724352,0.5145466665724352,0.057198020547704974,-3.5482440555296133,-0.12298605634269776,-3.274562009236432,0.1506959899504836,0.2736820462931814,0.6570326772156322,-0.2164840257454764,1,0.17279811294526864,MINER_BURN_ONLY,1301.9295109640807,1301.8844663314417,1.5259021896696368e-05,0.013482133847843494,-0.46691514791144895,5Fsbubec...,1933.596795388,,,,False,1489797,0.8999145481734672,128,5G8vqtuA...,0.179995422293431,19.856710941029334,16.282593869840166,0.0,,COUNTER,1199867.385301134,46681.104420658,0.0,DIVERGENT,-1.0,1.0045660311055422,1295.967040512703,566487.003304132,0.14162879466848347,566487.003304132,0.14162879466848347,0.0,FORTRESS,True,True,1.4162879466848346,0,,14224.932037044999,0.00355640988565833,30.0
62,57,90,67,101,Tag101,2026-09-22,9124409,0.003915943,0.0039527572225779295,-0.009313555198292687,IN BAND,False,True,3e-08,3681.248120821,2520649.064566691,1.0,940066.819177589,166902.168220942,0.0003527464605012477,8304.29235181748,,0.0,,,0.09007956972337128,2.1416649302741625e-05,-2.5649351753008496,-0.11331492157922769,-2.343877725883496,0.10774252783812595,0.22105744941735364,1.0425886082050708,-0.2210360327680509,1,0.3501138751112794,MINER_BURN_ONLY,2526.065027956036,2520.8398505699065,0.0017700465400167786,0.0014604365885632796,-0.6270536653461811,5H8dNvi1...,1373991.961146607,,,,False,5481350,0.9025053883428362,0,5H6Dezn7...,0.179995422293431,1.168091095806673,0.9578400457397543,0.588652698722742,,COUNTER,915420.884928405,6970.543419914,0.0,DIVERGENT,-0.8324925562799582,1.9451419455641605,1295.967040512703,13574.61335476,0.005385364248272906,13574.61335476,0.005385364248272906,0.0,FORTRESS,True,True,0.05385364248272906,,,16416.446451732998,0.006512785410116202,30.0
63,58,59,68,125,Refinery,2026-09-22,9124409,0.002920691,0.0029343045316636562,-0.004639440629544269,IN BAND,False,True,9.3234e-05,5605.352224761,2518342.064480381,1.0,1919186.499002347,243383.959289204,-0.00024021262101779379,7469.656939743087,ACCUMULATING_PRE_EMA,0.0,,,,0.04371160672431197,-2.5963359585971264,-0.05644652765945527,-2.4804924783049733,0.059396952632698,0.11584348029215327,1.0435437016544633,-0.0721318735678413,1,0.0,,0.0,0.0,0.0,0.0022258105059757135,-0.23791647045999953,5DTzv2rL...,14126.04071856,,,ENTRY_REPEATED,False,5834408,0.0,105,5D8E4DGK...,0.0,0.5591442194826413,0.5591442194826413,0.02562263459895007,,COUNTER,1305773.13013795,0.0,0.0,DIVERGENT,1.0,0.0,1295.967040512703,226023.662897553,0.08975097786971577,226023.662897553,0.08975097786971577,0.0,DORMITORY,True,True,0.8975097786971578,,,11976.021635349,0.004755518245222997,30.0
64,59,88,69,2,DSperse,2026-09-22,9124409,0.003088915,0.003097310196608305,-0.0027104797632146417,IN BAND,False,True,1.76e-07,7767.927812034,3290730.055334995,1.0,2514774.946997831,711997.68120339,-0.002026472196230547,7357.135931644123,ACCUMULATING_PRE_EMA,0.0,,,,5.954329277924751e-05,-0.5643733075047657,-0.032977503785778135,-0.5000214360511213,0.03137436766786631,0.06435187145364445,0.7986069825871727,-0.06429232816086519,1,0.3158763002299238,MINER_BURN_ONLY,2275.2498848260147,2274.439081438512,0.0002746623941405346,0.002360548474476199,-0.235800119305258,5EcYQ3W7...,2903998770013381.0,,,,False,2734060,0.8049361234488759,14,5CFxLBvp...,0.179995422293431,0.6341636932648268,0.5200171314924624,0.9044756077090932,,COUNTER,740344.294277519,0.159820748,0.0,DIVERGENT,-0.8138975431846687,1.755013060007075,1295.967040512703,1144508.261830867,0.3477976748580055,1144508.261830867,0.3477976748580055,0.0,FORTRESS,True,True,3.477976748580055,0,,10869.01803492599,0.0033029199758591345,30.0
65,96,96,70,115,MoirAI,2026-09-22,9124409,0.002570482,0.00256652501411736,0.0015417679005168443,IN BAND,False,True,0.0,3525.142580004,1754528.460517128,1.0,1371393.326317125,161731.922229053,-0.0010310414951094963,-5403.78383442061,,0.0,,,,,2.741099723125044,0.01875817612295494,2.741099723125044,0.01875817612295494,,1.4978383418331247,2.5515468872283416,1,0.3895021737943009,SKIN_IN_GAME,2804.4156513189664,2804.4156513189664,0.0,0.0020091680809583463,-0.21836913039719924,5EkNnrTj...,101885.116287227,0.21756004069860282,BUYBACK_JUSTIFIED,,False,5683635,1.0,0,5EhTo9AX...,0.179995422293431,11.207347545466279,9.19007629123083,0.05974727589048622,,COUNTER,978379.647560667,0.0,0.0,DIVERGENT,-0.8488987848667999,2.1639559986105046,1295.967040512703,2942.008322496,0.00167680854924911,2942.008322496,0.00167680854924911,0.0,EXPOSED,True,True,0.0167680854924911,,UNDEFENDED_BURNER,19849.082752283,0.011313058293983274,30.0
66,97,97,71,29,hoτfloaτ,2026-09-22,9124409,0.002781411,0.0027799757663160563,0.0005162756097855505,IN BAND,False,True,0.0,8318.561100392,3037100.210204877,1.0,2990769.339879518,208769.319195128,-0.011022358310089313,-1070.9058069796301,,0.0,,,,,0.5559556875567284,0.006281353252390863,0.5559556875567284,0.006281353252390863,,0.8652990741529467,0.9456325810754791,1,0.0,,0.0,0.0,0.0,0.0027389814377678525,-0.01525468987939849,5HHHHHzg...,51034.485778185,1.1323052468347157,BUYBACK_GAMING,,False,3379782,1.0,19,5GRRRRhL...,0.179995422293431,9.287531806595762,7.615818597003885,0.0,,COUNTER,610829.352749762,0.0,0.0,DIVERGENT,1.0,0.0,1295.967040512703,3165.974907187,0.001042433468790096,3165.974907187,0.001042433468790096,0.0,NEITHER,True,True,0.010424334687900962,,,10117.498619859001,0.0033313022026285046,30.0
67,98,98,72,52,Dojo,2026-09-22,9124409,0.006121756,0.006123861065134406,-0.0003437480230227903,IN BAND,False,True,0.0,17626.827615795,3125090.078216508,1.0,2879374.179044907,766237.785914076,-0.001055169699966047,2179.1295613110997,ACCUMULATING_PRE_EMA,0.0,,,,,-0.5419324538628313,-0.004182267613443948,-0.5419324538628313,-0.004182267613443948,,0.8409357600020931,0.537834562287173,1,0.38950217353904415,MINER_BURN_ONLY,2804.4156494811177,2804.4156494811177,0.0,0.005640422251717828,-0.07862674505193802,5Fv1ZvNP...,37014.525579666,,,,False,3989825,1.0,130,5E2LP6En...,0.0,0.3908443498639462,0.3908443498639462,0.7404050115216164,,COUNTER,1198047.135464213,0.0,0.0,DIVERGENT,-0.8491664386203718,2.1639559971923754,1295.967040512703,167638.354572778,0.05364272721010633,167638.354572778,0.05364272721010633,0.0,FORTRESS,True,True,0.5364272721010633,,,9247.712868530998,0.0029591828193984977,30.0
68,99,99,73,119,CapabilityForge Next,2026-09-22,9124409,0.002567076,0.0025708500761538744,-0.0014680265445585396,IN BAND,False,True,0.0,3271.89714134,1674733.840885885,1.0,1274561.554034149,73357.938632133,-0.0008647727937628405,1610.3453050924,ACCUMULATING_PRE_EMA,0.0,,,,,1.1467407578238933,-0.01786098962546223,1.1467407578238933,-0.01786098962546223,,1.569204571999253,1.1293753681035743,1,0.38950217371931,MINER_BURN_ONLY,2804.415650779032,2804.415650779032,0.0,0.0019536818695974176,-0.23894661879998197,5GbLENPL...,104127.435582931,,,,False,5740660,1.0,0,5HMwvi1d...,0.179995422293431,10.97373161614873,8.998510159765264,0.060492301118588714,,COUNTER,897422.960343665,0.0,0.0,DIVERGENT,-0.8489017876584509,2.163955998193878,1295.967040512703,20722.542632217,0.012373633425389781,20722.542632217,0.012373633425389781,0.0,FORTRESS,True,True,0.12373633425389782,,,19231.670453853003,0.011483419027157183,30.0
69,100,100,74,104,TAOstatus,2026-09-22,9124409,0.004188065,0.0041967034339904785,-0.0020583856177476445,IN BAND,False,True,0.0,5942.105281929,3209913.529317968,1.0,1418818.669546086,76135.21963088,-0.0017383027949343672,3337.286444139667,ACCUMULATING_PRE_EMA,0.0,,,,,-1.4062118981962417,-0.02504369168259634,-1.4062118981962417,-0.02504369168259634,,0.8187136432171707,0.07224333176101655,1,0.0,,0.0,0.0,0.0,0.0018511730075144919,-0.5579884725966546,5HBb3F1b...,1126107.522179723,,,,False,5528520,1.0,25,5Coeuhim...,0.179995422293431,1.3500393718630777,1.1070384650118246,0.41096224860377817,,COUNTER,340321.172598343,212753.060378168,2804.4156494900235,OK,0.13106461823942445,0.0,1295.967040512703,3017.92106809,0.0009401876531955171,3017.92106809,0.0009401876531955171,0.0,NEITHER,True,True,0.009401876531955171,,,10090.099969787,0.0031434180010235075,30.0
70,101,101,75,122,CookingTAO,2026-09-22,9124409,0.004070403,0.004079736303538084,-0.0022877222554775565,IN BAND,False,True,0.0,1345.65233159,769615.028718481,1.0,330594.356917991,47396.471331516,0.0003625880589275153,-77.7527386159054,DISTRIBUTING_PRE_EMA,0.0,,,0.08907915479806676,,-4.894566012927809,-0.027833954108310268,-4.894566012927809,-0.027833954108310268,,3.4146942327464624,3.28017307567436,1,0.38950217354152605,MINER_BURN_ONLY,2804.4156494989875,2804.4156494989875,0.0,0.0017484746027253437,-0.5704418941502001,5F3uH1G4...,428696.752859348,,,,False,8238082,1.0,0,5CfPqfaz...,0.179995422293431,3.3188431770765052,2.7214665978929475,0.3204693890007935,,COUNTER,367350.108951895,4689.8056909,0.0,DIVERGENT,-0.84916643862125,2.163955997206164,1295.967040512703,125449.606408704,0.16300306221617777,125449.606408704,0.16300306221617777,0.0,FORTRESS,False,True,1.630030622161789,0,,40318.204515560006,0.052387496359960095,30.0
71,102,102,76,42,Unknown,2026-09-22,9124409,0.002347676,0.0023539806716144085,-0.002678302201217604,IN BAND,False,True,0.0,7164.194984609,2668403.937578978,1.0,3051611.324992599,369094.636753881,-0.0007519273179352004,13171.21996115055,ACCUMULATING_PRE_EMA,0.0,,,,,-2.2143417664904788,-0.03258601011481418,-2.2143417664904788,-0.03258601011481418,,0.9848583878137894,-0.8725796437216408,1,0.3895021735380578,MINER_BURN_ONLY,2804.4156494740164,2804.4156494740164,0.0,0.0026848240192258966,0.14360926261796633,5EC5HHfL...,116433.379163225,,,,False,3613591,1.0,11,5Gbdb5s2...,0.179995422293431,9.254098957186493,7.588403507442511,0.0,,COUNTER,551527.63179586,0.0,0.0,DIVERGENT,-0.8491664386199899,2.163955997186896,1295.967040512703,5444.016612431,0.002040177102035876,5444.016612431,0.002040177102035876,0.0,EXPOSED,True,True,0.02040177102035876,,UNDEFENDED_BURNER,10165.162360205994,0.003809454114892652,30.0
72,103,103,77,12,Compute Horde,2026-09-22,9124409,0.004730347,0.004743532743304968,-0.0027797306392747198,IN BAND,False,True,0.0,12593.996131031,3599671.516697144,1.0,2662382.66746982,425188.020199932,-0.0016389071287063602,5969.829057333525,ACCUMULATING_PRE_EMA,0.0,,,,,-0.45414978126603817,-0.03382005611117576,-0.45414978126603817,-0.03382005611117576,,0.7300666151925176,0.08187330915792866,1,0.38726644509067004,MINER_BURN_ONLY,2788.5436278160196,2788.3184046528245,7.629510948348184e-05,0.0034986514943415007,-0.2603816391606154,5ELzhHvg...,1614761.307612283,,,,False,2256433,0.005661529070654647,157,5Hdt5YNb...,,3.9140916525217113,3.9140916525217113,0.0,,COUNTER,1642311.316650683,0.0,0.0,DIVERGENT,-0.8483079139302215,2.151534967702362,1295.967040512703,3870.537061652,0.0010752472951208022,3870.537061652,0.0010752472951208022,0.0,EXPOSED,True,True,0.010752472951208023,,UNDEFENDED_BURNER,9425.947440608,0.0026185576647440095,30.0
73,104,104,78,27,Orion,2026-09-22,9124409,0.00226638,0.002272862009704113,-0.0028519151960997055,IN BAND,False,True,0.0,6139.215244949,3410801.660242031,1.0,2708819.729239486,832769.518803428,-0.002571603639063033,28392.96320773568,ACCUMULATING_PRE_EMA,0.0,,,,,-2.0876331156825527,-0.03469830155254641,-2.0876331156825527,-0.03469830155254641,,0.7704933507665517,-2.2986848829292623,1,0.38950217357374234,MINER_BURN_ONLY,2804.415649730945,2804.415649730945,0.0,0.0017999332287510852,-0.20581136934182037,5GLT9wjW...,76751.678922409,,,ENTRY_REPEATED,False,1727132,1.0,203,5H6Bqkzj...,0.179995422293431,14.038598605961035,11.511715121473106,0.0,,COUNTER,1346373.468865304,0.0,0.0,DIVERGENT,-0.8491664386338086,2.163955997385148,1295.967040512703,29259.979274079,0.008578622326577238,29259.979274079,0.008578622326577238,0.0,FORTRESS,True,True,0.08578622326577238,,,9684.078182943995,0.0028392381462183326,30.0
74,105,105,79,58,SN58,2026-09-22,9124409,0.006165301,0.006183956982567906,-0.003016835760742899,IN BAND,False,True,0.0,986.557650885,567468.890044894,1.0,160017.743877214,25232.382321814,,-593.7083569751121,,,,,,,-8.078765668450215,-0.0367048350890386,-8.078765668450215,-0.0367048350890386,,4.631090877584659,4.803289846960574,1,0.3895021736634731,MINER_BURN_ONLY,2804.4156503770064,2804.4156503770064,0.0,0.0017385228832666948,-0.718014922018131,5DCsuLti...,815854.019507609,0.0,,,True,8511017,1.0,0,5DsnuvVc...,0.179995422293431,2.077079093228143,1.7032143647056865,0.5727518273794082,,COUNTER,91920.746251895,0.045668707,0.0,DIVERGENT,-0.8491664386685566,2.163955997883665,1295.967040512703,213417.539421567,0.37608676557525994,213417.539421567,0.37608676557525994,0.0,FORTRESS,False,True,3.7608676557525995,0,,48014.228969460986,0.0846112091989086,30.0
75,106,106,80,121,sundae_bar,2026-09-22,9124409,0.003943465,0.003957316745072603,-0.003500287180663606,IN BAND,False,True,0.0,5838.253670519,2928984.276417695,1.0,1480488.139658543,552243.633484191,-0.0014768339828714987,5827.601071466692,ACCUMULATING_PRE_EMA,0.0,,,,,-1.3216969655627138,-0.04258682736474054,-1.3216969655627138,-0.04258682736474054,,0.8972393676398239,0.11836560817644447,1,0.3895021735398849,MINER_BURN_ONLY,2804.4156494871713,2804.4156494871713,0.0,0.001993269037845262,-0.49453867655849315,5CXGaDJs...,1870731.702613178,,,,False,5766528,1.0,0,5EL9y2gd...,0.179995422293431,1.00009475944037,0.8200822808814533,0.7363995666173262,,COUNTER,1333443.500599536,0.0,0.0,DIVERGENT,-0.8491664386206974,2.1639559971970463,1295.967040512703,202885.709556554,0.06926828224721443,202885.709556554,0.06926828224721443,0.0,FORTRESS,True,True,0.6926828224721442,,,13225.055162654997,0.004515235970754322,30.0
76,62,91,81,26,Perturb,2026-09-22,9124409,0.003437324,0.0034507247619330883,-0.0038834629991125044,IN BAND,False,True,1.4e-08,2008.495554734,1026130.385922195,1.0,584319.495422608,69687.391443713,-0.00014188253281285655,6812.6506427167915,ACCUMULATING_PRE_EMA,0.0,,,,1.8318188413851198e-05,-2.8668289951647106,-0.047248799822535464,-2.867737082992817,-0.04815688765064196,-0.0009080878281064944,2.561078042375859,0.0009264060165203456,1,0.3140634639786924,MINER_BURN_ONLY,2261.356764622993,2261.266675357715,3.0518043793392735e-05,0.001957349263104554,-0.43056014995835307,5FsVAEPM...,1476651.21434054,,,,False,8123781,1.0,126,5C5hoeGp...,,15.643185107936903,15.643185107936903,0.0,,COUNTER,95839.061645168,1668.571827101,0.0,DIVERGENT,-0.8298459209597113,1.7448489079345149,1295.967040512703,36299.283747816,0.035374923348745216,33227.580353086,0.032381440808054815,3071.7033947300006,FORTRESS,False,True,0.32381440808055595,,,32240.156434682995,0.03141916161629733,30.0
77,107,107,82,39,deprecated,2026-09-22,9124409,0.007458225,0.007494702702388167,-0.004867131337517112,IN BAND,False,True,0.0,18230.421703246,3659890.80912487,1.0,2444337.552272485,1108626.165728653,-0.008167090216750057,12360.112555008382,ACCUMULATING_PRE_EMA,0.0,,,,,-1.9747981927018097,-0.05921676460645819,-1.9747981927018097,-0.05921676460645819,,0.718054209007506,-0.5559232840471316,1,0.3895021735415341,MINER_BURN_ONLY,2804.4156494990457,2804.4156494990457,0.0,0.004981138141551589,-0.3321282018775795,5DkwfxC9...,638312.937134987,,,,False,3280104,1.0,136,5GP7c3fF...,0.0009918364232852674,2.0640094577138197,2.0619622979556538,0.22275633688901098,,COUNTER,1574621.868026386,0.0,0.0,DIVERGENT,-0.8491664386213361,2.163955997206209,1295.967040512703,455122.888473357,0.12435422590713385,453547.944064378,0.12392390038893741,1574.944408979034,FORTRESS,True,True,1.2392390038893766,0,,9755.508007343999,0.002665518868219097,30.0
78,108,108,83,30,Endure Network,2026-09-22,9124409,0.00321245,0.0032302329782396555,-0.00550516893346391,IN BAND,False,True,0.0,8265.054549663,3410379.520863484,1.0,2572819.652484151,416807.103453434,-0.0016359655505931488,16390.106853017118,ACCUMULATING_PRE_EMA,0.0,,,,,-5.87202875541575,-0.06697955535714423,-5.87202875541575,-0.06697955535714423,,0.7705887230212457,-1.026030549897954,1,0.38950217354054784,MINER_BURN_ONLY,2804.4156494919444,2804.4156494919444,0.0,0.0024234999357403914,-0.24559139107522562,5HTogQKF...,1599.20578155,,,,False,3250216,1.0,78,5G9hfkx9...,0.009994659342336155,0.5038412897174906,0.49880556766416106,0.009263215724575754,,COUNTER,831119.174092319,18187.150616168,0.0,DIVERGENT,-0.8491664386209541,2.163955997200729,1295.967040512703,4962.596266974,0.00145514487071442,4962.596266974,0.00145514487071442,0.0,EXPOSED,True,True,0.0145514487071442,,UNDEFENDED_BURNER,9678.985239508,0.00283809622368872,30.0
79,109,109,84,71,Leadpoet,2026-09-22,9124409,0.004150365,0.004174175439402461,-0.005704225840078715,IN BAND,False,True,0.0,5129.276196606,4533736.723473407,1.0,1235861.247119203,1419517.994888357,-0.0022417272015353455,7614.067715552403,ACCUMULATING_PRE_EMA,0.0,,,,,-4.271015391367307,-0.06940141438762437,-4.271015391367307,-0.06940141438762437,,0.5796543029050493,-0.0673585021702971,1,0.38950217365334133,MINER_BURN_ONLY,2804.4156503040576,2804.4156503040576,0.0,0.0011313573128428893,-0.7274077550184407,5DwHzMhB...,2472746.644641022,,,,False,5048438,1.0,0,5FNVgRnr...,0.0,0.6803780097007232,0.6803780097007232,0.561444201980742,,COUNTER,992431.529419937,0.0,0.0,DIVERGENT,-0.849166438664633,2.163955997827376,1295.967040512703,63565.086413894,0.01402046265386033,63565.086413894,0.01402046265386033,0.0,FORTRESS,True,True,0.1402046265386033,,,16999.040569365003,0.00374945472271306,30.0
80,63,46,85,48,Quantum Compute,2026-09-22,9124409,0.003993297,0.003991303965449333,0.0004993442163060754,IN BAND,False,False,0.000298774,10461.11313291,3271925.790321053,1.0,2619668.062059908,692435.409310444,-0.0027008449742481964,5851.075196551625,ACCUMULATING_PRE_EMA,0.0,,,,0.07505683783591628,-1.2610313080199624,0.006075354631723917,-1.3407164342065097,-0.07360977155482326,-0.07968512618654718,0.8031967007852373,0.15474196402246346,1,0.0,,0.0,0.0,4.57770656900891e-05,0.0031972342294118838,-0.19934975299561142,5GNH5YMk...,24749.221286164,,,ENTRY_REPEATED,False,3856677,0.9899896233900994,206,5GZF6taz...,0.179995422293431,17.371751765048057,14.244915970121577,0.0,,COUNTER,695492.461656953,0.0,0.0,DIVERGENT,1.0,0.0,1295.967040512703,101862.559282014,0.031132295109914117,101862.559282014,0.031132295109914117,0.0,DORMITORY,True,True,0.31132295109914115,,,9879.040135872006,0.0030193350243749384,30.0
81,110,110,86,84,SN84,2026-09-22,9124409,0.00238152,0.0024012657813727856,-0.008223071983933922,IN BAND,False,True,0.0,1453.681718632,816493.464710737,1.0,610400.624909316,70347.967381314,-0.004139727322791386,2355.350719473441,ACCUMULATING_PRE_EMA,0.0,,,,,2.961789124669187,-0.10004737580452938,2.961789124669187,-0.10004737580452938,,3.2186418061913504,1.9873942192145855,1,0.3895021735416665,MINER_BURN_ONLY,2804.415649499999,2804.415649499999,0.0,0.001780396024537689,-0.25241189469847447,5FRdKaxK...,761141.0445790552,,,,False,8085297,1.0,0,5DvbToTj...,0.179995422293431,3.089279550958111,2.533223373600945,1.0,,COUNTER,54947.574288208,61159.068233539,0.0,DIVERGENT,-0.8491664386213043,2.163955997206944,1295.967040512703,660.436412233,0.0008088691958691623,660.436412233,0.0008088691958691623,0.0,EXPOSED,False,True,0.008088691958691621,,,7115.528282879,0.008714740032119977,30.0
82,111,111,87,37,Aurelius,2026-09-22,9124409,0.002905595,0.0029312381520867348,-0.008748232233699457,IN BAND,False,True,0.0,7433.652696505,3529080.63820701,1.0,2558392.32284252,359880.047126921,-0.0011818962588911177,16040.271919425111,ACCUMULATING_PRE_EMA,0.0,,,,,-7.394793490308055,-0.10643682551001006,-7.394793490308055,-0.10643682551001006,,0.7446698643120792,-0.9555791868609639,1,0.38950217354095207,MINER_BURN_ONLY,2804.4156494948547,2804.4156494948547,0.0,0.002106399217979262,-0.2750540877241109,5GRBbS3a...,1404616.95402455,,,,False,3212175,1.0,110,5E2LP6En...,0.0,0.6316851336705908,0.6316851336705908,0.43734643734643736,,COUNTER,1330166.519658577,0.0,0.0,DIVERGENT,-0.8491664386214427,2.163955997202975,1295.967040512703,45507.151093348,0.012894902598901348,45507.151093348,0.012894902598901348,0.0,FORTRESS,True,True,0.12894902598901348,,,9329.196222516995,0.002643520275937022,30.0
83,112,112,88,94,pending...,2026-09-22,9124409,0.003921925,0.003957030363380909,-0.008871643671421068,IN BAND,False,True,0.0,2142.942512802,1921723.553277198,1.0,546400.597088474,117248.714765949,-7.290167659344193e-05,-3946.1491443791892,,0.0,,,,,-0.02628468935868219,-0.10793833133562299,-0.02628468935868219,-0.10793833133562299,,1.3675223970265433,2.048113100938498,1,0.3895021735404185,SKIN_IN_GAME,2804.415649491013,2804.415649491013,0.0,0.0011151148713078672,-0.715671546164736,5CnwnkkC...,803111.314237583,0.2556530975331711,BUYBACK_JUSTIFIED,,False,6962737,1.0,0,5EeKtCKE...,0.179995422293431,1.8964454073315882,1.5550939153825012,0.41355735628500356,,COUNTER,801081.834679308,0.075116968,0.0,DIVERGENT,-0.849166438620904,2.1639559972000106,1295.967040512703,273.723032556,0.00014243621674366657,273.723032556,0.00014243621674366657,0.0,EXPOSED,False,True,0.0014243621674366654,,,21947.097059096002,0.01142052769331399,30.0
84,113,113,89,109,Finsight,2026-09-22,9124409,0.00236358,0.0023861390072852373,-0.009454188216344982,IN BAND,False,True,0.0,1271.567944424,1634645.194016001,1.0,537983.743188254,69033.854382728,-0.000708007104294364,4679.78884979838,ACCUMULATING_PRE_EMA,0.0,,,,,-2.635260795751387,-0.11502595663219728,-2.635260795751387,-0.11502595663219728,,1.6076883287091324,0.46889973684795955,1,0.38950217354124306,MINER_BURN_ONLY,2804.41564949695,2804.41564949695,0.0,0.0007778862037333057,-0.6708864503281863,5FqZqKFx...,702355.187289254,,,,False,7257480,1.0,0,5DyQkk4x...,0.179995422293431,2.1376271112255383,1.7528640166346106,0.3934468760492018,,COUNTER,747804.907391239,1308.746301495,0.0,DIVERGENT,-0.8491664386212233,2.163955997204592,1295.967040512703,212421.086210468,0.12994935352826706,212421.086210468,0.12994935352826706,0.0,FORTRESS,False,True,1.2994935352826764,0,,23769.797923777995,0.014541258256405041,30.0
85,60,65,90,55,NIOME,2026-09-22,9124409,0.002422729,0.0024581404868513346,-0.01440580269547304,IN BAND,False,True,4.3209e-05,6249.413599192,2968930.62390043,1.0,2579493.520685316,570040.234090406,-0.002858824195392448,6750.470166253392,ACCUMULATING_PRE_EMA,0.0,,,,0.018170225125551227,-6.402514111007434,-0.17527059946158866,-6.355972727297681,-0.128729215751835,0.046541383709753664,0.8851671975236213,-0.028371158584202437,1,0.007910163493136441,MINER_BURN_ONLY,58.284244082984515,57.96893165451118,0.00010681315327687457,0.0021049375653587484,-0.13117085511472878,5GeWUxaF...,1243576.24622865,,,,False,4703386,0.020067757294591648,142,5E2LP6En...,0.0,0.31787183137630975,0.31787183137630975,0.5523729589500992,,COUNTER,321729.863856092,0.0,0.0,DIVERGENT,0.9278685962815892,0.044730251497428396,1295.967040512703,14841.866940702,0.004999061554763954,14841.866940702,0.004999061554763954,0.0,NEITHER,True,True,0.04999061554763954,,,14049.887462257002,0.004732305749805287,30.0
86,114,114,91,57,SN57,2026-09-22,9124409,0.002615138,0.0026438336353749037,-0.010853797678852296,IN BAND,False,True,0.0,1304.666905721,973885.342447244,1.0,498890.118187216,34711.280351191,-0.00013780237056893412,6743.804809083347,ACCUMULATING_PRE_EMA,0.0,,,,,-3.6224897540619074,-0.13205453842603626,-3.6224897540619074,-0.13205453842603626,,2.6984696097758145,0.012488968094666464,1,0.38950217364722145,MINER_BURN_ONLY,2804.4156502599944,2804.4156502599944,0.0,0.0013396514444324072,-0.48773202621337486,5HdpnCSY...,787548.835985042,,,ENTRY_PRE_EMA_PATTERN,False,8057320,1.0,0,5Ejcqsbx...,0.179995422293431,2.116118683979812,1.7352270078338463,0.5467183470418581,,COUNTER,438481.394798111,6427.093693354,0.0,DIVERGENT,-0.8491664386622632,2.1639559977933756,1295.967040512703,1254.306998862,0.0012879411406994726,1254.306998862,0.0012879411406994726,0.0,EXPOSED,False,True,0.012879411406994726,,,33374.83051155799,0.03426977392193982,30.0
87,64,4,9,64,Chutes,2026-09-22,9124409,0.06835091,0.0683650637511164,-0.0002070319303426823,IN BAND,False,False,0.009273336,199346.596595505,3340931.64583497,1.0,2916517.101562186,5029326.202553948,0.006078987608972017,5271.0194283952005,,0.0,,0.0889379177098303,0.0889379177098303,0.12225103124007645,-0.6477500979829112,-0.0025188884858359678,-0.7907955356592404,-0.14556432616216525,-0.14304543767632927,0.786606934408922,0.26529646891640574,1,0.0,,0.0,0.0,0.00015259021896696368,0.05966796622254271,-0.12703479408624246,5FRYKhbm...,706068.038706159,,,,False,4531295,0.1604578405188859,194,5FEm1mew...,,8.02977176806954,8.02977176806954,0.0,,COUNTER,274207.517615115,0.0,0.0,DIVERGENT,1.0,0.0,1295.967040512703,777770.947292205,0.23280061663692717,777770.536941744,0.23280049381176807,0.4103504609083757,DORMITORY,True,True,2.328004938117681,0,,14554.888005023999,0.0043565357055925106,30.0
88,115,115,92,116,Memo,2026-09-22,9124409,0.002025833,0.0020516698714345694,-0.012593093944740634,IN BAND,False,True,0.0,835.365640383,614742.878451729,1.0,412356.44165414,113131.398347626,0.0001614247536338362,2833.7190975635895,,0.0,,,0.07968314941746739,,-34.090477929562795,-0.15321597632767772,-34.090477929562795,-0.15321597632767772,,4.274958022480543,2.35650615039178,1,0.3895021737119451,MINER_BURN_ONLY,2804.415650726005,2804.415650726005,0.0,0.0013588862427929612,-0.32922099561367535,5F48aA3P...,104756.613031799,,,,True,8294730,1.0,0,5CXN6pP6...,0.179995422293431,10.285613308874618,8.434249997796798,0.0,,COUNTER,250682.368931326,1764.319155568,0.0,DIVERGENT,-0.8491664386873272,2.163955998152961,1295.967040512703,30.45052749,4.9533762093660505e-05,30.45052749,4.9533762093660505e-05,0.0,EXPOSED,False,True,0.0004953376209366051,,,38457.09249480401,0.06255801220773922,30.0
89,116,116,93,73,Parked,2026-09-22,9124409,0.003273973,0.0033178692683577538,-0.013230258580827447,IN BAND,False,True,0.0,7032.852344683,3574738.802771555,1.0,2148109.106734238,581649.697641031,-0.0012004820451322843,23777.896744922735,ACCUMULATING_PRE_EMA,0.0,,,,,0.6391283720893617,-0.16096814606673393,0.6391283720893617,-0.16096814606673393,,0.7351586073820184,-1.72765785877175,1,0.3895021735426336,MINER_BURN_ONLY,2804.415649506962,2804.415649506962,0.0,0.001967375165768842,-0.3990863193530178,5GHtVze5...,1511603.668166305,,,,False,5160047,1.0,0,5Dnkprjf...,0.179995422293431,1.0778776323756205,0.8838645927555271,0.512185444612309,,COUNTER,1589839.143622059,0.0,0.0,DIVERGENT,-0.8491664386217618,2.1639559972123172,1295.967040512703,999266.471400345,0.2795355203646199,931215.301364607,0.2604988371857043,68051.17003573803,FORTRESS,True,True,2.604988371857044,0,,10296.738441223997,0.0028804170064791203,30.0
90,66,25,6,83,CliqueAI,2026-09-22,9124409,0.008616316,0.008626006310805678,-0.0011233832270142036,IN BAND,False,False,0.001766382,8229.755714062,2853875.080206684,1.0,955136.212361491,154250.353646231,0.000950791968390149,2078.16318798624,,0.0,,0.11034785265421428,0.11034785265421428,0.5640570701349288,-1.8216474197973327,-0.013667829262006144,-2.0366880196791803,-0.22870842914385378,-0.21504059988184765,0.920853199996993,0.7790976700167764,1,0.0,,0.0,0.0,0.001831082627603564,0.0028837126653301105,-0.6653195326947027,5DqEjRLy...,991807.849649304,1.8818072900151475,BUYBACK_GAMING,,False,5231190,0.0,227,5GP7c3fF...,0.0009918364232852674,0.399333022614807,0.39893694957795706,0.08641975308641975,,COUNTER,345172.824104195,26063.92679357,0.0,DIVERGENT,1.0,0.0,1295.967040512703,8057.340853611,0.002823298367014533,8057.340853611,0.002823298367014533,0.0,NEITHER,True,True,0.02823298367014533,,,16876.137307645004,0.005913411355910784,30.0
91,65,70,94,60,Bitsec.ai,2026-09-22,9124409,0.004134566,0.004144748440012336,-0.002456708811091407,IN BAND,False,True,2.3893e-05,7086.468321092,4004581.455796244,1.0,1713956.806307629,961506.584346003,0.00042835187573598795,4448.614221505122,,0.0,,,0.1036026213479209,0.008860662484458007,-5.4519678519234125,-0.029889957201612114,-5.658680574188738,-0.23660267946693783,-0.20671272226532572,0.6562483567905016,0.21557338474978374,1,0.1939473227734064,MINER_BURN_ONLY,1404.5805805770215,1404.4904913117434,3.0518043793392735e-05,0.0017695902553898667,-0.5720009656660779,5CXLwkK1...,143719.720551214,,,,False,4796992,0.8499992370256206,113,5CXLwkK1...,0.179995422293431,3.7485670427268953,3.07384213487603,0.0,,COUNTER,689627.145349242,0.0,0.0,DIVERGENT,-0.6944061639115857,1.0837393601893663,1295.967040512703,1055466.872121038,0.2635648403638667,1055466.872121038,0.2635648403638667,0.0,FORTRESS,True,True,2.6356484036386694,0,,10033.963299199002,0.0025056209768628407,30.0
92,117,117,95,113,LongShort,2026-09-22,9124409,0.001987332,0.0020268678199499846,-0.01950586987510615,IN BAND,False,True,0.0,1621.416642602,1602790.778812245,1.0,815875.715975142,68204.072995651,-0.0004889739469761811,41094.76690547203,ACCUMULATING_PRE_EMA,0.0,,,,,-3.1386778692250696,-0.23732141681379149,-3.1386778692250696,-0.23732141681379149,,1.6396400795040078,-7.651281456225692,1,0.3888774792169473,MINER_BURN_ONLY,2799.9178503620205,2799.9178503620205,0.0,0.0010116208952758998,-0.4909653267416316,5GndoVhM...,579008.496250067,,,,False,7119664,1.0,0,5FRumLA6...,0.179995422293431,2.4357418861976448,1.9973194967937016,0.3330382490308007,,COUNTER,802940.216693981,0.0,0.0,DIVERGENT,-0.8489241389902538,2.160485384917145,1295.967040512703,59493.517657124,0.037118704726522025,59493.517657124,0.037118704726522025,0.0,FORTRESS,False,True,0.37118704726522483,,,21394.32189109901,0.013348168815241977,30.0
93,61,73,96,92,Available,2026-09-22,9124409,0.001587378,0.0016275225207209587,-0.02466603085969929,IN BAND,False,True,9.166e-06,636.518786234,550203.861284717,1.0,400987.445679868,80487.189262525,-2.6195570558567144e-05,,,,,,,0.037843734577764,-23.173027581422385,-0.3001033754596747,-23.135183846844622,-0.26225964088191067,0.037843734577764,4.776411408425348,,,,,,,0.0,0.0011568780792409182,-0.2712018944190242,5E9LPDS2...,648793.725452681,,,,True,8352006,1.0,1,5E2LP6En...,0.0,0.9177075090063246,0.9177075090063246,0.24700532556116767,,,228023.09849291,0.041020142,,NO_ESTIMATE,,,,49653.562357672,0.09024575407691933,49653.562357672,0.09024575407691933,0.0,,False,True,0.9024575407692068,,,43913.14932547898,0.07981250662789334,30.0
94,118,118,97,87,Provenonce,2026-09-22,9124409,0.00421048,0.0043109687976539135,-0.023310026671638378,IN BAND,False,True,0.0,1698.450768551,1834519.716641942,1.0,403386.446386782,105899.702421417,-0.0004810604927689679,-2934.3927126495983,,0.0,,,,,1.1283090287045394,-0.2836053245049336,1.1283090287045394,-0.2836053245049336,,1.4325275308626884,1.9424322912560932,1,0.3895021735387531,MINER_BURN_ONLY,2804.4156494790222,2804.4156494790222,0.0,0.0009258285714475645,-0.7801132955274542,5HartH15...,4226.733181931,4.463139530661661e-05,,,False,7208725,1.0,1,5E2LP6En...,0.0,0.6106478358971138,0.6106478358971138,0.4033358257923731,,COUNTER,768287.976998898,811.040088965,0.0,DIVERGENT,-0.8490913696470497,2.1639559971907585,1295.967040512703,167941.087463558,0.09154498909991078,167941.087463558,0.09154498909991078,0.0,FORTRESS,False,True,0.9154498909991132,,,26069.080670903997,0.014210302802644726,30.0
95,119,119,98,46,Instant,2026-09-22,9124409,0.003563951,0.003671119688078761,-0.02919237104330056,IN BAND,False,True,0.0,8497.027445683,3435955.372338135,1.0,2384159.301737633,1467526.12570619,-0.006844200137852545,60943.1807522052,ACCUMULATING_PRE_EMA,0.0,,,,,-7.098359654955364,-0.35517384769349014,-7.098359654955364,-0.35517384769349014,,0.7648527746190344,-5.664788487351281,1,0.38950217367541173,MINER_BURN_ONLY,2804.4156504629645,2804.4156504629645,0.0,0.002472973751082469,-0.30611454784802905,5Ft9E2ov...,690814.270343654,,,ENTRY_PRE_EMA_PATTERN,False,3919107,1.0,238,5CDnZ6oe...,0.179995422293431,1.8980748255640683,1.5564300457921334,0.2169321858023561,,COUNTER,1041339.809153294,28041.129768459,0.0,DIVERGENT,-0.8491664386731798,2.1639559979499925,1295.967040512703,166720.80567026,0.048522401371240184,166720.80567026,0.048522401371240184,0.0,FORTRESS,True,True,0.4852240137124019,,,10385.647160061999,0.003022637384546315,30.0
96,120,120,99,100,Cortex,2026-09-22,9124409,0.003504084,0.0036237873136997223,-0.033032654330231774,IN BAND,False,True,0.0,2370.378481708,1919727.6873997,1.0,676461.509411177,400772.939945422,-0.001453934361040321,17991.259528017603,ACCUMULATING_PRE_EMA,0.0,,,,,-14.541835704679595,-0.40189729435115323,-14.541835704679595,-0.40189729435115323,,1.368944156636958,-2.119778858607618,1,0.345783269886807,MINER_BURN_ONLY,2489.6395431850106,2489.6395431850106,0.0,0.001234747249449068,-0.6476262414231315,5FX6kmhY...,1209543.774739813,,,,False,6693448,1.0,0,5ExuWpCM...,0.179995422293431,1.4027913072205163,1.1502952934878052,0.5747421107245315,,COUNTER,752602.626612897,1077.059572996,0.0,DIVERGENT,-0.830069242481988,1.9210670220440742,1295.967040512703,328331.150025747,0.1710300644100604,328331.150025747,0.1710300644100604,0.0,FORTRESS,False,True,1.7103006441006043,0,,28579.423354437982,0.014887227778200793,30.0
97,121,121,100,24,Quasar,2026-09-22,9124409,0.004382821,0.0045427384320646524,-0.03520287035147882,IN BAND,False,True,0.0,9067.277591552,3906505.749019845,1.0,2068822.226434533,1593504.200542433,-0.003987432863262727,80679.10789887956,ACCUMULATING_PRE_EMA,0.0,,,,,-7.501038376741163,-0.42830158927632567,-7.501038376741163,-0.42830158927632567,,0.6727239555859795,-6.776786603179102,1,0.38950217354069333,MINER_BURN_ONLY,2804.415649492992,2804.415649492992,0.0,0.0023210710988527303,-0.47041617742254815,5ELutYW7...,325061.115756065,,,ENTRY_REPEATED,False,2538424,1.0,155,5ELpkVn8...,0.179995422293431,3.3147182498646677,2.7180841386965344,0.0,,COUNTER,702496.455698847,0.0,0.0,DIVERGENT,-0.8491664386210105,2.163955997201538,1295.967040512703,700000.000065042,0.17918826824731393,0.0,0.0,700000.000065042,EXPOSED,True,False,1.092987840580725,0,TAKEOVER_IMMINENT,9266.569902511003,0.0023720865903847743,30.0
98,69,58,101,1,Apex,2026-09-22,9124409,0.006918242,0.00691576860845089,0.0003576452147470329,IN BAND,False,True,9.5417e-05,23634.021205832,2546854.721497636,1.0,3416188.837863565,837713.032602352,-0.002493990990679855,3478.446775617078,ACCUMULATING_PRE_EMA,0.0,,,,0.010609953922615706,-1.3197816447497794,0.0043513501127555665,-1.7965960964413827,-0.47246310157884774,-0.4768144516916033,1.0318609765281972,0.487424405614219,1,0.21057450919620976,MINER_BURN_ONLY,1537.1373203629628,1537.0472310976847,3.0518043793392735e-05,0.00927968957410119,0.3413363646575516,5HCFWvRq...,5613.35301694,,,,False,1497824,0.5731616132330277,138,5E2LP6En...,0.0,0.3865363174378309,0.3865363174378309,0.0004883185057453724,,COUNTER,897081.657135858,0.0,0.0,DIVERGENT,-0.7241076692982575,1.1860233964666316,1295.967040512703,192837.392404194,0.07571589803551855,192824.591394465,0.07571087183217019,12.801009728980716,FORTRESS,True,True,0.7571087183217018,,,11346.638620578002,0.004455157384833399,30.0
99,122,122,102,72,StreetVision by NATIX,2026-09-22,9124409,0.00205962,0.0021651671268045902,-0.048747796647162084,IN BAND,False,True,0.0,6086.50622798,2477519.214861046,1.0,2955159.718059142,245048.696524381,-0.000693472829379333,77872.81275082054,ACCUMULATING_PRE_EMA,0.0,,,,,-4.944006397977241,-0.593098192540472,-4.944006397977241,-0.593098192540472,,1.0607384936658881,-10.182109679392102,1,0.3895021735416635,MINER_BURN_ONLY,2804.415649499977,2804.415649499977,0.0,0.0024566938538643657,0.19278986117068483,5FjP8fFb...,0.00371126,,,ENTRY_REPEATED,False,5064327,1.0,119,5EAHFCo6...,,0.39460634980023235,0.39460634980023235,0.06522203570883565,,COUNTER,504158.79968855,0.0,0.0,DIVERGENT,-0.849084461055737,2.1639559972069273,1295.967040512703,373308.934019866,0.1506785222010088,367320.657432608,0.14826147673418127,5988.276587257977,FORTRESS,True,True,1.4826147673418126,0,,9546.907968883992,0.0038534142991175305,30.0
100,70,29,103,62,Ridges,2026-09-22,9124409,0.010589535,0.010595547268167138,-0.0005674334713413546,IN BAND,False,False,0.001591275,29821.681553368,2738083.922176307,1.0,2816146.368792323,4390662.409176482,-0.02595581615076601,2232.395857009571,ACCUMULATING_PRE_EMA,0.0,,,,0.14022920513440024,-1.1797302845944908,-0.006903773901319814,-1.782332677941763,-0.609506167248592,-0.6026023933472722,0.9597952709613045,0.7428315984816724,1,0.026906842273043123,MINER_BURN_ONLY,223.33620371401776,222.84071275498823,0.00016784924086366004,0.010891441753058057,0.02850991597440834,5DhsVYew...,5491.767858293,,,,False,4474225,0.3269489042183017,165,5HbsMWHU...,,3.7689168510523867,3.7689168510523867,0.0,,COUNTER,190465.371856873,170981.9854291,0.0,DIVERGENT,0.5426553783670748,0.17194936737498298,1295.967040512703,148046.383140102,0.054069337298628346,148046.383140102,0.054069337298628346,0.0,DORMITORY,True,True,0.5406933729862853,,,17323.06863401501,0.0063267120827495095,30.0
101,68,17,104,28,SayGM,2026-09-22,9124409,0.021554447,0.021980324992910028,-0.019375418382002896,IN BAND,False,False,0.00297135,22652.142460651,5091988.826857796,1.0,1050926.648846013,6571548.225493612,-0.0018433106521580824,-2519.077595084673,,0.0,,,,0.3447227039810691,-0.43861577769174065,-0.23573425698103523,-0.8284519980165241,-0.6255704773058187,-0.3898362203247835,0.5161048245311463,0.7345589243058526,1,0.04614974823525869,MINER_BURN_ONLY,379.255020954879,378.08386050626376,0.00039673456931410556,0.004448584478656321,-0.7936117554462742,5CA6rwAy...,2451176.82279895,0.0,,,False,4878363,0.10751194492359839,219,5FHBJCMk...,0.179995422293431,0.4913589394396736,0.40291657963757715,0.0,,COUNTER,1409175.816154928,33762.848582854,0.0,OK,0.21747869347805993,0.29173879326181656,1295.967040512703,397476.154768528,0.07805911762257453,397470.787941499,0.07805806364794664,5.366827029036358,FORTRESS,True,True,0.7805806364794667,,,30207.306302492005,0.005932319832118046,30.0
102,71,60,105,128,ByteLeap,2026-09-22,9124409,0.002804025,0.0028039803728461266,1.5915644169814918e-05,IN BAND,False,True,7.819e-05,4033.056035029,2945517.217614949,1.0,1438309.545442918,91631.276958589,-0.00022424396803000932,347.3435138959903,ACCUMULATING_PRE_EMA,0.0,,,,0.05094978056721258,-0.8099866635837604,0.00019364033739941483,-1.5785039844271183,-0.7683236805059585,-0.7685173208433579,0.8922032382916947,0.8194671014105704,1,0.0,,0.0,0.0,9.15541313801782e-05,0.0013692182856410717,-0.5116954072659581,5GgMeLFN...,892107.941125637,,,,False,5856038,1.0,96,5HQTcjYx...,,5.453438483577407,5.453438483577407,0.0,,COUNTER,186014.794503201,289.843039317,0.0,DIVERGENT,1.0,0.0,1295.967040512703,3774.578960109,0.0012814655903336937,3774.573941721,0.0012814638865962416,0.005018387999825791,NEITHER,True,True,0.012814638865962416,,,13616.956940748001,0.0046229425716186965,30.0
103,72,81,106,43,Graphite,2026-09-22,9124409,0.004423262,0.004423284437507391,-5.072589770818878e-06,IN BAND,False,True,9.59e-07,12996.042877356,3116176.059559365,1.0,2938112.442365732,158097.196758802,-0.0008349041341164327,103.73696058895439,ACCUMULATING_PRE_EMA,0.0,,,,0.00019392456794608057,-0.13472166385766085,-6.171650887829634e-05,-0.9180404873537332,-0.7833805400049507,-0.7833188234960724,0.8433413099167465,0.7835127480640185,1,0.30857655810365836,MINER_BURN_ONLY,2222.3234098519897,2222.2333205867117,3.0518043793392735e-05,0.004170509826454951,-0.05714157866864979,5HjMs5JD...,2920206.561880974,,,,False,3408582,0.20894816352066903,108,5ERVu5z1...,,9.344807048477104,9.344807048477104,0.0,,COUNTER,955542.348727521,0.0,0.0,DIVERGENT,-0.8095293163097013,1.7147298126560104,1295.967040512703,3451.069241962,0.0011074692751634804,3451.069241962,0.0011074692751634804,0.0,EXPOSED,True,True,0.011074692751634802,,UNDEFENDED_BURNER,10466.407602844996,0.0033587343599337494,30.0
104,73,14,107,8,Vanta,2026-09-22,9124409,0.027928325,0.02796740597113967,-0.0013973756157434755,IN BAND,False,False,0.003872103,79588.669899389,3252518.116825185,1.0,2849747.336265617,1409793.696295373,-0.008329727580013033,-677.5925952172838,,0.0,,,,0.127855971168556,0.7543253484670012,-0.017001403324878952,-0.06237981232370615,-0.8337065641155863,-0.8167051607907073,0.80798935028384,0.9445611319592633,1,0.1368360029391847,SKIN_IN_GAME,1126.0485188009916,1121.814323332921,0.0014343480582894585,0.024469862131644725,-0.12383352271771671,5F6tnxzA...,17587.55095402,0.4214508285461696,BUYBACK_JUSTIFIED,,False,1477264,0.9652817041304381,27,5ERpqqkL...,0.0,0.3659517761068723,0.3659517761068723,0.10561574851213185,,COUNTER,794447.401798492,0.0,0.0,DIVERGENT,-0.5732643399852337,0.8656194858853165,1295.967040512703,607572.38907254,0.1868006163992093,607571.159893335,0.18680023848303456,1.2291792050236836,FORTRESS,True,True,1.8680023848303455,0,,17251.191478128007,0.005303949388902118,30.0
105,123,123,108,35,SN35,2026-09-22,9124409,0.003167419,0.0034207929857075214,-0.07406878661355659,IN BAND,False,True,0.0,476.605214869,48638.977515848,1.0,150471.147554429,7247.004130607,,7794.131983248983,,,,,,,-18.119642910850963,-0.9011702371316052,-18.119642910850963,-0.9011702371316052,,54.030741068595056,-7.476639942066148,1,0.0,,0.0,0.0,0.0,0.009798832936274373,2.0936333135194216,5FjUeckL...,785701.415194424,,,,True,9046691,0.0,1,5E2LP6En...,0.0,1.0479027571272241,1.0479027571272241,0.23028092716646575,,COUNTER,0.0,0.0,0.0,DIVERGENT,1.0,0.0,1295.967040512703,0.0,0.0,0.0,0.0,0.0,NEITHER,False,,,,,14725.073597579994,0.30274225219438744,30.0
106,67,76,109,16,kenju,2026-09-22,9124409,0.001347525,0.0014087988529354334,-0.04349368457232951,IN BAND,False,True,5.16e-06,390.414063641,511316.597749239,1.0,289726.776869058,77786.578059623,0.000900611716787907,6211.696148674469,,0.0,,,0.6683450895440952,0.03473358483435514,17.915814637598263,-0.5291731622966757,17.529016378691146,-0.9159714212037933,-0.38679825890711766,5.139672781146114,0.4215318437414728,1,0.0,,0.0,0.0,0.0,0.000763546627196459,-0.4333710861049265,5FkKY8WJ...,638809.482627605,,,,True,8460646,1.0,1,5E2LP6En...,0.0,0.7731862148726868,0.7731862148726868,0.43054644225046923,,COUNTER,63578.799840379,0.04568655,0.0,DIVERGENT,1.0,0.0,1295.967040512703,7333.737256624,0.014342849985520375,0.0,0.0,7333.737256624,NEITHER,False,False,0.12046930222323307,,,46876.51256840599,0.09167805773321536,30.0
107,74,21,110,56,Gradients,2026-09-22,9124409,0.01582415,0.015822064131498337,0.00013183289388325287,IN BAND,False,False,0.002206867,50792.466621064,2850922.019740432,1.0,3209806.890774799,2851901.057954618,-0.009019599530651996,-344.6057577356696,,0.0,,,,0.11418320199466046,-0.7815005541531068,0.0016039668755795764,-1.7031610612641257,-0.9200565402354393,-0.9216605071110189,0.9218070441082326,1.0358437091056794,1,0.0,,0.0,0.0,0.0001373311970702673,0.017816154307050636,0.12588381095039147,5EJ1zbdw...,15234.359778963,0.0,,,False,4312927,0.0,26,5HbScNss...,0.0899977111467155,0.4355616807711914,0.3963621264385678,0.010804211811384098,,COUNTER,841047.343861356,0.0,0.0,DIVERGENT,1.0,0.0,1295.967040512703,264724.185506575,0.09285563886825544,264724.185506575,0.09285563886825544,0.0,DORMITORY,True,True,0.9285563886825546,,,23104.909010077,0.008104363728679129,30.0
108,124,124,111,25,UR,2026-09-22,9124409,0.006212252,0.0067461272701621056,-0.07913803709624902,IN BAND,False,True,0.0,12742.461361908,3962815.346282487,1.0,2051182.167332161,746063.268839267,-0.00189072698649151,325890.2535665815,ACCUMULATING_PRE_EMA,0.0,,,,,-20.06180146882541,-0.962846118004363,-20.06180146882541,-0.962846118004363,,0.6631648891905408,-27.201841607072097,1,0.38950217353846206,MINER_BURN_ONLY,2804.415649476927,2804.415649476927,0.0,0.0032155072211128106,-0.4823926619343821,5HTeZ516...,752968.765038783,,,ENTRY_PRE_EMA_PATTERN,False,2998801,1.0,1,5CyQFykV...,0.179995422293431,1.7087992340423679,1.4012231942962203,0.19415831158723618,,COUNTER,993576.533430907,0.0,0.0,DIVERGENT,-0.8491664386198143,2.1639559971891416,1295.967040512703,1155459.037609427,0.2915752909590809,1155459.037609427,0.2915752909590809,0.0,FORTRESS,True,True,2.915752909590809,0,,9202.750094074006,0.0023222757786852464,30.0
109,75,45,12,67,Harnyx,2026-09-22,9124409,0.003979299,0.004004902206361294,-0.006392966679841989,IN BAND,False,False,0.000298954,2830.168815307,950903.168605591,1.0,711223.022274188,68838.835125884,0.00015566218436049352,3305.7252709959866,,0.0,,0.03911799147550699,0.03911799147550699,0.27759867459170534,-5.148437059157586,-0.0777810946047442,-6.211396494054087,-1.140740529501245,-1.0629594348965008,2.7636883404792014,1.3405581094882062,1,0.004036453922637004,MINER_BURN_ONLY,35.93049905099906,31.245857256538102,0.0015869382772564222,0.002976295493322599,-0.2520553259952071,5HEAv3TU...,1073366.388438435,,,,False,7236936,0.003224771132949167,246,5HGnF3Wr...,0.0,0.7251067502011381,0.7251067502011381,0.008560833803848561,,COUNTER,280282.05249788,6279.314248273,0.0,DIVERGENT,0.9623945846267249,0.02411007091984129,1295.967040512703,522.283347221,0.0005492497706016469,522.283347221,0.0005492497706016469,0.0,NEITHER,False,True,0.005492497706016469,,,31365.866933622994,0.032985342744853874,30.0
110,76,69,112,47,GPUForge,2026-09-22,9124409,0.002071209,0.0020865052938461304,-0.007331059207587291,IN BAND,False,True,2.4543e-05,1084.357289185,1514954.860716021,1.0,523538.167625034,53964.812652486,1.9567391779975152e-05,1946.5492415201152,,0.0,,,0.0094473284830141,0.05948132100304069,33.98123874307497,-0.08919455369231204,32.85500170985174,-1.215431586915541,-1.126237033223229,1.7347051507250288,1.1857183542262697,1,0.0,,0.0,0.0,0.0,0.0007157687118628039,-0.6544198524326594,5D7yqC9y...,998273.087347998,,,,False,7340355,1.0,1,5E2LP6En...,0.0,0.6518930702628472,0.6518930702628472,0.23564419892875127,,COUNTER,682725.854146639,52.790049364,0.0,DIVERGENT,1.0,0.0,1295.967040512703,82266.281162441,0.05430279363146111,1082.01056104,0.0007142196702340054,81184.27060140099,NEITHER,False,False,0.6259269298494418,,,24130.99308028199,0.015928522826664838,30.0
111,78,67,113,7,Allways,2026-09-22,9124409,0.002490243,0.0024765466805547476,0.005530410370534382,IN BAND,False,True,2.5722e-05,5617.566498792,3060899.328401348,1.0,2255829.945601794,328314.288685886,-0.001063203871299582,-4978.053575865459,,0.0,,,,0.01203322043709427,-9.487830389922335,0.06728665950816831,-10.855876744439975,-1.3007596950094722,-1.3680463545176405,0.8585711969078567,1.3800795749547348,1,0.0,,0.0,0.0,3.0518043793392735e-05,0.001835266663842209,-0.26301703735651144,5CAc19iE...,,,,,False,2627691,1.0,189,5EvkLKgQ...,,8.105548750439398,8.105548750439398,0.0,,COUNTER,36084.978602376,223489.695599992,302.50845610699616,DIVERGENT,0.5817130563942375,0.0,1295.967040512703,3211.260531444,0.001049123210831368,3211.260531444,0.001049123210831368,0.0,NEITHER,True,True,0.010491232108313679,,,11917.483017047,0.003893458012966171,30.0
112,77,77,114,99,Thirty Spokes,2026-09-22,9124409,0.001563038,0.0015971229877322912,-0.021341492166916595,IN BAND,False,True,4.452e-06,490.886636045,389284.616412447,1.0,314059.206093341,32456.324231112,,5476.957541861397,,,,,,0.023834130206240662,-15.24589036914243,-0.2596548213641519,-16.461917323024547,-1.4756817752462692,-1.2160269538821173,6.750844726973836,1.239861084088358,1,0.058253143224322804,MINER_BURN_ONLY,420.6623458489921,420.6173012163531,1.5259021896696368e-05,0.0012609967498045328,-0.19323986377520397,5DebFXsw...,1070395.236781176,,,,True,8572056,1.0,229,5E2LP6En...,0.0,0.8562018086936901,0.8562018086936901,0.02693299559000809,,COUNTER,94119.233493132,0.012273672,0.0,OK,0.01181747537284865,0.32455864082002495,1295.967040512703,0.0,0.0,0.0,0.0,0.0,EXPOSED,False,,,,,55029.52101884398,0.14136063614838612,30.0
113,79,11,115,44,Score,2026-09-22,9124409,0.035300673,0.03503787470981479,0.007500406127989147,IN BAND,False,False,0.004953009,65331.439860732,4167486.672148356,1.0,1850713.727959121,2264475.13887044,-0.0010141890605900883,-13678.888434040593,,0.0,,,,0.19923803424120887,-2.8845320587517205,0.09125494122386796,-4.567978047966432,-1.5921910479908432,-1.6834459892147111,0.6305958978976783,1.88268402345592,1,0.0027407519217169133,MINER_BURN_ONLY,22.50219519995153,22.50219519995153,0.0,0.015676460418541274,-0.5559161033971994,5CaCekux...,285617.266230645,0.035369041475597204,,,False,3550319,1.0,184,5G9hfkx9...,0.009994659342336155,0.2840453608115355,0.28120642419245323,0.3227376773996643,,COUNTER,507975.287145431,2206.282255223,0.0,DIVERGENT,0.9553007576149233,0.017363246515165492,1295.967040512703,245862.449528441,0.058995377518915475,245862.449528441,0.058995377518915475,0.0,DORMITORY,True,True,0.5899537751891547,,,20906.485891858985,0.00501656934659892,30.0
114,80,20,116,75,Hippius,2026-09-22,9124409,0.016663598,0.01641337643377483,0.015244978218514275,IN BAND,False,False,0.002475488,32694.548269181,3667523.102565235,1.0,1962034.123556094,1544926.613679765,-0.01292806119265099,-23587.9389818036,,0.0,,,,0.19898064993705342,0.09408770318446158,0.185480568325257,-2.831945233936156,-2.74055236879536,-2.9260329371206173,0.716559903375075,3.1250135870576705,1,0.0,,0.0,0.0,0.0021362630655374915,0.00891461276585086,-0.4650247344030467,5DAQpczE...,1532948.5675086682,0.3749659120939791,BUYBACK_GAMING,,False,5102795,0.0,173,5GP7c3fF...,0.0009918364232852674,0.2940585437381504,0.29376688576389265,0.011170626745410429,,COUNTER,784604.879643725,0.0,0.0,DIVERGENT,1.0,0.0,1295.967040512703,552610.169684408,0.15067667039312907,552609.767120331,0.15067656062856433,0.40256407705601305,DORMITORY,True,True,1.5067656062856434,0,,33928.31534836099,0.009251016121651684,30.0
115,81,3,2,51,lium.io,2026-09-22,9124409,0.086236701,0.08333358797244728,0.03483724987951538,IN BAND,False,False,0.012211523,156398.167094287,4140563.507097593,1.0,1813591.750925087,2106149.937016479,0.015805744069074572,-30508.16477932548,DISTRIBUTING_PRE_EMA,0.0,,0.183283264385016,0.183283264385016,0.20519346895320661,-2.919855325414956,0.4238532068674371,-6.116492397921972,-2.772783865639579,-3.1966370725070163,0.6346962184000281,3.401830541460223,1,0.0,,0.0,0.0,0.0006713969634546402,0.037772193766910066,-0.5619939848242795,5FqACMtc...,216.588029224,0.0,,,False,3966206,0.8389549709120336,72,5G9hfkx9...,0.009994659342336155,0.30825030163045725,0.30516944487348846,0.009262791655857533,,COUNTER,1220050.075654349,47834.295633396,0.0,DIVERGENT,1.0,0.0,1295.967040512703,510945.259421263,0.12339993301525759,508680.694238909,0.12285301103749485,2264.56518235401,DORMITORY,True,True,1.228530110374949,0,,15153.700877361005,0.003659816073678165,30.0
116,83,15,117,38,ChronoLLM,2026-09-22,9124409,0.011804013,0.011329801054671407,0.0418552755728284,IN BAND,False,False,0.003521687,6208.138562632,1784065.556676591,1.0,525934.702699801,209158.255302952,-0.0014355570088288021,-14664.373468136182,,0.0,,,,1.4907839673082712,7.576949742900565,0.5092391861360789,4.2026191596685285,-2.8650913970959575,-3.3743305832320365,1.473040040577609,4.865114550540308,1,0.0,,0.0,0.0,6.103608758678547e-05,0.00347977042625984,-0.7052044566318387,5GeWgtBA...,1768591.84161698,1.349775740754665,BUYBACK_GAMING,,False,7284230,0.5203186278249988,6,5G9hfkx9...,0.009994659342336155,1.6481462419930555,1.6316735817579835,0.03894280656778368,,COUNTER,485297.062238849,10641.406258159,0.0,DIVERGENT,1.0,0.0,1295.967040512703,28145.673093625,0.01577614285993816,28145.673093625,0.01577614285993816,0.0,DORMITORY,False,True,0.1577614285993834,,,23273.804165379,0.013045374974187672,30.0
117,84,48,13,78,Umi,2026-09-22,9124409,0.003919651,0.00386446644552052,0.01427999317821647,IN BAND,False,False,0.00026516,1480.742462297,1026818.800038546,1.0,377774.170705939,167361.815950159,0.0001379181554245564,-3778.4580158093595,DISTRIBUTING_PRE_EMA,0.0,,0.03518633557542659,0.03518633557542659,0.4706020781757194,-6.372552679887107,0.17373991700163371,-9.833614515312654,-3.2873219184239137,-3.4610618354255474,2.55936100887649,3.931663913601267,1,0.0,,0.0,0.0,0.000915541313801782,0.001442067930818382,-0.6320927728467708,5GvYz1tB...,864115.578027454,0.0,,,False,7966145,0.0,54,5FLKx6h7...,,0.6170292294385812,0.6170292294385812,0.22402795580784962,,COUNTER,82861.627752537,8107.779671713,0.0,DIVERGENT,1.0,0.0,1295.967040512703,61896.695252393,0.06028005647156971,61896.695252393,0.06028005647156971,0.0,DORMITORY,False,True,0.6028005647156998,,,35288.95476842098,0.03436726593542723,30.0
118,85,62,118,106,Nodexo,2026-09-22,9124409,0.002527593,0.0025062705390155315,0.008507645384860894,IN BAND,False,True,5.0476e-05,6124.366381676,2473041.423119182,1.0,2423003.299620287,363075.478984053,-0.0008091572467977437,-18974.237128994893,,0.0,,,,0.021659535000533168,0.3148383623526477,0.10350968551580754,-3.52206484756079,-3.73339352439763,-3.8369032099134377,1.062659110936109,3.858562744913971,1,0.0,,0.0,0.0,9.15541313801782e-05,0.002476451192617509,-0.02023340283917978,5CTdHCps...,982886.988878493,0.28475575924660573,BUYBACK_GAMING,,False,5558480,0.3539654198904302,31,5E4vCZrj...,0.0,0.4312655883814258,0.4312655883814258,0.02293710989363163,,COUNTER,838637.534343767,0.0,0.0,DIVERGENT,1.0,0.0,1295.967040512703,327711.224605693,0.13251343933914356,327711.224605693,0.13251343933914356,0.0,DORMITORY,True,True,1.325134393391437,0,,12763.29045566,0.005160969135552124,30.0
119,82,66,119,70,SN70,2026-09-22,9124409,0.002221026,0.0023161210119724274,-0.04105787714927883,IN BAND,False,True,3.7039e-05,340.852600975,247164.186929459,1.0,153466.224504548,14528.038100446,,4500.492133080232,,,,,,0.2855735638266095,-18.064806914257566,-0.49953750531622576,-21.32963572469731,-3.7643663157559693,-3.2648288104397434,10.632608359033968,3.550402374266353,1,0.0,,0.0,0.0,0.0,0.0013790533540050435,-0.37909175578987214,5Cz1mjiJ...,579873.763487227,,,,True,8825571,1.0,1,5E2LP6En...,0.0,0.9841611844975916,0.9841611844975916,0.4628894924771874,,COUNTER,114390.63833428,0.0,0.0,DIVERGENT,1.0,0.0,1295.967040512703,0.0,0.0,0.0,0.0,0.0,NEITHER,False,,,,,41952.309495586,0.16973458014594664,30.0
120,125,125,120,36,Epago,2026-09-22,9124409,0.009587765,0.016055792337283492,-0.402846972694331,DISCOUNT,True,True,0.0,677.92265902,116422.338070211,1.0,70707.053223726,16815.669230833,,3752.3633553427935,,,,,,,-32.46170275745658,-4.901304834447694,-32.46170275745658,-4.901304834447694,,22.572987654784324,9.456995822156264,1,0.01948598808500012,MINER_BURN_ONLY,140.29911421200086,140.29911421200086,0.0,0.005822960355006478,-0.3926675971922051,5DCjvVt6...,598164.333663533,,,,True,8884359,1.0,1,5E2LP6En...,0.0,1.0208226525826627,1.0208226525826627,0.4204229865413373,,COUNTER,34545.255833249,0.0,0.0,DIVERGENT,0.7234751267382628,0.10825824255260112,1295.967040512703,58320.41106994,0.5009383253819264,58320.41106994,0.5009383253819264,0.0,DORMITORY,False,True,5.009383253819284,0,,15818.434338101999,0.13587112748553762,30.0
121,86,68,121,82,Compelle,2026-09-22,9124409,0.002050177,0.0021035796962678432,-0.025386580961296656,IN BAND,False,True,2.5346e-05,1264.244224118,725720.849308371,1.0,616651.397156499,121665.465454127,0.0004909697292762227,-2952.535857235547,DISTRIBUTING_PRE_EMA,0.0,,,0.23947675214199687,0.05268704157732655,-2.1401038043046836,-0.30887006836244263,-7.082683285131356,-5.2514495491891156,-4.942579480826673,3.621227090973817,4.995266522403999,1,0.0,,0.0,0.0,0.0,0.0017420530570712615,-0.15029138602605452,5H6h1PUD...,380089.394803706,0.5279773420220211,BUYBACK_GAMING,,False,8026517,0.0,48,5G9hfkx9...,0.009994659342336155,0.8323378517537919,0.824018918467781,0.033419297736948926,,COUNTER,51466.221683119,7195.897335065,0.0,DIVERGENT,1.0,0.0,1295.967040512703,744.314271862,0.0010256206261282821,744.314271862,0.0010256206261282821,0.0,NEITHER,False,True,0.01025620626128282,,,37768.130126261996,0.05204222830618124,30.0
122,88,12,122,53,engy,2026-09-22,9124409,0.033845063,0.03180052642710507,0.06429253860251441,IN BAND,False,False,0.00473016,37470.386929565,4938629.777047862,1.0,1107115.355660666,1603495.416983503,-0.0011223092088040443,-86011.45707185077,,0.0,,,,0.33175159101951424,14.514871041047938,0.782225886330592,7.784768962657582,-5.9478761920597645,-6.730102078390356,0.5321314045878784,7.06185366940987,1,0.17248257371954012,,1416.879572242964,1415.4381439985145,0.0004882887006942838,0.0075872030545208165,-0.7758254119804471,5H8SFVCx...,1953196.090364277,0.16463491995284998,,,False,4203869,0.49240492801856406,182,5CFLNbkc...,,1.0278707722460496,1.0278707722460496,0.0,,COUNTER,531564.335480105,0.0,0.0,DIVERGENT,-0.6605711271448576,1.092186837898707,1295.967040512703,140600.116632126,0.02846945873237167,126467.137330503,0.025607737983975906,14132.97930162301,FORTRESS,True,True,0.2560773798397591,,,26222.390890826005,0.005309649047331671,30.0
123,87,84,123,81,Reliquary,2026-09-22,9124409,0.006121299,0.0061761552933603525,-0.008881948518899022,IN BAND,False,True,6.58e-07,17950.152316346,2557236.378304854,1.0,2932408.693483436,919238.278285549,-0.010295262693937652,-36063.17372539174,,0.0,,,,9.633478142830641e-05,-1.8398052704736125,-0.10806370697993808,-8.058698151689649,-6.326956588195975,-6.2188928812160365,1.0276719126536336,6.218989215997465,1,0.3345793021460621,SKIN_IN_GAME,2409.7254741520155,2409.229983192986,0.00016784924086366004,0.007019355922132171,0.14671018718938095,5GnpQR4N...,88081.938770072,0.438058797295239,BUYBACK_GAMING,,False,5203057,0.8639582443074294,237,5H47sFL6...,0.179995422293431,10.985894493664187,9.008483775006024,0.03424229014389697,,COUNTER,866141.393022624,0.0,0.0,DIVERGENT,-0.8244459976014092,1.8590210305347425,1295.967040512703,481884.994884375,0.18843975432721158,477724.541516739,0.1868128208912052,4160.453367636015,FORTRESS,True,True,1.868128208912055,0,,15023.850049204,0.005875033757795609,30.0
124,89,57,124,40,Ralph,2026-09-22,9124409,0.003060023,0.0030135640408843756,0.015416615836041822,IN BAND,False,False,0.000103334,1599.314659794,456827.278091472,1.0,522647.85491448,80750.931947618,-1.8552276038102824e-06,-3772.0659807543852,,0.0,,,,0.16979882622659045,-5.716066038860131,0.1875688260051755,-14.348284750434987,-8.44464988556968,-8.632218711574856,5.752721271328695,8.802017537801447,1,0.0,,0.0,0.0,0.0,0.003500917603860258,0.1440821209057115,5HeKCDfd...,809815.681580062,4.535118495136812,BUYBACK_GAMING,,True,8409860,1.0,6,5E2LP6En...,0.0,0.8493615197164914,0.8493615197164914,0.23272244518029087,,COUNTER,22349.634720453,0.042920633,0.0,DIVERGENT,1.0,0.0,1295.967040512703,22427.898380107,0.04909491936165902,22427.898380107,0.04909491936165902,0.0,DORMITORY,False,True,0.49094919361659023,,,44804.801742842974,0.09807821006229747,30.0
125,90,82,125,112,for sale,2026-09-22,9124409,0.006534534,0.0062037138268351555,0.053326149851372705,IN BAND,False,True,8.56e-07,5791.389590211,2709833.948776122,1.0,886274.243838242,176709.6393335,-0.0010482548438311206,-59680.11953000887,,0.0,,,,0.000388433201558806,62.79012108487912,0.6488014898583678,53.61398090889905,-8.527338686121698,-9.176140175980066,0.9698011205398464,9.176528609181625,1,0.33639862290553907,SKIN_IN_GAME,2422.4327452910366,2422.3877006583975,1.5259021896696368e-05,0.002137175081457165,-0.672941470431225,5GQjr3Qt...,1354151.040400417,0.5562520388662423,BUYBACK_GAMING,,False,5633022,1.0,0,5C4xjnQk...,0.179995422293431,1.1661220028063966,0.9562253804655977,0.6104074469708531,,COUNTER,1035083.041110205,0.0,0.0,DIVERGENT,-0.8251932722254204,1.86917384851089,1295.967040512703,109192.016768061,0.04029472610946395,109192.016768061,0.04029472610946395,0.0,FORTRESS,True,True,0.4029472610946395,,,17318.219448370004,0.0063908784729011375,30.0
126,126,126,126,59,SN59,2026-09-22,9124409,0.005122747,0.0,,N/A,False,True,0.0,530.361161239,0.0,0.0,103530.603756369,1.345483354,,,,,,,,,9.160837706516775e-05,,9.160837706516775e-05,,,,,,,,,,0.0,,,5GzrQ2fe...,375055.918444913,,,,True,8938771,1.0,0,5FKjMupT...,,0.0,0.0,0.0,,,0.0,0.0,,NO_ESTIMATE,,,,0.0,,0.0,,0.0,,False,,,,,0.0,,30.0
127,127,127,127,86,SN86,2026-09-22,9124409,0.005989978,0.0,,N/A,False,True,0.0,709.206653218,0.0,0.0,118398.856999575,2.125984345,,,,,,,,,0.0,,0,,,,,,,,,,0.0,,,5F4XAWGz...,280040.458225359,,,,True,8693284,1.0,0,5F1N5GEH...,,0.0,0.0,0.0,,,0.0,0.0,,NO_ESTIMATE,,,,0.0,,0.0,,0.0,,False,,,,,0.0,,30.0
128,128,128,128,108,SN108,2026-09-22,9124409,0.00444177,0.0,,N/A,False,True,0.0,509.707346233,0.0,0.0,114753.195291037,1.029812107,,,,,,,,,50.1815907566259,,50.1815907566259,,,,,,,,,,0.0,,,5FBwsAvv...,610076.471520725,,,,True,9111253,1.0,0,5HjH8Zqf...,0.0,0.0,0.0,0.0,,,0.0,0.0,,NO_ESTIMATE,,,,0.0,,0.0,,0.0,,False,,,,,0.0,,30.0
