combined_apy_rank,real_apy_rank,emission_rank,epr_rank,netuid,name,date,block,spot_price,moving_price,momentum_30d,ema_band,ema_lag_flag,low_emission,tao_emission,tao_reserves,alpha_outstanding,alpha_out_emission,alpha_in_pool,volume,ema_tao_inflow,pool_growth_real,pool_ema_divergence,flow_momentum,flow_price_divergence,emission_price_ratio,emission_price_ratio_raw,emission_apy,price_apy_7d,price_apy_30d,combined_apy_7d,combined_apy_30d,real_apy,gross_emission_rate,net_supply_delta,supply_days_gap,supply_defence,supply_defence_quality,burned_tokens,manual_burn,miner_burn_rate,liquidation_price,liquidation_haircut,owner_coldkey,owner_stake,owner_inflow_pct,owner_inflow_flag,large_entry_anomaly,immune,registered_at,vali_miner_share,best_validator_uid,best_validator_hotkey,best_validator_take,best_validator_raw_apy,best_validator_apy,best_validator_div_pct,best_validator_trust,burned_source,alpha_burned_cum,alpha_recycled_cum,recycled_tokens,recon_flag,recon_gap_relative,burn_coverage,owner_cut_emission,total_locked_alpha,locked_float_ratio,owner_locked_alpha,owner_lock_ratio,community_locked_alpha,commitment_class,gate_eligible,leader_is_owner,leader_pct_of_threshold,leader_blocks_to_threshold,governance_flag,basket_alpha,basket_share,ema_halving_days
1,85,85,14,35,SN35,2026-09-14,9067520,0.004847816,0.001663689035922289,1.9138955029012055,PREMIUM,False,True,0.0,589.629378035,20875.56872836,1.0,121627.815951676,6501.017834035,,29337.514092091922,,,,,,,56.88488950995727,23.28572861863133,56.88488950995727,23.28572861863133,,125.88878579532036,-185.45406148656977,1,0.0,,0.0,0.0,0.0,0.028244949189526667,4.826324511806279,5FjUeckL...,767592.69932499,,,,True,9046691,0.0,1,5E2LP6En...,0.0,1.072878943347853,1.072878943347853,0.23422956022827846,,COUNTER,0.0,0.0,0.0,OK,0.0,0.0,1295.967040512703,0.0,0.0,0.0,0.0,0.0,NEITHER,False,,,,,2007.2003858020003,0.09615069231982967,30.0
2,86,86,15,36,Epago,2026-09-14,9067520,0.026144997,0.018930349498987198,0.38111538835555026,PREMIUM,False,True,0.0,1119.478473155,87809.079900223,1.0,42818.075221478,8196.696930084,,876.426909717884,,,,,,,205.98982500639386,4.636903891659195,205.98982500639386,4.636903891659195,,29.92856778577093,29.835730279944737,1,0.43050240233152787,MINER_BURN_ONLY,3099.6172967870007,3099.6172967870007,0.0,0.012749005847994963,-0.5123730231066783,5DCjvVt6...,577467.702253458,,,,True,8884359,1.0,0,5EFY7fKV...,0.179995422293431,2.8941613325459223,2.373225541309,0.5511032441175573,,COUNTER,14555.491224014,0.0,0.0,DIVERGENT,-1.0,2.3917408389959887,1295.967040512703,61979.563366376,0.7058445827789456,61979.563366376,0.7058445827789456,0.0,FORTRESS,False,True,7.058445827789515,0,,3623.8009642719994,0.04126909162913112,30.0
3,1,2,2,51,lium.io,2026-09-14,9067520,0.090180542,0.09309568582102656,-0.03131341474438279,IN BAND,False,False,0.0125758,159217.084733308,4123724.734982568,1.0,1765537.045736025,2044279.843772491,0.015805744069074572,61809.750175826484,,0.0,,0.17526778746877095,0.17526778746877095,0.20757321650096858,2.0752846008304604,-0.38097987938999056,6.910069956554494,4.453805476334043,4.8347853557240335,0.6372879299401417,-4.627212139223065,1,0.0,,0.0,0.0,0.000579842832074462,0.038610017633483255,-0.5718586651044606,5FqACMtc...,216.588029224,,,,False,3966206,0.7977617295448647,189,5GP7c3fF...,0.0009918364232852674,0.3033699692346234,0.30306907584940557,0.17651726716415633,,COUNTER,1211884.876759297,47834.295633396,0.0,OK,0.0,0.0,1295.967040512703,498444.013224558,0.12087228058559177,498444.013224558,0.12087228058559177,0.0,DORMITORY,True,True,1.2087228058559176,0,,14474.098412940002,0.0035099574639773303,30.0
4,2,31,16,17,404—GEN,2026-09-14,9067520,0.009790886,0.009861808037385345,-0.0071915856723720655,IN BAND,False,False,0.001348438,26717.99510617,3246245.140505007,1.0,2728863.767511871,671854.725645285,-0.008483605846616416,43403.08149169525,ACCUMULATING_PRE_EMA,0.0,,,,0.13263327019554894,0.6353238753494622,-0.0874976256805268,4.612379844946535,3.8895583439165455,3.9770559695970724,0.8095506920315855,-3.8444226994015236,1,0.0,,0.0,0.0,0.0,0.00823043052811889,-0.15937837207798264,5E7a4a7Q...,1025965.701092818,,,,False,2840556,1.0,42,5CcEPLdb...,0.0,0.30333376362051584,0.30333376362051584,0.021180815186705528,,COUNTER,340475.604612198,0.0,0.0,OK,0.0,0.0,1295.967040512703,533927.818645933,0.1644755080212062,527353.829905043,0.16245040256664178,6573.988740889938,DORMITORY,True,True,1.6245040256664185,0,,23309.355023651,0.007180405057156233,30.0
5,3,10,17,3,Teutonic,2026-09-14,9067520,0.029609384,0.03007880342192948,-0.015606319684487223,IN BAND,False,False,0.004041121,81040.503404391,3301216.270094633,1.0,2736987.132380922,3473216.62556373,-0.03954664999786193,40539.99508828111,ACCUMULATING_PRE_EMA,0.0,,,,0.1310463970714251,-0.40484049251696874,-0.18987688949459453,3.1980400355314886,3.413003638553863,3.6028805280484573,0.796070231389192,-3.471834130977032,1,0.0,,0.0,0.0,7.629510948348184e-05,0.024548680478321972,-0.17091552872825813,5GsGUrd2...,3237969.618946164,,,,False,4165565,0.0,217,5FeKsRjZ...,0.09999237048905166,0.585147610043364,0.5266373134291249,0.006714072084719383,,COUNTER,578475.334942498,0.0,0.0,OK,0.0,0.0,1295.967040512703,387724.725198468,0.1174490531598384,387608.584096715,0.11741387185323783,116.14110175298993,DORMITORY,True,True,1.1741387185323786,0,,23157.92865606199,0.007014968654385719,30.0
6,5,30,18,19,blockmachine,2026-09-14,9067520,0.009814137,0.009895332856103778,-0.008205469920467907,IN BAND,False,False,0.00135222,31803.037054684,2731604.932547092,1.0,3240533.030506949,1677639.94397218,-0.008205630128196056,30993.6838089386,ACCUMULATING_PRE_EMA,0.0,,,,0.11173883028497164,-2.072860751174342,-0.09983321736569287,1.0007801650106924,2.973807698819342,3.0736409161850347,0.9620717727835975,-2.961902085900063,1,0.0,,0.0,0.0,0.00019836728465705278,0.011642619573478796,0.1863110911819139,5FWh37Lf...,1299815.712526635,,,,False,1956072,0.06918286987576694,100,5GNNB5kZ...,0.179995422293431,1.8185274250498742,1.4912008132258363,0.00041202502670532583,,COUNTER,1006514.180053119,0.0,0.0,OK,0.0,0.0,1295.967040512703,169492.989899939,0.06204886654011671,169492.989899939,0.06204886654011671,0.0,DORMITORY,True,True,0.6204886654011671,,,30740.355132222994,0.01125358750306512,30.0
7,4,18,10,110,Green Compute,2026-09-14,9067520,0.0135247,0.013962746364995837,-0.031372507495660375,IN BAND,False,False,0.002886322,7592.816846833,2956130.777055315,1.0,561403.744148738,404292.017831761,0.0008840356011466324,26985.673156947363,,0.0,,0.06536452573045112,0.06536452573045112,0.999003975601472,5.410257458937181,-0.3816988411972012,8.563213482978309,2.7712571828439256,3.152956024041127,0.888999911775833,-2.153952048439655,1,0.0,,0.0,0.0,0.0,0.0025684982903213835,-0.81008833539218,5D53sX6A...,1594541.9181573181,,,,False,5606062,1.0,155,5FmpATto...,0.179995422293431,8.712120391824023,7.143978602826446,0.0,,COUNTER,653602.202903777,0.0,0.0,OK,0.0,0.0,1295.967040512703,9205.92186508,0.0031141794999510397,9205.92186508,0.0031141794999510397,0.0,NEITHER,True,True,0.0311417949995104,,,19405.070869392006,0.006564347903688463,30.0
8,6,7,19,80,OpenRoboto,2026-09-14,9067520,0.018429245,0.01853143866173923,-0.005514610257984073,IN BAND,False,False,0.005470188,3696.277414389,2060313.944937771,1.0,200565.909295286,257491.13044862,-0.0002903473733555673,3209.737183723395,ACCUMULATING_PRE_EMA,0.0,,,,3.8892248747450457,13.95235216595258,-0.06709442480547288,16.618988818431312,2.59954222767326,2.666636652478733,1.2755337634136021,1.222588222266313,1,0.002319465928762033,SKIN_IN_GAME,21.70217649199185,21.657131859352802,1.5259021896696368e-05,0.0017940360125556695,-0.9026527667001187,5CG1eFia...,297813.605895667,0.2994576106003903,BUYBACK_GAMING,,False,7151800,0.8500015259254738,37,5CsvRJXu...,0.0899977111467155,0.6382883023448346,0.5808438160820767,0.022645770703941644,,COUNTER,258093.680093376,2501.379452446,0.0,OK,-1.0,0.01671117488511508,1295.967040512703,347471.487305069,0.16864977697152067,347471.487305069,0.16864977697152067,0.0,DORMITORY,False,True,1.686497769715211,0,,21814.096813990993,0.010587753806932495,30.0
9,7,40,20,63,Enigma,2026-09-14,9067520,0.004843199,0.0048756846226751804,-0.0066627817812703405,IN BAND,False,False,0.000669843,11866.569023139,3495792.980026197,1.0,2450150.900741102,1234701.004212495,-0.0023243817583002914,27142.43390830746,ACCUMULATING_PRE_EMA,0.0,,,,0.14834510300049178,-16.868562655132266,-0.08106384500545581,-14.813106534527124,1.974392275599686,2.055456120605142,0.7517607635851211,-1.9071110176046502,1,0.0,,0.1259932869579643,0.0,7.629510948348184e-05,0.0033945285349963926,-0.29911437977328775,5CqTmNfg...,14149.336501843,,,,False,4885578,3.052037234851923e-05,188,5G9hfkx9...,0.009994659342336155,0.41348595457327325,0.4093533033144727,0.014649331624244644,,COUNTER,725439.791740275,0.0,0.0,OK,-1.0,0.0,1295.967040512703,72397.992373783,0.020710034257589376,72397.992373783,0.020710034257589376,0.0,DORMITORY,True,True,0.2071003425758938,,,8871.560115428998,0.002537781889865376,30.0
10,8,33,21,11,TrajectoryRL,2026-09-14,9067520,0.00838736,0.008430653717368841,-0.005135274062988432,IN BAND,False,False,0.001163194,20979.042454856,3425854.914606099,1.0,2501268.849547712,1003583.863419303,-0.004553696919034271,24124.613032280933,ACCUMULATING_PRE_EMA,0.0,,,,0.14571083683051644,-4.164557334981197,-0.06247916776635925,-2.3934011711950003,1.7086769960198376,1.7711561637861968,0.7671077922172208,-1.6254453269556803,1,0.0,,0.0,0.0,0.0,0.006123739322821891,-0.26988476435709313,5D2Jhtbn...,2497421.597547328,,,ENTRY_REPEATED,False,2918568,0.0,189,5GgqDcxk...,0.0,0.3570844524361589,0.3570844524361589,0.06351192565350751,,COUNTER,1145934.992162841,48096.465498293,50.0,DIVERGENT,-1.0,0.0,1295.967040512703,46180.459268605,0.01347998103238846,46180.459268605,0.01347998103238846,0.0,DORMITORY,True,True,0.1347998103238846,,,11859.195145449996,0.003461674659626837,30.0
11,9,19,22,58,greevils,2026-09-14,9067520,0.007743951,0.00782096991315484,-0.009847744462652283,IN BAND,False,False,0.002836481,1053.854759599,527462.6302181,1.0,136087.463688881,23290.304761333,,2736.83585457952,,,,,,7.0733390916566234,-3.798536679502933,-0.11981422429560278,-2.067308726210578,1.611413728996752,1.731227953292355,4.982343486425476,5.3421111383642685,1,0.0,,0.0,0.0,0.0,0.001997970470748312,-0.7419959823159635,5CLUzEqe...,752569.773064631,0.19371887888496817,,,True,8511017,0.0,1,5E2LP6En...,0.0,0.7702687058477228,0.7702687058477228,0.3794482085088201,,COUNTER,78931.873767343,0.045668707,0.0,OK,0.0,0.0,1295.967040512703,32808.027617922,0.06219971944620274,32808.027617922,0.06219971944620274,0.0,DORMITORY,False,True,0.6219971944620274,,,45957.13088850702,0.0871286954859802,30.0
12,11,29,23,62,Ridges,2026-09-14,9067520,0.010906802,0.010990581242367625,-0.0076228218071546765,IN BAND,False,False,0.001615428,30172.023849809,2722745.28510642,1.0,2766349.193742018,4385502.89921352,-0.02595581615076601,20035.27972855745,ACCUMULATING_PRE_EMA,0.0,,,,0.14070467414226423,-0.46876130294623697,-0.09274433198704855,1.162718880016461,1.5387358509756495,1.631480182962698,0.9652022957767359,-1.4907755088204337,1,0.05769685594781136,MINER_BURN_ONLY,477.30603626801167,476.9456792068993,0.00012207217517357094,0.011081471342490897,0.016014716549442937,5DhsVYew...,13499.748022933,,,,False,4474225,0.5454545454545454,107,5Hj8LMru...,,12.305259370824917,12.305259370824917,0.0,,COUNTER,187947.845126673,170981.9854291,0.0,DIVERGENT,-1.0,0.36802300081506145,1295.967040512703,148226.397503455,0.05444005295473737,148226.397503455,0.05444005295473737,0.0,FORTRESS,True,True,0.5444005295473766,,,15802.243628556998,0.005803790650192737,30.0
13,10,65,24,98,NeverPlayAlone,2026-09-14,9067520,0.002625946,0.002657535718753934,-0.011886846348295031,IN BAND,False,True,7.27e-05,5037.046925837,2910553.686603015,1.0,1918183.578788762,206379.027731362,-0.001032365332540136,20870.789433247875,ACCUMULATING_PRE_EMA,0.0,,,,0.03793008141734803,-2.8240393080846786,-0.14462329723758954,-1.1423626530328652,1.5370533578142238,1.6816766550518134,0.9029209844492542,-1.6437465736344654,1,0.0,,0.0,0.0,0.0,0.0017306146761772577,-0.34095572560240855,5EWzZCNs...,1653715.875593658,,,ENTRY_PRE_EMA_PATTERN,False,5445992,0.0,153,5E2LP6En...,0.0,0.42352140403539845,0.42352140403539845,0.23998229926450393,,COUNTER,1255490.393926426,0.181595662,0.0,OK,0.0,0.0,1295.967040512703,458251.750869834,0.1574448713930688,458251.750869834,0.1574448713930688,0.0,DORMITORY,True,True,1.5744487139306886,0,,12058.909983134998,0.004143166998994365,30.0
14,12,35,25,105,Beam,2026-09-14,9067520,0.005343024,0.005399637622758746,-0.010484707810784803,IN BAND,False,False,0.000969251,4583.140503848,2022668.494678143,1.0,857780.285693997,544067.910137154,-0.0010888053840733777,13719.30373622023,ACCUMULATING_PRE_EMA,0.0,,,,0.5557742831277769,-11.216624970690962,-0.1275639450312151,-9.814557101526994,1.274503924132752,1.4020678691639672,1.2992737104051153,-0.8462935860361902,1,0.0,,0.0,0.0,0.0022125581750209733,0.002265888115579361,-0.5759165379793614,5G3ic2pA...,1967762.844159541,,,,False,6841399,0.0,20,5Eyn899r...,0.15257495994506753,0.6048481006126051,0.5125634258887867,0.0041964231215284135,,COUNTER,452240.813141888,1869.377328683,0.0,OK,0.0,0.0,1295.967040512703,182681.294548713,0.09031697237059212,182681.294548713,0.09031697237059212,0.0,DORMITORY,False,True,0.903169723705924,,,16613.830803814002,0.008213817957577708,30.0
15,13,5,26,4,Targon,2026-09-14,9067520,0.05720344,0.05764676188118756,-0.007690317143940579,IN BAND,False,False,0.007620607,139241.752645729,3775256.403407482,1.0,2434149.986039527,2312963.771940399,-0.0046476622979413,20339.44520872645,ACCUMULATING_PRE_EMA,0.0,,,,0.14382866356870935,-0.1457386131147377,-0.09356552525127705,1.1091671572939599,1.1613402451574206,1.2549057704086977,0.6961116594962959,-1.1110771068399883,1,0.022252069761095773,MINER_BURN_ONLY,181.6487344710622,181.5586452057841,3.0518043793392735e-05,0.03688272736125996,-0.3552358501296433,5CXGPMnq...,,,,,False,1411451,0.12807287931271272,238,5CdBXrFk...,0.0,0.2796698115929427,0.2796698115929427,0.024629188793261307,,COUNTER,559992.532815365,0.0,0.0,DIVERGENT,-1.0,0.14009511008393927,1295.967040512703,183019.057563734,0.04847857681892656,183019.057563734,0.04847857681892656,0.0,DORMITORY,True,True,0.48478576818926555,,,16217.406184247999,0.004295709867443823,30.0
16,16,38,27,111,Claims,2026-09-14,9067520,0.005102132,0.0051012898329645395,0.0001650890388579889,IN BAND,False,False,0.000803265,5994.169893534,3595994.964720485,1.0,1174836.104882825,209698.852037988,-0.0020882893709760026,11531.901179556968,ACCUMULATING_PRE_EMA,0.0,,,,0.3521722703050419,-8.913421449711695,0.0020085833061055315,-8.018772325081185,0.8966577079366157,0.8946491246305102,0.7308130366651593,-0.5424768543254683,1,0.0,,0.0,0.0,3.0518043793392735e-05,0.0016669016370549686,-0.6732931180426205,5CGTryXj...,2802232.760718419,,,,False,5615562,0.0,145,5E2LP6En...,0.0,0.35813491853958285,0.35813491853958285,0.10238959929197057,,COUNTER,734491.272679149,0.371911999,0.0,DIVERGENT,1.0,0.0,1295.967040512703,1221.604957048,0.0003397126439366288,1221.604957048,0.0003397126439366288,0.0,NEITHER,True,True,0.0033971264393662876,,,12296.807169748996,0.0034195840901865174,30.0
17,15,21,28,75,Hippius,2026-09-14,9067520,0.016952519,0.017077266005799174,-0.0073048581521663325,IN BAND,False,False,0.002481215,32836.172168827,3629154.044436982,1.0,1936949.401703538,1528241.16765177,-0.01292806119265099,15889.748811457306,ACCUMULATING_PRE_EMA,0.0,,,,0.19858079030875467,-2.860372274833858,-0.08887577418469038,-1.9557221720211815,0.815774328627986,0.9046501028126764,0.7241356987941528,-0.7060693125039218,1,0.0,,0.0,0.0,0.001785305561913475,0.009047886027092333,-0.46628073225623085,5DAQpczE...,1529987.8930893631,,,,False,5102795,0.0,157,5E2LP6En...,0.0,0.2935996641468824,0.2935996641468824,0.4196615239054465,,COUNTER,784604.879643725,0.0,0.0,OK,0.0,0.0,1295.967040512703,552610.194942174,0.15226969926758913,552609.767120331,0.15226958138285956,0.42782184306997806,DORMITORY,True,True,1.5226958138285958,0,,33295.36801504401,0.009174415747405778,30.0
18,17,54,9,89,InfiniteQuant,2026-09-14,9067520,0.003225419,0.003248972585424781,-0.007249548835974919,IN BAND,False,False,0.000157498,6346.059568435,2885704.466395689,1.0,1967514.800193949,187313.303563691,0.00022740814707736934,14567.892363546882,,0.0,,0.07050499394880769,0.07050499394880769,0.0652223225351906,-2.150240247626269,-0.08820284417102818,-1.2604010612954806,0.8016363421597601,0.8898391863307883,0.910696168163898,-0.8246168637955977,1,0.0,,0.0,0.0,0.0010070954451819603,0.0021991370364968016,-0.3181856259615258,5Dc5NmEU...,112384.055807699,,,,False,5313364,0.16306954436450838,191,5GCNwrsH...,0.179995422293431,10.47390679924775,8.588651521855112,0.0,,COUNTER,601037.833009041,0.0,0.0,OK,0.0,0.0,1295.967040512703,6094.632142656,0.0021120084241572855,6094.632142656,0.0021120084241572855,0.0,NEITHER,True,True,0.02112008424157286,,,12586.417365009,0.004361644621470792,30.0
19,18,77,29,16,trav,2026-09-14,9067520,0.001405745,0.0014255158603191376,-0.013869267168105347,IN BAND,False,True,6.216e-06,398.559600726,460485.511652969,1.0,283521.795868935,52510.461571224,0.000900611716787907,8860.403825504472,,0.0,,,0.6406650685493507,0.040986713079408064,-4.755383211434462,-0.1687427505452817,-3.8817282538639093,0.7049122070252711,0.8736549575705528,5.707019946331152,-0.8326682444911447,1,0.0,,0.0,0.0,0.0,0.000865520392368745,-0.3842977265658103,5FkKY8WJ...,728970.654056692,,,ENTRY_REPEATED,True,8460646,1.0,1,5E2LP6En...,0.0,0.9011565092070191,0.9011565092070191,0.3903927732169561,,COUNTER,63578.799840379,0.04568655,0.0,OK,0.0,0.0,1295.967040512703,7333.737256624,0.015926097718685337,0.0,0.0,7333.737256624,NEITHER,False,False,0.12866146983918583,,,43948.869651596004,0.09544028756482732,30.0
20,20,67,30,106,Nodexo,2026-09-14,9067520,0.002577294,0.0025894816499203444,-0.004706598295732013,IN BAND,False,True,6.5719e-05,6181.722257936,2439610.52196336,1.0,2398531.224064085,360039.302453243,-0.0008091572467977437,12761.84322035173,ACCUMULATING_PRE_EMA,0.0,,,,0.027938740175244555,-5.833727688455433,-0.05726361259807282,-5.087257123530411,0.6892069523269493,0.7464705649250221,1.0772211286763214,-0.7185318247497775,1,0.0,,0.0,0.0,0.00012207217517357094,0.0025338971947706833,-0.01683812759790564,5CTdHCps...,1164782.815852486,,,,False,5558480,0.26305187174752387,31,5E4vCZrj...,0.0,0.44255473626363273,0.44255473626363273,0.022051642046148213,,COUNTER,838637.534343767,0.0,0.0,OK,0.0,0.0,1295.967040512703,317576.361987146,0.13017502553299598,317576.361987146,0.13017502553299598,0.0,DORMITORY,True,True,1.301750255329963,0,,12047.580124466991,0.0049383211033092655,30.0
21,19,20,31,91,cascade,2026-09-14,9067520,0.007714908,0.007838921621441841,-0.015820240006307208,IN BAND,False,False,0.00277963,3931.812715201,1184829.243337973,1.0,509638.350732872,179251.611944049,-0.00013977869327964234,7084.227583414991,ACCUMULATING_PRE_EMA,0.0,,,,1.8578879944505606,-7.015622617189182,-0.19247958674340435,-6.142270101086371,0.6808729293594068,0.8733525161028112,2.218041135274682,0.9845354783477495,1,0.0,,0.0,0.0,1.5259021896585345e-05,0.003318463599129321,-0.5698634903839008,5HEe7NjS...,545862.898266331,,,,False,7633645,0.06451612903225801,1,5E2LP6En...,0.0,0.678260647505927,0.678260647505927,0.5163815598724267,,COUNTER,399376.775480423,9542.545852108,0.0,OK,0.0,0.0,1295.967040512703,58524.61513818,0.04939497861590662,58524.61513818,0.04939497861590662,0.0,DORMITORY,False,True,0.49394978615907453,,,35908.68084985301,0.030307051460587594,30.0
22,23,84,32,2,DSperse,2026-09-14,9067520,0.003074857,0.003092073369771242,-0.005567904675080848,IN BAND,False,True,2.7e-08,7750.224318098,3228100.362040398,1.0,2520515.18268809,711018.841651458,-0.002026472196230547,13528.936422789935,ACCUMULATING_PRE_EMA,0.0,,,,9.155347908357506e-06,-3.137717886250395,-0.06774284021348365,-2.488289543322973,0.5816855027139387,0.6494283429274224,0.8141010827615377,-0.649419187579514,1,0.3824845877900764,MINER_BURN_ONLY,2754.183826020104,2753.9135582242698,9.15541313801782e-05,0.0024008622560914698,-0.21919547605255468,5EcYQ3W7...,2346756014450365.0,,,,False,2734060,0.8814723252300508,49,5EC3fYnS...,,1.3432194875279964,1.3432194875279964,0.594479117391238,,COUNTER,721179.797718908,0.0,0.0,DIVERGENT,-1.0,2.124987343146306,1295.967040512703,1144508.261830867,0.3545454395685062,1144508.261830867,0.3545454395685062,0.0,FORTRESS,True,True,3.545454395685062,0,,10154.066118821003,0.0031455236764704807,30.0
23,22,81,33,23,Trishool,2026-09-14,9067520,0.003992073,0.004025442525744438,-0.008289654002268337,IN BAND,False,True,6.35e-07,7222.65763918,4191301.670231314,1.0,1809249.666231578,604799.061336412,3.250270980840306e-05,15230.984625843586,,0.0,,,0.008141812489000843,0.00023104791662109837,-4.685799461152666,-0.1008574570275981,-4.035346313967252,0.5495956901578158,0.6504531471854139,0.6270128486969451,-0.6502220992687928,1,0.3607372165508554,MINER_BURN_ONLY,2597.7665705478285,2597.7215259151894,1.5259021896696368e-05,0.0017232492928101232,-0.568332219172815,5CqTRwoF...,1479385.905831745,,,,False,2063528,0.7999969481490524,188,5HKsvivb...,0.0899977111467155,0.8858027836363886,0.8060825605817244,0.4162368380894247,,COUNTER,1167090.076078157,0.055431535,0.0,DIVERGENT,-1.0,2.004465734628169,1295.967040512703,900085.906851096,0.21475092409690974,900085.906851096,0.21475092409690974,0.0,FORTRESS,True,True,2.1475092409690983,0,,10551.692856603997,0.002517521688201856,30.0
24,14,22,6,61,RedTeam,2026-09-14,9067520,0.017724289,0.018548542400822043,-0.04443763736311232,IN BAND,False,False,0.002407667,17320.651674714,5093969.364502807,1.0,977226.88513335,683614.26590891,0.001606769924520486,17398.971481876797,,0.0,,0.09065356159112989,0.09065356159112989,0.3653066290362009,15.34393709797476,-0.5406579212511998,16.36975301390945,0.4851579946834902,1.02581591593469,0.5159041627366567,-0.6605092868984891,1,0.0,,0.0,0.0,0.0006866559853513365,0.00340022690270038,-0.8081600394407709,5ECEsYL8...,,,,,False,4457976,0.013956329210566443,69,5HbLhpEA...,,9.838259602065419,9.838259602065419,0.0,,COUNTER,808370.14496251,0.0,0.0,OK,1.0,0.0,1295.967040512703,1021287.884224886,0.20048960077021744,1021287.884224886,0.20048960077021744,0.0,DORMITORY,True,True,2.0048960077021745,0,,27280.358729533997,0.005355422613971035,30.0
25,24,43,34,50,Synth,2026-09-14,9067520,0.004560963,0.004558178363367915,0.0006109099754551283,IN BAND,False,False,0.00054597,10843.209904279,3350997.753695864,1.0,2377394.713878833,1224639.396208498,-0.0056701551055483215,10938.81155103119,ACCUMULATING_PRE_EMA,0.0,,,,0.13232328550919123,-5.415802765441991,0.007432738034704061,-5.029813323027328,0.3934221804493669,0.3859894424146628,0.7842440351091076,-0.25366615690547156,1,0.0,,0.001491130969952792,0.0,0.002151522087434188,0.003235815330619027,-0.2905412013605402,5DxyiWpG...,2260097.413534431,,,,False,4763204,0.14620607395173868,160,5CHz8DTA...,,14.19548176864933,14.19548176864933,0.0,,COUNTER,467621.61032841,0.0,0.0,OK,-1.0,0.0,1295.967040512703,212500.00519846,0.0634139503567529,212500.00519846,0.0634139503567529,0.0,DORMITORY,True,True,0.634139503567529,,,24085.767137334005,0.007187640490289635,30.0
26,87,87,35,70,SN70,2026-09-14,9067520,0.00386617,0.0037517377641052008,0.03050112856757502,IN BAND,False,True,0.0,448.612523091,227405.423094446,1.0,116035.368773029,13746.697762995,,-1357.179786680077,,,,,,,-26.207993171724038,0.3710970642388294,-26.207993171724038,0.3710970642388294,,11.556452630896754,15.27096948698986,1,0.45100251673152647,SKIN_IN_GAME,3247.2181204669905,3247.2181204669905,0.0,0.0019727432925145424,-0.48974222744614376,5Cz1mjiJ...,510147.911085255,0.28986498669018584,BUYBACK_JUSTIFIED,,True,8825571,1.0,1,5E2LP6En...,0.0,1.8376875058776512,1.8376875058776512,0.9748832667012542,,COUNTER,96973.741142766,0.0,0.0,DIVERGENT,-1.0,2.505633259918666,1295.967040512703,0.0,0.0,0.0,0.0,0.0,EXPOSED,False,,,,,35050.370025925,0.1541316365677343,30.0
27,21,39,3,96,Verathos,2026-09-14,9067520,0.006948151,0.007217396283522248,-0.03730504366747214,IN BAND,False,False,0.000751671,3254.694465281,859325.540226891,1.0,468426.033842175,96295.220838729,0.0007914143622985852,8690.908265505219,,0.0,,0.11390287319584523,0.11390287319584523,0.6069360454789882,-11.207991333816153,-0.4538780312875777,-10.496557041490368,0.2575562610382078,0.7114342923257855,3.058212373515768,-0.1044982468467973,1,0.12484379260825573,MINER_BURN_ONLY,997.6949043250061,996.1183421826394,0.0005340657663843729,0.0037874988149678994,-0.4548911192390753,5CGq1JQh...,720789.261459536,,,,False,7692872,0.3545343511450382,40,5DRuogmW...,,6.759466168507674,6.759466168507674,0.0,,COUNTER,261844.174196283,7897.141864024,0.0,DIVERGENT,-1.0,0.768629379485269,1295.967040512703,189769.105045334,0.22083494108091856,189769.105045334,0.22083494108091856,0.0,FORTRESS,False,True,2.208349410809192,0,,33413.33426349999,0.03888320863206014,30.0
28,88,88,36,116,Memo,2026-09-14,9067520,0.005740869,0.005658981157466769,0.014470421486592775,IN BAND,False,True,0.0,1406.253212569,725259.138520013,1.0,244954.74881993,107374.14645321,0.0001614247536338362,-1664.2659600804036,DISTRIBUTING_PRE_EMA,0.0,,,0.02811852241077722,,-2.2850441350094908,0.17605679475354544,-2.2850441350094908,0.17605679475354544,,3.623532418168189,4.811708203537468,1,0.4510025169412499,SKIN_IN_GAME,3247.218121976999,3247.218121976999,0.0,0.0019389665539942666,-0.662252081698038,5F48aA3P...,100686.563942681,0.29127169615599774,BUYBACK_JUSTIFIED,,True,8294730,1.0,0,5CXN6pP6...,0.179995422293431,10.701388259136472,8.775187360307237,0.0,,COUNTER,227361.438785253,1764.319155568,0.0,DIVERGENT,-1.0,2.505633261083826,1295.967040512703,30.45052749,4.1985720513826715e-05,30.45052749,4.1985720513826715e-05,0.0,EXPOSED,False,True,0.00041985720513826715,,,36619.34556570302,0.050491394897042775,30.0
29,89,89,37,112,for sale,2026-09-14,9067520,0.003041011,0.003001687116920948,0.013100593615296429,IN BAND,False,True,0.0,3950.790661054,2240048.213170403,1.0,1299169.973504635,159186.000350918,-0.0010482548438311206,3986.4047126444057,ACCUMULATING_PRE_EMA,0.0,,,,,-2.4808694222382295,0.1593905556527732,-2.4808694222382295,0.1593905556527732,,1.17318903430231,0.618403264997673,1,0.4510025167279107,MINER_BURN_ONLY,3247.218120440957,3247.218120440957,0.0,0.0017637078692437315,-0.42002581732070965,5GQjr3Qt...,722202.411578844,,,,False,5633022,1.0,0,5C4xjnQk...,0.179995422293431,2.092081417270997,1.7155163390970645,0.4022737677399664,,COUNTER,1013061.520219613,0.0,0.0,DIVERGENT,-1.0,2.505633259898578,1295.967040512703,109192.016768061,0.048745386874293424,109192.016768061,0.048745386874293424,0.0,FORTRESS,True,True,0.4874538687429342,,,16459.454891314,0.007347812781234056,30.0
30,28,1,13,107,Minos,2026-09-14,9067520,0.054126287,0.05413558077998459,-0.0001716760003437049,IN BAND,False,False,0.017278502,22059.338218145,1627672.944577603,1.0,407553.454894246,542835.483255194,0.001226016808458981,1511.0864984160871,,0.0,,0.02265104215367629,0.02265104215367629,2.0584435855219603,2.1295077187989753,-0.0020887246708484095,2.227203764591843,0.09560732112201932,0.09769604579286773,1.6145749726656493,1.9607475397290925,1,0.0,,0.0,0.0,0.00015259021896696368,0.013552684703418484,-0.7496099316138481,5DA2vLrS...,1317816.249706986,0.308564425742642,BUYBACK_GAMING,,False,7457580,0.005265165967188068,24,5CXiBHgi...,,5.626847401908079,5.626847401908079,0.0,,COUNTER,406798.248425295,11728.725039684,0.0,OK,0.0,0.0,1295.967040512703,41164.694002343,0.025290519289810794,41164.694002343,0.025290519289810794,0.0,DORMITORY,False,True,0.2529051928981079,,,28195.98836268999,0.017322883234387805,30.0
31,90,90,38,69,Herald,2026-09-14,9067520,0.007980369,0.007927410071715713,0.0066804830083458736,IN BAND,False,True,0.0,4206.744611365,1311942.901654713,1.0,527136.572576619,76505.354707835,0.0011393261345515797,-2712.9302087911637,DISTRIBUTING_PRE_EMA,0.0,,,0.1427660969751624,,0.4611669881750157,0.0812792099348748,0.4611669881750157,0.0812792099348748,,2.003135957125409,3.0069489437713917,1,0.41000228799944227,,2952.0164735959843,2952.0164735959843,0.0,0.0032064997692042565,-0.5982015657165406,5HBPFVcJ...,682215.975049676,0.12962062307462605,,,False,8138182,1.0,0,5FWB5CFZ...,0.179995422293431,2.149076550034676,1.7622526088702746,0.3607092718061405,,COUNTER,378947.841768894,4110.268380516,0.0,DIVERGENT,-1.0,2.2778484184506147,1295.967040512703,485.813350565,0.0003703006814947957,485.813350565,0.0003703006814947957,0.0,EXPOSED,False,True,0.003703006814947957,,,25028.26357931299,0.019077250654541147,30.0
32,25,41,12,78,Umi,2026-09-14,9067520,0.004576788,0.004669551504775882,-0.01986561336372581,IN BAND,False,False,0.000593972,1586.494432149,998285.217383782,1.0,346639.347347738,156040.844088345,0.0001379181554245564,6142.490924176644,,0.0,,0.030134267836866464,0.030134267836866464,0.9839041249489858,-2.227033759779624,-0.24169829592533068,-1.9175912358196272,0.06774422803466626,0.30944252395999694,2.6325141895692203,0.6744616009889889,1,0.0,,1.9863000488840044e-05,0.0,0.00030518043793381633,0.0015892195982894998,-0.6527653021530603,5GvYz1tB...,756297.721859327,,,ENTRY_PRE_EMA_PATTERN,False,7966145,0.0,54,5FLKx6h7...,,0.8633537016015241,0.8633537016015241,0.2651223829579442,,COUNTER,82861.627752537,8107.779671713,0.0,DIVERGENT,0.9999998681321057,0.0,1295.967040512703,65747.271123275,0.06586020706144448,65747.271123275,0.06586020706144448,0.0,DORMITORY,False,True,0.6586020706144516,,,34238.69435919399,0.034297507128197034,30.0
33,91,91,39,71,Leadpoet,2026-09-14,9067520,0.004538612,0.004515525884926319,0.005112608290154361,IN BAND,False,True,0.0,5363.820076928,4530888.831585023,1.0,1181819.508625267,1406618.556134859,-0.0022417272015353455,-5893.511696364963,,0.0,,,,,3.1129489760657294,0.06220340086354472,3.1129489760657294,0.06220340086354472,,0.5800186448363284,1.104420339677965,1,0.45100251677596437,MINER_BURN_ONLY,3247.2181207869435,3247.2181207869435,0.0,0.0011838339620112897,-0.7391638760900272,5DwHzMhB...,2467479.655665916,0.0,,,False,5048438,1.0,0,5FNVgRnr...,0.0,0.6798121942350533,0.6798121942350533,0.5568034425403995,,COUNTER,969319.249879972,0.0,0.0,DIVERGENT,-1.0,2.50563326016555,1295.967040512703,63565.086413894,0.014029275220963054,63565.086413894,0.014029275220963054,0.0,FORTRESS,True,True,0.14029275220963053,,,15310.436542778,0.003379124298095394,30.0
34,29,56,40,125,Refinery,2026-09-14,9067520,0.002981003,0.0029862471856176853,-0.001756112368374063,IN BAND,False,False,0.000114109,5657.724283499,2480971.356098437,1.0,1897925.947996107,241519.550637331,-0.00024021262101779379,,,,,,,0.05300336972492784,-9.916899862296635,-0.021366033815217764,-9.863896492571707,0.031637335909710074,0.05300336972492784,1.0592625318064048,,,,,,,0.0,0.002280447240792134,-0.23500672733568725,5DTzv2rL...,3887.9011152,,,,False,5834408,1.0,105,5D8E4DGK...,0.0,0.612318338635149,0.612318338635149,0.02760567678925683,,,1305773.13013795,0.0,,NO_ESTIMATE,,,,225923.662897553,0.09106258415366769,225923.662897553,0.09106258415366769,0.0,,True,True,0.910625841536677,,,11584.084016934996,0.004669172817517759,30.0
35,30,32,41,14,Cacheon,2026-09-14,9067520,0.009188906,0.009205829352140427,-0.001838329985607616,IN BAND,False,False,0.001280939,25016.95499737,3169239.791531174,1.0,2722517.220538158,2660870.447451196,-0.012349965626037119,8042.345184946898,ACCUMULATING_PRE_EMA,0.0,,,,0.13456104839113694,-1.37579644646239,-0.022366348158225993,-1.322929465840839,0.03050063246332491,0.0528669806215509,0.8292209403095745,0.08169406776958604,1,0.035551300244362635,MINER_BURN_ONLY,292.01201397390105,291.65165691278867,0.00012207217517357094,0.00789367692032019,-0.14095574377187117,5CKhH8nK...,1713153.029799166,,,,False,4848444,0.14337601294123037,4,5E2LP6En...,0.0,0.4705604668282615,0.4705604668282615,0.21993835072941464,,COUNTER,1226611.25981397,526.080568229,0.0,DIVERGENT,-1.0,0.2250455820214433,1295.967040512703,52328.053118675,0.01651123189179492,52328.053118675,0.01651123189179492,0.0,DORMITORY,True,True,0.1651123189179493,,,13592.908910641007,0.004289012446127903,30.0
36,92,92,42,57,SN57,2026-09-14,9067520,0.00275814,0.0027531497180461884,0.0018125719502654365,IN BAND,False,True,0.0,1339.863167661,930101.462604194,1.0,485784.998030266,34257.717154008,-0.00013780237056893412,-2787.2571607206482,,0.0,,,,,-23.547566049775558,0.022052958728229474,-23.547566049775558,0.022052958728229474,,2.8254981909627954,4.19255535096928,1,0.4510025168616671,,3247.218121404003,3247.218121404003,0.0,0.0014405559194687351,-0.4777074697191821,5HdpnCSY...,769824.981972188,0.14957424784089152,,,False,8057320,1.0,0,5Ejcqsbx...,0.179995422293431,2.252473582130186,1.847038648509866,0.609345195403702,,COUNTER,415160.464651793,6427.093693354,0.0,DIVERGENT,-1.0,2.5056332606416882,1295.967040512703,1254.306998862,0.001348570074656223,1254.306998862,0.001348570074656223,0.0,EXPOSED,False,True,0.013485700746562228,,,31440.858896792,0.03380368718995522,30.0
37,93,93,43,27,Orion,2026-09-14,9067520,0.002355421,0.0023547739256173372,0.00027479257164487124,IN BAND,False,True,0.0,6258.651281773,3405606.443004241,1.0,2657126.372173891,830712.983730027,-0.002571603639063033,-3704.147111582104,,0.0,,,,,-2.3469247504697086,0.0033433096216792667,-2.3469247504697086,0.0033433096216792667,,0.7716687303661902,1.234402649211544,1,0.45100251675085423,SKIN_IN_GAME,3247.2181206061505,3247.2181206061505,0.0,0.0018377494248137366,-0.21977878909386617,5GLT9wjW...,66513.539319049,0.3007289107784753,BUYBACK_JUSTIFIED,,False,1727132,1.0,203,5H6Bqkzj...,0.179995422293431,16.19949898534592,13.283663324536573,0.0,,COUNTER,1323052.538726075,0.0,0.0,DIVERGENT,-1.0,2.5056332600260456,1295.967040512703,29259.979274079,0.008591708925787513,29259.979274079,0.008591708925787513,0.0,FORTRESS,True,True,0.08591708925787513,,,8988.585951919002,0.0026393495849713505,30.0
38,94,94,44,104,TAOstatus,2026-09-14,9067520,0.004300241,0.004299558000639081,0.00015885338930589246,IN BAND,False,True,0.0,6021.158253557,3194962.924537762,1.0,1400190.719812567,75756.520549456,-0.0017383027949343672,-970.574461044278,,0.0,,,,,0.05667580475894324,0.0019327162365550248,0.05667580475894324,0.0019327162365550248,,0.8225447562525976,0.6292118397559489,1,0.0,,0.0,0.0,0.0,0.0018845784429339266,-0.5617505058591072,5HBb3F1b...,1105846.167450448,1.2756170738050097,BUYBACK_GAMING,,False,5528520,1.0,25,5Coeuhim...,0.179995422293431,1.3756997971249638,1.1280801311924686,0.4119083223975341,,COUNTER,340321.172598343,189442.614889733,3247.2181204539957,OK,-0.1770746462574326,0.0,1295.967040512703,3017.92106809,0.0009445871953354902,3017.92106809,0.0009445871953354902,0.0,NEITHER,True,True,0.009445871953354902,,,9583.316706750002,0.0029995079545833817,30.0
39,95,95,45,37,Aurelius,2026-09-14,9067520,0.003322242,0.0033230052795261145,-0.00022969555023497374,IN BAND,False,True,0.0,7948.777910162,3637990.231944007,1.0,2392594.207795311,357251.735665269,-0.0011818962588911177,637.6815599319525,ACCUMULATING_PRE_EMA,0.0,,,,,-4.584234260681083,-0.0027946291945255136,-4.584234260681083,-0.0027946291945255136,,0.7223768708679832,0.717467857419518,1,0.45100251673445907,MINER_BURN_ONLY,3247.2181204881053,3247.2181204881053,0.0,0.002184936573046945,-0.3423306992546163,5GRBbS3a...,37418.05381807,,,,False,3212175,1.0,9,5FeKsRjZ...,0.09999237048905166,0.6578125211443797,0.5920362878177738,0.04014893714425234,,COUNTER,1306845.589520226,0.0,0.0,DIVERGENT,-1.0,2.505633259934959,1295.967040512703,45507.151093348,0.012508871160170947,45507.151093348,0.012508871160170947,0.0,FORTRESS,True,True,0.12508871160170945,,,8771.239593746006,0.0024110124091946726,30.0
40,96,96,46,29,hoτfloaτ,2026-09-14,9067520,0.002752615,0.0027533681131899357,-0.00027352433782028377,IN BAND,False,True,0.0,8275.38716849,2964608.101387529,1.0,3006372.630290281,208543.143733663,-0.011022358310089313,349.96463478310034,ACCUMULATING_PRE_EMA,0.0,,,,,-0.6618470025216703,-0.003327879443480119,-0.6618470025216703,-0.003327879443480119,,0.8864578082917651,0.9164542246592766,1,0.0,,0.0,0.0,0.0,0.002791393292292786,0.014087800979354562,5HHHHHzg...,40796.346174825,,,,False,3379782,1.0,19,5GRRRRhL...,0.179995422293431,11.624203821390822,9.531900345734666,0.0,,COUNTER,610829.352749762,0.0,0.0,OK,0.0,0.0,1295.967040512703,3165.974907187,0.0010679235834595558,3165.974907187,0.0010679235834595558,0.0,NEITHER,True,True,0.010679235834595558,,,9132.931192766002,0.0030806537931578563,30.0
41,97,97,47,113,TensorUSD,2026-09-14,9067520,0.002168215,0.00216891011223197,-0.0003204891839683935,IN BAND,False,True,0.0,1693.598973865,1580674.952919005,1.0,781102.541868382,67254.336523487,-0.0004889739469761811,-3928.8834129890893,,0.0,,,,,-6.96029961905333,-0.003899285071615454,-6.96029961905333,-0.003899285071615454,,1.6625809089635526,2.722800569418637,1,0.446959493937789,SKIN_IN_GAME,3218.1083563520806,3218.1083563520806,0.0,0.0010714403810457426,-0.5058421876770788,5GndoVhM...,588196.468833051,0.22060824721508546,BUYBACK_JUSTIFIED,,False,7119664,1.0,0,5FRumLA6...,0.179995422293431,2.404107052918849,1.9713787886901049,0.3357346723851096,,COUNTER,779732.066270346,0.0,0.0,DIVERGENT,-1.0,2.4831714509336216,1295.967040512703,63204.39673651,0.03998570143709277,63204.39673651,0.03998570143709277,0.0,FORTRESS,False,True,0.39985701437092863,,,20095.064192716993,0.012712964266061019,30.0
42,98,98,48,12,Compute Horde,2026-09-14,9067520,0.004776417,0.00477860844694078,-0.0004585952092774653,IN BAND,False,True,0.0,12655.175242687,3555653.31508138,1.0,2649511.869085584,424692.492317858,-0.0016389071287063602,459.9475580905564,ACCUMULATING_PRE_EMA,0.0,,,,,-0.7953863057385397,-0.005579575046209161,-0.7953863057385397,-0.005579575046209161,,0.7391046784154354,0.7524504456596133,1,0.4482436649176891,MINER_BURN_ONLY,3227.6246552031953,3227.354387407361,9.15541313801782e-05,0.00355917017809633,-0.25484517409256136,5ELzhHvg...,1595575.627869946,,,,False,2256433,0.005646355048909646,136,5EHcd8Jp...,,2.695229157371619,2.695229157371619,0.0,,COUNTER,1619116.007888622,0.0,0.0,DIVERGENT,-1.0,2.4903059155968763,1295.967040512703,3870.537061652,0.0010885586188155729,3870.537061652,0.0010885586188155729,0.0,EXPOSED,True,True,0.010885586188155728,,UNDEFENDED_BURNER,8826.817964856,0.0024824742973160127,30.0
43,99,99,49,10,Pareton,2026-09-14,9067520,0.007301044,0.007304591126739979,-0.00048560236684490164,IN BAND,False,True,0.0,17609.527524371,3526505.124172951,1.0,2411918.787002647,978811.377374021,0.0019830543029549486,-24131.111963013653,DISTRIBUTING_PRE_EMA,0.0,,,0.2716124300791707,,-1.1276863150970464,-0.005908162129946303,-1.1276863150970464,-0.005908162129946303,,0.7452137193806937,3.332500176249252,1,0.4434263518619506,MINER_BURN_ONLY,3192.6697334060445,3192.6697334060445,0.0,0.004993478501892394,-0.3160596618932314,5HK5714c...,887174.362903773,0.0,,,False,2869647,1.0,201,5GKbzKzG...,0.179995422293431,1.519982719289718,1.2463927878524474,0.25153748721939906,,COUNTER,813276.931594153,0.0,0.0,DIVERGENT,-1.0,2.4635423846450437,1295.967040512703,62278.058957723,0.017659993893339,20139.816171443,0.005710984519316773,42138.242786279996,FORTRESS,True,True,0.05710984519317016,,,20770.312956666003,0.005889772515653762,30.0
44,32,74,50,13,Data Universe,2026-09-14,9067520,0.005550264,0.00556502491235733,-0.0026524431767687403,IN BAND,False,True,9.881e-06,19905.232982939,2455695.645292277,1.0,3586357.446983973,970043.588854315,-0.0029832593986156373,7913.623639802448,ACCUMULATING_PRE_EMA,0.0,,,,0.0013045447909229115,-1.7030838243388575,-0.032271391984019675,-1.6829662356602277,-0.012153803305389826,0.02011758867862985,1.0701651912923498,-0.018813043887706937,1,0.3198817266094797,MINER_BURN_ONLY,2312.518907303107,2307.2486852843385,0.001785305561913475,0.008105741043723632,0.4604244129150671,5HBswBt1...,26601.109179289,,,,False,1907637,0.7134733559570761,3,5HEU7ksV...,0.179995422293431,0.6389335577191037,0.5239284421800093,0.027620093999877922,,COUNTER,662435.547125193,0.0,0.0,DIVERGENT,-1.0,1.7803297562039526,1295.967040512703,93697.039216446,0.038154988545127375,93697.039216446,0.038154988545127375,0.0,FORTRESS,True,True,0.3815498854512737,,,10160.720873410997,0.0041376140780677514,30.0
45,31,45,51,48,Quantum Compute,2026-09-14,9067520,0.004028232,0.004041618434712291,-0.00331214708378181,IN BAND,False,False,0.000355212,10490.695427838,3226421.128329921,1.0,2604292.770452755,691318.51947443,-0.0027008449742481964,7803.744599048048,ACCUMULATING_PRE_EMA,0.0,,,,0.08898334170705992,-1.9077395693788268,-0.04029778951934535,-1.8837728890706047,-0.016331109211123303,0.02396668030822205,0.8145247924781353,0.06501666139883787,1,0.0,,0.0,0.0,6.103608758678547e-05,0.0032514960107728574,-0.19282305220432744,5GNH5YMk...,14511.081682804,,,,False,3856677,0.9899284308190017,10,5F7SXJdP...,,16.00920453709209,16.00920453709209,0.0,,COUNTER,695492.461656953,0.0,0.0,OK,0.0,0.0,1295.967040512703,101862.559282014,0.031571377458323516,101862.559282014,0.031571377458323516,0.0,DORMITORY,True,True,0.3157137745832352,,,9188.007594652996,0.002847739718159156,30.0
46,100,100,52,39,deprecated,2026-09-14,9067520,0.007761223,0.007773346500471234,-0.0015596243484706515,IN BAND,False,True,0.0,18597.04869033,3651190.106442779,1.0,2396149.254954576,1101543.837009549,-0.008167090216750057,2450.580184286926,ACCUMULATING_PRE_EMA,0.0,,,,,0.6335365275669044,-0.01897542957305959,0.6335365275669044,-0.01897542957305959,,0.7197653157973646,0.5330284942692842,1,0.451002516731096,MINER_BURN_ONLY,3247.218120463891,3247.218120463891,0.0,0.005093421089609718,-0.3437347323212182,5DkwfxC9...,568251.470296763,,,,False,3280104,1.0,136,5GP7c3fF...,0.0009918364232852674,2.2711500965359694,2.2688974871474774,0.19778425478018036,,COUNTER,1551300.937888559,0.0,0.0,DIVERGENT,-1.0,2.5056332599162747,1295.967040512703,472362.174097294,0.12937211164759077,470787.229688315,0.12894076067350704,1574.9444089789758,FORTRESS,True,True,1.2894076067350726,0,,9203.655402105,0.0025207275254894314,30.0
47,101,101,53,95,Actual,2026-09-14,9067520,0.03951266,0.03958983183838427,-0.0019492843187439545,IN BAND,False,True,0.0,26408.29932119,2940349.28823726,1.0,668350.318118908,580452.962027158,-0.0011390409750780188,1811.012484479812,ACCUMULATING_PRE_EMA,0.0,,,,,-6.658013638280401,-0.02371629254471811,-6.658013638280401,-0.02371629254471811,,0.893771366045932,0.741844755292426,1,0.45100251673083724,MINER_BURN_ONLY,3247.2181204620283,3247.2181204620283,0.0,0.00898134770138883,-0.7726969608882613,5D5UhUuc...,468425.061184863,,,,False,5403674,1.0,0,5ExqqyEB...,0.179995422293431,2.30023135389755,1.88620023998017,0.0,,COUNTER,1073382.873113662,14658.86980412,0.0,DIVERGENT,-1.0,2.505633259914837,1295.967040512703,9024.997700073,0.003069362451657397,9024.997700073,0.003069362451657397,0.0,EXPOSED,True,True,0.030693624516573974,,UNDEFENDED_BURNER,17358.442386082,0.005903530732054078,30.0
48,102,102,54,25,UR,2026-09-14,9067520,0.00991561,0.009935497539117932,-0.002001665144561837,IN BAND,False,True,0.0,16098.614896767,4333545.885542429,1.0,1623562.628072219,717450.654991969,-0.00189072698649151,5108.780715111876,ACCUMULATING_PRE_EMA,0.0,,,,,8.044317742125356,-0.024353592592169016,8.044317742125356,-0.024353592592169016,,0.6064317926729542,0.22471382403363985,1,0.4510025167295761,MINER_BURN_ONLY,3247.218120452948,3247.218120452948,0.0,0.003714882759283842,-0.6253500531703202,5HTeZ516...,738530.919321095,,,,False,2998801,1.0,1,5CyQFykV...,0.179995422293431,1.7110374625003268,1.4030585518777,0.17279899888595537,,COUNTER,970255.603293092,0.0,0.0,DIVERGENT,-1.0,2.505633259907831,1295.967040512703,1161460.453826989,0.26801618916782494,1161460.453826989,0.26801618916782494,0.0,FORTRESS,True,True,2.6801618916782504,0,,8662.391288117002,0.0019989153263650587,30.0
49,103,103,55,30,Endure Network,2026-09-14,9067520,0.003587674,0.003595012705773115,-0.00204135739529662,IN BAND,False,True,0.0,8734.419571884,3491748.553807256,1.0,2434563.006356137,414237.254687976,-0.0016359655505931488,29302.622885458637,ACCUMULATING_PRE_EMA,0.0,,,,,-3.1588156786368087,-0.024836514976108875,-3.1588156786368087,-0.024836514976108875,,0.7526315138398323,-2.2365564711788197,1,0.45100251673096664,MINER_BURN_ONLY,3247.2181204629596,3247.2181204629596,0.0,0.0025014457476785824,-0.30276670966242125,5HTogQKF...,518.404308577,,,ENTRY_PRE_EMA_PATTERN,False,3250216,1.0,78,5G9hfkx9...,0.009994659342336155,0.33941200445607644,0.3360196970948385,0.012055547077674348,,COUNTER,807798.24395442,18187.150616168,0.0,DIVERGENT,-1.0,2.505633259915556,1295.967040512703,4962.596266974,0.0014212352895694605,4962.596266974,0.0014212352895694605,0.0,EXPOSED,True,True,0.014212352895694603,,UNDEFENDED_BURNER,9013.610510080998,0.002581403091082528,30.0
50,33,58,56,32,ItsAI,2026-09-14,9067520,0.002901188,0.0029086414724588394,-0.002562527052376351,IN BAND,False,False,0.000103114,7088.020304111,3572945.527443871,1.0,2443144.080813459,305516.926693533,-0.0011755096356559623,7225.26536462456,ACCUMULATING_PRE_EMA,0.0,,,,0.03823120989690612,-2.6466877508325424,-0.031177412470578935,-2.6404410411551598,-0.024930702793196275,0.00624670967738266,0.7355275863609663,0.03198450021952346,1,0.0,,0.0,0.0,0.0018005645838101714,0.0019838030693912806,-0.3162100941437505,5DWgkCSv...,65145.20764254,,,,False,2515294,0.2712444777351454,149,5DhhkTpH...,,5.352210322545061,5.352210322545061,0.0,,COUNTER,17419.272873098,0.0,0.0,OK,0.0,0.0,1295.967040512703,634410.218859858,0.17755944331838802,634410.218859858,0.17755944331838802,0.0,DORMITORY,True,True,1.77559443318388,0,,11521.700617182001,0.0032247064861984525,30.0
51,34,37,57,77,Liquidity,2026-09-14,9067520,0.005478509,0.00549291935749352,-0.0026234423911322556,IN BAND,False,False,0.000806109,12033.328510042,3335187.466351924,1.0,2196460.38064937,409585.704464342,-0.006935415302332664,7359.337962768972,ACCUMULATING_PRE_EMA,0.0,,,,0.17604891699184616,-1.4528310347744504,-0.03191854909210911,-1.4477192451373753,-0.026806759455033878,0.005111789637075231,0.7879617042560262,0.17093712735477093,1,0.0,,0.0,0.0,9.15541313801782e-05,0.003607991644081173,-0.3414281798056419,5GxxsUeY...,2769272.157942757,,,,False,5128460,0.17421294388743924,148,5C8dR6A6...,0.179995422293431,1.7878058549804197,1.4660089851345506,0.0,,COUNTER,140886.89655137,14115.257752168,0.0,OK,0.0,0.0,1295.967040512703,369577.913917543,0.11081173626554572,369577.913917543,0.11081173626554572,0.0,DORMITORY,True,True,1.1081173626554572,0,,13161.765552147004,0.003946334556882805,30.0
52,104,104,58,42,Unknown,2026-09-14,9067520,0.002452151,0.002457723021507263,-0.0022671478675599195,IN BAND,False,True,0.0,7321.869603299,2677241.620809707,1.0,2985895.642945476,367992.357813049,-0.0007519273179352004,20114.37267990131,ACCUMULATING_PRE_EMA,0.0,,,,,-0.7845070388591266,-0.027583632388645685,-0.7845070388591266,-0.027583632388645685,,0.9816073303108092,-1.6753353636636297,1,0.4510025167504177,MINER_BURN_ONLY,3247.2181206030073,3247.2181206030073,0.0,0.0027348557359886585,0.11528846958798965,5EC5HHfL...,106195.239559865,,,ENTRY_REPEATED,False,3613591,1.0,11,5Gbdb5s2...,0.179995422293431,10.146274138209305,8.319991239997403,0.0,,COUNTER,528206.701657204,0.0,0.0,DIVERGENT,-1.0,2.50563326002362,1295.967040512703,5444.016612431,0.002033442394633215,5444.016612431,0.002033442394633215,0.0,EXPOSED,True,True,0.02033442394633215,,UNDEFENDED_BURNER,9463.746979806,0.0035348871413943494,30.0
53,105,105,59,126,Poker44,2026-09-14,9067520,0.004083373,0.004093904979526997,-0.002572599896593857,IN BAND,False,True,0.0,2371.625543085,1296717.759589996,1.0,580800.721336968,64120.56977357,-0.0001583244541660852,885.1442123814486,ACCUMULATING_PRE_EMA,0.0,,,,,-1.7060964092883288,-0.03129996540855859,-1.7060964092883288,-0.03129996540855859,,2.026655361634699,1.9497028547936295,1,0.43050240233804893,MINER_BURN_ONLY,3099.6172968339524,3099.6172968339524,0.0,0.001828945061903737,-0.5520994379147492,5DqrUa2z...,548688.181068979,,,,False,7525773,1.0,144,5E71dFFn...,,0.7493215934765978,0.7493215934765978,0.014725854938883887,,COUNTER,427981.733698483,5493.154491675,0.0,DIVERGENT,-1.0,2.3917408390322175,1295.967040512703,171439.094523612,0.13221003048328625,1096.553699538,0.0008456379126670672,170342.540824074,EXPOSED,False,False,1.137968401208546,0,,26263.700193073008,0.02025398356646031,30.0
54,106,106,60,20,Witness,2026-09-14,9067520,0.002581662,0.0025900001637637615,-0.0032193680449982653,IN BAND,False,True,0.0,6799.291335152,3268442.603677772,1.0,2633687.352827199,287368.333819288,-0.0009316292818717833,6671.488527989481,ACCUMULATING_PRE_EMA,0.0,,,,,-3.6494297237762114,-0.03916897788081223,-3.6494297237762114,-0.03916897788081223,,0.8040526693180653,0.12330544783579384,1,0.45100251672530756,MINER_BURN_ONLY,3247.2181204222143,3247.2181204222143,0.0,0.0020802847593227388,-0.1942071582868948,5CFVA7aP...,1280516.289005528,,,,False,1970929,1.0,240,5ED4s3B3...,0.179995422293431,1.2692794866696802,1.0408149894581817,0.5084769040606736,,COUNTER,1399598.555103358,0.0,0.0,DIVERGENT,-1.0,2.505633259884116,1295.967040512703,573565.602108964,0.1754859031220456,567523.797166118,0.17363737595621823,6041.804942845949,FORTRESS,True,True,1.7363737595621822,0,,9391.027645130003,0.0028732423309385554,30.0
55,107,107,61,108,Prometheon,2026-09-14,9067520,0.002348936,0.002357890596613288,-0.003797715053510063,IN BAND,False,True,0.0,1708.625264785,1675382.143799334,1.0,727403.90759127,58085.004285641,0.0005111478403079943,2192.3139207676286,,0.0,,,0.21760824488534142,,-4.384830828533558,-0.0462055331510391,-4.384830828533558,-0.0462055331510391,,1.568597355371339,1.2202557553483566,1,0.451002516730142,MINER_BURN_ONLY,3247.2181204570225,3247.2181204570225,0.0,0.0010198421125047204,-0.5658280547002045,5GpmtjiG...,1402527.676273738,,,,False,7105263,1.0,0,5CAxp9fh...,0.179995422293431,1.2870567767449057,1.0553924486990842,0.6753494475981201,,COUNTER,488847.362237703,0.238163524,0.0,DIVERGENT,-1.0,2.5056332599109745,1295.967040512703,472594.365077558,0.2820815339513145,472594.365077558,0.2820815339513145,0.0,FORTRESS,False,True,2.8208153395131497,0,,19820.386232838002,0.011830367361974197,30.0
56,108,108,62,73,Parked,2026-09-14,9067520,0.003239855,0.0032573190983384848,-0.005361494471755362,IN BAND,False,True,0.0,6996.111738053,3506568.846637808,1.0,2159390.062867985,580413.183527516,-0.0012004820451322843,11483.64502546331,ACCUMULATING_PRE_EMA,0.0,,,,,-3.1138875029571746,-0.06523151607302356,-3.1138875029571746,-0.06523151607302356,,0.7494505640520354,-0.38562879503105935,1,0.4510025167295761,MINER_BURN_ONLY,3247.218120452948,3247.218120452948,0.0,0.001995144554130474,-0.3841870842582541,5GHtVze5...,1476612.475029858,,,,False,5160047,1.0,0,5Dnkprjf...,0.179995422293431,1.1009986944622192,0.9028239695079758,0.5088739336782188,,COUNTER,1566518.213484288,0.0,0.0,DIVERGENT,-1.0,2.505633259907831,1295.967040512703,996676.904392834,0.28423138058403574,928625.734357096,0.2648246120270781,68051.17003573803,FORTRESS,True,True,2.6482461202707808,0,,9564.457501803996,0.0027275829792917524,30.0
57,35,78,63,74,Gittensor,2026-09-14,9067520,0.003376696,0.0033934451639652252,-0.004935740274539662,IN BAND,False,True,3.409e-06,6095.274949304,3403751.796256762,1.0,1805100.135734087,353092.403751084,-0.0012658894502273344,5507.089919124031,ACCUMULATING_PRE_EMA,0.0,,,,0.0014698027692783544,-2.716720820462587,-0.06005150667356588,-2.7312859771525466,-0.07461666336352565,-0.014565156689959767,0.7720891995973719,0.01603495945923812,1,0.0,,0.0,0.0,7.629510948359286e-05,0.0017907518862001661,-0.4696733474970308,5D1VXeeS...,216.588029224,,,,False,5086205,0.7826339081336792,195,5E2LP6En...,0.0,0.2993436463576637,0.2993436463576637,0.07730810315885854,,COUNTER,531791.422968235,156608.726227115,2081.33673653999,DIVERGENT,-0.2548779586428129,0.0,1295.967040512703,378229.609193408,0.11112138364770362,378229.609193408,0.11112138364770362,0.0,DORMITORY,True,True,1.1112138364770363,0,,14945.260329379997,0.00439081966723187,30.0
58,109,109,64,87,Provenonce,2026-09-14,9067520,0.004070293,0.004101234721019864,-0.0075444891903601475,IN BAND,False,True,0.0,1669.936713039,1770743.131479632,1.0,410274.242073695,100891.400615647,-0.0004810604927689679,2283.040458236763,ACCUMULATING_PRE_EMA,0.0,,,,,4.2724221159316125,-0.09179128514938178,4.2724221159316125,-0.09179128514938178,,1.4841226563471375,1.1355818480270816,1,0.45100251672778136,MINER_BURN_ONLY,3247.218120440026,3247.218120440026,0.0,0.0009430711227119665,-0.7683038732808752,5HartH15...,4229.191652381,,,,False,7208725,1.0,1,5E2LP6En...,0.0,0.628404690790906,0.628404690790906,0.41204925912926704,,COUNTER,744967.046861087,811.040088965,0.0,DIVERGENT,-1.0,2.5056332598978597,1295.967040512703,167899.143589759,0.09481846384430845,167899.143589759,0.09481846384430845,0.0,FORTRESS,False,True,0.948184638443087,,,23833.526721935003,0.013459618336635715,30.0
59,110,110,65,122,CookingTAO,2026-09-14,9067520,0.004454999,0.004489907994866371,-0.00777499113707559,IN BAND,False,True,0.0,1407.790306128,727321.677204416,1.0,316002.36547872,46945.495220001,0.0003625880589275153,274.1062545517925,,0.0,,,0.08138903261875374,,-1.4933369191298504,-0.09459572550108634,-1.4933369191298504,-0.09459572550108634,,3.6132568055735157,3.8032282168007883,1,0.43050240233111253,MINER_BURN_ONLY,3099.6172967840103,3099.6172967840103,0.0,0.0019355813943825798,-0.5655259643419493,5F3uH1G4...,409981.258303747,,,,True,8238082,1.0,0,5CfPqfaz...,0.179995422293431,3.4428319918252215,2.8231379935713066,0.31000122077763537,,COUNTER,344029.178813996,4689.8056909,0.0,DIVERGENT,-1.0,2.391740838993681,1295.967040512703,121267.075625738,0.1667310069622131,121267.075625738,0.1667310069622131,0.0,FORTRESS,False,True,1.6673100696221328,0,,38489.87918561502,0.0529200220369581,30.0
60,111,111,66,72,StreetVision by NATIX,2026-09-14,9067520,0.002272086,0.0022941490169614553,-0.009617081017116008,IN BAND,False,True,0.0,6392.738805318,2562192.020669257,1.0,2813598.142150099,239136.074284415,-0.000693472829379333,28714.984666556586,ACCUMULATING_PRE_EMA,0.0,,,,,-2.6044403684345965,-0.11700781904157809,-2.6044403684345965,-0.11700781904157809,,1.0256842495799958,-2.9587466426794813,1,0.45100251673027947,MINER_BURN_ONLY,3247.218120458012,3247.218120458012,0.0,0.0024950272086352787,0.09812181785164764,5FjP8fFb...,0.052296035,,,,False,5064327,1.0,41,5GP7c3fF...,0.0009918364232852674,0.3896500178164561,0.38926354873645197,0.3442392797192126,,COUNTER,480837.869550705,0.0,0.0,DIVERGENT,-1.0,2.5056332599117384,1295.967040512703,396355.483041263,0.15469390265985336,390367.172409342,0.15235672005073853,5988.310631920991,FORTRESS,True,True,1.5235672005073886,0,,9362.755649188002,0.00365419748936007,30.0
61,112,112,67,49,Nepher Robotics,2026-09-14,9067520,0.006921934,0.006991597590968013,-0.009963901677923569,IN BAND,False,True,0.0,3927.298164071,2250370.088904171,1.0,567370.125115337,152697.111204142,-3.683535129229573e-05,3560.390633905423,ACCUMULATING_PRE_EMA,0.0,,,,,-6.266730674593019,-0.12122747041473675,-6.266730674593019,-0.12122747041473675,,1.1678079143327567,0.6848788087566919,1,0.44680048752521756,MINER_BURN_ONLY,3217.0085708990227,3216.9635262663837,1.5259021896696368e-05,0.0017451787967833407,-0.747876995535736,5FL781vf...,1727005.273200562,,,,False,6783158,0.9900051881466109,0,5DLYBBCd...,0.179995422293431,1.0981227917560958,0.9004657161239159,0.7701358156569511,,COUNTER,786270.247377986,837.682351088,0.0,DIVERGENT,-1.0,2.482288071920183,1295.967040512703,462097.602286592,0.20534293650855126,462097.602286592,0.20534293650855126,0.0,FORTRESS,False,True,2.0534293650855124,0,,19370.903445441003,0.00860787456292301,30.0
62,113,113,68,127,Astrid,2026-09-14,9067520,0.002607262,0.0026349907275289297,-0.010523273284886855,IN BAND,False,True,0.0,3211.106800585,2954284.93926065,1.0,1231600.843575366,600274.085608863,-0.0011311304522673383,12289.76824767515,ACCUMULATING_PRE_EMA,0.0,,,,,-0.5150578223917045,-0.12803315829945672,-0.5150578223917045,-0.12803315829945672,,0.8895553590906139,-0.5569415415574882,1,0.4305024023354377,MINER_BURN_ONLY,3099.6172968151513,3099.6172968151513,0.0,0.0010869319874705868,-0.5831136312842412,5FU4uxAd...,1513583.638113923,,,,False,5848837,1.0,0,5EKrpcqV...,0.179995422293431,1.1203477940092972,0.9186903197110798,0.5738287807111246,,COUNTER,1248386.191841535,203.185912805,0.0,DIVERGENT,-1.0,2.3917408390177104,1295.967040512703,5535.674552263,0.0018737781446526204,5535.674552263,0.0018737781446526204,0.0,EXPOSED,True,True,0.018737781446526203,,UNDEFENDED_BURNER,13037.006593489004,0.004412914414664312,30.0
63,114,114,69,119,CapabilityForge Next,2026-09-14,9067520,0.002543827,0.0025727874599397182,-0.0112564525405441,IN BAND,False,True,0.0,3257.046961855,1612037.978673536,1.0,1280372.789399321,72669.843340848,-0.0008647727937628405,22822.667232545093,ACCUMULATING_PRE_EMA,0.0,,,,,-2.1061874418257776,-0.1369535059099532,-2.1061874418257776,-0.1369535059099532,,1.6302345445747173,-3.3756877248118258,1,0.45100251693763616,MINER_BURN_ONLY,3247.2181219509803,3247.2181219509803,0.0,0.002020452994869921,-0.20574276675657532,5GbLENPL...,91665.520104274,,,ENTRY_REPEATED,False,5740660,1.0,0,5HMwvi1d...,0.179995422293431,12.394391486169361,10.163457756546201,0.054432253437304484,,COUNTER,874102.030195433,0.0,0.0,DIVERGENT,-1.0,2.5056332610637493,1295.967040512703,20722.542632217,0.012854872469734567,20722.542632217,0.012854872469734567,0.0,FORTRESS,True,True,0.12854872469734568,,,17943.407283500997,0.011130883714207349,30.0
64,115,115,70,31,rec4ll,2026-09-14,9067520,0.004189805,0.004238533787429333,-0.01149661412959672,IN BAND,False,True,0.0,1845.356256401,1797072.515364089,1.0,440439.611428715,53653.827611887,-3.4653599990985635e-05,4610.4579470931785,ACCUMULATING_PRE_EMA,0.0,,,,,-1.94603795119829,-0.13987547191009342,-1.94603795119829,-0.13987547191009342,,1.4623783834719457,0.6438846470988966,1,0.45100251673513814,MINER_BURN_ONLY,3247.218120492995,3247.218120492995,0.0,0.0010268679981604019,-0.7549126992400835,5H3mfhC8...,901571.043531228,,,ENTRY_REPEATED,False,7173591,1.0,0,5CDZ527X...,0.179995422293431,1.7409258495926112,1.4275671661136389,0.4567430219604133,,COUNTER,758410.374956315,729.248648798,0.0,DIVERGENT,-1.0,2.505633259938732,1295.967040512703,423570.437427184,0.23570024793427333,423570.437427184,0.23570024793427333,0.0,FORTRESS,False,True,2.357002479342733,0,,20955.657294227003,0.011660997046622441,30.0
65,116,116,71,52,Dojo,2026-09-14,9067520,0.006190377,0.006263300310820341,-0.011642952948361747,IN BAND,False,True,0.0,17725.345228365,3084204.663425215,1.0,2863370.5938362,766138.089752118,-0.001055169699966047,18337.964986650273,ACCUMULATING_PRE_EMA,0.0,,,,,-1.4251464211169265,-0.14165592753840126,-1.4251464211169265,-0.14165592753840126,,0.8520835310200947,-1.2458244446232478,1,0.4510025167262453,MINER_BURN_ONLY,3247.2181204289664,3247.2181204289664,0.0,0.005747136510934336,-0.07160153397210928,5Fv1ZvNP...,26776.385976306,,,ENTRY_PRE_EMA_PATTERN,False,3989825,1.0,140,5G9hfkx9...,0.009994659342336155,0.5837868778881882,0.5779521269151697,0.017198229818403785,,COUNTER,1174726.205326403,0.0,0.0,DIVERGENT,-1.0,2.505633259889326,1295.967040512703,167638.354572778,0.05435383603454007,167638.354572778,0.05435383603454007,0.0,FORTRESS,True,True,0.5435383603454008,,,8702.555150405999,0.002821652938148803,30.0
66,117,117,72,24,Quasar,2026-09-14,9067520,0.005118329,0.00517966179177165,-0.01184108040974476,IN BAND,False,True,0.0,9798.60313071,4004029.985274696,1.0,1914414.247827043,1585764.721966275,-0.003987432863262727,-27765.172423949,,0.0,,,,,11.866339679649432,-0.14406647831856123,11.866339679649432,-0.14406647831856123,,0.6563387411345039,3.2685240155779964,1,0.45100251673166186,MINER_BURN_ONLY,3247.2181204679655,3247.2181204679655,0.0,0.002447185252544448,-0.5218780870584036,5ELutYW7...,318879.101956213,0.027175543858398116,,,False,2538424,1.0,155,5ELpkVn8...,0.179995422293431,3.3789797013313065,2.7707788230692465,0.0,,COUNTER,679175.525561026,0.0,0.0,DIVERGENT,-1.0,2.5056332599194184,1295.967040512703,700000.000065042,0.1748238656152368,0.0,0.0,700000.000065042,EXPOSED,True,False,0.9297987634972326,27946,TAKEOVER_IMMINENT,8775.058219851004,0.002191556569786525,30.0
67,40,16,73,38,ChronoLLM,2026-09-14,9067520,0.010367726,0.010323364986106753,0.0042971467106848096,IN BAND,False,False,0.003101035,5641.057951125,1692243.837845904,1.0,544098.029034069,198713.854282968,-0.0014355570088288021,2455.0473959887167,ACCUMULATING_PRE_EMA,0.0,,,,1.444679358129043,21.41596772836943,0.05228195164666518,21.202961114283156,-0.16072466243961067,-0.21300661408627586,1.5529676877684728,1.6576859722153188,1,0.0,,0.0,0.0,6.103608758678547e-05,0.0033334782050709853,-0.6784754723387766,5GeWgtBA...,1594934.227766294,1.2467419326620992,BUYBACK_GAMING,,False,7284230,0.5203186278249988,10,5HbScNss...,0.0899977111467155,0.8265458405157886,0.7521586067115295,0.013428553988890925,,COUNTER,485297.062238848,10641.406258159,0.0,OK,0.0,0.0,1295.967040512703,29888.524985454,0.017662067556115192,29888.524985454,0.017662067556115192,0.0,DORMITORY,False,True,0.1766206755611577,,,21973.167225856,0.01298463420840471,30.0
68,37,3,7,64,Chutes,2026-09-14,9067520,0.069349959,0.06947252666577697,-0.0017642609483115817,IN BAND,False,False,0.00926019,200261.967341585,3305125.953217396,1.0,2887701.318628937,5005906.929187216,0.006078987608972017,6416.605491690803,,0.0,,0.08765668641522942,0.08765668641522942,0.12151972560266865,-2.9794275298125403,-0.021465174871124242,-3.1229302099786262,-0.16496785503720998,-0.14350268016608575,0.7951285479579853,0.2650224057687544,1,0.0,,0.0,0.0,0.00012207217517357094,0.06059132698003194,-0.1262961384010056,5FRYKhbm...,691718.817345545,,,,False,4531295,0.34095868878477575,194,5FEm1mew...,,10.166883477662147,10.166883477662147,0.0,,COUNTER,274207.517615115,0.0,0.0,OK,0.0,0.0,1295.967040512703,767599.226027535,0.23224507534434827,767598.789930774,0.23224494339876822,0.4360967610264197,DORMITORY,True,True,2.322449433987682,0,,14024.903725171,0.004243379503137654,30.0
69,36,51,74,88,Investing,2026-09-14,9067520,0.003413137,0.0034254842903465033,-0.003604538599490748,IN BAND,False,False,0.000192406,6536.849121199,3322511.5955883,1.0,1915202.558167792,718559.030707657,-0.0006446650318909965,6199.644018983003,ACCUMULATING_PRE_EMA,0.0,,,,0.07735270596351994,2.31546268840445,-0.04385521962713743,2.1830162739838768,-0.17630163404771057,-0.13244641442057314,0.7909678941345195,0.20979912038409307,1,0.0,,0.0,0.0,0.0005340657663843729,0.001967442079022016,-0.4235677973014221,5FhMsGJS...,3104937.182029043,,,,False,5299805,0.39859541984732827,252,5FWKTXUk...,0.179995422293431,17.67759518935041,14.495708978110958,0.0,,COUNTER,175269.313011837,0.0,0.0,OK,0.0,0.0,1295.967040512703,1171277.149205693,0.3525276332401486,1171277.149205693,0.3525276332401486,0.0,DORMITORY,True,True,3.525276332401488,0,,10214.373451519998,0.0030742927925617642,30.0
70,118,118,75,120,Affine,2026-09-14,9067520,0.049195707,0.05003662663511932,-0.016806081697943693,IN BAND,False,True,0.0,78294.869696644,2640363.084896534,1.0,1591498.061198779,1494355.888002764,-0.0050901304439632976,13667.140376553405,ACCUMULATING_PRE_EMA,0.0,,,,,-3.0733741953633023,-0.20447399399164826,-3.0733741953633023,-0.20447399399164826,,0.9953176572694665,-0.6833245884777712,1,0.06150034319097257,MINER_BURN_ONLY,442.8024709750025,442.8024709750025,0.0,0.029653069361751088,-0.39724274392984965,5EfNFhH2...,3093061.25349301,,,,False,5749344,1.0,0,5HmYnmUY...,0.179995422293431,0.6935150515210925,0.5686855169557029,0.9908443074481559,,COUNTER,180998.211625753,0.0,0.0,DIVERGENT,-1.0,0.34167726271790333,1295.967040512703,56009.308961025,0.021212729901205915,56009.308961025,0.021212729901205915,0.0,FORTRESS,True,True,0.21212729901206037,,,20843.137221024997,0.007894042050599931,30.0
71,119,119,76,46,Instant,2026-09-14,9067520,0.004239324,0.004315888276323676,-0.017740096921344407,IN BAND,False,True,0.0,9267.220288405,3577264.807819543,1.0,2186013.325779314,1456763.871798388,-0.006844200137852545,10778.764255563263,ACCUMULATING_PRE_EMA,0.0,,,,,13.773331431699926,-0.21583784587635693,13.773331431699926,-0.21583784587635693,,0.7346394916740452,-0.3061930983559217,1,0.4510025168826461,MINER_BURN_ONLY,3247.2181215550518,3247.2181215550518,0.0,0.002590588280785863,-0.38891477018839254,5Ft9E2ov...,675330.687793975,,,,False,3919107,1.0,238,5CDnZ6oe...,0.179995422293431,1.9162528769976406,1.5713361311814482,0.20104988478735256,,COUNTER,1018018.879007573,28041.129768459,0.0,DIVERGENT,-1.0,2.505633260758241,1295.967040512703,167946.644578732,0.04694834003108113,167946.644578732,0.04694834003108113,0.0,FORTRESS,True,True,0.46948340031081226,,,9646.687862685007,0.0026966658553200513,30.0
72,27,72,77,99,Thirty Spokes,2026-09-14,9067520,0.002418335,0.00248997425660491,-0.028771083241073393,IN BAND,False,True,2.9802e-05,609.935124357,394915.053061921,1.0,252212.873697287,31776.196011435,,,,,,,,0.1284065351746473,-10.17647832106391,-0.3500481794330596,-10.048071785889261,-0.2216416442584123,0.1284065351746473,6.654595664622439,,,,,,,1.5259021896696368e-05,0.0015444717025293153,-0.3613491503330535,5DebFXsw...,1067044.078571356,,,,True,8572056,1.0,229,5E2LP6En...,0.0,0.9813717370459962,0.9813717370459962,0.013763847773674733,,,90578.978697737,0.012273672,,NO_ESTIMATE,,,,0.0,0.0,0.0,0.0,0.0,,False,,,,,51837.10331075999,0.13126140143012516,30.0
73,39,27,4,83,CliqueAI,2026-09-14,9067520,0.00896765,0.008987673092633486,-0.0022278394448833018,IN BAND,False,False,0.001822831,8291.448338187,2816106.409505362,1.0,924595.352885224,152875.258894025,0.000950791968390149,3384.7993161042687,,0.0,,0.10602465176385663,0.10602465176385663,0.5777518803243806,-2.4001620699015978,-0.027105379912746835,-2.596837055003618,-0.22378036501476692,-0.19667498510202008,0.9332033729725425,0.7744268654264007,1,0.0,,0.0,0.0,0.0018158236057068677,0.002944295112642196,-0.6716759560595925,5DqEjRLy...,1109364.690623228,,,,False,5231190,0.0,180,5G9hfkx9...,0.009994659342336155,0.4049887036050331,0.40094097947500645,0.26506134407617654,,COUNTER,345172.824104195,26063.92679357,0.0,OK,0.0,0.0,1295.967040512703,8057.340853611,0.002861163493827721,8057.340853611,0.002861163493827721,0.0,NEITHER,True,True,0.02861163493827721,,,15692.493242749002,0.005572407771872984,30.0
74,38,66,78,7,Allways,2026-09-14,9067520,0.00304658,0.0030549787916243076,-0.00274921437992764,IN BAND,False,True,6.9661e-05,6210.859598897,3222879.300385601,1.0,2038632.805092965,326432.703151695,-0.001063203871299582,5197.908216412412,ACCUMULATING_PRE_EMA,0.0,,,,0.029475647466336484,-0.9971184571672317,-0.033448774955786284,-1.1882521849814285,-0.2245825027699831,-0.19113372781419682,0.8154199258053423,0.22060937528053332,1,0.0,,0.0,0.0,3.0518043793392735e-05,0.0019271151724961908,-0.36744967389788197,5CAc19iE...,0.340323109,,,,False,2627691,0.1395937924404499,26,5DCaForB...,,0.2547786438570438,0.2547786438570438,0.006836772066902698,,COUNTER,36084.978602376,220965.21109546,649.610747070983,DIVERGENT,-0.6613274456736093,0.0,1295.967040512703,3211.260531444,0.0009963949103088624,3211.260531444,0.0009963949103088624,0.0,NEITHER,True,True,0.009963949103088622,,,10868.727660413997,0.0033723657163064126,30.0
75,120,120,79,94,pending...,2026-09-14,9067520,0.00396157,0.004040960455313325,-0.019646432127029816,IN BAND,False,True,0.0,2153.746345675,1867575.461519202,1.0,543659.68884647,115682.473171207,-7.290167659344193e-05,9456.415235466906,ACCUMULATING_PRE_EMA,0.0,,,,,6.983012731026583,-0.23903159087886275,6.983012731026583,-0.23903159087886275,,1.4071720549713271,-0.32832009802374246,1,0.45100251672847663,MINER_BURN_ONLY,3247.2181204450317,3247.2181204450317,0.0,0.0011532312295017032,-0.7088954052303245,5CnwnkkC...,757177.593165701,,,,False,6962737,1.0,0,5EeKtCKE...,0.179995422293431,1.954538274542193,1.602730332427297,0.37353497741423514,,COUNTER,777760.90454147,0.075116968,0.0,DIVERGENT,-1.0,2.5056332599017224,1295.967040512703,273.723032556,0.0001465659825779338,273.723032556,0.0001465659825779338,0.0,EXPOSED,False,True,0.001465659825779338,,,20454.58261616,0.010952479852953825,30.0
76,121,121,80,109,Finsight,2026-09-14,9067520,0.002535876,0.0025939354673027992,-0.022382772445441835,IN BAND,False,True,0.0,1317.099035933,1596353.874912365,1.0,519386.06229189,68459.283587393,-0.000708007104294364,10744.855181059975,ACCUMULATING_PRE_EMA,0.0,,,,,-5.089489851874085,-0.2723237314195423,-5.089489851874085,-0.2723237314195423,,1.6462515243647147,-0.6777636274644231,1,0.4510025167300127,MINER_BURN_ONLY,3247.218120456091,3247.218120456091,0.0,0.0008250670835783856,-0.6746421814085604,5FqZqKFx...,695929.083986755,,,ENTRY_PRE_EMA_PATTERN,False,7257480,1.0,0,5DyQkk4x...,0.179995422293431,2.152492311195762,1.7650535486587176,0.39029117323892076,,COUNTER,724483.977253432,1308.746301495,0.0,DIVERGENT,-1.0,2.505633259910256,1295.967040512703,202220.539841966,0.12667651140513395,202220.539841966,0.12667651140513395,0.0,FORTRESS,False,True,1.2667651140513447,0,,22289.829538589,0.013962962654388046,30.0
77,122,122,81,100,Cortex,2026-09-14,9067520,0.00462835,0.00473647634498775,-0.02282843555255418,IN BAND,False,True,0.0,2724.226833086,1950709.005204857,1.0,588595.677217543,390750.076587323,-0.001453934361040321,-4562.004073708318,,0.0,,,,,-9.976522004923234,-0.2777459658894092,-9.976522004923234,-0.2777459658894092,,1.3472024750939293,2.3230881732249795,1,0.45100251672972164,SKIN_IN_GAME,3247.2181204539957,3247.2181204539957,0.0,0.0013965316332765433,-0.698265767870506,5FX6kmhY...,1262782.528928395,1.230668018190204,BUYBACK_GAMING,,False,6693448,1.0,0,5ExuWpCM...,0.179995422293431,1.3961066441217513,1.1448138391463918,0.6362138159400607,,COUNTER,729596.472581405,1077.059572996,0.0,DIVERGENT,-1.0,2.505633259908639,1295.967040512703,348195.176661395,0.17849672900076077,348195.176661395,0.17849672900076077,0.0,FORTRESS,False,True,1.7849672900076115,0,,26055.858919732997,0.013357122384841144,30.0
78,123,123,82,115,MoirAI,2026-09-14,9067520,0.002487157,0.0025465490762144327,-0.02332257279829143,IN BAND,False,True,0.0,3467.536308936,1674868.641656239,1.0,1394176.318973778,159388.487184162,-0.0010310414951094963,38972.293728664285,ACCUMULATING_PRE_EMA,0.0,,,,,-6.110530545543629,-0.283757969045879,-6.110530545543629,-0.283757969045879,,1.5690782755364214,-6.67585761473043,1,0.45100251708472366,MINER_BURN_ONLY,3247.2181230100105,3247.2181230100105,0.0,0.0020703332922318214,-0.16759042865737003,5EkNnrTj...,89096.891739548,,,ENTRY_PRE_EMA_PATTERN,False,5683635,1.0,0,5EhTo9AX...,0.179995422293431,12.744882253420581,10.45086179013609,0.05387256772224342,,COUNTER,955058.717406963,0.0,0.0,DIVERGENT,-1.0,2.505633261880923,1295.967040512703,2942.008322496,0.0017565606336665993,2942.008322496,0.0017565606336665993,0.0,EXPOSED,True,True,0.017565606336665995,,UNDEFENDED_BURNER,18671.074291630997,0.011147784266333628,30.0
79,124,124,83,15,ORO,2026-09-14,9067520,0.031037107,0.03188854781910777,-0.02670052032277187,IN BAND,False,True,0.0,14863.956029901,1572556.389806745,1.0,478909.407875436,569520.486437468,-0.0009198017926109515,9833.422125762561,ACCUMULATING_PRE_EMA,0.0,,,,,-0.8531769354521407,-0.32485633059372443,-0.8531769354521407,-0.32485633059372443,,1.6711642374382267,-0.531081085277597,1,0.4507768601123583,MINER_BURN_ONLY,3245.59339280898,3245.59339280898,0.0,0.009452097315077944,-0.6954581715661211,5EHdase3...,216.588029224,,,ENTRY_REPEATED,False,7366897,1.0,134,5E2LP6En...,0.0,0.6269708384885269,0.6269708384885269,0.24421248607486762,,COUNTER,365133.025536988,2797.563389807,0.0,DIVERGENT,-1.0,2.5043795801511872,1295.967040512703,1010.651574802,0.0006426806576559084,1010.651574802,0.0006426806576559084,0.0,EXPOSED,False,True,0.0064268065765590845,,,26841.694789466004,0.01706882815996483,30.0
80,41,75,84,22,Desearch,2026-09-14,9067520,0.003177981,0.0031737126410007477,0.001344910356441806,IN BAND,False,True,8.404e-06,7736.54623684,3615570.097377082,1.0,2434421.404769174,269803.263487187,-0.0015173520545156394,4350.538979874924,ACCUMULATING_PRE_EMA,0.0,,,,0.0028547250056920655,0.4206261597754167,0.016363076003375304,0.07562342368452624,-0.3286396600875151,-0.34500273609089044,0.7268563267260354,0.3478574610965825,1,0.23215958312734375,MINER_BURN_ONLY,1679.0328009028453,1675.9697658833898,0.001037613488975464,0.002139785989062274,-0.3266838319479336,5DFuaMas...,1863907.8537314408,,,,False,2009702,0.5160004276963965,131,5E2LP6En...,0.0,0.3959542398369942,0.3959542398369942,0.1301846482527087,,COUNTER,1231856.161623149,0.0,0.0,DIVERGENT,-1.0,1.293219436522361,1295.967040512703,763677.586285475,0.21121913438754386,763677.586285475,0.21121913438754386,0.0,FORTRESS,True,True,2.112191343875439,0,,9232.898385741004,0.0025536493933388314,30.0
81,45,14,1,9,iota,2026-09-14,9067520,0.027029922,0.026996209984645247,0.0012487684520874759,IN BAND,False,False,0.003673729,55540.341889046,4012637.113358755,1.0,2054772.559212819,1101823.765985828,0.01301328860220348,2080.860789175611,,0.0,,0.48144010930566056,0.48144010930566056,0.17382967917783254,-3.706348004072976,0.015193349500397623,-4.147765873210021,-0.42622451963664787,-0.4414178691370455,0.6549308910220011,0.615247548314878,1,0.12630866766768598,MINER_BURN_ONLY,1033.0702123558149,1033.0251677231759,1.5259021896696368e-05,0.013841356773614715,-0.48792464981531525,5Fsbubec...,26695.457192028,,,,False,1489797,0.32000183111056857,209,5Fsbubec...,0.179995422293431,12.915887538673264,10.591086906855306,0.0,,COUNTER,1193205.85633244,46681.104420658,0.0,DIVERGENT,-1.0,0.7971075925777374,1295.967040512703,566487.003304132,0.14117573737684874,566487.003304132,0.14117573737684874,0.0,FORTRESS,True,True,1.4117573737684874,0,,14543.886237951001,0.003624520689780772,30.0
82,44,42,85,41,Almanac,2026-09-14,9067520,0.004664578,0.004666219232603908,-0.0003517264239193855,IN BAND,False,False,0.00059249,12088.96777833,3133015.946359034,1.0,2591652.643959532,1585266.773020709,-0.002647854639532984,3768.124449707102,ACCUMULATING_PRE_EMA,0.0,,,,0.1288003863151248,-0.3009989425919711,-0.004279338157685857,-0.7390535255592923,-0.4423339211250071,-0.43805458296732125,0.8388083702714864,0.566854969282446,1,0.0,,0.0,0.0,0.0007019150072480329,0.0038585720549488196,-0.17279289681749996,5FCSevLk...,51028.578411952,,,,False,3394182,0.0,239,5HisenFt...,,0.37156942950250127,0.37156942950250127,0.007233328246604609,,COUNTER,1013973.827095004,0.0,0.0,OK,0.0,0.0,1295.967040512703,271111.945633162,0.08653385436745982,271111.945633162,0.08653385436745982,0.0,DORMITORY,True,True,0.8653385436745984,,,9596.713203154006,0.003063091081392872,30.0
83,43,8,86,44,Score,2026-09-14,9067520,0.036332058,0.036366471787914634,-0.0009463053802780448,IN BAND,False,False,0.005019414,65989.233375641,4137254.087520329,1.0,1816281.210345228,2211579.23262227,-0.0010141890605900883,1646.2745500470046,ACCUMULATING_PRE_EMA,0.0,,,,0.19989654853104083,-4.204063949271553,-0.011513382126716211,-4.638604230436903,-0.4460536632920665,-0.4345402811653503,0.6352039165124366,0.6344368296963911,1,0.0,,0.0,0.0,0.0,0.01595000741547198,-0.5609935606875895,5CaCekux...,275379.126627285,1.2458943730390066,BUYBACK_GAMING,,False,3550319,1.0,219,5FhFQpKA...,,10.109864361586343,10.109864361586343,0.0,,COUNTER,507145.080105123,2206.282255223,0.0,OK,0.0,0.0,1295.967040512703,245862.449528441,0.05942648054178348,245862.449528441,0.05942648054178348,0.0,DORMITORY,True,True,0.5942648054178349,,,20287.445190371996,0.00490360146155087,30.0
84,42,59,87,128,ByteLeap,2026-09-14,9067520,0.002865821,0.0028768079355359077,-0.003819141139104537,IN BAND,False,True,9.883e-05,4073.102642933,2904206.263198089,1.0,1421268.726908597,91221.196124511,-0.00022424396803000932,4277.7716262396425,ACCUMULATING_PRE_EMA,0.0,,,,0.06376594521884538,-0.40225146459312017,-0.046466217192438534,-0.8080014813267806,-0.45221623392609894,-0.4057500167336604,0.9048944055048168,0.4695159619525058,1,0.0,,0.0,0.0,9.15541313801782e-05,0.001402483940120607,-0.5106170482662361,5GgMeLFN...,896209.137757419,,,ENTRY_PRE_EMA_PATTERN,False,5856038,1.0,96,5HQTcjYx...,,6.183269622003613,6.183269622003613,0.0,,COUNTER,186014.794503201,289.843039317,0.0,OK,0.0,0.0,1295.967040512703,3774.579274974,0.001299693937997869,3774.573941721,0.001299692101608675,0.0053332529996623634,NEITHER,True,True,0.012996921016086748,,,12799.536708820999,0.004407240928792106,30.0
85,125,125,88,121,sundae_bar,2026-09-14,9067520,0.0040549,0.004212810890749097,-0.03748349851066254,IN BAND,False,True,0.0,5920.16784664,2892579.99379885,1.0,1460003.422277388,552086.3867684,-0.0014768339828714987,34491.605261520715,ACCUMULATING_PRE_EMA,0.0,,,,,-4.146818010239755,-0.4560492318797275,-4.146818010239755,-0.4560492318797275,,0.908531485951621,-3.3404138867596993,1,0.451002516728606,MINER_BURN_ONLY,3247.218120445963,3247.218120445963,0.0,0.002046673854943245,-0.49525910504741305,5CXGaDJs...,1869859.374808708,,,ENTRY_REPEATED,False,5766528,1.0,0,5EL9y2gd...,0.179995422293431,1.000396394876683,0.8203296233200285,0.7360983946774096,,COUNTER,1310122.570461707,0.0,0.0,DIVERGENT,-1.0,2.505633259902441,1295.967040512703,202885.709556554,0.07014005143902778,202885.709556554,0.07014005143902778,0.0,FORTRESS,True,True,0.7014005143902778,,,12431.845596802,0.0042978398604199535,30.0
86,46,4,89,97,Albedo,2026-09-14,9067520,0.022845631,0.023056722478941083,-0.009155311607444738,IN BAND,False,False,0.008186247,12839.662257083,1146969.116298167,1.0,562018.527290735,522405.778328778,-0.0002017478056674679,3549.655749878846,ACCUMULATING_PRE_EMA,0.0,,,,1.6755469641837426,-3.946305648958336,-0.11138962455724431,-4.413114312907294,-0.578198288506202,-0.4668086639489577,2.2912561137494682,2.1423556281327003,1,0.0,,0.0,0.0,7.629510948348184e-05,0.011194427186080564,-0.5099970236724666,5GnW8owm...,1375602.368469561,0.8005039157666614,BUYBACK_GAMING,,False,7735450,0.19999999999999996,28,5E2LP6En...,0.0,0.6257156456953544,0.6257156456953544,0.184621723075045,,COUNTER,70872.776437572,4583.298014649,0.0,OK,0.0,0.0,1295.967040512703,9369.501599673,0.008168922307091394,9369.501599673,0.008168922307091394,0.0,DORMITORY,False,True,0.08168922307091527,,,35870.39970219601,0.03127407633953337,30.0
87,26,64,90,47,Feval,2026-09-14,9067520,0.002472529,0.0026676752604544163,-0.07315217985759441,IN BAND,False,True,7.3789e-05,1183.403628067,1502445.510908991,1.0,478620.612529461,47586.957556943,1.9567391779975152e-05,,,,,,0.007913918008636158,0.16386420271226435,-9.207320220690965,-0.8900181882673986,-9.0434560179787,-0.7261539855551343,0.16386420271226435,1.7491482925128112,,,,,,,0.0,0.0007876516116388352,-0.6814388783149418,5GBmFsPk...,846861.45545686,,,,False,7340355,1.0,5,5CsvRJXu...,0.0899977111467155,0.7984601716297065,0.7266005837412193,0.12786119758286027,,,682725.854146639,52.790049364,,NO_ESTIMATE,,,,87359.962855619,0.05814517879105349,1082.01056104,0.0007201662577336168,86277.952294579,,False,False,0.6460648817825936,,,23090.782565330002,0.015368798667021143,30.0
88,57,6,91,90,KubeTEE,2026-09-14,9067520,0.034957596,0.03439979976974428,0.01621510107585926,IN BAND,False,False,0.006315762,2398.65071945,307033.326344501,1.0,68616.008619095,74187.731324583,,130.1995488184475,,,,,,6.919649618601331,15.72209414567685,0.19728372975628763,14.66668543153281,-0.8581249843877522,-1.0554087141440398,8.559331429225054,7.975058332745371,1,0.0,,0.0,0.0,3.0518043793392735e-05,0.007812346457656648,-0.7765193448183151,5C9y6fnL...,592925.99653766,0.277511406507432,BUYBACK_GAMING,,True,8618670,0.6667327911128744,0,5EKtGWqs...,0.179995422293431,2.055221801331155,1.685291285293888,0.46426173472501986,,COUNTER,0.0,108827.316815274,2220.2491961389896,OK,-0.1868051408748197,0.0,1295.967040512703,66667.452395137,0.21713425441098222,66667.452395137,0.21713425441098222,0.0,DORMITORY,False,True,2.1713425441098217,0,,55134.998322905994,0.17957333485369859,30.0
89,47,79,92,45,AlphaRidge.ai,2026-09-14,9067520,0.002478748,0.0024937891867011786,-0.006031458786247868,IN BAND,False,True,1.135e-06,6308.737725177,3167788.528966765,1.0,2545129.747851745,747113.369185185,-0.0007759101295867152,-15.05276226112619,,0.0,,,,0.0004728013954513086,-2.147613842216174,-0.07338274856601572,-2.948116583264228,-0.8738854896140699,-0.8005027410480542,0.8296008322427927,0.8009755424435056,1,0.23925932229444752,MINER_BURN_ONLY,1728.6812863380183,1723.4561089518888,0.0017700465400167786,0.0019915274228342245,-0.19655914081051212,5FbcZiAH...,982.030117289,,,,False,3633154,0.6278298353689296,55,5E2LP6En...,0.0,0.35564999747385095,0.35564999747385095,0.2277735388371738,,COUNTER,1073798.099865256,0.0,0.0,DIVERGENT,-0.8367885040301903,1.3298610651934983,1295.967040512703,111021.405509113,0.035046975040762825,111019.200205241,0.03504627887564579,2.2053038720041513,FORTRESS,True,True,0.3504627887564579,,,14016.241741638998,0.004424614084391127,30.0
90,49,80,93,43,Graphite,2026-09-14,9067520,0.004435709,0.004436197690665722,-0.00011015980346182555,IN BAND,False,True,9.37e-07,13014.269325985,3063434.90444947,1.0,2933976.740554066,157929.416841189,-0.0008349041341164327,64.90528742643073,ACCUMULATING_PRE_EMA,0.0,,,,0.00018921046878009245,-2.715707531829091,-0.0013402776087855443,-3.636643141494663,-0.9222758872743575,-0.920935609665572,0.8578605656620858,0.921124820134352,1,0.3611246683343044,MINER_BURN_ONLY,2600.7369510920253,2600.646861826747,3.0518043793392735e-05,0.0042482604435571635,-0.04225898417656273,5HjMs5JD...,2892448.012724772,,,,False,3408582,0.19997558481986166,108,5ERVu5z1...,,12.550164350759774,12.550164350759774,0.0,,COUNTER,937004.701747773,0.0,0.0,DIVERGENT,-1.0,2.006722995669623,1295.967040512703,3451.069241962,0.0011265358493335416,3451.069241962,0.0011265358493335416,0.0,EXPOSED,True,True,0.011265358493335414,,UNDEFENDED_BURNER,9746.358140945,0.0031815130547703015,30.0
91,50,26,94,5,Hone,2026-09-14,9067520,0.0129,0.012892816215753555,0.0005571927906384753,IN BAND,False,False,0.001828684,33560.289372974,3176312.167662331,1.0,2601572.69776019,975899.499305563,-0.015845505017582865,-928.6734302598052,,0.0,,,,0.14319845394033107,-0.1519946818598133,0.006779178952768116,-1.118213304233308,-0.9594394434207266,-0.9662186223734948,0.8273745971052109,1.1094170763138258,1,0.0,,0.0,0.0,0.001739528496223386,0.010565803233903598,-0.18094548574390712,5GurNtB3...,,,,,False,2491604,0.0,58,5G9hfkx9...,0.009994659342336155,0.5150218802398946,0.5098744119930474,0.01658756924203812,,COUNTER,1488567.694632255,0.0,0.0,OK,0.0,0.0,1295.967040512703,6649.821324041,0.0020935666814307693,6649.821324041,0.0020935666814307693,0.0,NEITHER,True,True,0.020935666814307693,,,16282.548815499995,0.005126243251929314,30.0
92,56,25,95,124,Swarm,2026-09-14,9067520,0.01127657,0.0112295588478446,0.004186375688696113,IN BAND,False,False,0.001889943,13003.368679173,3586768.486861857,1.0,1153131.544191322,301502.954714827,-7.80977163950547e-05,-5508.07782587246,,0.0,,,,0.38196026941503913,-0.6364077557278092,0.05093423754580271,-1.6670116250700178,-0.9796696317964059,-1.0306038693422086,0.7326929545707298,1.4125641387572478,1,0.0,,0.0,0.0,0.00016784924086366004,0.0036253716198309566,-0.6785040469015883,5HKYqfJr...,2304259.264759085,0.2803421266208594,BUYBACK_GAMING,,False,5813454,0.051294182284353895,105,5HgiWPLV...,,0.3389597269673288,0.3389597269673288,0.00724858843277888,,COUNTER,897004.632666029,6243.286010635,0.0,DIVERGENT,1.0,0.0,1295.967040512703,1000000.110795789,0.27880252501903496,1000000.110795789,0.27880252501903496,0.0,DORMITORY,True,True,2.7880252501903495,0,,20555.09438114502,0.005730811580518018,30.0
93,52,68,96,1,Apex,2026-09-14,9067520,0.007047888,0.007052032742649317,-0.0005877372951276555,IN BAND,False,True,5.8316e-05,23848.313601218,2521533.236261567,1.0,3383752.835710917,835867.849424691,-0.002493990990679855,996.0129146445543,ACCUMULATING_PRE_EMA,0.0,,,,0.006426217407346273,-1.2192665470647053,-0.0071508037573864746,-2.2057131869658333,-0.9935974436585145,-0.986446639901128,1.0422230261363838,0.9928728573084743,1,0.27726916111014066,MINER_BURN_ONLY,2012.9012678739382,2012.8562232412992,1.5259021896696368e-05,0.00945786208893109,0.3419427336148205,5HCFWvRq...,30185.247698138,,,,False,1497824,0.8514206366161077,226,5CAQAgXx...,0.0899977111467155,0.42927247839902083,0.39063893788483106,0.033693976896430694,,COUNTER,884035.651493112,0.0,0.0,DIVERGENT,-1.0,1.5531693016243564,1295.967040512703,192837.392404231,0.07647624454482001,192824.591394465,0.07647116786782765,12.801009766000789,FORTRESS,True,True,0.7647116786782765,,,10444.834413738003,0.004142255300677118,30.0
94,54,76,97,123,MANTIS,2026-09-14,9067520,0.002393478,0.002392509253695607,0.0004049080700091471,IN BAND,False,True,8.295e-06,5746.281691701,1953478.778369138,1.0,2400808.026983747,549983.590746367,-0.0026115959502149458,2444.754347653594,ACCUMULATING_PRE_EMA,0.0,,,,0.003793628848979562,-3.2329855132927943,0.004926381518444623,-4.232551961512326,-0.9946400667010872,-0.9995664482195318,1.3452923211144305,1.0033600770685114,1,0.15019789803713388,MINER_BURN_ONLY,1090.8937690189923,1085.1731006738332,0.0019378957808804387,0.0029415634074603484,0.2289912033703039,5HVuEdEG...,1691648.679197908,,,,False,5794330,0.38570205479452047,158,5Dszzjqs...,0.179995422293431,6.58473973798872,5.399516728157104,0.0,,COUNTER,302102.613855184,8560.983387542,0.0,DIVERGENT,-1.0,0.8373462184999113,1295.967040512703,350656.879907587,0.1795038081756552,350656.879907587,0.1795038081756552,0.0,FORTRESS,True,True,1.7950380817565519,0,,11836.959986567996,0.0060594259418830666,30.0
95,51,83,98,101,Tag101,2026-09-14,9067520,0.004163988,0.0041742955800145864,-0.002469298068861242,IN BAND,False,True,4.4e-08,3796.045924642,2492189.807031897,1.0,911637.008352969,166140.768864049,0.0003527464605012477,1095.3516135032987,,0.0,,,0.08471361120667198,3.0461169937217e-05,-2.1152119390467083,-0.030043126504478445,-3.0960944115569236,-1.0109255990146935,-0.980882472510215,1.0544943216543559,0.9809129336801522,1,0.40508706547911866,MINER_BURN_ONLY,2922.78430689394,2916.65823685503,0.002075226977950706,0.001523176892037347,-0.6342023819383372,5H8dNvi1...,1360594.954651858,,,,False,5481350,0.9025214452820379,0,5H6Dezn7...,0.179995422293431,1.1754742050809912,0.9638942291424031,0.5836932138987655,,COUNTER,894419.567654348,6970.543419914,0.0,DIVERGENT,-1.0,2.2505651345123394,1295.967040512703,13574.61335476,0.005446861758465679,13574.61335476,0.005446861758465679,0.0,FORTRESS,True,True,0.05446861758465679,,,15430.318597656002,0.006191470069461894,30.0
96,48,46,11,67,Harnyx,2026-09-14,9067520,0.004488858,0.004536007530987263,-0.010394500155735089,IN BAND,False,False,0.000281857,2987.81110532,939367.765904149,1.0,665606.114870021,68458.728440246,0.00015566218436049352,4777.227118797717,,0.0,,0.03467745791034012,0.03467745791034012,0.24791399786991136,-3.8979943923549416,-0.12646641856144358,-4.782972702024485,-1.011444728230987,-0.8849783096695434,2.797626334847171,1.1328923075394548,1,0.04872442034555324,MINER_BURN_ONLY,373.2491556460154,372.843753952264,0.0001373311970702673,0.003180661732036555,-0.291431867072526,5HEAv3TU...,1061067.434240563,,,,False,7236936,0.16349235418002017,0,5Cm4fATs...,0.179995422293431,0.8890394708684743,0.7290164358739748,0.7120555470776744,,COUNTER,279510.638512704,6279.314248273,0.0,DIVERGENT,-1.0,0.2876953983372615,1295.967040512703,522.283347221,0.0005559945382182643,522.283347221,0.0005559945382182643,0.0,EXPOSED,False,True,0.005559945382182643,,,29685.407478021007,0.03160147554078414,30.0
97,53,57,99,117,glyph,2026-09-14,9067520,0.002920481,0.0029291773680597544,-0.002968877253586995,IN BAND,False,False,0.000105946,3088.626532905,1871988.111317333,1.0,1057574.439996205,229807.18836575,-0.0007537834211656891,2453.716581976041,ACCUMULATING_PRE_EMA,0.0,,,,0.09014559870989873,-5.765883890106156,-0.03612133991864177,-6.764678600752692,-1.0349160505651769,-0.9987947106465351,1.40385506943773,1.0889403093564338,1,0.0,,0.0,0.0,0.0,0.001649917814238419,-0.4350527141801577,5HdThE9W...,1964748.349842652,,,,False,5710859,1.0,125,5EsLkLnu...,,7.464070991494529,7.464070991494529,0.0,,COUNTER,289424.602021989,152409.779613062,0.0,OK,0.0,0.0,1295.967040512703,184995.455974437,0.09882298656493829,154144.143623114,0.08234248000359444,30851.312351322995,DORMITORY,True,True,0.8234248000359443,,,19187.713524593997,0.010249912063325792,30.0
98,58,23,100,56,Gradients,2026-09-14,9067520,0.016088718,0.01608438789844513,0.0002692114603433293,IN BAND,False,False,0.002209173,51087.921031113,2820502.605762649,1.0,3175387.791617952,2850246.899634043,-0.009019599530651996,-281.2566948994063,,0.0,,,,0.11364147389094718,-1.263144449664362,0.00327540610084384,-2.33424849678497,-1.0678286410197642,-1.071104047120608,0.9317488289607174,1.1847455210115552,1,0.0,,0.0,0.0,0.00015259021896696368,0.01811305578187867,0.1258234361419394,5EJ1zbdw...,16317.015541044,0.004215657194455022,,,False,4312927,0.0,26,5HbScNss...,0.0899977111467155,0.8772296130719249,0.7982809557453329,0.011353925039677694,,COUNTER,841047.343861356,0.0,0.0,OK,0.0,0.0,1295.967040512703,264724.185506575,0.09385709659183065,264724.185506575,0.09385709659183065,0.0,DORMITORY,True,True,0.9385709659183066,,,22377.936594461982,0.007934024435482167,30.0
99,59,82,101,65,True Performance Network,2026-09-14,9067520,0.002461788,0.0024616585578769445,5.258329699753555e-05,IN BAND,False,True,1.44e-07,6012.717406506,3442700.670744962,1.0,2442418.413110044,300211.693704493,-0.00012719120635281114,-2736.122809209395,,0.0,,,,6.293859737870293e-05,-3.138518454084101,0.0006397634468033491,-4.256295279863113,-1.1171370623322086,-1.117776825779012,0.7633541952490833,1.1178397643763907,1,0.34924453873363964,MINER_BURN_ONLY,2514.7986494610086,2514.7085601957306,3.0518043793392735e-05,0.0017465118177715157,-0.2905514943725797,5GxEEHxL...,1559602.785387093,0.0,,,False,4950813,0.7870080722689332,45,5G8vMPBi...,,5.799883878989385,5.799883878989385,0.0,,COUNTER,1023649.650133108,0.0,0.0,DIVERGENT,-1.0,1.9404108913147018,1295.967040512703,171794.150223016,0.04990098374885484,171794.150223016,0.04990098374885484,0.0,FORTRESS,True,True,0.4990098374885484,,,16697.801537057996,0.004850204282629305,30.0
100,60,28,102,34,BitMind,2026-09-14,9067520,0.011740971,0.011732177576050162,0.0007495133697761071,IN BAND,False,False,0.001698772,34582.228968242,2696166.284697206,1.0,2945431.624844175,633759.645494933,-0.0033068888932364145,-1002.1070488090627,,0.0,,,,0.12909442072400193,-0.7938021085221125,0.00911907933227597,-1.9232975117846196,-1.1203763239302311,-1.129495403262507,0.9747173291632264,1.258589823986509,1,0.0,,0.0,0.0,0.0011902037079423167,0.012826445150850838,0.09245182113564869,5DthmKBR...,2925333.45323647,9.218751204725834,BUYBACK_GAMING,,False,3493948,0.382984249201766,102,5CDhVnn1...,,0.5342263298608643,0.5342263298608643,0.0,,COUNTER,359469.273754254,70171.661546406,0.0,OK,0.0,0.0,1295.967040512703,127811.146906305,0.04740477159429314,127811.146906305,0.04740477159429314,0.0,DORMITORY,True,True,0.47404771594293216,,,12359.796968667997,0.0045842116781962755,30.0
101,61,63,103,55,NIOME,2026-09-14,9067520,0.002786088,0.002758420305326581,0.010030267910945948,IN BAND,False,True,7.4299e-05,6698.447739683,3088930.298866147,1.0,2404248.416785765,562759.993562955,-0.002858824195392448,-4907.7910478096455,,0.0,,,,0.02914970446708904,-7.410845506364901,0.12203492624984236,-8.86597398500529,-1.3330935523905467,-1.455128478640389,0.8507799612586465,1.484278183107478,1,0.009225537507467031,MINER_BURN_ONLY,68.46553678996861,68.19526899413432,9.15541313801782e-05,0.0021685331462939768,-0.22165662165230357,5GeWUxaF...,1233488.944350299,0.0,,,False,4703386,0.031146515283309695,142,5E2LP6En...,0.0,0.335539679912481,0.335539679912481,0.6197982634173139,,COUNTER,321247.810783531,0.0,0.0,DIVERGENT,-1.0,0.052621144567963164,1295.967040512703,14841.866940702,0.004804856537601383,14841.866940702,0.004804856537601383,0.0,NEITHER,True,True,0.04804856537601383,,,13507.177118898007,0.0043727685030173985,30.0
102,55,13,104,53,engy,2026-09-14,9067520,0.027030637,0.027840299531817436,-0.02908239298546732,IN BAND,False,False,0.003719655,33265.70403093,4750222.804353922,1.0,1230666.730280431,1520580.705137949,-0.0011223092088040443,-8147.555100922938,,0.0,,,,0.29385379401293005,9.009001695776742,-0.3538357813231857,7.992373853954627,-1.3704636231453016,-1.016627841822116,0.5532372076508176,1.310481635835046,1,0.0,,0.0,0.0,0.0002441443503471419,0.007002977628847132,-0.740924432197172,5H8SFVCx...,2600634.366612156,0.05620023176416897,,,False,4203869,0.6232085349287992,0,5GP7c3fF...,0.0009918364232852674,0.22357243684870698,0.2233506895625978,0.011597918478841429,,COUNTER,527930.609686226,0.0,0.0,OK,0.0,0.0,1295.967040512703,130361.977028766,0.027443339480682855,116228.997727143,0.024468114973598867,14132.97930162301,DORMITORY,True,True,0.24468114973598867,,,25954.41175832801,0.005463830398552868,30.0
103,62,12,105,8,Vanta,2026-09-14,9067520,0.027543754,0.027493333909660578,0.0018339023744845227,IN BAND,False,False,0.003759593,78820.089625404,3175841.993092221,1.0,2861632.027709859,1402805.636259174,-0.008329727580013033,-5024.848094000481,,0.0,,,,0.12535142310743544,-0.23703255997202816,0.022312478889561692,-1.7119075052093622,-1.4525624663477723,-1.474874945237334,0.8274970876120937,1.6002263683447695,1,0.022823963601191592,,190.36674288695212,186.7631722758283,0.0012207217517357094,0.024818643306828772,-0.09893751930732565,5F6tnxzA...,20179.48503082,0.18002769840988364,,,False,1477264,0.9367046062180124,143,5HbScNss...,0.0899977111467155,0.4935218353063274,0.44910599972783166,0.018205402105905693,,COUNTER,790252.410897132,0.0,0.0,DIVERGENT,-1.0,0.14411105100477103,1295.967040512703,607572.466193977,0.19131067210381023,607571.159893335,0.1913102607796181,1.3063006420852616,DORMITORY,True,True,1.9131026077961812,0,,17872.28387869601,0.005627573386072116,30.0
104,64,17,106,28,SayGM,2026-09-14,9067520,0.022809658,0.022128580370917916,0.030778189005616356,IN BAND,False,False,0.003095343,23130.512286109,5064215.189781754,1.0,1014066.630263731,6532649.93112246,-0.0018433106521580824,-22026.958335179836,,0.0,,,,0.3516809875795618,4.592490559203313,0.37446796623499895,2.7070633009557246,-1.5109592920125892,-1.8854272582475882,0.5189352943181815,2.23710824582715,1,0.01396224215348951,,115.20617690403014,114.17015035333205,0.00035095750362401645,0.004567442618311372,-0.799758391015272,5CA6rwAy...,2574357.282024668,0.18040789621436665,,,False,4878363,0.1847142508242765,3,5Evgh9QT...,0.179995422293431,0.323880944140958,0.2655838568275111,0.5892200399822979,,COUNTER,1396860.626366123,33762.848582854,0.0,DIVERGENT,-1.0,0.08809649225968331,1295.967040512703,421461.461893639,0.08322345044579399,421455.758339947,0.08322232419947974,5.703553692030255,DORMITORY,True,True,0.8322232419947977,,,29615.228019139,0.005847940284783848,30.0
105,63,53,8,18,Zeus,2026-09-14,9067520,0.0039482,0.003911529667675495,0.00937493396190875,IN BAND,False,False,0.000163378,10060.210490566,3186334.292961337,1.0,2548049.528110058,875846.31352083,0.00033872464815844845,-8371.763510397635,DISTRIBUTING_PRE_EMA,0.0,,0.08579217064952345,0.08579217064952345,0.04267876744752324,-1.1018633860676923,0.11406169653655646,-2.962408308253886,-1.7464832256496372,-1.8605449221861936,0.824772217342447,1.903223689633717,1,0.03487294659913525,SKIN_IN_GAME,261.7905484039802,261.47523597550685,0.00010681315327687457,0.00315729912984622,-0.2003193531618915,5GgvCi6h...,2212672.980345888,6.019508839471065,BUYBACK_GAMING,,False,1604679,0.1613356122573556,56,5HdrwVQQ...,0.179995422293431,0.5427738180371423,0.445077015449729,0.0255455516557302,,COUNTER,340082.887574757,30745.295806132,0.0,DIVERGENT,-1.0,0.20176071443303334,1295.967040512703,472285.796249436,0.1482222996164347,375000.0,0.1176900995066277,97285.79624943598,DORMITORY,True,True,1.1769009950662772,0,,13018.061319037006,0.004085591818722257,30.0
106,65,15,5,68,NOVA,2026-09-14,9067520,0.022063546,0.021860250970348716,0.009299757350774875,IN BAND,False,False,0.003127686,44687.052054165,3752521.644995627,1.0,2025379.45829487,1688091.851118068,0.0020257665134935203,-12947.683375932509,DISTRIBUTING_PRE_EMA,0.0,,0.09181509234705611,0.09181509234705611,0.18393602688396418,-1.6444699639886138,0.11314704776776097,-3.5628480556405773,-1.8052310438842023,-1.9183780916519633,0.700329071653646,2.1023141185359275,1,0.0,,0.0,0.0,0.0,0.011908539452066791,-0.46026176154699744,5EcdJLAe...,3152318.865025068,0.5364688414709258,BUYBACK_GAMING,,False,4972413,0.0,37,5CMC7cxY...,0.0,0.17027209368292084,0.17027209368292084,0.0018312782322060799,,COUNTER,682309.357738917,6247.123951755,0.0,OK,0.0,0.0,1295.967040512703,559171.104811516,0.14901209312336094,559171.104811516,0.14901209312336094,0.0,DORMITORY,True,True,1.4901209312336117,0,,29121.416568610002,0.007760492629655155,30.0
107,66,24,107,118,Ditto,2026-09-14,9067520,0.008362256,0.008222195785492659,0.01703440518340192,IN BAND,False,False,0.002009065,6659.56262912,2221521.747422353,1.0,796383.573671836,759806.770176821,-0.0019519015973399523,-7697.1887559873285,,0.0,,,,0.7928182545972513,1.0968950466810603,0.20725192973139003,-0.9823088372420345,-1.871951954191705,-2.079203883923095,1.1829728892140203,2.872022138520346,1,0.0,,0.0,0.0,4.57770656900891e-05,0.0029977481142586773,-0.6415144293287988,5HGXqHbQ...,1455587.713751468,0.1801052782014141,,,False,5724794,0.6492705853628762,28,5DPQjF6B...,0.0,0.4315929738318382,0.4315929738318382,0.1094019441773871,,COUNTER,320927.826926128,1788.13704218,0.0,OK,0.0,0.0,1295.967040512703,108720.699890764,0.048939741425855214,85494.59247995,0.038484697518333985,23226.107410813987,DORMITORY,True,True,0.38484697518334404,,,29767.415199370003,0.013399560564243561,30.0
108,68,44,108,33,ReadyAI,2026-09-14,9067520,0.004452131,0.004416834097355604,0.007991448595619241,IN BAND,False,False,0.000488601,14242.005037077,2150385.569963382,1.0,3198918.55667692,903044.166922957,-0.0054386194078304825,-6461.448079084512,,0.0,,,,0.09015889438721435,-1.4457031855674412,0.09722929124670077,-3.6001583039701535,-2.057225827156011,-2.154455118402712,1.222106415104316,2.2446140127899263,1,0.0,,0.0,0.0,0.009109636072327731,0.0066230006543987,0.4876023761202669,5HinUfk5...,48514.650630621,0.26657889443188393,BUYBACK_GAMING,,False,2943950,0.0,52,5G9hfkx9...,0.009994659342336155,0.5154843338578811,0.5103322435446604,0.0631914666341121,,COUNTER,588076.249106669,0.0,0.0,DIVERGENT,1.0,0.0,1295.967040512703,138809.800536348,0.06455112165708576,138808.045342108,0.06455030543404906,1.755194239987759,DORMITORY,True,True,0.6455030543404907,,,13186.343408205998,0.0061320832842226254,30.0
109,67,50,109,26,Perturb,2026-09-14,9067520,0.003423294,0.0034702932462096214,-0.013543306826002612,IN BAND,False,False,0.000202053,1996.305950477,968233.313911075,1.0,583153.433747014,67813.759843347,-0.00014188253281285655,1854.3839527164819,ACCUMULATING_PRE_EMA,0.0,,,,0.26598893014025393,-4.050780789485302,-0.1647768997163651,-6.18021839115595,-2.2942145013870143,-2.129437601670649,2.7142218329428007,2.395426531810903,1,0.0,,0.0,0.0,6.103608758678547e-05,0.00206180258600392,-0.39771384344905225,5FsVAEPM...,1593278.423484902,,,,False,8123781,0.16250324274007732,136,5FCDcRLj...,,12.514398604068669,12.514398604068669,0.0,,COUNTER,93577.704880545,1668.571827101,0.0,OK,0.0,0.0,1295.967040512703,38531.853595046,0.039796041967819405,35267.424697793,0.036424510694983224,3264.4288972529976,DORMITORY,False,True,0.364245106949836,,,30728.875137204013,0.03173705624017212,30.0
110,69,52,110,79,MVTRX,2026-09-14,9067520,0.003352272,0.0033788292203098536,-0.007859888315816757,IN BAND,False,False,0.000182706,7256.800166246,2967560.969895728,1.0,2164740.872808948,487549.089304279,-0.0051205686723918425,-12923.99448427651,,0.0,,,,0.06616571450228953,-2.2218125530134505,-0.09562864117577054,-4.624927823547175,-2.4987439117094956,-2.403115270533725,0.8855757393561963,2.4692809850360145,1,0.0,,0.0,0.0,0.0019836728465705278,0.0024453752559297826,-0.2705319687872038,5Fxp7QBG...,3292672.211658797,1.047493122995219,BUYBACK_GAMING,,False,5173967,0.0,0,5EWwdZB7...,0.179995422293431,0.32723755963089907,0.2683362968948636,1.0,,COUNTER,444229.939659842,37317.847662374,0.0,DIVERGENT,1.0,0.0,1295.967040512703,1355085.827207694,0.4566328513396333,1355085.827207694,0.4566328513396333,0.0,DORMITORY,True,True,4.566328513396333,0,,12813.700681395992,0.004317923308529776,30.0
111,70,70,111,84,SN84,2026-09-14,9067520,0.002224819,0.002221795730292797,0.0013607325218886503,IN BAND,False,True,3.6081e-05,1404.289749311,741944.807364,1.0,631192.608846208,68696.896128554,-0.004139727322791386,949.8378062304109,ACCUMULATING_PRE_EMA,0.0,,,,0.06752229591259416,-1.8932650508263738,0.01655557901631191,-4.783787758502072,-2.8739671286593866,-2.8905227076756987,3.5420424456326125,2.958045003588293,1,0.0,,0.0,0.0,0.0002746623941405346,0.0018927145730693845,-0.14927255966917552,5G1hDNpP...,177032.598493161,,,,False,8085297,0.6664529816688798,34,5G7Np28a...,0.179995422293431,2.442660653877016,2.0029929179628745,1.0,,COUNTER,43139.508394529,57682.139238254,970.5132136390021,DIVERGENT,-0.5853983513348449,0.0,1295.967040512703,660.436412233,0.0008901422392582206,660.436412233,0.0008901422392582206,0.0,NEITHER,False,True,0.008901422392582205,,,3205.570648775001,0.004320497450698297,30.0
112,71,11,112,93,Bitcast,2026-09-14,9067520,0.02424728,0.02365046413615346,0.02523484784107103,IN BAND,False,False,0.003834247,26752.404265344,3977522.534466137,1.0,1103315.682667556,1044554.786153541,-0.0033716791650470626,-31581.352755583823,,0.0,,,,0.37665403886907173,8.33463038398938,0.30702398206636417,4.94832229371514,-3.0792841082078755,-3.3863080902742397,0.6607127872256618,3.7629621291433115,1,0.004921510309961752,SKIN_IN_GAME,41.0832792178262,41.038234585187155,1.5259021896696368e-05,0.006725896342139695,-0.7226123366357093,5EbY1Seb...,2385025.416547683,0.28126277050525084,BUYBACK_GAMING,,False,5370681,0.5378734702597125,158,5HVydkt4...,0.179995422293431,15.546443517849523,12.748154851693226,0.0,,COUNTER,1087440.365817139,0.0,0.0,DIVERGENT,-1.0,0.03166610978698335,1295.967040512703,427930.957620956,0.10758731192918128,427930.957620956,0.10758731192918128,0.0,DORMITORY,True,True,1.075873119291813,0,,29813.581265835004,0.007495515363519262,30.0
113,72,9,113,114,SOMA,2026-09-14,9067520,0.014490343,0.01392417773604393,0.040660588703238236,IN BAND,False,False,0.004435595,6816.739892635,1692919.27696628,1.0,470433.454185093,223153.874853347,-0.00033109223172571404,-16770.41526882781,,0.0,,,,1.7100173754017338,6.031578648537835,0.4947038292227319,1.8532980502319045,-3.6835767690831984,-4.17828059830593,1.5523480863832972,5.888297973707664,1,0.0,,0.0,0.0,4.577706568997808e-05,0.004026618389537528,-0.7221171100271727,5FHrQMjz...,1085700.734813541,0.1303061033296614,,,False,7312241,0.0,74,5DUtdSu5...,,0.5302968287680432,0.5302968287680432,0.01103311460399817,,COUNTER,373811.447473431,13816.272943106,0.0,OK,0.0,0.0,1295.967040512703,146039.760277138,0.086265046576138,146039.760277138,0.086265046576138,0.0,DORMITORY,False,True,0.8626504657613799,,,34455.59916724599,0.020352771473540428,30.0
114,73,36,114,81,Reliquary,2026-09-14,9067520,0.006209603,0.006144896848127246,0.01053006315191027,IN BAND,False,False,0.000928155,18065.137527688,2521285.959505788,1.0,2909225.43905073,906617.077611565,-0.010295262693937652,-21357.725157970097,,0.0,,,,0.13502201886155088,-3.342900708535449,0.12811576834824162,-7.6470948858863705,-4.17607840900268,-4.304194177350921,1.0423252428356558,4.439216196212472,1,0.008795792918641849,SKIN_IN_GAME,74.73258454701863,72.79566534353958,0.0006561379415579438,0.0071650490336403775,0.15386588057889972,5GnpQR4N...,84748.951570913,0.9064637702158258,BUYBACK_GAMING,,False,5203057,0.0267971660660844,221,5EkCFpEJ...,,13.18354044708635,13.18354044708635,0.0,,COUNTER,853623.962031247,0.0,0.0,DIVERGENT,-1.0,0.056170923386092114,1295.967040512703,499356.275058783,0.19805618366139824,494934.78559392,0.1963025192473348,4421.489464863029,DORMITORY,True,True,1.9630251924733513,0,,13721.595245965997,0.005442300265161373,30.0
115,74,61,115,6,Numinous,2026-09-14,9067520,0.002749045,0.002716310787945986,0.012050981868229801,IN BAND,False,True,7.9144e-05,8143.043647197,2812486.335804941,1.0,2962135.441321375,697450.535408774,-0.004023880888700968,-26482.794520628173,,0.0,,,,0.025542099614263337,-0.31256041973699755,0.1466202793967959,-4.8134301940495785,-4.354249494915785,-4.500869774312581,0.9344045396927624,4.526411873926844,1,0.0,,0.0,0.0,0.0017547875181200823,0.0028953184744509837,0.053208832322127815,5CfSg4e2...,79259.14533689,0.05638333621728798,,,False,3219949,0.5134668297156832,20,5DSetMmi...,,18.35144130141105,18.35144130141105,0.0,,COUNTER,185360.665463109,0.0,0.0,OK,0.0,0.0,1295.967040512703,662466.459537209,0.2355447744238051,662466.459537209,0.2355447744238051,0.0,DORMITORY,True,True,2.355447744238051,0,,9377.554715685998,0.0033342578757816848,30.0
116,75,34,116,102,ConnitoAI,2026-09-14,9067520,0.007256332,0.007235298398882151,0.00290708136116389,IN BAND,False,False,0.000977066,3793.790161215,992090.8497881,1.0,522824.780667168,229572.943772304,-9.995717380745074e-05,-6078.682857803826,,0.0,,,,0.6768243205042365,-1.1074651617550417,0.03536948989416066,-5.679837123779229,-4.537002472130026,-4.572371962024187,2.6489509509752183,5.249196282528423,1,0.10082647361845738,MINER_BURN_ONLY,823.8351322509989,823.6999983530817,4.57770656900891e-05,0.0038240350286723366,-0.4730071572424833,5HBc11rC...,962376.278194556,0.0,,,False,7840965,0.25186168589391444,0,5EEinUEy...,0.179995422293431,0.9480976419591691,0.7774444065193223,0.5949521615064166,,COUNTER,144315.23344067,7309.092357836,0.0,DIVERGENT,-0.778056034679874,0.635587150447294,1295.967040512703,2002.340459168,0.002018303524919798,2002.340459168,0.002018303524919798,0.0,EXPOSED,False,True,0.02018303524919798,,,31251.600072063007,0.03150074418964555,30.0
117,77,71,117,60,Bitsec.ai,2026-09-14,9067520,0.004479195,0.0043467876967042685,0.03046095474046794,IN BAND,False,True,3.3085e-05,7374.329023362,4014944.071750875,1.0,1646351.328781589,944258.084802188,0.00042835187573598795,-59170.512272827094,DISTRIBUTING_PRE_EMA,0.0,,,0.09563144175147274,0.011790547956912312,1.5875881661219864,0.37060828267569323,-4.594151295344906,-5.811131178791199,-6.181739461466893,0.654554572376386,6.193530009423805,1,0.22384162332250707,MINER_BURN_ONLY,1623.6090602170443,1623.5640155844053,1.5259021896696368e-05,0.0018367202360918895,-0.5899441225282914,5CXLwkK1...,133700.771078736,0.011790039612902916,,,False,4796992,1.0,113,5CXLwkK1...,0.179995422293431,4.029468207124518,3.304182375565186,0.0,,COUNTER,677774.319736761,0.0,0.0,DIVERGENT,-1.0,1.2527818724017088,1295.967040512703,1058506.136131126,0.26364156441898395,1058506.136131126,0.26364156441898395,0.0,FORTRESS,True,True,2.63641564418984,0,,9399.707229637006,0.0023411801164985825,30.0
118,76,49,118,40,Ralph,2026-09-14,9067520,0.003482183,0.003491985844448209,-0.002807240603164018,IN BAND,False,False,0.000206838,1699.057651968,432544.913824736,1.0,487928.867650232,80103.550234342,-1.8552276038102824e-06,942.2029916084139,ACCUMULATING_PRE_EMA,0.0,,,,0.31992455545601317,-6.780892557257048,-0.034154760671828883,-12.676405023392991,-5.929667226807772,-5.895512466135943,6.075669638008612,6.215437021591956,1,0.0,,0.0,0.0,0.0,0.003928049082681956,0.12804211687954264,5HeKCDfd...,789373.381990508,,,,True,8409860,1.0,6,5E2LP6En...,0.0,0.8639810352276306,0.8639810352276306,0.22712567905755968,,COUNTER,22349.634720453,0.042920633,0.0,OK,0.0,0.0,1295.967040512703,22427.898380107,0.0518510278661943,22427.898380107,0.0518510278661943,0.0,DORMITORY,False,True,0.518510278661943,,,42800.561819854,0.0989505608594359,30.0
119,78,55,119,21,AdTAO,2026-09-14,9067520,0.003640932,0.003549192799255252,0.02584790568830136,IN BAND,False,False,0.000118362,7731.489287006,3844117.871113494,1.0,2123491.583873721,595493.090599121,-0.0017317969702688176,-57737.96414956637,,0.0,,,,0.04023226631417288,-2.19810401333363,0.3144828525409999,-8.504245712788862,-5.991658846914231,-6.306141699455231,0.6836418882334554,6.346373965769404,1,0.06651667621413992,SKIN_IN_GAME,494.89461877499707,494.48921708124567,0.0001373311970702673,0.00201125187786359,-0.4475997140667307,5HjCYVfr...,2013892.843022098,0.6876610273301552,BUYBACK_GAMING,,False,3156578,0.9965204651588683,133,5FW5NUrU...,,18.958668340335226,18.958668340335226,0.0,,COUNTER,834520.063046844,0.0,0.0,DIVERGENT,-1.0,0.38156002554325663,1295.967040512703,5839.628796876,0.0015191076321456507,5839.628796876,0.0015191076321456507,0.0,EXPOSED,True,True,0.015191076321456509,,UNDEFENDED_BURNER,9966.763033985997,0.00259273086001887,30.0
120,79,62,120,92,MicroTensor,2026-09-14,9067520,0.002750139,0.002683847676962614,0.02470010634597924,IN BAND,False,True,7.5534e-05,835.969259188,590101.831530626,1.0,303973.399510668,78619.518502517,-2.6195570558567144e-05,-2669.7462128393236,,0.0,,,,0.23745293241142837,-11.961513041454525,0.30051796054274743,-18.398449870019846,-6.136418868022573,-6.436936828565321,4.453468638088116,6.674389760976749,1,0.0,,0.0,0.0,6.103608758678547e-05,0.0014166525411718088,-0.48487965838388214,5E9LPDS2...,657162.578169653,3.388512466867558,BUYBACK_GAMING,,True,8352006,0.0,15,5G3eBqKj...,,0.8285740454881493,0.8285740454881493,0.003448644194527948,,COUNTER,217395.839189358,0.041020142,0.0,OK,0.0,0.0,1295.967040512703,50000.0,0.08473113847199612,50000.0,0.08473113847199612,0.0,DORMITORY,False,True,0.8473113847199613,,,41443.74540820299,0.07023151461961201,30.0
121,80,48,121,54,Yanez,2026-09-14,9067520,0.005408152,0.005272448295727372,0.02573827122830169,IN BAND,False,False,0.000250613,9271.72011581,4150464.063197838,1.0,1714396.959162327,895563.931305791,-0.0018134332739084883,-80895.92042274633,,0.0,,,,0.07103438798556336,8.629132816032289,0.3131489666110039,0.7056948117350084,-7.610289037686277,-7.923438004297281,0.6331822080577625,7.9944723922828445,1,0.12966603191081455,SKIN_IN_GAME,979.7860170589993,976.8581159374612,0.0009918364232852639,0.002233899625350894,-0.5869384541427656,5FUfruyV...,3658285.280610274,0.27095530074911567,BUYBACK_GAMING,,False,4742549,0.30307010844661686,59,5DUB7kNL...,0.01998931868467231,0.33172773672072814,0.32509672527487243,0.8235617274530749,,COUNTER,593148.430827146,0.0,0.0,DIVERGENT,-1.0,0.7537677158448429,1295.967040512703,644081.425659809,0.15518299058914364,644081.425659809,0.15518299058914364,0.0,FORTRESS,True,True,1.5518299058914364,0,,13029.846098139995,0.0031393708991906788,30.0
122,81,69,122,103,Capcomp,2026-09-14,9067520,0.002389569,0.0024069310165941715,-0.007213342000444666,IN BAND,False,True,4.9396e-05,467.564182806,227487.431074365,1.0,195668.836258967,34272.730195925,,2725.9643620232237,,,,,,0.2776360824324762,-40.54529922183085,-0.08776232767207677,-48.8022739426122,-8.344737048453426,-8.256974720781349,11.552286592664164,8.534610803213825,1,0.0,,0.0,0.0,0.0,0.0020553407306848287,-0.13986968751066453,5H3SQ4du...,1057287.243727412,,,,True,8762380,1.0,103,5H6VKx1U...,,0.9685813258527307,0.9685813258527307,0.019638660847804194,,COUNTER,60139.256694016,0.014698804,0.0,OK,0.0,0.0,1295.967040512703,0.0,0.0,0.0,0.0,0.0,NEITHER,False,,,,,61148.957771599984,0.26880147831820456,30.0
123,82,73,123,82,Compelle,2026-09-14,9067520,0.002165196,0.002093903487548232,0.03404765925254977,IN BAND,False,True,2.8567e-05,1297.964859971,685449.589191317,1.0,599467.636468396,119099.247023059,0.0004909697292762227,-11526.971217149403,DISTRIBUTING_PRE_EMA,0.0,,,0.22675532805169726,0.05783983705204266,-16.89798672551868,0.41424652090602215,-27.468259840252543,-10.156026593827841,-10.570273114733864,3.8339799767047413,10.628112951785907,1,0.0,,0.0,0.0,0.0,0.0018935963788413953,-0.12543881531214937,5H6h1PUD...,353783.208352312,0.0,,,False,8026517,0.0,5,5E2LP6En...,0.0,0.7669251718317913,0.7669251718317913,0.44066167157528496,,COUNTER,51466.221683119,7195.897335065,0.0,OK,0.0,0.0,1295.967040512703,744.314271862,0.0010858774789552807,744.314271862,0.0010858774789552807,0.0,NEITHER,False,True,0.010858774789552805,,,35879.51116307301,0.052344492912167494,30.0
124,83,47,124,85,Vidaio,2026-09-14,9067520,0.005254383,0.004611860029399395,0.1393197032227105,IN BAND,False,False,0.000253998,12855.294304761,2757236.252536331,1.0,2446584.587415872,1419654.027168175,-0.006693889346863315,-169228.2963277311,,0.0,,,,0.05192465673483544,4.568551321353629,1.6950563892096444,-20.4738239445431,-23.347318876687083,-25.042375265896727,0.9531283355144309,25.094299922631564,1,0.08600188206855883,SKIN_IN_GAME,649.4614110140246,649.1010539529123,0.00012207217517357094,0.004662384042330668,-0.11266764483467073,5GTPBjA4...,3126229.475055444,0.9836663485222086,BUYBACK_GAMING,,False,5258781,0.20000915653089568,0,5FR392L6...,0.179995422293431,0.4134684059873038,0.33904598564662725,0.999649037141026,,COUNTER,505482.864904661,0.0,0.0,DIVERGENT,-1.0,0.5008623164491272,1295.967040512703,143874.406841709,0.052180659785450584,143874.406841709,0.052180659785450584,0.0,FORTRESS,True,True,0.5218065978545059,,,22295.625780648003,0.008086222484612505,30.0
125,84,60,125,66,conjectures,2026-09-14,9067520,0.003562894,0.002793705090880394,0.2753293150484999,PREMIUM,False,True,8.822e-05,7314.178494949,3723309.582636375,1.0,2052875.357252633,1374622.740303416,-0.005772511456838813,-345487.96936171316,,0.0,,,,0.03169763496476122,17.40077052970923,3.3498399997567483,-20.8494694637447,-34.900399993697185,-38.25023999345393,0.7058236608246753,38.281937628418696,1,0.0,,0.0,0.0,0.0,0.0019644293155365363,-0.44864222299722184,5CJCRGep...,1133372.160232964,0.28090202947579435,BUYBACK_GAMING,,False,4958013,1.0,121,5Gn2SyG6...,0.179995422293431,19.514221305797136,16.00175080113271,0.0,,COUNTER,876389.726869251,0.0,0.0,OK,0.0,0.0,1295.967040512703,392806.591766313,0.10549930996825069,392806.591766313,0.10549930996825069,0.0,DORMITORY,True,True,1.0549930996825068,0,,11320.085055958003,0.003040328719574953,30.0
126,126,126,126,59,SN59,2026-09-14,9067520,0.005122197,0.0,,N/A,False,True,0.0,530.332675545,0.0,0.0,103536.164682775,1.271992187,,,,,,,,,0.011403851182088259,,0.011403851182088259,,,,,,,,,,0.0,,,5GzrQ2fe...,528632.055495789,,,,True,8938771,1.0,0,5FKjMupT...,,0.0,0.0,0.0,,,0.0,0.0,,NO_ESTIMATE,,,,0.0,,0.0,,0.0,,False,,,,,0.0,,30.0
127,127,127,127,76,Ormas,2026-09-14,9067520,0.004978196,0.0,,N/A,False,True,0.0,462.504819242,0.0,0.0,92906.103381726,1.928487945,,,,,,,,,0.006631041851488873,,0.006631041851488873,,,,,,,,,,0.0,,,5CLWmDjL...,663475.119089853,,,,True,9003844,1.0,0,5CqaQ34d...,,0.0,0.0,0.0,,,0.0,0.0,,NO_ESTIMATE,,,,0.0,,0.0,,0.0,,False,,,,,0.0,,30.0
128,128,128,128,86,SN86,2026-09-14,9067520,0.005989978,0.0,,N/A,False,True,0.0,709.206653217,0.0,0.0,118398.856999575,2.080993178,,,,,,,,,0.0,,0,,,,,,,,,,0.0,,,5F4XAWGz...,280952.237545986,,,,True,8693284,1.0,0,5F1N5GEH...,,0.0,0.0,0.0,,,0.0,0.0,,NO_ESTIMATE,,,,0.0,,0.0,,0.0,,False,,,,,0.0,,30.0
