combined_apy_rank,real_apy_rank,emission_rank,epr_rank,netuid,name,date,block,spot_price,moving_price,momentum_30d,ema_band,ema_lag_flag,low_emission,tao_emission,tao_reserves,alpha_outstanding,alpha_out_emission,alpha_in_pool,volume,ema_tao_inflow,pool_growth_real,pool_ema_divergence,flow_momentum,flow_price_divergence,emission_price_ratio,emission_price_ratio_raw,emission_apy,price_apy_7d,price_apy_30d,combined_apy_7d,combined_apy_30d,real_apy,gross_emission_rate,net_supply_delta,supply_days_gap,supply_defence,supply_defence_quality,burned_tokens,manual_burn,miner_burn_rate,liquidation_price,liquidation_haircut,owner_coldkey,owner_stake,owner_inflow_pct,owner_inflow_flag,large_entry_anomaly,immune,registered_at,vali_miner_share,best_validator_uid,best_validator_hotkey,best_validator_take,best_validator_raw_apy,best_validator_apy,best_validator_div_pct,best_validator_trust,burned_source,alpha_burned_cum,alpha_recycled_cum,recycled_tokens,recon_flag,recon_gap_relative,burn_coverage,owner_cut_emission,total_locked_alpha,locked_float_ratio,owner_locked_alpha,owner_lock_ratio,community_locked_alpha,commitment_class,gate_eligible,leader_is_owner,leader_pct_of_threshold,leader_blocks_to_threshold,governance_flag,basket_alpha,basket_share,ema_halving_days
1,94,94,12,108,ChipForge,2026-10-08,9240210,0.012175726,0.00390889635309577,2.11487563244215,PREMIUM,False,True,0.0,843.898641038,65976.621199124,1.0,69309.919323617,16343.309746538,,7934.312945698934,,,,,,,90.49946204291581,25.73098686137949,90.49946204291581,25.73098686137949,,39.8322913819493,-4.236822095118621,1,0.3697255246908835,MINER_BURN_ONLY,2662.068822407,2662.023777774361,1.5259021896696368e-05,0.012790873883811511,0.05052248086163501,5FBwsAvv...,700525.817697129,,,,True,9111253,0.9000061037018952,0,5HjH8Zqf...,0.0,2.4336202627583576,2.4336202627583576,0.6822364305006638,,COUNTER,8071.238015537,0.0,0.0,DIVERGENT,-0.9847779281414768,2.054082931554514,1295.967040512703,0.0,0.0,0.0,0.0,0.0,EXPOSED,False,,,,,6094.441782835998,0.09237274768046044,30.0
2,95,95,13,116,Carbon,2026-10-08,9240210,0.034881253,0.017393644200637937,1.005402237601289,PREMIUM,False,True,0.0,1824.533808273,122498.023490767,1.0,52307.002555893,46591.802595373,,4541.793828425041,,,,,,,858.2731663386711,12.232393890815683,858.2731663386711,12.232393890815683,,21.45340737026732,8.075635664204368,1,0.4100022879343055,MINER_BURN_ONLY,2952.0164731269997,2952.0164731269997,0.0,0.014894393854530395,-0.5729971668583581,5D5RwyMP...,741037.91061591,,,,True,9210632,1.0,0,5DDLUnX2...,0.179995422293431,2.4401702269726995,2.000950756500891,0.6782280953398236,,COUNTER,9889.255184983,0.0,0.0,DIVERGENT,-0.9977639976009346,2.2778484180887344,1295.967040512703,0.0,0.0,0.0,0.0,0.0,EXPOSED,False,,,,,8151.646680059002,0.0665451282213824,30.0
3,1,66,14,106,Nodexo,2026-10-08,9240210,0.002127615,0.002183192875236273,-0.02545715308376415,IN BAND,False,True,2.9346e-05,5622.457516089,2370854.705899972,1.0,2642610.500589514,368684.578438056,-0.0008091572467977437,76186.39278955013,ACCUMULATING_PRE_EMA,0.0,,,,0.013716651087058069,0.16989969979659064,-0.3097286958524638,10.49021522924086,10.010586833591805,10.320315529444269,1.1084610092133065,-10.30659887835721,1,0.0,,0.0,0.0,9.15541313801782e-05,0.0023714897003588105,0.11462351053118668,5CTdHCps...,963729.36628818,,,,False,5558480,0.38147995543957636,31,5E4vCZrj...,0.0,0.450668879002439,0.450668879002439,0.030781674449836708,,COUNTER,838637.534343767,0.0,0.0,OK,1.0,0.0,1295.967040512703,348380.449736814,0.14694297751349106,348380.449736814,0.14694297751349106,0.0,DORMITORY,True,True,1.3086687709011375,0,,15400.165500157003,0.006495617576999992,30.0
4,2,82,15,16,kenju,2026-10-08,9240210,0.000902803,0.0009581735357642174,-0.05778758617044784,IN BAND,False,True,1.109e-06,319.760526189,562859.356377688,1.0,354186.400456999,81326.936453653,0.000900611716787907,18685.156670938944,,0.0,,,0.997572800254216,0.009114483375216123,-5.501474373028765,-0.7030822984071153,1.8043629067330915,6.6027549813547415,7.305837279761857,4.669017171381208,-7.296722796386641,1,0.0,,0.0,0.0,0.0,0.0005681002235564428,-0.3707373329990676,5FkKY8WJ...,617923.150854313,,,ENTRY_REPEATED,True,8460646,1.0,1,5E2LP6En...,0.0,0.7550842783451949,0.7550842783451949,0.45577867976928005,,COUNTER,63578.799840379,0.04568655,0.0,OK,1.0,0.0,1295.967040512703,7333.737256624,0.013029431195424494,0.0,0.0,7333.737256624,NEITHER,False,False,0.07394661507208786,,,53462.38984176399,0.09498356780603968,30.0
5,3,68,16,55,NIOME,2026-10-08,9240210,0.002060692,0.0021142810583114624,-0.025346232044598956,IN BAND,False,True,2.3867e-05,5767.684554603,2862899.945102,1.0,2798905.609578051,580258.35627955,-0.002858824195392448,53214.394937180914,ACCUMULATING_PRE_EMA,0.0,,,,0.010874810403759556,-8.410513401941978,-0.3083791565426206,-2.5828600693742345,5.519274176025123,5.827653332567744,0.9179503476871836,-5.816778522163984,1,0.0082880926400365,MINER_BURN_ONLY,60.680751024978235,60.3654385965049,0.00010681315327687457,0.0020146301530623374,-0.022352611131436616,5GeWUxaF...,1229573.609345624,,,,False,4703386,0.02012879990233185,142,5E2LP6En...,0.0,0.32749230087815767,0.32749230087815767,0.524386521792211,,COUNTER,323131.220003094,0.0,0.0,DIVERGENT,0.8596787076240683,0.046579455116870463,1295.967040512703,14841.866940702,0.005184207351044261,14841.866940702,0.005184207351044261,0.0,DORMITORY,True,True,0.03372077785807335,,,15920.121090646995,0.005560837401210606,30.0
6,4,37,17,85,Vidaio,2026-10-08,9240210,0.005795416,0.00598500925116241,-0.031678021404158506,IN BAND,False,False,0.000892499,13600.553311319,3047175.353558815,1.0,2346777.516055577,1530935.188641282,-0.006693889346863315,42352.62074480532,ACCUMULATING_PRE_EMA,0.0,,,,0.1724552904805703,-2.0412165025173663,-0.38541592708392847,2.1647042764916073,3.8205048519250453,4.205920779008974,0.8624380598677206,-4.033465488528403,1,0.0,,0.0,0.0,7.629510948348184e-05,0.004463331358805731,-0.22985142761007482,5GTPBjA4...,3416431.827310529,,,,False,5258781,0.0,0,5FR392L6...,0.179995422293431,0.31528736135872387,0.2585370796071788,0.999710074159978,,COUNTER,513754.606571334,0.0,0.0,OK,1.0,0.0,1295.967040512703,139532.840214897,0.04579087975752223,139532.840214897,0.04579087975752223,0.0,DORMITORY,True,True,0.31447277552580966,,,34431.045149574995,0.011299331726795035,30.0
7,6,2,18,90,KubeTEE,2026-10-08,9240210,0.021205302,0.0214239617343992,-0.010206316511857449,IN BAND,False,False,0.012872188,4048.114847208,444746.448316605,1.0,190901.070936364,105689.221761782,,6021.669269874139,,,,,,8.356509471891929,-2.9992973174058655,-0.12417685089426563,0.8263910361088733,3.7015115026204732,3.825688353514739,5.908984793351707,4.53082111837719,1,0.0,,0.0,0.0,3.0518043793392735e-05,0.009102073467995945,-0.5707642613155924,5C9y6fnL...,466835.332218278,0.6313860994961846,BUYBACK_GAMING,,True,8618670,0.003891169334533706,1,5E2LP6En...,0.0,0.7579051556566394,0.7579051556566394,0.36716007935296807,,COUNTER,0.0,119052.233430081,99.03929582001001,OK,-0.03184150146560234,0.0,1295.967040512703,97705.862964817,0.2196889111417083,97705.862964817,0.2196889111417083,0.0,DORMITORY,False,True,1.2212766195962665,0,,57316.16468635901,0.12887379967463375,30.0
8,7,46,19,54,Yanez,2026-10-08,9240210,0.0058009,0.0058891610242426395,-0.01498702852228256,IN BAND,False,False,0.000278901,9653.38931264,4382115.60436755,1.0,1664119.177237019,963552.387391165,-0.0018134332739084883,52764.550826608436,ACCUMULATING_PRE_EMA,0.0,,,,0.07592688995152036,-4.410772445235592,-0.1823421803544378,-0.6125155683183121,3.615914696562842,3.79825687691728,0.5997103310968644,-3.7223299869657596,1,0.12260668466602452,MINER_BURN_ONLY,927.9073296409333,925.2947409478686,0.0008850232700083893,0.0022029061266705735,-0.6202475259579422,5FUfruyV...,3785388.747377665,,,,False,4742549,0.33391878064053027,137,5HbUFHW4...,0.179995422293431,0.865219733187558,0.7094841419358537,0.004242267018662923,,COUNTER,615774.834724069,0.0,0.0,DIVERGENT,-1.0,0.7139801492033384,1295.967040512703,644081.425659809,0.14697956051589975,644081.425659809,0.14697956051589975,0.0,FORTRESS,True,True,0.9612232621439942,,,33075.318785152,0.007547796948165086,30.0
9,5,22,20,49,Nepher Robotics,2026-10-08,9240210,0.008341714,0.008858243469148874,-0.05831059746188076,IN BAND,False,False,0.002042501,4622.959313985,2474000.214376395,1.0,554197.85456843,209082.178618803,-3.683535129229573e-05,27993.272227342008,ACCUMULATING_PRE_EMA,0.0,,,,1.1610944988769625,-7.654545282925577,-0.7094456024528826,-3.7065615796494376,3.2385381008232565,3.9479837032761393,1.0622472806302576,-2.7868892043991766,1,0.0,,0.0,0.0,4.57770656900891e-05,0.001868617184073397,-0.7759912190620061,5FL781vf...,1798252.338097841,,,ENTRY_REPEATED,False,6783158,0.30697979613013493,213,5CPtyBct...,0.179995422293431,3.569837491468267,2.927283084672514,0.0,,COUNTER,794586.146282696,837.682351088,0.0,OK,1.0,0.0,1295.967040512703,511240.443771881,0.20664527060307714,511240.443771881,0.20664527060307714,0.0,DORMITORY,False,True,1.906488867601717,0,,25114.840601211992,0.010151511085273904,30.0
10,9,35,21,105,Beam,2026-10-08,9240210,0.005503046,0.005682685179635882,-0.031611671939812194,IN BAND,False,False,0.001004553,4824.213344738,2206690.263794387,1.0,876644.204911466,584896.306229186,-0.0010888053840733777,25515.73361406068,ACCUMULATING_PRE_EMA,0.0,,,,0.5472322833482347,-10.63328590118722,-0.38460867526771503,-7.298471781370563,2.9502054445489416,3.3348141198166568,1.1909238206730355,-2.787581836468422,1,0.0,,0.0,0.0,0.0018005645838101714,0.002186176022928928,-0.60273346380733,5G3ic2pA...,2218877.915163294,,,,False,6841399,0.0,131,5GbBrQUY...,0.0,0.46081134396744683,0.46081134396744683,0.007034731123725813,,COUNTER,452240.813141888,1869.377328683,0.0,OK,0.0,0.0,1295.967040512703,172284.929658926,0.07807390664908422,172284.929658926,0.07807390664908422,0.0,DORMITORY,False,True,0.6177755573042066,,,19628.871457354002,0.008895163847599665,30.0
11,8,43,8,122,CookingTAO,2026-10-08,9240210,0.004215651,0.004461032105609775,-0.055005456091922415,IN BAND,False,False,0.000303227,1389.644474622,890898.268226714,1.0,329639.320913108,59652.428787969,0.0003625880589275153,14765.783487503824,,0.0,,0.08600998017329123,0.08600998017329123,0.5734420353930894,-7.082621088544707,-0.6692330491183893,-3.6456435854768205,2.767744453949497,3.4369775030678866,2.949831752654425,-2.8635354676747973,1,0.03823734453299195,MINER_BURN_ONLY,295.2016453090473,295.1115560437692,3.0518043793392735e-05,0.0015598239711342283,-0.6299921480373427,5F3uH1G4...,482639.911410303,,,,False,8238082,1.0,0,5CfPqfaz...,0.179995422293431,0.9738881049539038,0.7985927042361766,0.33624280896647496,,COUNTER,390320.937446225,4689.887542556,0.0,DIVERGENT,-1.0,0.22771532517294488,1295.967040512703,135070.163198687,0.15161120861480293,135070.163198687,0.15161120861480293,0.0,DORMITORY,False,True,1.6327892720502037,0,,42697.87394689801,0.04792676725243375,30.0
12,10,47,22,33,ReadyAI,2026-10-08,9240210,0.003719333,0.003749534720554948,-0.008054791542369783,IN BAND,False,False,0.000235682,13076.468219988,2002137.526704489,1.0,3515809.433663721,920012.688593803,-0.0054386194078304825,19853.845720517915,ACCUMULATING_PRE_EMA,0.0,,,,0.047365411331269106,-2.9985765585500164,-0.09799996376549902,-0.59705498694069,2.303521607843827,2.4015215716093263,1.312597144275937,-2.354156160278057,1,0.0,,0.0,0.0,0.0018463416495002605,0.006531253745346764,0.7560282301549133,5HinUfk5...,35309.955007513,,,,False,2943950,0.0,209,5E2LP6En...,0.0,0.4955619369115131,0.4955619369115131,0.38757820845414315,,COUNTER,592698.514492922,0.0,0.0,DIVERGENT,1.0,0.0,1295.967040512703,138809.800536348,0.06933080204776362,138808.045342108,0.06932992538758591,1.755194239987759,DORMITORY,True,True,0.5844834926939325,,,15628.117085237,0.007805716079334881,30.0
13,11,15,9,110,Green Compute,2026-10-08,9240210,0.017250229,0.01778997667133808,-0.030339987584564108,IN BAND,False,False,0.003616476,9174.641550516,3195227.714254575,1.0,531856.3047248,475265.954843878,0.0008840356011466324,17265.49894687289,,0.0,,0.051247760313595396,0.051247760313595396,1.0359095639508085,-1.4246568047548016,-0.3691365156121966,0.5875421481241734,1.6430624372667784,2.012198952878975,0.8224765916607276,-0.9762893889281666,1,0.0,,0.0,0.0,0.0,0.0028713576530354995,-0.8335466936099516,5D53sX6A...,1714917.033459235,,,,False,5606062,1.0,155,5FmpATto...,0.179995422293431,5.539060106498093,4.542054643520272,0.0,,COUNTER,653602.202903777,0.0,0.0,OK,1.0,0.0,1295.967040512703,9205.92186508,0.0028811473510981607,9205.92186508,0.0028811473510981607,0.0,NEITHER,True,True,0.022119708757554375,,,27192.856912633,0.008510459768272544,30.0
14,14,49,23,118,Ditto,2026-10-08,9240210,0.006097624,0.006218630122020841,-0.01945864597933629,IN BAND,False,False,0.000166565,5813.449122655,2256142.367610909,1.0,953395.903334255,791014.788580194,-0.0019519015973399523,17750.698016864946,ACCUMULATING_PRE_EMA,0.0,,,,0.07529657708608063,-7.453655464056973,-0.23674685941525817,-5.711304251523307,1.5056043531184076,1.7423512125336658,1.1648201096382322,-1.667054635447585,1,0.17958802685706174,MINER_BURN_ONLY,1328.5351295180153,1328.3549509874592,6.103608758678547e-05,0.0025767208692645672,-0.5774221452053182,5HGXqHbQ...,1402302.23777602,,,,False,5724794,0.7432055057911523,28,5DPQjF6B...,0.0,1.0185774178704199,1.0185774178704199,0.32023989378748335,,COUNTER,353490.185208119,1788.13704218,0.0,DIVERGENT,-1.0,1.0249913072341277,1295.967040512703,122994.791608092,0.05451552764302483,103686.100621028,0.04595725079655503,19308.690987063994,FORTRESS,True,True,0.3284518417114952,,,49522.834926254,0.021950226030591803,30.0
15,13,26,3,61,RedTeam,2026-10-08,9240210,0.012299397,0.012597517808899283,-0.023665043655558986,IN BAND,False,False,0.001667573,14715.813404569,5063659.242822342,1.0,1196466.2964608,887613.665876027,0.001606769924520486,27736.791269571055,,0.0,,0.13063810563399864,0.13063810563399864,0.29780085704534337,6.462013611695863,-0.28792469780930097,8.211099580711624,1.46116127120646,1.7490859690157612,0.5189922690246483,-1.4512851119704178,1,0.0,,0.0,0.0,0.0010070954451819603,0.0029061618681052517,-0.7637150936663601,5ECEsYL8...,,,,,False,4457976,0.0,217,5G9hfkx9...,0.009994659342336155,0.2543002505950767,0.2517586062197082,0.02151719086206107,,COUNTER,808370.14496251,0.0,0.0,DIVERGENT,1.0,0.0,1295.967040512703,1021287.884224886,0.20168969420139116,1021287.884224886,0.20168969420139116,0.0,DORMITORY,True,True,1.406573623783933,0,,39465.00976007802,0.007793772816766661,30.0
16,15,88,24,10,Pareton,2026-10-08,9240210,0.006373546,0.006432864582166076,-0.009221176881373437,IN BAND,False,True,2.12e-07,16453.379317617,3529648.327286659,1.0,2581510.702119723,1048097.577232384,0.0019830543029549486,20791.098500712775,,0.0,,,0.3111383055766678,3.386149369348472e-05,1.1693126802700446,-0.11219098539004348,2.569994896366275,1.2884912307061869,1.4006822160962304,0.74455009573722,-1.400648354602537,1,0.36998296809515396,MINER_BURN_ONLY,2664.011276539066,2663.966231906427,1.5259021896696368e-05,0.00466147836610827,-0.26862089547823614,5HK5714c...,852523.62953112,,,,False,2869647,0.9014862514114811,201,5GKbzKzG...,0.179995422293431,1.4434408058305677,1.1836280684295242,0.24060311016832756,,COUNTER,875031.551822189,0.0,0.0,DIVERGENT,-0.997656302676008,2.0555817768733715,1295.967040512703,54315.489809349,0.015388357358281883,19284.466560087,0.005463565990697866,35031.023249262,FORTRESS,True,False,0.05607134851652606,,,24340.927145535,0.006896133803858744,30.0
17,12,13,25,53,engy,2026-10-08,9240210,0.034865345,0.03647526795975864,-0.044137385406867714,IN BAND,False,False,0.004781581,38586.702640007,5070877.839795587,1.0,1106735.220876209,1805031.631942818,-0.0011223092088040443,28724.947977497475,ACCUMULATING_PRE_EMA,0.0,,,,0.3256560941533127,-1.5143389572054087,-0.5370048557835572,0.2840534973370781,1.2613875987589296,1.7983924545424868,0.5182534628177787,-1.472736360389174,1,0.0,,0.0,0.0,0.00015259021896696368,0.007609471941363604,-0.781746833672129,5H8SFVCx...,1994299.985397215,,,,False,4203869,0.30713468141930567,177,5HotnJix...,,18.79573961863238,18.79573961863238,0.0,,COUNTER,536463.072307602,0.0,0.0,OK,1.0,0.0,1295.967040512703,161465.185950366,0.0318416635248454,147332.206648743,0.029054576210158153,14132.979301622981,DORMITORY,True,True,0.1936848930124333,,,30047.647520379993,0.005925531726394586,30.0
18,16,80,26,23,Trishool,2026-10-08,9240210,0.005236517,0.0052957599982619286,-0.011186873702994794,IN BAND,False,True,1.655e-06,8272.407389521,4593426.548296413,1.0,1579753.650220414,630092.424611887,3.250270980840306e-05,22904.119753922103,,0.0,,,0.006206932930496179,0.0005257647254545863,-1.3774713491164077,-0.13610696338643666,-0.13304874681448275,1.1083156389154882,1.244422602301925,0.5721219164753292,-1.2438968375764703,1,0.32696093164147394,MINER_BURN_ONLY,2354.9531600028276,2354.8630707375496,3.0518043793392735e-05,0.0018009229716732988,-0.6560838107327258,5CqTRwoF...,1484684.509405713,,,,False,2063528,0.8000091556925518,188,5HKsvivb...,0.0899977111467155,0.8580730495169252,0.7808484390637197,0.38237448496871657,,COUNTER,1223524.749368853,0.055431535,0.0,DIVERGENT,-0.9975275526413063,1.8170701855241103,1295.967040512703,823759.101340377,0.17933433629103934,823759.101340377,0.17933433629103934,0.0,FORTRESS,True,True,1.4704193158555665,0,,12403.704900820996,0.0027003163695784402,30.0
19,17,3,11,107,Minos,2026-10-08,9240210,0.038025749,0.03842613101005554,-0.010419524410375077,IN BAND,False,False,0.011515522,20687.465515927,1716384.508044903,1.0,544038.797658226,618396.198416557,0.001226016808458981,8213.435046408558,,0.0,,0.032241753041050716,0.032241753041050716,1.4628564235044204,-2.7293113978757475,-0.1267708803262301,-1.5139761327743384,1.088564384775179,1.215335265101409,1.5311254486871935,0.24752115840301128,1,0.0,,0.0,0.0,0.00015259021896696368,0.012052931857029898,-0.6830323616497364,5DA2vLrS...,1139938.810692782,,,,False,7457580,0.0,31,5DZStHLC...,0.179995422293431,0.7246652095649488,0.5942287891479482,0.021592504425318928,,COUNTER,406798.248425295,11728.725039684,0.0,OK,1.0,0.0,1295.967040512703,41164.694002343,0.023983375408831224,41164.694002343,0.023983375408831224,0.0,DORMITORY,False,True,0.24829232771772763,,,32154.978221971007,0.018734134496819748,30.0
20,18,8,27,80,OpenRoboto,2026-10-08,9240210,0.023764536,0.02368499501608312,0.003358285862541507,IN BAND,False,False,0.006732155,5408.126257514,2256591.517737877,1.0,227571.52521386,383063.542766852,-0.0002903473733555673,-4892.17039172462,,0.0,,,,3.2713924375228407,-5.141292332409297,0.040859144660921665,-4.169420506401211,1.0127309706690073,0.9718718260080856,1.1645882647978938,2.299520611514755,1,0.01433872408958589,MINER_BURN_ONLY,132.62012722500367,132.48499332708653,4.57770656900891e-05,0.0023965907054970155,-0.8991526404935062,5CG1eFia...,246032.029981145,0.01110671632368527,,,False,7151800,0.6704663370567051,2,5HVjAxFQ...,0.179995422293431,9.90796622674815,8.124577661695565,0.0,,COUNTER,259737.3820333,2501.379452446,0.0,DIVERGENT,-0.9684176011303169,0.10222867494737642,1295.967040512703,306300.822825276,0.13573605165915345,306300.822825276,0.13573605165915345,0.0,DORMITORY,False,True,0.9062745297129317,,,27556.699731005996,0.012211647307187542,30.0
21,20,16,28,3,Teutonic,2026-10-08,9240210,0.025635645,0.025721268029883504,-0.003328880589558288,IN BAND,False,False,0.003488677,76055.416644483,3266456.79319345,1.0,2966783.836162355,3572255.742807491,-0.03954664999786193,15202.108362040017,ACCUMULATING_PRE_EMA,0.0,,,,0.1205468796372054,-3.4224063015836714,-0.0405013805062925,-2.513188543111754,0.8687163779656245,0.909217758471917,0.8045414852803661,-0.7886708788347117,1,0.0,,0.0,0.0,4.57770656900891e-05,0.023283766313078172,-0.0917425204991654,5GsGUrd2...,3084299.594125291,,,,False,4165565,0.39998779222364644,204,5E6yHkmZ...,0.179995422293431,0.3430894234153033,0.28133489776325604,0.9821008941923276,,COUNTER,578475.334942498,0.0,0.0,DIVERGENT,1.0,0.0,1295.967040512703,387103.917644427,0.11850881311244132,387007.365406681,0.1184792544059104,96.55223774595652,DORMITORY,True,True,0.9354127140685288,,,23088.822797340985,0.0070684611060684525,30.0
22,19,78,29,45,AlphaRidge.ai,2026-10-08,9240210,0.002416297,0.0024403659626841545,-0.00986284969229825,IN BAND,False,True,1.799e-06,6229.062845931,3300559.181652507,1.0,2577937.156915506,752886.479705876,-0.0007759101295867152,15213.901899436489,ACCUMULATING_PRE_EMA,0.0,,,,0.0007589860813634774,-0.9963661249847499,-0.1199980045896287,-0.06469656804352242,0.8116715523515987,0.9316695569412274,0.7962287162153616,-0.930910570859864,1,0.20569603661622624,MINER_BURN_ONLY,1493.8712248911615,1482.11457577237,0.003982604715037752,0.0018872750049621183,-0.21893914325841637,5FbcZiAH...,1046.820237864,,,,False,3633154,0.5590434169807275,55,5E2LP6En...,0.0,0.3472658233863451,0.3472658233863451,0.22298184037845262,,COUNTER,1116519.958861736,0.0,0.0,DIVERGENT,-0.7113802438871161,1.1436360103618255,1295.967040512703,111021.033552958,0.03363703767837684,111019.200205241,0.03363648221258571,1.833347717009019,FORTRESS,True,True,0.2824003012571572,,,16854.05563053099,0.005106424306590555,30.0
23,21,56,30,125,Refinery,2026-10-08,9240210,0.00268752,0.0026953835040330887,-0.0029173971055779123,IN BAND,False,True,6.697e-05,5385.638880119,2552553.805065867,1.0,2003943.083832422,243685.630798034,-0.00024021262101779379,10895.462812780868,ACCUMULATING_PRE_EMA,0.0,,,,0.03267897531148825,-1.3537856193291393,-0.0354949981178646,-0.8184247331536372,0.49986588805763754,0.5353608861755021,1.0295571418649043,-0.5026819108640139,1,0.0,,0.0,0.0,1.5259021896696368e-05,0.002109902196549399,-0.21492595532334682,5DTzv2rL...,34991.1100368,,,,False,5834408,1.0,203,5HNaCr7K...,0.0,0.5190811970590754,0.5190811970590754,0.3896442796319187,,COUNTER,1305773.13013795,0.0,0.0,OK,1.0,0.0,1295.967040512703,226023.662897553,0.08854805036782393,226023.662897553,0.08854805036782393,0.0,DORMITORY,True,True,1.0136185571852052,0,,14751.704255512002,0.005779194243128342,30.0
24,22,10,31,38,ChronoLLM,2026-10-08,9240210,0.019337617,0.01965365745127201,-0.01608049046624423,IN BAND,False,False,0.005518104,8615.5182363,2013491.70582395,1.0,445531.694229191,286649.103354108,-0.0014355570088288021,2318.1236031099106,ACCUMULATING_PRE_EMA,0.0,,,,1.6831926895471134,-1.8459321465304122,-0.19564596733930478,-1.4032817440839207,0.24700443510718667,0.44265040244649145,1.305195344186722,1.240542287100622,1,0.0,,0.0,0.0,7.629510948348184e-05,0.004278894326398233,-0.7787269069193876,5GeWgtBA...,1955838.862554855,0.29692321742805844,BUYBACK_GAMING,,False,7284230,0.7553181748817336,10,5HbScNss...,0.0899977111467155,0.8567210117150726,0.7796180815694177,0.008850772916634875,,COUNTER,485297.062238849,10641.406258159,0.0,DIVERGENT,1.0,0.0,1295.967040512703,24909.413864565,0.012371252284037447,24909.413864565,0.012371252284037447,0.0,DORMITORY,False,True,0.10235234216800701,,,30162.587058344998,0.014980239040022283,30.0
25,25,11,32,97,Albedo,2026-10-08,9240210,0.015155591,0.015214845538139343,-0.003894521176097994,IN BAND,False,False,0.005093883,11447.671355657,1184126.805382215,1.0,755343.46352347,543295.963760061,-0.0002017478056674679,6077.257083667675,ACCUMULATING_PRE_EMA,0.0,,,,1.169384070183391,-3.55703289549866,-0.047383340975858924,-3.4141119717841684,0.0955375827386328,0.14292092371449172,2.219356903378037,1.0264631464688994,1,0.0,,0.0,0.0,7.629510948348184e-05,0.00966760595539588,-0.36210960328792985,5GnW8owm...,1396125.066702634,,,,False,7735450,0.0,28,5E2LP6En...,0.0,0.6270042889247042,0.6270042889247042,0.1717734305856502,,COUNTER,70872.776437572,4583.298014649,0.0,DIVERGENT,1.0,0.0,1295.967040512703,9128.451599618,0.00770901524914935,9128.451599618,0.00770901524914935,0.0,DORMITORY,False,True,0.0684132326337279,,,33857.46148175001,0.028592766693446677,30.0
26,96,96,33,42,Unknown,2026-10-08,9240210,0.00208292,0.0020680262241512537,0.00720192794211724,IN BAND,False,True,0.0,6748.149615959,2596063.175105217,1.0,3239753.08746636,372937.949444953,-0.0007519273179352004,-19569.705416809302,,0.0,,,,,1.0617055128298865,0.08762345662909307,1.0617055128298865,0.08762345662909307,,1.012302021461203,3.802211566354014,1,0.41000228804028466,,2952.0164738900494,2952.0164738900494,0.0,0.002599378043134679,0.24794905379691926,5EC5HHfL...,137298.44223859,0.08313918704183325,,,False,3613591,1.0,11,5Gbdb5s2...,0.179995422293431,7.847765751487563,6.435203840988634,0.0,,COUNTER,599055.097023263,0.0,0.0,DIVERGENT,-0.997967491017388,2.2778484186775225,1295.967040512703,5444.016612431,0.0020970277860092356,5444.016612431,0.0020970277860092356,0.0,EXPOSED,True,True,0.015144924583768553,,UNDEFENDED_BURNER,12356.691380114002,0.004759780693554652,30.0
27,97,97,34,115,MoirAI,2026-10-08,9240210,0.002312829,0.002298738807439804,0.006129531773942126,IN BAND,False,True,0.0,3343.8069396,1795933.322649858,1.0,1445764.392903898,162582.481380582,-0.0010310414951094963,-1211.6360356367659,,0.0,,,,,-0.06936890589752366,0.07457596991629586,-0.06936890589752366,0.07457596991629586,,1.4633059963063924,1.7164067585625649,1,0.41000228821194873,MINER_BURN_ONLY,2952.016475126031,2952.016475126031,0.0,0.0018618769958933055,-0.19497853239763713,5EkNnrTj...,103851.025117052,0.0,,,False,5683635,1.0,0,5EhTo9AX...,0.179995422293431,11.004770477478385,9.023962168142381,0.060662942953941944,,COUNTER,1025907.112810074,0.0,0.0,DIVERGENT,-0.997967491018239,2.277848419631236,1295.967040512703,2942.008322496,0.0016381500835204366,2942.008322496,0.0016381500835204366,0.0,EXPOSED,True,True,0.02122588877063556,,UNDEFENDED_BURNER,20724.09886523601,0.011539458956448385,30.0
28,24,27,35,124,Swarm,2026-10-08,9240210,0.009555333,0.009631569031625986,-0.007915224547076403,IN BAND,False,False,0.001586511,12255.218210311,3649314.905494163,1.0,1282552.692559914,321391.531125201,-7.80977163950547e-05,6503.787912626984,ACCUMULATING_PRE_EMA,0.0,,,,0.3402102546401085,1.3524003154224662,-0.09630189865609624,1.5195287223750624,0.07082650829649993,0.16712840695259618,0.7201351673004323,0.17308184768751234,1,0.0,,0.0,0.0,0.0001831082627603564,0.0033582243592791537,-0.6485497303674133,5HKYqfJr...,2365273.048386116,,,ENTRY_REPEATED,False,5813454,0.02466309540161471,10,5CMg5yeC...,,17.419818775824695,17.419818775824695,0.0,,COUNTER,897004.632666029,6243.286010635,0.0,DIVERGENT,1.0,0.0,1295.967040512703,1000000.110795789,0.2740240666241919,1000000.110795789,0.2740240666241919,0.0,DORMITORY,True,True,2.2945906304423125,0,,24007.670585311993,0.006578678795071278,30.0
29,26,5,36,120,Affine,2026-10-08,9240210,0.04536817,0.045526097528636456,-0.0034689450053810985,IN BAND,False,False,0.008241554,76508.306217672,2736812.540423202,1.0,1686387.373206246,1560984.221452603,-0.0050901304439632976,5976.361354524037,ACCUMULATING_PRE_EMA,0.0,,,,0.28309088232039853,-1.548947569218704,-0.04220549756547003,-1.4720916234623793,0.03465044819085473,0.07685594575632476,0.960241142271887,0.20623493656407377,1,0.0,,0.0,0.0,0.001739528496223386,0.02795526002882217,-0.3838133645500321,5EfNFhH2...,3104447.125571046,,,,False,5749344,0.0,60,5E2LP6En...,0.0,0.2845481468657668,0.2845481468657668,0.01141392254402295,,COUNTER,188525.853632295,0.0,0.0,DIVERGENT,1.0,0.0,1295.967040512703,46566.07209636,0.01701471014494816,46565.469440358,0.017014489941337904,0.6026560020036413,DORMITORY,True,True,0.11840013332635439,,,21160.224109328003,0.007731703869661432,30.0
30,98,98,37,117,everyframe.studio,2026-10-08,9240210,0.002624961,0.0026224551256746054,0.0009555451686708609,IN BAND,False,True,0.0,2929.264400975,1921245.774359216,1.0,1115926.837837217,239156.68501561,-0.0007537834211656891,-631.445514516905,,0.0,,,,,-1.2360927826325825,0.011625799552162142,-1.2360927826325825,0.011625799552162142,,1.3678624750008908,0.9282014633903146,1,0.0,,0.0,0.0,0.0,0.0015246692745242258,-0.4191649801561906,5FFDV7LG...,1294357.051498461,1.2675520218886995,BUYBACK_GAMING,,False,5710859,1.0,7,5E2LP6En...,0.0,1.0968509494532204,1.0968509494532204,0.5525613049913785,,COUNTER,289424.602021989,217788.898619173,2952.016473152995,OK,0.0020283862698539106,0.0,1295.967040512703,184995.455974437,0.09628932354380203,154144.143623114,0.08023135076225475,30851.312351322995,DORMITORY,True,True,0.5627338770247827,,,23641.367006805995,0.012305227848681145,30.0
31,99,99,38,39,deprecated,2026-10-08,9240210,0.008091474,0.00808947510086,0.0002470987443656734,IN BAND,False,True,0.0,18988.592869567,3873288.627146698,1.0,2346740.734250657,1117345.129354185,-0.008167090216750057,584.8047299808823,ACCUMULATING_PRE_EMA,0.0,,,,,8.275838507662385,0.003006368056449026,8.275838507662385,0.003006368056449026,,0.6784932012505213,0.6238907832525089,1,0.41000228793344123,MINER_BURN_ONLY,2952.016473120777,2952.016473120777,0.0,0.004902447170211315,-0.39412186577979297,5DkwfxC9...,645117.719803254,,,,False,3280104,1.0,136,5GP7c3fF...,0.0009918364232852674,2.023936681280901,2.0219292671619833,0.21179289191375075,,COUNTER,1622149.333243942,0.0,0.0,DIVERGENT,-0.9979674910168583,2.277848418083933,1295.967040512703,423111.678878092,0.10923835520870594,421536.734469113,0.10883173836173494,1574.9444089789758,FORTRESS,True,True,1.0552172724636244,0,,10283.193258090001,0.002654899814596371,30.0
32,100,100,39,73,Parked,2026-10-08,9240210,0.003078215,0.0030783640686422586,-4.8424630399341034e-05,IN BAND,False,True,0.0,6819.356879242,3623288.364827286,1.0,2215360.544678507,582420.054152886,-0.0012004820451322843,296.41319462796673,ACCUMULATING_PRE_EMA,0.0,,,,,-0.37903671847663156,-0.0005891663365253159,-0.37903671847663156,-0.0005891663365253159,,0.725307989701027,0.6961610017427469,1,0.41000228793515514,MINER_BURN_ONLY,2952.016473133117,2952.016473133117,0.0,0.001882090574253,-0.38857728448045376,5GHtVze5...,1850901.920415652,,,,False,5160047,1.0,0,5Dnkprjf...,0.179995422293431,0.9494346966429564,0.778540797480672,0.6309974362104749,,COUNTER,1637366.608840007,0.0,0.0,DIVERGENT,-0.9979674910168669,2.2778484180934546,1295.967040512703,1005929.092553889,0.277628770130152,937877.922518151,0.2588471653602038,68051.17003573803,FORTRESS,True,True,2.623684889482621,0,,9940.050449337996,0.002743378237799137,30.0
33,101,101,40,29,hoτfloaτ,2026-10-08,9240210,0.00253317,0.0025333010125905275,-5.1716156065326546e-05,IN BAND,False,True,0.0,7938.670980793,3009783.58661711,1.0,3133886.963467285,210146.620888388,-0.011022358310089313,463.62910736817867,ACCUMULATING_PRE_EMA,0.0,,,,,-0.1273708678705937,-0.0006292132321281396,-0.1273708678705937,-0.0006292132321281396,,0.873152479030487,0.8181322241776343,1,0.0,,0.0,0.0,0.0,0.0026376218596220686,0.041233655704934376,5HHHHHzg...,13899.439560106,,,,False,3379782,1.0,37,5E2LP6En...,0.0,0.33098514157367576,0.33098514157367576,0.06980115673976407,,COUNTER,610829.352749762,0.0,0.0,OK,1.0,0.0,1295.967040512703,3165.974907187,0.001051894535296288,3165.974907187,0.001051894535296288,0.0,NEITHER,True,True,0.007331840364464747,,,11829.57376868,0.003930373539572665,30.0
34,102,102,41,52,Dojo,2026-10-08,9240210,0.006023441,0.006024139933288097,-0.00011602208710909733,IN BAND,False,True,0.0,17484.712342982,3217487.601945301,1.0,2902777.655316114,767433.459646538,-0.001055169699966047,307.5505014779046,ACCUMULATING_PRE_EMA,0.0,,,,,-0.813153638884501,-0.0014116020598273508,-0.813153638884501,-0.0014116020598273508,,0.8167863641218398,0.782923590813367,1,0.41000228793415266,MINER_BURN_ONLY,2952.016473125899,2952.016473125899,0.0,0.005434274970449209,-0.09781220228616683,5Fv1ZvNP...,57879.584297745,,,,False,3989825,1.0,158,5EgfUiH6...,0.179995422293431,18.615994324117473,15.265200564335833,0.0,,COUNTER,1245574.600681748,0.0,0.0,DIVERGENT,-0.9979674910168619,2.2778484180878853,1295.967040512703,167638.354572778,0.05210225346988856,167638.354572778,0.05210225346988856,0.0,FORTRESS,True,True,0.4723164191188092,,,8777.574274358,0.0027280833247192797,30.0
35,103,103,42,37,Aurelius,2026-10-08,9240210,0.002738018,0.002738387556746602,-0.0001349541432481051,IN BAND,False,True,0.0,7216.105532702,3567696.759510272,1.0,2635521.379437806,360646.223364452,-0.0011818962588911177,-0.7117646029219031,,0.0,,,,,-0.2671825979348865,-0.0016419420761852785,-0.2671825979348865,-0.0016419420761852785,,0.7366096888684952,0.7375057443074718,1,0.39712052762889977,MINER_BURN_ONLY,2859.2677989280783,2859.2677989280783,0.0,0.0020226230027723924,-0.2612820650659008,5GRBbS3a...,1520653.195324955,,,,False,3212175,1.0,110,5E2LP6En...,0.0,0.38015983004373194,0.38015983004373194,0.21585862747791054,,COUNTER,1377589.42929255,0.0,0.0,DIVERGENT,-0.9979116769722629,2.206281262984058,1295.967040512703,45507.151093348,0.012755330444506344,45507.151093348,0.012755330444506344,0.0,FORTRESS,True,True,0.11543612615963555,,,11539.008901731002,0.003234302038415095,30.0
36,104,104,43,104,TAOstatus,2026-10-08,9240210,0.004119307,0.004120600176975131,-0.0003138321893875986,IN BAND,False,True,0.0,5893.125731171,3266394.83270778,1.0,1430610.900938676,76366.620443552,-0.0017383027949343672,527.4847230357118,ACCUMULATING_PRE_EMA,0.0,,,,,-0.4810746840036827,-0.003818291637549116,-0.4810746840036827,-0.003818291637549116,,0.8045567466874289,0.415520777161858,1,0.0,,0.0,0.0,0.0,0.001804168213885432,-0.5620214240197606,5HBb3F1b...,1204224.640993676,,,,False,5528520,1.0,25,5Coeuhim...,0.179995422293431,1.272379631119296,1.0433571220984184,0.42204046754356517,,COUNTER,340321.172598343,260280.525595766,2952.0164731050027,OK,0.0020283862698966394,0.0,1295.967040512703,3017.92106809,0.0009239302725654266,3017.92106809,0.0009239302725654266,0.0,NEITHER,True,True,0.005747014667470675,,,9719.601391127997,0.00297563579693476,30.0
37,105,105,44,12,Compute Horde,2026-10-08,9240210,0.004817106,0.004818635294213891,-0.0003173708157011909,IN BAND,False,True,0.0,12708.963946697,3739556.959592655,1.0,2638298.224574309,428317.461127535,-0.0016389071287063602,-119.84855142841116,,0.0,,,,,0.4674757162010288,-0.0038613449243644895,0.4674757162010288,-0.0038613449243644895,,0.7027570453924212,0.7152886617599857,1,0.38722729784904986,MINER_BURN_ONLY,2788.171678411076,2788.036544513159,4.57770656900891e-05,0.003398521291164227,-0.2944889958484976,5ELzhHvg...,1660196.740832426,,,,False,2256433,0.006042849295000874,157,5Hdt5YNb...,,3.8256266655933207,3.8256266655933207,0.0,,COUNTER,1689413.73342824,0.0,0.0,DIVERGENT,-0.9978480521674981,2.1513174774955477,1295.967040512703,3870.537061652,0.0010350255667916375,3870.537061652,0.0010350255667916375,0.0,EXPOSED,True,True,0.010488527533792888,,UNDEFENDED_BURNER,12308.705194030998,0.0032914875550850735,30.0
38,106,106,45,84,SN84,2026-10-08,9240210,0.002345168,0.002345959423109889,-0.0003373558391900853,IN BAND,False,True,0.0,1442.544454062,927581.824212498,1.0,615113.265407555,71005.809779848,-0.004139727322791386,334.52906083269045,ACCUMULATING_PRE_EMA,0.0,,,,,-2.7846554892387076,-0.004104496043479371,-2.7846554892387076,-0.004104496043479371,,2.833173237553603,2.71927696914013,1,0.4100022879355553,MINER_BURN_ONLY,2952.0164731359982,2952.0164731359982,0.0,0.0015551667965105903,-0.33686337332310934,5FRdKaxK...,1048789.799249664,,,,False,8085297,1.0,0,5DvbToTj...,0.179995422293431,2.0781347458654795,1.7040800047007707,1.0,,COUNTER,102475.039505767,61159.068233539,0.0,DIVERGENT,-0.9979674910169477,2.277848418095678,1295.967040512703,660.436412233,0.0007119980092254394,660.436412233,0.0007119980092254394,0.0,EXPOSED,False,True,0.004587845680358169,,,21661.309505891008,0.023352451439290663,30.0
39,107,107,46,119,CapabilityForge Next,2026-10-08,9240210,0.002259483,0.002260268433019519,-0.0003474954602934125,IN BAND,False,True,0.0,3069.621413415,1706546.350817431,1.0,1358550.044102603,73974.473420332,-0.0008647727937628405,976.0384607256856,ACCUMULATING_PRE_EMA,0.0,,,,,0.4887473485923995,-0.004227861433569852,0.4887473485923995,-0.004227861433569852,,1.5399523128927586,1.3347897529730812,1,0.4100022880769393,MINER_BURN_ONLY,2952.016474153963,2952.016474153963,0.0,0.0017987331032319515,-0.20391828430134176,5GbLENPL...,102257.367414963,,,,False,5740660,1.0,0,5HMwvi1d...,0.179995422293431,11.164249232946217,9.154735477672949,0.05952998626583244,,COUNTER,944950.42558057,0.0,0.0,DIVERGENT,-0.9979674910177275,2.2778484188811645,1295.967040512703,20722.542632217,0.012142970873478449,20722.542632217,0.012142970873478449,0.0,FORTRESS,True,True,0.1511631470583897,,,20813.534422560002,0.012196290134510778,30.0
40,108,108,47,126,Attelier,2026-10-08,9240210,0.004297393,0.0043055780697613955,-0.0019010385199795029,IN BAND,False,True,0.0,2432.98336783,1484004.718202451,1.0,566153.411739287,69400.064653983,-0.0001583244541660852,1279.7466484364122,ACCUMULATING_PRE_EMA,0.0,,,,,-0.03421855485298276,-0.02312930199308395,-0.03421855485298276,-0.02312930199308395,,1.7708838575548806,1.460464940147394,1,0.4100022879380493,MINER_BURN_ONLY,2952.0164731539553,2952.0164731539553,0.0,0.001639471450452685,-0.6184962719368033,5DqrUa2z...,590818.298814498,,,ENTRY_REPEATED,False,7525773,1.0,2,5G9hfkx9...,0.009994659342336155,0.6865673315652976,0.6797053249707257,0.013520112311542452,,COUNTER,498830.129053771,5493.154491675,0.0,DIVERGENT,-0.9979674910168024,2.277848418109534,1295.967040512703,171439.094523612,0.11552462901281957,1096.553699538,0.0007389152379961678,170342.540824074,EXPOSED,False,False,1.1350362286058546,0,,43074.80747690801,0.029026058305989602,30.0
41,109,109,48,57,SN57,2026-10-08,9240210,0.00232787,0.0023326368536800146,-0.0020435472724758736,IN BAND,False,True,0.0,1230.92521619,1059783.804525972,1.0,528777.393456093,35773.357468192,-0.00013780237056893412,846.6601343383081,ACCUMULATING_PRE_EMA,0.0,,,,,-2.844352217489029,-0.024863158481789795,-2.844352217489029,-0.024863158481789795,,2.479751048069159,2.199223161531916,1,0.41000228796777566,MINER_BURN_ONLY,2952.016473367985,2952.016473367985,0.0,0.0011614870985319286,-0.5010515627883307,5HdpnCSY...,830504.49741126,,,,False,8057320,1.0,0,5Ejcqsbx...,0.179995422293431,2.0221583584425398,1.6581791107704835,0.5586754158400733,,COUNTER,486008.86002404,6427.093693354,0.0,DIVERGENT,-0.9979674910171075,2.2778484182746848,1295.967040512703,1254.306998862,0.001183549883953016,1254.306998862,0.001183549883953016,0.0,EXPOSED,False,True,0.013849237648045161,,,37412.425003626995,0.03530194068247825,30.0
42,110,110,49,69,Herald,2026-10-08,9240210,0.005643166,0.0056611422915011644,-0.0031753823831899937,IN BAND,False,True,0.0,3691.33913254,1382289.149167502,1.0,654125.488288348,80618.940800177,0.0011393261345515797,4689.615102213458,,0.0,,,0.2018948467139864,,-2.613623684746633,-0.038633818995478256,-2.613623684746633,-0.038633818995478256,,1.9011941181645968,0.6625108162042026,1,0.41000228797375005,MINER_BURN_ONLY,2952.0164734110003,2952.0164734110003,0.0,0.00267045367082795,-0.5267809469315717,5HBPFVcJ...,942074.299062279,,,,False,8138182,1.0,0,5FWB5CFZ...,0.179995422293431,1.7220513509644664,1.4120899908366438,0.5056538126993331,,COUNTER,409796.413921752,4110.268380516,0.0,DIVERGENT,-0.9979674910170582,2.2778484183078764,1295.967040512703,485.813350565,0.00035145566385845256,485.813350565,0.00035145566385845256,0.0,EXPOSED,False,True,0.002956539865726503,,,24495.845701430004,0.017721216806326576,30.0
43,111,111,50,121,sundae_bar,2026-10-08,9240210,0.003791047,0.0038043877575546503,-0.003506676607335441,IN BAND,False,True,0.0,5724.50620935,3015305.504704265,1.0,1510006.430888909,554649.423241569,-0.0014768339828714987,733.2745764248539,ACCUMULATING_PRE_EMA,0.0,,,,,-3.084808464803803,-0.042664565389247865,-3.084808464803803,-0.042664565389247865,,0.8715534780472431,0.7837745076764608,1,0.41000228793748345,MINER_BURN_ONLY,2952.0164731498808,2952.0164731498808,0.0,0.0018984829896735284,-0.4992193476700425,5CXGaDJs...,2059727.168997361,,,,False,5766528,1.0,0,5EL9y2gd...,0.179995422293431,0.9140945931753218,0.7495617508605877,0.7474325128565107,,COUNTER,1376848.923433183,0.0,0.0,DIVERGENT,-0.9979674910168784,2.27784841810639,1295.967040512703,202885.709556554,0.06728529140414667,202885.709556554,0.06728529140414667,0.0,FORTRESS,True,True,0.6879296306987455,,,14023.965532486001,0.00465092691623015,30.0
44,112,112,51,24,Quasar,2026-10-08,9240210,0.005083485,0.005105448188260198,-0.004301911889087753,IN BAND,False,True,0.0,9765.192910816,4170164.724792079,1.0,1920964.144631468,1607426.131960159,-0.003987432863262727,8383.864776840666,ACCUMULATING_PRE_EMA,0.0,,,,,2.0948724710126245,-0.052339927983901,2.0948724710126245,-0.052339927983901,,0.6301909333164363,-0.10411629190143563,1,0.41000228793918114,MINER_BURN_ONLY,2952.0164731621044,2952.0164731621044,0.0,0.002341680378417878,-0.5393553087266161,5ELutYW7...,344761.03902982,,,,False,2538424,1.0,155,5ELpkVn8...,0.179995422293431,3.125312580913771,2.562770623113224,0.0,,COUNTER,750023.920916498,0.0,0.0,DIVERGENT,-0.9979674910168869,2.277848418115822,1295.967040512703,700000.000065042,0.1678590766219537,0.0,0.0,700000.000065042,EXPOSED,True,False,0.8596922131214635,182673,TAKEOVER_IMMINENT,16148.681332836999,0.003872432481343326,30.0
45,28,91,52,81,Reliquary,2026-10-08,9240210,0.005854072,0.005847188411280513,0.0011772476334450466,IN BAND,False,True,9.4e-08,17554.470771841,2606835.483128724,1.0,2998676.880506258,952629.547172547,-0.010295262693937652,6729.55775454361,ACCUMULATING_PRE_EMA,0.0,,,,1.4072312586960026e-05,-1.0592091194011892,0.014323179540248067,-1.1270290941160217,-0.053496795174584354,-0.06781997471483242,1.0081188540697146,0.06783404702741938,1,0.2978484121597412,MINER_BURN_ONLY,2145.12858858204,2144.543008357732,0.00019836728465705278,0.006734015585353366,0.1503130787174066,5GnpQR4N...,133407.944083187,,,,False,5203057,0.9118006165867953,237,5H47sFL6...,0.179995422293431,7.80062558391792,6.396548687787672,0.05420252700970518,,COUNTER,904344.010782836,0.0,0.0,DIVERGENT,-1.0,1.6547820595108038,1295.967040512703,449443.000258793,0.1724094225230399,445767.258462308,0.1709993827179681,3675.741796485032,FORTRESS,True,True,1.5854271337604466,0,,15310.483482398,0.0058732066451782205,30.0
46,113,113,53,95,Actual,2026-10-08,9240210,0.033575923,0.033730824245139956,-0.004592275718322375,IN BAND,False,True,0.0,24343.68263565,3056355.702480259,1.0,725033.903875909,717909.123038548,-0.0011390409750780188,2043.1099054940278,ACCUMULATING_PRE_EMA,0.0,,,,,3.7800872502404395,-0.05587268790625556,3.7800872502404395,-0.05587268790625556,,0.859847562202055,0.6161732607303912,1,0.4100022879352845,MINER_BURN_ONLY,2952.0164731340483,2952.0164731340483,0.0,0.007964937659544959,-0.7627782962349253,5D5UhUuc...,499528.270106463,,,,False,5403674,1.0,0,5ExqqyEB...,0.179995422293431,2.1570070748861894,1.7687556755521314,0.0,,COUNTER,1144231.268469142,14658.86980412,0.0,DIVERGENT,-0.9979674910168675,2.2778484180941736,1295.967040512703,9024.997700073,0.0029528623558930447,9024.997700073,0.0029528623558930447,0.0,EXPOSED,True,True,0.02755579289888128,,UNDEFENDED_BURNER,18946.529270813004,0.0061990589823814465,30.0
47,27,6,54,15,ORO,2026-10-08,9240210,0.023443296,0.0236445558257401,-0.008511888623469223,IN BAND,False,False,0.007100838,14025.935876478,1661496.512290364,1.0,598292.288545192,612958.188941743,-0.0009198017926109515,3217.7067171919625,ACCUMULATING_PRE_EMA,0.0,,,,1.3304639653525845,-0.8593117509482812,-0.1035613115855422,-0.8268623383832324,-0.07111189902049346,0.03244941256504874,1.5817066003811926,1.2980145527875357,1,0.0,,0.0,0.0,0.0005188067444876765,0.008441748612004803,-0.6399077752546056,5EHdase3...,216.588029224,0.0,,,False,7366897,0.0,76,5DWsubqY...,0.0,0.6155789487619407,0.6155789487619407,0.030993911092798608,,COUNTER,375749.883265379,2797.563389807,0.0,DIVERGENT,1.0,0.0,1295.967040512703,1010.651574802,0.000608277879204707,1010.651574802,0.000608277879204707,0.0,NEITHER,False,True,0.005987345925412628,,,30040.667320972003,0.01808048774027284,30.0
48,114,114,55,30,Endure Network,2026-10-08,9240210,0.003346172,0.0033748717978596687,-0.008503966840420402,IN BAND,False,True,0.0,8437.110463908,3577363.954493618,1.0,2521421.444961487,421975.144284729,-0.0016359655505931488,30114.00579872122,ACCUMULATING_PRE_EMA,0.0,,,,,2.129488050779623,-0.10346492989178155,2.129488050779623,-0.10346492989178155,,0.7346191311339463,-2.323687556257151,1,0.4055693984158088,MINER_BURN_ONLY,2920.1897578591015,2920.0996685938235,3.0518043793392735e-05,0.0023584713692074667,-0.2951732997564182,5HTogQKF...,1102059.249912687,,,,False,3250216,0.9962614255413303,218,5CtFePDA...,,1.4240219898569815,1.4240219898569815,0.0,,COUNTER,873055.387578436,18187.150616168,0.0,DIVERGENT,-0.9979453390027644,2.253220627770433,1295.967040512703,4962.596266974,0.0013872215212378256,4962.596266974,0.0013872215212378256,0.0,EXPOSED,True,True,0.010281958022978955,,UNDEFENDED_BURNER,11746.913009438002,0.0032836784735538033,30.0
49,115,115,56,72,StreetVision by NATIX,2026-10-08,9240210,0.002029955,0.002050253329798579,-0.009900400844891402,IN BAND,False,True,0.0,6042.515869233,2571806.239232222,1.0,2976673.693687966,248421.71286388,-0.000693472829379333,24657.654142845422,ACCUMULATING_PRE_EMA,0.0,,,,,-0.9085334163482119,-0.12045487694617872,-0.9085334163482119,-0.12045487694617872,,1.0218499200719544,-2.4617251931917212,1,0.4100022879366588,MINER_BURN_ONLY,2952.0164731439436,2952.0164731439436,0.0,0.0023495222062440094,0.15742575881928886,5FjP8fFb...,0.024751649,,,,False,5064327,1.0,119,5EAHFCo6...,,0.401583325245866,0.401583325245866,0.06357393560201434,,COUNTER,551686.264906202,0.0,0.0,DIVERGENT,-0.9979674910168743,2.277848418101809,1295.967040512703,330514.358463489,0.12851448659762157,324526.145092933,0.12618607892864273,5988.213370556012,FORTRESS,True,True,0.8924831451634906,,,11667.635439407,0.004536747466205002,30.0
50,116,116,57,27,Orion,2026-10-08,9240210,0.00226954,0.002301003783941269,-0.01367393837457157,IN BAND,False,True,0.0,6143.493570919,3528479.793721469,1.0,2706933.308954274,837025.477388734,-0.002571603639063033,-4967.05631667003,,0.0,,,,,1.278078357643478,-0.1663662502239541,1.278078357643478,-0.1663662502239541,,0.7447966698509167,1.2623081604153836,1,0.4100022879373541,SKIN_IN_GAME,2952.0164731489494,2952.0164731489494,0.0,0.001741116268215749,-0.23283296693790412,5GLT9wjW...,96837.039744394,0.20053384612924696,BUYBACK_JUSTIFIED,,False,1727132,1.0,203,5H6Bqkzj...,0.179995422293431,11.126796270801709,9.124023877265781,0.0,,COUNTER,1393900.934084704,0.0,0.0,DIVERGENT,-0.9978939455830069,2.2778484181056715,1295.967040512703,29259.979274079,0.008292517170182985,29259.979274079,0.008292517170182985,0.0,FORTRESS,True,True,0.07615748910099147,,,11765.064959095002,0.0033343155259184434,30.0
51,30,28,4,83,CliqueAI,2026-10-08,9240210,0.007913327,0.007921380456537008,-0.0010166733666179067,IN BAND,False,False,0.001576205,8076.337169228,2927060.323488121,1.0,1020599.429002512,155256.60169175,0.000950791968390149,2955.6837482220726,,0.0,,0.12015072401155026,0.12015072401155026,0.5128892780483001,-1.8746356100688888,-0.012369525960517864,-2.0647070710432742,-0.20244098693490328,-0.19007146097438543,0.8978291219048958,0.7029607390226855,1,0.0,,0.0,0.0,0.0018616006713969568,0.0027591973777990287,-0.6513227144791276,5DqEjRLy...,1170835.583604939,,,,False,5231190,0.0,198,5E2LP6En...,0.0,0.39393908018022333,0.39393908018022333,0.09219923091008973,,COUNTER,345172.824104195,26063.92679357,0.0,DIVERGENT,1.0,0.0,1295.967040512703,8057.340853611,0.002752707482300612,8057.340853611,0.002752707482300612,0.0,NEITHER,True,True,0.01913524375698561,,,16374.438677118002,0.005594158256911118,30.0
52,31,17,1,9,iota,2026-10-08,9240210,0.024433279,0.024501372361555696,-0.0027791652055596644,IN BAND,False,False,0.003311115,53392.101053099,4078386.814805232,1.0,2185220.451903325,1143756.783717901,0.01301328860220348,4077.4630430783145,,0.0,,0.5326050835094004,0.5326050835094004,0.1629756096570569,0.6457078500903263,-0.03381317666764258,0.4420570633563511,-0.23746396340161774,-0.20365078673397516,0.644372424523323,0.36662639639103206,1,0.0,,0.0,0.0,1.5259021896696368e-05,0.013091475496948125,-0.46419490003989533,5Fsbubec...,22733.858260142,,,,False,1489797,0.14999847407452627,254,5E2LP6En...,0.0,0.3084659869939369,0.3084659869939369,0.31822066229207996,,COUNTER,1208010.008104386,46681.104420658,0.0,OK,1.0,0.0,1295.967040512703,566487.003304132,0.13889977312786728,566487.003304132,0.13889977312786728,0.0,DORMITORY,True,True,1.226061838392702,0,,16340.699535039997,0.004006657601902915,30.0
53,117,117,58,58,Attune,2026-10-08,9240210,0.010382047,0.010597972199320793,-0.020374199446817884,IN BAND,False,True,0.0,1280.226510754,719924.958781043,1.0,123311.56220243,32996.405413223,,6122.034396353978,,,,,,,34.60230730475892,-0.24788609326961758,34.60230730475892,-0.24788609326961758,,3.6503804569432585,0.5269505805546278,1,0.4100022879622217,MINER_BURN_ONLY,2952.016473327996,2952.016473327996,0.0,0.0017782777151130363,-0.8287160792940894,5DCsuLti...,874763.576131492,,,,True,8511017,1.0,0,5DsnuvVc...,0.179995422293431,1.9315163257575108,1.5838522290361314,0.5681346517731795,,COUNTER,139300.610647017,0.045668707,0.0,DIVERGENT,-0.9864098339882273,2.2778484182438286,1295.967040512703,213417.539421567,0.2964441457661361,213417.539421567,0.2964441457661361,0.0,FORTRESS,False,True,2.042031135271644,0,,50274.49454765199,0.06983296513677673,30.0
54,32,4,7,64,Chutes,2026-10-08,9240210,0.069681445,0.06987649132497609,-0.0027913010696113214,IN BAND,False,False,0.009282537,202365.096137425,3484705.792558137,1.0,2904146.112965955,5088568.851271972,0.006078987608972017,4877.535188051406,,0.0,,0.08723968925977378,0.08723968925977378,0.12054700984320849,-0.44547337966591644,-0.033960829680271074,-0.6683668180693311,-0.2568542680836857,-0.22289343840341463,0.7541526190280685,0.3434404482466231,1,0.0,,0.0,0.0,0.00010681315327687457,0.05807236196800073,-0.16660221429103925,5FRYKhbm...,736743.092975508,,,,False,4531295,0.5505890611646929,127,5CLbM842...,,17.229637543690686,17.229637543690686,0.0,,COUNTER,274207.517615115,0.0,0.0,OK,1.0,0.0,1295.967040512703,798501.549788805,0.229144609996651,798501.187246022,0.22914450595837504,0.36254278291016817,DORMITORY,True,True,1.5780897645850978,0,,15490.373372193002,0.004445245680503046,30.0
55,40,9,59,114,SOMA,2026-10-08,9240210,0.021419,0.02114492910914123,0.012961542195016653,IN BAND,False,False,0.006242248,9319.999117952,1952120.624310823,1.0,435127.868046007,284028.231182752,-0.00033109223172571404,-2322.6556469380157,,0.0,,,,1.7601533579978268,1.047580187479142,0.1576987633727026,0.6270801249391895,-0.2628012991672498,-0.4205000625399524,1.3462282849082596,2.180653420537779,1,0.0,,0.0,0.0,0.00015259021896696368,0.004774294683374054,-0.7771000194512324,5FHrQMjz...,1217900.432654025,0.0,,,False,7312241,0.0,5,5E2LP6En...,0.0,0.4800042290056582,0.4800042290056582,0.28129768662638105,,COUNTER,373811.447473431,13816.272943106,0.0,OK,1.0,0.0,1295.967040512703,146039.760277138,0.07481082800848739,146039.760277138,0.07481082800848739,0.0,DORMITORY,False,True,0.642027091273337,,,32475.536306978986,0.016636029506857015,30.0
56,118,118,60,87,Provenonce,2026-10-08,9240210,0.003951188,0.004045463167130947,-0.023303924232193105,IN BAND,False,True,0.0,1645.322297298,1937230.994599936,1.0,416412.044020214,123536.056185445,-0.0004810604927689679,8785.268351988401,ACCUMULATING_PRE_EMA,0.0,,,,,-6.806508351671477,-0.28353107815834944,-6.806508351671477,-0.28353107815834944,,1.356575445739612,-0.2995850272783263,1,0.4100022879405555,MINER_BURN_ONLY,2952.0164731719997,2952.0164731719997,0.0,0.0008493165254346867,-0.7850478070305218,5HartH15...,4263.334595571,,,ENTRY_REPEATED,False,7208725,1.0,2,5G9hfkx9...,0.009994659342336155,0.5322047935526758,0.5268855879407585,0.2248130627193652,,COUNTER,815815.442216543,811.040088965,0.0,DIVERGENT,-0.9979674910170514,2.2778484181234577,1295.967040512703,168043.400680947,0.08674412145447331,168043.400680947,0.08674412145447331,0.0,FORTRESS,False,True,0.8722048025496288,,,24623.549298299007,0.012710693441792726,30.0
57,33,72,61,74,Gittensor,2026-10-08,9240210,0.003122505,0.0031202256213873625,0.0007305172411294538,IN BAND,False,True,7.697e-06,5862.111291453,3461886.141554873,1.0,1877374.324105579,362769.376599196,-0.0012658894502273344,2830.757841237122,ACCUMULATING_PRE_EMA,0.0,,,,0.0034505854621852965,-1.5463467887490616,0.00888795976707502,-1.8491772212249684,-0.29394247270883184,-0.30283043247590685,0.7591237529318798,0.30628101793809215,1,0.0,,0.0,0.0,0.00015259021896696368,0.0016933287380792048,-0.4577018329580882,5D1VXeeS...,216.588029224,,,,False,5086205,0.7419916062571537,195,5E2LP6En...,0.0,0.2906644793395949,0.2906644793395949,0.07475965206775523,,COUNTER,531791.422968235,198578.847372039,1478.7753852929745,OK,0.004018815275781946,0.0,1295.967040512703,378229.609193408,0.1092553578389871,378229.609193408,0.1092553578389871,0.0,DORMITORY,True,True,0.740980974166516,,,18895.64269736801,0.0054581929979017774,30.0
58,119,119,62,94,Cathedral,2026-10-08,9240210,0.004437744,0.004549083532765508,-0.024475156801049343,IN BAND,False,True,0.0,2279.512533383,2070243.819849707,1.0,513664.6784709,139736.207789271,-7.290167659344193e-05,6872.276351623645,ACCUMULATING_PRE_EMA,0.0,,,,,-9.375504846486665,-0.29778107441276697,-9.375504846486665,-0.29778107441276697,,1.2694156962588032,0.056724133090455486,1,0.4100022879356887,MINER_BURN_ONLY,2952.0164731369587,2952.0164731369587,0.0,0.0011010840904471268,-0.7518820169781928,5CnwnkkC...,848268.370303316,,,,False,6962737,1.0,0,5EeKtCKE...,0.179995422293431,1.7619130318223268,1.4447767516151677,0.387126310488486,,COUNTER,848609.299896878,0.075116968,0.0,DIVERGENT,-0.9979674910168695,2.2778484180964194,1295.967040512703,273.723032556,0.00013221777547722444,273.723032556,0.00013221777547722444,0.0,EXPOSED,False,True,0.0012519443873204744,,,23108.84332326401,0.011162377639625866,30.0
59,23,36,63,25,UR,2026-10-08,9240210,0.006495034,0.006769178668037057,-0.04049895585287511,IN BAND,False,False,0.000896662,13033.879666419,4123720.150776282,1.0,2006745.399220073,773228.403608235,-0.00189072698649151,,,,,,,0.18079250356063922,-1.5722132343738786,-0.49273729620998047,-1.3914207308132394,-0.3119447926493413,0.18079250356063922,0.6372886383925166,,,,,,,1.5259021896696368e-05,0.003160709066051778,-0.5133652778335297,5HTeZ516...,1505039.741591786,,,,False,2998801,1.0,204,5E2LP6En...,0.0,0.3288157795473074,0.3288157795473074,0.39836108101509204,,,1038889.986293631,0.0,,NO_ESTIMATE,,,,1127967.935201434,0.2735316398686987,1127967.935201434,0.2735316398686987,0.0,,True,True,2.0317808696920863,0,,11210.404437391995,0.0027185172677834744,30.0
60,29,18,64,28,SayGM,2026-10-08,9240210,0.023256739,0.02378237363882363,-0.022101857737427674,IN BAND,False,False,0.003146975,23884.192387062,5247442.967452573,1.0,1026979.45058337,6639054.527257615,-0.0018433106521580824,2113.123969828477,ACCUMULATING_PRE_EMA,0.0,,,,0.3462645990274291,4.380891207500543,-0.26890593580537003,4.305474100406044,-0.34432304289986965,-0.07541710709449961,0.5008153526013053,0.42168170612192873,1,0.0,,1.4942599069327116,0.0,0.0007629510948348184,0.004551586846241959,-0.80428955038615,5CA6rwAy...,3255706.86683041,,,,False,4878363,0.2868901275101168,219,5FHBJCMk...,0.179995422293431,1.0987423661299591,0.9009737699467135,0.0,,COUNTER,1419497.235508934,33762.848582854,0.0,OK,0.7421602483703617,0.0,1295.967040512703,352938.422153743,0.06725912493815644,352933.680586254,0.06725822134234447,4.741567488992587,DORMITORY,True,True,0.5556192560485993,,,38555.130844337,0.007347413032114192,30.0
61,120,120,65,76,Ormas,2026-10-08,9240210,0.005148899,0.005300124874338508,-0.028532511577358168,IN BAND,False,True,0.0,472.015176112,138098.753101436,1.0,91673.023676321,9762.583882459,,1365.6767083288578,,,,,,,-6.941361719520613,-0.34714555752452436,-6.941361719520613,-0.34714555752452436,,19.02986045116343,16.075217778776445,1,0.4099219932580561,MINER_BURN_ONLY,2951.438351458004,2951.438351458004,0.0,0.0034179539315991967,-0.33617770874915265,5CLWmDjL...,439388.082702557,,,,True,9003844,1.0,0,5CqaQ34d...,0.179995422293431,3.4672449102362384,2.8431566984235173,0.41391360078128575,,COUNTER,41866.805511122,0.0,0.0,DIVERGENT,-0.9970205548780534,2.277402325209114,1295.967040512703,0.0,0.0,0.0,0.0,0.0,EXPOSED,False,,,,,31671.272671113,0.2293378612032064,30.0
62,34,54,66,88,Investing,2026-10-08,9240210,0.002820308,0.0028210568707436323,-0.00026545751395462325,IN BAND,False,True,7.9918e-05,5959.691574593,3302467.670269216,1.0,2113134.539546862,729131.676705104,-0.0006446650318909965,3876.2302765240893,ACCUMULATING_PRE_EMA,0.0,,,,0.035240834424278576,-1.5794150822434332,-0.003229733086447916,-1.9300490851213405,-0.35386373596435533,-0.3506340028779074,0.7957685774364497,0.38587483730218597,1,0.0,,0.0,0.0,0.0006103608758678547,0.0018046176888408929,-0.3601345353624878,5FhMsGJS...,2939076.483729966,,,,False,5299805,0.5583326971524545,145,5D4hVjoh...,0.179995422293431,15.180878667924594,12.448390001306167,0.0,,COUNTER,175269.313011837,0.0,0.0,DIVERGENT,1.0,0.0,1295.967040512703,1239082.21947255,0.3751988946409703,1239082.21947255,0.3751988946409703,0.0,DORMITORY,True,True,2.2708140264368066,0,,13123.555539072995,0.003973863440729207,30.0
63,121,121,67,109,Finsight,2026-10-08,9240210,0.002833873,0.0029187912587076426,-0.029093638832275292,IN BAND,False,True,0.0,1392.337653994,1797110.262614221,1.0,491319.674590034,73413.81633413,-0.000708007104294364,22983.841040527797,ACCUMULATING_PRE_EMA,0.0,,,,,8.93834319924268,-0.3539726057926827,8.93834319924268,-0.3539726057926827,,1.4623476670691868,-3.1790485479258024,1,0.4100022879368044,MINER_BURN_ONLY,2952.0164731449913,2952.0164731449913,0.0,0.0007747647336722644,-0.7266056969835049,5FqZqKFx...,738076.078778253,,,,False,7257480,1.0,0,5DyQkk4x...,0.179995422293431,2.021092083605884,1.6573047605233324,0.3844709975735934,,COUNTER,795332.372608887,1308.746301495,0.0,DIVERGENT,-0.9979674910168751,2.2778484181026175,1295.967040512703,233216.349566521,0.12977297743949542,233216.349566521,0.12977297743949542,0.0,FORTRESS,False,True,1.3905499337940874,0,,25418.046941907996,0.014143843853483348,30.0
64,36,7,68,4,Targon,2026-10-08,9240210,0.051639734,0.05167096038348973,-0.0006043313934553076,IN BAND,False,False,0.006864343,133523.947092093,3819695.733472237,1.0,2585682.34286686,2345052.107912995,-0.0046476622979413,2983.922166046221,ACCUMULATING_PRE_EMA,0.0,,,,0.1351030567689701,0.23897457240906628,-0.007352698620372908,-0.12036211499885446,-0.36668938602829365,-0.35933668740792074,0.6880129160473879,0.49443974417689085,1,4.80746877719142e-07,MINER_BURN_ONLY,0.09401071502361447,0.003921449745519112,3.0518043793392735e-05,0.03495669718454644,-0.3230658937060667,5CXGPMnq...,,,,,False,1411451,0.05839805899317907,146,5E2LP6En...,0.0,0.282297811249758,0.282297811249758,0.001358135844104317,,COUNTER,561137.972931309,0.0,0.0,OK,0.9838145133540586,3.025886942284991e-06,1295.967040512703,183019.057563734,0.04791456449264436,183019.057563734,0.04791456449264436,0.0,DORMITORY,True,True,0.35267541085837045,,,17803.214374494,0.004660898568041244,30.0
65,37,74,69,13,Data Universe,2026-10-08,9240210,0.004448104,0.004457129631191492,-0.0020249873659339192,IN BAND,False,True,3.887e-06,17820.615630241,2208250.388450769,1.0,4006338.984654019,972690.806496268,-0.0029832593986156373,4891.008341908921,ACCUMULATING_PRE_EMA,0.0,,,,0.0005732145405047298,-3.0095647166615853,-0.02463734628552935,-3.372369408270443,-0.38744203789438714,-0.3628046916088578,1.1900824352820392,0.36337790614936255,1,0.2726855586709139,MINER_BURN_ONLY,1978.6102809950244,1965.051846570671,0.004592965590905607,0.008070015847588426,0.8142597042669028,5HBswBt1...,22649.511883197,,,,False,1907637,0.7089401232486127,247,5E2LP6En...,0.0,0.43546245029363306,0.43546245029363306,0.12141004120250266,,COUNTER,712251.393346583,0.015999689,0.0,DIVERGENT,-0.9395658598893917,1.5162822704142755,1295.967040512703,93697.039216446,0.042430441632201214,93697.039216446,0.042430441632201214,0.0,FORTRESS,True,True,0.35185426683068494,,,11539.782403565,0.005225758122320951,30.0
66,38,32,70,17,404—GEN,2026-10-08,9240210,0.008278706,0.008293743943795562,-0.0018131671169823388,IN BAND,False,False,0.001136292,24773.667400033,3179394.733425217,1.0,2992456.293836177,684320.768059139,-0.008483605846616416,3838.480493604671,ACCUMULATING_PRE_EMA,0.0,,,,0.12053828477555253,-1.4050382593767983,-0.02206019992328512,-1.7838693267625543,-0.4008912673090411,-0.378831067385756,0.8265724203325989,0.49936935216130857,1,0.0,,0.0,0.0,0.0,0.0077919445294368644,-0.05879680599397247,5E7a4a7Q...,833539.652939867,,,,False,2840556,1.0,42,5CcEPLdb...,0.0,0.31576806153190035,0.31576806153190035,0.08322651529023987,,COUNTER,340475.604612198,0.0,0.0,OK,1.0,0.0,1295.967040512703,565839.062725214,0.17797068629966112,558083.53241857,0.17553137600417956,7755.530306644039,DORMITORY,True,True,1.1882826477201818,0,,39074.24990089601,0.012289839160298488,30.0
67,122,122,71,31,rec4ll,2026-10-08,9240210,0.00373058,0.0038598894607275724,-0.03350081965901643,IN BAND,False,True,0.0,1741.291608696,1943440.563415749,1.0,466761.563377055,57820.153593271,-3.4653599990985635e-05,10098.233590366086,ACCUMULATING_PRE_EMA,0.0,,,,,-4.556763450727322,-0.4075933058513666,-4.556763450727322,-0.4075933058513666,,1.3522409943842502,-0.5446242116637392,1,0.410002287931792,MINER_BURN_ONLY,2952.0164731089026,2952.0164731089026,0.0,0.0008959839788645471,-0.7598271639089506,5H3mfhC8...,962323.535355465,,,ENTRY_PRE_EMA_PATTERN,False,7173591,1.0,0,5CDZ527X...,0.179995422293431,1.642158633267106,1.3465775965993898,0.4666931188670319,,COUNTER,829258.77031171,729.248648798,0.0,DIVERGENT,-0.9979674910168502,2.2778484180747705,1295.967040512703,547959.646348784,0.28195338548748927,547959.646348784,0.28195338548748927,0.0,FORTRESS,False,True,2.8289774306937794,0,,22178.27035574999,0.011411859345350878,30.0
68,49,75,72,71,Leadpoet,2026-10-08,9240210,0.004259417,0.0042005195282399654,0.014021473144945134,IN BAND,False,True,3.312e-06,5196.482047164,4665437.359121496,1.0,1219998.351530098,1444770.994008589,-0.0022417272015353455,-242.18742847861722,,0.0,,,,0.0016749670105663515,5.581653583400924,0.1705945899301658,5.0007590036802725,-0.4102999897904856,-0.5808945797206514,0.5632912410370148,0.5825695467312177,1,0.2880946158196832,SKIN_IN_GAME,2075.9392333989963,2075.8941887663573,1.5259021896696368e-05,0.0011138252744952726,-0.7385028809118073,5DwHzMhB...,3001923.931539779,11.811395629634658,BUYBACK_GAMING,,False,5048438,0.7000030518509477,0,5FNVgRnr...,0.0,0.49051095628616465,0.49051095628616465,0.666605627784899,,COUNTER,1027194.186323099,0.0,0.0,DIVERGENT,-0.9936826003507843,1.6018109441619008,1295.967040512703,63565.086413894,0.013624679000269192,63565.086413894,0.013624679000269192,0.0,FORTRESS,True,True,0.0994048168389125,,,23130.892977113002,0.004957925955621138,30.0
69,35,31,73,19,blockmachine,2026-10-08,9240210,0.008994323,0.009043952450156212,-0.005487584154133227,IN BAND,False,False,0.001235155,30666.359117862,2758615.309741779,1.0,3409523.642411744,1687398.497487052,-0.008205630128196056,4672.515268607996,ACCUMULATING_PRE_EMA,0.0,,,,0.10584847479038795,-0.6290597329800609,-0.06676560720862093,-0.9883186504209743,-0.42602452464953433,-0.35925891744091343,0.9526518578793773,0.4651073922313014,1,0.0,,0.0,0.0,0.000289921416037231,0.011116576859979991,0.2359548194989207,5FWh37Lf...,1284508.262738372,,,,False,1956072,0.1434458758165944,61,5E2LP6En...,0.0,0.4264358816562138,0.4264358816562138,0.21067891532251912,,COUNTER,1013639.146969995,0.034430037,0.0,OK,1.0,0.0,1295.967040512703,169393.617465529,0.06140530608502464,169393.617465529,0.06140530608502464,0.0,DORMITORY,True,True,0.5831118890197151,,,28132.602109313008,0.010198088153127217,30.0
70,39,20,5,68,NOVA,2026-10-08,9240210,0.019900954,0.019982864847406745,-0.004099054266354425,IN BAND,False,False,0.002813424,42949.468540984,3805382.159786807,1.0,2158161.258479149,1717136.287489969,0.0020257665134935203,1820.4339863611385,,0.0,,0.10179243233734023,0.10179243233734023,0.17214830644399415,-3.0580119176224003,-0.04987182690731217,-3.4381637170870754,-0.430023626371987,-0.3801517994646748,0.6906008094985212,0.552300105908669,1,0.0,,0.0,0.0,0.0,0.011286505990081745,-0.4328660831997428,5EcdJLAe...,2487752.114955912,4.752521164899669,BUYBACK_GAMING,,False,4972413,0.0,37,5CMC7cxY...,0.0,0.17507707023302552,0.17507707023302552,0.0018007569283359785,,COUNTER,682309.357738917,6247.123951755,0.0,DIVERGENT,1.0,0.0,1295.967040512703,532380.74410948,0.13990204446097107,411716.51941717,0.10819321217405299,120664.22469230992,DORMITORY,True,True,0.8355548541133757,,,33296.918739232,0.008749953970745853,30.0
71,41,38,74,77,Liquidity,2026-10-08,9240210,0.0050207,0.005022761411964893,-0.000410414072223786,IN BAND,False,False,0.000668888,11642.152766492,3409449.547982391,1.0,2318830.600640295,410683.389791615,-0.006935415302332664,2690.8116242559627,ACCUMULATING_PRE_EMA,0.0,,,,0.15098905668540455,-0.7211048879658453,-0.004993371212056063,-1.1556320603800398,-0.43952054362625054,-0.4345271724141945,0.7707989113829741,0.585516229099599,1,0.0,,0.0,0.0,0.00010681315327687457,0.0034146722521180796,-0.3198812412376602,5GxxsUeY...,2709474.778511403,,,,False,5128460,0.3280887559516543,42,5E7F9Awq...,,9.343230436739153,9.343230436739153,0.0,,COUNTER,140886.89655137,14115.257752168,0.0,OK,1.0,0.0,1295.967040512703,369577.913917543,0.10839811785343709,369577.913917543,0.10839811785343709,0.0,DORMITORY,True,True,0.7619177720533132,,,11790.821567610996,0.0034582771798422553,30.0
72,42,24,75,5,Hone,2026-10-08,9240210,0.012744704,0.012755898060277104,-0.0008775595590531401,IN BAND,False,False,0.001802771,33674.03433032,3317358.754234268,1.0,2642198.13711369,980037.60679496,-0.015845505017582865,934.7414258611389,ACCUMULATING_PRE_EMA,0.0,,,,0.1406924439622076,-0.005224111707948246,-0.010676974635146538,-0.4648589749817932,-0.4703118379089915,-0.45963486327384495,0.7921965017035398,0.6003273072360525,1,0.0,,0.0,0.0,0.009613183794918712,0.010150856999514615,-0.20352351851289646,5GurNtB3...,,,,,False,2491604,0.0,1,5E2LP6En...,0.0,0.4172703855031751,0.4172703855031751,0.06657917626772061,,COUNTER,1488567.694632255,0.0,0.0,DIVERGENT,1.0,0.0,1295.967040512703,6649.821324041,0.0020045529641776567,6649.821324041,0.0020045529641776567,0.0,NEITHER,True,True,0.02233873821856335,,,17899.832008266003,0.005395808332583477,30.0
73,43,70,76,1,Apex,2026-10-08,9240210,0.006562781,0.0065721916034817696,-0.001431882094974819,IN BAND,False,True,1.3562e-05,23027.250785047,2571341.882635003,1.0,3508764.204052069,841286.167482912,-0.002493990990679855,3892.7226407635026,ACCUMULATING_PRE_EMA,0.0,,,,0.001547772086763559,-1.0551905203521474,-0.017421232155526965,-1.5254664745492998,-0.48769718635267945,-0.47027595419715246,1.0220344551409617,0.471823726283916,1,0.2918788409314351,MINER_BURN_ONLY,2105.9608492869884,2105.8707600217103,3.0518043793392735e-05,0.00895534387727922,0.36456539952791667,5HCFWvRq...,26248.889228162,,,,False,1497824,0.8869729754474844,226,5CAQAgXx...,0.0899977111467155,0.42000157386254033,0.3822023935368935,0.03143598351899893,,COUNTER,925377.77288608,0.0,0.0,DIVERGENT,-0.998976031154717,1.624941602827027,1295.967040512703,192837.392404124,0.07499484751771411,192824.591394465,0.0749898691794599,12.801009658986004,FORTRESS,True,True,0.6576996155241911,,,12104.766471475996,0.004707567886333162,30.0
74,44,23,77,56,Gradients,2026-10-08,9240210,0.014910018,0.01491718739271164,-0.00048061290127264256,IN BAND,False,False,0.002040563,49545.832554264,2869572.962999177,1.0,3322989.447394896,2867908.248184333,-0.009019599530651996,3545.1588474535383,ACCUMULATING_PRE_EMA,0.0,,,,0.10823512871898416,-0.1571702190534684,-0.005847456965483818,-0.6393771280149365,-0.488054365926952,-0.4822069089614682,0.9158157098237036,0.5904420376804523,1,0.0,,0.0,0.0,0.00012207217517357094,0.01726592534607673,0.15800835022980728,5EJ1zbdw...,15231.914207895,,,,False,4312927,0.479710653623697,101,5E2LP6En...,0.0,0.6761213131485506,0.6761213131485506,0.16646319130753265,,COUNTER,841047.343861356,0.0,0.0,OK,1.0,0.0,1295.967040512703,264724.185506575,0.09225211866712549,264724.185506575,0.09225211866712549,0.0,DORMITORY,True,True,0.7731383555851806,,,24980.620260570005,0.008705344168862372,30.0
75,45,45,78,63,Enigma,2026-10-08,9240210,0.0039502,0.0039553395472466946,-0.0012993947005819336,IN BAND,False,False,0.000287025,10779.213711828,3404945.400224528,1.0,2728776.28193951,1243762.273723302,-0.0023243817583002914,2181.3985943235457,ACCUMULATING_PRE_EMA,0.0,,,,0.06997743250718806,-0.8653006526456922,-0.015809302190413523,-1.3894395902929548,-0.5399482398376761,-0.5241389376472626,0.7718185436473387,0.5941163701544506,1,6.834669423512637e-06,MINER_BURN_ONLY,0.09782987390644848,0.052785241267400806,1.5259021896696368e-05,0.0031657522940359635,-0.19858430103894398,5CqTmNfg...,45252.442613627,,,,False,4885578,3.0518509475996325e-05,147,5EZ52JMq...,0.0,0.3273218186047634,0.3273218186047634,0.9122413477385094,,COUNTER,725442.160766549,0.0,0.0,OK,0.98906676212249,4.0730388672938945e-05,1295.967040512703,72397.992373783,0.021262600090153853,72397.992373783,0.021262600090153853,0.0,DORMITORY,True,True,0.16110124661640804,,,11844.407736813992,0.0034785896232089218,30.0
76,46,79,79,100,Cortex,2026-10-08,9240210,0.003576473,0.0035803676582872868,-0.0010877816635037041,IN BAND,False,True,1.751e-06,2407.005146447,2042342.767579687,1.0,673010.799923337,410981.284738008,-0.001453934361040321,4406.525960911415,ACCUMULATING_PRE_EMA,0.0,,,,0.001911764919486151,-0.7256118539747013,-0.013234676905961733,-1.2623262153330903,-0.5499490382643508,-0.5367143613583891,1.2867575618143452,0.5386261262778753,1,0.1415380572049249,MINER_BURN_ONLY,1020.2486434399616,1019.5729739503759,0.0002288853284504455,0.0011785510173199095,-0.6704711548724374,5FX6kmhY...,1256172.091687658,,,ENTRY_REPEATED,False,6693448,0.7001526251526251,0,5ExuWpCM...,0.179995422293431,1.092346373599809,0.8957290267930134,0.5735213330891777,,COUNTER,768396.480641969,1077.059572996,0.0,DIVERGENT,-1.0,0.7867275494498828,1295.967040512703,291446.12277399,0.14270186542652347,291446.12277399,0.14270186542652347,0.0,FORTRESS,False,True,1.2795838609901025,0,,25708.829467392992,0.01258791123385213,30.0
77,48,57,80,32,ItsAI,2026-10-08,9240210,0.002667159,0.002667795168235898,-0.00023846217411008352,IN BAND,False,True,6.4344e-05,6808.310655198,3625850.079369517,1.0,2552645.150484483,307460.03536528,-0.0011755096356559623,899.801316765137,ACCUMULATING_PRE_EMA,0.0,,,,0.024836709216683406,-1.273842865602619,-0.002901289785006016,-1.8238599849699084,-0.5529184091522954,-0.5500171193672894,0.7247955493121137,0.5748538285839727,1,0.0,,0.0,0.0,0.0019378957808804387,0.001877714330754091,-0.2959871043480757,5DWgkCSv...,96248.400761318,,,,False,2515294,0.0,82,5E7sa41c...,0.013550011444266423,0.2524476094824564,0.24902694148489146,0.8503959837028673,,COUNTER,17419.272873099,0.0,0.0,DIVERGENT,1.0,0.0,1295.967040512703,634410.218859858,0.17496868457676903,634410.218859858,0.17496868457676903,0.0,DORMITORY,True,True,1.0031453054910047,0,,13507.203874763993,0.0037252516179909732,30.0
78,47,89,81,2,DSperse,2026-10-08,9240210,0.002963863,0.002966824220493436,-0.0009981112035492218,IN BAND,False,True,1.23e-07,7609.081128291,3354021.186576962,1.0,2567284.948192534,712967.748311788,-0.002026472196230547,2227.3163536330685,ACCUMULATING_PRE_EMA,0.0,,,,4.24813449285171e-05,-1.7992226638638016,-0.012143686309848864,-2.340489617983244,-0.5534106404292911,-0.5412669541194423,0.7835370899019506,0.5413094354643708,1,0.33347742004553305,MINER_BURN_ONLY,2402.1281765539898,2401.137194635931,0.0003356984817273201,0.002268644324234772,-0.23456505100445874,5EcYQ3W7...,3011091.514797959,,,,False,2734060,0.8139147955367637,14,5CFxLBvp...,0.179995422293431,0.6268171694226113,0.5139929483116153,0.9380321665089877,,COUNTER,778666.436645705,0.324465392,0.0,DIVERGENT,-0.9975023722147142,1.8527764361090593,1295.967040512703,1144508.261830867,0.3412346548111481,1144508.261830867,0.3412346548111481,0.0,FORTRESS,True,True,2.4691997995345987,0,,12948.997342237002,0.0038607380877794797,30.0
79,51,12,82,44,Score,2026-10-08,9240210,0.036074401,0.03601626004092395,0.0016142975147886679,IN BAND,False,False,0.004966741,66615.804660332,4303108.360529152,1.0,1846622.63080823,2344725.05562758,-0.0010141890605900883,-1672.5139274701942,,0.0,,,,0.19593841753550845,5.950241110187176,0.019640619763262125,5.309488398674504,-0.6211120917494094,-0.6407527115126715,0.6107213158064269,0.83669112904818,1,0.0,,0.0,0.0,0.0,0.015480856878105732,-0.5708630926926346,5CaCekux...,306185.441928279,0.15242053723276888,,,False,3550319,1.0,184,5G9hfkx9...,0.009994659342336155,0.27755203410684415,0.27477799607617376,0.2546772470624141,,COUNTER,510095.869158276,2206.282255223,0.0,OK,1.0,0.0,1295.967040512703,245862.449528441,0.05713601167557105,245862.449528441,0.05713601167557105,0.0,DORMITORY,True,True,0.39681057599944275,,,22281.711572747994,0.0051780503082678635,30.0
80,52,44,83,48,Quantum Compute,2026-10-08,9240210,0.003962816,0.003963650669902563,-0.0002105810960842147,IN BAND,False,False,0.000289276,10455.158595929,3377632.764971658,1.0,2638315.334690061,694169.873452357,-0.0027008449742481964,925.583758989349,ACCUMULATING_PRE_EMA,0.0,,,,0.07271217562362098,-0.46910160738940127,-0.002562070002357945,-1.1318776412725626,-0.6653381038855193,-0.6627760338831613,0.7780597190002838,0.7354882095067823,1,0.0,,0.0,0.0,4.57770656900891e-05,0.0030954101062602435,-0.21888623992124706,5GNH5YMk...,45614.279604695,,,,False,3856677,1.0,255,5CXkLYCA...,,18.104275637323447,18.104275637323447,0.0,,COUNTER,695492.461656953,0.0,0.0,OK,1.0,0.0,1295.967040512703,101862.559282014,0.0301579734595181,101862.559282014,0.0301579734595181,0.0,DORMITORY,True,True,0.21930187648619762,,,11602.311204420002,0.0034350422357172267,30.0
81,123,123,84,36,Epago,2026-10-08,9240210,0.001938989,0.0020522167906165123,-0.05517340620846266,IN BAND,False,True,0.0,304.866156189,145690.597998243,1.0,157229.370003074,21285.026164775,,5607.35790387576,,,,,,,-22.83720081081644,-0.6712764422029623,-22.83720081081644,-0.6712764422029623,,18.03822646147484,4.018827023748607,1,0.0,,0.0,0.0,0.0,0.0020925588910869638,0.07920101201552143,5DCjvVt6...,651101.630363241,,,,True,8884359,1.0,1,5E2LP6En...,0.0,0.9895312419457623,0.9895312419457623,0.39161351359599594,,COUNTER,34545.255833249,0.0,0.0,OK,1.0,0.0,1295.967040512703,51525.820292943,0.3536660635682502,51525.820292943,0.3536660635682502,0.0,DORMITORY,False,True,2.5754975566864466,0,,37792.64905091,0.25940348636200783,30.0
82,53,92,85,111,Claims,2026-10-08,9240210,0.004167253,0.004172627115622163,-0.0012879453335387253,IN BAND,False,True,4.7e-08,5490.319939071,3624950.145508061,1.0,1317491.182171152,213588.912964258,-0.0020882893709760026,515.5887631187215,ACCUMULATING_PRE_EMA,0.0,,,,2.249704960197634e-05,-2.331295358302956,-0.01567000155805449,-3.0036769581227336,-0.6880516013778318,-0.6723815998197773,0.7249754878026518,0.6724040968693793,1,0.366849514719743,MINER_BURN_ONLY,2641.4367511579767,2641.3466618926986,3.0518043793392735e-05,0.0015145918478008458,-0.6365491013382566,5CGTryXj...,2722441.338696095,,,,False,5615562,0.8955640669586316,0,5EyBH8Ek...,0.179995422293431,0.6998215276848538,0.5738568562791846,0.8726881523530489,,COUNTER,738453.531728296,0.371911999,0.0,DIVERGENT,-0.9928505743524493,2.038127961068936,1295.967040512703,1221.604957048,0.00033699910564612297,1221.604957048,0.00033699910564612297,0.0,EXPOSED,True,True,0.0026675020393590967,,UNDEFENDED_BURNER,15557.29491091199,0.004291726585589091,30.0
83,54,55,86,128,ByteLeap,2026-10-08,9240210,0.002774642,0.0027756558265537024,-0.0003652565797256032,IN BAND,False,True,7.505e-05,4020.578470489,3053714.401705198,1.0,1449043.608653863,91657.186582846,-0.00022424396803000932,960.9939738535322,ACCUMULATING_PRE_EMA,0.0,,,,0.049055478321757974,-0.19836930067941413,-0.004443955053328172,-0.919130360636099,-0.725205015010013,-0.7207610599566848,0.8605912846769566,0.7698165382784428,1,0.0,,0.0,0.0,9.15541313801782e-05,0.001316619022474369,-0.525481477439479,5GgMeLFN...,996403.436482812,,,,False,5856038,1.0,96,5HQTcjYx...,,5.161434828757193,5.161434828757193,0.0,,COUNTER,186014.794503201,289.843039317,0.0,OK,1.0,0.0,1295.967040512703,3774.578375444,0.0012360613596793042,3774.573941721,0.0012360599077678232,0.004433722999692691,NEITHER,True,True,0.007402038612344825,,,15958.663870246008,0.00522598441469663,30.0
84,50,58,87,78,Umi,2026-10-08,9240210,0.003774345,0.0038082252722233534,-0.00889660400882035,IN BAND,False,True,6.1959e-05,1464.038420237,1134693.227404033,1.0,387892.10470687,191308.85284681,0.0001379181554245564,4836.893243842293,,0.0,,,0.03654095092646708,0.11121856486091478,-3.9821582478185054,-0.10824201544064758,-4.605720338671331,-0.7318041062934734,-0.6235620908528258,2.3160444924945707,0.7347806557137405,1,0.12293041620657168,MINER_BURN_ONLY,903.9980492259929,899.6287198600053,0.0014801251239795477,0.0012902504261759343,-0.6581524936973344,5GvYz1tB...,546462.912807574,,,,False,7966145,0.30668724594272445,200,5E2LP6En...,0.0,0.8463102494908833,0.8463102494908833,0.7188634907071139,,COUNTER,95836.890379441,8107.779671713,0.0,DIVERGENT,-0.7768564372424525,0.6941756169231736,1295.967040512703,54746.654702329,0.04824797873129035,54746.654702329,0.04824797873129035,0.0,FORTRESS,False,True,0.3217078901884454,,,33931.98752516099,0.029904106859605626,30.0
85,124,124,88,35,SN35,2026-10-08,9240210,0.002033051,0.002164627192541957,-0.06078468985111691,IN BAND,False,True,0.0,381.838929634,127095.345281956,1.0,187815.668424181,8851.107110494,,6933.336983535904,,,,,,,-16.093436993250297,-0.7395470598552557,-16.093436993250297,-0.7395470598552557,,20.677389830208856,0.7502069403223969,1,0.0,,0.0,0.0,0.0,0.0030043502284596295,0.4777544825287852,5FjUeckL...,802646.000370131,,,,True,9046691,1.0,1,5E2LP6En...,0.0,0.9752184599450133,0.9752184599450133,0.2656066409289976,,COUNTER,0.0,0.11136414,0.0,OK,1.0,0.0,1295.967040512703,0.0,0.0,0.0,0.0,0.0,NEITHER,False,,,,,36600.23481177501,0.2879746282649363,30.0
86,55,65,89,7,Allways,2026-10-08,9240210,0.002455054,0.0024559220764786005,-0.00035346254953058935,IN BAND,False,True,3.0429e-05,5581.556177796,3156305.347453905,1.0,2273495.967821204,329242.429638647,-0.001063203871299582,288.46091202273965,ACCUMULATING_PRE_EMA,0.0,,,,0.014327081812437635,-0.8225492375186744,-0.004300461019288837,-1.598227021115325,-0.7799782446159396,-0.7756777835966507,0.8326190627025131,0.7900048654090883,1,0.0,,0.0,0.0,3.0518043793392735e-05,0.0017683828284543101,-0.27969697267175786,5CAc19iE...,,,,,False,2627691,1.0,122,5Dk6D9eW...,0.179995422293431,15.118616979908865,12.397335132117531,0.0,,COUNTER,36084.978602376,227712.453870124,193.36850190200494,OK,-0.04899701049558875,0.0,1295.967040512703,3211.260531444,0.0010174112381219473,3211.260531444,0.0010174112381219473,0.0,NEITHER,True,True,0.00576025489661339,,,14418.025259573002,0.004568007107171548,30.0
87,57,67,90,98,NeverPlayAlone,2026-10-08,9240210,0.002150869,0.002150941174477339,-3.355483552738128e-05,IN BAND,False,True,2.7674e-05,4564.44691682,2878139.346110255,1.0,2122140.541135601,207966.918370208,-0.001032365332540136,638.5550819025375,ACCUMULATING_PRE_EMA,0.0,,,,0.015933424865124356,0.5853654965428402,-0.00040825049891647224,-0.23777452590086745,-0.8235482729426241,-0.8231400224437077,0.9130899112135369,0.839073447308832,1,0.0,,0.0,0.0,0.0,0.0015859019901134233,-0.2626691862157001,5EWzZCNs...,1719901.065275087,,,,False,5445992,1.0,0,5HWVxikT...,0.179995422293431,0.4669456506976169,0.3828975711122184,0.7453649306456289,,COUNTER,1255490.393926426,0.416529519,0.0,DIVERGENT,1.0,0.0,1295.967040512703,382493.991881123,0.1328962728639444,382493.991881123,0.1328962728639444,0.0,DORMITORY,True,True,1.309566446089234,0,,15175.58421361,0.005272706560966023,30.0
88,58,86,91,43,Graphite,2026-10-08,9240210,0.003948444,0.0039484440349042416,-8.839999127422577e-09,IN BAND,False,True,6.16e-07,12278.782375743,3060330.089996747,1.0,3109777.418074602,159363.410424127,-0.0008349041341164327,229.78823810862377,ACCUMULATING_PRE_EMA,0.0,,,,0.0001318410857413736,-0.270656259175927,-1.0755332271697469e-07,-1.1031410477686239,-0.8324848961460196,-0.8324847885926969,0.8587308959220126,0.8326166296784383,1,0.32466245826356016,MINER_BURN_ONLY,2338.06997580803,2337.934841910113,4.57770656900891e-05,0.004012241168323137,0.016157546700203303,5HjMs5JD...,2819381.469685603,,,,False,3408582,1.0,108,5ERVu5z1...,,6.740344227836222,6.740344227836222,0.0,,COUNTER,993211.726037647,0.0,0.0,DIVERGENT,-0.9974186492606839,1.8040079483697304,1295.967040512703,3451.069241962,0.0011276787602887857,3451.069241962,0.0011276787602887857,0.0,EXPOSED,True,True,0.009276918334387266,,UNDEFENDED_BURNER,10516.634132531,0.00343643784273682,30.0
89,56,14,92,8,Vanta,2026-10-08,9240210,0.029605756,0.029688964830711484,-0.002802685482163019,IN BAND,False,False,0.00402853,82411.525652421,3450374.792255064,1.0,2783631.888089557,1448107.368344088,-0.008329727580013033,-609.0284813288599,,0.0,,,,0.12846475970669022,2.0342418477902195,-0.03409934003298339,1.231229995699013,-0.83711119212419,-0.8030118520912066,0.761656387560847,0.9314766117978969,1,0.04739146900477026,SKIN_IN_GAME,390.5769690260058,387.64906790446776,0.0009918364232852639,0.02388480400372947,-0.19323782835576062,5F6tnxzA...,19818.025011103,0.40641725456433453,BUYBACK_GAMING,,False,1477264,0.9574003360317703,174,5CM9pBQo...,,18.64861106464736,18.64861106464736,0.0,,COUNTER,803172.553299111,0.0,0.0,DIVERGENT,-0.9851729357085494,0.2991195422308798,1295.967040512703,607572.245867622,0.17608876787281724,607571.159893335,0.17608845313185362,1.0859742870088667,FORTRESS,True,True,1.413765448682578,0,,19007.547027156008,0.0055088354661706855,30.0
90,59,34,93,11,TrajectoryRL,2026-10-08,9240210,0.007617214,0.007606803439557552,0.0013685854413313125,IN BAND,False,False,0.001055543,20179.65594371,3454560.50243443,1.0,2649217.417336346,1021024.594366001,-0.004553696919034271,-3292.7116906517185,,0.0,,,,0.1374635430721823,-0.09065998404481762,0.01665112286953097,-0.9686635852816592,-0.8613524783673107,-0.8780036012368416,0.7607335283744625,1.015467144309024,1,0.0,,0.0,0.0,0.0,0.005841453906941097,-0.23312461656701558,5D2Jhtbn...,2073151.936429936,2.325214671513609,BUYBACK_GAMING,,False,2918568,0.0,189,5GgqDcxk...,0.0,0.3558668838142077,0.3558668838142077,0.15968015137873676,,COUNTER,1146672.996281127,67904.313497381,1900.0,OK,0.0030889980032116895,0.0,1295.967040512703,46180.459268605,0.01336796945257193,46180.459268605,0.01336796945257193,0.0,DORMITORY,True,True,0.12225873629665461,,,13792.474397091997,0.003992540986725354,30.0
91,60,64,94,20,Witness,2026-10-08,9240210,0.002287301,0.002285732887685299,0.0006860435544106368,IN BAND,False,True,3.5153e-05,6402.044164789,3274325.158321079,1.0,2798951.258753892,288634.013939163,-0.0009316292818717833,-720.0207488797605,,0.0,,,,0.014430091642931481,0.24905214911882764,0.008346863245329414,-0.6331638732690301,-0.8738691591425284,-0.8822160223878578,0.8026081323418459,0.8966461140307893,1,0.0,,0.0,0.0,0.0,0.001955225536632919,-0.14518223153274565,5CFVA7aP...,1551042.37339985,4.000897366581526,BUYBACK_GAMING,,False,1970929,1.0,129,5DfS5PCe...,0.013550011444266423,0.6031372747551321,0.5949647577797365,0.005844651304745918,,COUNTER,1435722.253812141,0.0,0.0,OK,1.0,0.0,1295.967040512703,477844.56695813,0.14593680952662208,471802.762015284,0.14409160336941076,6041.804942846007,DORMITORY,True,True,1.425607698765456,0,,12338.433294794002,0.0037682370254029916,30.0
92,61,93,95,101,Tag101,2026-10-08,9240210,0.003687922,0.0036904450971633196,-0.0006836837012583707,IN BAND,False,True,1.8e-08,3572.465916763,2607522.502485629,1.0,968693.272455692,167153.268852674,0.0003527464605012477,759.9401579230325,,0.0,,,0.09564911093598175,1.3241273983339216e-05,-0.7046266077223063,-0.00831815169864351,-1.6065168645398655,-0.9102084085162027,-0.9018902568175592,1.007853239040066,0.9019034980915426,1,0.3722765095325692,MINER_BURN_ONLY,2684.5933302909834,2680.404179455552,0.0014190890363927622,0.0013700613948134813,-0.6285004414915821,5H8dNvi1...,1446757.029809573,,,,False,5481350,0.908254637694447,0,5H6Dezn7...,0.179995422293431,1.1310168490334387,0.9274389936706792,0.6116858939144235,,COUNTER,958511.393991199,6970.543419914,0.0,DIVERGENT,-0.995114962423214,2.0682657009511183,1295.967040512703,13574.61335476,0.005205942936952589,13574.61335476,0.005205942936952589,0.0,FORTRESS,True,True,0.0502144515475082,,,17308.28238056301,0.006637826658854846,30.0
93,62,19,96,93,Bitcast,2026-10-08,9240210,0.01921416,0.01917170244269073,0.0022145950489367177,IN BAND,False,False,0.003012331,24350.9413084,4013721.172654987,1.0,1267343.59209326,1180427.588967999,-0.0033716791650470626,-5758.888033553027,,0.0,,,,0.32509650315937433,-0.6504804601365174,0.026944239762063397,-1.6104793141181861,-0.9330546142196053,-0.9599988539816687,0.6547540018236087,1.285095357141043,1,0.007025193592006095,SKIN_IN_GAME,58.556425794027746,58.5113811613887,1.5259021896696368e-05,0.00606692399918064,-0.684247242701183,5EbY1Seb...,2342238.176386374,1.3735088082655154,BUYBACK_GAMING,,False,5370681,0.9904019287697989,158,5HVydkt4...,0.179995422293431,1.1555062774342444,0.9475204370647571,0.0,,COUNTER,1088411.268202869,0.0,0.0,DIVERGENT,-0.9033155759964523,0.04514881886057902,1295.967040512703,427930.957620956,0.10661701179852741,427930.957620956,0.10661701179852741,0.0,DORMITORY,True,True,0.8716706499143534,,,36835.99935487104,0.009177518260568372,30.0
94,65,53,97,89,InfiniteQuant,2026-10-08,9240210,0.002984745,0.002983344718813896,0.0004693662040706303,IN BAND,False,True,9.9173e-05,6122.989699884,2979128.284233039,1.0,2051427.97588926,189431.840821779,0.00022740814707736934,-1087.4147931584157,DISTRIBUTING_PRE_EMA,0.0,,,0.07619014256741173,0.04256525925642788,-0.9391746371819688,0.005710622149526002,-1.933522063557342,-0.9886368042258471,-0.9943474263753731,0.8821372392416345,1.036912685631801,1,0.0,,0.0,0.0,0.0017547875181200823,0.0020552957495284002,-0.3113998852403136,5Dc5NmEU...,110657.689726356,0.03462302669199288,,,False,5313364,0.1326505655762763,232,5H8Vq6jZ...,,7.008515787140504,7.008515787140504,0.0,,COUNTER,601037.833009041,0.0,0.0,DIVERGENT,1.0,0.0,1295.967040512703,6094.632142656,0.0020457770062845856,6094.632142656,0.0020457770062845856,0.0,NEITHER,True,True,0.015458350166641701,,,15996.409140704001,0.005369493225707867,30.0
95,64,69,98,46,Instant,2026-10-08,9240210,0.003402667,0.003419725690037012,-0.004988321164680208,IN BAND,False,True,2.2157e-05,8303.157907112,3495358.585768477,1.0,2440190.732207792,1483721.171210452,-0.006844200137852545,-2229.548690599855,,0.0,,,,0.0070128253191625795,-0.6974610118821528,-0.06069124083694253,-1.6675996352894171,-1.0308298642442069,-0.9701386234072644,0.7518541904970867,0.977151448726427,1,0.18390311656443187,SKIN_IN_GAME,1332.949784530094,1332.7245613668986,7.629510948348184e-05,0.002375480999551437,-0.3018767338821468,5Ft9E2ov...,1746001.846967909,30.7897625700888,BUYBACK_GAMING,,False,3919107,0.40550892720891196,238,5CDnZ6oe...,0.179995422293431,0.5969472416218794,0.48949947077925043,0.5618562207199645,,COUNTER,1077051.812162932,28041.129768459,0.0,DIVERGENT,-0.8918669449686725,1.0283630059292663,1295.967040512703,169444.575257634,0.04847702205648823,169444.575257634,0.04847702205648823,0.0,FORTRESS,True,True,0.40490081547321805,,,12696.197007534001,0.003632301721267508,30.0
96,63,73,99,92,Available,2026-10-08,9240210,0.001348212,0.0013589048758149147,-0.00786874490276756,IN BAND,False,True,4.474e-06,587.198697216,631872.384769261,1.0,435538.589275598,82842.150663403,-2.6195570558567144e-05,5525.386775847641,ACCUMULATING_PRE_EMA,0.0,,,,0.020023327803254578,-2.585998123858567,-0.09573639631700531,-3.546828482627136,-1.0565667550855746,-0.9608303587685694,4.159067658827437,0.9808536865718239,1,0.0,,0.0,0.0,0.0,0.0009292995094736189,-0.31071707604321963,5E9LPDS2...,705247.054235869,,,,False,8352006,1.0,1,5E2LP6En...,0.0,0.8149267279443306,0.8149267279443306,0.3380535294656209,,COUNTER,233927.13143919,0.041020142,0.0,OK,1.0,0.0,1295.967040512703,43868.698522682,0.06942651646139182,43868.698522682,0.06942651646139182,0.0,DORMITORY,False,True,0.6831376186484766,,,48922.371001096995,0.07742444863920084,30.0
97,70,21,100,75,Hippius,2026-10-08,9240210,0.016005853,0.015871373936533928,0.008473057468359337,IN BAND,False,False,0.002331082,32320.428440038,3740717.713806286,1.0,2019288.058264934,1587824.768687494,-0.01292806119265099,-6242.453819188289,,0.0,,,,0.18954215001714247,-0.19008087423187592,0.10308886586503858,-1.3761050654436984,-1.082935325346784,-1.1860241912118226,0.7025389780951784,1.375566341228965,1,0.0,,0.0,0.0,0.0025177386129549006,0.008640167719886847,-0.4601869878545775,5DAQpczE...,1560920.7050114311,1.630513642586013,BUYBACK_GAMING,,False,5102795,0.0,157,5E2LP6En...,0.0,0.29418114281491925,0.29418114281491925,0.4217522013154481,,COUNTER,784604.879643725,0.0,0.0,DIVERGENT,1.0,0.0,1295.967040512703,553105.254159565,0.1478607306074333,552609.767120331,0.14772827286078075,495.48703923402354,DORMITORY,True,True,1.1212620972525587,0,,44977.00003704501,0.012023628479380669,30.0
98,67,71,101,47,GPUForge,2026-10-08,9240210,0.001698136,0.001702918205410242,-0.0028082414029333698,IN BAND,False,True,1.0981e-05,983.929832723,1575988.174436741,1.0,579417.3165764,54809.400088343,1.9567391779975152e-05,2536.883812269545,,0.0,,,0.011522864941309266,0.02932939630475077,-7.815125819041171,-0.034166937069022664,-8.878569171165925,-1.0976102891937762,-1.0634433521247535,1.6675252026806917,1.0927727484295042,1,0.0,,0.0,0.0,0.0,0.0006243256444958141,-0.6323464996350032,5D7yqC9y...,1105593.822169885,,,,False,7340355,1.0,28,5G9hfkx9...,0.009994659342336155,0.6803442115751652,0.6735444029449412,0.008942059725634412,,COUNTER,682725.854146639,52.790049364,0.0,OK,1.0,0.0,1295.967040512703,72807.947688026,0.046198283000472136,1082.01056104,0.0006865600761418856,71725.937126986,NEITHER,False,False,0.5681227638445149,,,25464.720976171004,0.0161579391198618,30.0
99,66,50,10,67,Harnyx,2026-10-08,9240210,0.003409655,0.003431635908782482,-0.006405373229201536,IN BAND,False,False,0.00016498,2642.189062357,1003392.687341812,1.0,774913.827913008,69229.611701252,0.00015566218436049352,3907.754108641995,,0.0,,0.045653353304218026,0.045653353304218026,0.16409402573683748,-3.2809303068080915,-0.07793204095528534,-4.319016558412907,-1.1160182925601014,-1.0380862516048162,2.619114164527248,1.2021802773416537,1,0.0025314447504524253,MINER_BURN_ONLY,22.711879101989325,19.10830849086551,0.0012207217517357094,0.0026332552506005275,-0.227706248696561,5HEAv3TU...,1118947.36968306,,,,False,7236936,0.006569398823619288,246,5HGnF3Wr...,0.0,0.6905247867775461,0.6905247867775461,0.00840823427080313,,COUNTER,281360.835214226,6279.314248273,0.0,DIVERGENT,0.9344989952964804,0.014744440169794744,1295.967040512703,522.283347221,0.0005205173944456712,522.283347221,0.0005205173944456712,0.0,NEITHER,False,True,0.004919865505439239,,,30732.39799199999,0.03062848511824046,30.0
100,71,51,102,79,MVTRX,2026-10-08,9240210,0.003102332,0.003094579093158245,0.0025053186906406335,IN BAND,False,False,0.00011414,7001.066073451,3028957.599769765,1.0,2256710.696789199,490560.252734985,-0.0051205686723918425,-5212.287510268856,,0.0,,,,0.04284489202829967,0.18178421411553303,0.030481377402794375,-1.0247262315797439,-1.1760290682924825,-1.2065104456952769,0.8676252187220309,1.2493553377235767,1,0.0,,0.0,0.0,0.001907377737087046,0.0023113780377721892,-0.254954647738479,5Fxp7QBG...,3356548.009038695,1.13988384250795,BUYBACK_GAMING,,False,5173967,0.0,0,5EWwdZB7...,0.179995422293431,0.3210101636658814,0.2632298036963577,1.0,,COUNTER,444229.939659843,37317.847662374,0.0,DIVERGENT,1.0,0.0,1295.967040512703,1355085.827207694,0.44737695480144585,1355085.827207694,0.44737695480144585,0.0,DORMITORY,True,True,3.1230650233759985,0,,14185.897305104001,0.00468342551450119,30.0
101,68,52,103,66,conjectures,2026-10-08,9240210,0.00298603,0.0030114767141640186,-0.008449912311901241,IN BAND,False,False,0.000102819,6722.903161186,3702310.501320928,1.0,2251451.402318184,1427995.520515614,-0.005772511456838813,-4119.347098310478,,0.0,,,,0.04019220945498969,-5.703742225002192,-0.1028072664614651,-6.781202887857073,-1.1802679293163458,-1.0774606628548806,0.7098270118247428,1.1176528723098704,1,0.0,,0.0,0.0,0.0006713969634546402,0.0018158669184519696,-0.391879211376989,5CJCRGep...,1270210.455828601,0.18397318284368117,,,False,4958013,0.8056526851017697,227,5E2LP6En...,0.0,0.3031767459634922,0.3031767459634922,0.5122155926202865,,COUNTER,876389.726869251,0.0,0.0,DIVERGENT,1.0,0.0,1295.967040512703,392806.591766313,0.10609768997661477,392806.591766313,0.10609768997661477,0.0,DORMITORY,True,True,0.7956730127281797,,,20805.027934343994,0.0056194713887236306,30.0
102,69,33,104,41,Almanac,2026-10-08,9240210,0.00756704,0.007610502187162638,-0.005710817248820957,IN BAND,False,False,0.001076529,15565.263287197,3862903.678906299,1.0,2056981.595004693,1665823.09962182,-0.002647854639532984,-5876.59300491563,,0.0,,,,0.18175845533734425,-2.675765255110705,-0.06948160986065498,-3.830719531723205,-1.2244358864731546,-1.1549542766124996,0.6803172479682599,1.336712731949844,1,0.0,,0.0,0.0,0.0010223544670786566,0.004029420503594845,-0.4675037394285156,5FCSevLk...,28802.755810634,0.08562394287231927,,,False,3394182,1.527463799111395e-05,228,5HbScNss...,0.0899977111467155,0.31640724954447785,0.2879313212952472,0.010056462688844805,,COUNTER,1057303.70631419,0.0,0.0,OK,1.0,0.0,1295.967040512703,271111.945633162,0.0701834599484297,271111.945633162,0.0701834599484297,0.0,DORMITORY,True,True,0.5852082242421048,,,35892.61974890498,0.009291616548685789,30.0
103,72,25,105,34,BitMind,2026-10-08,9240210,0.012159701,0.012100549414753914,0.004888338803357489,IN BAND,False,False,0.001751871,35496.151518995,2914190.722891962,1.0,2919163.120017091,640977.361796016,-0.0033068888932364145,-3651.305712004658,,0.0,,,,0.12970186318751523,1.3764798941703338,0.05947478877418278,0.04300497950653637,-1.2740001258896145,-1.3334749146637974,0.9017940999386772,1.4631767778513127,1,0.0,,0.0,0.0,0.0009002822919050857,0.012180449014596273,0.0017062931560795035,5DthmKBR...,3053078.2377797,1.006232522831263,BUYBACK_GAMING,,False,3493948,0.38165129207648607,220,5FC3kc5o...,,14.282985351148609,14.282985351148609,0.0,,COUNTER,360444.24514758,70194.435210903,0.0,DIVERGENT,1.0,0.0,1295.967040512703,136991.719894252,0.04700849495475203,136991.719894252,0.04700849495475203,0.0,DORMITORY,True,True,0.33318831566977236,,,12482.076952884994,0.004283205232531289,30.0
104,74,1,2,51,lium.io,2026-10-08,9240210,0.100614312,0.09984494815580547,0.007705586095292036,IN BAND,False,False,0.013977265,170507.826207659,4391469.458083615,1.0,1694667.754858011,2238750.929635844,0.015805744069074572,-12803.318573154043,DISTRIBUTING_PRE_EMA,0.0,,0.15709240320675824,0.15709240320675824,0.21542854212019757,3.4715394303380136,0.09375129749271977,1.9333392658037072,-1.4444488670415867,-1.5382001645343064,0.5984329448454887,1.753628706654504,1,0.0,,0.0,0.0,0.0006408789196612474,0.038827055006336444,-0.6141000794565246,5FqACMtc...,216.588029224,0.0,,,False,3966206,0.8138427007466447,189,5GP7c3fF...,0.0009918364232852674,0.29237987304960256,0.2920898800420764,0.16781626735846175,,COUNTER,1233976.156315166,47834.295633396,0.0,OK,1.0,0.0,1295.967040512703,531807.620321097,0.12110015232877687,529543.055138743,0.12058447865645167,2264.565182353952,DORMITORY,True,True,1.0600851589504439,0,,16862.981829486,0.003839940591740972,30.0
105,73,87,106,127,Astrid,2026-10-08,9240210,0.002180894,0.0021747492719441652,0.0028254880390609885,IN BAND,False,True,2.19e-07,2936.876404945,3011948.827408125,1.0,1346638.833640634,601721.030003672,-0.0011311304522673383,-5137.165869027609,,0.0,,,,0.0001959673886960109,-3.095613947367267,0.034376771141908694,-4.595918141199842,-1.4659274226906667,-1.5003041938325754,0.8725247839822946,1.5005001612212714,1,0.28953132924802816,SKIN_IN_GAME,2084.925448230002,2084.8353589647245,3.051804379328171e-05,0.0009750751334883311,-0.5529011802094319,5FU4uxAd...,1549048.057111268,0.2270091866937486,BUYBACK_JUSTIFIED,,False,5848837,0.706285382936841,0,5EKrpcqV...,0.179995422293431,0.9010542231652283,0.7388685877573237,0.5891832499084361,,COUNTER,1301198.911530924,203.185912805,0.0,DIVERGENT,-0.9971121134583562,1.6087101706999691,1295.967040512703,5535.674552263,0.001837904582537884,5535.674552263,0.001837904582537884,0.0,EXPOSED,True,True,0.01797723715578598,,UNDEFENDED_BURNER,16367.647008065998,0.0054342380783908815,30.0
106,75,30,107,14,Cacheon,2026-10-08,9240210,0.008922206,0.008892185520380735,0.0033760518772869073,IN BAND,False,False,0.001239011,24868.119775071,3301517.689703204,1.0,2787216.403061346,2665828.620522851,-0.012349965626037119,-7011.53040529741,,0.0,,,,0.13093554870457444,0.3513891480964396,0.041075297840324036,-1.206520645414833,-1.5168344956709487,-1.5579097935112727,0.7959975523366797,1.6888453422158471,1,0.0,,0.0,0.0,4.57770656900891e-05,0.007532329707827967,-0.15577720265280057,5CKhH8nK...,1772545.143008772,5.676677546156693,BUYBACK_GAMING,,False,4848444,0.7615363486540927,117,5E2LP6En...,0.0,0.41975678720832355,0.41975678720832355,0.21140816700238052,,COUNTER,1226758.860637625,526.080568229,0.0,OK,1.0,0.0,1295.967040512703,55492.926527649,0.01680830810045959,49986.456337756,0.015140447829086029,5506.470189893,DORMITORY,True,True,0.14894592160554562,,,18437.219880585006,0.005584467997275051,30.0
107,77,59,108,60,Bitsec.ai,2026-10-08,9240210,0.003993393,0.003958728862926364,0.008756380715604578,IN BAND,False,True,5.5899e-05,6971.217426853,4090342.7383099,1.0,1745687.605585511,981020.278626234,0.00042835187573598795,-11239.580708670896,DISTRIBUTING_PRE_EMA,0.0,,,0.10726514413582335,0.021072728478405224,-0.5439000122095415,0.10653596537318903,-2.184071065225499,-1.5336350876427687,-1.6401710530159577,0.64248894729195,1.6612437814943628,1,0.14151470686873094,MINER_BURN_ONLY,1033.2136561649386,1033.1686115322996,1.5259021896696368e-05,0.0017043113188440187,-0.5732172318517063,5CXLwkK1...,164615.702025536,0.049845076219412254,,,False,4796992,1.0,113,5CXLwkK1...,0.179995422293431,2.290929597922553,1.8785727574999629,0.0,,COUNTER,706285.204250969,0.0,0.0,DIVERGENT,-0.9919185370080371,0.7972182773441239,1295.967040512703,1049823.336804982,0.2566590146523422,1049823.336804982,0.2566590146523422,0.0,FORTRESS,True,True,1.7443702386339572,0,,11997.512301413002,0.002933131297053676,30.0
108,125,125,109,113,LongShort,2026-10-08,9240210,0.002087439,0.0024233912117779255,-0.13862896347282433,IN BAND,False,True,0.0,1661.752243272,1738299.340734359,1.0,796072.020147724,75132.458741079,-0.0004889739469761811,101715.40387130319,ACCUMULATING_PRE_EMA,0.0,,,,,5.597201311436253,-1.6866523889193625,5.597201311436253,-1.6866523889193625,,1.511822468326876,-18.823586236724065,1,0.4100022879374996,MINER_BURN_ONLY,2952.016473149997,2952.016473149997,0.0,0.0009559643752554027,-0.5420396115740853,5GndoVhM...,547198.214931424,,,,False,7119664,1.0,0,5FRumLA6...,0.179995422293431,2.491478450672679,2.043023734808867,0.29102564102564105,,COUNTER,850467.681911587,0.0,0.0,DIVERGENT,-0.9979674910168785,2.27784841810648,1295.967040512703,52602.876676737,0.030261115242967575,52602.876676737,0.030261115242967575,0.0,FORTRESS,False,True,0.3384783223884679,,,26081.265613702006,0.015003897776710746,30.0
109,76,60,110,96,Verathos,2026-10-08,9240210,0.004218519,0.004262416157871485,-0.01029865603113846,IN BAND,False,True,5.0142e-05,2565.138683569,898359.349763365,1.0,608066.267867272,101198.756478138,0.0007914143622985852,3236.829365788959,,0.0,,,0.1876047879121998,0.051370780396425855,-4.196484913325421,-0.12530031504551792,-5.794507253336243,-1.7233226550563392,-1.5980223400108213,2.92533271979886,1.6493931204072472,1,0.16767484218204254,MINER_BURN_ONLY,1223.1691777330125,1221.5025263253676,0.0005645838101777656,0.0028553592548958033,-0.3231370405358365,5CGq1JQh...,705171.267331883,,,,False,7692872,0.45453296283856004,115,5GW4op2q...,,5.1581785559662965,5.1581785559662965,0.0,,COUNTER,284458.429560094,7897.141864024,0.0,DIVERGENT,-0.9944296889627304,0.9425413518557724,1295.967040512703,217890.019471158,0.2425421625862212,217890.019471158,0.2425421625862212,0.0,FORTRESS,False,True,2.2154042521448,0,,33999.50997683399,0.03784622488293769,30.0
110,80,84,111,22,Desearch,2026-10-08,9240210,0.003089507,0.003073854371905327,0.005092182712927581,IN BAND,False,True,9.08e-07,7628.605776515,3752477.224118259,1.0,2469198.241059245,275183.31911143,-0.0015173520545156394,-12686.703390256502,,0.0,,,,0.0003127994904843682,1.5298466615281903,0.06195488967395223,-0.3824340886653441,-1.8503258605195823,-1.9122807501935344,0.7003373619722679,1.9125935496840187,1,0.2872689621772308,SKIN_IN_GAME,2074.2601272619795,2068.944860610572,0.0018005645838101714,0.0020329519197301825,-0.3419817725837221,5DFuaMas...,1949733.5204991659,0.5541726159111305,BUYBACK_GAMING,,False,2009702,0.7047556445572252,131,5E2LP6En...,0.0,0.3946844905614851,0.3946844905614851,0.13526422609146815,,COUNTER,1281044.859295534,0.0,0.0,DIVERGENT,-0.8416107964807799,1.5964486718675097,1295.967040512703,763677.586285475,0.20351291711435254,763677.586285475,0.20351291711435254,0.0,FORTRESS,True,True,1.7226295706486132,0,,11838.040544300004,0.003154726821048636,30.0
111,79,76,112,123,MANTIS,2026-10-08,9240210,0.002276885,0.0022731085773557425,0.001661347232542129,IN BAND,False,True,2.842e-06,5605.192150404,2064608.168842799,1.0,2461780.566179698,552288.990695872,-0.0026115959502149458,-3492.415393641684,,0.0,,,,0.0013324745699327507,0.17536796721841402,0.020213057995929234,-1.7121816866969295,-1.8673365959194144,-1.8875496539153436,1.2728807527062043,1.8888821284852764,1,0.19035799147008875,SKIN_IN_GAME,1377.8738265449647,1372.2882920977227,0.0018921187151903496,0.002714893913040012,0.1923719964073775,5HVuEdEG...,1692380.48834138,2.273934061001797,BUYBACK_GAMING,,False,5794330,0.5265475225879439,123,5Di2sMNB...,,3.630590684886403,3.630590684886403,0.0,,COUNTER,333868.839808388,8560.983387542,0.0,DIVERGENT,-0.9476271325554265,1.0588913523254617,1295.967040512703,350656.879907587,0.1698418543525032,350656.879907587,0.1698418543525032,0.0,FORTRESS,True,True,1.1526381915629378,0,,15365.658797827995,0.007442409184324965,30.0
112,81,62,113,6,Numinous,2026-10-08,9240210,0.002307505,0.0023020629305392504,0.0023639968258708285,IN BAND,False,True,3.615e-05,7467.570492528,2711505.187294392,1.0,3236208.824977322,705420.075362021,-0.004023880888700968,-7151.591847355012,,0.0,,,,0.01272196895831898,0.21396479351506797,0.028761961381428412,-1.718074695060012,-1.9032775271936515,-1.93203948857508,0.9692033827979819,1.944761457533399,1,0.0,,0.0,0.0,0.002243076218814366,0.0027540314241402317,0.19351049039557083,5CfSg4e2...,12116.541410932,0.0,,,False,3219949,0.21754756224383676,41,5GNUXVBN...,0.179995422293431,15.626910366134236,12.81413803564031,0.0,,COUNTER,185360.665463109,0.0,0.0,DIVERGENT,1.0,0.0,1295.967040512703,662466.459537209,0.2443168697007859,662466.459537209,0.2443168697007859,0.0,DORMITORY,True,True,1.5151496126351982,0,,12924.129196971999,0.0047664040096740586,30.0
113,82,29,114,62,Ridges,2026-10-08,9240210,0.009687073,0.009676306741312146,0.0011126413181888274,IN BAND,False,False,0.001431632,28695.873690815,2722754.150781666,1.0,2962285.165000529,4399700.058487,-0.02595581615076601,-7675.118058318272,,0.0,,,,0.13111044941643474,-3.5964978750869028,0.013537136037964066,-5.609306251261209,-1.9992712401363424,-2.0128083761743065,0.9651991529406122,2.1439188255907413,1,0.049017611008570765,,405.5804890829895,404.90481959340383,0.0002288853284504455,0.010539281955580456,0.08797383436466898,5DhsVYew...,9287.900511291,0.14435093909857016,,,False,4474225,0.3233516483516483,39,5DyBQppB...,,15.753896024104977,15.753896024104977,0.0,,COUNTER,195935.511260242,170982.004100011,0.0,DIVERGENT,-0.9108183743285475,0.3124345040698085,1295.967040512703,147712.118853232,0.05425099391027495,147712.118853232,0.05425099391027495,0.0,FORTRESS,True,True,0.350430059654618,,,16426.64406559401,0.006033098530353224,30.0
114,84,41,115,50,Synth,2026-10-08,9240210,0.004523987,0.004488988546654582,0.007796512060940925,IN BAND,False,False,0.000453071,10863.758812486,3508036.306116982,1.0,2401367.858631994,1246162.179570314,-0.0056701551055483215,-13875.6197520704,,0.0,,,,0.10960024136687675,7.222400042796783,0.09485756340811459,5.08886270930466,-2.0386797700840082,-2.133537333492123,0.7491370586494621,2.2431375748589995,1,0.0,,0.022594943002332002,0.0,0.001785305561913475,0.0030968205185170987,-0.31546653018297827,5DxyiWpG...,2283894.781122508,0.0,,,False,4763204,0.14340089883518303,38,5EP1j1aU...,,13.718190548054357,13.718190548054357,0.0,,COUNTER,467621.733838886,0.0,0.0,DIVERGENT,0.9999388340662673,0.0,1295.967040512703,212500.00519846,0.060575201239486204,212500.00519846,0.060575201239486204,0.0,DORMITORY,True,True,0.3940404440982197,,,29065.445884254994,0.008285389131684133,30.0
115,85,85,116,112,for sale,2026-10-08,9240210,0.005883925,0.0057645635679364204,0.020706065716317203,IN BAND,False,True,8.46e-07,5495.62032515,2777919.73510542,1.0,934005.807804287,199095.777431974,-0.0010482548438311206,-10507.60127400665,,0.0,,,,0.00040455633185309555,-1.757440721552498,0.25192379954852595,-4.097954080210768,-2.088589559109744,-2.3405133586582703,0.9460316533948628,2.3409179149901234,1,0.34635298731667424,SKIN_IN_GAME,2494.1454301469494,2494.1003855143103,1.5259021896696368e-05,0.00197832221561342,-0.663775079455734,5GQjr3Qt...,1402396.007601634,0.4833176218318104,BUYBACK_GAMING,,False,5633022,1.0,0,5C4xjnQk...,0.179995422293431,1.1218576792864843,0.9199284325501851,0.6155348695254083,,COUNTER,1075707.250305532,0.0,0.0,DIVERGENT,-0.9975939414856541,1.9245091175525642,1295.967040512703,109192.016768061,0.03930711726050546,109192.016768061,0.03930711726050546,0.0,FORTRESS,True,True,0.3752570113559917,,,16631.88808274499,0.005987173737441994,30.0
116,78,77,117,70,SN70,2026-10-08,9240210,0.001106099,0.0011422322131693363,-0.03163385934378269,IN BAND,False,True,2.238e-06,241.385605049,298825.297852067,1.0,218231.430449052,15760.185395226,,5733.922104911384,,,,,,0.024365429739714985,-9.035615039769919,-0.3848786220160227,-10.821235707251658,-2.1704992894977613,-1.7856206674817385,8.794436143425138,1.8099860972214534,1,0.0,,0.0,0.0,0.0,0.0008077816931299356,-0.2697021757275473,5Cz1mjiJ...,626090.486749615,,,,True,8825571,1.0,1,5E2LP6En...,0.0,0.9332367352896479,0.9332367352896479,0.45791497543259985,,COUNTER,114390.63833428,0.0,0.0,OK,1.0,0.0,1295.967040512703,0.0,0.0,0.0,0.0,0.0,NEITHER,False,,,,,57461.686533598004,0.1922919075012328,30.0
117,83,63,118,40,Ralph,2026-10-08,9240210,0.002269704,0.002294630976393819,-0.010863174362351473,IN BAND,False,True,3.5694e-05,1384.225862477,487845.149218392,1.0,609870.498463123,81233.515386104,-1.8552276038102824e-06,4393.437264554435,ACCUMULATING_PRE_EMA,0.0,,,,0.06776627611345372,-6.221247302782527,-0.13216862140860958,-8.34801991477226,-2.2589412333983425,-2.126772611989733,5.386955275071378,2.1945388881031866,1,0.0,,0.0,0.0,0.0,0.002837428771598441,0.25013163460893617,5HeKCDfd...,825320.483015813,,,,True,8409860,0.0,6,5E2LP6En...,0.0,0.8194790505914002,0.8194790505914002,0.2360373557956418,,COUNTER,22349.634720453,0.042920633,0.0,OK,1.0,0.0,1295.967040512703,22427.898380107,0.04597339630421697,22427.898380107,0.04597339630421697,0.0,DORMITORY,False,True,0.36922595000542036,,,46978.08314578697,0.09629712055362973,30.0
118,86,81,119,99,Thirty Spokes,2026-10-08,9240210,0.000986269,0.0009966818615794182,-0.010447527923220417,IN BAND,False,True,1.298e-06,390.300051226,423386.447055508,1.0,395733.934272524,33586.571458304,,4176.625880700303,,,,,,0.008739799006648875,-7.917764549673044,-0.12711158973251507,-10.537412047415314,-2.746759087474785,-2.61964749774227,6.207095239530558,2.628387296748919,1,0.0,,0.0,0.0,1.5259021896696368e-05,0.0009218529642136367,-0.06531284648139932,5DebFXsw...,1105886.358036525,,,,True,8572056,1.0,18,5CkCPddn...,,9.001995300110474,9.001995300110474,0.0,,COUNTER,94717.016826704,0.012273672,0.0,OK,1.0,0.0,1295.967040512703,0.0,0.0,0.0,0.0,0.0,NEITHER,False,,,,,64014.66751350403,0.15119678005449097,30.0
119,87,48,6,18,Zeus,2026-10-08,9240210,0.003876716,0.0038517077919095755,0.006492758392252344,IN BAND,False,False,0.000184023,10003.675704323,3334366.504542241,1.0,2580450.753711102,891929.902329792,0.00033872464815844845,-28925.679622167256,DISTRIBUTING_PRE_EMA,0.0,,0.08737411978552168,0.08737411978552168,0.04834347476808061,-1.8996736184584513,0.07899522710573685,-5.890272707889636,-3.9116038623254483,-3.990599089431185,0.7881557100636678,4.038942564199266,1,0.020292051302179922,SKIN_IN_GAME,153.5786418399657,153.0381062482968,0.00018310826276046743,0.0030001728036481573,-0.22610456797759826,5GgvCi6h...,2212266.15724859,0.9281853105614615,BUYBACK_GAMING,,False,1604679,0.08890008088762713,10,5E4z3h9y...,0.0899977111467155,0.31356961110430037,0.2853490638197476,0.05800396764840531,,COUNTER,343709.257153867,30745.295806132,0.0,DIVERGENT,-1.0,0.1180879617029093,1295.967040512703,472285.796249436,0.14164183679450493,375000.0,0.11246514127620831,97285.79624943598,DORMITORY,True,True,0.7425310553290478,,,15626.274122253995,0.004686429671413477,30.0
120,89,42,120,102,ConnitoAI,2026-10-08,9240210,0.005697246,0.005617119604721665,0.01426467672345485,IN BAND,False,False,0.000360919,3439.244708365,1089997.857382974,1.0,603667.982615282,245199.487047009,-9.995717380745074e-05,-10310.862100527156,,0.0,,,,0.2757858810374996,0.685937958236009,0.17355356680203401,-5.067900704029792,-5.580285095463767,-5.7538386622658,2.411013913650882,6.0296245433033,1,0.0964306152056811,SKIN_IN_GAME,738.4643874729809,738.2842089424247,6.103608758678547e-05,0.003155276576985611,-0.44617512092937345,5HBc11rC...,839150.555095595,0.3143534742883116,BUYBACK_GAMING,,False,7840965,0.2501106346614579,0,5EEinUEy...,0.179995422293431,0.9454060082451164,0.7752372545522898,0.486189953000061,,COUNTER,162103.453226333,7309.092357836,0.0,DIVERGENT,-0.657040503243875,0.5696782293555467,1295.967040512703,2002.340459168,0.001837013206590618,2002.340459168,0.001837013206590618,0.0,EXPOSED,False,True,0.01446758012818684,,,32027.709042808005,0.029383277064144703,30.0
121,88,83,121,103,Deprecated,2026-10-08,9240210,0.000928647,0.00093507906422019,-0.006878631408087478,IN BAND,False,True,1.006e-06,292.629743987,281628.234849754,1.0,315114.09941838,37953.170766864,,2925.8305287882104,,,,,,0.009034515644169955,-6.194675096198659,-0.08369001546506431,-11.812857252731256,-5.701872171997662,-5.618182156532598,9.331450738247225,5.627216672176767,1,0.0,,0.0,0.0,0.0,0.0010390639423746527,0.1189008766244361,5H3SQ4du...,1129171.789533501,,,,True,8762380,1.0,103,5H6VKx1U...,,0.9062204067700825,0.9062204067700825,0.01817377239295633,,COUNTER,60139.256694016,0.014698804,0.0,OK,1.0,0.0,1295.967040512703,0.0,0.0,0.0,0.0,0.0,NEITHER,False,,,,,70772.77734497897,0.2512985865310542,30.0
122,90,40,122,21,AdTAO,2026-10-08,9240210,0.004740408,0.004590771859511733,0.032594985128313866,IN BAND,False,False,0.000490328,8856.461999605,4279705.070218814,1.0,1868291.162830855,619298.400101832,-0.0017317969702688176,-69545.8340763168,,0.0,,,,0.1454962471534876,18.636212169376865,0.39657231906115203,12.07128243902536,-6.168357411290353,-6.564929730351505,0.6140610058126353,6.710425977504992,1,0.0,,0.0,0.0,0.00015259021896696368,0.002069409422914319,-0.5634533097331877,5HjCYVfr...,2209822.5711943093,0.09593869015839278,,,False,3156578,1.0,245,5FjSAsDU...,,17.724902740497594,17.724902740497594,0.0,,COUNTER,834653.38669571,0.0,0.0,DIVERGENT,1.0,0.0,1295.967040512703,9464.140437828,0.002211400150838926,9464.140437828,0.002211400150838926,0.0,NEITHER,True,True,0.015317749071562189,,,12687.606103924001,0.0029645982365030838,30.0
123,91,90,123,65,True Performance Network,2026-10-08,9240210,0.002182249,0.002134408336132765,0.022414016595304006,IN BAND,False,True,1.06e-07,5661.078083946,3463589.203377806,1.0,2594148.043375325,309372.368029145,-0.00012719120635281114,-79739.32752354536,,0.0,,,,4.920758835494225e-05,3.2941093729794475,0.2727038685761987,-6.10299684907822,-9.124402353481468,-9.397106222057667,0.7587504884924251,9.397155429646022,1,0.30747144769114526,MINER_BURN_ONLY,2214.0379690008704,2213.9028351029533,4.57770656900891e-05,0.0016344542471795243,-0.2510230284538912,5GxEEHxL...,1542933.139686964,0.012211564913652362,,,False,4950813,0.7500305194408838,0,5DAmVrUg...,0.179995422293431,0.8548854679059587,0.7010099970977083,0.47422397216372125,,COUNTER,1076916.823417431,0.0,0.0,DIVERGENT,-0.9972774704663901,1.7083018054433712,1295.967040512703,171794.150223016,0.04960003630207552,171794.150223016,0.04960003630207552,0.0,FORTRESS,True,True,0.39990433370151346,,,21096.237264384,0.006090860095016538,30.0
124,92,39,124,91,cascade,2026-10-08,9240210,0.005107123,0.004917991580441594,0.038457044194740844,IN BAND,False,False,0.000622527,3369.868388227,1233673.638668177,1.0,659836.951810142,196242.750409758,-0.00013977869327964234,-29122.518088372075,,0.0,,,,0.485479184206584,0.843887216481749,0.46789403770268023,-9.921361706222767,-10.297354885001836,-10.765248922704515,2.1302230327601714,11.2507281069111,1,0.0,,0.0,0.0,1.5259021896585345e-05,0.00273157201597091,-0.46514465855415854,5HEe7NjS...,482893.54978118,0.14200119919828855,,,False,7633645,0.0,46,5GvF67op...,0.0,0.6419088442390135,0.6419088442390135,0.013093239737524798,,COUNTER,399376.775480423,9542.545852108,0.0,DIVERGENT,1.0,0.0,1295.967040512703,152159.491459508,0.12333852867584419,152159.491459508,0.12333852867584419,0.0,DORMITORY,False,True,1.094081788225654,0,,36129.25642495902,0.029285911032323485,30.0
125,93,61,125,26,Perturb,2026-10-08,9240210,0.002584458,0.0024333165492862463,0.062113353381041736,IN BAND,False,True,4.493e-05,1742.882747995,1052305.758934408,1.0,674370.639526176,72949.471343145,-0.00014188253281285655,-30640.526593439165,,0.0,,,,0.0677475522296803,5.582040271884818,0.7557124661360077,-8.007597188469541,-12.833924994218352,-13.589637460354359,2.4973730094009756,13.657385012584038,1,0.0,,0.0,0.0,3.0518043793392735e-05,0.0016562512684145036,-0.35914947412010423,5FsVAEPM...,1493946.675541889,0.4761583362499006,BUYBACK_GAMING,,False,8123781,0.7625928921306823,143,5CDK1b4s...,0.179995422293431,0.5804317123727801,0.4759566611917423,0.09982909113105048,,COUNTER,126702.64959091,1668.571827101,0.0,OK,1.0,0.0,1295.967040512703,32153.679174936,0.030555453015381814,29439.843071822,0.027976510459881497,2713.836103114001,DORMITORY,False,True,0.1798546112026898,,,33999.734877348004,0.032309748938157495,30.0
126,126,126,126,59,SN59,2026-10-08,9240210,0.005122747,0.0,,N/A,False,True,0.0,530.361161239,0.0,0.0,103530.603756369,1.345483354,,,,,,,,,0.0,,0,,,,,,,,,,0.0,,,5GzrQ2fe...,364304.731496415,,,,True,8938771,1.0,0,5FKjMupT...,,0.0,0.0,0.0,,,0.0,0.0,,NO_ESTIMATE,,,,0.0,,0.0,,0.0,,False,,,,,0.0,,30.0
127,127,127,127,82,SN82,2026-10-08,9240210,0.004456112,0.0,,N/A,False,True,0.0,629.701453104,211.283296268,0.0,141311.845162495,0.99,,0.0,,,,,,,0.0,,0,,,0.0,0.0,1,,,0.0,,0.0,2.980365529252545,667.8264409091479,5GGrRdUa...,594122.438038521,,,,True,9155260,1.0,0,5Hn6PHyj...,,0.0,0.0,0.0,,COUNTER,0.0,0.0,0.0,OK,0.0,,,0.0,0.0,0.0,0.0,0.0,,False,,,,,0.0,0.0,30.0
128,128,128,128,86,SN86,2026-10-08,9240210,0.005989978,0.0,,N/A,False,True,0.0,709.206653218,0.0,0.0,118398.856999575,2.125984345,,,,,,,,,0.0,,0,,,,,,,,,,0.0,,,5DGneGQE...,278837.510500752,,,,True,8693284,1.0,0,5F1N5GEH...,,0.0,0.0,0.0,,,0.0,0.0,,NO_ESTIMATE,,,,0.0,,0.0,,0.0,,False,,,,,0.0,,30.0
