combined_apy_rank,real_apy_rank,emission_rank,epr_rank,netuid,name,date,block,spot_price,moving_price,momentum_30d,ema_band,ema_lag_flag,low_emission,tao_emission,tao_reserves,alpha_outstanding,alpha_out_emission,alpha_in_pool,volume,ema_tao_inflow,pool_growth_real,pool_ema_divergence,flow_momentum,flow_price_divergence,emission_price_ratio,emission_price_ratio_raw,emission_apy,price_apy_7d,price_apy_30d,combined_apy_7d,combined_apy_30d,real_apy,gross_emission_rate,net_supply_delta,supply_days_gap,supply_defence,supply_defence_quality,burned_tokens,manual_burn,miner_burn_rate,liquidation_price,liquidation_haircut,owner_coldkey,owner_stake,owner_inflow_pct,owner_inflow_flag,large_entry_anomaly,immune,registered_at,vali_miner_share,best_validator_uid,best_validator_hotkey,best_validator_take,best_validator_raw_apy,best_validator_apy,best_validator_div_pct,best_validator_trust,burned_source,alpha_burned_cum,alpha_recycled_cum,recycled_tokens,recon_flag,recon_gap_relative,burn_coverage,owner_cut_emission,total_locked_alpha,locked_float_ratio,owner_locked_alpha,owner_lock_ratio,community_locked_alpha,commitment_class,gate_eligible,leader_is_owner,leader_pct_of_threshold,leader_blocks_to_threshold,governance_flag,basket_alpha,basket_share,ema_halving_days
1,1,68,14,55,NIOME,2026-10-10,9254150,0.002176921,0.0023091428447514772,-0.05726014094451035,IN BAND,False,True,3.3989e-05,5928.488711934,2951843.944269435,1.0,2723336.255430366,588120.270085372,-0.002858824195392448,147228.42147051124,ACCUMULATING_PRE_EMA,0.0,,,,0.015066755853004044,-5.019618764768339,-0.6966650481582093,11.581875001874238,15.904828718484367,16.601493766642577,0.890290967143392,-16.586427010789574,1,0.00770447955773795,MINER_BURN_ONLY,56.563114714983385,56.33789155178815,7.629510948348184e-05,0.0020084018070952825,-0.0774117172394945,5GeWUxaF...,1254377.937096398,,,,False,4703386,0.020067144819166827,28,5G9hfkx9...,0.009994659342336155,0.3936024482250196,0.38966852583870104,0.01707588774778349,,COUNTER,323246.85084657,0.0,0.0,DIVERGENT,0.9070188210622769,0.04347170089256288,1295.967040512703,14841.866940702,0.005027998505651111,14841.866940702,0.005027998505651111,0.0,DORMITORY,True,True,0.03253873320911874,,,16447.083744099004,0.005571799883265701,30.0
2,2,38,15,91,cascade,2026-10-10,9254150,0.004832113,0.005093617597594857,-0.05133966038564351,IN BAND,False,False,0.000704139,3287.49908549,1228385.899467082,1.0,680344.008841462,197862.963912441,-0.00013977869327964234,32770.9974982444,ACCUMULATING_PRE_EMA,0.0,,,,0.5628829830455108,-3.9319781584415074,-0.6246325346919961,3.9666713602337293,7.274016983983241,7.898649518675237,2.1393928415656034,-7.335766535629726,1,0.0,,0.0,0.0,4.5777065690200125e-05,0.002676275498535302,-0.4461479898058464,5HEe7NjS...,487626.054208102,,,ENTRY_REPEATED,False,7633645,0.271180491973387,1,5E2LP6En...,0.0,0.677516476074447,0.677516476074447,0.4705559200988845,,COUNTER,399376.775480423,9542.545852108,0.0,DIVERGENT,1.0,0.0,1295.967040512703,152159.491459508,0.12386945464411489,152159.491459508,0.12386945464411489,0.0,DORMITORY,False,True,1.1016209918970428,0,,37584.018823584,0.030596263633349507,30.0
3,3,2,16,90,KubeTEE,2026-10-10,9254150,0.020385589,0.021084856474772096,-0.03316444082077419,IN BAND,False,False,0.012206277,4144.074796176,454637.403365955,1.0,203284.530981642,110432.898320343,,10084.546857298643,,,,,,7.7407135570044465,-5.541564554067513,-0.4035006966527526,1.4337749835931284,6.571838841007889,6.975339537660641,5.780430691675015,0.7653740193438051,1,0.0,,0.0,0.0,1.5259021896696368e-05,0.00911512067747817,-0.5528644927807497,5C9y6fnL...,472842.654604448,,,,True,8618670,0.0,1,5E2LP6En...,0.0,0.7518322258972351,0.7518322258972351,0.36480444369840226,,COUNTER,0.0,119121.56295192,0.0,DIVERGENT,1.0,0.0,1295.967040512703,100232.998689697,0.2204679992178638,100232.998689697,0.2204679992178638,0.0,DORMITORY,False,True,1.2265234148437836,0,,59844.70001091401,0.1316317125864427,30.0
4,4,86,17,103,Deprecated,2026-10-10,9254150,0.000851325,0.0008654091507196426,-0.016274557194051825,IN BAND,False,True,7.43e-07,280.194837962,281568.730463566,1.0,329127.90230656,38019.914471693,,11681.480740721803,,,,,,0.006968736519924082,-3.7019530936389047,-0.19800711252763054,2.3989186377627125,5.902864618873987,6.100871731401617,9.333422769187978,-6.093902994881693,1,0.0,,0.0,0.0,0.0,0.0009951205785553529,0.16890797116888717,5H3SQ4du...,1126311.324641246,,,,True,8762380,1.0,103,5H6VKx1U...,,0.9082333566004926,0.9082333566004926,0.01815851313821833,,COUNTER,60139.256694016,0.014698804,0.0,DIVERGENT,1.0,0.0,1295.967040512703,0.0,0.0,0.0,0.0,0.0,NEITHER,False,,,,,73828.85340166603,0.2622054419186267,30.0
5,93,93,18,116,Carbon,2026-10-10,9254150,0.041786936,0.028331000125035644,0.47495449562592607,PREMIUM,False,True,0.0,1996.991151349,140954.055678393,1.0,47789.843495611,49075.927161898,,787.3887398107181,,,,,,,1099.0365585239647,5.778613030115434,1099.0365585239647,5.778613030115434,,18.64437307143656,16.528643696201566,1,0.38950217354152783,MINER_BURN_ONLY,2804.415649499,2804.415649499,0.0,0.014167674294561792,-0.6609544596770198,5D5RwyMP...,749621.598257892,,,,True,9210632,1.0,0,5DDLUnX2...,0.179995422293431,2.4126163278383896,1.978356433077092,0.6784978560419942,,COUNTER,15645.687307632,0.0,0.0,DIVERGENT,-0.8908231656738529,2.1639559972061737,1295.967040512703,0.0,0.0,0.0,0.0,0.0,EXPOSED,False,,,,,11905.719339450001,0.08446524849639386,30.0
6,94,94,19,108,ChipForge,2026-10-10,9254150,0.009483384,0.006497920025140047,0.4594491719364625,PREMIUM,False,True,0.0,744.77401818,70661.465934833,1.0,78534.623003839,16893.65605232,,4659.382841656174,,,,,,,58.74054406184959,5.58996492522696,58.74054406184959,5.58996492522696,,37.191416357306444,11.890284992897339,1,0.38950217354041644,MINER_BURN_ONLY,2804.4156494909985,2804.4156494909985,0.0,0.010540030670561832,0.11142084624663867,5FBwsAvv...,700526.014321204,,,,True,9111253,1.0,0,5HjH8Zqf...,0.0,2.578052209246464,2.578052209246464,0.6761326354661011,,COUNTER,13680.063234405,0.0,0.0,DIVERGENT,-0.8889752792559459,2.1639559971999995,1295.967040512703,0.0,0.0,0.0,0.0,0.0,EXPOSED,False,,,,,10059.794135795997,0.14236605486041806,30.0
7,5,35,20,105,Beam,2026-10-10,9254150,0.005235701,0.005572653608396649,-0.06046537826950935,IN BAND,False,False,0.000946761,4718.937768922,2198425.905496617,1.0,901300.178147347,586880.276703059,-0.0010888053840733777,38575.57655228418,ACCUMULATING_PRE_EMA,0.0,,,,0.5272559270406276,-11.657682146554984,-0.7356621022790304,-6.144302476585033,4.777717567690921,5.513379669969951,1.1954007608031456,-4.9861237429293235,1,0.0,,0.0,0.0,0.0017547875181200823,0.0021465075339239183,-0.5900248058619241,5G3ic2pA...,2205172.448897809,,,ENTRY_PRE_EMA_PATTERN,False,6841399,0.0,131,5GbBrQUY...,0.0,0.4943572205388038,0.4943572205388038,0.006973692241958128,,COUNTER,452240.813141888,1869.377328683,0.0,DIVERGENT,1.0,0.0,1295.967040512703,171526.502098708,0.07802241670726709,171526.502098708,0.07802241670726709,0.0,DORMITORY,False,True,0.6183543982101294,,,20635.513929558994,0.00938649507266314,30.0
8,6,37,21,25,UR,2026-10-10,9254150,0.006235575,0.006365922512486577,-0.02047582455345693,IN BAND,False,False,0.000858892,12783.124920975,4096296.226761333,1.0,2050031.174639133,780441.326430402,-0.00189072698649151,54161.90605396568,ACCUMULATING_PRE_EMA,0.0,,,,0.1765740528981579,-3.3158873010269,-0.2491225320670593,0.9416768213019933,4.0084415902618336,4.257564122328893,0.6415551645975036,-4.080990069430735,1,0.0,,0.0,0.0,3.0518043793392735e-05,0.0031206544188533357,-0.4995402318385497,5HTeZ516...,1794178.460386704,,,,False,2998801,0.900004577846276,204,5E2LP6En...,0.0,0.2886221535109423,0.2886221535109423,0.36041507706394016,,COUNTER,1038889.986293631,0.0,0.0,DIVERGENT,1.0,0.0,1295.967040512703,1125411.201051702,0.2747387246311259,1125411.201051702,0.2747387246311259,0.0,DORMITORY,True,True,2.0463584665868977,0,,11779.321217797991,0.0028756028777516198,30.0
9,7,23,22,49,Nepher Robotics,2026-10-10,9254150,0.00786467,0.008215576875954866,-0.04271238420054113,IN BAND,False,False,0.001917339,4516.49695107,2471254.929043533,1.0,574276.847785742,213737.607199926,-3.683535129229573e-05,27076.769508618745,ACCUMULATING_PRE_EMA,0.0,,,,1.1156360663115845,-5.84337519430397,-0.5196673411065837,-2.014702361314899,3.3090054918824876,3.828672832989071,1.063427317479194,-2.7130367666774866,1,0.0,,0.0,0.0,4.57770656900891e-05,0.0018276127233939608,-0.7676173668578643,5FL781vf...,1790157.049662054,,,ENTRY_PRE_EMA_PATTERN,False,6783158,0.8910303363242386,109,5CwD7HgZ...,0.0,0.4465939713075157,0.4465939713075157,0.07239542797845229,,COUNTER,794586.146282696,837.682351088,0.0,DIVERGENT,1.0,0.0,1295.967040512703,504878.25252814,0.20430035226011528,504878.25252814,0.20430035226011528,0.0,DORMITORY,False,True,1.8885415846841804,0,,26036.15690865299,0.01053560140747193,30.0
10,8,48,23,63,Enigma,2026-10-10,9254150,0.00394271,0.003967679338529706,-0.006293184604721238,IN BAND,False,False,0.000291773,10773.043436127,3416290.99927187,1.0,2732395.249336104,1244386.525757692,-0.0023243817583002914,38053.22001731722,ACCUMULATING_PRE_EMA,0.0,,,,0.07117574978196353,-0.5664792661827805,-0.07656707935744173,2.7497764292914613,3.2396886161168,3.3162556954742417,0.769255312430972,-3.2450799456922783,1,3.1276438904461353e-07,MINER_BURN_ONLY,0.09250781696755439,0.0024185516894590364,3.0518043793392735e-05,0.0031534326081774384,-0.20018651937945267,5CqTmNfg...,47714.779986587,,,,False,4885578,3.051897517281077e-05,147,5EZ52JMq...,0.0,0.3267154878635909,0.3267154878635909,0.91664886311613,,COUNTER,725442.346087492,0.0,0.0,DIVERGENT,0.9997157749809353,1.866213888049362e-06,1295.967040512703,72397.992373783,0.021191986393785986,72397.992373783,0.021191986393785986,0.0,DORMITORY,True,True,0.16037246898210603,,,12413.900863011997,0.00363373637247466,30.0
11,10,65,24,26,Perturb,2026-10-10,9254150,0.002406473,0.0024673733860254288,-0.02468227402076753,IN BAND,False,True,4.7724e-05,1682.50738152,1041744.601329315,1.0,699159.114842297,73306.706083467,-0.00014188253281285655,16207.934548886027,ACCUMULATING_PRE_EMA,0.0,,,,0.07454271724305606,2.3257318597746286,-0.30030100058600495,5.584826243716702,2.9587933833560687,3.259094383942074,2.522691259111445,-3.1845516666990177,1,0.0,,0.0,0.0,3.0518043793392735e-05,0.001615086249905247,-0.3288575230616562,5FsVAEPM...,1479015.953619981,,,,False,8123781,0.7626234111058551,143,5CDK1b4s...,0.179995422293431,0.5837901951490841,0.47871063244246026,0.1007126180702852,,COUNTER,126702.64959091,1668.571827101,0.0,DIVERGENT,1.0,0.0,1295.967040512703,31688.383534068,0.030418572357977316,29014.713850079,0.027852041482197137,2673.669683989003,DORMITORY,False,True,0.17934020230223882,,,35580.17809990301,0.0341544156355608,30.0
12,9,81,25,70,SN70,2026-10-10,9254150,0.000953973,0.0009892811067402363,-0.035690671235579785,IN BAND,False,True,1.268e-06,224.19610108,296007.55576606,1.0,235013.078432369,15836.864208327,,9598.601268025348,,,,,,0.014863345008889927,-13.787169311761337,-0.4342365000328874,-10.48009080206968,2.8728420096587692,3.3070785096916566,8.878151752575379,-3.2922151646827666,1,0.0,,0.0,0.0,0.0,0.0007573999268356046,-0.2060572711852383,5Cz1mjiJ...,626166.258552382,,,,True,8825571,1.0,1,5E2LP6En...,0.0,0.9351785295917588,0.9351785295917588,0.456572161015656,,COUNTER,114390.63833428,0.0,0.0,DIVERGENT,1.0,0.0,1295.967040512703,0.0,0.0,0.0,0.0,0.0,NEITHER,False,,,,,60672.12016476398,0.2049681468695827,30.0
13,11,83,26,99,Thirty Spokes,2026-10-10,9254150,0.000933706,0.0009493709076195955,-0.016500302983659943,IN BAND,False,True,1.076e-06,379.774029114,426339.890817302,1.0,406738.089021454,33608.312493377,,10485.09506769327,,,,,,0.007445817205028459,-3.5320567013125266,-0.20075368630119597,-0.4831132919919816,2.848189723019349,3.048943409320545,6.164095963345283,-3.0414975921155167,1,0.0,,0.0,0.0,1.5259021896696368e-05,0.0008907776102910888,-0.04597634556156993,5DebFXsw...,1105847.462658007,,,,True,8572056,1.0,18,5CkCPddn...,,8.599046545284102,8.599046545284102,0.0,,COUNTER,94717.016826704,0.012273672,0.0,DIVERGENT,1.0,0.0,1295.967040512703,0.0,0.0,0.0,0.0,0.0,NEITHER,False,,,,,66545.88039979602,0.1560864508179759,30.0
14,12,9,27,114,SOMA,2026-10-10,9254150,0.022199057,0.022504296619445086,-0.013563615188991894,IN BAND,False,False,0.006435339,9578.294526996,1973642.443662975,1.0,431473.250183761,290065.232132041,-0.00033109223172571404,13681.250547400385,ACCUMULATING_PRE_EMA,0.0,,,,1.7656661991687639,2.1966478592219363,-0.16502398479940136,4.84530491890777,2.483633074886433,2.648657059685834,1.331548178059331,-0.8829908605170702,1,0.0,,0.0,0.0,0.0002746623941405346,0.004853105261163312,-0.7813823685770386,5FHrQMjz...,1242239.59203695,,,,False,7312241,0.0,29,5FeYJbEu...,0.013550011444266423,1.0062700893528145,0.9926351181260609,0.004547604877229929,,COUNTER,373811.447473431,13816.272943106,0.0,DIVERGENT,1.0,0.0,1295.967040512703,146039.760277138,0.07399504441447662,146039.760277138,0.07399504441447662,0.0,DORMITORY,False,True,0.6335147889102616,,,33636.075222206,0.01704263876681697,30.0
15,13,72,28,106,Nodexo,2026-10-10,9254150,0.002120062,0.002142708981409669,-0.010569322108674723,IN BAND,False,True,2.7422e-05,5612.851653978,2380091.407634095,1.0,2647493.366896358,369135.959913836,-0.0008091572467977437,22282.093478974886,ACCUMULATING_PRE_EMA,0.0,,,,0.012839287485698167,-4.275968604990089,-0.12859341898887577,-1.9318092457257428,2.2155659402754706,2.344159359264346,1.1041592737029946,-2.331320071778648,1,0.0,,0.0,0.0,7.629510948348184e-05,0.0023582504587743532,0.1123497608911218,5CTdHCps...,954286.678702523,,,,False,5558480,0.6290248741034641,96,5E2LP6En...,0.0,0.4792856560840975,0.4792856560840975,0.24390727769384546,,COUNTER,838637.534343767,0.0,0.0,DIVERGENT,1.0,0.0,1295.967040512703,350821.367081214,0.14739827468640976,350821.367081214,0.14739827468640976,0.0,DORMITORY,True,True,1.3096584823483972,0,,16009.779479575007,0.006726539757348799,30.0
16,16,6,29,80,OpenRoboto,2026-10-10,9254150,0.025636841,0.02494045812636614,0.027921815634078972,IN BAND,False,False,0.007225041,5716.051077413,2279078.934992685,1.0,222962.614776649,388776.67079947,-0.0002903473733555673,-3181.9511493714526,,0.0,,,,3.3217701330607103,-2.2561531686324066,0.3397154235479608,-0.8698361419020939,1.7260324502782733,1.3863170267303127,1.1530974024857261,1.9354531063303977,1,0.0,,0.0,0.0,4.57770656900891e-05,0.002508053139208777,-0.9021699616107626,5CG1eFia...,249172.796283746,0.0,,,False,7151800,0.6704663370567051,2,5HVjAxFQ...,0.179995422293431,9.421368840644439,7.72556557759047,0.0,,COUNTER,259786.921319435,2501.379452446,0.0,DIVERGENT,1.0,0.0,1295.967040512703,303297.372393807,0.13307892400610533,303297.372393807,0.13307892400610533,0.0,DORMITORY,False,True,0.8890278101628024,,,28605.886257120004,0.01255151184889163,30.0
17,95,95,30,58,Attune,2026-10-10,9254150,0.010588837,0.009287287015467882,0.14014318523422392,IN BAND,False,True,0.0,1292.913438653,734993.565110116,1.0,122101.547086982,35408.212702929,,-11579.629741023542,,,,,,,33.34625729516563,1.7050754203497243,33.34625729516563,1.7050754203497243,,3.575541507776705,9.410590437840908,1,0.38950217354013955,MINER_BURN_ONLY,2804.415649489005,2804.415649489005,0.0,0.0017590813036020211,-0.8338739841210114,5DCsuLti...,879669.672758698,0.0,,,True,8511017,1.0,0,5DsnuvVc...,0.179995422293431,1.9214630460017608,1.5756084936154515,0.5687145211499726,,COUNTER,145057.042769792,0.045668707,0.0,DIVERGENT,-0.8908863598533833,2.163955997198461,1295.967040512703,213417.539421567,0.2903665413582131,213417.539421567,0.2903665413582131,0.0,FORTRESS,False,True,2.009797583107596,0,,52468.14631816001,0.07138585806570875,30.0
18,14,46,31,54,Yanez,2026-10-10,9254150,0.006017888,0.006102522602304816,-0.013868789649849285,IN BAND,False,False,0.000367613,9837.023320816,4426329.423632079,1.0,1634630.3567031,968371.861106109,-0.0018134332739084883,26101.43755314243,ACCUMULATING_PRE_EMA,0.0,,,,0.09820927860927965,-2.8856981755964255,-0.16873694073983295,-1.2444837654472762,1.4724774694093163,1.6412144101491493,0.5937199310040423,-1.5430051315398696,1,0.11176464745040715,MINER_BURN_ONLY,856.6551539149368,853.8623866913158,0.0009460593575951748,0.0022223884350532843,-0.6307029251702119,5FUfruyV...,3797433.099651479,,,ENTRY_REPEATED,False,4742549,0.3074397079712248,59,5DUB7kNL...,0.01998931868467231,0.31826786771527926,0.3119059098804274,0.8145887379826033,,COUNTER,617514.360554499,0.0,0.0,DIVERGENT,-0.614855154663668,0.65886119013761,1295.967040512703,644081.425659809,0.14551140776397525,644081.425659809,0.14551140776397525,0.0,FORTRESS,True,True,0.9503795186961956,,,33581.622928839024,0.007586787994031229,30.0
19,15,51,7,18,Zeus,2026-10-10,9254150,0.003682685,0.003713930258527398,-0.008412990108162904,IN BAND,False,False,0.000156959,9752.805276654,3281191.524930754,1.0,2648286.46614838,893406.295388467,0.00033872464815844845,20421.664101034403,,0.0,,0.09197763266704821,0.09197763266704821,0.042294318434451174,-2.4377429756278244,-0.102358046315982,-0.9348616431141921,1.4005232861976502,1.5028813325136323,0.8009285590408993,-1.4605870140791812,1,0.02893500357868623,MINER_BURN_ONLY,217.70679537102114,217.21130441199162,0.00016784924086366004,0.0029723364828146757,-0.19288875295750912,5GgvCi6h...,2156678.345933833,,,,False,1604679,0.09540015872046881,84,5DCSySUE...,0.179995422293431,0.34597273776486087,0.2836992287288603,0.597131084999237,,COUNTER,344117.03154106,30745.295806132,0.0,OK,0.187777178748346,0.16760557762800798,1295.967040512703,472285.796249436,0.14393728395949182,375000.0,0.11428775100469453,97285.79624943598,DORMITORY,True,True,0.7569877748983023,,,16232.281940471998,0.0049470693244017695,30.0
20,17,36,32,85,Vidaio,2026-10-10,9254150,0.005750506,0.005780491977930069,-0.005187443913866787,IN BAND,False,False,0.000883319,13560.185744949,3051951.313448567,1.0,2358085.443062384,1539912.583039476,-0.006693889346863315,15573.899142588954,ACCUMULATING_PRE_EMA,0.0,,,,0.17118956743381475,-3.127869766185396,-0.0631139009520459,-2.0475914987413337,1.0171643664920165,1.0802782674440623,0.8610884414897428,-0.9090887000102477,1,0.0,,0.0,0.0,7.629510948348184e-05,0.004443119942705313,-0.22735148129480903,5GTPBjA4...,3417612.187463457,,,,False,5258781,0.9254082099801617,0,5FR392L6...,0.179995422293431,0.3151747974594667,0.2584447766945034,0.99969481490524,,COUNTER,513754.606571334,0.0,0.0,DIVERGENT,1.0,0.0,1295.967040512703,139153.079849945,0.04559479020414264,139153.079849945,0.04559479020414264,0.0,DORMITORY,True,True,0.3130817068797363,,,36443.306338414994,0.011940985486179235,30.0
21,18,10,33,38,ChronoLLM,2026-10-10,9254150,0.019242659,0.01948444964364171,-0.012409416127420062,IN BAND,False,False,0.005462815,8671.331519173,2026034.37583082,1.0,450630.810289345,287277.504184513,-0.0014355570088288021,4877.15845207352,ACCUMULATING_PRE_EMA,0.0,,,,1.6556024629270758,-7.315977502729733,-0.1509812295502774,-6.357528147902125,0.8074681252773306,0.958449354827608,1.2971152075948023,0.6971531080994678,1,0.0,,0.0,0.0,7.629510948348184e-05,0.0042799528095949155,-0.7775799690887358,5GeWgtBA...,1962148.911699427,,,,False,7284230,0.872440103769266,10,5HbScNss...,0.0899977111467155,0.5368713611185612,0.4885541674376689,0.006271745101629738,,COUNTER,485297.062238849,10641.406258159,0.0,DIVERGENT,1.0,0.0,1295.967040512703,24546.18160603,0.012115382591158798,24546.18160603,0.012115382591158798,0.0,DORMITORY,False,True,0.10027316402615012,,,31396.25793793802,0.015496409297134108,30.0
22,19,75,34,74,Gittensor,2026-10-10,9254150,0.003093221,0.0031144879758358,-0.006828401971946232,IN BAND,False,True,7.709e-06,5834.664735969,3464142.705896427,1.0,1886274.645778477,363032.433970698,-0.0012658894502273344,10741.860707846237,ACCUMULATING_PRE_EMA,0.0,,,,0.003472222127024308,-1.1849301472519698,-0.08307889065867916,-0.6301975486219576,0.471653707971333,0.5547325986300121,0.7586292549457614,-0.5512603765029878,1,0.0,,0.0,0.0,0.00015259021896696368,0.0016843026489750644,-0.45548583532341713,5D1VXeeS...,216.588029224,,,,False,5086205,0.5006333460511255,102,5HbScNss...,0.0899977111467155,0.32516588152164394,0.2959016964416919,0.004974820692812452,,COUNTER,531791.422968235,201396.326698865,1408.8385184010258,OK,0.17887898500587512,0.0,1295.967040512703,378229.609193408,0.10918418821188036,378229.609193408,0.10918418821188036,0.0,DORMITORY,True,True,0.7403918140117743,,,19532.395078307007,0.005638449895571652,30.0
23,96,96,35,24,Quasar,2026-10-10,9254150,0.005494665,0.0053247567266225815,0.03190911474470104,IN BAND,False,True,0.0,10152.445346878,4257377.518072806,1.0,1847691.351350741,1608928.415091075,-0.003987432863262727,-61268.72309132316,,0.0,,,,,5.716985192279894,0.38822756272719594,5.716985192279894,0.38822756272719594,,0.6172814106439921,5.938910246044309,1,0.3895021735426336,MINER_BURN_ONLY,2804.415649506962,2804.415649506962,0.0,0.0023846711511441724,-0.5660024494406534,5ELutYW7...,347565.478869026,0.007800837686120776,,,False,2538424,1.0,155,5ELpkVn8...,0.179995422293431,3.10009502730112,2.5420921137122896,0.0,,COUNTER,755632.752215486,0.0,0.0,DIVERGENT,-0.8908863598543726,2.1639559972123172,1295.967040512703,700000.000065042,0.16442046708178987,0.0,0.0,700000.000065042,EXPOSED,True,False,0.8524933275892301,215806,TAKEOVER_IMMINENT,16635.247674054,0.003907393131907246,30.0
24,21,26,3,61,RedTeam,2026-10-10,9254150,0.012162919,0.012221370823681355,-0.004782755103714956,IN BAND,False,False,0.001645605,14657.027259963,5070020.103487155,1.0,1205058.410234801,892737.772570658,0.001606769924520486,9244.634590114234,,0.0,,0.13210397311044217,0.13210397311044217,0.29505641650904024,5.550148711881686,-0.05819018709519863,5.966011068064405,0.35767216908752014,0.4158623561827188,0.5183411399478404,-0.12080593967367853,1,0.0,,0.0,0.0,0.0010070954451819603,0.002890920935378917,-0.7623168471829076,5ECEsYL8...,,,,,False,4457976,0.0,217,5G9hfkx9...,0.009994659342336155,0.3368256189071104,0.3334591615883623,0.027956234453922573,,COUNTER,808370.14496251,0.0,0.0,DIVERGENT,1.0,0.0,1295.967040512703,1021287.884224886,0.201436653776273,1021287.884224886,0.201436653776273,0.0,DORMITORY,True,True,1.406246961140756,0,,39804.11603971304,0.00785087933129413,30.0
25,22,28,36,124,Swarm,2026-10-10,9254150,0.009352093,0.009416632587090135,-0.00685378626523196,IN BAND,False,False,0.001548533,12145.950077509,3649061.839642159,1.0,1298741.347911859,321854.056669335,-7.80977163950547e-05,8758.84882603772,ACCUMULATING_PRE_EMA,0.0,,,,0.33505363500017105,0.6768445362145152,-0.08338773289365552,1.0841565919291787,0.3239243228210079,0.40731205571466345,0.7201851093479171,-0.07225842071449241,1,0.0,,0.0,0.0,0.0001831082627603564,0.003328513083982177,-0.6440889666107708,5HKYqfJr...,2369954.027586689,,,,False,5813454,0.02466309540161471,10,5CMg5yeC...,,15.93667520576092,15.93667520576092,0.0,,COUNTER,897004.632666029,6243.286010635,0.0,DIVERGENT,1.0,0.0,1295.967040512703,1000000.110795789,0.2740430704495413,1000000.110795789,0.2740430704495413,0.0,DORMITORY,True,True,2.2981961260309416,0,,25078.122212627,0.006872484850814766,30.0
26,23,82,37,112,for sale,2026-10-10,9254150,0.0061134,0.0061323996633291245,-0.0030982428367707327,IN BAND,False,True,1.105e-06,5601.775325161,2809556.98818718,1.0,916310.923905771,199740.264961834,-0.0010482548438311206,9427.399983360781,ACCUMULATING_PRE_EMA,0.0,,,,0.00051839637104984,2.0046370621801084,-0.037695287847377246,2.333825124019793,0.2914927739923076,0.32918806183968485,0.9353787842885769,-0.328669665468635,1,0.3287625503839499,MINER_BURN_ONLY,2367.5634649170097,2367.5184202843707,1.5259021896696368e-05,0.0019938286885490273,-0.6738592782168634,5GQjr3Qt...,1428254.313735337,,,,False,5633022,1.0,109,5FhAQNzT...,0.179995422293431,18.504923977755347,15.174122371871436,0.0,,COUNTER,1080443.338222605,0.0,0.0,DIVERGENT,-0.87073546256849,1.826835364075113,1295.967040512703,109192.016768061,0.03886449615621264,109192.016768061,0.03886449615621264,0.0,FORTRESS,True,True,0.36911454643944264,,,18458.014886966994,0.006569724324715236,30.0
27,20,7,38,15,ORO,2026-10-10,9254150,0.022887093,0.023159421980381012,-0.0117588850279471,IN BAND,False,False,0.006894452,13955.707600786,1667746.072300315,1.0,609763.522294645,614225.750553943,-0.0009198017926109515,4813.189350355184,ACCUMULATING_PRE_EMA,0.0,,,,1.2982946027745335,-3.5977471187510988,-0.1430664345066897,-3.1751351482271453,0.27954553601726356,0.4226119705239533,1.575779456866123,0.8756826322505802,1,0.0,,0.0,0.0,0.0004272526131074983,0.008368005077377848,-0.6343788581023441,5EHdase3...,216.588029224,,,,False,7366897,0.9804906345886699,134,5E2LP6En...,0.0,0.6154184495782103,0.6154184495782103,0.22896732744281156,,COUNTER,375749.883265379,2797.563389807,0.0,DIVERGENT,1.0,0.0,1295.967040512703,1010.651574802,0.0006059984739811216,1010.651574802,0.0006059984739811216,0.0,NEITHER,False,True,0.00597708870315463,,,31432.513389752006,0.018847301703668398,30.0
28,97,97,39,113,SN113,2026-10-10,9254150,0.002257515,0.0022309899795800447,0.011889349868325324,IN BAND,False,True,0.0,1728.123217422,1782813.593039681,1.0,765497.767842402,78191.241846548,-0.0004889739469761811,-62094.234480047715,,0.0,,,,,11.061212666326298,0.14465375673129144,11.061212666326298,0.14465375673129144,,1.4740744687274254,14.692689807003521,1,0.3895021735413886,MINER_BURN_ONLY,2804.415649497998,2804.415649497998,0.0,0.0009693235592149404,-0.5706236462592982,5GndoVhM...,551718.199714716,0.016398546372757075,,,False,7119664,1.0,0,5FRumLA6...,0.179995422293431,2.4841057115989207,2.036978055018149,0.29782655148203546,,COUNTER,856076.51321057,0.0,0.0,DIVERGENT,-0.8908863598536917,2.1639559972054005,1295.967040512703,51829.482795436,0.029071734138546253,51829.482795436,0.029071734138546253,0.0,FORTRESS,False,True,0.3191217924449957,,,27268.492691607997,0.015295201247100357,30.0
29,24,49,6,101,Tag101,2026-10-10,9254150,0.003671795,0.003715266939252615,-0.01170089255049873,IN BAND,False,False,0.00022896,3566.858968658,2618729.884342481,1.0,971420.91553055,167212.456988459,0.0003527464605012477,7796.110245242831,,0.0,,0.09606921424024153,0.09606921424024153,0.16869376818293072,-0.867539670020391,-0.1423608593644012,-0.5880032981633991,0.13717551249259066,0.27953637185699187,1.003539928158664,-0.11084260367406115,1,0.0,,0.0,0.0,0.005767910276951227,0.001362056846712,-0.6290487767666768,5H8dNvi1...,1450412.898922415,,,ENTRY_REPEATED,False,5481350,0.0,29,5DWuf5By...,,0.4627520404266831,0.4627520404266831,0.023485068135691504,,COUNTER,959982.167850107,6970.543419914,0.0,DIVERGENT,1.0,0.0,1295.967040512703,13574.61335476,0.005183663055866626,13574.61335476,0.005183663055866626,0.0,DORMITORY,True,True,0.049891004128131126,,,18210.041016929,0.006953768361451771,30.0
30,26,50,40,33,ReadyAI,2026-10-10,9254150,0.003647224,0.003656837623566389,-0.0026289446117142927,IN BAND,False,False,0.000215837,12952.222392429,1979893.162119256,1.0,3551254.716121084,920370.488079328,-0.0054386194078304825,6853.264920181129,ACCUMULATING_PRE_EMA,0.0,,,,0.0437932285915318,-3.0172858782791114,-0.03198549277585723,-2.910936782478659,0.07436360302459483,0.10634909580045206,1.3273443488167904,-0.06255586720892026,1,0.0,,0.0,0.0,0.009170672159914517,0.00654187945099274,0.7936599043526638,5HinUfk5...,27172.292380473,,,,False,2943950,0.0,209,5E2LP6En...,0.0,0.49786677178198735,0.49786677178198735,0.4019990843888296,,COUNTER,592698.514492922,0.0,0.0,DIVERGENT,1.0,0.0,1295.967040512703,138809.800536348,0.07010974288520068,138808.045342108,0.07010885637562857,1.755194239987759,DORMITORY,True,True,0.5945067037963738,,,16267.720261419003,0.008216463682316178,30.0
31,25,44,41,102,ConnitoAI,2026-10-10,9254150,0.005864407,0.0058881661389023066,-0.0040350659852025714,IN BAND,False,False,0.000429233,3494.908017576,1112337.470056036,1.0,595952.485898076,246978.806270083,-9.995717380745074e-05,6622.308283629711,ACCUMULATING_PRE_EMA,0.0,,,,0.322762235322684,0.5953863965736966,-0.049093302819964615,0.7124902797144129,0.06801058032075168,0.11710388314071629,2.362592352361923,0.2056583521819677,1,0.09159114535129591,MINER_BURN_ONLY,707.8589608200127,707.7238269220956,4.57770656900891e-05,0.003141949373871167,-0.46423408643513886,5HBc11rC...,848658.615926157,,,,False,7840965,0.25013733748397726,0,5EEinUEy...,0.179995422293431,0.931302642877746,0.7636724303899778,0.4834048007813096,,COUNTER,163520.843604577,7309.092357836,0.0,DIVERGENT,-0.32430769404725995,0.5460970879646059,1295.967040512703,2002.340459168,0.001800119579777465,2002.340459168,0.001800119579777465,0.0,EXPOSED,False,True,0.01408433672304104,,,33609.71462869997,0.030215393739282035,30.0
32,98,98,42,72,StreetVision by NATIX,2026-10-10,9254150,0.002033343,0.0020270294044166803,0.0031147035013715,IN BAND,False,True,0.0,6047.555349653,2588226.727242684,1.0,2974193.205677504,248550.698054854,-0.000693472829379333,-8998.701338804793,,0.0,,,,,-2.2514573082004636,0.03789555926668658,-2.2514573082004636,0.03789555926668658,,1.0153669971562684,2.2549761575072327,1,0.38950217354069333,MINER_BURN_ONLY,2804.415649492992,2804.415649492992,0.0,0.0023365632098605376,0.14912398442394503,5FjP8fFb...,0.02727725,1.6185851953055766e-07,,,False,5064327,1.0,119,5EAHFCo6...,,0.38772102284894866,0.38772102284894866,0.061726511116875986,,COUNTER,557295.096205182,0.0,0.0,DIVERGENT,-0.890886359853497,2.163955997201538,1295.967040512703,325711.167732414,0.12584336770194932,319722.961457194,0.12352973489219954,5988.206275219971,FORTRESS,True,True,0.8745930427282763,,,12189.981129767999,0.004709781025541898,30.0
33,99,99,43,95,Actual,2026-10-10,9254150,0.033866466,0.03376875724643469,0.002893466077305092,IN BAND,False,True,0.0,24448.782502176,3073412.461623168,1.0,721917.144733,720569.827600243,-0.0011390409750780188,-2715.2602809307864,,0.0,,,,,4.434500543160493,0.035203837273878616,4.434500543160493,0.035203837273878616,,0.8550755984805465,1.1447781326985134,1,0.3895021735397232,,2804.415649486007,2804.415649486007,0.0,0.007954930490931832,-0.7651089283738128,5D5UhUuc...,501990.607479423,0.10690677160604282,,,False,5403674,1.0,0,5ExqqyEB...,0.179995422293431,2.1464266395758553,1.7600796701635293,0.0,,COUNTER,1149840.09976811,14658.86980412,0.0,DIVERGENT,-0.8908863598532252,2.163955997196148,1295.967040512703,9024.997700073,0.002936474623164184,9024.997700073,0.002936474623164184,0.0,EXPOSED,True,True,0.027383505212220535,,UNDEFENDED_BURNER,19770.609490936,0.006432787573358931,30.0
34,100,100,44,37,Aurelius,2026-10-10,9254150,0.002754853,0.0027494572568684816,0.0019624757279055535,IN BAND,False,True,0.0,7238.776275953,3589696.237076998,1.0,2627644.509073535,360676.454072662,-0.0011818962588911177,-1982.5895104920492,,0.0,,,,,0.5017267894668626,0.0238767880228509,0.5017267894668626,0.0238767880228509,,0.732095371428953,0.9145886003577188,1,0.1845010295809738,SKIN_IN_GAME,1328.4074129830115,1328.4074129830115,0.0,0.0020165428487195223,-0.268003465622477,5GRBbS3a...,1582426.707608423,19.774500245601438,BUYBACK_GAMING,,False,3212175,0.0,203,5CSrYw5n...,0.179995422293431,0.34208886488251256,0.28051443518610425,0.492186546209254,,COUNTER,1380246.244118449,0.0,0.0,DIVERGENT,-0.8412242444247611,1.0250317881984672,1295.967040512703,45507.151093348,0.012677159315965789,45507.151093348,0.012677159315965789,0.0,FORTRESS,True,True,0.11442553888066143,,,12099.959588685006,0.0033707474921437102,30.0
35,28,33,45,41,Almanac,2026-10-10,9254150,0.007509726,0.007422061404213309,0.011811354152490067,IN BAND,False,False,0.001065876,15521.053622957,3868999.368244498,1.0,2066793.503680135,1667639.885438724,-0.002647854639532984,4673.661970672198,ACCUMULATING_PRE_EMA,0.0,,,,0.18047242127022195,-2.864186108824302,0.1437048088552958,-2.98579319917525,0.02209771850434772,-0.12160709035094808,0.6792453939304768,0.30207951162117,1,0.0,,0.0,0.0,0.0010528725108720494,0.004011645427070579,-0.4658066849482153,5FCSevLk...,31363.287777651,,,,False,3394182,0.004964409006201653,46,5CrNxxx5...,,2.445289519922051,2.445289519922051,0.0,,COUNTER,1057303.70631419,0.0,0.0,DIVERGENT,1.0,0.0,1295.967040512703,271111.945633162,0.07007288444096466,271111.945633162,0.07007288444096466,0.0,DORMITORY,True,True,0.5843428626553593,,,36374.699855045976,0.00940157813247472,30.0
36,101,101,46,42,Unknown,2026-10-10,9254150,0.002089379,0.002085890853777528,0.0016722573073060566,IN BAND,False,True,0.0,6758.60303335,2615014.046558164,1.0,3234742.216013413,373275.841934108,-0.0007519273179352004,-6883.668949157931,,0.0,,,,,1.708257836276725,0.020345797238890354,1.708257836276725,0.020345797238890354,,1.004965921104297,1.9331943212691667,1,0.38950217364208783,SKIN_IN_GAME,2804.4156502230326,2804.4156502230326,0.0,0.002584537946266696,0.2369885723301976,5EC5HHfL...,139760.77961155,0.22172406580586346,BUYBACK_JUSTIFIED,,False,3613591,1.0,11,5Gbdb5s2...,0.179995422293431,7.70950202319031,6.321826950854109,0.0,,COUNTER,604663.928323581,0.0,0.0,DIVERGENT,-0.8908863598819012,2.163955997764855,1295.967040512703,5444.016612431,0.002081830734177631,5444.016612431,0.002081830734177631,0.0,EXPOSED,True,True,0.015044412643051171,,UNDEFENDED_BURNER,12963.382945188005,0.0049572899855930734,30.0
37,102,102,47,12,Compute Horde,2026-10-10,9254150,0.004916972,0.004909629933536053,0.0014954419301129874,IN BAND,False,True,0.0,12840.025917763,3780426.855806248,1.0,2611368.328360716,428707.304681139,-0.0016389071287063602,-3409.375631220173,,0.0,,,,,0.1737192611526501,0.018194543483041347,0.1737192611526501,0.018194543483041347,,0.6951595944684742,0.9975092341821769,1,0.3871390005765981,SKIN_IN_GAME,2787.5809826820623,2787.4008041515062,6.103608758678547e-05,0.003396448710029233,-0.30923976991749536,5ELzhHvg...,1665794.350204531,0.48192320719530857,BUYBACK_JUSTIFIED,,False,2256433,0.0060276815552944285,136,5EHcd8Jp...,,3.144841474518082,3.144841474518082,0.0,,COUNTER,1695136.318775787,0.0,0.0,DIVERGENT,-0.8902274043692238,2.150826924617443,1295.967040512703,3870.537061652,0.0010238359871207017,3870.537061652,0.0010238359871207017,0.0,EXPOSED,True,True,0.010311744715662294,,UNDEFENDED_BURNER,13346.718362893997,0.0035304791950663346,30.0
38,103,103,48,119,CapabilityForge Next,2026-10-10,9254150,0.002271429,0.0022694789804518223,0.0008592366639983831,IN BAND,False,True,0.0,3077.725469928,1724063.591970783,1.0,1354972.802949251,74042.350939461,-0.0008647727937628405,422.985588808544,ACCUMULATING_PRE_EMA,0.0,,,,,1.0341692223964378,0.010454046078646993,1.0341692223964378,0.010454046078646993,,1.524305722966938,1.3751113699171758,1,0.41000228807778005,MINER_BURN_ONLY,2952.0164741600165,2952.0164741600165,0.0,0.0017851577425922218,-0.21408164525845993,5GbLENPL...,105315.175131652,,,,False,5740660,1.0,0,5HMwvi1d...,0.179995422293431,10.855544111619677,8.901595865023724,0.06103981321817155,,COUNTER,950706.857705172,0.0,0.0,DIVERGENT,-0.8963420418961122,2.277848418885836,1295.967040512703,20722.542632217,0.012019592971352635,20722.542632217,0.012019592971352635,0.0,FORTRESS,True,True,0.14886433613974323,,,21885.241475254003,0.012693987377946372,30.0
39,29,15,11,110,Green Compute,2026-10-10,9254150,0.018920127,0.018686968134716153,0.01247708368757203,IN BAND,False,False,0.00393096,9662.389764509,3233231.473459708,1.0,510693.810517108,482213.840068716,0.0008840356011466324,-2394.880753121339,DISTRIBUTING_PRE_EMA,0.0,,0.04672461242710646,0.04672461242710646,1.069151952237041,3.8745837229941555,0.15180451819879304,3.729248399457885,0.006469194662522604,-0.14533532353627043,0.8128091111237136,1.2144872757733114,1,0.0,,0.0,0.0,0.0,0.0029884621140873016,-0.8420485172172838,5D53sX6A...,1728163.1922315098,0.13865996231288963,,,False,5606062,1.0,155,5FmpATto...,0.179995422293431,5.383825762807127,4.414761771076405,0.0,,COUNTER,653602.202903777,0.0,0.0,DIVERGENT,1.0,0.0,1295.967040512703,9205.92186508,0.0028472820274847922,9205.92186508,0.0028472820274847922,0.0,NEITHER,True,True,0.02181238752431577,,,27987.836664021,0.00865630465797511,30.0
40,104,104,49,104,TAOstatus,2026-10-10,9254150,0.004119456,0.004118897253647447,0.00013565435555796263,IN BAND,False,True,0.0,5893.232644348,3274911.075231395,1.0,1430584.947257489,76397.506799457,-0.0017383027949343672,-74.44377084309235,,0.0,,,,,-0.28401501007842234,0.0016504613259552118,-0.28401501007842234,0.0016504613259552118,,0.8024645370910761,0.48247825378103343,1,0.0,,0.0,0.0,0.0,0.0017995092107750137,-0.5631682409582688,5HBb3F1b...,1208178.479380044,,,,False,5528520,1.0,25,5Coeuhim...,0.179995422293431,0.8080387995190483,0.6625955145701402,0.021103871332000673,,COUNTER,340321.172598343,265608.916455939,2523.9752106770175,OK,0.14479075247776088,0.0,1295.967040512703,3017.92106809,0.0009215276380830472,3017.92106809,0.0009215276380830472,0.0,NEITHER,True,True,0.005730287155848387,,,10579.419284945001,0.003230444748548628,30.0
41,105,105,50,115,MoirAI,2026-10-10,9254150,0.002292991,0.002292884513735771,4.644205305185216e-05,IN BAND,False,True,0.0,3329.435631568,1803632.767843386,1.0,1452004.94771037,162612.849372944,-0.0010310414951094963,532.2432562888134,ACCUMULATING_PRE_EMA,0.0,,,,,-0.28095554741323253,0.0005650449787975346,-0.28095554741323253,0.0005650449787975346,,1.4570593564577532,1.2919752709102759,1,0.3895021738441816,MINER_BURN_ONLY,2804.4156516781077,2804.4156516781077,0.0,0.0018459609355783802,-0.1949550017516945,5EkNnrTj...,106741.207920608,,,,False,5683635,1.0,0,5EhTo9AX...,0.179995422293431,10.094377178129863,8.277435495163205,0.0,,COUNTER,1031515.94411309,0.0,0.0,DIVERGENT,-0.890886359938515,2.1639559988876265,1295.967040512703,2942.008322496,0.0016311570597676466,2942.008322496,0.0016311570597676466,0.0,EXPOSED,True,True,0.021168416719077397,,UNDEFENDED_BURNER,21749.793038447988,0.012058881068375321,30.0
42,106,106,51,29,hoτfloaτ,2026-10-10,9254150,0.00253271,0.0025327119510620832,-7.703450375963179e-07,IN BAND,False,True,0.0,7937.950159297,3023439.00768706,1.0,3134171.542397335,210147.348398677,-0.011022358310089313,105.46258942829445,ACCUMULATING_PRE_EMA,0.0,,,,,-0.09059322991114924,-9.372531290755201e-06,-0.09059322991114924,-9.372531290755201e-06,,0.8692088688802185,0.8214483923789762,1,0.0,,0.0,0.0,0.0,0.002625470578078423,0.036625029347388025,5HHHHHzg...,16361.776933066,,,,False,3379782,1.0,37,5E2LP6En...,0.0,0.33036649990538675,0.33036649990538675,0.06967801007172288,,COUNTER,610829.352749762,0.0,0.0,DIVERGENT,1.0,0.0,1295.967040512703,3165.974907187,0.0010471436331731991,3165.974907187,0.0010471436331731991,0.0,NEITHER,True,True,0.007290341994768044,,,12400.307277490007,0.0041013915762687335,30.0
43,107,107,52,52,Dojo,2026-10-10,9254150,0.006020514,0.00602091453038156,-6.652318008153085e-05,IN BAND,False,True,0.0,17480.46290099,3230721.946404685,1.0,2903483.31085673,767437.71015332,-0.001055169699966047,243.25424610450864,ACCUMULATING_PRE_EMA,0.0,,,,,-0.18099653597465667,-0.0008093653576586253,-0.18099653597465667,-0.0008093653576586253,,0.8134404766478202,0.7529328488676096,1,0.3895021735397232,MINER_BURN_ONLY,2804.415649486007,2804.415649486007,0.0,0.0054106986583736085,-0.10128958119296654,5Fv1ZvNP...,60341.921670705,,,,False,3989825,1.0,158,5EgfUiH6...,0.179995422293431,17.85634237108828,14.642282485388161,0.0,,COUNTER,1251183.431980723,0.0,0.0,DIVERGENT,-0.8908863598532252,2.163955997196148,1295.967040512703,167638.354572778,0.05188882155560761,167638.354572778,0.05188882155560761,0.0,FORTRESS,True,True,0.4704968942541333,,,9366.210762003999,0.0028991076661447775,30.0
44,108,108,53,73,Parked,2026-10-10,9254150,0.003082468,0.0030833722557872534,-0.00029326844514348236,IN BAND,False,True,0.0,6824.066511809,3638757.296884579,1.0,2213831.612621214,582446.224480323,-0.0012004820451322843,2152.0702809258364,ACCUMULATING_PRE_EMA,0.0,,,,,-0.24766846586153296,-0.0035680994159123687,-0.24766846586153296,-0.0035680994159123687,,0.7222245908651378,0.47625689562895474,1,0.3895021735397232,MINER_BURN_ONLY,2804.415649486007,2804.415649486007,0.0,0.0018753838068979237,-0.3915966664056452,5GHtVze5...,1853462.066888833,,,ENTRY_PRE_EMA_PATTERN,False,5160047,1.0,0,5Dnkprjf...,0.179995422293431,0.9471555615244175,0.7766718962502582,0.6293052143260441,,COUNTER,1642975.440138982,0.0,0.0,DIVERGENT,-0.8908863598532252,2.163955997196148,1295.967040512703,1006797.371182338,0.2766871459232345,938746.2011466,0.257985384721958,68051.17003573803,FORTRESS,True,True,2.6131396351808114,0,,10549.097379765004,0.0028990934319243827,30.0
45,109,109,54,30,Endure Network,2026-10-10,9254150,0.003347158,0.0033486587926745415,-0.00044817724571543684,IN BAND,False,True,0.0,8438.353848276,3591675.483796965,1.0,2521049.91565814,422617.027767675,-0.0016359655505931488,5997.07451416878,ACCUMULATING_PRE_EMA,0.0,,,,,2.1498035272220846,-0.0054528231562044815,2.1498035272220846,-0.0054528231562044815,,0.7316919392789327,0.0912054583173785,1,0.3858998730330966,MINER_BURN_ONLY,2778.5241304709343,2778.4790858382953,1.5259021896696368e-05,0.002349419897856511,-0.29808515228247034,5HTogQKF...,1106733.636990848,,,,False,3250216,0.9963682973723563,218,5CtFePDA...,,1.0737503350162907,1.0737503350162907,0.0,,COUNTER,878609.322350928,18187.150616168,0.0,DIVERGENT,-0.8898695906059538,2.143942707631738,1295.967040512703,4962.596266974,0.0013816939446120997,4962.596266974,0.0013816939446120997,0.0,EXPOSED,True,True,0.010248485848499488,,UNDEFENDED_BURNER,12327.131819397999,0.003432139644856301,30.0
46,110,110,55,27,Orion,2026-10-10,9254150,0.00222601,0.0022270511835813522,-0.0004675166826106966,IN BAND,False,True,0.0,6084.292830793,3516080.860221903,1.0,2733272.024080477,837595.41492311,-0.002571603639063033,31326.76925193332,ACCUMULATING_PRE_EMA,0.0,,,,,-0.011873445642418549,-0.005688119638430141,-0.011873445642418549,-0.005688119638430141,,0.7474230839600613,-2.5187563815467624,1,0.38950217353946454,MINER_BURN_ONLY,2804.4156494841445,2804.4156494841445,0.0,0.001730418916022601,-0.22263650386898493,5GLT9wjW...,99299.377117354,,,,False,1727132,1.0,203,5H6Bqkzj...,0.179995422293431,10.850883902698659,8.89777447237542,0.0,,COUNTER,1399509.765383671,0.0,0.0,DIVERGENT,-0.8908863598531527,2.163955997194711,1295.967040512703,29259.979274079,0.008321759492252513,29259.979274079,0.008321759492252513,0.0,FORTRESS,True,True,0.07680547130106101,,,12344.652807145001,0.0035109126604005118,30.0
47,111,111,56,121,sundae_bar,2026-10-10,9254150,0.003811129,0.0038132197223603725,-0.000548282688278578,IN BAND,False,True,0.0,5739.648089742,3033229.08274643,1.0,1506022.852846744,554854.230957218,-0.0014768339828714987,1083.2678403609898,ACCUMULATING_PRE_EMA,0.0,,,,,-3.1964963007034473,-0.006670772707389365,-3.1964963007034473,-0.006670772707389365,,0.8664034032076746,0.7005952208894006,1,0.4100022879362546,MINER_BURN_ONLY,2952.016473141033,2952.016473141033,0.0,0.0018922567116312393,-0.5034918231234788,5CXGaDJs...,2067084.401904476,,,,False,5766528,1.0,0,5EL9y2gd...,0.179995422293431,0.9350767206058294,0.7667671914036265,0.7939174754318501,,COUNTER,1382605.355555814,0.0,0.0,DIVERGENT,-0.896342041860489,2.277848418099563,1295.967040512703,202885.709556554,0.0668876975730602,202885.709556554,0.0668876975730602,0.0,FORTRESS,True,True,0.6828587353388872,,,14773.781813266007,0.004870644916766103,30.0
48,112,112,57,57,SN57,2026-10-10,9254150,0.002321946,0.002323405584320426,-0.0006282090093421302,IN BAND,False,True,0.0,1229.357986636,1073049.700141289,1.0,529451.497840776,35774.95395218,-0.00013780237056893412,263.0443563358858,ACCUMULATING_PRE_EMA,0.0,,,,,-0.9497620320132011,-0.007643209613662583,-0.9497620320132011,-0.007643209613662583,,2.449094389247739,2.2695512544239262,1,0.38950217360083317,MINER_BURN_ONLY,2804.415649925999,2804.415649925999,0.0,0.0011456673316008847,-0.5065917417541645,5HdpnCSY...,835897.92732353,,,,False,8057320,1.0,0,5Ejcqsbx...,0.179995422293431,2.0101247169148255,1.648311469631278,0.5594536853349611,,COUNTER,491617.69132351,6427.093693354,0.0,DIVERGENT,-0.8908863598703443,2.1639559975356564,1295.967040512703,1254.306998862,0.0011689178969966113,1254.306998862,0.0011689178969966113,0.0,EXPOSED,False,True,0.013641639539666617,,,39128.16104996697,0.03646444432612482,30.0
49,113,113,58,84,SN84,2026-10-10,9254150,0.00234053,0.0023426865227520466,-0.0009205340668085964,IN BAND,False,True,0.0,1441.117159277,940912.610752806,1.0,615722.478867247,71008.636819989,-0.004139727322791386,358.9873440732481,ACCUMULATING_PRE_EMA,0.0,,,,,-0.6061241045175099,-0.011199831146171256,-0.6061241045175099,-0.011199831146171256,,2.7930330298128196,2.552759939954831,1,0.389502173540279,MINER_BURN_ONLY,2804.415649490009,2804.415649490009,0.0,0.0015316163720284182,-0.34561130511960186,5FRdKaxK...,1056118.0202898777,,,,False,8085297,1.0,0,5DvbToTj...,0.179995422293431,2.063552998042564,1.6921229047350173,1.0,,COUNTER,108083.870804755,61159.068233539,0.0,DIVERGENT,-0.8908863598533808,2.1639559971992357,1295.967040512703,660.436412233,0.0007019104693523001,660.436412233,0.0007019104693523001,0.0,EXPOSED,False,True,0.004543971083807862,,,23628.354436435005,0.025112166811677033,30.0
50,114,114,59,69,Herald,2026-10-10,9254150,0.005625259,0.005630780942738056,-0.0009806708508485165,IN BAND,False,True,0.0,3685.477740182,1395188.826466786,1.0,655165.810989064,80626.722795264,0.0011393261345515797,486.78215365554206,,0.0,,,0.20253754263609547,,-2.1493038685516184,-0.011931495351990284,-2.1493038685516184,-0.011931495351990284,,1.8836160024698725,1.6839578415715388,1,0.38950217357999967,MINER_BURN_ONLY,2804.4156497759977,2804.4156497759977,0.0,0.0026415619665728,-0.5304106057031686,5HBPFVcJ...,947173.197242604,,,,False,8138182,1.0,0,5FWB5CFZ...,0.179995422293431,1.7137022262275323,1.4052436703325148,0.5064625902244739,,COUNTER,415405.245221433,4110.268380516,0.0,DIVERGENT,-0.890886359864508,2.163955997419912,1295.967040512703,485.813350565,0.0003482061648925952,485.813350565,0.0003482061648925952,0.0,EXPOSED,False,True,0.002933114106103897,,,25876.561980149992,0.018546996284137755,30.0
51,115,115,60,39,deprecated,2026-10-10,9254150,0.008074884,0.008092817384749651,-0.0022159631061793115,IN BAND,False,True,0.0,18969.116217196,3884819.097201579,1.0,2349150.264195776,1117883.461781906,-0.008167090216750057,14553.81363844825,ACCUMULATING_PRE_EMA,0.0,,,,,8.794182585799975,-0.026960884458514956,8.794182585799975,-0.026960884458514956,,0.6764793763223297,-0.7182640037684292,1,0.38950217353985256,MINER_BURN_ONLY,2804.4156494869385,2804.4156494869385,0.0,0.0048828827655991395,-0.39529994912631067,5DkwfxC9...,636390.765861641,,,,False,3280104,1.0,136,5GP7c3fF...,0.0009918364232852674,2.0459461162509625,2.043916872372786,0.20839628256191917,,COUNTER,1627758.164542917,0.0,0.0,DIVERGENT,-0.8908863598532614,2.1639559971968665,1295.967040512703,419518.794891757,0.10798927424804838,417943.850482778,0.10758386427410299,1574.944408979034,FORTRESS,True,True,1.0434392186921573,0,,10842.494512033,0.002790990839147019,30.0
52,116,116,61,126,Attelier,2026-10-10,9254150,0.004274979,0.004287892719730735,-0.003011670434596561,IN BAND,False,True,0.0,2426.630130354,1496462.454218711,1.0,567635.675723027,69416.417243149,-0.0001583244541660852,1167.5306523231557,ACCUMULATING_PRE_EMA,0.0,,,,,-0.26148340810305876,-0.03664199028759149,-0.26148340810305876,-0.03664199028759149,,1.756141620921625,1.402075210007955,1,0.4100022879347186,MINER_BURN_ONLY,2952.0164731299737,2952.0164731299737,0.0,0.0016215776904479175,-0.6206817178638965,5DqrUa2z...,595906.455064753,,,ENTRY_REPEATED,False,7525773,1.0,1,5E2LP6En...,0.0,0.6294836399767595,0.6294836399767595,0.4051608374534579,,COUNTER,504586.561176399,5493.154491675,0.0,DIVERGENT,-0.8963420418600219,2.2778484180910294,1295.967040512703,171439.094523612,0.1145629107100577,1096.553699538,0.0007327639236431765,170342.540824074,EXPOSED,False,False,1.1293366135348095,0,,44476.009295889984,0.02972076524239326,30.0
53,117,117,62,117,everyframe.studio,2026-10-10,9254150,0.002628701,0.0026374594308435917,-0.0033207831525924516,IN BAND,False,True,0.0,2931.35087513,1930223.635500115,1.0,1115132.544573695,239198.588034722,-0.0007537834211656891,2946.353285348974,ACCUMULATING_PRE_EMA,0.0,,,,,-2.4162430123798275,-0.04040286168987483,-2.4162430123798275,-0.04040286168987483,,1.361500269536951,0.18837751017099433,1,0.0,,0.0,0.0,0.0,0.0015186586783093121,-0.422277893792671,5FFDV7LG...,1258512.022113759,,,,False,5710859,1.0,7,5E2LP6En...,0.0,1.0487593644678177,1.0487593644678177,0.5698503044267773,,COUNTER,289424.602021989,223545.330741796,2952.0164731490077,OK,0.09392217704294957,0.0,1295.967040512703,184995.455974437,0.095841462394333,154144.143623114,0.07985817849711271,30851.312351322995,DORMITORY,True,True,0.5594334521423439,,,24670.76562623201,0.012781299105706934,30.0
54,118,118,63,94,Cathedral,2026-10-10,9254150,0.004575306,0.004595940466970205,-0.004489715895690852,IN BAND,False,True,0.0,2314.573330341,2091961.474035195,1.0,505883.766126232,141146.035462783,-7.290167659344193e-05,5240.491093571589,ACCUMULATING_PRE_EMA,0.0,,,,,-5.634504036817975,-0.05462487673090537,-5.634504036817975,-0.05462487673090537,,1.2562372838209288,0.2886437931265003,1,0.3895021735394483,MINER_BURN_ONLY,2804.415649484028,2804.415649484028,0.0,0.0011064129808645129,-0.7581772714514585,5CnwnkkC...,846854.056059633,,,,False,6962737,1.0,0,5EeKtCKE...,0.179995422293431,1.7610716490402947,1.444086813882298,0.38413294268449005,,COUNTER,854218.131195848,0.075116968,0.0,DIVERGENT,-0.8906960129361627,2.1639559971946207,1295.967040512703,273.723032556,0.000130845159413005,273.723032556,0.000130845159413005,0.0,EXPOSED,False,True,0.0012355583750727106,,,24260.827890465007,0.011597167630275797,30.0
55,27,27,4,83,CliqueAI,2026-10-10,9254150,0.007861308,0.0078812709543854,-0.002532961308009925,IN BAND,False,False,0.001560499,8071.584214882,2937610.538993621,1.0,1026748.270151522,155311.937871319,0.000950791968390149,3702.5745127395494,,0.0,,0.12094577243254546,0.12094577243254546,0.5080776292265883,-1.811919590826999,-0.030817695914120754,-1.871424148024523,-0.09032225311164499,-0.05950455719752423,0.8946046336354415,0.5675821864241125,1,0.0,,0.0,0.0,0.0018768596932936532,0.0027476699541142025,-0.6504818340517631,5DqEjRLy...,1176420.952096672,,,,False,5231190,0.0,198,5E2LP6En...,0.0,0.39041733272289464,0.39041733272289464,0.09151254349020325,,COUNTER,345172.824104195,26063.92679357,0.0,DIVERGENT,1.0,0.0,1295.967040512703,8057.340853611,0.002742821332732323,8057.340853611,0.002742821332732323,0.0,NEITHER,True,True,0.019063962927429925,,,17181.353202435002,0.005848751212718982,30.0
56,119,119,64,109,Finsight,2026-10-10,9254150,0.002730628,0.00276150438003242,-0.011180999840404937,IN BAND,False,True,0.0,1366.739294364,1801848.084972831,1.0,500521.852231424,73456.995593707,-0.000708007104294364,3296.988750682038,ACCUMULATING_PRE_EMA,0.0,,,,,5.8072141697187,-0.13603549805826007,5.8072141697187,-0.13603549805826007,,1.4585025352121326,0.7301194799414008,1,0.3895021735427791,MINER_BURN_ONLY,2804.4156495080097,2804.4156495080097,0.0,0.0007585208241263071,-0.7222174444390422,5FqZqKFx...,743010.714654414,,,,False,7257480,1.0,0,5DyQkk4x...,0.179995422293431,2.0127879978602885,1.6504953721982762,0.3879961543743991,,COUNTER,800941.203907897,1308.746301495,0.0,DIVERGENT,-0.8908863598539152,2.1639559972131255,1295.967040512703,235670.852036431,0.13079396315477093,235670.852036431,0.13079396315477093,0.0,FORTRESS,False,True,1.4064996859735555,0,,26617.679382959,0.014772432595703733,30.0
57,120,120,65,76,Ormas,2026-10-10,9254150,0.005059787,0.005127790616825223,-0.013261777226646305,IN BAND,False,True,0.0,467.912755935,151229.120459172,1.0,92476.765944677,9771.065018527,,306.868021494869,,,,,,,-7.839234386585618,-0.1613516229241967,-7.839234386585618,-0.1613516229241967,,17.37760553007708,16.62243929941192,1,0.3894626232618056,MINER_BURN_ONLY,2804.130887485,2804.130887485,0.0,0.003094065180795153,-0.38849892677396236,5CLWmDjL...,443771.50797386,,,,True,9003844,1.0,0,5CqaQ34d...,0.179995422293431,3.4357896371860166,2.8173632305293252,0.41506439602026496,,COUNTER,47622.936606375,0.0,0.0,DIVERGENT,-0.8908752792654238,2.163736267841847,1295.967040512703,0.0,0.0,0.0,0.0,0.0,EXPOSED,False,,,,,35476.03662458999,0.2345846918693653,30.0
58,121,121,66,31,rec4ll,2026-10-10,9254150,0.003784273,0.0038361537735909224,-0.013524164215752551,IN BAND,False,True,0.0,1753.777749529,1960703.704315497,1.0,463438.422477307,57959.519083521,-3.4653599990985635e-05,1522.264166185807,ACCUMULATING_PRE_EMA,0.0,,,,,-4.819675870077505,-0.1645439979583227,-4.819675870077505,-0.1645439979583227,,1.3403351022471104,1.0027269435751858,1,0.3895021735409682,MINER_BURN_ONLY,2804.415649494971,2804.415649494971,0.0,0.0008944634243659282,-0.763636655081193,5H3mfhC8...,966933.618926294,,,,False,7173591,1.0,0,5CDZ527X...,0.179995422293431,1.634660392286644,1.340429004670664,0.466990202362421,,COUNTER,834867.601610699,729.248648798,0.0,DIVERGENT,-0.8908863598535739,2.1639559972030646,1295.967040512703,550421.983721744,0.2807267525992166,550421.983721744,0.2807267525992166,0.0,FORTRESS,False,True,2.811243286038469,0,,23438.022806333996,0.011953883064915443,30.0
59,31,55,67,66,conjectures,2026-10-10,9254150,0.002974735,0.002981943776831031,-0.0024174757710192975,IN BAND,False,True,9.9553e-05,6711.586915379,3711849.595027014,1.0,2256196.646548021,1428369.727666173,-0.005772511456838813,4562.504908641335,ACCUMULATING_PRE_EMA,0.0,,,,0.038981136249686216,-7.633170988745604,-0.029412621880734787,-7.8428194037917685,-0.23906103692689917,-0.20964841504616438,0.7080028252009155,0.2486295512958506,1,0.0,,0.0,0.0,0.0008087281605249075,0.0018081516353385958,-0.3921637943082003,5CJCRGep...,1281073.013472664,,,,False,4958013,0.8043431782780001,227,5E2LP6En...,0.0,0.30211914320262195,0.30211914320262195,0.5096291774759651,,COUNTER,876389.726869251,0.0,0.0,DIVERGENT,1.0,0.0,1295.967040512703,392806.591766313,0.10582502919638215,392806.591766313,0.10582502919638215,0.0,DORMITORY,True,True,0.7929152161196071,,,24155.540435886996,0.006507682980541456,30.0
60,30,80,68,23,Trishool,2026-10-10,9254150,0.005018935,0.005044892663136125,-0.005145335068434893,IN BAND,False,True,1.372e-06,8098.741962643,4573486.950219517,1.0,1613637.333805656,630813.614539055,3.250270980840306e-05,4618.960101786535,,0.0,,,0.006476017284225251,0.0004452069243138743,-2.019529864196963,-0.06260157666595786,-2.2009138891935764,-0.2439856016625716,-0.18138402499661374,0.5746162673261508,0.18182923192092762,1,0.31150315910397025,MINER_BURN_ONLY,2243.5261414221022,2243.436052156824,3.0518043793392735e-05,0.0017708024644640737,-0.6471756529096165,5CqTRwoF...,1477452.137533994,,,,False,2063528,0.8000091556925518,188,5HKsvivb...,0.0899977111467155,0.8621530760066953,0.7845612725079925,0.3822124555540295,,COUNTER,1228011.801652932,0.055431535,0.0,DIVERGENT,-0.8635834108322921,1.7310903611169686,1295.967040512703,818190.967334272,0.17889872131263013,818190.967334272,0.17889872131263013,0.0,FORTRESS,True,True,1.4720331391934955,0,,13063.421222731,0.002856337268460772,30.0
61,35,25,69,34,BitMind,2026-10-10,9254150,0.012178004,0.012164227897301316,0.0011325094214766596,IN BAND,False,False,0.001750439,35547.261545646,2929952.760237437,1.0,2918972.678974499,641361.710341607,-0.0033068888932364145,4040.4448011438362,ACCUMULATING_PRE_EMA,0.0,,,,0.12940950981816063,1.4448342218860508,0.013778864627966025,1.1151400791825377,-0.3159152780755471,-0.3296941427035131,0.8969427888615625,0.45910365252167373,1,0.0,,0.0,0.0,0.0005645838101777656,0.012132366783539992,-0.0037475120274231576,5DthmKBR...,3059543.347807213,,,,False,3493948,0.702540535588873,72,5E2LP6En...,0.0,0.32970976195474,0.32970976195474,0.0015564914850759936,,COUNTER,360485.38666801,70194.435210903,0.0,DIVERGENT,1.0,0.0,1295.967040512703,138469.013887381,0.047259811068134684,138469.013887381,0.047259811068134684,0.0,DORMITORY,True,True,0.3352295282568617,,,13089.375167068001,0.004467435565755424,30.0
62,32,19,70,93,Bitcast,2026-10-10,9254150,0.019014722,0.019079546444118023,-0.0033975883183536676,IN BAND,False,False,0.002973292,24265.895735999,4021023.628796785,1.0,1276163.610254354,1187099.096974679,-0.0033716791650470626,1384.0169318304397,ACCUMULATING_PRE_EMA,0.0,,,,0.3220079514480084,-2.7273644652978946,-0.04133732453996962,-3.0044103650612946,-0.3183832243033695,-0.2770458997633999,0.6535649234138868,0.5990538512114083,1,0.0066990822753900834,SKIN_IN_GAME,55.82059804489836,55.77555341225931,1.5259021896696368e-05,0.0060347558174534055,-0.6826271865845104,5EbY1Seb...,2357893.64745698,1.4968806984322969,BUYBACK_GAMING,,False,5370681,0.9961088900418104,158,5HVydkt4...,0.179995422293431,1.1492524422658132,0.9423922635984212,0.0,,COUNTER,1088522.825652259,0.0,0.0,DIVERGENT,0.8419369623483423,0.043037786971953935,1295.967040512703,427930.957620956,0.106423387954327,427930.957620956,0.106423387954327,0.0,DORMITORY,True,True,0.8713438958989789,,,37606.94916179701,0.009352580992678767,30.0
63,36,14,71,8,Vanta,2026-10-10,9254150,0.029735773,0.02971885842271149,0.0005691529953109561,IN BAND,False,False,0.004037198,82648.584671976,3470408.440449719,1.0,2779432.848411393,1449217.294272723,-0.008329727580013033,3374.7256810674444,ACCUMULATING_PRE_EMA,0.0,,,,0.12837190601761742,0.4814909769779143,0.006924694776283299,0.14062238904075608,-0.3339438931608749,-0.34086858793715824,0.7572595690377718,0.4692404939547757,1,0.050032817695223435,MINER_BURN_ONLY,412.11820301692933,409.1452572627522,0.0010070954451819603,0.02381523272841794,-0.19910497270684913,5F6tnxzA...,22345.160735983,,,,False,1477264,0.9585910889123096,174,5CM9pBQo...,,16.4894266739193,16.4894266739193,0.0,,COUNTER,803913.34246436,0.0,0.0,OK,-0.1579366079169939,0.31570652992910103,1295.967040512703,607572.229794545,0.17507225452569833,607571.159893335,0.17507194623310732,1.0699012100230902,FORTRESS,True,True,1.4065676255593833,0,,19528.203616444,0.005627062045156104,30.0
64,34,77,72,13,Data Universe,2026-10-10,9254150,0.004430345,0.004435805836692452,-0.0012310810918010546,IN BAND,False,True,3.728e-06,17785.058198443,2213917.23078724,1.0,4014372.566213053,972731.965108189,-0.0029832593986156373,4764.454250073992,ACCUMULATING_PRE_EMA,0.0,,,,0.0005508660073351741,-3.1080760434616415,-0.014978153283579496,-3.43775547313954,-0.3446575829614782,-0.3296794296778987,1.1870362466376025,0.3302302956852339,1,0.27423457562896764,MINER_BURN_ONLY,1988.0876205429668,1976.1507928936192,0.004043640802624537,0.008033298603543036,0.8132444772456856,5HBswBt1...,25176.647608077,,,,False,1907637,0.710663398192125,3,5HEU7ksV...,0.179995422293431,0.601847282811055,0.4935175269853252,0.03941766240900975,,COUNTER,716323.915935705,0.015999689,0.0,DIVERGENT,-0.7783287360788786,1.5248464900093646,1295.967040512703,93697.039216446,0.04232183476124289,93697.039216446,0.04232183476124289,0.0,FORTRESS,True,True,0.351475493028398,,,12130.111215304996,0.005479026517622652,30.0
65,37,13,73,44,Score,2026-10-10,9254150,0.035809694,0.03588921460323036,-0.002215724253358182,IN BAND,False,False,0.004919195,66439.75838005,4310179.1242105,1.0,1855356.829801163,2348365.62713568,-0.0010141890605900883,1488.6499316480476,ACCUMULATING_PRE_EMA,0.0,,,,0.1945769336795453,-0.7634222822786927,-0.026957978415857883,-1.1053711154916042,-0.3689068116287695,-0.3419488332129116,0.6097194395560935,0.5365257668924569,1,0.0,,0.0,0.0,0.0,0.015414616531098307,-0.5695406799315764,5CaCekux...,332167.429313425,1.2963006353103368,BUYBACK_GAMING,,False,3550319,1.0,244,5Ggasr6f...,0.179995422293431,0.36805401390044795,0.3018059762416445,0.02679647800277731,,COUNTER,510095.869158276,2206.282255223,0.0,DIVERGENT,1.0,0.0,1295.967040512703,245862.449528441,0.05704228117746171,245862.449528441,0.05704228117746171,0.0,DORMITORY,True,True,0.3968182124580043,,,22817.723751043006,0.005293915425202323,30.0
66,38,20,5,68,NOVA,2026-10-10,9254150,0.019999926,0.02001006668433547,-0.0005067791374932025,IN BAND,False,False,0.002821211,43095.49407996,3823756.968218291,1.0,2154782.667621911,1717745.384225077,0.0020257665134935203,1680.9710729182698,,0.0,,0.10128870044286764,0.10128870044286764,0.1720398539634722,-3.816111431348698,-0.006165812839500631,-4.193079572303227,-0.38313395379402987,-0.37696814095452924,0.6872821734861818,0.5490079949180015,1,0.0,,0.0,0.0,0.0,0.01127045846222823,-0.43647499184605837,5EcdJLAe...,2493867.170100884,2.0782910270588792,BUYBACK_GAMING,,False,4972413,0.0,39,5EvbeQ75...,,0.17332019670345547,0.17332019670345547,0.04294412990065164,,COUNTER,682309.357738917,6247.123951755,0.0,DIVERGENT,1.0,0.0,1295.967040512703,530426.354462713,0.1387186368985865,530426.354462713,0.1387186368985865,0.0,DORMITORY,True,True,1.071873595616422,0,,33450.072199436996,0.008747959788622056,30.0
67,33,64,74,96,Verathos,2026-10-10,9254150,0.004179763,0.004223169991746545,-0.010278296121485968,IN BAND,False,True,4.938e-05,2554.014961587,909256.363039973,1.0,611043.115655962,101425.004042381,0.0007914143622985852,6061.988949270337,,0.0,,,0.1893443150481463,0.050810446278421094,-3.336041582168854,-0.12505260281141262,-3.6232258161667077,-0.4122368368092665,-0.28718423399785387,2.890273972033196,0.33799468027627494,1,0.15967380829183161,MINER_BURN_ONLY,1164.67515631899,1163.2337280745405,0.0004882887006942838,0.0028089052388349574,-0.32797499790419765,5CGq1JQh...,707806.091648678,,,,False,7692872,0.447933682426759,33,5GWdwSor...,,4.064489393892668,4.064489393892668,0.0,,COUNTER,286772.202915741,7897.141864024,0.0,DIVERGENT,-0.6722114677035413,0.8975797159273037,1295.967040512703,220134.79480563,0.24210421147853148,220134.79480563,0.24210421147853148,0.0,FORTRESS,False,True,2.2036122654644883,0,,35806.293587697,0.03937975585673507,30.0
68,40,66,75,6,Numinous,2026-10-10,9254150,0.002308944,0.002309343544766307,-0.0001730122688815746,IN BAND,False,True,3.6818e-05,7470.410532898,2726280.546426733,1.0,3235421.886153406,705560.670333724,-0.004023880888700968,3523.941307230387,ACCUMULATING_PRE_EMA,0.0,,,,0.012952126737064976,0.23897949327702891,-0.002104982604725824,-0.2030324308590767,-0.44411690674083143,-0.4420119241361056,0.9639506849155539,0.4549640508731706,1,0.0,,0.0,0.0,0.001831082627603564,0.002740147393374199,0.18675350869237164,5CfSg4e2...,14643.677135812,,,,False,3219949,0.3824963693342506,104,5CsvRJXu...,0.0899977111467155,1.7934279398794737,1.6320235301837518,0.0017244273527751073,,COUNTER,185360.665463109,0.0,0.0,DIVERGENT,1.0,0.0,1295.967040512703,662466.459537209,0.2429927691797849,662466.459537209,0.2429927691797849,0.0,DORMITORY,True,True,1.5059890114116463,0,,13455.835373768998,0.004935601873917643,30.0
69,41,39,76,77,Liquidity,2026-10-10,9254150,0.005001854,0.005003824597224593,-0.0003938182057153134,IN BAND,False,False,0.000663049,11629.587492455,3419023.998107786,1.0,2325055.043815336,410706.319583155,-0.006935415302332664,1960.9926875066012,ACCUMULATING_PRE_EMA,0.0,,,,0.14983272391479815,-0.81385826987719,-0.00479145483620298,-1.2897650598969659,-0.48069824485597884,-0.47590679001977587,0.7686404077463137,0.625739513934574,1,0.0,,0.0,0.0,9.15541313801782e-05,0.0034014348828470477,-0.3199651803417198,5GxxsUeY...,2716314.708151583,,,,False,5128460,0.5027087243815715,42,5E7F9Awq...,,4.526664762652689,4.526664762652689,0.0,,COUNTER,140886.89655137,14115.257752168,0.0,DIVERGENT,1.0,0.0,1295.967040512703,369577.913917543,0.10809456561933496,369577.913917543,0.10809456561933496,0.0,DORMITORY,True,True,0.7592203043441482,,,12390.038764538996,0.0036238525296681456,30.0
70,42,67,77,20,Witness,2026-10-10,9254150,0.002283691,0.0022847787477076054,-0.00047608448244571423,IN BAND,False,True,3.5304e-05,6397.48305179,3286053.644772966,1.0,2801378.523068601,288650.887384666,-0.0009316292818717833,2394.7092872159556,ACCUMULATING_PRE_EMA,0.0,,,,0.014502408407950482,0.2620139141983132,-0.005792361203089523,-0.23579026861624108,-0.5035965440176439,-0.4978041828145543,0.799743486896596,0.5123065912225048,1,0.0,,0.0,0.0,0.0,0.0019468589814309021,-0.1474945684723099,5CFVA7aP...,1557592.851771221,,,,False,1970929,1.0,154,5G9hfkx9...,0.009994659342336155,0.5189515398150859,0.5137647959594533,0.010544466825367759,,COUNTER,1435722.253812141,0.0,0.0,DIVERGENT,1.0,0.0,1295.967040512703,470861.600130728,0.14329090484560847,464819.795187882,0.14145228454418504,6041.804942846007,DORMITORY,True,True,1.395605245689155,0,,12919.877217188001,0.0039317304626901904,30.0
71,43,34,78,11,TrajectoryRL,2026-10-10,9254150,0.007607869,0.007609565509483218,-0.00022294432988377856,IN BAND,False,False,0.001052291,20181.963526082,3463899.512990095,1.0,2652774.675037674,1021239.66136372,-0.004553696919034271,1236.8090105643496,ACCUMULATING_PRE_EMA,0.0,,,,0.13702436556414,-0.11235854107486422,-0.0027124893469193056,-0.6204379689934156,-0.5107919172654707,-0.5080794279185514,0.7586825166678889,0.6451037934826914,1,0.0,,0.0,0.0,0.0,0.005826370958625354,-0.23416518362430339,5D2Jhtbn...,2078950.655258875,2.670203833662107,BUYBACK_GAMING,,False,2918568,0.0,189,5GgqDcxk...,0.0,0.35710827591064737,0.35710827591064737,0.16038210923074578,,COUNTER,1146672.996281127,70854.313497381,500.0,DIVERGENT,0.41024735453140854,0.0,1295.967040512703,46180.459268605,0.013331928104560188,46180.459268605,0.013331928104560188,0.0,DORMITORY,True,True,0.12185478233836648,,,14394.994847117998,0.004155719527409732,30.0
72,39,3,13,107,Minos,2026-10-10,9254150,0.035237936,0.03560703620314598,-0.010365934447343088,IN BAND,False,False,0.010611633,20065.265200602,1709094.546399932,1.0,569422.736178914,621076.126389587,0.001226016808458981,607.3861790180672,,0.0,,0.03479252611330531,0.03479252611330531,1.3898331891054858,-6.567782653102715,-0.1261188691093409,-6.9672726493045705,-0.5256088653111965,-0.39948999620185566,1.5376563020083749,1.7893231853073415,1,0.0,,0.0,0.0,0.00016784924086366004,0.011740289759199012,-0.6668281093648899,5DA2vLrS...,1306360.153717324,0.05282809503222626,,,False,7457580,0.0,50,5EqgN8pH...,0.179995422293431,2.1054991822806883,1.726518967827602,0.032671560025026324,,COUNTER,406798.248425295,11728.725039684,0.0,DIVERGENT,1.0,0.0,1295.967040512703,41164.694002343,0.024085673954699034,41164.694002343,0.024085673954699034,0.0,DORMITORY,False,True,0.2516595037650124,,,33020.32283271098,0.019320360539600102,30.0
73,44,8,79,4,Targon,2026-10-10,9254150,0.051843314,0.051903915125876665,-0.0011675636747188463,IN BAND,False,False,0.006875822,133882.809907638,3838717.908230259,1.0,2582450.876994953,2346529.770430863,-0.0046476622979413,1015.9849351719022,ACCUMULATING_PRE_EMA,0.0,,,,0.13496624569252583,0.21274770069621554,-0.014205358042412628,-0.2993165685999387,-0.5262696273385669,-0.5120642692961542,0.6846035741166433,0.64703051498868,1,0.0,,0.08989675890188664,0.0,3.0518043793392735e-05,0.03487695973194373,-0.32726214740161624,5CXGPMnq...,,,,,False,1411451,0.05896266003387607,50,5E7vw1mZ...,,0.281251053160817,0.281251053160817,0.04159926751106363,,COUNTER,561138.156845721,0.0,0.0,DIVERGENT,0.9997402525076979,0.0,1295.967040512703,183019.057563734,0.0476771312555525,183019.057563734,0.0476771312555525,0.0,DORMITORY,True,True,0.35124096724032405,,,18346.890181363997,0.0047794317321489125,30.0
74,45,91,80,2,DSperse,2026-10-10,9254150,0.002957742,0.0029604185838252306,-0.0009041234370890667,IN BAND,False,True,1.22e-07,7601.222396575,3365302.657528419,1.0,2569940.365265343,713003.757051379,-0.002026472196230547,1938.70471686963,ACCUMULATING_PRE_EMA,0.0,,,,4.217953156382649e-05,-1.5706286541372785,-0.011000168484583645,-2.1087729220007767,-0.5491444363480819,-0.5381442678634982,0.7809104462331133,0.538186447395062,1,0.316715484688142,MINER_BURN_ONLY,2281.977121931035,2280.4456044213075,0.0005188067444876765,0.002258703947346468,-0.23634179473853095,5EcYQ3W7...,3016539.060976809,,,,False,2734060,0.8143692462710492,14,5CFxLBvp...,0.179995422293431,0.6268124947105854,0.5139891150263546,0.9409000045778463,,COUNTER,783350.4459598,0.324465392,0.0,DIVERGENT,-0.8655865297094959,1.759647840672808,1295.967040512703,1144508.261830867,0.34009073723889927,1144508.261830867,0.34009073723889927,0.0,FORTRESS,True,True,2.4628897661957567,0,,13574.516367489003,0.004033668810477373,30.0
75,122,122,81,35,SN35,2026-10-10,9254150,0.002002983,0.0021001158747822046,-0.04625119782606189,IN BAND,False,True,0.0,379.004751071,139630.869044474,1.0,189220.144661663,9109.342949272,,8490.736895230017,,,,,,,-14.842328488663092,-0.562722906883753,-14.842328488663092,-0.562722906883753,,18.821053095092836,-4.126796298276806,1,0.0,,0.0,0.0,0.0,0.00271433354003034,0.3551455703969231,5FjUeckL...,811320.238355882,,,,True,9046691,1.0,1,5E2LP6En...,0.0,0.9639584357759009,0.9639584357759009,0.2660033876062442,,COUNTER,0.0,0.11136414,0.0,DIVERGENT,1.0,0.0,1295.967040512703,0.0,0.0,0.0,0.0,0.0,NEITHER,False,,,,,39922.35655315198,0.28591354351906423,30.0
76,47,61,82,32,ItsAI,2026-10-10,9254150,0.002662703,0.002663702704012394,-0.00037530615217977226,IN BAND,False,True,6.4331e-05,6803.519279313,3636102.874503813,1.0,2555116.84289929,307495.998064943,-0.0011755096356559623,-109.47620619554073,,0.0,,,,0.024849178940971765,-1.3429610020873743,-0.004566224851520562,-1.9513737105298945,-0.6129789332940407,-0.6084127084425202,0.7227518281804994,0.6332618873834919,1,0.0,,0.0,0.0,0.008743419546807019,0.0018711019776197658,-0.29729227119218116,5DWgkCSv...,98710.738134278,1.9517294080993048,BUYBACK_GAMING,,False,2515294,0.0,82,5E7sa41c...,0.013550011444266423,0.252606687203224,0.2491838637007221,0.8513878503959836,,COUNTER,17419.272873099,0.0,0.0,DIVERGENT,1.0,0.0,1295.967040512703,634410.218859858,0.1744753217265423,634410.218859858,0.1744753217265423,0.0,DORMITORY,True,True,1.000226488862848,0,,14062.335312947,0.003867419541826347,30.0
77,48,31,83,14,Cacheon,2026-10-10,9254150,0.008820282,0.008825802709907293,-0.0006255192970828191,IN BAND,False,False,0.001222064,24742.712217686,3299401.294434435,1.0,2805206.285106365,2667032.924281664,-0.012349965626037119,1065.5562319098972,ACCUMULATING_PRE_EMA,0.0,,,,0.12979919758773945,0.20480218524694083,-0.007610484781174299,-0.41747250022230364,-0.6298851702504188,-0.6222746854692445,0.7965081435935113,0.752073883056984,1,0.0,,0.0,0.0,4.57770656900891e-05,0.007499152121757065,-0.14978317906875718,5CKhH8nK...,1776623.099035315,3.974463511169537,BUYBACK_GAMING,ENTRY_REPEATED,False,4848444,0.0,75,5G1CLuQ8...,0.0,0.4215953923174041,0.4215953923174041,0.019715558810962583,,COUNTER,1226758.860637625,526.080568229,0.0,DIVERGENT,1.0,0.0,1295.967040512703,55313.713716282,0.01676477299369053,49888.742622554,0.015120544053464599,5424.971093728003,DORMITORY,True,True,0.14909538227777053,,,18845.748342372004,0.005711869112181589,30.0
78,46,62,84,60,Bitsec.ai,2026-10-10,9254150,0.004073246,0.004095038864761591,-0.005321772388809729,IN BAND,False,True,6.415e-05,7041.418724683,4121478.553433061,1.0,1728699.58096099,983539.520978473,0.00042835187573598795,335.34904076205567,,0.0,,,0.10516228966676404,0.023942078520204697,1.5288462138977659,-0.06474823073051837,0.9615823784134953,-0.632012066214789,-0.5672638354842706,0.6376352481104043,0.5912059140044753,1,0.13420689918950776,MINER_BURN_ONLY,981.5529733470175,981.5079287143785,1.5259021896696368e-05,0.0017084690926797911,-0.5805632430057523,5CXLwkK1...,166881.86311044,,,,False,4796992,1.0,113,5CXLwkK1...,0.179995422293431,2.2598200757899347,1.853062806940952,0.0,,COUNTER,708248.310197729,0.0,0.0,DIVERGENT,-0.6809123779673555,0.7573556255922064,1295.967040512703,1049189.915952733,0.2545663897920301,1049189.915952733,0.2545663897920301,0.0,FORTRESS,True,True,1.728238656086547,0,,12577.333703685006,0.003051655744564893,30.0
79,50,24,85,5,Hone,2026-10-10,9254150,0.012706067,0.012701378902420402,0.00036910146651122753,IN BAND,False,False,0.00179377,33647.982608014,3324776.553316951,1.0,2648182.388894867,980470.720807675,-0.015845505017582865,-250.5815961174667,,0.0,,,,0.14009837127285166,0.06486691276427885,0.004490734509219935,-0.5750777243274089,-0.6354539025824678,-0.6399446370916877,0.7904290582710546,0.7800430083645393,1,0.0,,0.0,0.0,0.0019684138246738314,0.01012037412693049,-0.20350064839651086,5GurNtB3...,,,,,False,2491604,0.0,1,5E2LP6En...,0.0,0.4209441081368397,0.4209441081368397,0.0670369748668569,,COUNTER,1488567.694632255,0.0,0.0,DIVERGENT,1.0,0.0,1295.967040512703,6649.821324041,0.002000080672310694,6649.821324041,0.002000080672310694,0.0,NEITHER,True,True,0.02231164893760928,,,18481.52603140999,0.005558727251301134,30.0
80,51,43,86,50,Synth,2026-10-10,9254150,0.004557065,0.0045554800890386105,0.00034791304767263774,IN BAND,False,False,0.000479351,10909.989142673,3530532.909414601,1.0,2394082.468071062,1246785.730322645,-0.0056701551055483215,43.47486613225192,ACCUMULATING_PRE_EMA,0.0,,,,0.11546614863920562,1.0510818333986744,0.004232942080017093,0.39984519716190126,-0.6470036941567561,-0.6512366362367732,0.7443635472118427,0.7667027848759789,1,0.0,,0.01570621004793793,0.0,0.0018768596932936532,0.0030901819704272316,-0.32189205762322204,5DxyiWpG...,2294858.760843553,3.7589614740355177,BUYBACK_GAMING,,False,4763204,0.15212804989910111,38,5EP1j1aU...,,16.80311780095,16.80311780095,0.0,,COUNTER,467621.763765874,0.0,0.0,DIVERGENT,0.9999693932350369,0.0,1295.967040512703,212500.00519846,0.06018921524051017,212500.00519846,0.06018921524051017,0.0,DORMITORY,True,True,0.39110372314031716,,,30055.10819971,0.008512909798847747,30.0
81,49,60,87,125,Refinery,2026-10-10,9254150,0.002671255,0.0026753447018563747,-0.0015286635226993309,IN BAND,False,True,6.5432e-05,5370.240439361,2560401.367299601,1.0,2010380.766195311,243717.744690832,-0.00024021262101779379,2391.98639668338,ACCUMULATING_PRE_EMA,0.0,,,,0.032020036708162884,-1.5158967598650221,-0.01859873952617519,-2.1511815842893025,-0.6538835639504558,-0.6352848244242806,1.026401576551138,0.6673048611324435,1,0.0,,0.0,0.0,1.5259021896696368e-05,0.0020974213293070043,-0.21481800527953926,5DTzv2rL...,37518.24576168,,,,False,5834408,0.0,12,5E2LP6En...,0.0,0.5100287723746012,0.5100287723746012,0.11704562795666107,,COUNTER,1305773.13013795,0.0,0.0,DIVERGENT,1.0,0.0,1295.967040512703,226023.662897553,0.08827665294364968,226023.662897553,0.08827665294364968,0.0,DORMITORY,True,True,1.0072379793499409,0,,15491.698925862,0.006050496271293885,30.0
82,52,5,88,120,Affine,2026-10-10,9254150,0.045179163,0.045206852024421096,-0.0006124961854485394,IN BAND,False,False,0.008184333,76463.053342444,2745665.859333901,1.0,1692440.754142485,1562460.709692748,-0.0050901304439632976,168.100241541164,ACCUMULATING_PRE_EMA,0.0,,,,0.28129176358774644,-1.031883827642262,-0.007452036922957228,-1.7073140066564614,-0.6828822159371567,-0.6754301790141994,0.9571448729152909,0.9567219426019459,1,0.0,,0.0,0.0,0.002029449912260617,0.027848637547248353,-0.38359554055376477,5EfNFhH2...,3111923.278046495,1.1357464975600948,BUYBACK_GAMING,,False,5749344,0.0,60,5E2LP6En...,0.0,1.0363326896483736,1.0363326896483736,0.036286507766960664,,COUNTER,188525.853632295,0.0,0.0,DIVERGENT,1.0,0.0,1295.967040512703,45877.123556342,0.01670892450382575,45876.529773207,0.016708708241845806,0.5937831349947373,DORMITORY,True,True,0.11652720692801777,,,21868.280202385995,0.007964654594820668,30.0
83,123,123,89,87,Provenonce,2026-10-10,9254150,0.003728772,0.0039590036030858755,-0.05815392613091328,IN BAND,False,True,0.0,1598.343330099,1938931.691913156,1.0,428651.346706994,124066.579306907,-0.0004810604927689679,15789.264919840032,ACCUMULATING_PRE_EMA,0.0,,,,,-12.61588546544909,-0.7075394345927782,-12.61588546544909,-0.7075394345927782,,1.355385551208839,-1.6668753901550515,1,0.3895021735358427,MINER_BURN_ONLY,2804.4156494580675,2804.4156494580675,0.0,0.000824342258556775,-0.7789239303028517,5HartH15...,4262.952111754,,,,False,7208725,1.0,197,5EtUYRu7...,0.09999237048905166,0.6504615572634153,0.5854203642406464,0.022295132000610406,,COUNTER,821424.273515476,811.040088965,0.0,DIVERGENT,-0.8908863598523041,2.163955997174589,1295.967040512703,168005.682121641,0.08664858221790617,168005.682121641,0.08664858221790617,0.0,FORTRESS,False,True,0.8752046014681087,,,25850.098240894,0.013332134571170759,30.0
84,53,17,1,9,iota,2026-10-10,9254150,0.024623671,0.024594131857156754,0.0012010646691987417,IN BAND,False,False,0.003329508,53646.105943518,4100794.461020975,1.0,2178639.683351425,1144355.738187885,0.01301328860220348,-2500.523076498881,DISTRIBUTING_PRE_EMA,0.0,,0.528486942592901,0.528486942592901,0.1631049797577572,0.6811261403036398,0.014612953475251357,-0.07728081329982628,-0.7437940001282147,-0.7584069536034661,0.6408514313457463,0.9215119333612233,1,0.0,,0.0,0.0,1.5259021896696368e-05,0.013081881194836019,-0.46872742107234866,5Fsbubec...,25260.993985022,0.15003164102483088,,,False,1489797,0.14999847407452627,236,5G9hfkx9...,0.009994659342336155,0.40391787511595084,0.39988085355188663,0.007843855392269072,,COUNTER,1208010.008104386,46681.104420658,0.0,DIVERGENT,1.0,0.0,1295.967040512703,566487.003304132,0.1381407941043438,566487.003304132,0.1381407941043438,0.0,DORMITORY,True,True,1.2187225890809417,0,,16933.817655547005,0.004129399270435757,30.0
85,55,87,90,43,Graphite,2026-10-10,9254150,0.003947686,0.003947674063965678,3.023561248499957e-06,IN BAND,False,True,5.15e-07,12277.612967531,3073971.787901531,1.0,3110077.826253305,159364.638498999,-0.0008349041341164327,170.08665491594002,ACCUMULATING_PRE_EMA,0.0,,,,0.00011023478289951094,-0.1939684714075967,3.678666185674948e-05,-0.994139854528346,-0.8001345964588925,-0.8001713831207493,0.8549200127155439,0.8002816179036488,1,0.3088097374423186,MINER_BURN_ONLY,2223.855303280987,2223.72016938307,4.57770656900891e-05,0.0039940551880967,0.011745915986403337,5HjMs5JD...,2826419.775306144,,,,False,3408582,1.0,108,5ERVu5z1...,,6.418260427650389,6.418260427650389,0.0,,COUNTER,997658.093302834,0.0,0.0,DIVERGENT,-0.8624463956304222,1.7158771017072583,1295.967040512703,3451.069241962,0.0011226743379834,3451.069241962,0.0011226743379834,0.0,EXPOSED,True,True,0.009235825543664615,,UNDEFENDED_BURNER,11161.164768130007,0.0036308611588622476,30.0
86,56,4,8,64,Chutes,2026-10-10,9254150,0.069876826,0.06986912596039474,0.0001102066112810349,IN BAND,False,False,0.009288282,202778.151640729,3502709.650246343,1.0,2901937.108796699,5090274.320101847,0.006078987608972017,-1017.5554089909419,DISTRIBUTING_PRE_EMA,0.0,,0.08699576035368316,0.08699576035368316,0.12037591278200215,-0.5482895409113107,0.0013408471039192578,-1.3502007750308638,-0.8005703870156339,-0.8019112341195531,0.7502762896191452,0.9222871469015552,1,0.0,,0.0,0.0,0.00016784924086366004,0.057891795749175995,-0.17151652324368608,5FRYKhbm...,740310.775091042,0.492876145564955,BUYBACK_GAMING,,False,4531295,0.3797387216897625,127,5CLbM842...,,10.41998991080358,10.41998991080358,0.0,,COUNTER,274207.517615115,0.0,0.0,DIVERGENT,1.0,0.0,1295.967040512703,800948.794833288,0.2286654832429396,800948.437656358,0.22866538127133315,0.3571769299451262,DORMITORY,True,True,1.576907137272233,0,,15987.450826001002,0.00456430946963492,30.0
87,54,57,91,1,Apex,2026-10-10,9254150,0.006548108,0.006550885736942291,-0.0004240246363367961,IN BAND,False,True,7.7811e-05,23002.623469354,2581352.518691277,1.0,3512865.471433418,841534.577705413,-0.002493990990679855,1307.1821365552023,ACCUMULATING_PRE_EMA,0.0,,,,0.00888973852362688,-0.7572193897399848,-0.005158966408764352,-1.5539218171584208,-0.8018613938272005,-0.7967024274184361,1.01807094574296,0.805592165942063,1,0.21602633037734648,MINER_BURN_ONLY,1573.962334349053,1573.872245083775,3.0518043793392735e-05,0.008911074060127257,0.36086241401749275,5HCFWvRq...,28764.900125749,,,,False,1497824,0.7365296873330993,226,5CAQAgXx...,0.0899977111467155,0.4155899854088655,0.3781878379465707,0.031191344554485665,,COUNTER,928710.136922859,0.0,0.0,DIVERGENT,-0.8135332026655826,1.214438481754234,1295.967040512703,192837.392404116,0.07470401311242947,192824.591394465,0.07469905408046529,12.80100965098245,FORTRESS,True,True,0.6550139475161524,,,12696.916859318002,0.004918707060496808,30.0
88,57,58,92,128,ByteLeap,2026-10-10,9254150,0.002775204,0.0027741112280637026,0.0003939178520466262,IN BAND,False,True,7.5318e-05,4022.035901443,3067801.092258734,1.0,1449275.527608199,91659.099497153,-0.00022424396803000932,-103.83334532543086,,0.0,,,,0.049212813821225686,-0.14040566708177227,0.004792667199900619,-0.9481212521676153,-0.8029229178859425,-0.8077155850858431,0.8566396324166763,0.8569283989070687,1,0.0,,0.0,0.0,9.15541313801782e-05,0.0013110484612552538,-0.5275848329509276,5GgMeLFN...,998086.53133222,1.7651769808445579,BUYBACK_GAMING,,False,5856038,1.0,96,5HQTcjYx...,,5.022928609298829,5.022928609298829,0.0,,COUNTER,186014.794503201,289.843039317,0.0,DIVERGENT,1.0,0.0,1295.967040512703,3774.578309823,0.0012303856072506598,3774.573941721,0.001230384183396287,0.0043681019997166,NEITHER,True,True,0.00736541492180029,,,16695.942199111007,0.005442315748971281,30.0
89,58,30,93,19,blockmachine,2026-10-10,9254150,0.008972265,0.008970483904704452,0.00019855063723089327,IN BAND,False,False,0.001229369,30645.895247279,2768254.252021199,1.0,3415625.25888866,1688021.243071231,-0.008205630128196056,527.6378857977688,ACCUMULATING_PRE_EMA,0.0,,,,0.10542298425061855,-0.16522628452353316,0.0024156994196425346,-1.0116076064538406,-0.8439656225106651,-0.8463813219303076,0.9493347650712377,0.9518043061809262,1,0.0,,0.0,0.0,0.0002746623941405346,0.011070477079518026,0.2338553397072006,5FWh37Lf...,1284503.58408439,1.9972050322180308,BUYBACK_GAMING,,False,1956072,0.0,124,5HQLnZYK...,,0.4247404556415208,0.4247404556415208,0.008591484816114757,,COUNTER,1013639.146969995,0.034430037,0.0,DIVERGENT,1.0,0.0,1295.967040512703,169386.015466259,0.061188749314693314,169386.015466259,0.061188749314693314,0.0,DORMITORY,True,True,0.5808927184581909,,,28634.044810374013,0.010343719255363664,30.0
90,124,124,94,36,Epago,2026-10-10,9254150,0.0016418,0.0017688297666609287,-0.07181571062133729,IN BAND,False,True,0.0,280.531504294,145991.766188013,1.0,170868.201813304,21590.798722825,,6882.14418255075,,,,,,,-21.969204956588218,-0.8737578125596037,-21.969204956588218,-0.8737578125596037,,18.00101518475758,0.029724317442074998,1,0.0,,0.0,0.0,0.0,0.0019215570276252588,0.1703965328452058,5DCjvVt6...,653219.098280363,,,,True,8884359,1.0,1,5E2LP6En...,0.0,0.9891159477034823,0.9891159477034823,0.3898341293699358,,COUNTER,34545.255833249,0.0,0.0,DIVERGENT,1.0,0.0,1295.967040512703,50763.206923908,0.34771280771090524,50763.206923908,0.34771280771090524,0.0,DORMITORY,False,True,2.5305217305252303,0,,41199.09516132,0.2822014983246552,30.0
91,59,79,95,100,Cortex,2026-10-10,9254150,0.003597724,0.0035918373614549637,0.0016388933998536745,IN BAND,False,True,1.783e-06,2414.169964875,2058272.227415211,1.0,671027.025839346,411918.969682046,-0.001453934361040321,1820.906792853959,ACCUMULATING_PRE_EMA,0.0,,,,0.00194092548087956,-3.429909174118141,0.019939869698219707,-4.330312004039373,-0.8804629602230128,-0.9004028299212326,1.2767990380457381,0.9023437554021121,1,0.27244961150581387,MINER_BURN_ONLY,1963.1504515500274,1962.6099159583587,0.0001831082627603564,0.0011729109166024785,-0.6739852983156911,5FX6kmhY...,1267428.500938327,,,,False,6693448,0.7001358301665064,147,5E2LP6En...,0.0,0.8099418835406386,0.8099418835406386,0.27983275346395653,,COUNTER,772324.663160959,1077.059572996,0.0,DIVERGENT,-0.8437701125196009,1.5143980167751196,1295.967040512703,287306.209742776,0.13958610815226158,287306.209742776,0.13958610815226158,0.0,FORTRESS,False,True,1.2495564108986077,0,,26853.159701955996,0.013046456802110347,30.0
92,60,71,96,98,NeverPlayAlone,2026-10-10,9254150,0.00215154,0.002151565393432975,-1.1802305917523345e-05,IN BAND,False,True,2.7871e-05,4565.546904957,2892270.954253687,1.0,2121989.81475456,208198.091360992,-0.001032365332540136,-422.57464428897947,,0.0,,,,0.016042982259250244,0.5614007559820344,-0.00014359472199653402,-0.3478085519622929,-0.9093529026663238,-0.9092093079443273,0.9086285626645658,0.9252522902035776,1,0.0,,0.0,0.0,0.0,0.0015785336080779058,-0.26632383870255455,5EWzZCNs...,1740556.916199428,3.8639371012090846,BUYBACK_GAMING,,False,5445992,1.0,153,5E2LP6En...,0.0,0.42562347690505764,0.42562347690505764,0.13718488677287433,,COUNTER,1255490.393926426,0.416529519,0.0,DIVERGENT,1.0,0.0,1295.967040512703,376967.370516207,0.1303361187380449,376967.370516207,0.1303361187380449,0.0,DORMITORY,True,True,1.2795014923171832,0,,15889.35489086,0.005493729716951793,30.0
93,61,56,97,88,Investing,2026-10-10,9254150,0.002839612,0.0028385836631059647,0.0003622711239415001,IN BAND,False,True,8.2323e-05,5981.179534347,3323548.714080975,1.0,2106336.443895807,729787.359790682,-0.0006446650318909965,-1955.9895740761422,,0.0,,,,0.036170932966923496,0.4535205186632257,0.004407632007954917,-0.5056032513293407,-0.9547161379846115,-0.9591237699925664,0.7907210713854972,0.99529470295949,1,0.0,,0.0,0.0,0.0007934691386282111,0.0017996364876513963,-0.36623859609996146,5FhMsGJS...,2948659.573184252,2.211973142529195,BUYBACK_GAMING,,False,5299805,0.1709604019363805,145,5D4hVjoh...,0.179995422293431,1.6613359680861715,1.362303098939235,0.0,,COUNTER,175269.313011837,0.0,0.0,DIVERGENT,1.0,0.0,1295.967040512703,1260497.962375271,0.37926267096218047,1260497.962375271,0.37926267096218047,0.0,DORMITORY,True,True,2.2941081148522766,0,,13745.848865844999,0.004135895107421643,30.0
94,62,40,98,118,Ditto,2026-10-10,9254150,0.006419074,0.006439246935769916,-0.0031328097790216634,IN BAND,False,False,0.000653073,5967.183105954,2294262.403976864,1.0,929601.92354824,792698.93934312,-0.0019519015973399523,-855.2548689186806,,0.0,,,,0.28761910159711973,-5.199519831797871,-0.038115852311430234,-6.180644791211259,-1.0192408117248184,-0.9811249594133882,1.1454661835736997,1.2687440610105079,1,0.1633964270187917,MINER_BURN_ONLY,1296.3246992230415,1296.1445206924855,6.103608758678547e-05,0.0026009156997955037,-0.5948145013135067,5HGXqHbQ...,1428397.735703188,0.0,,,False,5724794,0.3269902794097449,34,5CaJhaYX...,0.009994659342336155,0.4925975008818884,0.4876741566676878,0.029299557454600948,,COUNTER,356048.730873826,1788.13704218,0.0,DIVERGENT,-0.3516466278963994,1.000136948065988,1295.967040512703,122110.274452459,0.05322419712792817,103087.363794588,0.04493268233655262,19022.91065787099,FORTRESS,True,True,0.32006523049449204,,,50516.037149327,0.022018421720969114,30.0
95,63,84,99,22,Desearch,2026-10-10,9254150,0.003143973,0.0031437042634934187,8.548402904879745e-05,IN BAND,False,True,1.013e-06,7695.569486045,3787051.304000682,1.0,2447720.993106576,275591.579072423,-0.0015173520545156394,-3990.6762139969505,,0.0,,,,0.00034593463223579724,0.4070311288271428,0.0010400556867603689,-0.6154322797428133,-1.0214233528831957,-1.0224634085699562,0.6939435959644255,1.022809343202192,1,0.27262602494661553,SKIN_IN_GAME,1968.855617158115,1963.5403505067072,0.0018005645838101714,0.002032074262610416,-0.3536603963804982,5DFuaMas...,1971398.430127833,0.6421679577640378,BUYBACK_GAMING,,False,2009702,0.7037314459544155,131,5E2LP6En...,0.0,0.39367671584637454,0.39367671584637454,0.13551045322752936,,COUNTER,1284985.418416331,0.0,0.0,DIVERGENT,-0.6900388642629207,1.5151159629259572,1295.967040512703,763677.586285475,0.2016549354582859,763677.586285475,0.2016549354582859,0.0,FORTRESS,True,True,1.7014666928304356,0,,12417.967971794,0.0032790598740174244,30.0
96,65,70,100,7,Allways,2026-10-10,9254150,0.002459987,0.0024587397929280996,0.000507254600705399,IN BAND,False,True,3.2773e-05,5587.599777349,3171969.949247136,1.0,2271393.210897701,329288.411890676,-0.001063203871299582,-2788.233779246919,,0.0,,,,0.015414032398874244,-0.18331676182313245,0.006171597641915687,-1.2646786096512677,-1.0751902501862196,-1.0813618478281353,0.8285072185579039,1.0967758802270096,1,0.0,,0.0,0.0,3.0518043793392735e-05,0.0017615550798881973,-0.2839169150535359,5CAc19iE...,,,,,False,2627691,1.0,122,5Dk6D9eW...,0.179995422293431,16.399437775939397,13.44761404808434,0.0,,COUNTER,36084.978602376,228268.889156221,268.96450623800047,DIVERGENT,0.5379175701061931,0.0,1295.967040512703,3211.260531444,0.0010123868078277948,3211.260531444,0.0010123868078277948,0.0,NEITHER,True,True,0.005731267533804208,,,15504.623616385,0.004888010877929348,30.0
97,64,22,101,56,Gradients,2026-10-10,9254150,0.014877489,0.014871885301545262,0.0003767981221692247,IN BAND,False,False,0.002031543,49520.108854854,2879882.110467373,1.0,3328525.80596826,2868225.679751223,-0.009019599530651996,-1514.1302086031064,,0.0,,,,0.107812666964214,-0.036557617649329605,0.0045843771530589,-1.117652711123207,-1.0765107163208185,-1.0810950934738774,0.9125373536812952,1.1889077604380915,1,0.0,,0.0,0.0,6.103608758678547e-05,0.01719518610670401,0.15578550296384092,5EJ1zbdw...,15250.672523422,0.0028196179249148005,,,False,4312927,0.0,26,5HbScNss...,0.0899977111467155,0.7750407639102186,0.705288869112897,0.020281096918921396,,COUNTER,841047.343861356,0.0,0.0,DIVERGENT,1.0,0.0,1295.967040512703,264724.185506575,0.0919218826855427,264724.185506575,0.0919218826855427,0.0,DORMITORY,True,True,0.7714117835380109,,,25462.719866179003,0.00884158409597075,30.0
98,66,12,102,97,Albedo,2026-10-10,9254150,0.014992516,0.015022255014628172,-0.001979663812071751,IN BAND,False,False,0.005007884,11456.109807145,1193450.379393543,1.0,764122.257762787,544542.33476479,-0.0002017478056674679,1671.331572357798,ACCUMULATING_PRE_EMA,0.0,,,,1.1487947805625833,-4.294222478490556,-0.024085909713539636,-5.3848890428839145,-1.114752474106898,-1.0906665643933582,2.2020186556356283,2.2394613449559415,1,0.0,,0.0,0.0,7.629510948348184e-05,0.00959915050089177,-0.3597371848132915,5GnW8owm...,1404045.723291862,1.1320674558637673,BUYBACK_GAMING,,False,7735450,0.0,28,5E2LP6En...,0.0,0.626402426072914,0.626402426072914,0.1699601727373995,,COUNTER,70872.776437572,4583.298014649,0.0,DIVERGENT,1.0,0.0,1295.967040512703,9110.866706787,0.007634055729586953,9110.866706787,0.007634055729586953,0.0,DORMITORY,False,True,0.0677360133212079,,,35269.787946244,0.029552789588257956,30.0
99,67,88,103,71,Leadpoet,2026-10-10,9254150,0.004853943,0.004828908480703831,0.005184301876129309,IN BAND,False,True,3.64e-07,5547.306066766,4756530.16942792,1.0,1142845.198121504,1451560.959411684,-0.0022417272015353455,-8817.700811408926,,0.0,,,,0.00017244262142501168,13.307947117851072,0.06307567282623992,12.09849115476289,-1.1463802902619413,-1.2094559630881812,0.5525035911453235,1.209628405709606,1,0.3313082113192182,SKIN_IN_GAME,2385.643532951013,2385.598488318374,1.5259021896696368e-05,0.0011662505795549676,-0.7597312989553097,5DwHzMhB...,3072779.21382137,0.44137630821040186,BUYBACK_GAMING,,False,5048438,0.8500015259254738,0,5FNVgRnr...,0.0,0.5325399207191875,0.5325399207191875,0.668726728926326,,COUNTER,1031968.384903979,0.0,0.0,DIVERGENT,-0.871347058995243,1.8407863886527525,1295.967040512703,63565.086413894,0.013363751337572014,63565.086413894,0.013363751337572014,0.0,FORTRESS,True,True,0.09704679969672236,,,23620.486571694993,0.004965907022626094,30.0
100,68,54,10,89,InfiniteQuant,2026-10-10,9254150,0.002986364,0.0029862236697226763,4.699255408982389e-05,IN BAND,False,False,0.000100103,6125.821738047,2993428.306934664,1.0,2051263.688356379,190667.10059433,0.00022740814707736934,-3232.2241049655713,DISTRIBUTING_PRE_EMA,0.0,,0.07614883754203082,0.07614883754203082,0.04294455425728251,-0.36507039256239165,0.0005717427414261906,-1.5776508796727164,-1.2120087443688985,-1.2125804871103247,0.8779231471526804,1.2555250413676073,1,0.011940675567337179,MINER_BURN_ONLY,95.16094635706395,88.85469778759727,0.0021362630655374915,0.00204642340150781,-0.3147441499067729,5Dc5NmEU...,110513.315673158,0.0,,,False,5313364,0.15158651273033108,98,5CyiWW8m...,,10.981528206711138,10.981528206711138,0.0,,COUNTER,601303.409637614,0.0,0.0,DIVERGENT,0.769222281101384,0.06856246726185651,1295.967040512703,6094.632142656,0.002036004045440806,6094.632142656,0.002036004045440806,0.0,NEITHER,True,True,0.015359932574942892,,,16661.255002643993,0.00556594422657327,30.0
101,69,53,104,79,MVTRX,2026-10-10,9254150,0.003124249,0.0031176304910331964,0.0021229292521481907,IN BAND,False,False,0.000118084,7027.375202393,3046643.529479355,1.0,2249300.042215905,490796.855571178,-0.0051205686723918425,-6252.43983888533,,0.0,,,,0.044159411311114644,0.4912745153426479,0.025828972567802987,-0.8513899566224106,-1.3168354993972555,-1.3426644719650584,0.8625886076173481,1.386823883276173,1,0.0,,0.0,0.0,0.006897077897306758,0.0023065958108968256,-0.26171191512045755,5Fxp7QBG...,3373397.593384414,1.233239070633671,BUYBACK_GAMING,,False,5173967,0.0,0,5EWwdZB7...,0.179995422293431,0.31940676867187634,0.26191501246140175,1.0,,COUNTER,444229.939659843,37317.847662374,0.0,DIVERGENT,1.0,0.0,1295.967040512703,1355085.827207694,0.4447799074935644,1355085.827207694,0.4447799074935644,0.0,DORMITORY,True,True,3.100318192848246,0,,15497.161388970004,0.005086634271131265,30.0
102,70,16,105,3,Teutonic,2026-10-10,9254150,0.025688782,0.02562268218025565,0.00257973850197791,IN BAND,False,False,0.003488556,76182.806709002,3282547.21551732,1.0,2965606.075755467,3573907.010700606,-0.03954664999786193,-6720.267116567586,,0.0,,,,0.1203411316022922,0.2111439763064181,0.03138681844073124,-1.1902549228351584,-1.3700120807008451,-1.4013988991415764,0.8005977758908899,1.5217400307438687,1,0.0,,0.0,0.0,4.57770656900891e-05,0.02320844201383279,-0.09655342889231619,5GsGUrd2...,3088774.368455773,0.8297789090717231,BUYBACK_GAMING,,False,4165565,0.40139168650430324,204,5E6yHkmZ...,0.179995422293431,0.34416466039546556,0.28221659700910845,0.9866174293867213,,COUNTER,578475.334942498,0.0,0.0,DIVERGENT,1.0,0.0,1295.967040512703,387058.625410009,0.11791410755047119,386963.502203901,0.11788512907739444,95.12320610799361,DORMITORY,True,True,0.9316201216130653,,,23576.896730420987,0.007182500412779389,30.0
103,75,11,106,53,engy,2026-10-10,9254150,0.037052612,0.03652701084502041,0.0143893831666009,IN BAND,False,False,0.005070103,39848.064104482,5118016.948946816,1.0,1075445.55502211,1822845.511964615,-0.0011223092088040443,-19266.709587854566,,0.0,,,,0.33437585949128523,5.67375683035586,0.1750708285269776,4.064836162908181,-1.4338498389207017,-1.6089206674476793,0.5134801283807372,1.9432965269389644,1,0.0,,0.0,0.0,0.00015259021896696368,0.007785840590598655,-0.7898706684808441,5H8SFVCx...,1962388.698224985,0.0,,,False,4203869,0.4621900038153377,177,5HotnJix...,,17.120641906165158,17.120641906165158,0.0,,COUNTER,536463.072307602,0.0,0.0,DIVERGENT,1.0,0.0,1295.967040512703,163927.523323326,0.03202949989391085,149794.544021703,0.02926808283675725,14132.979301622981,DORMITORY,True,True,0.19507534203222002,,,30452.610066748013,0.005950079956850191,30.0
104,71,73,107,46,Instant,2026-10-10,9254150,0.003499284,0.003523071063682437,-0.0067517978639845535,IN BAND,False,True,1.8049e-05,8420.483659418,3543191.886598542,1.0,2406344.645500939,1487924.258568656,-0.006844200137852545,-7132.574301837012,,0.0,,,,0.005633022272651548,-1.9484713949588677,-0.08214687401181206,-3.39742379511361,-1.5310992741665543,-1.4489524001547422,0.7417041142874358,1.4545854224273937,1,0.17208060107741796,SKIN_IN_GAME,1245.551381162135,1245.3712026315789,6.103608758678547e-05,0.0023765248761341146,-0.320853958657224,5Ft9E2ov...,1764093.941977481,0.6127791569236951,BUYBACK_GAMING,,False,3919107,0.4529306740321374,238,5CDnZ6oe...,0.179995422293431,0.6234677562133139,0.5112464141473605,0.5678773081031588,,COUNTER,1079528.13584928,28041.129768459,0.0,DIVERGENT,-0.7550369997702818,0.9609590087560346,1295.967040512703,169189.095008617,0.04775047483274699,169189.095008617,0.04775047483274699,0.0,FORTRESS,True,True,0.39655390960977704,,,13353.246244447,0.003768705357153573,30.0
105,72,89,108,127,Astrid,2026-10-10,9254150,0.002198326,0.0021913431119173765,0.00318657906406707,IN BAND,False,True,2.27e-07,2948.593856824,3031238.840976052,1.0,1341290.242380694,601990.778409098,-0.0011311304522673383,-6183.600799683016,,0.0,,,,0.00020231880990302425,-2.165856595058347,0.03877004527948268,-3.7472462445477133,-1.5426196042098836,-1.5813896494893662,0.8669722637737745,1.5815919682992692,1,0.28952311718441714,,2084.8724628081545,2084.782373542877,3.051804379328171e-05,0.0009727355749620044,-0.557510771850033,5FU4uxAd...,1566303.436587873,0.18588190367342078,,,False,5848837,0.8825019455846673,0,5EKrpcqV...,0.179995422293431,0.8929804452208587,0.7322480528835542,0.5919086788652006,,COUNTER,1305264.448037092,203.185912805,0.0,DIVERGENT,-0.8532097933835321,1.6086692858470437,1295.967040512703,5535.674552263,0.0018262086370206727,5535.674552263,0.0018262086370206727,0.0,EXPOSED,True,True,0.017818659383182833,,UNDEFENDED_BURNER,17132.68045948999,0.005652039102921137,30.0
106,76,90,109,10,Pareton,2026-10-10,9254150,0.006210358,0.00616994802840054,0.006549483304146292,IN BAND,False,True,1.81e-07,16241.380227124,3509891.230775942,1.0,2615208.034233755,1053320.873359269,0.0019830543029549486,-8798.438753203955,DISTRIBUTING_PRE_EMA,0.0,,,0.3193140078164493,2.9287412359548616e-05,0.8818152127276381,0.07968538020044655,-0.7574157986009332,-1.5595456311281248,-1.6392310113285713,0.7487411509954456,1.6392602987409308,1,0.35189863454742315,MINER_BURN_ONLY,2533.7894575110404,2533.7444128784014,1.5259021896696368e-05,0.004627317246960234,-0.2549033007500962,5HK5714c...,833125.703456007,0.0,,,False,2869647,0.9013641773735771,201,5GKbzKzG...,0.179995422293431,1.4723017643871927,1.2072941865629565,0.23705534953989835,,COUNTER,880229.340524078,0.0,0.0,DIVERGENT,-0.8792241764792067,1.9550994228032341,1295.967040512703,53734.610631263,0.015309480293890398,19222.067757645,0.005476542289715206,34512.542873618004,FORTRESS,True,False,0.057346236418676276,,,24812.60504168401,0.007069337312825679,30.0
107,73,32,110,17,404—GEN,2026-10-10,9254150,0.008317249,0.008305431809276342,0.0014228267710848575,IN BAND,False,False,0.001139012,24847.138084965,3200279.45511367,1.0,2987422.62192981,685235.008222675,-0.008483605846616416,-7028.198218447156,,0.0,,,,0.12046954968271616,-0.6255660749608629,0.017311059048199098,-2.2086175393313257,-1.5657404053222634,-1.5830514643704625,0.8211782867276686,1.7035210140531787,1,0.0,,0.0,0.0,0.0,0.00776405261898682,-0.06651194175059334,5E7a4a7Q...,858071.17504557,0.9060326357011792,BUYBACK_GAMING,,False,2840556,1.0,106,5CsvRJXu...,0.0899977111467155,0.3569358677420922,0.3248124566191371,0.0024721501602319547,,COUNTER,340475.604612198,0.0,0.0,DIVERGENT,1.0,0.0,1295.967040512703,568235.211145958,0.1775579973923793,560515.805442369,0.17514589375834996,7719.405703589087,DORMITORY,True,True,1.1853274263540157,0,,39540.12678953498,0.012355210644606212,30.0
108,74,76,111,45,AlphaRidge.ai,2026-10-10,9254150,0.002425844,0.002422381192445755,0.0014295056306760257,IN BAND,False,True,4.637e-06,6241.411699011,3318587.237624332,1.0,2572882.37565498,753021.366318126,-0.0007759101295867152,-8078.6474711271,,0.0,,,,0.0019524486747014257,-0.3044898581441663,0.017392318506558313,-1.8954455967159212,-1.5735634200651964,-1.5909557385717548,0.7919032443098586,1.592908187246456,1,0.16911778494891855,MINER_BURN_ONLY,1225.426309108967,1219.9759085596422,0.0018463416495002605,0.0018807435972299533,-0.22470546447753717,5FbcZiAH...,917.223534024,0.0,,,False,3633154,0.43562540129024363,134,5GP7c3fF...,0.0009918364232852674,0.3395108064687733,0.33917406728481864,0.018602166946436745,,COUNTER,1119088.530913839,0.0,0.0,DIVERGENT,-0.28790964954667425,0.9413633760909554,1295.967040512703,111021.006418301,0.03345429800958835,111019.200205241,0.033453753737905656,1.8062130600010278,FORTRESS,True,True,0.28041541128977954,,,17382.073166426988,0.005237793049210376,30.0
109,77,78,112,123,MANTIS,2026-10-10,9254150,0.002283573,0.0022810231894254684,0.0011178363229064324,IN BAND,False,True,2.92e-06,5613.458749813,2082024.280630639,1.0,2458190.438119869,552349.673279865,-0.0026115959502149458,-3061.0713296378963,,0.0,,,,0.0013670288394397898,0.3859889909917437,0.013600341928694927,-1.3561772387133701,-1.728565887776419,-1.742166229705114,1.2622331182439364,1.7435332585445538,1,0.19002100746055478,SKIN_IN_GAME,1375.4417348540155,1369.9012450394127,0.0018768596932936532,0.002696154315795347,0.18067358293137414,5HVuEdEG...,1711650.482484387,5.133861122869296,BUYBACK_GAMING,,False,5794330,0.5268758026050266,24,5Eqc1k9Y...,,2.725083899068621,2.725083899068621,0.0,,COUNTER,336552.42104658,8560.983387542,0.0,DIVERGENT,-0.7293520389701559,1.0570494481846238,1295.967040512703,350656.879907587,0.16842112898000117,350656.879907587,0.16842112898000117,0.0,FORTRESS,True,True,1.142677620951703,0,,16107.533594435998,0.007736477304461153,30.0
110,78,59,113,81,Reliquary,2026-10-10,9254150,0.005659815,0.00565968407317996,2.3133238242133568e-05,IN BAND,False,True,6.6985e-05,17261.364713081,2569748.559414469,1.0,3049810.79129229,953365.402993362,-0.010295262693937652,-5428.446869232226,,0.0,,,,0.010198300246016818,-3.4405517291781305,0.00028145439861262505,-5.199005638826925,-1.7581724552501816,-1.7584539096487943,1.0226681479680657,1.7686522098948112,1,0.21930710285602736,SKIN_IN_GAME,1598.6901472420432,1597.699165323984,0.0003356984817273201,0.006717141507811213,0.1868129095758805,5GnpQR4N...,135561.342018864,0.22061396119115276,BUYBACK_JUSTIFIED,,False,5203057,0.5245981713553036,237,5H47sFL6...,0.179995422293431,4.595348764091708,3.7682070227134243,0.0537142159555637,,COUNTER,908004.162294448,0.0,0.0,DIVERGENT,-0.7987833572719697,1.2328239186483565,1295.967040512703,445801.765689755,0.17348069485496015,442180.427099647,0.17207147581800772,3621.3385901079746,FORTRESS,True,True,1.6147935827083826,0,,15941.239535910998,0.006203423863206015,30.0
111,79,1,2,51,lium.io,2026-10-10,9254150,0.103251854,0.10216487944126129,0.010639415077699553,IN BAND,False,False,0.01431099,172926.121939573,4427192.416614267,1.0,1674799.231171391,2247304.708166599,0.015805744069074572,-19639.57713580411,DISTRIBUTING_PRE_EMA,0.0,,0.15307951825324678,0.15307951825324678,0.21748756809073716,5.138310890629282,0.12944621677867788,3.0756639936589045,-1.9332006801916997,-2.0626468969703775,0.5936041971290205,2.280134465061115,1,0.0,,0.0,0.0,0.0007171740291447293,0.039059996870842974,-0.6217017384419754,5FqACMtc...,216.588029224,0.0,,,False,3966206,0.8325494747129245,47,5Exx2Vce...,0.179995422293431,19.962934078952564,16.36969732919557,0.0,,COUNTER,1233976.156315166,47834.295633396,0.0,DIVERGENT,1.0,0.0,1295.967040512703,534269.653705759,0.12067911295220961,532005.088523405,0.12016760024409791,2264.565182353952,DORMITORY,True,True,1.054160589312558,0,,17409.53828355299,0.003932410576558378,30.0
112,81,18,114,28,SayGM,2026-10-10,9254150,0.024156202,0.023652339819818735,0.021302847160984514,IN BAND,False,False,0.003261443,24386.688037172,5280700.627775482,1.0,1009541.542297718,6646877.754028059,-0.0018433106521580824,-29998.140782063478,,0.0,,,,0.3514652006428809,5.777313693067773,0.2591846404586449,3.495576792193158,-2.0225522604159702,-2.2817369008746153,0.4976612357415642,2.633202101517496,1,0.0,,1.4467897440772504,0.0,0.0005340657663843729,0.004618078121850471,-0.8088243291784664,5CA6rwAy...,3269870.636988161,0.3296444890881755,BUYBACK_GAMING,,False,4878363,0.3917557251908398,219,5FHBJCMk...,0.179995422293431,2.604966209544644,2.1360842165975376,0.0,,COUNTER,1419500.128803665,33762.848582854,0.0,DIVERGENT,0.9958282307851607,0.0,1295.967040512703,347939.582424707,0.06588890508100591,347934.911035291,0.0658880204655457,4.671389416034799,DORMITORY,True,True,0.5436950876105255,,,39229.85367615,0.007428910752828597,30.0
113,80,63,115,78,Umi,2026-10-10,9254150,0.003647168,0.0036208152305334806,0.00727813152250708,IN BAND,False,True,5.1187e-05,1439.951298476,1141927.606568559,1.0,394813.655553271,192093.53833486,0.0001379181554245564,-374.9452201045933,DISTRIBUTING_PRE_EMA,0.0,,,0.0378151364084562,0.09341943449224376,-15.696880044131067,0.0885506001905028,-17.974865110400135,-2.189434466078565,-2.2779850662690677,2.301371807532547,2.3714045007613116,1,0.11701661712002531,MINER_BURN_ONLY,858.758564770993,854.3441907723663,0.001495384145876244,0.0012609829994416097,-0.6542569469128898,5GvYz1tB...,483335.596213828,0.0,,,False,7966145,0.30667665082445716,200,5E2LP6En...,0.0,0.8782077358600546,0.8782077358600546,0.702089023850579,,COUNTER,97554.466244734,8107.779671713,0.0,DIVERGENT,-0.6451006654981623,0.6592329620006196,1295.967040512703,53944.146252359,0.04723954998728749,53944.146252359,0.04723954998728749,0.0,FORTRESS,False,True,0.315153091157464,,,35515.66053640899,0.031101499194972567,30.0
114,82,29,116,62,Ridges,2026-10-10,9254150,0.00946917,0.009463539579883218,0.0005949592189323712,IN BAND,False,False,0.0013912,28390.690498949,2702800.371742378,1.0,2998223.526317896,4400544.818665488,-0.02595581615076601,-10124.315227161627,,0.0,,,,0.12877719899540116,-4.634209977499336,0.007238670497010516,-6.956769830233753,-2.3153211822374073,-2.322559852734418,0.9723248625668357,2.4513370517298188,1,0.013663078405702548,MINER_BURN_ONLY,113.54790474899346,112.8271906267687,0.0002441443503471419,0.010504175889485599,0.109302704406574,5DhsVYew...,1253.237884251,0.0,,,False,4474225,0.1349379569285245,124,5E7LyLGG...,,14.417774987978696,14.417774987978696,0.0,,COUNTER,196323.396091766,170982.004100011,0.0,DIVERGENT,0.676721650478717,0.08706023154889236,1295.967040512703,147674.601595412,0.05463762812057504,147674.601595412,0.05463762812057504,0.0,DORMITORY,True,True,0.35398795037517883,,,16994.06391684901,0.006287576431659906,30.0
115,83,52,12,67,Harnyx,2026-10-10,9254150,0.003393423,0.003393370658159256,1.5424734288362068e-05,IN BAND,False,False,0.000155766,2638.052996207,1014767.83452007,1.0,777401.665712749,69253.058365058,0.00015566218436049352,-160.88171614252497,DISTRIBUTING_PRE_EMA,0.0,,0.04587173021473996,0.04587173021473996,0.15517241260451134,-2.4229743864603237,0.00018766760050840516,-4.809135175586382,-2.3859731215255504,-2.386160789126059,2.5897549277790235,2.5413332017305703,1,0.0071490658088963635,SKIN_IN_GAME,56.80896849301644,53.83602273883929,0.0010070954451819603,0.00259966162354235,-0.23391170993349483,5HEAv3TU...,1126424.423473748,3.7085660312840947,BUYBACK_GAMING,,False,7236936,0.01192931005514064,246,5HGnF3Wr...,0.0,0.6974296817703483,0.6974296817703483,0.008545573850544018,,COUNTER,281459.290996177,6279.314248273,0.0,DIVERGENT,0.9158466098528304,0.04154119746559372,1295.967040512703,522.283347221,0.0005146825997574229,522.283347221,0.0005146825997574229,0.0,NEITHER,False,True,0.0048275597230671525,,,32345.195112171004,0.03187447809426135,30.0
116,86,74,117,47,GPUForge,2026-10-10,9254150,0.001739945,0.001724745612591505,0.008812538670938907,IN BAND,False,True,1.162e-05,996.125169458,1596932.580029981,1.0,572503.611455254,54926.62914677,1.9567391779975152e-05,-5018.005483056651,DISTRIBUTING_PRE_EMA,0.0,,,0.011245982936227958,0.030656147376153176,-5.666406358115047,0.10721922049642336,-8.389391077599193,-2.6157654989877215,-2.722984719484145,1.6456549467796955,2.753640866860298,1,0.0,,0.0,0.0,0.0,0.0006237740916021005,-0.6414978107916627,5D7yqC9y...,1114903.24479042,0.3145243729977171,BUYBACK_GAMING,,False,7340355,1.0,1,5E2LP6En...,0.0,0.602424847517135,0.602424847517135,0.23235976316913876,,COUNTER,682725.854146639,52.790049364,0.0,DIVERGENT,1.0,0.0,1295.967040512703,71746.360346988,0.044927607617374195,1082.01056104,0.0006775555678247145,70664.349785948,NEITHER,False,False,0.5499149914938327,,,26690.121667777,0.016713367866335295,30.0
117,84,69,118,40,Ralph,2026-10-10,9254150,0.002240367,0.0022603338584303856,-0.008833588169249857,IN BAND,False,True,3.3843e-05,1375.733157149,497803.735439095,1.0,614066.000645645,81385.139643274,-1.8552276038102824e-06,3503.008858598885,ACCUMULATING_PRE_EMA,0.0,,,,0.0646487318691319,-4.12498145895232,-0.10747532272587325,-6.641855239161629,-2.6243491029351826,-2.5168737802093095,5.279188991384194,2.5815225120784415,1,0.0,,0.0,0.0,0.0,0.002763605532078851,0.233550365667255,5HeKCDfd...,830290.042288019,,,,True,8409860,0.0,6,5E2LP6En...,0.0,0.813082766268867,0.813082766268867,0.23480131843984617,,COUNTER,22349.634720453,0.042920633,0.0,DIVERGENT,1.0,0.0,1295.967040512703,22427.898380107,0.045053696433844846,22427.898380107,0.045053696433844846,0.0,DORMITORY,False,True,0.35864230304655226,,,49196.514255855,0.09882712955631098,30.0
118,85,47,9,122,CookingTAO,2026-10-10,9254150,0.004420004,0.004431541310623288,-0.00260345324901541,IN BAND,False,False,0.00029742,1426.937146535,912552.912189916,1.0,322836.175029849,60098.260696835,0.0003625880589275153,-568.983014747675,DISTRIBUTING_PRE_EMA,0.0,,0.08203342325652088,0.08203342325652088,0.54776046856583,-1.1069810074775888,-0.031675347863020814,-3.7542330865099185,-2.678927426895351,-2.64725207903233,2.8798330101138,3.19501254759816,1,0.03840355402502475,SKIN_IN_GAME,295.2016453160322,295.11155605075413,3.0518043793392735e-05,0.0015636760646686018,-0.646227454846511,5F3uH1G4...,516330.017431104,6.859849037427993,BUYBACK_GAMING,,False,8238082,1.0,0,5CfPqfaz...,0.179995422293431,0.9490061249130896,0.7781893667003055,0.35477324055423304,,COUNTER,390901.040390447,4689.887542556,0.0,OK,0.11813136198405332,0.22771532517833462,1295.967040512703,136335.233868615,0.14939981238067826,136335.233868615,0.14939981238067826,0.0,DORMITORY,False,True,1.5758203403606028,0,,44702.59800889101,0.048986307984722886,30.0
119,87,92,119,65,True Performance Network,2026-10-10,9254150,0.00219862,0.0021711084991693497,0.012671637940331456,IN BAND,False,True,1.15e-07,5682.274005408,3487205.144641947,1.0,2584472.82159543,309949.967061059,-0.00012719120635281114,-28453.020968731027,,0.0,,,,5.3186453119361655e-05,4.95252346026211,0.15417159494069937,1.2149255697530341,-3.583426295568377,-3.7375978905090763,0.7536121022412156,3.737651076962196,1,0.2920959808314315,SKIN_IN_GAME,2103.3363074229565,2103.2011735250394,4.57770656900891e-05,0.001629463644872959,-0.2588698161242239,5GxEEHxL...,1556112.012957512,0.3674639664974256,BUYBACK_GAMING,,False,4950813,0.7500305194408838,0,5DAmVrUg...,0.179995422293431,0.8453474663703513,0.6931887921763379,0.47088986219421003,,COUNTER,1081123.495805793,0.0,0.0,DIVERGENT,-0.8545083614552206,1.6228816843158163,1295.967040512703,171794.150223016,0.04926413649250772,171794.150223016,0.04926413649250772,0.0,FORTRESS,True,True,0.3966783076353517,,,21673.55785243599,0.006215165713934891,30.0
120,88,45,120,111,Claims,2026-10-10,9254150,0.004657105,0.004404925741255283,0.057249377982215965,IN BAND,False,False,0.00042562,5806.69357254,3710100.484920451,1.0,1246846.139305736,215440.926927663,-0.0020882893709760026,-63308.60725621111,,0.0,,,,0.1926275850493564,3.72385143646711,0.6965340987836276,-3.1822795911251,-6.209596928808582,-6.90613102759221,0.7083366099331802,7.098758612641566,1,0.0,,0.0,0.0,4.57770656900891e-05,0.0015651041248454225,-0.6639319652776945,5CGTryXj...,2743606.132247093,0.12138664856858077,,,False,5615562,0.8951657205639992,111,5CsvRJXu...,0.0899977111467155,0.34800964012640356,0.3166895690580351,0.01918117589611341,,COUNTER,740965.029909176,0.371911999,0.0,DIVERGENT,1.0,0.0,1295.967040512703,1221.604957048,0.00032926465523323763,1221.604957048,0.00032926465523323763,0.0,NEITHER,True,True,0.0025835843826275315,,,16340.699347588,0.004404381879683338,30.0
121,89,42,121,48,Quantum Compute,2026-10-10,9254150,0.004752639,0.004577557323500514,0.03824783921342556,IN BAND,False,False,0.000487556,11454.661264869,3620797.170923424,1.0,2410168.315600436,698284.162919458,-0.0027008449742481964,-66152.981155416,,0.0,,,,0.11185814563802847,9.037258501386049,0.46534871043001097,1.5690048722306855,-7.002904918725352,-7.468253629155363,0.7258070187151003,7.580111774793392,1,0.0,,0.0,0.0,3.0518043793392735e-05,0.003163574407551716,-0.3343541540706719,5GNH5YMk...,48076.616977655,0.012498150101996824,,,False,3856677,1.0,10,5F7SXJdP...,,15.36489139028043,15.36489139028043,0.0,,COUNTER,695787.663304268,0.0,0.0,DIVERGENT,1.0,0.0,1295.967040512703,101862.559282014,0.02813263336041429,101862.559282014,0.02813263336041429,0.0,DORMITORY,True,True,0.20043713311369496,,,12165.064493401003,0.0033597751873791115,30.0
122,90,21,122,75,Hippius,2026-10-10,9254150,0.017412271,0.017056166660040617,0.0208783337462144,IN BAND,False,False,0.002531132,33744.858290668,3834470.970068276,1.0,1937992.998286161,1597560.453004811,-0.01292806119265099,-90019.21986215748,,0.0,,,,0.19712084249112202,3.1501267827826993,0.25401972724560856,-6.00522797750595,-8.90133503304304,-9.155354760288649,0.685361819274174,9.352475602779771,1,0.0,,0.0,0.0,0.0023346303501945442,0.008800394775206017,-0.49458661795431413,5DAQpczE...,1559699.40402978,0.06841899468046422,,,False,5102795,0.0,0,5G1Qj93F...,0.0,0.2868896764576449,0.2868896764576449,0.40100415089732633,,COUNTER,784604.879643725,0.0,0.0,DIVERGENT,1.0,0.0,1295.967040512703,553097.92065108,0.144243606215444,552609.767120331,0.1441162995975143,488.1535307490267,DORMITORY,True,True,1.0864467649339953,0,,44902.209796621035,0.011710144671096967,30.0
123,91,41,123,21,AdTAO,2026-10-10,9254150,0.005052135,0.004863406764343381,0.03880576821998557,IN BAND,False,False,0.000601669,9150.603683455,4352204.602505797,1.0,1811235.005403216,629491.885029672,-0.0017317969702688176,-110617.82668264839,,0.0,,,,0.17279582710580146,23.916859799872903,0.4721368466764911,13.89601930621224,-9.54870364698417,-10.020840493660662,0.6038319059004993,10.193636320766464,1,0.0,,0.0,0.0,0.00016784924086366004,0.002102521484901355,-0.5838350549022631,5HjCYVfr...,2231429.433068977,0.09094865155187741,,,False,3156578,1.0,19,5G3pK6vu...,,18.723000669102085,18.723000669102085,0.0,,COUNTER,834653.38669571,0.0,0.0,DIVERGENT,1.0,0.0,1295.967040512703,11674.019040462,0.0026823231228009464,11674.019040462,0.0026823231228009464,0.0,NEITHER,True,True,0.01850362503895714,,,13254.056599311005,0.003045366155736322,30.0
124,92,85,124,16,kenju,2026-10-10,9254150,0.000949758,0.0008842223323881626,0.07411672970850507,IN BAND,False,True,8.09e-07,327.982361251,585666.329216947,1.0,345332.487372995,81414.745303258,0.000900611716787907,-15138.156258233881,DISTRIBUTING_PRE_EMA,0.0,,,0.9482538886620665,0.0064822144455901525,-5.05057105200884,0.9017535447868116,-19.315803862479463,-13.363479265683813,-14.265232810470625,4.48719666625485,14.271715024916215,1,0.0,,0.0,0.0,0.0,0.000560015737441355,-0.4103595469147351,5FkKY8WJ...,657866.536556574,1.5476102266658054,BUYBACK_GAMING,,True,8460646,1.0,1,5E2LP6En...,0.0,0.7270555917584842,0.7270555917584842,0.4480490745120779,,COUNTER,63578.799840379,0.04568655,0.0,DIVERGENT,1.0,0.0,1295.967040512703,7333.737256624,0.012522040094791555,0.0,0.0,7333.737256624,NEITHER,False,False,0.0710424340059153,,,55818.551747232,0.09530776990690763,30.0
125,125,125,125,59,SN59,2026-10-10,9254150,0.005123504,0.0,,N/A,False,True,0.0,530.400360341,0.0,0.0,103522.952353776,1.384702197,,,,,,,,,0.007705268844455041,,0.007705268844455041,,,,,,,,,,0.0,,,5GzrQ2fe...,364397.288953691,,,,True,8938771,1.0,0,5FKjMupT...,,0.0,0.0,0.0,,,0.0,0.0,,NO_ESTIMATE,,,,0.0,,0.0,,0.0,,False,,,,,0.0,,30.0
126,126,126,126,82,SN82,2026-10-10,9254150,0.024680785,0.0,,N/A,False,True,0.0,1481.958770461,77414.437806478,0.0,60045.040397436,853.676685748,,0.0,,,,,,,236.65747965939815,,236.65747965939815,,,0.0,0.0,1,,,0.0,,0.0,0.019143183267256,-0.22436894664185117,5GGrRdUa...,595140.017616548,,,,True,9155260,1.0,0,5Hn6PHyj...,,0.0,0.0,0.0,,COUNTER,0.0,0.0,0.0,OK,0.0,,,0.0,0.0,0.0,0.0,0.0,,False,,,,,0.0,0.0,30.0
127,127,127,127,86,SN86,2026-10-10,9254150,0.005989978,0.0,,N/A,False,True,0.0,709.206653218,0.0,0.0,118398.856999575,2.125984345,,,,,,,,,0.0,,0,,,,,,,,,,0.0,,,5DGneGQE...,278969.526896666,,,,True,8693284,1.0,0,5F1N5GEH...,,0.0,0.0,0.0,,,0.0,0.0,,NO_ESTIMATE,,,,0.0,,0.0,,0.0,,False,,,,,0.0,,30.0
128,128,128,128,92,SN92,2026-10-10,9254150,0.004516736,0.0,,N/A,False,True,0.0,884.801256262,0.0,0.0,195893.938124794,0.4242307,,-242573.3890648276,,,,,,,116.35933932276497,,116.35933932276497,,,,-365.0,1,,,0.0,,0.0,,,5GMxpAvB...,726976.694095112,0.0,,,True,9247819,1.0,0,5Dvv3Mb6...,,0.0,0.0,0.0,,COUNTER,0.0,0.0,0.0,DIVERGENT,1.0,,,0.0,,0.0,,0.0,,False,,,,,0.0,,30.0
