combined_apy_rank,real_apy_rank,emission_rank,epr_rank,netuid,name,date,block,spot_price,moving_price,momentum_30d,ema_band,ema_lag_flag,low_emission,tao_emission,tao_reserves,alpha_outstanding,alpha_out_emission,alpha_in_pool,volume,ema_tao_inflow,pool_growth_real,pool_ema_divergence,flow_momentum,flow_price_divergence,emission_price_ratio,emission_price_ratio_raw,emission_apy,price_apy_7d,price_apy_30d,combined_apy_7d,combined_apy_30d,real_apy,gross_emission_rate,net_supply_delta,supply_days_gap,supply_defence,supply_defence_quality,burned_tokens,manual_burn,miner_burn_rate,liquidation_price,liquidation_haircut,owner_coldkey,owner_stake,owner_inflow_pct,owner_inflow_flag,large_entry_anomaly,immune,registered_at,vali_miner_share,best_validator_uid,best_validator_hotkey,best_validator_take,best_validator_raw_apy,best_validator_apy,best_validator_div_pct,best_validator_trust,burned_source,alpha_burned_cum,alpha_recycled_cum,recycled_tokens,recon_flag,recon_gap_relative,burn_coverage,owner_cut_emission,total_locked_alpha,locked_float_ratio,owner_locked_alpha,owner_lock_ratio,community_locked_alpha,commitment_class,gate_eligible,leader_is_owner,leader_pct_of_threshold,leader_blocks_to_threshold,governance_flag,basket_alpha,basket_share,ema_halving_days
1,1,64,15,106,Nodexo,2026-09-23,9131577,0.002316259,0.0023967826273292303,-0.03359654997956939,IN BAND,False,True,4.013e-05,5863.042391575,2372082.343582738,1.0,2531254.876062202,363752.260492748,-0.0008091572467977437,108251.7137154038,ACCUMULATING_PRE_EMA,0.0,,,,0.0179875281392379,-3.897886849337234,-0.40875802475142753,11.020807026180552,14.50993585076636,14.918693875517787,1.107887340888314,-14.900706347378549,1,0.0,,0.0,0.0,9.15541313801782e-05,0.0024716858617646453,0.06710253981296783,5CTdHCps...,956348.576131544,,,,False,5558480,0.34619786659341667,31,5E4vCZrj...,0.0,0.450648458878592,0.450648458878592,0.02478367695759,,COUNTER,838637.534343767,0.0,0.0,OK,1.0,0.0,1295.967040512703,328994.679810891,0.13869446003884717,328994.679810891,0.13869446003884717,0.0,DORMITORY,True,True,1.3869446003884756,0,,13094.615955561998,0.005520304128980697,30.0
2,2,67,16,98,NeverPlayAlone,2026-09-23,9131577,0.002226999,0.0023659539874643087,-0.058731060790084375,IN BAND,False,True,3.814e-05,4641.52464604,2808039.122670124,1.0,2084205.835871337,207460.53836756,-0.001032365332540136,107337.1324718201,ACCUMULATING_PRE_EMA,0.0,,,,0.021594611177065414,-6.390698132820492,-0.7145612396126931,6.187817911336462,11.86395480454426,12.578516044156954,0.9358843966180473,-12.55692143297989,1,0.0,,0.0,0.0,0.0,0.0016529415878032503,-0.2577717422400053,5EWzZCNs...,1469544.822208806,,,ENTRY_PRE_EMA_PATTERN,False,5445992,1.0,153,5E2LP6En...,0.0,0.4607706439398863,0.4607706439398863,0.23617469327961912,,COUNTER,1255490.393926426,0.181595662,0.0,OK,1.0,0.0,1295.967040512703,428505.853837129,0.15259967369317454,428505.853837129,0.15259967369317454,0.0,DORMITORY,True,True,1.5259967369317455,0,,12949.661563285996,0.0046116385839284,30.0
3,3,79,17,16,kenju,2026-09-23,9131577,0.001157865,0.0012451789807528257,-0.07012163078759688,IN BAND,False,True,2.983e-06,361.922540726,495654.645988781,1.0,312577.423941195,78041.397746434,0.000900611716787907,22850.726109843643,,0.0,,,0.7778210039926132,0.021660225926450106,6.667471453828292,-0.853146507915762,17.8693132301505,10.348695268406447,11.201841776322208,5.302078818927249,-11.180181550395758,1,0.0,,0.0,0.0,0.0,0.0007301909578674504,-0.369364340516856,5FkKY8WJ...,609357.955324115,,,,True,8460646,1.0,1,5E2LP6En...,0.0,0.784188023717399,0.784188023717399,0.44319655745960046,,COUNTER,63578.799840379,0.04568655,0.0,OK,1.0,0.0,1295.967040512703,7333.737256624,0.014796062774704622,0.0,0.0,7333.737256624,NEITHER,False,False,0.12481453573058264,,,48115.10788325399,0.09707385630829549,30.0
4,5,84,18,43,Graphite,2026-09-23,9131577,0.004180514,0.00422263634391129,-0.009975366212159737,IN BAND,False,True,7.58e-07,12634.406315337,3039244.748018486,1.0,3022213.007404617,158568.81848919,-0.0008349041341164327,84100.7717451062,ACCUMULATING_PRE_EMA,0.0,,,,0.00015766660896300818,-3.1279286850288797,-0.12136695558127679,5.883250238315928,8.889811967763531,9.011178923344808,0.864688505824808,-9.011021256735845,1,0.32511227693975725,MINER_BURN_ONLY,2341.36802644399,2341.232892546073,4.57770656900891e-05,0.004157087488124912,-0.005603739605964113,5HjMs5JD...,2839512.019833422,,,ENTRY_PRE_EMA_PATTERN,False,3408582,0.20921076725874388,108,5ERVu5z1...,,8.766137046390703,8.766137046390703,0.0,,COUNTER,957883.716753965,0.0,0.0,DIVERGENT,-0.9863104817216626,1.8065528052471518,1295.967040512703,3451.069241962,0.0011355022474619767,3451.069241962,0.0011355022474619767,0.0,EXPOSED,True,True,0.011355022474619766,,UNDEFENDED_BURNER,10777.271580258,0.003546036095738759,30.0
5,4,73,19,103,Capcomp,2026-09-23,9131577,0.001430918,0.0015671991277486086,-0.08695839943733634,IN BAND,False,True,7.462e-06,362.941278867,234233.613070366,1.0,253642.206826497,36644.297784841,,13230.894278754597,,,,,,0.05403115363790335,-18.10252507230437,-1.0579938598209253,-8.898809591384602,8.145721621098843,9.203715480919769,11.21956821462052,-9.149684327281866,1,0.0,,0.0,0.0,0.0,0.0015494841842275172,0.08286022275736081,5H3SQ4du...,1071972.137515351,,,,True,8762380,0.0,1,5E2LP6En...,0.0,0.9508755658985534,0.9508755658985534,0.036149726092197826,,COUNTER,60139.256694016,0.014698804,0.0,OK,1.0,0.0,1295.967040512703,0.0,0.0,0.0,0.0,0.0,NEITHER,False,,,,,66200.91398164102,0.2826277284198047,30.0
6,6,33,2,61,RedTeam,2026-09-23,9131577,0.008883246,0.009563483064994216,-0.07112858990508687,IN BAND,False,False,0.001224359,12358.385758173,4750166.355932858,1.0,1391201.517212797,805722.372264196,0.001606769924520486,87861.06617250014,,0.0,,0.18087644139546358,0.18087644139546358,0.26035887817080694,-23.771358361614915,-0.8653978438452236,-17.469599648564213,5.436360869205477,6.301758713050701,0.5532437820241144,-6.041399834879893,1,0.0,,0.0,0.0,0.000869764248111693,0.002601674306150907,-0.7071257166410897,5ECEsYL8...,,,,,False,4457976,0.0034057240599896232,69,5HbLhpEA...,,2.148815818800218,2.148815818800218,0.0,,COUNTER,808370.14496251,0.0,0.0,DIVERGENT,1.0,0.0,1295.967040512703,1021287.884224886,0.21500044581582262,1021287.884224886,0.21500044581582262,0.0,DORMITORY,True,True,2.150004458158226,0,,29372.956106085,0.006183563670227842,30.0
7,7,1,20,90,KubeTEE,2026-09-23,9131577,0.023004045,0.022894767113029957,0.004773050821200591,IN BAND,False,False,0.013364304,2760.564519493,346127.718899746,1.0,120003.442558028,88059.97876765,,3887.0349269950966,,,,,,12.722539416847367,-16.660306645148793,0.05807211832460719,-11.662463694644542,5.055915068828859,4.997842950504252,7.592573077804224,7.724696466343115,1,0.0,,0.0,0.0,1.5259021896696368e-05,0.007975566153060923,-0.6532972286803941,5C9y6fnL...,438165.402331633,0.36934789399581436,BUYBACK_GAMING,,True,8618670,0.11981566820276501,0,5EKtGWqs...,0.179995422293431,1.2357827827261303,1.013347538886389,0.3827348888312401,,COUNTER,0.0,115129.139740838,379.3035938630055,OK,-0.15013131135681787,0.0,1295.967040512703,78136.760684977,0.22574545873804713,78136.760684977,0.22574545873804713,0.0,DORMITORY,False,True,2.2574545873804714,0,,58726.89405068699,0.16966827804882312,30.0
8,8,74,21,13,Data Universe,2026-09-23,9131577,0.005122807,0.005184392211958766,-0.011878964677230278,IN BAND,False,True,6.994e-06,19123.886252315,2373108.683170819,1.0,3733087.153595707,970984.505315143,-0.0029832593986156373,39068.529333661776,ACCUMULATING_PRE_EMA,0.0,,,,0.0009611138529845116,-4.186926699740726,-0.14452740357296837,0.654558181622539,4.696957477790297,4.841484881363265,1.107408193580333,-4.840523767510281,1,0.2872898134622465,MINER_BURN_ONLY,2078.923356389045,2071.3108134730455,0.002578774700541797,0.008058580033832542,0.5730789845942941,5HBswBt1...,3145.215821049,,,,False,1907637,0.704402900590521,247,5E2LP6En...,0.0,0.4201654269582733,0.4201654269582733,0.16036929650541737,,COUNTER,680926.471623986,0.0,0.0,DIVERGENT,-0.9829263942411053,1.5982742992087247,1295.967040512703,93697.039216446,0.03948282684265986,93697.039216446,0.03948282684265986,0.0,FORTRESS,True,True,0.39482826842659857,,,11118.130654862996,0.004685049080856909,30.0
9,9,71,22,82,Compelle,2026-09-23,9131577,0.001945895,0.001986708026379347,-0.020543041975687827,IN BAND,False,True,1.9139e-05,1231.813411747,716575.802048049,1.0,633031.763349723,121720.919362351,0.0004909697292762227,16380.54160745861,,0.0,,,0.25231049428474955,0.04083190807986631,-1.3046478146170881,-0.2499403440375352,3.335669216700776,4.390376687280329,4.640317031317864,3.66744173120122,-4.599485123237998,1,0.0,,0.0,0.0,0.0,0.001719027363506202,-0.11658780997628235,5H6h1PUD...,382408.276134644,,,ENTRY_REPEATED,False,8026517,0.0,5,5E2LP6En...,0.0,0.7684969783504569,0.7684969783504569,0.4325957576682436,,COUNTER,51466.221683119,7195.897335065,0.0,OK,1.0,0.0,1295.967040512703,744.314271862,0.0010387097495263885,744.314271862,0.0010387097495263885,0.0,NEITHER,False,True,0.010387097495263885,,,38507.686642260975,0.053738469164325606,30.0
10,10,88,23,20,Witness,2026-09-23,9131577,0.00244121,0.0024878215044736862,-0.018735871681255158,IN BAND,False,True,2.64e-07,6611.763950439,3257718.410015618,1.0,2708396.214747268,288057.271793996,-0.0009316292818717833,48478.15730139613,ACCUMULATING_PRE_EMA,0.0,,,,0.00010493296572602753,-2.6286323321110046,-0.22795310545527106,1.9419260897238169,4.34260531637955,4.570558421834821,0.8066995575554982,-4.570453488869095,1,0.297858920880972,MINER_BURN_ONLY,2144.8616299540736,2144.8165853214346,1.5259021896696368e-05,0.002029568894018468,-0.16862175150090816,5CFVA7aP...,1470168.048920134,,,ENTRY_REPEATED,False,1970929,1.0,240,5ED4s3B3...,0.179995422293431,0.9546743618096722,0.7828373469030285,0.5755467045125059,,COUNTER,1420132.237495543,0.0,0.0,DIVERGENT,-0.9850679888946833,1.6549931582155935,1295.967040512703,535981.226680369,0.1645265671313192,529939.421737523,0.16267195473625434,6041.804942845949,FORTRESS,True,True,1.6267195473625455,0,,10338.973573001002,0.003173685466863735,30.0
11,11,63,24,60,Bitsec.ai,2026-09-23,9131577,0.003886816,0.004072798183187842,-0.04566447312699184,IN BAND,False,True,5.9242e-05,6871.268371991,3957965.891425124,1.0,1767839.727221686,962718.292301229,0.00042835187573598795,53882.894548159325,,0.0,,,0.11020636833232855,0.022657822045580832,-4.322920248052332,-0.5555844230450673,-0.051458603866547215,3.715877221140718,4.271461644185785,0.6639774247912353,-4.2488038221402045,1,0.1416080543225784,MINER_BURN_ONLY,1035.1632813829929,1035.1182367503538,1.5259021896696368e-05,0.0017360605322237627,-0.553346355416937,5CXLwkK1...,145015.687589614,,,ENTRY_REPEATED,False,4796992,0.8505050813318278,113,5CXLwkK1...,0.179995422293431,2.600566813222554,2.1324766914742783,0.0,,COUNTER,690662.308630625,0.0,0.0,DIVERGENT,-0.9590550466523051,0.7987226560490661,1295.967040512703,1055096.879334742,0.2665755360905444,1055096.879334742,0.2665755360905444,0.0,FORTRESS,True,True,2.6657553609054445,0,,10323.847548969008,0.002608372035579052,30.0
12,13,78,25,10,Pareton,2026-09-23,9131577,0.006241005,0.0063451179303228855,-0.016408352290086987,IN BAND,False,True,2.999e-06,16281.222280044,3393755.793594863,1.0,2608749.719146197,1005459.592048496,0.0019830543029549486,40591.01008108677,,0.0,,,0.3177459884994402,0.0004840774153461592,-8.193199700505156,-0.199634952862725,-4.633406666772242,3.3601580808701894,3.5597930337329142,0.7743633189400084,-3.559308956317568,1,0.3316146962395175,MINER_BURN_ONLY,2388.8184388650116,2388.7733942323725,1.5259021896696368e-05,0.004797405373354217,-0.23130883994577528,5HK5714c...,751604.945392369,,,ENTRY_REPEATED,False,2869647,0.8035065767387921,201,5GKbzKzG...,0.179995422293431,1.4747864296401612,1.2093316234444589,0.22526248321328288,,COUNTER,836264.491375329,0.0,0.0,DIVERGENT,-0.9862875055066053,1.8432362240380278,1295.967040512703,59151.596861099,0.01742953838126408,19803.967516388,0.005835413247401189,39347.62934471101,FORTRESS,True,False,0.06620923000172511,,,21080.040074554996,0.006211419252481274,30.0
13,12,27,26,49,Nepher Robotics,2026-09-23,9131577,0.006580603,0.006800617324188352,-0.03235211065410304,IN BAND,False,False,0.00166621,3925.477251268,2299145.399955699,1.0,596522.496066041,165225.397492485,-3.683535129229573e-05,25013.570653799106,ACCUMULATING_PRE_EMA,0.0,,,,1.115482169355476,-9.480088648437963,-0.39361734629158696,-5.836242746299524,3.250228555846852,3.643845902138439,1.143033407130596,-2.528363732782963,1,0.0,,0.0,0.0,1.5259021896696368e-05,0.0017073636366554449,-0.7405460203790679,5FL781vf...,1736709.075892027,,,,False,6783158,0.9906765953550829,7,5E2LP6En...,0.0,0.8539432444084599,0.8539432444084599,0.0023958857910238215,,COUNTER,790069.490844123,837.682351088,0.0,DIVERGENT,1.0,0.0,1295.967040512703,466379.245096928,0.20284895644525758,466379.245096928,0.20284895644525758,0.0,DORMITORY,False,True,2.028489564452576,0,,21703.652377167007,0.009439878129319356,30.0
14,15,13,27,3,Teutonic,2026-09-23,9131577,0.029810701,0.03027934697456658,-0.015477413530754939,IN BAND,False,False,0.004126509,81586.654649403,3373883.787045036,1.0,2736824.39082682,3532906.436118851,-0.03954664999786193,37019.84087475855,ACCUMULATING_PRE_EMA,0.0,,,,0.13291960184666493,-1.366781131986371,-0.18830853129085176,1.8652328360723958,3.043705436767915,3.2320139680587667,0.7789242801103393,-3.099094366212102,1,0.0,,0.0,0.0,7.629510948348184e-05,0.024181821247868,-0.1888207778854982,5GsGUrd2...,3272757.564342315,,,ENTRY_REPEATED,False,4165565,0.19999999999999996,217,5FeKsRjZ...,0.09999237048905166,0.30640248224064637,0.2757645717176746,0.005645924253059481,,COUNTER,578475.334942498,0.0,0.0,DIVERGENT,1.0,0.0,1295.967040512703,387480.997943605,0.11484716795268585,387372.548309228,0.11481502409675534,108.44963437702972,DORMITORY,True,True,1.1481502409675544,0,,22239.859929678994,0.006591768221263315,30.0
15,14,76,28,99,Thirty Spokes,2026-09-23,9131577,0.001462942,0.0015335467178374529,-0.046040147989111685,IN BAND,False,True,3.581e-06,474.934245488,385544.094188689,1.0,324643.214415346,32482.304416177,,10583.93986466201,,,,,,0.01981509669897616,-15.128116790417952,-0.5601551338675255,-11.601123258943273,2.966838397607153,3.5269935314746785,6.816340957135324,-3.5071784347757022,1,0.06134389286462455,MINER_BURN_ONLY,442.8024693130137,442.7574246803747,1.5259021896696368e-05,0.0012318545469809806,-0.15796077562816535,5DebFXsw...,1062419.914755951,,,,True,8572056,1.0,229,5E2LP6En...,0.0,0.8622838307641076,0.8622838307641076,0.026673177282021544,,COUNTER,94562.035962445,0.012273672,0.0,OK,-0.15505818038153907,0.34164250389054146,1295.967040512703,0.0,0.0,0.0,0.0,0.0,EXPOSED,False,,,,,55790.82338231601,0.14470672543880658,30.0
16,16,35,29,11,TrajectoryRL,2026-09-23,9131577,0.007808758,0.007907175924628973,-0.012446659283553402,IN BAND,False,False,0.001099033,20313.680860581,3392404.437144579,1.0,2601397.141617959,1015924.48452738,-0.004553696919034271,33493.55472547328,ACCUMULATING_PRE_EMA,0.0,,,,0.1421829329614363,-6.520173694860307,-0.15143435461656637,-3.5624914399117187,2.8062479003320218,2.957682254948588,0.7746717847745813,-2.815499321987152,1,0.0,,0.0,0.0,0.0,0.005987989120094192,-0.23317009950952602,5D2Jhtbn...,2046960.604341563,,,,False,2918568,1.0,189,5GgqDcxk...,0.0,0.36290752855577046,0.36290752855577046,0.14996184953456432,,COUNTER,1146672.996281127,54096.465498293,1050.0,OK,0.03758564670466554,0.0,1295.967040512703,46180.459268605,0.013612899088021345,46180.459268605,0.013612899088021345,0.0,DORMITORY,True,True,0.13612899088021346,,,13330.110754444991,0.003929399044668471,30.0
17,17,59,30,1,Apex,2026-09-23,9131577,0.006819478,0.006866116309538484,-0.006792531241233538,IN BAND,False,True,8.0532e-05,23465.377615416,2529373.669598529,1.0,3440934.148227079,837913.067080625,-0.002493990990679855,24745.718881356996,ACCUMULATING_PRE_EMA,0.0,,,,0.009019164296804692,-1.9981617106385434,-0.08264246343500804,0.5161373541238643,2.4316566013273997,2.5142990647624077,1.038992392301263,-2.5052799004656032,1,0.2254588958485039,MINER_BURN_ONLY,1642.564029096975,1642.473939831697,3.0518043793392735e-05,0.009277149476747936,0.3603899707203302,5HCFWvRq...,6899.11442249,,,ENTRY_PRE_EMA_PATTERN,False,1497824,0.5828056093876368,138,5E2LP6En...,0.0,0.397065419460822,0.397065419460822,0.0005035784590499153,,COUNTER,898724.221164955,0.0,0.0,DIVERGENT,-0.9873565771410195,1.2673732344164483,1295.967040512703,192837.392404189,0.07623918708491846,192824.591394465,0.07623412614438688,12.801009724003961,FORTRESS,True,True,0.7623412614438688,,,11630.998156900005,0.004598370852317015,30.0
18,20,50,13,78,Umi,2026-09-23,9131577,0.003672306,0.0036880222614854574,-0.004261433465189297,IN BAND,False,False,0.000211753,1434.846221721,1021469.628632585,1.0,390720.800814556,168733.378012534,0.0001379181554245564,12946.710780380177,,0.0,,0.03755628082860099,0.03755628082860099,0.3878372996184441,3.549063165848529,-0.05184744049313644,5.838353344107725,2.23744273776606,2.2892901782591966,2.5727637184064256,-1.9014528786407525,1,0.0,,0.0,0.0,0.0026703288319218643,0.0014046880900823173,-0.6174915461613718,5GvYz1tB...,884910.982349588,,,ENTRY_REPEATED,False,7966145,0.0,54,5FLKx6h7...,,0.6627417724003719,0.6627417724003719,0.21401431339935603,,COUNTER,82861.627752537,8107.779671713,0.0,OK,1.0,0.0,1295.967040512703,61427.935285971,0.06013682009146271,61427.935285971,0.06013682009146271,0.0,DORMITORY,False,True,0.6013682009146345,,,36101.741145329004,0.03534294132039684,30.0
19,18,57,31,40,Ralph,2026-09-23,9131577,0.00294884,0.003041577758267522,-0.03049001723380081,IN BAND,False,False,0.000101572,1570.654093741,453894.047920106,1.0,532634.527725371,80847.878533656,-1.8552276038102824e-06,9986.638057846285,ACCUMULATING_PRE_EMA,0.0,,,,0.16994907858051705,-4.6991598225509446,-0.3709618763445765,-2.18559191056482,2.142606035641548,2.5135679119861245,5.789897470659448,-2.3436188334056074,1,0.0,,0.0,0.0,0.0,0.0034603980839543087,0.17347773495825777,5HeKCDfd...,816252.250129989,,,,True,8409860,0.0,6,5E2LP6En...,0.0,0.8463281789528789,0.8463281789528789,0.23108147289069295,,COUNTER,22349.634720453,0.042920633,0.0,DIVERGENT,1.0,0.0,1295.967040512703,22427.898380107,0.049412188775946976,22427.898380107,0.049412188775946976,0.0,DORMITORY,False,True,0.49412188775946975,,,45867.280247787996,0.10105283481457222,30.0
20,19,30,32,118,Ditto,2026-09-23,9131577,0.006613823,0.0068024888169020414,-0.0277348220600182,IN BAND,False,False,0.001591775,6031.472205603,2185524.603091536,1.0,911949.523210147,771746.336577895,-0.0019519015973399523,18606.161240955465,ACCUMULATING_PRE_EMA,0.0,,,,0.6935594755976802,-6.963480047700593,-0.33744033506355475,-4.655223523363186,1.9708161892738527,2.3082565243374074,1.2024572939067169,-1.6146970487397274,1,0.0,,0.0,0.0,3.0518043793392735e-05,0.002759736585472968,-0.5827320166455969,5HGXqHbQ...,1456633.319285196,,,,False,5724794,0.0,28,5DPQjF6B...,0.0,0.43764630841794344,0.43764630841794344,0.10779960017702087,,COUNTER,320927.826926128,1788.13704218,0.0,DIVERGENT,1.0,0.0,1295.967040512703,130358.835311375,0.05964647349518545,108670.881445895,0.0497230190372483,21687.953865480013,DORMITORY,True,True,0.4972301903724871,,,32954.59923637699,0.01507857618704499,30.0
21,22,41,33,33,ReadyAI,2026-09-23,9131577,0.004435335,0.004473039181903005,-0.008429208949375558,IN BAND,False,False,0.000430868,14243.672995833,2200579.595692453,1.0,3211408.478714499,911889.518727304,-0.0054386194078304825,16931.24903119169,ACCUMULATING_PRE_EMA,0.0,,,,0.07949642654189418,-4.628365403932701,-0.10255537555073595,-2.936060791954537,1.5897492364274284,1.6923046119781644,1.1942308313428904,-1.6128081854362701,1,0.0,,0.0,0.0,0.005142290379186676,0.006472691568945937,0.4593467165266968,5HinUfk5...,60048.757272381,,,,False,2943950,0.0,209,5E2LP6En...,0.0,0.4614858640408786,0.4614858640408786,0.4017549214100412,,COUNTER,588076.249106669,0.0,0.0,DIVERGENT,1.0,0.0,1295.967040512703,138809.800536348,0.0630787456214093,138808.045342108,0.0630779480159769,1.755194239987759,DORMITORY,True,True,0.6307794801597689,,,14255.43501499,0.00647803653314538,30.0
22,25,6,34,80,OpenRoboto,2026-09-23,9131577,0.027319659,0.026458314387127757,0.032554780333674455,IN BAND,False,False,0.008064608,4967.75257648,2162216.073286361,1.0,181838.117494101,311851.954275658,-0.0002903473733555673,-9700.05078667868,,0.0,,,,4.26627322873179,8.468102335294937,0.3960831607263725,9.500839279204744,1.4288201046361806,1.032736943909808,1.215419694853018,3.233536284821982,1,0.0008507517414684839,MINER_BURN_ONLY,7.978651670011459,7.933607037372411,1.5259021896696368e-05,0.002297528280293233,-0.9159020147252485,5CG1eFia...,311699.241264842,0.03166446812391313,,,False,7151800,0.8500015259254738,2,5HVjAxFQ...,,17.997683095334516,17.997683095334516,0.0,,COUNTER,258291.864646411,2501.379452446,0.0,OK,0.7932095033982695,0.00612176605528005,1295.967040512703,331306.036231385,0.15322522125544633,331306.036231385,0.15322522125544633,0.0,DORMITORY,False,True,1.532252212554465,0,,23048.864839319005,0.010659834196999073,30.0
23,21,19,35,28,SayGM,2026-09-23,9131577,0.020406676,0.021436317125335336,-0.04803255705330167,IN BAND,False,False,0.002808804,22061.463985238,5069927.292669833,1.0,1081090.551540628,6575621.773101914,-0.0018433106521580824,30163.88556709187,ACCUMULATING_PRE_EMA,0.0,,,,0.334589622743949,-1.7776364430672174,-0.5843961108151703,0.13835098953321046,1.3315913217852575,1.9159874326004278,0.5183506287752089,-1.581397809856479,1,0.14084291654379505,MINER_BURN_ONLY,1155.5388822499663,1153.6470076791263,0.0006408789196612474,0.004351435969729734,-0.7867640977036272,5CA6rwAy...,2438428.836993094,,,ENTRY_REPEATED,False,4878363,0.3638556792328952,219,5FHBJCMk...,0.179995422293431,0.8236122544162977,0.6753658188765914,0.0,,COUNTER,1410331.355037178,33762.848582854,0.0,DIVERGENT,-0.9232821061148407,0.8901823670011909,1295.967040512703,394556.240412964,0.07782285970519116,394550.914578239,0.07782180922962859,5.325834724993911,FORTRESS,True,True,0.7782180922962869,,,30389.16647275598,0.0059940043946375785,30.0
24,23,3,14,107,Minos,2026-09-23,9131577,0.039868992,0.040713629219681025,-0.02074581008545234,IN BAND,False,False,0.012623568,19826.504005689,1621651.213452159,1.0,497291.722587519,582337.967028702,0.001226016808458981,7915.81289339182,,0.0,,0.030751136333193003,0.030751136333193003,1.6732519608338854,-12.57191564250854,-0.2524073560396701,-11.242302215921217,1.0772060705476525,1.3296134265873225,1.6205704273519663,0.34363853424656277,1,0.0,,0.0,0.0,0.00016784924086366004,0.012226121030972181,-0.6933426099417768,5DA2vLrS...,1290971.786420172,,,,False,7457580,0.0,2,5G9hfkx9...,0.009994659342336155,0.6920958057443577,0.6851785439336832,0.013764477880697686,,COUNTER,406798.248425295,11728.725039684,0.0,DIVERGENT,1.0,0.0,1295.967040512703,41164.694002343,0.025384431412172725,41164.694002343,0.025384431412172725,0.0,DORMITORY,False,True,0.25384431412172725,,,29984.92979068501,0.018490369286533147,30.0
25,27,77,36,123,MANTIS,2026-09-23,9131577,0.002380812,0.002391529269516468,-0.004481345745199671,IN BAND,False,True,3.285e-06,5731.360116698,2011095.663841781,1.0,2407313.174336641,551841.409387993,-0.0026115959502149458,12343.60515253758,ACCUMULATING_PRE_EMA,0.0,,,,0.0015062707322906288,-1.283108429690228,-0.054523039899929335,-0.34632508613999136,0.8822603036503073,0.9367833435502366,1.3067503685924873,-0.935277072817946,1,0.1901145051805692,MINER_BURN_ONLY,1376.2536488680053,1370.7131590534025,0.0018768596932936532,0.0028498694615796774,0.19701574991207935,5HVuEdEG...,1640247.551345872,,,ENTRY_REPEATED,False,5794330,0.4875863755885771,158,5Dszzjqs...,0.179995422293431,4.459705376654471,3.6569788240792644,0.0,,COUNTER,313066.909172864,8560.983387542,0.0,DIVERGENT,-0.9763257085439463,1.057675940980049,1295.967040512703,350656.879907587,0.17436111380088692,350656.879907587,0.17436111380088692,0.0,FORTRESS,True,True,1.7436111380088692,0,,13253.144486198998,0.006590011964364547,30.0
26,29,11,37,44,Score,2026-09-23,9131577,0.034753298,0.034869818482548,-0.003341585577978098,IN BAND,False,False,0.004868596,64857.236660916,4160122.05890445,1.0,1866218.212927576,2270421.630763213,-0.0010141890605900883,15504.462997792289,ACCUMULATING_PRE_EMA,0.0,,,,0.19727436669700532,-5.445743957871265,-0.04065595786540019,-4.603456410450618,0.801631589555247,0.8422875474206473,0.6317122341098022,-0.645013180723642,1,0.019696634907970995,MINER_BURN_ONLY,161.68277663801564,161.68277663801564,0.0,0.01559022445557664,-0.551403022079325,5CaCekux...,286913.233269045,,,,False,3550319,1.0,6,5FsREvyU...,0.179995422293431,1.0784132321208004,0.8843037869983931,0.0,,COUNTER,508136.969922069,2206.282255223,0.0,DIVERGENT,-0.5746114850239464,0.1247584017059968,1295.967040512703,245862.449528441,0.05909981631480972,245862.449528441,0.05909981631480972,0.0,DORMITORY,True,True,0.5909981631480972,,,24129.042876639993,0.00580008051085748,30.0
27,28,49,8,18,Zeus,2026-09-23,9131577,0.00368208,0.0037507954984903336,-0.018320246603151548,IN BAND,False,False,0.000213604,9727.146428435,3159850.106621414,1.0,2641752.826789298,881072.564426186,0.00033872464815844845,14820.443998130038,,0.0,,0.09199274544780355,0.09199274544780355,0.0577097626863129,-2.215936918987548,-0.22289633367167716,-1.3155121401996754,0.6775284451161955,0.9004247787878726,0.8316850202777243,-0.8427150161015597,1,0.020658361947402983,MINER_BURN_ONLY,157.77431294502458,157.36891125127315,0.0001373311970702673,0.0030783569157448085,-0.1639625114759026,5GgvCi6h...,1970191.194254235,,,,False,1604679,0.01445227848487618,10,5E4z3h9y...,0.0899977111467155,0.3078391789295261,0.28013435742458453,0.08953014603775312,,COUNTER,341663.592709294,30745.295806132,0.0,DIVERGENT,-0.3036673917332151,0.12142971721643149,1295.967040512703,472285.796249436,0.14946462025517251,375000.0,0.11867651545058852,97285.79624943598,DORMITORY,True,True,1.1867651545058853,0,,13572.609948961,0.004295333478167151,30.0
28,30,28,4,69,Herald,2026-09-23,9131577,0.006596691,0.006672275485470891,-0.011328142196088695,IN BAND,False,False,0.001622307,3928.675424861,1322590.587822296,1.0,595552.361905045,79929.03935876,0.0011393261345515797,7921.115038454998,,0.0,,0.1727117632994451,0.1727117632994451,1.0852061661853483,-6.3354896932424145,-0.13782573005241244,-5.526453530063025,0.6712104331269773,0.8090361631793896,1.9870094526584516,0.2761700030059587,1,0.0,,0.0,0.0,4.57770656900891e-05,0.002970439575961098,-0.5497076373652945,5HBPFVcJ...,576022.56618512,,,,False,8138182,0.6666666666666667,1,5E2LP6En...,0.0,0.5898618665279156,0.5898618665279156,0.47408096931223387,,COUNTER,382933.064009199,4110.268380516,0.0,DIVERGENT,1.0,0.0,1295.967040512703,485.813350565,0.00036731952808231704,485.813350565,0.00036731952808231704,0.0,NEITHER,False,True,0.00367319528082317,,,26570.450675566,0.02008970192303835,30.0
29,31,87,38,81,Reliquary,2026-09-23,9131577,0.006069339,0.006128500448539853,-0.009653495016704884,IN BAND,False,True,2.75e-07,17873.808688896,2551875.664826308,1.0,2944934.850289398,920322.367834699,-0.010295262693937652,12525.96773792617,ACCUMULATING_PRE_EMA,0.0,,,,4.043346399074827e-05,-1.7127256485094038,-0.11745085603657608,-0.9475387325890785,0.6477360598837492,0.7651869159203253,1.0298307383165055,-0.7651464824563345,1,0.357611499318081,MINER_BURN_ONLY,2575.4153391590808,2574.919848200051,0.00016784924086366004,0.0070041847787723505,0.15402760972362073,5GnpQR4N...,89433.424012098,,,,False,5203057,0.8881783773884379,237,5H47sFL6...,0.179995422293431,11.11124541222839,9.111272102048392,0.03421281530878516,,COUNTER,868716.808361783,0.0,0.0,DIVERGENT,-0.9864550034886193,1.9868714000483962,1295.967040512703,479758.082707464,0.18800213870926133,475629.407254685,0.1863842403493661,4128.675452778989,FORTRESS,True,True,1.863842403493661,0,,15338.023502318996,0.006010490132309393,30.0
30,32,75,39,22,Desearch,2026-09-23,9131577,0.002978702,0.0030030556954443455,-0.008109638286525958,IN BAND,False,True,5.271e-06,7490.423112945,3599505.352085019,1.0,2514659.642761582,271116.295754372,-0.0015173520545156394,14412.692689112853,ACCUMULATING_PRE_EMA,0.0,,,,0.0018493198302857625,-2.3389288107766633,-0.09866726581939915,-1.6048674548731077,0.6353940900841566,0.7340613559035557,0.7301003173888121,-0.7322120360732699,1,0.2131177702975223,MINER_BURN_ONLY,1539.8209815178998,1537.163348192196,0.0009002822919050857,0.002080959015273074,-0.30138731055571394,5DFuaMas...,1850259.695458448,,,,False,2009702,0.5222218828272955,131,5E2LP6En...,0.0,0.39537012915504477,0.39537012915504477,0.1240042728521288,,COUNTER,1245494.039506344,0.0,0.0,DIVERGENT,-0.9767855060665255,1.1861129952688243,1295.967040512703,763677.586285475,0.2121618143568292,763677.586285475,0.2121618143568292,0.0,FORTRESS,True,True,2.121618143568292,0,,10154.804615301999,0.0028211666943125427,30.0
31,24,20,11,110,Green Compute,2026-09-23,9131577,0.012256179,0.012945189606398344,-0.053225223217880875,IN BAND,False,False,0.00262884,7406.565314156,2991111.560443769,1.0,604312.79458824,422999.404173493,0.0008840356011466324,11535.64326123707,,0.0,,0.07212978866795534,0.07212978866795534,0.9327658944417551,-6.345554126281913,-0.6475735491508839,-5.067943063106868,0.6300375140241609,1.2776110631750448,0.8786031369589247,-0.34484516873328974,1,0.0,,0.0,0.0,0.0,0.0024761915978343324,-0.797963819079802,5D53sX6A...,1588506.633853705,,,,False,5606062,1.0,155,5FmpATto...,0.179995422293431,7.185653811648876,5.892269019366735,0.0,,COUNTER,653602.202903777,0.0,0.0,DIVERGENT,1.0,0.0,1295.967040512703,9205.92186508,0.0030777594479672915,9205.92186508,0.0030777594479672915,0.0,NEITHER,True,True,0.030777594479672925,,,21431.028892839986,0.007164904571349529,30.0
32,33,68,40,7,Allways,2026-09-23,9131577,0.002462187,0.0024824878200888634,-0.008177611154658912,IN BAND,False,True,3.5279e-05,5586.054775187,3055034.207656478,1.0,2268737.034205135,328355.597877811,-0.001063203871299582,12906.355716631282,ACCUMULATING_PRE_EMA,0.0,,,,0.01659726152558114,-9.84321425947406,-0.09949426904835008,-9.127224812124565,0.616495178301144,0.7159894473494941,0.8602195004605017,-0.6993921858239129,1,0.0,,0.0,0.0,3.0518043793392735e-05,0.0018284753608281434,-0.25737754247417294,5CAc19iE...,,,,,False,2627691,0.5350281537545969,26,5DCaForB...,,0.27119126442735375,0.27119126442735375,0.0072793309730191675,,COUNTER,36084.978602376,223706.106768898,216.4111689059937,OK,0.1714675818750451,0.0,1295.967040512703,3211.260531444,0.0010511373402615231,3211.260531444,0.0010511373402615231,0.0,NEITHER,True,True,0.01051137340261523,,,12393.710300982002,0.004056815557063513,30.0
33,26,17,41,93,Bitcast,2026-09-23,9131577,0.018651758,0.019185589626431465,-0.027824614037194818,IN BAND,False,False,0.002983838,23664.226498813,3886445.522676824,1.0,1268739.77363279,1129190.354065159,-0.0033716791650470626,14798.821977546671,ACCUMULATING_PRE_EMA,0.0,,,,0.3313662614069947,-3.5812295737256936,-0.3385328041192036,-2.6419903060645185,0.6007064635419715,0.9392392676611752,0.6761962787503429,-0.6078730062541804,1,0.0038946130034248102,MINER_BURN_ONLY,32.57219024398364,32.52714561134427,1.525902189680739e-05,0.006088912442162332,-0.6735475314357857,5EbY1Seb...,2106006.329100904,,,,False,5370681,0.5745719779045991,159,5DWpBY4E...,0.0,0.3410924018789871,0.3410924018789871,0.00285400323555447,,COUNTER,1087728.265996564,0.0,0.0,OK,0.10240607088313457,0.02509874448541227,1295.967040512703,427930.957620956,0.11010856967479496,427930.957620956,0.11010856967479496,0.0,DORMITORY,True,True,1.1010856967479496,0,,31863.057911757005,0.008198508824024642,30.0
34,93,93,42,84,SN84,2026-09-23,9131577,0.00250805,0.0023975209333002567,0.04610139797511456,IN BAND,False,True,0.0,1491.798828914,839257.875521695,1.0,594804.214098358,70416.82804045,-0.004139727322791386,-15596.540431710659,,0.0,,,,,8.0822222191521,0.5609003420305605,8.0822222191521,0.5609003420305605,,3.1313379077514125,10.176456156869971,1,0.41000228793486104,MINER_BURN_ONLY,2952.0164731309997,2952.0164731309997,0.0,0.0017775213941086654,-0.291273541552734,5FRdKaxK...,759200.1864988769,0.0,,,False,8085297,1.0,0,5DvbToTj...,0.179995422293431,3.0977894013408083,2.5402014898703547,1.0,,COUNTER,57899.590761339,61159.068233539,0.0,DIVERGENT,-0.9891599520899489,2.2778484180918213,1295.967040512703,660.436412233,0.0007869290613715875,660.436412233,0.0007869290613715875,0.0,EXPOSED,False,True,0.007869290613715874,,,8078.449088708003,0.009625705428961653,30.0
35,35,34,43,17,404—GEN,2026-09-23,9131577,0.008695899,0.008731699548661709,-0.004100066483299454,IN BAND,False,False,0.001214432,25259.861342359,3143339.086045122,1.0,2904801.602995043,676854.137615003,-0.008483605846616416,11593.126016404945,ACCUMULATING_PRE_EMA,0.0,,,,0.12634777573572958,-3.122592194610074,-0.04988414221347669,-2.5991213153821326,0.47358673701446463,0.5234708792279413,0.8360536130724892,-0.39712310349221175,1,0.0,,0.0,0.0,0.0,0.008035996324577374,-0.0758866536309387,5E7a4a7Q...,933978.389926162,,,,False,2840556,1.0,106,5CsvRJXu...,0.0899977111467155,1.33339179654907,1.2133895867978468,0.0019228128004395001,,COUNTER,340475.604612198,0.0,0.0,OK,1.0,0.0,1295.967040512703,545438.962096774,0.1735221518156455,538742.198758058,0.17139169017743208,6696.763338716002,DORMITORY,True,True,1.7139169017743225,0,,26654.9898191,0.008479832779554402,30.0
36,34,86,44,127,Astrid,2026-09-23,9131577,0.002367229,0.0024005507584661245,-0.013880880605672287,IN BAND,False,True,3.07e-07,3059.739129508,2957402.477019093,1.0,1292540.187274071,601114.910672916,-0.0011311304522673383,12272.848679725546,ACCUMULATING_PRE_EMA,0.0,,,,0.0002636813028337259,-3.2175556074356946,-0.1688840473690128,-2.588392893150567,0.4602786669161148,0.6291627142851276,0.8886176367340054,-0.6288990329822939,1,0.28951678991788643,MINER_BURN_ONLY,2084.881874755025,2084.7917854897473,3.051804379328171e-05,0.001034603559469544,-0.5629474125783589,5FU4uxAd...,1514622.163614889,,,,False,5848837,0.8825172050722537,242,5EtUYRu7...,0.09999237048905166,0.8439463252275206,0.7595581316024966,0.006317813487158357,,COUNTER,1269717.089542943,203.185912805,0.0,DIVERGENT,-0.9845207749336489,1.6086765483364251,1295.967040512703,5535.674552263,0.0018718029065298784,5535.674552263,0.0018718029065298784,0.0,EXPOSED,True,True,0.01871802906529878,,UNDEFENDED_BURNER,14227.922876337998,0.004810952512178525,30.0
37,94,94,45,95,Actual,2026-09-23,9131577,0.045165212,0.04367812070995569,0.03404659508863332,IN BAND,False,True,0.0,28234.124525397,3047626.713000632,1.0,625129.893355536,597984.609442881,-0.0011390409750780188,-14472.773195640533,,0.0,,,,,8.548820388224351,0.41423357357837204,8.548820388224351,0.41423357357837204,,0.8623103311141816,2.6103508106197646,1,0.4100022879377745,MINER_BURN_ONLY,2952.0164731519762,2952.0164731519762,0.0,0.009264298808300656,-0.7948797670140315,5D5UhUuc...,479959.167826623,0.018792756356688,,,False,5403674,1.0,0,5ExqqyEB...,0.179995422293431,2.244953497987194,1.8408721450878738,0.0,,COUNTER,1099655.819724659,14658.86980412,0.0,DIVERGENT,-0.9891599520900259,2.277848418108007,1295.967040512703,9024.997700073,0.002961319922014717,9024.997700073,0.002961319922014717,0.0,EXPOSED,True,True,0.02961319922014717,,UNDEFENDED_BURNER,16796.987061628006,0.005511497517059768,30.0
38,36,9,46,97,Albedo,2026-09-23,9131577,0.017969881,0.018129488453269005,-0.008803748306545588,IN BAND,False,False,0.006353576,11822.871369956,1137046.083764839,1.0,657927.373702267,534062.145138875,-0.0002017478056674679,6742.237511167885,ACCUMULATING_PRE_EMA,0.0,,,,1.412279403667583,-6.6437006800025635,-0.10711227106297132,-6.139884572797914,0.3967038361416781,0.5038161072046494,2.311251969048175,0.9084632964629336,1,0.0,,0.0,0.0,7.629510948348184e-05,0.010397882318726825,-0.42137166524770947,5GnW8owm...,1345229.402060758,,,,False,7735450,0.0,28,5E2LP6En...,0.0,0.6369476493950497,0.6369476493950497,0.18724917217279843,,COUNTER,70872.776437572,4583.298014649,0.0,DIVERGENT,1.0,0.0,1295.967040512703,9274.854549159,0.008156973302655692,9274.854549159,0.008156973302655692,0.0,DORMITORY,False,True,0.08156973302655898,,,38164.401194818034,0.03356451575687507,30.0
39,95,95,47,30,Endure Network,2026-09-23,9131577,0.003316669,0.003228935180231929,0.02717113068890078,IN BAND,False,True,0.0,8398.053585935,3458292.978203685,1.0,2532074.19514395,416961.468060167,-0.0016359655505931488,-40744.99352837447,,0.0,,,,,-4.342036163100458,0.3305820900482928,-4.342036163100458,0.3305820900482928,,0.759912481840981,5.12799582046088,1,0.4100022879374996,SKIN_IN_GAME,2952.016473149997,2952.016473149997,0.0,0.0024283811807920153,-0.2678252847082373,5HTogQKF...,61635.021998496,1.0961722006508448,BUYBACK_GAMING,,False,3250216,1.0,176,5HW12NvE...,0.179995422293431,17.795985168675127,14.592789303111813,0.01797677364220421,,COUNTER,834071.190565469,18187.150616168,0.0,DIVERGENT,-0.9891599520900187,2.27784841810648,1295.967040512703,4962.596266974,0.0014349843400346272,4962.596266974,0.0014349843400346272,0.0,EXPOSED,True,True,0.014349843400346271,,UNDEFENDED_BURNER,9964.473637801997,0.0028813272040871933,30.0
40,39,4,9,64,Chutes,2026-09-23,9131577,0.0679342,0.06812126794829965,-0.0027461019727586496,IN BAND,False,False,0.009202744,198804.12242599,3339166.571109754,1.0,2926421.778607064,5032387.366415922,0.006078987608972017,9904.69695363706,,0.0,,0.08948346501426405,0.08948346501426405,0.1216514574088041,-1.012989919126109,-0.033410907335230236,-0.6985023480222128,0.28107666376866586,0.3144875711038961,0.787022732779275,-0.19283611369509196,1,0.0,,0.0,0.0,0.00010681315327687457,0.05953704859950084,-0.12360712867008311,5FRYKhbm...,707982.396558363,,,,False,4531295,0.15941277011353927,194,5FEm1mew...,,10.135265874340465,10.135265874340465,0.0,,COUNTER,274207.517615115,0.0,0.0,OK,1.0,0.0,1295.967040512703,779058.098623567,0.2333091452711361,779057.6914074,0.2333090233196975,0.40721616707742214,DORMITORY,True,True,2.333090233196976,0,,14582.986544179998,0.0043672533950091085,30.0
41,37,65,48,6,Numinous,2026-09-23,9131577,0.002354596,0.00239297142252326,-0.016036724117162778,IN BAND,False,True,3.9879e-05,7539.414781941,2637113.323890785,1.0,3201998.887497854,703397.778272852,-0.004023880888700968,10259.791686786339,ACCUMULATING_PRE_EMA,0.0,,,,0.01390054998048788,-5.354892272448139,-0.1951134767588138,-4.929442392612379,0.23033640307694614,0.42544987983575994,0.9965442046770522,-0.41154932985527204,1,0.0,,0.0,0.0,0.002075226977950706,0.002858965033333259,0.2142061879546466,5CfSg4e2...,90793.25197865,,,,False,3219949,0.056208810532271114,237,5FxePapj...,,19.369341372233915,19.369341372233915,0.0,,COUNTER,185360.665463109,0.0,0.0,DIVERGENT,1.0,0.0,1295.967040512703,662466.459537209,0.2512089463640527,662466.459537209,0.2512089463640527,0.0,DORMITORY,True,True,2.5120894636405273,0,,10326.547053541002,0.003915852595331497,30.0
42,96,96,49,116,Memo,2026-09-23,9131577,0.002101195,0.0020721626933664083,0.01401063088652865,IN BAND,False,True,0.0,850.761734596,629373.224634043,1.0,404894.095471826,113470.215445251,0.0001614247536338362,-7462.384537887119,DISTRIBUTING_PRE_EMA,0.0,,,0.07682521309723095,,-29.79665522069075,0.17046267578609858,-29.79665522069075,0.17046267578609858,,4.175582781628633,8.686682747743227,1,0.41000228810819356,,2952.0164743789937,2952.0164743789937,0.0,0.0013517602930926812,-0.3566707073390708,5F48aA3P...,106074.936821441,0.11574739200886522,,,True,8294730,1.0,0,5CXN6pP6...,0.179995422293431,10.157781333870254,8.329427193115947,0.0,,COUNTER,253634.385405705,1764.319155568,0.0,DIVERGENT,-0.9891599520945711,2.277848419054804,1295.967040512703,30.45052749,4.8382305281108585e-05,30.45052749,4.8382305281108585e-05,0.0,EXPOSED,False,True,0.0004838230528110859,,,39493.462113151,0.06275046437845361,30.0
43,97,97,50,109,Finsight,2026-09-23,9131577,0.002424315,0.002398126292973757,0.010920487008116717,IN BAND,False,True,0.0,1287.801522728,1648594.830021137,1.0,531202.107183118,69174.71601982,-0.000708007104294364,-6781.65699789545,,0.0,,,,,-1.4105881681136916,0.13286592526542004,-1.4105881681136916,0.13286592526542004,,1.594084824326609,3.1148148604441324,1,0.41000228793764515,,2952.016473151045,2952.016473151045,0.0,0.0007811510137463484,-0.6777848531455902,5FqZqKFx...,705138.066040358,0.13391062135834905,,,False,7257480,1.0,0,5DyQkk4x...,0.179995422293431,2.1285922207080143,1.7454553650511633,0.39304135510453225,,COUNTER,750756.92386439,1308.746301495,0.0,DIVERGENT,-0.9891599520900225,2.2778484181072884,1295.967040512703,213712.476737692,0.12963311108706554,213712.476737692,0.12963311108706554,0.0,FORTRESS,False,True,1.2963311108706572,0,,24401.279287325982,0.014801259134734233,30.0
44,98,98,51,25,UR,2026-09-23,9131577,0.006411868,0.006354192038998008,0.009076836307120393,IN BAND,False,True,0.0,12945.566962522,4002162.293634819,1.0,2019000.758286564,748003.072993272,-0.00189072698649151,-32181.449447923806,,0.0,,,,,-19.120573789471027,0.11043484173663144,-19.120573789471027,0.11043484173663144,,0.6566450351550372,3.6240991640132414,1,0.41000228793640014,MINER_BURN_ONLY,2952.016473142081,2952.016473142081,0.0,0.0032346431785415324,-0.49552249382839253,5HTeZ516...,754916.651417998,0.031021879111430093,,,False,2998801,1.0,1,5CyQFykV...,0.179995422293431,1.712654021105456,1.4043841373340367,0.19994506165303383,,COUNTER,996528.549904049,0.0,0.0,DIVERGENT,-0.9883260498106927,2.2778484181003718,1295.967040512703,1154162.685008859,0.28838477810969343,1154162.685008859,0.28838477810969343,0.0,FORTRESS,True,True,2.883847781096936,0,,9471.210942889998,0.0023665234560710717,30.0
45,38,39,52,105,Beam,2026-09-23,9131577,0.005077711,0.0052074899431318045,-0.024921592657700754,IN BAND,False,False,0.000733909,4519.19810275,2064124.34618099,1.0,890007.070966723,559326.23310335,-0.0010888053840733777,7837.441438839771,ACCUMULATING_PRE_EMA,0.0,,,,0.4267820989804252,-4.213371806614916,-0.3032127106686925,-3.839332064738516,0.07082703120770734,0.3740397418763998,1.2731791109689121,0.05274235710402535,1,0.0,,0.0,0.0,0.0015259021896696368,0.0021894020634519173,-0.5688210566824466,5G3ic2pA...,2077602.922741667,,,,False,6841399,0.0,170,5E2LP6En...,0.0,0.5330965290859316,0.5330965290859316,0.0023195482984892414,,COUNTER,452240.813141888,1869.377328683,0.0,DIVERGENT,1.0,0.0,1295.967040512703,178599.214988095,0.08652541467210365,178599.214988095,0.08652541467210365,0.0,DORMITORY,False,True,0.8652541467210385,,,18675.149135219013,0.009047492303344746,30.0
46,99,99,53,24,Quasar,2026-09-23,9131577,0.004473967,0.004450308391824365,0.005316172744140188,IN BAND,False,True,0.0,9161.075564171,3934855.904433736,1.0,2047640.071020642,1594000.374150056,-0.003987432863262727,-21181.8504585356,,0.0,,,,,-4.946316251902105,0.06468010172037228,-4.946316251902105,0.06468010172037228,,0.6678770617848571,2.6488650960430773,1,0.4100022879350096,MINER_BURN_ONLY,2952.016473132069,2952.016473132069,0.0,0.0023281857802844672,-0.4796148965147782,5ELutYW7...,326328.760859883,0.03146457458248307,,,False,2538424,1.0,155,5ELpkVn8...,0.179995422293431,3.3018420131409876,2.707525565639483,0.0,,COUNTER,705448.472171979,0.0,0.0,DIVERGENT,-0.9891599520899529,2.2778484180926464,1295.967040512703,700000.000065042,0.17789723869590565,0.0,0.0,700000.000065042,EXPOSED,True,False,1.1008911461697788,0,TAKEOVER_IMMINENT,9535.569591159,0.0024233592850031595,30.0
47,100,100,54,122,CookingTAO,2026-09-23,9131577,0.004123807,0.004105021478608251,0.004576229744385775,IN BAND,False,True,0.0,1354.451182181,778930.651579045,1.0,328446.734057427,47481.37972582,0.0003625880589275153,-2147.581435427477,DISTRIBUTING_PRE_EMA,0.0,,,0.08792556463663681,,-1.1521423820234487,0.055677461890026925,-1.1521423820234487,0.055677461890026925,,3.373856189472746,4.418056063390154,1,0.41000228793597976,SKIN_IN_GAME,2952.016473139054,2952.016473139054,0.0,0.0017388597809513107,-0.5783362846633436,5F3uH1G4...,431337.512289051,0.5218761605266197,BUYBACK_JUSTIFIED,,False,8238082,1.0,0,5CfPqfaz...,0.179995422293431,3.2994737525863123,2.7055835811434474,0.32084598599179043,,COUNTER,370302.125425034,4689.8056909,0.0,DIVERGENT,-0.9891599520899785,2.2778484180980363,1295.967040512703,126008.378003489,0.16177098403823925,126008.378003489,0.16177098403823925,0.0,FORTRESS,False,True,1.6177098403823984,0,,41308.065425245,0.053031762637027385,30.0
48,40,92,55,26,Perturb,2026-09-23,9131577,0.003346915,0.003403889015316963,-0.016737918028639987,IN BAND,False,True,1.6e-08,1981.905647512,1025429.821548316,1.0,592158.984518216,69715.711853536,-0.00014188253281285655,7839.409559093881,ACCUMULATING_PRE_EMA,0.0,,,,2.1215944388061695e-05,-2.456430463103717,-0.20364466934845316,-2.207214797824289,0.045570995930974606,0.24921566527942776,2.5628277477164967,-0.2491944493350397,1,0.3693514333213106,MINER_BURN_ONLY,2659.4336872150016,2659.3435979497235,3.0518043793392735e-05,0.001932756007153647,-0.4225261151975335,5FsVAEPM...,1477528.446688477,,,ENTRY_PRE_EMA_PATTERN,False,8123781,0.9050249492622038,45,5CvgGz4i...,,2.444346507442017,2.444346507442017,0.0,,COUNTER,98498.495332383,1668.571827101,0.0,DIVERGENT,-0.9770209619571355,2.0520148389712514,1295.967040512703,36027.495994058,0.03513404353665022,32979.254544534,0.032161395983918234,3048.241449524001,FORTRESS,False,True,0.32161395983918445,,,32683.732413985002,0.031873202560693245,30.0
49,101,101,56,29,hoτfloaτ,2026-09-23,9131577,0.002793064,0.0027900247368961573,0.0010893319559682115,IN BAND,False,True,0.0,8335.967624311,3050513.303782558,1.0,2984524.246301837,208847.691735888,-0.011022358310089313,-6245.800699885003,,0.0,,,,,0.7871860669472933,0.01325353879761324,0.7871860669472933,0.01325353879761324,,0.8614943579303023,1.6119913130964307,1,0.0,,0.0,0.0,0.0,0.0027326442451421585,-0.021632069604506563,5HHHHHzg...,52330.452816585,0.20345342274295142,BUYBACK_GAMING,,False,3379782,1.0,19,5GRRRRhL...,0.179995422293431,9.05707196009678,7.426840467897167,0.0,,COUNTER,610829.352749762,0.0,0.0,OK,1.0,0.0,1295.967040512703,3165.974907187,0.0010378498934134372,3165.974907187,0.0010378498934134372,0.0,NEITHER,True,True,0.010378498934134372,,,10386.687835588995,0.003404898389628319,30.0
50,42,55,57,79,MVTRX,2026-09-23,9131577,0.003069159,0.0030750157311558723,-0.0019046182744797621,IN BAND,False,False,0.000105944,6951.529946828,2927344.156241629,1.0,2264961.926815342,489040.815117968,-0.0051205686723918425,6812.201830536127,ACCUMULATING_PRE_EMA,0.0,,,,0.040051734528892324,-4.474163918262014,-0.023172855672837105,-4.441803921487087,0.009187141102090249,0.03235999677492735,0.8977420691710017,0.007691737753964968,1,0.0,,0.0,0.0,0.0018158236057068677,0.002374688309881869,-0.2262739369703984,5Fxp7QBG...,3250027.920790834,,,,False,5173967,0.0,0,5EWwdZB7...,0.179995422293431,0.3315313111105869,0.271857192763742,1.0,,COUNTER,444229.939659842,37317.847662374,0.0,DIVERGENT,1.0,0.0,1295.967040512703,1355085.827207694,0.4629062231437343,1355085.827207694,0.4629062231437343,0.0,DORMITORY,True,True,4.629062231437343,0,,13807.980082803999,0.004716896731586165,30.0
51,102,102,58,94,pending...,2026-09-23,9131577,0.004006357,0.0040034467820078135,0.0007269281073663557,IN BAND,False,True,0.0,2165.886359877,1934679.729166947,1.0,540612.421198725,117339.296198318,-7.290167659344193e-05,-5788.264924017014,,0.0,,,,,0.6994318638444862,0.008844291972957326,0.6994318638444862,0.008844291972957326,,1.3583643640756962,2.4608139873676627,1,0.4100022879362546,SKIN_IN_GAME,2952.016473141033,2952.016473141033,0.0,0.0011195064109187768,-0.7205674853941433,5CnwnkkC...,807500.191157345,0.21414786423331256,BUYBACK_JUSTIFIED,,False,6962737,1.0,0,5EeKtCKE...,0.179995422293431,1.8959756540869692,1.5547087155715211,0.420921715244926,,COUNTER,804033.851152449,0.075116968,0.0,DIVERGENT,-0.9891599520899858,2.277848418099563,1295.967040512703,273.723032556,0.00014148234895388205,273.723032556,0.00014148234895388205,0.0,EXPOSED,False,True,0.0014148234895388205,,,22531.681178454994,0.01164620729662418,30.0
52,103,103,59,52,Dojo,2026-09-23,9131577,0.006120222,0.006120603298768401,-6.229757914192158e-05,IN BAND,False,True,0.0,17624.618808625,3131897.22033723,1.0,2879735.036924185,766240.005600601,-0.001055169699966047,360.79625645140186,ACCUMULATING_PRE_EMA,0.0,,,,,-0.5182183439181787,-0.0007579538795600459,-0.5182183439181787,-0.0007579538795600459,,0.8391079959249198,0.7950512823238063,1,0.4100022879381949,MINER_BURN_ONLY,2952.016473155003,2952.016473155003,0.0,0.005627457597962699,-0.08051413854551366,5Fv1ZvNP...,38310.492618066,,,,False,3989825,1.0,130,5E2LP6En...,0.0,0.3907176798237869,0.3907176798237869,0.7404700137341675,,COUNTER,1200999.151937368,0.0,0.0,DIVERGENT,-0.989159952090037,2.2778484181103424,1295.967040512703,167638.354572778,0.05352613536747141,167638.354572778,0.05352613536747141,0.0,FORTRESS,True,True,0.5352613536747141,,,9523.742221818997,0.003040885939671264,30.0
53,104,104,60,121,sundae_bar,2026-09-23,9131577,0.003941799,0.003943731775507331,-0.0004900879718378126,IN BAND,False,True,0.0,5837.020200115,2935839.421858974,1.0,1480800.994217264,552245.108938249,-0.0014768339828714987,312.8071856657043,ACCUMULATING_PRE_EMA,0.0,,,,,-1.377734207497365,-0.005962736990693386,-1.377734207497365,-0.005962736990693386,,0.8951443258214545,0.8542647723350036,1,0.41000228793499344,MINER_BURN_ONLY,2952.016473131953,2952.016473131953,0.0,0.0019881946392078208,-0.49561237414494735,5CXGaDJs...,1858603.497025926,,,,False,5766528,1.0,0,5EL9y2gd...,0.179995422293431,1.0078485612788937,0.8264404338836723,0.7385432403973814,,COUNTER,1336395.517072668,0.0,0.0,DIVERGENT,-0.9891599520896369,2.2778484180925567,1295.967040512703,202885.709556554,0.06910654174269748,202885.709556554,0.06910654174269748,0.0,FORTRESS,True,True,0.6910654174269748,,,13584.327955215991,0.004627067766061399,30.0
54,105,105,61,115,MoirAI,2026-09-23,9131577,0.002563207,0.0025650053285062313,-0.0007011012750131474,IN BAND,False,True,0.0,3520.150581726,1759751.659272807,1.0,1373338.127561446,161820.455839923,-0.0010310414951094963,1944.7864367177244,ACCUMULATING_PRE_EMA,0.0,,,,,2.1767850538481595,-0.00853006551265996,2.1767850538481595,-0.00853006551265996,,1.493392539880306,1.0865982448987506,1,0.41000228816374956,MINER_BURN_ONLY,2952.016474778997,2952.016474778997,0.0,0.0020003678150703683,-0.21958397621793005,5EkNnrTj...,103456.25051355,,,,False,5683635,1.0,0,5EhTo9AX...,0.179995422293431,11.045993275372247,9.05776505112122,0.0606018984830449,,COUNTER,981331.664035446,0.0,0.0,DIVERGENT,-0.9891599520960005,2.277848419363456,1295.967040512703,2942.008322496,0.0016718315377021687,2942.008322496,0.0016718315377021687,0.0,EXPOSED,True,True,0.01671831537702169,,UNDEFENDED_BURNER,20346.731252504,0.011562274225052871,30.0
55,41,26,62,124,Swarm,2026-09-23,9131577,0.010028082,0.010139513527974486,-0.010989829804659844,IN BAND,False,False,0.001699491,12374.964518766,3577252.414245578,1.0,1234031.011753394,308781.526729563,-7.80977163950547e-05,5244.932252486004,ACCUMULATING_PRE_EMA,0.0,,,,0.3609111235209719,-4.4690066173428775,-0.13370959595669477,-4.346897700909187,-0.011600679523003893,0.12210891643369087,0.7346420368701407,0.238802207087281,1,0.0,,0.0,0.0,0.00021362630655374915,0.0034593489879231262,-0.6550338351917021,5HKYqfJr...,2317014.693160404,,,,False,5813454,0.012759268020939851,97,5DJinaSF...,,11.801216361884157,11.801216361884157,0.0,,COUNTER,897004.632666029,6243.286010635,0.0,DIVERGENT,1.0,0.0,1295.967040512703,1000000.110795789,0.27954418503249046,1000000.110795789,0.27954418503249046,0.0,DORMITORY,True,True,2.795441850324904,0,,21833.652360825996,0.006103469879251053,30.0
56,106,106,63,12,Compute Horde,2026-09-23,9131577,0.004712625,0.004717492498457432,-0.001031797816111761,IN BAND,False,True,0.0,12570.382242369,3601838.140695257,1.0,2667384.043471707,425212.29562273,-0.0016389071287063602,5001.218103397638,ACCUMULATING_PRE_EMA,0.0,,,,,-0.6350835662591083,-0.012553540096026425,-0.6350835662591083,-0.012553540096026425,,0.7296274561334734,0.21969164565239171,1,0.4075956909389796,MINER_BURN_ONLY,2934.9141979238484,2934.6889747606533,7.629510948348184e-05,0.0034899908744768188,-0.25943802562758145,5ELzhHvg...,1617496.37538236,,,ENTRY_PRE_EMA_PATTERN,False,2256433,0.005783610560048835,157,5Hdt5YNb...,,3.974970656080289,3.974970656080289,0.0,,COUNTER,1645246.230848607,0.0,0.0,DIVERGENT,-0.989096785172583,2.2644780947512744,1295.967040512703,3870.537061652,0.001074600498540136,3870.537061652,0.001074600498540136,0.0,EXPOSED,True,True,0.010746004985401361,,UNDEFENDED_BURNER,9706.864114675001,0.0026949751031292318,30.0
57,107,107,64,104,TAOstatus,2026-09-23,9131577,0.004179577,0.004184536170214415,-0.0011851182574818557,IN BAND,False,True,0.0,5936.081160293,3212689.651075137,1.0,1420258.531315764,76142.941226049,-0.0017383027949343672,1440.052949136356,ACCUMULATING_PRE_EMA,0.0,,,,,-1.5608547456303674,-0.014418938799362577,-1.5608547456303674,-0.014418938799362577,,0.8180061834234538,0.31567343858696006,1,0.0,,0.0,0.0,0.0,0.0018476982855491415,-0.557922180749597,5HBb3F1b...,1128680.251635796,,,,False,5528520,1.0,25,5Coeuhim...,0.179995422293431,1.3475856380634152,1.105026392063628,0.4116183965575121,,COUNTER,340321.172598343,215705.076851321,2952.016473152995,OK,0.010723801389337685,0.0,1295.967040512703,3017.92106809,0.0009393752263247846,3017.92106809,0.0009393752263247846,0.0,NEITHER,True,True,0.009393752263247845,,,10493.544211851,0.0032662800804115336,30.0
58,108,108,65,58,SN58,2026-09-23,9131577,0.00619738,0.006205641198903322,-0.0013312401794648443,IN BAND,False,True,0.0,989.120905544,575051.567559093,1.0,159603.066363015,25249.821674141,,-414.6841146982624,,,,,,,-4.2065494904418115,-0.016196755516822273,-4.2065494904418115,-0.016196755516822273,,4.5700249303814715,4.877231758843547,1,0.389502173644305,MINER_BURN_ONLY,2804.415650238996,2804.415650238996,0.0,0.0017200560112243443,-0.7224543256627245,5DCsuLti...,808026.906504727,0.0,,,True,8511017,1.0,0,5DsnuvVc...,0.179995422293431,2.0969160079328226,1.7194807255710987,0.5725469250724858,,COUNTER,94725.161902134,0.045668707,0.0,DIVERGENT,-0.9885894232556887,2.1639559977771725,1295.967040512703,213417.539421567,0.3711276543901186,213417.539421567,0.3711276543901186,0.0,FORTRESS,False,True,3.711276543901186,0,,49071.73146296202,0.08533448864639318,30.0
59,109,109,66,37,Aurelius,2026-09-23,9131577,0.002892255,0.00289894244633615,-0.0023068572280909964,IN BAND,False,True,0.0,7416.568814569,3530349.401215852,1.0,2564285.515994279,359917.162520522,-0.0011818962588911177,5893.351422340609,ACCUMULATING_PRE_EMA,0.0,,,,,-4.9439883082241245,-0.02806676294177379,-4.9439883082241245,-0.02806676294177379,,0.7444022393633098,0.1312235524497768,1,0.4100022879381949,MINER_BURN_ONLY,2952.016473155003,2952.016473155003,0.0,0.002100803057061359,-0.2736452847133606,5GRBbS3a...,1405912.9781788609,,,,False,3212175,1.0,110,5E2LP6En...,0.0,0.6311385347413689,0.6311385347413689,0.43657673055792945,,COUNTER,1333118.536131732,0.0,0.0,DIVERGENT,-0.9871125924446339,2.2778484181103424,1295.967040512703,45507.151093348,0.01289026833368826,45507.151093348,0.01289026833368826,0.0,FORTRESS,True,True,0.1289026833368826,,,9614.883661014997,0.002723493503986782,30.0
60,110,110,67,126,Attelier,2026-09-23,9131577,0.004536957,0.00454861274920404,-0.0025624843983649507,IN BAND,False,True,0.0,2499.878674558,1390521.653289514,1.0,551003.476652224,68717.113631956,-0.0001583244541660852,6112.665521921706,ACCUMULATING_PRE_EMA,0.0,,,,,-7.3535855355250535,-0.031176893513440232,-7.3535855355250535,-0.031176893513440232,,1.889938206847065,0.2772107741413116,1,0.41000228793624655,MINER_BURN_ONLY,2952.016473140975,2952.016473140975,0.0,0.0017977991702927566,-0.6037433966659247,5DqrUa2z...,557874.909906323,,,,False,7525773,1.0,2,5G9hfkx9...,0.009994659342336155,0.8331910585465231,0.8248635977492702,0.032396880865544556,,COUNTER,454254.680309363,5493.154491675,0.0,DIVERGENT,-0.9891599520899067,2.277848418099518,1295.967040512703,171439.094523612,0.12329120810024342,1096.553699538,0.0007885916029742629,170342.540824074,EXPOSED,False,False,1.0916416501345598,0,,29064.787577842002,0.020902074778256303,30.0
61,111,111,68,57,SN57,2026-09-23,9131577,0.002608872,0.0026157654356211424,-0.00263534165841806,IN BAND,False,True,0.0,1303.102993606,980448.666187144,1.0,499488.858545856,35410.903683684,-0.00013780237056893412,598.7776799942367,ACCUMULATING_PRE_EMA,0.0,,,,,-3.231284396469225,-0.03206332351075306,-3.231284396469225,-0.03206332351075306,,2.6804055027378437,2.4598513404500486,1,0.4100022880397268,MINER_BURN_ONLY,2952.016473886033,2952.016473886033,0.0,0.0013290884454701976,-0.4905505346869461,5HdpnCSY...,790126.032347967,,,,False,8057320,1.0,0,5Ejcqsbx...,0.179995422293431,2.1098520225721926,1.7300883167926613,0.5471914055942989,,COUNTER,441433.411271997,6427.093693354,0.0,DIVERGENT,-0.9871491565864922,2.2778484186744232,1295.967040512703,1254.306998862,0.001279319399494785,1254.306998862,0.001279319399494785,0.0,EXPOSED,False,True,0.01279319399494785,,,34291.10442103001,0.03497491057271189,30.0
62,112,112,69,73,Parked,2026-09-23,9131577,0.00326209,0.0032715790439397097,-0.0029004477080531426,IN BAND,False,True,0.0,7020.078140022,3577997.959456255,1.0,2152017.950049538,581695.125956861,-0.0012004820451322843,3909.082811661996,ACCUMULATING_PRE_EMA,0.0,,,,,0.11884322422834319,-0.0352887804479799,0.11884322422834319,-0.0352887804479799,,0.7344889599655822,0.33277737355057524,1,0.41000228793903565,MINER_BURN_ONLY,2952.0164731610566,2952.0164731610566,0.0,0.001962012896477122,-0.3985411510788721,5GHtVze5...,1513707.801471362,,,,False,5160047,1.0,0,5Dnkprjf...,0.179995422293431,1.0832091895063944,0.8882364940090658,0.5217683233889304,,COUNTER,1592791.16009522,0.0,0.0,DIVERGENT,-0.9891599520903748,2.277848418115014,1295.967040512703,999631.319366318,0.27938286457777384,931580.14933058,0.26036352169193283,68051.17003573803,FORTRESS,True,True,2.60363521691933,0,,10590.082861046,0.0029597788989950582,30.0
63,43,81,70,100,Cortex,2026-09-23,9131577,0.003607826,0.003627956146374345,-0.005548618991566927,IN BAND,False,True,1.669e-06,2405.218557379,1936691.766814532,1.0,666666.919175252,401123.524457475,-0.001453934361040321,,,,,,,0.0018235897883557115,-10.478953924003083,-0.06750819773073094,-10.477130334214728,-0.06568460794237523,0.0018235897883557115,1.3569531533262678,,,,,,,9.155413138006718e-05,0.0012419211970602323,-0.6557702070276581,5FX6kmhY...,1210342.057856337,,,,False,6693448,0.7032916723893239,0,5ExuWpCM...,0.179995422293431,1.1475762524210031,0.9410177802525717,0.5858664469266923,,,754907.322899797,1077.059572996,,NO_ESTIMATE,,,,325912.950574299,0.168283335613266,325912.950574299,0.168283335613266,0.0,,False,True,1.6828333561326634,0,,28158.84685289901,0.014539663634350365,30.0
64,113,113,71,27,Orion,2026-09-23,9131577,0.002250354,0.002264168346300721,-0.006101289386582741,IN BAND,False,True,0.0,6117.471326635,3408334.374335261,1.0,2718447.948473235,832934.14678423,-0.002571603639063033,9628.542621875647,ACCUMULATING_PRE_EMA,0.0,,,,,-1.9947559290457804,-0.07423235420342335,-1.9947559290457804,-0.07423235420342335,,0.77105110924234,-0.264031581334188,1,0.4100022879323741,MINER_BURN_ONLY,2952.0164731130935,2952.0164731130935,0.0,0.0017948565647489063,-0.20241145848657308,5GLT9wjW...,78047.645960809,,,,False,1727132,1.0,203,5H6Bqkzj...,0.179995422293431,13.805490216216787,11.320565174781017,0.0,,COUNTER,1349325.485338417,0.0,0.0,DIVERGENT,-0.9867661060242314,2.2778484180780043,1295.967040512703,29259.979274079,0.008584832372787858,29259.979274079,0.008584832372787858,0.0,FORTRESS,True,True,0.08584832372787858,,,9973.632736818998,0.0029262483199771704,30.0
65,45,24,6,83,CliqueAI,2026-09-23,9131577,0.008573398,0.008593056816607714,-0.0022877559205380636,IN BAND,False,False,0.001753781,8221.832155748,2858630.332917309,1.0,958993.36770947,154290.646191377,0.000950791968390149,3857.1613109851023,,0.0,,0.11090024846509505,0.11090024846509505,0.5605729210584561,-2.1351925690997042,-0.027834363699879773,-2.182798769620896,-0.07544056422107157,-0.0476062005211918,0.9193213860982352,0.6081791215796479,1,0.0,,0.0,0.0,0.001831082627603564,0.002876143886487554,-0.6645269604318433,5DqEjRLy...,993968.015860095,,,,False,5231190,0.0,198,5E2LP6En...,0.0,0.4050296325451322,0.4050296325451322,0.09694648334376096,,COUNTER,345172.824104195,26063.92679357,0.0,DIVERGENT,1.0,0.0,1295.967040512703,8057.340853611,0.0028186018880546433,8057.340853611,0.0028186018880546433,0.0,NEITHER,True,True,0.028186018880546435,,,17276.039349424,0.00604346744330294,30.0
66,114,114,72,117,everyframe.studio,2026-09-23,9131577,0.003119122,0.003138662548735738,-0.006225756490964145,IN BAND,False,True,0.0,3193.105957926,1949480.436712964,1.0,1023719.482148671,237282.931313564,-0.0007537834211656891,10548.83236395265,ACCUMULATING_PRE_EMA,0.0,,,,,3.4702543638515024,-0.0757467039733971,3.4702543638515024,-0.0757467039733971,,1.3480514861852595,-1.1818636165538696,1,0.0,,0.0,0.0,0.0,0.0016379266484509707,-0.4748757347577393,5FFDV7LG...,1979544.853849815,,,,False,5710859,1.0,0,5DwRMxJG...,0.179995422293431,1.013730434357455,0.8312635967335815,0.8624183604956358,,COUNTER,289424.602021989,173221.495748687,2952.0164731400146,OK,0.01072380138905628,0.0,1295.967040512703,184995.455974437,0.09489474861638492,154144.143623114,0.07906934623207494,30851.312351322995,DORMITORY,True,True,0.7906934623207493,,,21044.268734429,0.010794808882469179,30.0
67,115,115,73,113,LongShort,2026-09-23,9131577,0.001975533,0.0019902330823242664,-0.00738611093083597,IN BAND,False,True,0.0,1616.595927983,1607525.824494469,1.0,818308.670292918,68214.894083571,-0.0004889739469761811,2432.663617146085,ACCUMULATING_PRE_EMA,0.0,,,,,-2.970409292846333,-0.0898643496585043,-2.970409292846333,-0.0898643496585043,,1.6348104397180974,1.0783014831745603,1,0.4100022879352845,MINER_BURN_ONLY,2952.0164731340483,2952.0164731340483,0.0,0.0010056422754461088,-0.49095141642984,5GndoVhM...,581593.959477019,,,,False,7119664,1.0,0,5FRumLA6...,0.179995422293431,2.4247335382212176,1.9882926010600444,0.3351292774504716,,COUNTER,805892.233167115,0.0,0.0,DIVERGENT,-0.9891599520899601,2.2778484180941736,1295.967040512703,59041.764046502,0.036728345602204754,59041.764046502,0.036728345602204754,0.0,FORTRESS,False,True,0.36728345602204837,,,21983.86863416801,0.013675592826685349,30.0
68,46,40,74,111,Claims,2026-09-23,9131577,0.00455485,0.004566724644973874,-0.0026002542077817746,IN BAND,False,False,0.000464069,5697.504839355,3581269.000049625,1.0,1250865.385900042,211631.282884493,-0.0020882893709760026,3756.014264491154,ACCUMULATING_PRE_EMA,0.0,,,,0.2140539352552906,-3.9034829071336183,-0.031636426194678255,-3.993924692242751,-0.1220782113038109,-0.09044178510913264,0.7338180963126714,0.30449572036442324,1,0.0,,0.0,0.0,3.0518043793392735e-05,0.0015909178671794971,-0.650720030916606,5CGTryXj...,2722239.221200756,,,,False,5615562,0.0,145,5E2LP6En...,0.0,0.3379946848890903,0.3379946848890903,0.09167900141913234,,COUNTER,734491.272679149,0.371911999,0.0,DIVERGENT,1.0,0.0,1295.967040512703,1221.604957048,0.00034110952208032193,1221.604957048,0.00034110952208032193,0.0,NEITHER,True,True,0.0034110952208032193,,,13969.305939845995,0.003900658101821568,30.0
69,116,116,75,31,rec4ll,2026-09-23,9131577,0.00395716,0.004004867747426033,-0.01191244016901554,IN BAND,False,True,0.0,1793.391503693,1848367.474291048,1.0,453201.652501756,55526.389819684,-3.4653599990985635e-05,13812.134331148758,ACCUMULATING_PRE_EMA,0.0,,,,,-2.0584771798908346,-0.1449346887230224,-2.0584771798908346,-0.1449346887230224,,1.4217951984942738,-1.3073373772060854,1,0.4100022879365295,MINER_BURN_ONLY,2952.0164731430123,2952.0164731430123,0.0,0.0009702570125460933,-0.7548097593865063,5H3mfhC8...,927462.388024212,,,,False,7173591,1.0,0,5CDZ527X...,0.179995422293431,1.701120986418171,1.3949269960956145,0.46431242083415997,,COUNTER,784683.32156732,729.248648798,0.0,DIVERGENT,-0.9891599520899931,2.2778484181010903,1295.967040512703,435104.544068944,0.23539937275504746,435104.544068944,0.23539937275504746,0.0,FORTRESS,False,True,2.3539937275504745,0,,22921.031326973,0.012400689606250776,30.0
70,117,117,76,72,StreetVision by NATIX,2026-09-23,9131577,0.002075468,0.0021006246097385883,-0.01197577597727893,IN BAND,False,True,0.0,6109.878646094,2495991.732072034,1.0,2943855.200848154,245483.774651169,-0.000693472829379333,-11303.934535159264,,0.0,,,,,-4.335949522493094,-0.14570527439022699,-4.335949522493094,-0.14570527439022699,,1.0528881030460706,2.7214597334167303,1,0.4100022879383323,MINER_BURN_ONLY,2952.0164731559926,2952.0164731559926,0.0,0.0024478761558324224,0.17943334025502794,5FjP8fFb...,0.005012301,1.3626263342228783e-07,,,False,5064327,1.0,228,5E2LP6En...,0.0,0.40306888897515575,0.40306888897515575,0.36526781626735844,,COUNTER,507110.816161706,0.0,0.0,DIVERGENT,-0.9891599520900407,2.2778484181111063,1295.967040512703,370503.301847521,0.14843931455652287,364515.029404779,0.14604015899611128,5988.27244274196,FORTRESS,True,True,1.4604015899611131,0,,9845.359206613999,0.003944467876278151,30.0
71,118,118,77,119,CapabilityForge Next,2026-09-23,9131577,0.002512681,0.002544625662267208,-0.012553776667781444,IN BAND,False,True,0.0,3237.046663897,1668179.740651571,1.0,1288283.654268463,73394.061853412,-0.0008647727937628405,13722.121713144472,ACCUMULATING_PRE_EMA,0.0,,,,,-0.3166277167377591,-0.15273761612467424,-0.3166277167377591,-0.15273761612467424,,1.5753698093549169,-1.4284338962537584,1,0.4100022881295849,MINER_BURN_ONLY,2952.016474533011,2952.016474533011,0.0,0.00194046635684033,-0.22773071598013045,5GbLENPL...,105696.111087733,,,,False,5740660,1.0,0,5HMwvi1d...,0.179995422293431,10.823823731569398,8.875585008175904,0.061757031023485065,,COUNTER,900374.976818198,0.0,0.0,DIVERGENT,-0.9891599520949395,2.2778484191736474,1295.967040512703,20722.542632217,0.012422248111059677,20722.542632217,0.012422248111059677,0.0,FORTRESS,True,True,0.12422248111059678,,,19748.200360571012,0.011838172997387921,30.0
72,119,119,78,46,Instant,2026-09-23,9131577,0.003568449,0.003614390268921852,-0.012710655325982843,IN BAND,False,True,0.0,8502.388311598,3444626.615596832,1.0,2382656.058478936,1468184.463597002,-0.006844200137852545,-1502.9171716044657,,0.0,,,,,-5.6483578403725,-0.15464630646612457,-5.6483578403725,-0.15464630646612457,,0.7629273919271105,0.9211422869181921,1,0.41000228802903116,SKIN_IN_GAME,2952.0164738090243,2952.0164738090243,0.0,0.002468304771582576,-0.3082975904706565,5Ft9E2ov...,692623.926762684,0.8332205365400884,BUYBACK_JUSTIFIED,,False,3919107,1.0,238,5CDnZ6oe...,0.179995422293431,1.8942897283039506,1.5533262487117723,0.21767991210401025,,COUNTER,1044291.825627103,28041.129768459,0.0,DIVERGENT,-0.9891599520924387,2.2778484186150014,1295.967040512703,166571.574951312,0.04835693198127689,166571.574951312,0.04835693198127689,0.0,FORTRESS,True,True,0.4835693198127703,,,10839.307782468997,0.0031467293823342095,30.0
73,120,120,79,42,Unknown,2026-09-23,9131577,0.002298633,0.0023320328909903765,-0.014322221234277732,IN BAND,False,True,0.0,7088.970942874,2643190.010822251,1.0,3083993.251749326,369169.861990264,-0.0007519273179352004,32382.78536391491,ACCUMULATING_PRE_EMA,0.0,,,,,-2.471701981491805,-0.1742536916837124,-2.471701981491805,-0.1742536916837124,,0.9942531521532477,-3.4489093411229397,1,0.41000228796846283,MINER_BURN_ONLY,2952.0164733729325,2952.0164733729325,0.0,0.002681975534807936,0.1667697865679018,5EC5HHfL...,117729.346201625,,,,False,3613591,1.0,11,5Gbdb5s2...,0.179995422293431,9.152229651791167,7.504870210690555,0.0,,COUNTER,554479.648269233,0.0,0.0,DIVERGENT,-0.9891599520908373,2.2778484182785026,1295.967040512703,5444.016612431,0.002059638766089866,5444.016612431,0.002059638766089866,0.0,EXPOSED,True,True,0.02059638766089866,,UNDEFENDED_BURNER,10463.229253124002,0.00395856113646142,30.0
74,121,121,80,71,Leadpoet,2026-09-23,9131577,0.004047743,0.004110784735530615,-0.015335693690240668,IN BAND,False,True,0.0,5065.46601924,4525336.457446516,1.0,1251429.513146094,1420539.106954272,-0.0022417272015353455,15568.280538870022,ACCUMULATING_PRE_EMA,0.0,,,,,-2.930061543217152,-0.18658427323126145,-2.930061543217152,-0.18658427323126145,,0.5807303003239864,-0.6762847705604049,1,0.41000228801304023,MINER_BURN_ONLY,2952.0164736938896,2952.0164736938896,0.0,0.0011193567742139245,-0.7234615008378931,5DwHzMhB...,2468826.990318344,,,,False,5048438,1.0,0,5FNVgRnr...,0.0,0.6817914200681011,0.6817914200681011,0.5622157790325042,,COUNTER,995383.545893631,0.0,0.0,DIVERGENT,-0.9891599520917004,2.277848418526161,1295.967040512703,63565.086413894,0.014046488479170782,63565.086413894,0.014046488479170782,0.0,FORTRESS,True,True,0.1404648847917078,,,17266.091840725,0.0038154272070341556,30.0
75,122,122,81,87,Provenonce,2026-09-23,9131577,0.004207583,0.004282602341845632,-0.017517232714467076,IN BAND,False,True,0.0,1697.866350568,1841548.868047193,1.0,403525.294981531,106506.26779884,-0.0004810604927689679,138.84282077959506,ACCUMULATING_PRE_EMA,0.0,,,,,1.5333027747710495,-0.2131263313593494,1.5333027747710495,-0.2131263313593494,,1.4270596048785673,1.3985351259200067,1,0.41000228793861526,MINER_BURN_ONLY,2952.01647315803,2952.01647315803,0.0,0.0009219773528836321,-0.7808772036383758,5HartH15...,4227.000892692,,,,False,7208725,1.0,1,5E2LP6En...,0.0,0.6095685925181377,0.6095685925181377,0.40360140393712807,,COUNTER,771239.993472056,811.040088965,0.0,DIVERGENT,-0.9891599520900481,2.2778484181126784,1295.967040512703,167952.150716778,0.09120157147655662,167952.150716778,0.09120157147655662,0.0,FORTRESS,False,True,0.9120157147655713,,,26733.183908238985,0.014516684499709893,30.0
76,47,16,1,9,iota,2026-09-23,9131577,0.025213298,0.02532131690531969,-0.0042659276262601775,IN BAND,False,False,0.003475721,53865.560035506,4003693.772888514,1.0,2136394.818668856,1115563.338904754,0.01301328860220348,4161.494016997516,,0.0,,0.5161279814407255,0.5161279814407255,0.1695739315061258,-4.3560427381776075,-0.05190211945283216,-4.5416963556292025,-0.23755573690442683,-0.18565361745159467,0.6563938575412067,0.35522754895772046,1,0.10101707817084304,MINER_BURN_ONLY,827.6314823909197,827.5864377582807,1.5259021896696368e-05,0.013453966035130611,-0.46639404194046286,5Fsbubec...,3229.563833788,,,,False,1489797,0.2593920712912381,128,5G8vqtuA...,0.179995422293431,8.738226660745655,7.165385862849023,0.0,,COUNTER,1200695.016783525,46681.104420658,0.0,DIVERGENT,-0.8328222983239394,0.638586022551064,1295.967040512703,566487.003304132,0.14149109183628522,566487.003304132,0.14149109183628522,0.0,FORTRESS,True,True,1.4149109183628523,0,,15342.121827782,0.0038319918300627766,30.0
77,49,23,82,5,Hone,2026-09-23,9131577,0.012840267,0.012841785559430718,-0.00011825142412555956,IN BAND,False,False,0.001845503,33601.353037963,3232097.635974673,1.0,2616873.348850019,977621.237463412,-0.015845505017582865,4283.002979105804,ACCUMULATING_PRE_EMA,0.0,,,,0.14433888654782628,-0.33999961358122277,-0.001438725660194308,-0.6014976380984502,-0.2629367501774218,-0.2614980245172275,0.8130942489945849,0.40583691106505376,1,0.0,,0.0,0.0,0.0054627298390173,0.01039614418325892,-0.19034828611749902,5GurNtB3...,,,,,False,2491604,0.0,176,5HbScNss...,0.0899977111467155,0.8125470238140434,0.7394196514717037,0.012009949793221323,,COUNTER,1488567.694632255,0.0,0.0,DIVERGENT,1.0,0.0,1295.967040512703,6649.821324041,0.0020574320682721814,6649.821324041,0.0020574320682721814,0.0,NEITHER,True,True,0.020574320682721813,,,18368.203963449996,0.005683059743927219,30.0
78,50,56,10,89,InfiniteQuant,2026-09-23,9131577,0.003057358,0.003068861784413457,-0.003748550837930802,IN BAND,False,False,0.00010513,6185.672278401,2895865.632309734,1.0,2023207.833568245,187487.010654106,0.00022740814707736934,4861.807430680608,,0.0,,0.07438060805354471,0.07438060805354471,0.04466477167966277,-2.464749770615032,-0.04560736852815809,-2.7275647841709025,-0.3084223820840288,-0.26281501355587067,0.9075006694643891,0.30747978523553343,1,0.0,,0.0,0.0,0.0012512397955291021,0.002136035667327329,-0.3013459112974899,5Dc5NmEU...,111116.869402953,,,,False,5313364,0.0,137,5FFQKsXc...,0.0,0.24241741249512133,0.24241741249512133,0.0009157089876837141,,COUNTER,601037.833009041,0.0,0.0,DIVERGENT,1.0,0.0,1295.967040512703,6094.632142656,0.002104597697716706,6094.632142656,0.002104597697716706,0.0,NEITHER,True,True,0.021045976977167064,,,13968.650890386,0.0048236529811794635,30.0
79,48,90,83,65,True Performance Network,2026-09-23,9131577,0.002154508,0.0021691853180527687,-0.006766281299536161,IN BAND,False,True,1.07e-07,5624.969550911,3338308.566439712,1.0,2610790.496104761,303521.445110369,-0.00012719120635281114,4870.297180698719,ACCUMULATING_PRE_EMA,0.0,,,,4.9990670608067294e-05,-4.44513653582369,-0.08232308914435663,-4.696551542163508,-0.33373809548417444,-0.2514150063398178,0.7872250116180086,0.25146499701042585,1,0.3074711361468352,MINER_BURN_ONLY,2214.0379417779623,2213.902807880045,4.57770656900891e-05,0.0016849759208777994,-0.21793006993810213,5GxEEHxL...,1445532.941918971,,,,False,4950813,0.7500305194408838,0,5DAmVrUg...,0.179995422293431,0.9016385446944444,0.7393477340861333,0.45965785096219874,,COUNTER,1043484.847565877,0.0,0.0,DIVERGENT,-0.9855372105475401,1.7083017844375068,1295.967040512703,171794.150223016,0.05146143527595879,171794.150223016,0.05146143527595879,0.0,FORTRESS,True,True,0.5146143527595879,,,19181.619411840995,0.005745909651574866,30.0
80,44,12,84,53,engy,2026-09-23,9131577,0.033688759,0.03477632021531463,-0.03127303891214152,IN BAND,False,False,0.004700965,37418.103133213,4943213.990728935,1.0,1110700.002124749,1616976.66136804,-0.0011223092088040443,3584.6601775805466,ACCUMULATING_PRE_EMA,0.0,,,,0.3301646792734996,9.226101752098069,-0.38048864009772176,9.217460311227082,-0.3891300809687091,-0.008641440870987338,0.5316379191612682,0.3388061201444869,1,0.0,,0.0,0.0,0.0001831082627603564,0.007569589988090979,-0.7753081380026204,5H8SFVCx...,1959093.123308688,,,,False,4203869,0.20408100972177712,45,5E2LP6En...,0.0,0.2263200272059081,0.2263200272059081,0.24710047613234037,,COUNTER,531564.335480105,0.0,0.0,OK,1.0,0.0,1295.967040512703,141896.083670526,0.028705227800506716,127763.104368903,0.025846160940741072,14132.979301622981,DORMITORY,True,True,0.2584616094074107,,,26440.17725332601,0.005348782654951803,30.0
81,53,38,85,77,Liquidity,2026-09-23,9131577,0.005283946,0.005287260981276631,-0.0006269751556373215,IN BAND,False,False,0.000772744,11866.413356072,3359075.831543785,1.0,2245748.087460734,409829.903356135,-0.006935415302332664,2812.1817395794205,ACCUMULATING_PRE_EMA,0.0,,,,0.17113606032954026,-1.7157142268847168,-0.007628197726920745,-2.125679825359968,-0.41759379620217196,-0.4099655984752512,0.7823580448293147,0.5811016588047915,1,0.0,,0.0,0.0,0.00010681315327687457,0.0035326422954311096,-0.33143860754233495,5GxxsUeY...,2675161.898886217,,,,False,5128460,0.5530155048223659,225,5G9hfkx9...,0.009994659342336155,0.36527413171905654,0.36162334120595696,0.007752056278707787,,COUNTER,140886.89655137,14115.257752168,0.0,DIVERGENT,1.0,0.0,1295.967040512703,369577.913917543,0.11002368879171451,369577.913917543,0.11002368879171451,0.0,DORMITORY,True,True,1.100236887917145,0,,11542.176863112996,0.0034361167898398918,30.0
82,52,58,86,125,Refinery,2026-09-23,9131577,0.002907911,0.002917212201282382,-0.00318838693952167,IN BAND,False,True,8.6428e-05,5593.656388437,2521296.936880634,1.0,1923599.327605139,243396.239636826,-0.00024021262101779379,4412.574405526044,ACCUMULATING_PRE_EMA,0.0,,,,0.04060542304127235,-2.3805686338989336,-0.03879204109751365,-2.768232444534982,-0.4264558517335619,-0.3876638106360482,1.0423207046970753,0.42826923367732056,1,0.0,,0.0,0.0,0.0,0.002218563115916648,-0.23705948499914611,5DTzv2rL...,15422.00775696,,,,False,5834408,0.0,12,5E2LP6En...,0.0,0.5313189345864322,0.5313189345864322,0.11840559141754033,,COUNTER,1305773.13013795,0.0,0.0,DIVERGENT,1.0,0.0,1295.967040512703,226023.662897553,0.08964579284231036,226023.662897553,0.08964579284231036,0.0,DORMITORY,True,True,0.8964579284231037,,,12336.207082870998,0.004892802153693741,30.0
83,51,5,87,120,Affine,2026-09-23,9131577,0.04609184,0.04660949530079961,-0.011106219826214802,IN BAND,False,False,0.008559289,76338.078250974,2648838.392811747,1.0,1656216.819160828,1508624.208499189,-0.0050901304439632976,3766.591037831502,ACCUMULATING_PRE_EMA,0.0,,,,0.2946604369322462,-3.2196311445621615,-0.13512567455228008,-3.559891083926776,-0.4753856139168947,-0.3402599393646146,0.9921330071067013,0.6349203762968608,1,0.0,,0.0,0.0,0.0,0.028819454768601788,-0.37473846197934846,5EfNFhH2...,3046173.337390601,,,,False,5749344,0.0,116,5E2LP6En...,0.0,0.30401409645295957,0.30401409645295957,0.010986831062212932,,COUNTER,181441.01409672,0.0,0.0,DIVERGENT,1.0,0.0,1295.967040512703,52301.233620293,0.019744969629791248,52301.233620293,0.019744969629791248,0.0,DORMITORY,True,True,0.1974496962979139,,,19024.713662430993,0.007182285530917658,30.0
84,54,61,88,32,ItsAI,2026-09-23,9131577,0.002759162,0.002763195428997278,-0.001459697332642876,IN BAND,False,True,7.001e-05,6917.110695698,3571012.999680921,1.0,2506960.79136757,307177.99086189,-0.0011755096356559623,1558.8242094269954,ACCUMULATING_PRE_EMA,0.0,,,,0.02659871846700786,-3.044757583362931,-0.017759650880488323,-3.5371939762737825,-0.51019604379134,-0.4924363929108517,0.735925632372332,0.5190351113778595,1,0.0,,0.0,0.0,0.005172808422980069,0.001937016386195195,-0.2979693159752146,5DWgkCSv...,76679.3142843,,,,False,2515294,0.0,82,5E7sa41c...,0.013550011444266423,0.25470200643444446,0.25125079133238015,0.8537988494346359,,COUNTER,17419.272873098,0.0,0.0,DIVERGENT,1.0,0.0,1295.967040512703,634410.218859858,0.1776555332944865,634410.218859858,0.1776555332944865,0.0,DORMITORY,True,True,1.776555332944865,0,,12277.368174224004,0.003438063142117102,30.0
85,55,66,89,55,NIOME,2026-09-23,9131577,0.002417836,0.002428734675049782,-0.0044873880880209275,IN BAND,False,True,3.9034e-05,6243.364162274,2973090.137647858,1.0,2582210.854005058,570304.484774262,-0.002858824195392448,2718.1432314803824,ACCUMULATING_PRE_EMA,0.0,,,,0.01643046109977944,-5.801956177922022,-0.05459655507092128,-6.296895873332227,-0.5495362504811263,-0.494939695410205,0.8839288007860825,0.5113701565099844,1,0.008266267767811336,MINER_BURN_ONLY,60.793310998007655,60.47799856953432,0.00010681315327687457,0.00209995791355771,-0.13147214552281053,5GeWUxaF...,1245386.904803253,,,,False,4703386,0.020067757294591648,28,5G9hfkx9...,0.009994659342336155,0.35338030369030393,0.34984838793662804,0.017686555775980467,,COUNTER,321790.65716709,0.0,0.0,DIVERGENT,0.861642480159958,0.046666309156757846,1295.967040512703,14841.866940702,0.00499206759753475,14841.866940702,0.00499206759753475,0.0,NEITHER,True,True,0.049920675975347495,,,14361.487715495998,0.004830491862200317,30.0
86,56,8,90,4,Targon,2026-09-23,9131577,0.054054214,0.054079522378742695,-0.00046798450928330944,IN BAND,False,False,0.007305791,135831.747648154,3769267.583106649,1.0,2512879.928388195,2325478.821814896,-0.0046476622979413,930.8779673711397,ACCUMULATING_PRE_EMA,0.0,,,,0.1413485365566592,-2.5660862187147964,-0.005693811529613598,-3.123919021455987,-0.5635266142708041,-0.5578328027411905,0.697217680108025,0.6991813392978498,1,0.004155249017440957,MINER_BURN_ONLY,34.05147525598295,33.961385990704855,3.0518043793392735e-05,0.03603664230603676,-0.3333240900323376,5CXGPMnq...,,,,,False,1411451,0.11693345337463568,32,5HEj6CFU...,0.179995422293431,18.002856128918555,14.762424437505977,0.0,,COUNTER,560670.765619684,0.0,0.0,OK,0.047126481094957165,0.02620543958993683,1295.967040512703,183019.057563734,0.04855560225652348,183019.057563734,0.04855560225652348,0.0,DORMITORY,True,True,0.4855560225652348,,,16968.365494817008,0.004501767285206002,30.0
87,123,123,91,39,deprecated,2026-09-23,9131577,0.006945982,0.007320858305320144,-0.05120660579480378,IN BAND,False,True,0.0,17593.238039538,3578530.935654216,1.0,2532865.425743139,1109917.169266143,-0.008167090216750057,88527.6253911038,ACCUMULATING_PRE_EMA,0.0,,,,,-4.92917305175099,-0.6230137038367793,-4.92917305175099,-0.6230137038367793,,0.734379567273339,-8.113999943044641,1,0.41000228794110527,MINER_BURN_ONLY,2952.016473175958,2952.016473175958,0.0,0.004916329733033776,-0.2922052298676018,5DkwfxC9...,592727.064487518,,,ENTRY_PRE_EMA_PATTERN,False,3280104,1.0,136,5GP7c3fF...,0.0009918364232852674,2.2123267491090144,2.2101324828590396,0.2170184193257947,,COUNTER,1577573.884499562,0.0,0.0,DIVERGENT,-0.9891599520897986,2.2778484181265117,1295.967040512703,453024.218762336,0.1265950265369204,451449.274353358,0.1261549173308531,1574.9444089779863,FORTRESS,True,True,1.261549173308531,0,,10026.400332750998,0.0028018202198154263,30.0
88,60,46,92,48,Quantum Compute,2026-09-23,9131577,0.003994202,0.003990886965766549,0.0008306509961035199,IN BAND,False,False,0.000284211,10464.205427079,3279390.699137756,1.0,2619848.61872358,692518.254604548,-0.0027008449742481964,180.63544484134763,ACCUMULATING_PRE_EMA,0.0,,,,0.07137727878192975,-0.7992689470484996,0.010106253785926158,-1.5606402978830398,-0.7512650970486141,-0.7613713508345402,0.801368376354478,0.83274862961647,1,0.0,,0.0,0.0,4.57770656900891e-05,0.003190899281939884,-0.20111719889482702,5GNH5YMk...,26045.188324564,1.3372920124178664,BUYBACK_GAMING,,False,3856677,0.9899896233900994,206,5GZF6taz...,0.179995422293431,15.7460185091409,12.911807258147903,0.0,,COUNTER,695492.461656953,0.0,0.0,DIVERGENT,1.0,0.0,1295.967040512703,101862.559282014,0.0310614283649693,101862.559282014,0.0310614283649693,0.0,DORMITORY,True,True,0.31061428364969296,,,10158.219630410998,0.003097593596603747,30.0
89,57,54,93,88,Investing,2026-09-23,9131577,0.003073865,0.003115754807367921,-0.01344451343503119,IN BAND,False,False,0.000111455,6211.558267087,3283313.319426242,1.0,2020764.718356329,723115.372041207,-0.0006446650318909965,1431.3582926802337,ACCUMULATING_PRE_EMA,0.0,,,,0.04715463131884319,-4.845806427978508,-0.16357491345954614,-5.460968461380806,-0.778736946861844,-0.6151620334022979,0.8004109703606485,0.6623166647211411,1,0.0,,0.0,0.0,0.0006103608758678547,0.0018918566895018316,-0.3845348805162778,5FhMsGJS...,2902145.147835236,,,,False,5299805,0.4642491793266662,252,5FWKTXUk...,0.179995422293431,0.46223885455883307,0.37903797673208406,0.0,,COUNTER,175269.313011837,0.0,0.0,DIVERGENT,1.0,0.0,1295.967040512703,1189735.277571876,0.3623581308955863,1189735.277571876,0.3623581308955863,0.0,DORMITORY,True,True,3.623581308955865,0,,11271.488223436998,0.003432961501647576,30.0
90,58,80,94,74,Gittensor,2026-09-23,9131577,0.003271046,0.003290330758318305,-0.005861039431841614,IN BAND,False,True,2.219e-06,5999.334619603,3421952.966943461,1.0,1834072.086425063,353727.004629309,-0.0012658894502273344,-1492.8424271058757,,0.0,,,,0.0009720297949284742,-2.015177924591316,-0.0713093130874063,-2.733304093733903,-0.7894354822299929,-0.7181261691425866,0.7679825016260725,0.7190981989375151,1,0.0,,0.0,0.0,9.15541313801782e-05,0.001753190262273445,-0.4640276345017939,5D1VXeeS...,216.588029224,0.0,,,False,5086205,0.7537120969341818,195,5E2LP6En...,0.0,0.30045785812947207,0.30045785812947207,0.07500381504654356,,COUNTER,531791.422968235,173228.339855138,1892.0018097879947,OK,0.039273523606849346,0.0,1295.967040512703,378229.609193408,0.11053033540997154,378229.609193408,0.11053033540997154,0.0,DORMITORY,True,True,1.1053033540997153,0,,17209.685288243007,0.005029199832519893,30.0
91,61,60,95,128,ByteLeap,2026-09-23,9131577,0.002802822,0.002802829723805189,-2.7557168826846684e-06,IN BAND,False,True,7.3999e-05,4032.685079646,2952376.716818941,1.0,1438794.234493181,91632.143591963,-0.00022424396803000932,484.9865771573968,ACCUMULATING_PRE_EMA,0.0,,,,0.04822329742075249,-0.46631682557957305,-3.352788873933013e-05,-1.2681028896672395,-0.8018195919764058,-0.8017860640876665,0.8901303092620095,0.850009361508419,1,0.0,,0.0,0.0,9.15541313801782e-05,0.0013659114220325667,-0.5126656555312586,5GgMeLFN...,894082.70638428,,,,False,5856038,1.0,96,5HQTcjYx...,,6.359918661330342,6.359918661330342,0.0,,COUNTER,186014.794503201,289.843039317,0.0,DIVERGENT,1.0,0.0,1295.967040512703,3774.578921778,0.0012784882431415958,3774.573941721,0.0012784865563456758,0.004980057000011584,NEITHER,True,True,0.012784865563456756,,,13980.164243594,0.004735223714491634,30.0
92,62,25,96,34,BitMind,2026-09-23,9131577,0.011634845,0.011637406423687935,-0.00022010262378750788,IN BAND,False,False,0.001706187,34535.7816501,2744798.985716102,1.0,2968305.925928857,635849.092865632,-0.0033068888932364145,1043.2171549624763,ACCUMULATING_PRE_EMA,0.0,,,,0.12983228471352745,-0.4468795793521161,-0.0026779152560813457,-1.2624168637561026,-0.8182151996600678,-0.8155372844039865,0.9574471623153744,0.945369569117514,1,0.0,,0.0,0.0,0.0008850232700083893,0.012582262610057696,0.08142932802780752,5DthmKBR...,2946109.567929648,1.4425316537168034,BUYBACK_GAMING,,False,3493948,0.7038349344044474,72,5E2LP6En...,0.0,0.3477552803992229,0.3477552803992229,0.0016022461965727191,,COUNTER,359938.133384116,70171.661546406,0.0,DIVERGENT,1.0,0.0,1295.967040512703,124287.216586763,0.045280990423543596,124287.216586763,0.045280990423543596,0.0,DORMITORY,True,True,0.45280990423543704,,,12437.665549096997,0.004531357528847265,30.0
93,63,89,97,2,DSperse,2026-09-23,9131577,0.003089662,0.003094007493928075,-0.00140448720198733,IN BAND,False,True,1.12e-07,7768.867987544,3298202.074737289,1.0,2514471.242611311,712063.855979127,-0.002026472196230547,-303.7101793717593,,0.0,,,,3.78866007855862e-05,0.1594633519982243,-0.01708792762417918,-0.6692774931647101,-0.8458287727871135,-0.8287408451629343,0.7967977523661365,0.82877873176372,1,0.332625485034605,MINER_BURN_ONLY,2395.756626663031,2394.9908679081673,0.00025940337224383825,0.0023554857499635804,-0.23762348439292696,5EcYQ3W7...,2804004216953558.0,,,,False,2734060,0.8229188925180866,14,5CFxLBvp...,0.179995422293431,0.6545824687099964,0.5367606208286639,0.8807623639998169,,COUNTER,742740.050904182,0.159820748,0.0,DIVERGENT,-0.9866648938080117,1.8480337794398496,1295.967040512703,1144508.261830867,0.34700974527827566,1144508.261830867,0.34700974527827566,0.0,FORTRESS,True,True,3.470097452782757,0,,11156.246608946996,0.003382523676884056,30.0
94,59,21,98,75,Hippius,2026-09-23,9131577,0.016706485,0.01687339972704649,-0.009892181169568385,IN BAND,False,False,0.002477879,32754.474192438,3676967.144562167,1.0,1960584.399979763,1548704.345175637,-0.01292806119265099,-1449.726567692589,,0.0,,,,0.19880844289368535,-0.5085060176499852,-0.12035487089641535,-1.249589494310721,-0.8614383475571512,-0.7410834766607358,0.7147194676151852,0.9398919195544212,1,0.0,,0.0,0.0,0.0021057450217440987,0.008908013834411952,-0.46679305464842236,5DAQpczE...,1547092.43616427,2.1024920569995227,BUYBACK_GAMING,,False,5102795,0.0,245,5G9hfkx9...,0.009994659342336155,0.33271619559857996,0.3293908105658941,0.00785911581132018,,COUNTER,784604.879643725,0.0,0.0,DIVERGENT,1.0,0.0,1295.967040512703,552610.166609588,0.15028966669632554,552609.767120331,0.15028955804992178,0.39948925701901317,DORMITORY,True,True,1.5028955804992181,0,,40096.74532463397,0.010904841884141576,30.0
95,64,15,99,38,ChronoLLM,2026-09-23,9131577,0.012016318,0.011952913599088788,0.005304514283115482,IN BAND,False,False,0.003573756,6289.325140127,1795904.345381792,1.0,523398.832814403,210329.484708079,-0.0014355570088288021,-2535.8818308261107,,0.0,,,,1.4932970642714063,12.913205473206835,0.06453825711123837,11.984417843770068,-0.8642493723255292,-0.9287876294367676,1.4633296070350075,2.422084693708174,1,0.0,,0.0,0.0,6.103608758678547e-05,0.0035020379321984156,-0.7085598157273788,5GeWgtBA...,1777099.553292927,0.36698589748051463,BUYBACK_GAMING,,False,7284230,0.5203186278249988,6,5G9hfkx9...,0.009994659342336155,1.1816195389983488,1.1698096542338121,0.027955807849600195,,COUNTER,485297.062238849,10641.406258159,0.0,DIVERGENT,1.0,0.0,1295.967040512703,27933.502441315,0.015554003481948592,27933.502441315,0.015554003481948592,0.0,DORMITORY,False,True,0.1555400348194912,,,22414.200939574996,0.012480732059707752,30.0
96,65,91,100,101,Tag101,2026-09-23,9131577,0.00391117,0.003917126450687647,-0.0015206174124404246,IN BAND,False,True,2.8e-08,3679.004365637,2527228.160348161,1.0,940640.245314445,166904.54146455,0.0003527464605012477,573.5326752809342,,0.0,,,0.09018949841128042,2.000106351797148e-05,-2.478016710073072,-0.018500845184691833,-3.4306759192943943,-0.9711600544060143,-0.9526592092213224,1.0398744526643595,0.9526792102848404,1,0.36806505832403386,MINER_BURN_ONLY,2659.1865612699185,2650.0875454768307,0.0030823224231326662,0.0014557468230846895,-0.6277976096450194,5H8dNvi1...,1376363.149627396,,,,False,5481350,0.9037239985918295,0,5H6Dezn7...,0.179995422293431,1.1660171547222566,0.9561394045566391,0.5885306190963056,,COUNTER,918080.071489675,6970.543419914,0.0,DIVERGENT,-0.9821260964664503,2.044872641536021,1295.967040512703,13574.61335476,0.005371344608984536,13574.61335476,0.005371344608984536,0.0,FORTRESS,True,True,0.05371344608984536,,,16856.039998541994,0.00666977373195297,30.0
97,66,31,101,19,blockmachine,2026-09-23,9131577,0.009522235,0.009495106292888522,0.0028571251626531716,IN BAND,False,False,0.001330455,31412.689659695,2745983.691988163,1.0,3298877.820198718,1681094.030999314,-0.008205630128196056,-791.6825189758092,,0.0,,,,0.1113064744814325,-1.2393432785229173,0.03476168947894692,-2.3089532773973147,-1.0348483093954506,-1.0696099988743974,0.9570340886100674,1.18091647335583,1,0.0,,0.0,0.0,0.0002288853284504455,0.011439503355881696,0.20134646497189948,5FWh37Lf...,1328675.654325287,7.386492025624986,BUYBACK_GAMING,,False,1956072,0.0,124,5HQLnZYK...,,0.683604620855823,0.683604620855823,0.013322142530138867,,COUNTER,1013639.146969995,0.0,0.0,DIVERGENT,1.0,0.0,1295.967040512703,169456.907877136,0.061710820924229456,169456.907877136,0.061710820924229456,0.0,DORMITORY,True,True,0.6171082092422966,,,48394.37987515699,0.017623695295917147,30.0
98,67,18,7,68,NOVA,2026-09-23,9131577,0.020577631,0.020520778140053153,0.002770502149520277,IN BAND,False,False,0.002958319,43350.989256587,3740553.456969837,1.0,2106704.558252209,1699225.908121797,0.0020257665134935203,-5284.925145961344,DISTRIBUTING_PRE_EMA,0.0,,0.09844507919757724,0.09844507919757724,0.17933759910262492,-3.971940938814469,0.033707776152496705,-5.062239647760362,-1.0565909327933964,-1.090298708945893,0.7025698282972545,1.269636308048518,1,0.0,,0.0,0.0,0.0,0.011589458553468969,-0.4367933532548538,5EcdJLAe...,2508369.042164137,0.4475109994341603,BUYBACK_GAMING,,False,4972413,0.0,11,5E2LP6En...,0.0,0.17250714423179847,0.17250714423179847,0.16411305090953485,,COUNTER,682309.357738917,6247.123951755,0.0,DIVERGENT,1.0,0.0,1295.967040512703,548652.006549509,0.14667669179468518,548652.006549509,0.14667669179468518,0.0,DORMITORY,True,True,1.466766917946852,0,,30908.016814207007,0.008262952841006876,30.0
99,124,124,102,35,SN35,2026-09-23,9131577,0.003006436,0.0032963769044727087,-0.08795744930723812,IN BAND,False,True,0.0,464.335627646,51830.933530035,1.0,154447.191540242,7303.261176349,,3976.040639816172,,,,,,,-16.726892626302302,-1.070148966571397,-16.726892626302302,-1.070148966571397,,50.70331211528587,23.95329845901148,1,0.0,,0.0,0.0,0.0,0.008958658392230708,1.9798267424387908,5FjUeckL...,789157.006181653,,,,True,9046691,0.0,1,5E2LP6En...,0.0,1.0458009693490706,1.0458009693490706,0.22608111819818721,,COUNTER,0.0,0.0,0.0,OK,1.0,0.0,1295.967040512703,0.0,0.0,0.0,0.0,0.0,NEITHER,False,,,,,16800.328988141013,0.3241371097127848,30.0
100,68,52,103,21,AdTAO,2026-09-23,9131577,0.003373134,0.0033650887198746204,0.0023908077305252076,IN BAND,False,False,0.000149683,7451.387654094,3825231.078739497,1.0,2209039.39600779,599595.185315039,-0.0017317969702688176,-5913.88282274222,,0.0,,,,0.05279109640522773,-0.7427951051134817,0.029088160721390026,-1.9718390266676926,-1.199955760832821,-1.229043921554211,0.6870173189291319,1.2818350179594389,1,0.0,,0.0,0.0,0.00016784924086366004,0.0019479575222288027,-0.42250811197278176,5HjCYVfr...,2028202.023050956,0.04405149133225729,,,False,3156578,1.0,110,5GCYWvew...,,19.22590450449562,19.22590450449562,0.0,,COUNTER,834653.38669571,0.0,0.0,DIVERGENT,1.0,0.0,1295.967040512703,5839.628796876,0.0015266081124699776,5839.628796876,0.0015266081124699776,0.0,NEITHER,True,True,0.015266081124699777,,,10988.801006263004,0.0028727156033365887,30.0
101,69,14,104,8,Vanta,2026-09-23,9131577,0.028031104,0.027978986501693726,0.0018627371760989477,IN BAND,False,False,0.003880324,79762.780329009,3264916.55562235,1.0,2845509.77741864,1410516.126104392,-0.008329727580013033,-4237.569533879403,,0.0,,,,0.12784774339531474,0.3587499738552975,0.022663302309203864,-0.9047642977848662,-1.24085096933096,-1.2635142716401637,0.8049210309753406,1.3913620150354784,1,0.0880439906406186,,725.0927799521014,721.6693878715338,0.001159685664148924,0.024430266124766186,-0.1284586534741484,5F6tnxzA...,18883.51799242,0.18184332613582638,,,False,1477264,0.9652301440596404,114,5G9hfkx9...,0.009994659342336155,0.4810078799686274,0.4762003700673617,0.018144638251766394,,COUNTER,795172.494578444,0.0,0.0,DIVERGENT,-0.9506117346606793,0.5568578253240384,1295.967040512703,607572.37968396,0.18609124286429002,607571.159893335,0.18609086925883817,1.219790625036694,FORTRESS,True,True,1.8609086925883818,0,,17444.706987633,0.005343078970147748,30.0
102,70,22,105,56,Gradients,2026-09-23,9131577,0.015862821,0.01585530862212181,0.0004738083664739745,IN BAND,False,False,0.002208813,50870.328585794,2862005.276861991,1.0,3206890.365746079,2852464.522848015,-0.009019599530651996,-2916.5354490233585,,0.0,,,,0.1141089653905053,-0.5722056410320616,0.00576466845876669,-1.8770722987409458,-1.2991019892501177,-1.3048666577088843,0.9182373006947901,1.4189756230993897,1,0.0,,0.0,0.0,6.103608758678547e-05,0.017774365755736873,0.1205047170195562,5EJ1zbdw...,15235.67111953,0.00029935343847287496,,,False,4312927,0.0,50,5G9hfkx9...,0.009994659342336155,0.44494856305169533,0.4405014537391317,0.027118178488585033,,COUNTER,841047.343861356,0.0,0.0,OK,1.0,0.0,1295.967040512703,264724.185506575,0.09249605080981138,264724.185506575,0.09249605080981138,0.0,DORMITORY,True,True,0.9249605080981137,,,22525.95190349002,0.007870688459452567,30.0
103,72,7,106,15,ORO,2026-09-23,9131577,0.025132745,0.02508323616348207,0.00197378185953573,IN BAND,False,False,0.007939135,13742.377927341,1579396.831078245,1.0,546792.020778338,589568.315354848,-0.0009198017926109515,-3301.8502779499395,,0.0,,,,1.5182268229205196,-7.951291954296521,0.024014345957684712,-9.298525573138521,-1.3232192728843157,-1.3472336188420004,1.663926347253641,2.86546044176252,1,0.0,,0.0,0.0,0.000579842832074462,0.008701029188439714,-0.6537971006175524,5EHdase3...,216.588029224,0.0,,,False,7366897,0.0,76,5DWsubqY...,0.0,0.6041927015979645,0.6041927015979645,0.02084541431405463,,COUNTER,372945.467614599,2797.563389807,0.0,DIVERGENT,1.0,0.0,1295.967040512703,1010.651574802,0.0006398971777802252,1010.651574802,0.0006398971777802252,0.0,NEITHER,False,True,0.006398971777802251,,,27831.348918549,0.017621504849765147,30.0
104,73,83,107,45,AlphaRidge.ai,2026-09-23,9131577,0.002443142,0.002435945440083742,0.0029543190080688346,IN BAND,False,True,9.72e-07,6263.372014043,3209491.532505567,1.0,2563654.434791984,750873.554022921,-0.0007759101295867152,-5633.316512126476,,0.0,,,,0.0004078339901051362,-0.4624943828012686,0.03594421459817082,-1.8761599633222312,-1.3777213659227918,-1.4136655805209626,0.8188212909689119,1.4140734145110678,1,0.2550243742350325,MINER_BURN_ONLY,1844.7889175971504,1836.906106885317,0.0026703288319218643,0.0019515153570613558,-0.20122720780807843,5FbcZiAH...,917.231765369,0.0,,,False,3633154,0.6156364749082007,48,5G9hfkx9...,0.009994659342336155,0.47706603783932916,0.472297925307327,0.01693880665344117,,COUNTER,1089172.973831749,0.0,0.0,DIVERGENT,-0.7561422007181983,1.4174018701576012,1295.967040512703,111021.259462429,0.034591541475654734,111019.200205241,0.03459089986087958,2.059257188011543,FORTRESS,True,True,0.3459089986087958,,,15315.638043014995,0.004771982691930791,30.0
105,71,47,12,67,Harnyx,2026-09-23,9131577,0.003951018,0.003971585072577,-0.005178555211875346,IN BAND,False,False,0.000273808,2821.869756978,955069.176169296,1.0,714213.314821276,68904.361993613,0.00015566218436049352,2990.378230513539,,0.0,,0.03939799422844784,0.03939799422844784,0.2549966816224006,-5.180320936800829,-0.06300575507781671,-6.524427939922817,-1.407112758199805,-1.3441070031219884,2.751633144041662,1.599103684744389,1,0.006102913706793316,MINER_BURN_ONLY,50.40951082401443,46.98611874344681,0.001159685664148924,0.002954623421411513,-0.25218679808304767,5HEAv3TU...,1076441.239170331,,,,False,7236936,0.005209367695809597,246,5HGnF3Wr...,0.0,0.719864156589426,0.719864156589426,0.008469274084021303,,COUNTER,280332.462008704,6279.314248273,0.0,DIVERGENT,0.9071074688323564,0.036255643295417785,1295.967040512703,522.283347221,0.0005468539455077333,522.283347221,0.0005468539455077333,0.0,NEITHER,False,True,0.005468539455077334,,,31811.979029699993,0.033308560074459974,30.0
106,74,29,108,62,Ridges,2026-09-23,9131577,0.010627625,0.010616897139698267,0.0010104515623137913,IN BAND,False,False,0.001594451,29886.701371945,2749914.591077375,1.0,2812171.129984521,4391619.711434244,-0.02595581615076601,-3975.2249693139456,,0.0,,,,0.14020340270584047,-1.404473501796242,0.01229382734148446,-2.8413562190284836,-1.424588889890757,-1.4368827172322416,0.9556660445117275,1.5770861199380821,1,0.047929878828474826,,397.3648826489807,396.8693916899512,0.00016784924086366004,0.01086822895115293,0.022639484471171093,5DhsVYew...,6623.843272693,0.18922930058778054,,,False,4474225,0.3269489042183017,165,5HbsMWHU...,,3.7341319856032857,3.7341319856032857,0.0,,COUNTER,190862.736739522,170981.9854291,0.0,OK,0.06453613244447824,0.306234170533337,1295.967040512703,148024.468618807,0.05382875129980427,148024.468618807,0.05382875129980427,0.0,FORTRESS,True,True,0.538287512998046,,,17565.106145201,0.006387509707463043,30.0
107,75,70,109,47,GPUForge,2026-09-23,9131577,0.00207387,0.0020615956746041775,0.00595379857797721,IN BAND,False,True,2.2156e-05,1085.205288372,1522458.979992631,1.0,523275.454011955,54080.463230699,1.9567391779975152e-05,-262.85943382477853,DISTRIBUTING_PRE_EMA,0.0,,,0.009435206536559743,0.05365433492067593,33.6841032895235,0.07243788269872271,31.92978062988997,-1.6818847769348086,-1.7543226596335313,1.7261548813700847,1.8079769945542072,1,0.0,,0.0,0.0,0.0,0.000712797719106529,-0.6562958531120422,5D7yqC9y...,1001243.530068813,,,,False,7340355,1.0,28,5G9hfkx9...,0.009994659342336155,0.744041176141834,0.7366047380496252,0.024964902642983584,,COUNTER,682725.854146639,52.790049364,0.0,OK,1.0,0.0,1295.967040512703,81646.18844397,0.05362784122063189,1082.01056104,0.0007106993194951218,80564.17788292999,NEITHER,False,False,0.6207578066649669,,,24785.220641768992,0.01627972967908072,30.0
108,76,32,110,14,Cacheon,2026-09-23,9131577,0.008908255,0.00891286856494844,-0.000517629640201695,IN BAND,False,False,0.001258997,24713.733722877,3190644.571286238,1.0,2774250.730717061,2662837.863150141,-0.012349965626037119,-8799.973251879215,,0.0,,,,0.13387876365023935,-1.588676953992828,-0.006297827289120621,-3.407810991198261,-1.8254318644945535,-1.819134037205433,0.8236580230998841,1.9530128008556724,1,0.0,,0.0,0.0,0.00012207217517357094,0.007745686857534935,-0.1305045873142456,5CKhH8nK...,1739574.202531515,4.2158468662582536,BUYBACK_GAMING,,False,4848444,0.0,70,5G9hfkx9...,0.009994659342336155,0.48518928490210145,0.4803399832829533,0.004471098089483001,,COUNTER,1226611.25981397,526.080568229,0.0,DIVERGENT,1.0,0.0,1295.967040512703,56984.962003374,0.01786001565834134,50799.971445492,0.015921538833456813,6184.990557881996,DORMITORY,True,True,0.15921538833456972,,,15654.136750837999,0.004906261540917226,30.0
109,77,43,111,50,Synth,2026-09-23,9131577,0.004020462,0.004037681734189391,-0.004264757681018256,IN BAND,False,False,0.000296718,10202.859854271,3257581.544532822,1.0,2537732.905486544,1229796.72915933,-0.0056701551055483215,-10746.37481155293,,0.0,,,,0.07642709153488762,-5.2490216554449844,-0.05188788511905544,-7.224113390354358,-2.0269796200284285,-1.975091734909373,0.8067334505902256,2.0515188264442608,1,0.0,,0.002700880984775722,0.0,0.0018005645838101714,0.003132035135511617,-0.22097631179908744,5DxyiWpG...,2236435.024435366,0.0,,,False,4763204,0.1830411055230292,220,5Ff9fYuf...,,12.619709639938407,12.619709639938407,0.0,,COUNTER,467621.620920219,0.0,0.0,DIVERGENT,0.9999900185019853,0.0,1295.967040512703,212500.00519846,0.06523244385243322,212500.00519846,0.06523244385243322,0.0,DORMITORY,True,True,0.6523244385243322,,,26717.142571386004,0.008201526870823914,30.0
110,78,42,112,63,Enigma,2026-09-23,9131577,0.004187725,0.004171539098024368,0.0038800791734870956,IN BAND,False,False,0.000334463,11064.173680338,3374684.899270619,1.0,2642048.360687658,1241702.650547241,-0.0023243817583002914,-14120.171364412177,,0.0,,,,0.07944278437729191,-8.025467514937308,0.04720762994409299,-10.32486253301425,-2.252187388132848,-2.299395018076941,0.7787393722501316,2.3788378024542327,1,6.4022426808711405e-06,,0.0948223719606176,0.049777739321569925,1.5259021896696368e-05,0.0032785797816943844,-0.21709764091615746,5CqTmNfg...,25683.443143603,0.06693056434131427,,,False,4885578,3.0518509475996325e-05,147,5EZ52JMq...,0.0,0.32870733144915276,0.32870733144915276,0.8924173292029727,,COUNTER,725440.682340443,0.0,0.0,DIVERGENT,0.9978449520351529,3.84097263012778e-05,1295.967040512703,72397.992373783,0.021453259944189337,72397.992373783,0.021453259944189337,0.0,DORMITORY,True,True,0.2145325994418934,,,9925.372007979,0.0029411255581592824,30.0
111,80,44,113,102,ConnitoAI,2026-09-23,9131577,0.005459143,0.0053525338880717754,0.019917503402604262,IN BAND,False,False,0.000290236,3322.671326015,972429.501843609,1.0,608643.393543604,232158.616620627,-9.995717380745074e-05,33.69877331331372,ACCUMULATING_PRE_EMA,0.0,,,,0.22955632175475565,-10.309317929635062,0.24232962473168518,-12.868510885114592,-2.3168633307478443,-2.5591929554795296,2.7025095341283136,2.7887492772342855,1,0.09735975856874123,MINER_BURN_ONLY,738.438696141995,738.2585176114388,6.103608758678547e-05,0.003416876307964347,-0.37410023735147674,5HBc11rC...,789781.382214009,0.0,,,False,7840965,0.2501564145213716,0,5EEinUEy...,0.179995422293431,1.0185458160998053,0.8352122318057136,0.4964444851370323,,COUNTER,150910.939235922,7309.092357836,0.0,DIVERGENT,-0.7621690722078043,0.5696584052935275,1295.967040512703,2002.340459168,0.00205911118016453,2002.340459168,0.00205911118016453,0.0,EXPOSED,False,True,0.0205911118016453,,,33928.64300918702,0.03489059406863161,30.0
112,79,51,5,96,Verathos,2026-09-23,9131577,0.005044319,0.00503574451431632,0.001702724524507362,IN BAND,False,False,0.000152669,2791.622446585,841656.032239389,1.0,553419.149917201,99442.644763232,0.0007914143622985852,1480.1646707220934,,0.0,,0.15689221127739644,0.15689221127739644,0.1437207715860024,-9.421850719402928,0.02071648171483957,-11.85783666835255,-2.4152694672347814,-2.435985948949621,3.1224156892307855,2.5797067205356234,1,0.12836710265597873,MINER_BURN_ONLY,953.7024664849741,952.2159936078856,0.0005035477225909801,0.003316821052369039,-0.342464056621114,5CGq1JQh...,707824.993323728,,,,False,7692872,0.3616988794235291,66,5GTn5Pfe...,,9.74606691370811,9.74606691370811,0.0,,COUNTER,270045.813318913,7897.141864024,0.0,DIVERGENT,-0.9676206306442239,0.7347532489955727,1295.967040512703,200132.228989391,0.23778387051643937,200132.228989391,0.23778387051643937,0.0,FORTRESS,False,True,2.377838705164399,0,,35810.535998875996,0.04254770907254728,30.0
113,85,82,114,112,for sale,2026-09-23,9131577,0.006984073,0.006492647808045149,0.07568948855441048,IN BAND,False,True,1.129e-06,5987.289300789,2745999.428738083,1.0,857277.589418306,185322.346978909,-0.0010482548438311206,-28996.712228616234,,0.0,,,,0.0004955518016490383,67.24712136196337,0.920888777411994,62.376322053769016,-3.949910530782355,-4.870799308194349,0.9570286040473397,4.871294859995998,1,0.3519097367412826,MINER_BURN_ONLY,2534.205573613057,2534.160528980418,1.5259021896696368e-05,0.0021803680066825224,-0.6878085313995826,5GQjr3Qt...,1320145.271933466,0.0,,,False,5633022,1.0,0,5C4xjnQk...,0.179995422293431,1.187394467662497,0.9736688990267022,0.6052037234854265,,COUNTER,1037617.246683818,0.0,0.0,DIVERGENT,-0.987238314084722,1.9554205082081932,1295.967040512703,109192.016768061,0.03976403477193726,109192.016768061,0.03976403477193726,0.0,FORTRESS,True,True,0.3976403477193726,,,17762.122883419997,0.00646836364841581,30.0
114,88,10,115,114,SOMA,2026-09-23,9131577,0.018491844,0.016466869972646236,0.12297261293236224,IN BAND,False,False,0.005621106,8043.988822046,1812094.520947695,1.0,435002.162502675,241168.93847586,-0.00033109223172571404,-26731.928353763476,,0.0,,,,1.8364354917443375,8.021530531867233,1.496166790677074,2.445596332215821,-4.079767408974338,-5.575934199651412,1.4502554748775467,7.4123696913957495,1,0.0,,0.0,0.0,6.103608758678547e-05,0.004439055871014459,-0.7599452022732585,5FHrQMjz...,1155192.854777768,0.30335973130671956,BUYBACK_GAMING,,False,7312241,0.0,5,5E2LP6En...,0.0,0.5125442236979852,0.5125442236979852,0.29378462101905967,,COUNTER,373811.447473431,13816.272943106,0.0,DIVERGENT,1.0,0.0,1295.967040512703,146039.760277138,0.08059169021755094,146039.760277138,0.08059169021755094,0.0,DORMITORY,False,True,0.8059169021755094,,,36277.61830946399,0.0200197163503874,30.0
115,83,2,3,51,lium.io,2026-09-23,9131577,0.090932625,0.08748985547572374,0.039350499615713075,IN BAND,False,False,0.012856198,160690.34718039,4195189.442029584,1.0,1767136.385200024,2123190.147605114,0.015805744069074572,-46455.3707645433,DISTRIBUTING_PRE_EMA,0.0,,0.17381818757651143,0.17381818757651143,0.21025586749197783,0.13313119275710644,0.4787644119911757,-4.472012151959357,-4.126378932725289,-4.605143344716464,0.6264317824771708,4.815399212208442,1,0.0,,0.0,0.0,0.0006713969634546402,0.03830347816251413,-0.5787707859251382,5FqACMtc...,216.588029224,0.0,,,False,3966206,0.8526820479149807,189,5GP7c3fF...,0.0009918364232852674,0.30167856678099647,0.3013793509903386,0.17140241110941554,,COUNTER,1220050.075654349,47834.295633396,0.0,DIVERGENT,1.0,0.0,1295.967040512703,512241.048894499,0.12210200658940511,509976.483712145,0.12156220613136942,2264.56518235401,DORMITORY,True,True,1.2156220613136957,0,,15418.193211203004,0.0036752078599205907,30.0
116,125,125,116,36,Epago,2026-09-23,9131577,0.008026931,0.012456422671675682,-0.35559901814730344,DISCOUNT,True,True,0.0,620.292061384,117010.606546936,1.0,77276.361454381,17060.810093632,,6569.3081242263725,,,,,,,-35.19641606258013,-4.326454720792191,-35.19641606258013,-4.326454720792191,,22.45950241225218,1.8443023698350376,1,0.0,,0.0,0.0,0.0,0.005301160977532278,-0.33957810556334933,5DCjvVt6...,644119.029930829,,,,True,8884359,1.0,1,5E2LP6En...,0.0,1.031923051675847,1.031923051675847,0.3811456648457289,,COUNTER,34545.255833249,0.0,0.0,DIVERGENT,1.0,0.0,1295.967040512703,57874.954555088,0.4946128924805876,57874.954555088,0.4946128924805876,0.0,DORMITORY,False,True,4.9461289248059295,0,,17835.871970064003,0.1524295317870143,30.0
117,82,53,117,66,conjectures,2026-09-23,9131577,0.003235564,0.003189970040693879,0.014292911445714745,IN BAND,False,False,0.000122005,6982.411075326,3685747.429793714,1.0,2158019.335063251,1413729.497317374,-0.005772511456838813,-38300.996461282484,,0.0,,,,0.04591954505987464,-5.7269025298284335,0.17389708925619604,-10.266321035259185,-4.365521416174556,-4.539418505430753,0.713016843953164,4.585338050490628,1,0.0,,0.0,0.0,0.0,0.001894435581473578,-0.4144960255851598,5CJCRGep...,1170242.389930304,0.23288639491768562,BUYBACK_GAMING,,False,4958013,1.0,53,5GP7c3fF...,0.0009918364232852674,0.4623461276994101,0.4618875559697929,0.05719517778116893,,COUNTER,876389.726869251,0.0,0.0,DIVERGENT,1.0,0.0,1295.967040512703,392806.591766313,0.10657447349513524,392806.591766313,0.10657447349513524,0.0,DORMITORY,True,True,1.0657447349513525,0,,13265.045933886004,0.0035990111060400115,30.0
118,84,36,118,91,cascade,2026-09-23,9131577,0.005732545,0.005561589263379574,0.030738648347530612,IN BAND,False,False,0.000915115,3487.533822162,1163326.701886688,1.0,608374.42674935,185896.117189241,-0.00013977869327964234,-9337.584544888581,,0.0,,,,0.6895767446662739,-10.051700486579795,0.37398688822828907,-14.891492969552102,-4.465805594744017,-4.839792482972307,2.2590386653533345,5.529369227638581,1,0.0,,0.0,0.0,1.5259021896585345e-05,0.002997897165521864,-0.47703905237170163,5HEe7NjS...,408987.598092767,0.0,,,False,7633645,0.0,0,5FcCsoB2...,0.0,0.686043886609632,0.686043886609632,0.2604150770639402,,COUNTER,399376.775480423,9542.545852108,0.0,DIVERGENT,1.0,0.0,1295.967040512703,152159.491459508,0.13079687005613738,152159.491459508,0.13079687005613738,0.0,DORMITORY,False,True,1.3079687005613738,0,,39516.99005746702,0.03396895299779349,30.0
119,81,69,119,70,SN70,2026-09-23,9131577,0.002107614,0.002221069997176528,-0.05108168464783003,IN BAND,False,True,2.9737e-05,332.250971215,250254.928185646,1.0,157643.172479703,14708.822631749,,4176.897733220889,,,,,,0.23521025601285542,-16.312719522608326,-0.621493829881932,-20.641765004948905,-4.950539312222512,-4.32904548234058,10.501291699040896,4.5642557383534355,1,0.0,,0.0,0.0,0.0,0.0013276500631728902,-0.3700696317385962,5Cz1mjiJ...,595243.488042949,,,,True,8825571,1.0,1,5E2LP6En...,0.0,0.981155625116274,0.981155625116274,0.4545953946866464,,COUNTER,114390.63833428,0.0,0.0,OK,1.0,0.0,1295.967040512703,0.0,0.0,0.0,0.0,0.0,NEITHER,False,,,,,43305.352966246995,0.17304495571860184,30.0
120,86,72,120,92,Available,2026-09-23,9131577,0.001591439,0.001594642410054803,-0.002008857932414299,IN BAND,False,True,7.996e-06,637.387149585,557883.86822165,1.0,400509.863534686,80607.795782421,-2.6195570558567144e-05,-477.58476170920767,,0.0,,,,0.032968170151660245,-22.03193573270605,-0.024441104844373972,-27.09381100010338,-5.086316372241705,-5.0618752673973315,4.7106578083664585,5.094843437548992,1,0.0,,0.0,0.0,0.0,0.0011425086579699467,-0.28209082599462076,5E9LPDS2...,784162.007697635,,,,True,8352006,1.0,1,5E2LP6En...,0.0,0.8550805304357775,0.8550805304357775,0.24003540255142528,,COUNTER,228023.09849291,0.041020142,0.0,OK,1.0,0.0,1295.967040512703,49274.304008288,0.08832358635025288,49274.304008288,0.08832358635025288,0.0,DORMITORY,False,True,0.8832358635025392,,,44546.78210916402,0.07984956125575828,30.0
121,87,48,121,85,Vidaio,2026-09-23,9131577,0.004930161,0.004892690340057015,0.007658498155137215,IN BAND,False,False,0.000264488,12471.188330302,2742033.733600838,1.0,2529570.008692463,1458387.970142346,-0.006693889346863315,-33111.61342667928,,0.0,,,,0.055734421258889624,-5.3923991425807785,0.09317839422083611,-10.827894621758004,-5.342317084956389,-5.435495479177225,0.9584127167352208,5.491229900436115,1,0.07779245684414335,SKIN_IN_GAME,590.4239929150208,590.1537251191864,9.15541313801782e-05,0.0045481527734251605,-0.07748392528658583,5GTPBjA4...,3088790.559548042,1.0928494105063309,BUYBACK_GAMING,,False,5258781,0.25332295624837853,133,5HEDMsyw...,0.179995422293431,7.767467574592391,6.369358968353102,0.0,,COUNTER,510832.082124884,0.0,0.0,DIVERGENT,-0.9040006352780795,0.45537710965682676,1295.967040512703,142694.533469195,0.05203967103709135,142694.533469195,0.05203967103709135,0.0,FORTRESS,True,True,0.5203967103709166,,,26407.040862058995,0.00963045805690409,30.0
122,89,85,122,23,Trishool,2026-09-23,9131577,0.004820503,0.004271160112693906,0.12861678626222536,IN BAND,False,True,5.79e-07,7936.816998727,4418078.437053338,1.0,1646470.568348093,614422.543558146,3.250270980840306e-05,-107556.03774872585,DISTRIBUTING_PRE_EMA,0.0,,,0.006742597153949092,0.00019171564624005492,4.9530117223990215,1.5648375661904086,-4.777496968630667,-8.16567112483928,-9.730508691029689,0.5948287332247454,9.730700406675929,1,0.32971674881338364,MINER_BURN_ONLY,2374.2909909000155,2374.2459462673764,1.5259021896696368e-05,0.0017964409441359997,-0.6273333002518617,5CqTRwoF...,1466211.384186068,0.0,,,False,2063528,0.8065889461958677,188,5HKsvivb...,0.0899977111467155,0.8790312474667978,0.799920447168344,0.38960781321532123,,COUNTER,1188141.845010937,0.055431535,0.0,DIVERGENT,-0.9865690828336054,1.8320264883650828,1295.967040512703,870116.576608694,0.19694457420928524,870116.576608694,0.19694457420928524,0.0,FORTRESS,True,True,1.9694457420928522,0,,11461.107691286,0.002594138572815844,30.0
123,91,45,123,54,Yanez,2026-09-23,9131577,0.00608668,0.0057535963132977486,0.05789138976129173,IN BAND,False,False,0.000288371,9851.381215018,4313036.774823843,1.0,1618514.658161174,932502.938815421,-0.0018134332739084883,-114758.37903148727,,0.0,,,,0.0769271812205082,9.7455285045214,0.704345242095716,-0.8216739647433311,-9.862857227169016,-10.567202469264732,0.609315463141938,10.64412965048524,1,0.11919153730588801,SKIN_IN_GAME,901.7652498560492,898.8373487345108,0.000991836423285375,0.0022840939526698936,-0.6247389459163463,5FUfruyV...,3814726.24471658,0.6295435067383712,BUYBACK_GAMING,,False,4742549,0.30391018787230784,59,5DUB7kNL...,0.01998931868467231,0.3170085152856484,0.31067173104784873,0.8187575346019441,,COUNTER,601108.608065726,0.0,0.0,DIVERGENT,-0.9040527687083295,0.6935649755250858,1295.967040512703,644081.425659809,0.14933362716020784,644081.425659809,0.14933362716020784,0.0,FORTRESS,True,True,1.4933362716020782,0,,14571.077588636,0.0033783800948998695,30.0
124,90,37,124,41,Almanac,2026-09-23,9131577,0.005730917,0.005726201925426722,0.0008234209402120164,IN BAND,False,False,0.000830134,13443.939278628,3450098.852791819,1.0,2345861.729233322,1607648.661636429,-0.002647854639532984,-85365.26073120674,,0.0,,,,0.16227328216723683,8.185306036586631,0.010018288105912865,-1.8046120045442038,-9.979899753024922,-9.989918041130835,0.7617173049616892,10.152191323298071,1,0.0,,0.0,0.0,0.0006866559853513365,0.0038966823422317796,-0.3200595398202802,5FCSevLk...,9233.685053712,0.010445969504269874,,,False,3394182,0.0,228,5HbScNss...,0.0899977111467155,0.4006775896970233,0.36461752371650835,0.013825306720380882,,COUNTER,1036819.609524187,0.0,0.0,DIVERGENT,1.0,0.0,1295.967040512703,271111.945633162,0.07858092106948712,271111.945633162,0.07858092106948712,0.0,DORMITORY,True,True,0.7858092106948713,,,10623.658257093004,0.0030792330047286452,30.0
125,92,62,125,76,Ormas,2026-09-23,9131577,0.006429599,0.0026570141781121492,1.4198587470723745,PREMIUM,False,True,6.0079e-05,525.862946056,39118.15595255,1.0,81787.821228472,7238.005747728,,-3510.5819481772487,,,,,,0.3002447941695939,15.201082672392104,17.274948089380555,-122.1229060602356,-120.04904064324714,-137.3239887326277,67.18108090748814,137.6242335267973,1,0.0,,0.0,0.0,1.5259021896696368e-05,0.01344293802330221,1.0907894914289693,5CLWmDjL...,512362.209318232,1.2099565727905375,BUYBACK_GAMING,,True,9003844,0.8255867183446761,19,5G9hfkx9...,0.009994659342336155,1.092788456168978,1.0818664078163316,0.02061556772923565,,COUNTER,1719.959597884,0.0,0.0,DIVERGENT,1.0,0.0,1295.967040512703,0.0,0.0,0.0,0.0,0.0,NEITHER,False,,,,,8931.213806909998,0.22831377373063003,30.0
126,126,126,126,59,SN59,2026-09-23,9131577,0.005122747,0.0,,N/A,False,True,0.0,530.361161239,0.0,0.0,103530.603756369,1.345483354,,,,,,,,,0.0,,0,,,,,,,,,,0.0,,,5GzrQ2fe...,375020.757723136,,,,True,8938771,1.0,0,5FKjMupT...,,0.0,0.0,0.0,,,0.0,0.0,,NO_ESTIMATE,,,,0.0,,0.0,,0.0,,False,,,,,0.0,,30.0
127,127,127,127,86,SN86,2026-09-23,9131577,0.005989978,0.0,,N/A,False,True,0.0,709.206653218,0.0,0.0,118398.856999575,2.125984345,,,,,,,,,0.0,,0,,,,,,,,,,0.0,,,5F4XAWGz...,279975.624331672,,,,True,8693284,1.0,0,5F1N5GEH...,,0.0,0.0,0.0,,,0.0,0.0,,NO_ESTIMATE,,,,0.0,,0.0,,0.0,,False,,,,,0.0,,30.0
128,128,128,128,108,SN108,2026-09-23,9131577,0.004442101,0.0,,N/A,False,True,0.0,509.726336695,0.0,0.0,114748.920024039,1.048812107,,,,,,,,,53.91769548617237,,53.91769548617237,,,,,,,,,,0.0,,,5FBwsAvv...,611083.360623778,,,,True,9111253,1.0,0,5HjH8Zqf...,0.0,0.0,0.0,0.0,,,0.0,0.0,,NO_ESTIMATE,,,,0.0,,0.0,,0.0,,False,,,,,0.0,,30.0
