combined_apy_rank,real_apy_rank,emission_rank,epr_rank,netuid,name,date,block,spot_price,moving_price,momentum_30d,ema_band,ema_lag_flag,low_emission,tao_emission,tao_reserves,alpha_outstanding,alpha_out_emission,alpha_in_pool,volume,ema_tao_inflow,pool_growth_real,pool_ema_divergence,flow_momentum,flow_price_divergence,emission_price_ratio,emission_price_ratio_raw,emission_apy,price_apy_7d,price_apy_30d,combined_apy_7d,combined_apy_30d,real_apy,gross_emission_rate,net_supply_delta,supply_days_gap,supply_defence,supply_defence_quality,burned_tokens,manual_burn,miner_burn_rate,liquidation_price,liquidation_haircut,owner_coldkey,owner_stake,owner_inflow_pct,owner_inflow_flag,large_entry_anomaly,immune,registered_at,vali_miner_share,best_validator_uid,best_validator_hotkey,best_validator_take,best_validator_raw_apy,best_validator_apy,best_validator_div_pct,best_validator_trust,burned_source,alpha_burned_cum,alpha_recycled_cum,recycled_tokens,recon_flag,recon_gap_relative,burn_coverage,owner_cut_emission,total_locked_alpha,locked_float_ratio,owner_locked_alpha,owner_lock_ratio,community_locked_alpha,commitment_class,gate_eligible,leader_is_owner,leader_pct_of_threshold,leader_blocks_to_threshold,governance_flag,basket_alpha,basket_share,ema_halving_days
1,1,57,14,106,Nodexo,2026-08-27,8939304,0.002921285,0.0029763258062303066,-0.018492870006062624,IN BAND,False,False,0.00011893,6570.178597335,2456995.382856469,1.0,2249071.43008005,355707.878227274,-0.0008091572467977437,80879.1255720323,ACCUMULATING_PRE_EMA,0.0,,,,0.04757070684909174,0.19359552647028558,-0.2249965850737619,10.433811670078565,10.015219558534517,10.24021614360828,1.0695990795655153,-10.192645436759188,1,0.0,,0.0,0.0,0.00015259021896696368,0.002674070388238418,-0.08462529734742823,5CTdHCps...,1162881.193961488,,,,False,5558480,0.0,31,5E4vCZrj...,0.0,0.4380393592124921,0.4380393592124921,0.033543424847772674,,COUNTER,838637.534343767,0.0,0.0,OK,0.0,0.0,1295.967040512703,294764.053759525,0.11996931529307,294764.053759525,0.11996931529307,0.0,DORMITORY,True,True,1.1996931529307033,0,,9520.664054949,0.0038749214269505083,30.0
2,2,60,15,55,NIOME,2026-08-27,8939304,0.002857261,0.0029328344389796257,-0.02576805494889065,IN BAND,False,False,0.000103891,6769.587307061,2995006.955856357,1.0,2369257.2769063,545915.477418532,-0.002858824195392448,95053.40192773193,ACCUMULATING_PRE_EMA,0.0,,,,0.040331195332279926,0.9992670984957852,-0.3135113352115029,11.125705343504091,9.812926909796802,10.126438245008305,0.8774603995030058,-10.086107049676025,1,0.08860117714870454,MINER_BURN_ONLY,661.4842142779962,661.1238572168838,0.00012207217517357094,0.002260291013289278,-0.2089308560578547,5GeWUxaF...,1224340.713771379,,,,False,4703386,0.02022067239458547,142,5E2LP6En...,0.0,0.3252218565093612,0.3252218565093612,0.5792983473470571,,COUNTER,319891.25706947,0.0,0.0,DIVERGENT,-1.0,0.5101394067516823,1295.967040512703,14841.866940702,0.004955536718096968,14841.866940702,0.004955536718096968,0.0,EXPOSED,True,True,0.04955536718096967,,UNDEFENDED_BURNER,9613.526826549001,0.003209851251848002,30.0
3,3,53,7,18,Zeus,2026-08-27,8939304,0.003887989,0.003972514299675822,-0.02127753188521432,IN BAND,False,False,0.000173426,9952.771385957,3038919.719958124,1.0,2559876.181921841,858598.118066741,0.00033872464815844845,82323.11732950341,,0.0,,0.08712078356148859,0.08712078356148859,0.045792625021314745,-5.307200788015642,-0.25887663793677423,3.181044078965334,8.229368229044201,8.488244866980976,0.8647809886982514,-8.44245224195966,1,0.09076199811556067,MINER_BURN_ONLY,683.4464709149906,682.6356675274878,0.0002746623941405346,0.0032751017806071387,-0.15763604768245523,5GgvCi6h...,2656135.248533106,,,ENTRY_REPEATED,False,1604679,0.17290168963780395,84,5DCSySUE...,0.179995422293431,0.38753134263540506,0.317777474965805,0.7824998855503502,,COUNTER,335142.269580626,30745.295806132,0.0,DIVERGENT,-1.0,0.5267384479603953,1295.967040512703,472285.796249436,0.15541239643406704,375000.0,0.12339911368411122,97285.79624943598,FORTRESS,True,True,1.2339911368411123,0,,8856.936722245,0.0029145017106167737,30.0
4,4,38,16,85,Vidaio,2026-08-27,8939304,0.00489361,0.005020297132432461,-0.025234986912234424,IN BAND,False,False,0.00078761,12351.541418067,2540473.098032655,1.0,2524013.998705281,1400699.157820699,-0.006693889346863315,68876.38189727301,ACCUMULATING_PRE_EMA,0.0,,,,0.16757739054110118,-5.852993902051395,-0.3070256740988522,2.3950284056337523,7.940996633586295,8.248022307685147,1.0344529930409914,-8.080444917144046,1,0.0,,0.0,0.0,0.00010681315327687457,0.004861906007834543,-0.006478651172745004,5GTPBjA4...,2944049.684699302,,,ENTRY_PRE_EMA_PATTERN,False,5258781,0.0600048834086192,0,5FR392L6...,0.179995422293431,0.36586211414377473,0.30000860840729854,0.999664296395764,,COUNTER,496360.999970373,0.0,0.0,OK,0.0,0.0,1295.967040512703,143874.406841709,0.056632918865830724,143874.406841709,0.056632918865830724,0.0,DORMITORY,True,True,0.5663291886583074,,,9021.076303241003,0.0035509434483785456,30.0
5,5,5,17,97,Albedo,2026-08-27,8939304,0.02292467,0.024039445910602808,-0.04637277892129474,IN BAND,False,False,0.008861787,11765.94414591,1028386.885886376,1.0,513243.969433348,498751.950474682,-0.0002017478056674679,29061.201263996016,ACCUMULATING_PRE_EMA,0.0,,,,1.9793376500172737,-0.9990815456940586,-0.5642021435424193,6.4346618465545715,6.86954124870621,7.43374339224863,2.5554584914167813,-5.454405742231356,1,0.0,,0.0,0.0,7.629510948348184e-05,0.011441165097869587,-0.5009234550434276,5GnW8owm...,1312692.689114629,,,ENTRY_REPEATED,False,7735450,0.3999999999999999,28,5E2LP6En...,0.0,0.6392106111560296,0.6392106111560296,0.1934720908230842,,COUNTER,70872.776437572,4583.298014649,0.0,OK,0.0,0.0,1295.967040512703,7940.331821389,0.0077211523506984,7940.331821389,0.0077211523506984,0.0,DORMITORY,False,True,0.07721152350698401,,,23428.50964672699,0.022781805143823615,30.0
6,6,21,18,49,Nepher Robotics,2026-08-27,8939304,0.008351333,0.008848849684000015,-0.05622388239904174,IN BAND,False,False,0.002221895,4230.720987097,2173344.931333906,1.0,506592.380435321,139296.737646951,-3.683535129229573e-05,47770.81943671359,ACCUMULATING_PRE_EMA,0.0,,,,1.3801761160351658,1.3686967693080772,-0.6840572358550078,8.646719360414396,6.593965355251311,7.2780225911063186,1.2091960011092424,-5.897846475071153,1,0.07845282266319979,MINER_BURN_ONLY,715.2332242450211,715.1431349797431,3.0518043793392735e-05,0.0019466403726813694,-0.7669066276388009,5FL781vf...,1729145.216150174,,,,False,6783158,0.9900050356309035,38,5F7SyyDE...,,4.102245380466131,4.102245380466131,0.0,,COUNTER,734980.358799182,837.682351088,0.0,DIVERGENT,-1.0,0.5518220082949195,1295.967040512703,462097.602286592,0.21262046149433642,462097.602286592,0.21262046149433642,0.0,FORTRESS,False,True,2.126204614943364,0,,15110.385108039001,0.006952594082139044,30.0
7,9,41,12,78,Vocence,2026-08-27,8939304,0.005025317,0.004913335898891091,0.02279125698167343,IN BAND,False,False,0.000742658,1619.177558518,887886.467037964,1.0,322204.110432975,138231.48661788,0.0001379181554245564,22197.200550666195,,0.0,,0.027444667754204642,0.027444667754204642,1.2053682523776799,77.41550887012242,0.27729362661036006,82.99731571985238,5.859100476340324,5.581806849729964,2.959837881939057,-4.376438597352284,1,0.0,,0.0,0.0,0.0,0.0018236313071868992,-0.6371111897643672,5FnQCJW2...,1091472.769705585,,,,False,7966145,1.0,210,5EtUYRu7...,0.09999237048905166,0.7855729184686564,0.707021620158973,0.010666544588903131,,COUNTER,67226.187965887,8107.779671713,0.0,OK,0.0,0.0,1295.967040512703,75334.838626749,0.08484737792892597,75334.838626749,0.08484737792892597,0.0,DORMITORY,False,True,0.848473779289268,,,29657.95763214799,0.03340287157556134,30.0
8,7,15,19,91,cascade,2026-08-27,8939304,0.007404384,0.007733784383162856,-0.042592392914391354,IN BAND,False,False,0.002861311,3501.578115913,1055162.373146249,1.0,472906.055734707,151269.049562019,-0.00013977869327964234,22186.037290754204,ACCUMULATING_PRE_EMA,0.0,,,,2.147467530090889,-0.6436441798280139,-0.5182074471250948,5.597192707118401,5.72262943982132,6.240836886946415,2.4906119350748974,-4.093369356855526,1,0.0,,0.0,0.0,1.5259021896585345e-05,0.0033185206419672716,-0.5518167828725157,5HEe7NjS...,337034.337836337,,,ENTRY_REPEATED,False,7633645,0.5161290322580645,1,5E2LP6En...,0.0,0.7792706307259087,0.7792706307259087,0.5635633955411777,,COUNTER,399376.775480423,9542.545852108,0.0,OK,0.0,0.0,1295.967040512703,66136.000528967,0.06267850542449198,66136.000528967,0.06267850542449198,0.0,DORMITORY,False,True,0.6267850542449239,,,26509.069576109996,0.025123213498474278,30.0
9,8,45,20,88,Investing,2026-08-27,8939304,0.00414988,0.004359320970252156,-0.04804440225470291,IN BAND,False,False,0.000490509,7179.803644872,3372485.517486183,1.0,1730123.105934223,702717.156884093,-0.0006446650318909965,65968.3834510541,ACCUMULATING_PRE_EMA,0.0,,,,0.17953940187774883,-7.576830256592408,-0.5845402274322187,-1.5333290467838214,5.458960982376368,6.0435012098085865,0.7792472306771787,-5.8639618079308375,1,0.0,,0.0,0.0,0.0010986495765621385,0.002128935352767283,-0.48698869539184675,5FhMsGJS...,2961501.985003436,,,ENTRY_REPEATED,False,5299805,0.0,153,5E2LP6En...,0.0,0.2568442821463923,0.2568442821463923,0.12980710535954096,,COUNTER,175269.312981134,0.0,0.0,OK,0.0,0.0,1295.967040512703,1116106.368302929,0.3309447475803732,1116106.368302929,0.3309447475803732,0.0,DORMITORY,True,True,3.3094474758037316,0,,8927.080694885,0.002647033070593927,30.0
10,10,1,13,107,Minos,2026-08-27,8939304,0.058476333,0.060344216879457235,-0.030953817549550698,IN BAND,False,False,0.019909897,21374.883991168,1516242.478644453,1.0,365530.766057593,463560.86708837,0.001226016808458981,25473.376958183304,,0.0,,0.0209660343862359,0.0209660343862359,2.4478827271118617,-6.985231581332481,-0.37660478018620014,-1.6038121010179465,5.004814700128334,5.381419480314534,1.7332320107199988,-2.933536753202672,1,0.0,,0.0,0.0,0.0001831082627603564,0.014097272891521623,-0.7589234452933015,5DA2vLrS...,1338422.912633319,,,,False,7457580,0.0,31,5DZStHLC...,,0.562967422664895,0.562967422664895,0.011475484885016252,,COUNTER,389715.783508211,11728.725039684,0.0,OK,0.0,0.0,1295.967040512703,41164.694002343,0.027149149678978093,41164.694002343,0.027149149678978093,0.0,DORMITORY,False,True,0.2714914967897809,,,22385.069408822,0.014763515548538542,30.0
11,11,19,21,118,Ditto,2026-08-27,8939304,0.010176916,0.010361067485064268,-0.017773408515071212,IN BAND,False,False,0.002581532,7044.973406534,2165997.534441344,1.0,692250.355570195,736177.909660118,-0.0019519015973399523,33981.788602503366,ACCUMULATING_PRE_EMA,0.0,,,,0.9629938545556181,-0.40307741131555697,-0.21624313693336641,4.155447430635091,4.342281705017282,4.558524841950648,1.2132977799893092,-3.5955309873950303,1,0.0,,0.0,0.0,3.0518043793392735e-05,0.0032525306675157623,-0.6804011482932784,5HGXqHbQ...,1888767.816297662,,,,False,5724794,0.7460363480994308,251,5ECg59rv...,,18.555963718209387,18.555963718209387,0.0,,COUNTER,320927.826926128,1788.13704218,0.0,OK,0.0,0.0,1295.967040512703,115042.745883799,0.0531130548647974,115042.745883799,0.0531130548647974,0.0,DORMITORY,True,True,0.5311305486479756,,,16011.018694362001,0.007391983804123571,30.0
12,12,55,22,54,Yanez,2026-08-27,8939304,0.004475844,0.004564396571367979,-0.019400718141684085,IN BAND,False,False,0.000150616,8420.271010303,3852139.380486376,1.0,1881270.022138007,860768.184016664,-0.0018134332739084883,56594.399087188765,ACCUMULATING_PRE_EMA,0.0,,,,0.0470078513524895,-4.801554805681749,-0.23604207072382302,-0.4100860324213338,4.155426702536593,4.391468773260415,0.6822183053169237,-4.344460921907926,1,0.18095367200294926,MINER_BURN_ONLY,1348.871253318037,1346.7091109513626,0.0007324330510414256,0.002185868728675089,-0.5116298225150185,5FUfruyV...,3474904.435923246,,,ENTRY_REPEATED,False,4742549,0.30657993189488,59,5DUB7kNL...,0.01998931868467231,0.3509354411439232,0.34392048077315124,0.8254692507248588,,COUNTER,577193.148722623,0.0,0.0,DIVERGENT,-1.0,1.0391538278771235,1295.967040512703,644081.425659809,0.16720096601968917,644081.425659809,0.16720096601968917,0.0,FORTRESS,True,True,1.6720096601968915,0,,8091.7569943220005,0.002100587802017778,30.0
13,13,33,23,79,MVTRX,2026-08-27,8939304,0.006746446,0.006823492469266057,-0.011291354040923348,IN BAND,False,False,0.001096947,10208.082347562,3490141.409704669,1.0,1513105.095062341,472322.562626186,-0.0051205686723918425,49220.85885397205,ACCUMULATING_PRE_EMA,0.0,,,,0.28240139703501654,0.3646015113908696,-0.13737814083123406,4.642620172644823,4.1406405204227195,4.278018661253953,0.7529780864158102,-3.9956172642189367,1,0.0,,0.0,0.0,0.002029449912260617,0.0029248334520708703,-0.566463075214584,5Fxp7QBG...,3844802.906754474,,,,False,5173967,0.0,0,5EWwdZB7...,0.179995422293431,0.28024479924702866,0.22980201826102195,1.0,,COUNTER,444229.939659842,37317.847662374,0.0,OK,0.0,0.0,1295.967040512703,1355085.827207694,0.38826100955100257,1355085.827207694,0.38826100955100257,0.0,DORMITORY,True,True,3.882610095510026,0,,9036.791955493998,0.0025892337572243755,30.0
14,14,9,1,9,iota,2026-08-27,8939304,0.029239175,0.02950531942769885,-0.009020218484704889,IN BAND,False,False,0.004116553,57463.236051729,3963411.092802181,1.0,1965282.406954524,1090509.331981039,0.01301328860220348,51740.68639368354,,0.0,,0.4450634671533475,0.4450634671533475,0.18826474155164624,-2.030564871848985,-0.10974599156390948,1.843370382768187,3.7641892630532627,3.873935254617172,0.6630652078389303,-3.685670513065526,1,0.0,,0.0,0.0,0.0,0.014498429435212025,-0.5041436895804337,5Fsbubec...,3627.243908508,,,ENTRY_REPEATED,False,1489797,1.0,254,5E2LP6En...,0.0,0.3027685258435123,0.3027685258435123,0.10571934322163218,,COUNTER,1143124.969029318,46681.104420658,0.0,OK,0.0,0.0,1295.967040512703,566487.003304132,0.14292915623436345,566487.003304132,0.14292915623436345,0.0,DORMITORY,True,True,1.4292915623436342,0,,7871.575913082,0.0019860609280166032,30.0
15,16,39,24,33,ReadyAI,2026-08-27,8939304,0.004959575,0.005001629702746868,-0.008408199976054204,IN BAND,False,False,0.000777775,14957.390880855,2207347.886943636,1.0,3015860.959355278,900017.218276834,-0.0054386194078304825,32132.353025424294,ACCUMULATING_PRE_EMA,0.0,,,,0.13665436146462198,-3.450694934139442,-0.10229976637532615,0.25789190228947856,3.6062870700535945,3.7085868364289207,1.1905690152170858,-3.571932474964299,1,0.0,,0.0,0.0,0.006149385824368636,0.006776181937304626,0.366282783767687,5HinUfk5...,60758.694928167,,,,False,2943950,0.0,52,5G9hfkx9...,0.009994659342336155,0.5348432849277204,0.5294977084933318,0.04059147579008408,,COUNTER,584226.582883127,0.0,0.0,OK,0.0,0.0,1295.967040512703,138809.800536348,0.06288533010922372,138808.045342108,0.06288453494945286,1.755194239987759,DORMITORY,True,True,0.6288453494945286,,,8922.669754273007,0.004042258045073094,30.0
16,15,3,25,15,ORO,2026-08-27,8939304,0.033533381,0.034855958074331284,-0.037944074625946324,IN BAND,False,False,0.011337457,14313.937439777,1475029.927683724,1.0,426856.508793429,500119.107139301,-0.0009198017926109515,19327.76586218574,ACCUMULATING_PRE_EMA,0.0,,,,2.0815262831317907,2.5512103964344837,-0.4616529079490136,6.383556825434059,3.370693521050562,3.8323464289995757,1.7816587654779408,-1.750820145867785,1,0.0,,0.0,0.0,0.0007782101167315147,0.009704167468828602,-0.7106117194437208,5GMtrkkv...,216.588029224,,,,False,7366897,0.9179188809480179,76,5DWsubqY...,0.0,0.5809297499278228,0.5809297499278228,0.022539638938485252,,COUNTER,354654.991781899,2797.563389807,0.0,OK,0.0,0.0,1295.967040512703,1010.651574802,0.000685173606198656,1010.651574802,0.000685173606198656,0.0,NEITHER,False,True,0.00685173606198656,,,19816.67867510599,0.013434763799148545,30.0
17,19,24,26,105,Beam,2026-08-27,8939304,0.007096332,0.007170696510002017,-0.010370611822476332,IN BAND,False,False,0.001866101,5079.074577784,2007055.079656814,1.0,715732.460068495,521076.190915237,-0.0010888053840733777,25367.469218994724,ACCUMULATING_PRE_EMA,0.0,,,,0.9655525535007332,-1.2164988577181488,-0.12617577717346204,2.069639561140562,3.1599626416852487,3.2861384188587106,1.3093811059980283,-2.3205858653579776,1,0.0,,0.0,0.0,0.0017547875181200823,0.0025306104597052066,-0.6433917607427039,5G3ic2pA...,2038020.987428162,,,,False,6841399,0.0,42,5CFqNvdc...,,0.4631283252843367,0.4631283252843367,0.009277910028688274,,COUNTER,451650.409847256,1869.377328683,0.0,OK,0.0,0.0,1295.967040512703,191742.227714404,0.09553411346697568,191742.227714404,0.09553411346697568,0.0,DORMITORY,False,True,0.9553411346697593,,,14967.187327552,0.0074572877841056736,30.0
18,17,14,27,38,ChronoLLM,2026-08-27,8939304,0.009268474,0.009555314667522907,-0.030018966146435292,IN BAND,False,False,0.002960043,4994.012082707,1531567.943011879,1.0,538817.182394571,183840.823786703,-0.0014355570088288021,21354.162439198117,ACCUMULATING_PRE_EMA,0.0,,,,1.5576640334805523,-3.7766696183969963,-0.36523075478162936,-0.2594041110469312,3.1520347525684356,3.517265507350065,1.7158886172767178,-1.959601473869513,1,0.0,,0.0,0.0,6.103608758678547e-05,0.0032607186024578906,-0.6481925069371841,5GeWgtBA...,1484205.833351567,,,ENTRY_PRE_EMA_PATTERN,False,7284230,0.5304207169126063,10,5HbScNss...,0.0899977111467155,0.8881543317770055,0.8082224747720345,0.013932337367047657,,COUNTER,485297.062238848,10641.406258159,0.0,OK,0.0,0.0,1295.967040512703,34228.06034894,0.022348378669789466,34228.06034894,0.022348378669789466,0.0,DORMITORY,False,True,0.22348378669789626,,,18792.03292414899,0.012269800376726243,30.0
19,20,11,28,3,Teutonic,2026-08-27,8939304,0.027476737,0.027506642742082477,-0.0010872189079157478,IN BAND,False,False,0.003888803,77568.344580998,3069475.016505533,1.0,2823055.12858894,3419629.496544092,-0.03954664999786193,33676.85815620003,ACCUMULATING_PRE_EMA,0.0,,,,0.13175186784253676,0.3062682579103781,-0.013227830046308264,3.0778422772693976,2.7583461893127112,2.7715740193590195,0.8561724678873153,-2.6398221515164826,1,0.0,,0.0,0.0,7.629510948348184e-05,0.025270883184873184,-0.08028077770394706,5GsGUrd2...,3089181.354596924,,,,False,4165565,0.0,204,5E6yHkmZ...,0.179995422293431,0.34242136043075455,0.28078708305772976,0.9817346720786156,,COUNTER,578475.334942498,0.0,0.0,OK,0.0,0.0,1295.967040512703,387902.058589763,0.12637407260326003,387768.844848733,0.12633067308369605,133.21374103002017,DORMITORY,True,True,1.2633067308369612,0,,7955.937113673,0.0025919536959549835,30.0
20,21,7,29,44,Score,2026-08-27,8939304,0.040270177,0.040569163393229246,-0.007369794401014144,IN BAND,False,False,0.005770971,68764.452985013,4099905.008019095,1.0,1707577.640999944,2149155.872527537,-0.0010141890605900883,39730.81541244872,ACCUMULATING_PRE_EMA,0.0,,,,0.22055162412628232,-0.6267968729888338,-0.08966583187900541,2.105403246703493,2.6425342878133216,2.732200119692327,0.6409904607203915,-2.5116484955660447,1,0.0,,0.0,0.0,0.0,0.01677220639271278,-0.5835080041313754,5CaCekux...,252524.422294106,,,,False,3550319,1.0,65,5E2LP6En...,0.0,0.2679789868160374,0.2679789868160374,0.2209946437563901,,COUNTER,506457.808183131,2206.282255223,0.0,OK,0.0,0.0,1295.967040512703,245862.449528441,0.059967840485951066,245862.449528441,0.059967840485951066,0.0,DORMITORY,True,True,0.5996784048595106,,,8018.080394889003,0.001955674675195221,30.0
21,18,72,30,80,OpenRoboto,2026-08-27,8939304,0.011854553,0.01342084794305265,-0.11670610901030642,IN BAND,False,True,4.053e-06,2726.748819085,1885787.659084555,1.0,230017.013745371,206965.799991633,-0.0002903473733555673,28162.700860817713,ACCUMULATING_PRE_EMA,0.0,,,,0.0039062211837957972,-17.426392494774852,-1.4199243262920613,-13.924917111785897,2.081551056696894,3.5014753829889553,1.3935821391872656,-3.4975691618051594,1,0.5227067147911899,MINER_BURN_ONLY,3764.91042405201,3764.775290154093,4.57770656900891e-05,0.0014459468996677414,-0.878026029351951,5CG1eFia...,290679.393022865,,,ENTRY_REPEATED,False,7151800,0.9059543429164377,0,5HTwtytU...,0.179995422293431,3.816966032489703,3.129929619592037,0.12380589043186327,,COUNTER,233784.899752659,2501.379452446,0.0,DIVERGENT,-1.0,2.9049930842876175,1295.967040512703,383353.706060679,0.20328572212991142,383353.706060679,0.20328572212991142,0.0,FORTRESS,False,True,2.0328572212991154,0,,18226.056891498996,0.00966495713538964,30.0
22,24,74,31,23,Trishool,2026-08-27,8939304,0.00380686,0.0038609232287853956,-0.014002668683573723,IN BAND,False,True,5.69e-07,7053.042604539,4019740.180376067,1.0,1852719.153449553,581896.95048673,3.250270980840306e-05,33803.632276668446,,0.0,,,0.0085379314732885,0.00021201233054195302,-5.644565243362239,-0.1703658023168136,-3.4811581374444955,1.9930413036009298,2.1634071059177433,0.6537735978135127,-2.1631950935872015,1,0.45912626919252136,MINER_BURN_ONLY,3306.248363194987,3306.203318562348,1.5259021896696368e-05,0.0017546016130523024,-0.5390947886047024,5CqTRwoF...,1420843.613995064,,,,False,2063528,0.7999969481490524,188,5HKsvivb...,0.0899977111467155,0.9051815696822126,0.8237173002386223,0.39366377731656693,,COUNTER,1125027.28002712,0.055431535,0.0,DIVERGENT,-1.0,2.5511476875633865,1295.967040512703,963362.849893664,0.2396579894881506,963362.849893664,0.2396579894881506,0.0,FORTRESS,True,True,2.3965798948815076,0,,7910.435337632003,0.001967897173118274,30.0
23,23,76,32,112,minotaur,2026-08-27,8939304,0.003309135,0.0033949885983020067,-0.025288331850347363,IN BAND,False,True,3.4e-07,4121.223796176,2165577.791759792,1.0,1245408.245792191,136295.405981937,-0.0010482548438311206,23332.05918418616,ACCUMULATING_PRE_EMA,0.0,,,,0.00021680938580163472,22.65721255213345,-0.3076747041792262,24.90495956239313,1.9400723060804521,2.2477470102596784,1.2135329471883967,-2.247530200873877,1,0.45994192334294787,MINER_BURN_ONLY,3311.9674888949376,3311.9224442622985,1.5259021896696368e-05,0.0019030596877459716,-0.42490720754941347,5D7Rf7Hb...,1547552.973336581,,,,False,5633022,0.7999969481490524,0,5E1ohAsz...,0.179995422293431,1.1287889637278807,0.9256121175215165,0.8212628944637734,,COUNTER,961769.960773552,0.0,0.0,DIVERGENT,-1.0,2.5555607054266245,1295.967040512703,109192.016768061,0.050421655219935274,109192.016768061,0.050421655219935274,0.0,FORTRESS,True,True,0.5042165521993527,,,14118.759385856,0.006519626974186327,30.0
24,26,37,33,77,Liquidity,2026-08-27,8939304,0.005853667,0.005887005245313048,-0.005663022865418844,IN BAND,False,False,0.000894715,12328.555485811,3278222.187064866,1.0,2106125.052969183,408954.433434605,-0.006935415302332664,26429.04680078174,ACCUMULATING_PRE_EMA,0.0,,,,0.19072072334071385,-1.940771745514041,-0.0689001115292626,-0.08772731105581455,1.7841443229289637,1.8530444344582264,0.8016540216125381,-1.6623237111175126,1,0.0,,0.0,0.0,7.629510948348184e-05,0.0037607443249138917,-0.3575404400499906,5GxxsUeY...,2707311.970887146,,,,False,5128460,0.15937738440408977,42,5E7F9Awq...,,7.595948639329476,7.595948639329476,0.0,,COUNTER,140886.89655137,14115.257752168,0.0,OK,0.0,0.0,1295.967040512703,369577.913917543,0.11273729870288081,369577.913917543,0.11273729870288081,0.0,DORMITORY,True,True,1.127372987028808,0,,8535.494951325001,0.0026036962915461197,30.0
25,27,17,34,75,Hippius,2026-08-27,8939304,0.018044415,0.017911454429849982,0.007423214606650594,IN BAND,False,False,0.002742812,33536.879539642,3561044.408407705,1.0,1858573.874228671,1501178.519241197,-0.01292806119265099,25575.700298054842,ACCUMULATING_PRE_EMA,0.0,,,,0.21493084732226533,-6.212085613101782,0.0903157777142489,-4.546703642444994,1.7556977483710368,1.6653819706567878,0.7379857419905334,-1.4504511233345225,1,0.0,,0.0,0.0,0.0008087281605249075,0.009417708877895677,-0.4780817844249494,5DAQpczE...,1542507.7212887662,,,,False,5102795,0.0,245,5G9hfkx9...,0.009994659342336155,0.2963751959250879,0.2934130268042985,0.006348140574689841,,COUNTER,784604.879643725,0.0,0.0,OK,0.0,0.0,1295.967040512703,552610.257831607,0.15518207426082134,552609.767120331,0.155181936461002,0.4907112760702148,DORMITORY,True,True,1.5518193646100202,0,,8489.369255084004,0.002383954896782645,30.0
26,22,42,35,103,Capcomp,2026-08-27,8939304,0.008996763,0.00964046479202807,-0.06677082546480147,IN BAND,False,False,0.000695924,739.515537907,199018.641046719,1.0,82197.951248191,13174.29175047,,,,,,,,2.4730897165138366,-7.529548338780402,-0.8123783764884178,-5.0564586222665655,1.6607113400254188,2.4730897165138366,13.204793210215344,,,,,,,7.629510948348184e-05,0.0037158104086008753,-0.586983628600545,5H3SQ4du...,1013987.861502453,,,,True,8762380,0.5400122081489394,78,5C5NmF8M...,,10.348671080034913,10.348671080034913,0.0,,,58161.431337783,0.014698804,,NO_ESTIMATE,,,,0.0,0.0,0.0,0.0,0.0,,False,,,,,47180.36314882499,0.23706504526754127,30.0
27,81,81,36,84,SN84,2026-08-27,8939304,0.003074466,0.00270628510043025,0.13604660481307598,IN BAND,False,True,0.0,1649.342102989,728563.7653271,1.0,536464.419888851,63133.155683081,-0.004139727322791386,-84283.32989512244,,0.0,,,,,19.162988152992703,1.6552336918924244,19.162988152992703,1.6552336918924244,,3.6070967636170033,53.521001335059665,1,0.0,,0.0,0.0,0.0002746623941405346,0.0022638266977887686,-0.2636683255600262,5G1hDNpP...,240261.73736939896,0.0,,,True,8085297,0.9989468382251935,16,5DnRU269...,0.179995422293431,3.0527710146852884,2.503286206731864,1.0,,COUNTER,43139.508392941,37025.642616669,1027.6646252650025,DIVERGENT,-1.0,0.0,1295.967040512703,660.436412233,0.0009064908847566512,660.436412233,0.0009064908847566512,0.0,NEITHER,False,True,0.009064908847566512,,,2991.3216349489994,0.004105778762694847,30.0
28,25,20,8,110,Green Compute,2026-08-27,8939304,0.010740555,0.011085443431511521,-0.031111829999613698,IN BAND,False,False,0.002401598,6573.427939833,2761154.668426632,1.0,612019.388350437,371632.129078177,0.0008840356011466324,19613.94388986542,,0.0,,0.08230818622935522,0.08230818622935522,0.9601382416858658,-5.6236363029244,-0.3785272649953,-3.677387382655559,1.5677216552735405,1.9462489202688404,0.9517757299331202,-0.9861106785829745,1,0.0,,0.0,0.0,0.0,0.0023806808126321613,-0.7783465740241393,5D53sX6A...,1539329.3419783008,,,ENTRY_REPEATED,False,5606062,1.0,155,5FmpATto...,0.179995422293431,15.147958545882132,12.42139535053269,0.0,,COUNTER,653602.202903777,0.0,0.0,OK,0.0,0.0,1295.967040512703,9205.92186508,0.003334084095450452,9205.92186508,0.003334084095450452,0.0,NEITHER,True,True,0.03334084095450452,,,12537.503521495006,0.004540674111761786,30.0
29,30,54,37,21,AdTAO,2026-08-27,8939304,0.003790416,0.003791807685047388,-0.00036702416445750553,IN BAND,False,False,0.000160775,7873.440341167,3758387.886754877,1.0,2077196.49950302,579176.739218251,-0.0017317969702688176,23989.5954555769,ACCUMULATING_PRE_EMA,0.0,,,,0.05366354245307898,7.92291511591029,-0.004465460667566317,9.303205975400093,1.3758253988222378,1.380290859489804,0.6992359700981015,-1.326627317036725,1,0.08422666032667739,MINER_BURN_ONLY,632.5599260360468,632.1545243422954,0.0001373311970702673,0.0020948982857554926,-0.4473170528629331,5HjCYVfr...,1929641.074129245,,,,False,3156578,0.5306290632725941,26,5GLTipvZ...,,19.979410363704613,19.979410363704613,0.0,,COUNTER,826539.057750868,0.0,0.0,DIVERGENT,-1.0,0.4877859579609417,1295.967040512703,5839.628796876,0.0015537589447474883,5839.628796876,0.0015537589447474883,0.0,EXPOSED,True,True,0.015537589447474883,,UNDEFENDED_BURNER,8916.103710430998,0.0023723213194286534,30.0
30,29,28,38,19,blockmachine,2026-08-27,8939304,0.010591829,0.010696439072489738,-0.009779897008789165,IN BAND,False,False,0.001513596,32852.730600269,2724949.044902033,1.0,3101704.967271216,1668110.155970463,-0.008205630128196056,21414.00848295167,ACCUMULATING_PRE_EMA,0.0,,,,0.12107761562953401,-1.9367535187617504,-0.11898874694026816,-0.44547879859274486,1.3722859732287374,1.4912747201690055,0.9644217035605087,-1.3701971045394716,1,0.0,,0.0,0.0,0.0002288853284504455,0.012056273368388845,0.13826170800046378,5FWh37Lf...,1295932.419797627,,,,False,1956072,0.0,20,5ChmduXv...,0.0,0.42634291140006847,0.42634291140006847,0.018068060430337252,,COUNTER,1006514.180053119,0.0,0.0,OK,0.0,0.0,1295.967040512703,169492.989899939,0.062200425441728796,169492.989899939,0.062200425441728796,0.0,DORMITORY,True,True,0.6220042544172879,,,8060.035735015001,0.00295786658840249,30.0
31,28,65,39,117,glyph,2026-08-27,8939304,0.002346515,0.002397415693849325,-0.021231484377078686,IN BAND,False,True,5.1393e-05,2755.310537142,1622732.481770834,1.0,1174213.571490526,222329.182383538,-0.0007537834211656891,16582.823459388455,ACCUMULATING_PRE_EMA,0.0,,,,0.04901836006481304,-3.645225292440027,-0.2583163932544573,-2.1437328517017926,1.243176047483777,1.5014924407382342,1.6194905996656646,-1.452474080673421,1,0.0,,0.0,0.0,0.0,0.0016979450205712413,-0.2763971163315635,5HdThE9W...,1747220.693063301,,,ENTRY_REPEATED,False,5710859,1.0,125,5EsLkLnu...,,11.679653067863581,11.679653067863581,0.0,,COUNTER,289424.602021989,151966.977142099,0.0,OK,0.0,0.0,1295.967040512703,184995.455974437,0.11400243604698022,154144.143623114,0.09499048386268921,30851.312351322995,DORMITORY,True,True,0.9499048386268919,,,15572.762739821006,0.009596629706226727,30.0
32,31,23,40,124,Swarm,2026-08-27,8939304,0.011754316,0.011945464182645082,-0.01600173754007739,IN BAND,False,False,0.002051069,13022.579629253,3487938.254723686,1.0,1107897.660954095,284643.634782729,-7.80977163950547e-05,17833.79867492197,ACCUMULATING_PRE_EMA,0.0,,,,0.4139125645960203,-0.6638441868361201,-0.19468780673760824,0.43709820955083767,0.9062545896493496,1.1009423963869578,0.7534537047612357,-0.6870298317909374,1,0.0,,0.0,0.0,0.00016784924086366004,0.0037336038307491906,-0.6823631565844248,5HKYqfJr...,2260528.497969047,,,ENTRY_REPEATED,False,5813454,0.0,105,5HgiWPLV...,,0.32719324455577525,0.32719324455577525,0.007142094098615838,,COUNTER,897004.632666029,6243.286010635,0.0,OK,0.0,0.0,1295.967040512703,1000000.110795789,0.28670235473391686,1000000.110795789,0.28670235473391686,0.0,DORMITORY,True,True,2.8670235473391683,0,,9745.136837116997,0.00279395336884741,30.0
33,82,82,41,47,Feval,2026-08-27,8939304,0.003156109,0.0029638311825692654,0.06487475351550016,IN BAND,False,True,0.0,1336.586589848,1429950.959438506,1.0,423491.851191302,42013.644874046,1.9567391779975152e-05,-22752.83607001492,DISTRIBUTING_PRE_EMA,0.0,,,0.00619984664026976,,5.821793410460875,0.789309501105252,5.821793410460875,0.789309501105252,,1.8378252643236994,8.529248151273357,1,0.5740032031095729,MINER_BURN_ONLY,4132.823062388925,4132.823062388925,0.0,0.0009347079919250047,-0.7038416632869762,5GBmFsPk...,371.1512388,0.0,,,False,7340355,1.0,111,5GbvpAAx...,,0.6605942354289543,0.6605942354289543,0.014466656493209218,,COUNTER,633671.436392961,52.790049364,0.0,DIVERGENT,-1.0,3.188987785332813,1295.967040512703,100042.745564526,0.06996236122937352,1082.01056104,0.0007566766915313442,98960.735003486,EXPOSED,False,False,0.696710313758492,,,21014.029885563996,0.014695629767482028,30.0
34,32,56,42,32,ItsAI,2026-08-27,8939304,0.003059922,0.0030784038826823235,-0.0060037225090229076,IN BAND,False,False,0.000135323,7265.061379283,3514481.263007153,1.0,2374262.947902966,304204.730781643,-0.0011755096356559623,15077.12848007679,ACCUMULATING_PRE_EMA,0.0,,,,0.04895056289739117,-2.56264915726147,-0.07304529052644537,-1.986926601496671,0.5026772652383537,0.575722555764799,0.7477632695504433,-0.5267719928674078,1,0.0,,0.0,0.0,0.0052491035324635504,0.0020671788624266776,-0.32443413184170133,5DWgkCSv...,42076.99435902,,,,False,2515294,0.26169256492460613,137,5DHn2kLL...,,6.126217614259212,6.126217614259212,0.0,,COUNTER,17419.272873098,0.0,0.0,OK,0.0,0.0,1295.967040512703,634410.218859858,0.1805131885429451,634410.218859858,0.1805131885429451,0.0,DORMITORY,True,True,1.805131885429451,0,,7799.881453710002,0.0022193549687717106,30.0
35,33,69,43,123,MANTIS,2026-08-27,8939304,0.002478182,0.0025075499434024096,-0.011711807966050309,IN BAND,False,True,1.1106e-05,5845.787709197,1866949.82137356,1.0,2358900.977903265,545223.103133307,-0.0026115959502149458,12715.175970320124,ACCUMULATING_PRE_EMA,0.0,,,,0.00499275195267212,-4.517117617833805,-0.1424936635869454,-3.961180264555827,0.41344368969103285,0.5559373532779782,1.40764361736649,-0.5509446013253061,1,0.19971513320864667,MINER_BURN_ONLY,1449.7087851359975,1444.3935184845898,0.0018005645838101714,0.0031311970157270287,0.2635056730002189,5HVuEdEG...,1757881.543226051,,,,False,5794330,0.3708516134949631,218,5FGxe3AF...,,2.8264932132694853,2.8264932132694853,0.0,,COUNTER,283692.683571527,8560.983387542,0.0,DIVERGENT,-1.0,1.114529516054025,1295.967040512703,350656.879907587,0.1878234090135322,350656.879907587,0.1878234090135322,0.0,FORTRESS,True,True,1.8782340901353218,0,,10389.551206871,0.005564986850705583,30.0
36,34,73,44,45,AlphaRidge.ai,2026-08-27,8939304,0.002609557,0.0026160087436437607,-0.0024662546176256444,IN BAND,False,True,2.771e-06,6472.787230798,3117229.250833208,1.0,2480415.219223566,740968.476578222,-0.0007759101295867152,12232.39308608137,ACCUMULATING_PRE_EMA,0.0,,,,0.0011250467133155269,-0.7716051396907931,-0.030006097847778673,-0.35182957096152395,0.3897694708814905,0.4197755687292692,0.8430563774857298,-0.41865052201595365,1,0.30648212489567966,MINER_BURN_ONLY,2214.645535368938,2209.014956289057,0.001907377737087046,0.0020764553101341133,-0.20428819522466335,5FbcZiAH...,1241.223524969,,,,False,3633154,0.562314630790399,48,5G9hfkx9...,0.009994659342336155,0.3594052396194079,0.35581310668356125,0.015489325336873751,,COUNTER,1042462.996297427,0.0,0.0,DIVERGENT,-1.0,1.7045301980944971,1295.967040512703,111021.729686833,0.03561551645813597,111019.200205241,0.035614705006238,2.52948159200605,FORTRESS,True,True,0.35614705006238007,,,8204.810335542,0.002632084352906969,30.0
37,83,83,45,115,HashiChain,2026-08-27,8939304,0.002711334,0.0026441914960741997,0.025392451350625005,IN BAND,False,True,0.0,3620.436020593,1605556.951300973,1.0,1335296.902153461,155549.973125349,-0.0010310414951094963,-10543.166682041483,,0.0,,,,,1.03538682398013,0.3089414914326042,1.03538682398013,0.3089414914326042,,1.636815186076425,4.710635776615763,1,0.5740032034622304,MINER_BURN_ONLY,4132.8230649280595,4132.8230649280595,0.0,0.002254940889925694,-0.16832788216955427,5EkNnrTj...,102057.855665725,0.0,,,False,5683635,1.0,0,5EhTo9AX...,0.179995422293431,11.206939303856233,9.189741531241781,0.061500427298254175,,COUNTER,902512.824147028,0.0,0.0,DIVERGENT,-1.0,3.1889877872920716,1295.967040512703,2942.008322496,0.0018323911338754494,2942.008322496,0.0018323911338754494,0.0,EXPOSED,True,True,0.018323911338754495,,UNDEFENDED_BURNER,14913.728851466996,0.009288819583374163,30.0
38,84,84,46,10,Pareton,2026-08-27,8939304,0.007109988,0.006986792199313641,0.017632669925185696,IN BAND,False,True,0.0,17377.573545554,3366102.79648008,1.0,2444107.035513684,941246.007977493,0.0019830543029549486,-16338.045323425904,DISTRIBUTING_PRE_EMA,0.0,,,0.27891106186887354,,2.561741426020171,0.21453081742309263,2.561741426020171,0.21453081742309263,,0.7807248200346373,2.8689847878685355,1,0.5740032031119497,,4132.823062406038,4132.823062406038,0.0,0.005162520159433532,-0.2739059250967046,5HK5714c...,18705.559980857,0.08208687924266128,,,False,2869647,1.0,50,5GP7c3fF...,0.0009918364232852674,0.31233619417425446,0.3120264077605621,0.06759045889480672,,COUNTER,763973.021577439,0.0,0.0,DIVERGENT,-1.0,3.188987785346018,1295.967040512703,69217.820587571,0.02056319274026681,20885.293366155,0.006204591668440627,48332.52722141599,FORTRESS,True,True,0.06204591668440759,,,7928.720175465,0.002355459905667774,30.0
39,35,25,47,5,Hone,2026-08-27,8939304,0.012577225,0.01268435874953866,-0.00844613051823037,IN BAND,False,False,0.001849198,32904.610030062,3019706.859618947,1.0,2616205.715834354,971097.060525883,-0.015845505017582865,11625.126050693449,ACCUMULATING_PRE_EMA,0.0,,,,0.14769031875959426,-2.18919963574327,-0.1027612546384695,-1.9412422186719969,0.14519616243280362,0.2479574170712731,0.8702831507067623,-0.10026709831167886,1,0.0,,0.0,0.0,0.0019226367589837423,0.010896623930646762,-0.13362256533959097,5GurNtB3...,,,,,False,2491604,0.0,58,5G9hfkx9...,0.009994659342336155,0.4782799021062673,0.4734996574144293,0.02368344752865056,,COUNTER,1488567.694632255,0.0,0.0,OK,0.0,0.0,1295.967040512703,6649.821324041,0.0022021413445675094,6649.821324041,0.0022021413445675094,0.0,NEITHER,True,True,0.022021413445675098,,,9050.008916367995,0.0029969826003276375,30.0
40,36,13,6,68,NOVA,2026-08-27,8939304,0.021754007,0.021869279211387038,-0.0052709652784083865,IN BAND,False,False,0.003198134,43970.526462137,3615276.836770356,1.0,2021261.043519359,1673039.768201365,0.0020257665134935203,11106.48716973979,,0.0,,0.09312153450596575,0.09312153450596575,0.19114385994985256,-2.0778225438001274,-0.0641300775539687,-1.873601399957524,0.1400910662886346,0.20422114384260331,0.7269152871700075,-0.013077283892750752,1,0.0,,0.0,0.0,0.0,0.01216242308608856,-0.44091113485030314,5EcdJLAe...,3109629.989831836,,,,False,4972413,0.0,37,5CMC7cxY...,0.0,0.17207514974214286,0.17207514974214286,0.001968654142567186,,COUNTER,681206.505097183,6247.123951755,0.0,OK,0.0,0.0,1295.967040512703,580833.221571847,0.16066078693180358,580833.221571847,0.16066078693180358,0.0,DORMITORY,True,True,1.606607869318037,0,,8227.523885345998,0.0022757659390465687,30.0
41,37,27,48,62,Ridges,2026-08-27,8939304,0.011032372,0.011073223780840635,-0.00368924006677427,IN BAND,False,False,0.001697252,30132.887789613,2611884.368832413,1.0,2731315.293081864,4366741.034166445,-0.02595581615076601,11671.71954643121,ACCUMULATING_PRE_EMA,0.0,,,,0.14802359093964837,-3.553743110621429,-0.04488575414575362,-3.372271540278274,0.1365858161974008,0.18147157034315442,1.0061701166253356,-0.03344797940350604,1,0.02535273139715095,MINER_BURN_ONLY,210.80228914198233,210.62211061142614,6.103608758678547e-05,0.01153683836435809,0.045726011084297115,5DhsVYew...,4448.534739413,,,,False,4474225,0.12365140162671107,148,5E2LP6En...,0.0,0.3338041754817107,0.3338041754817107,0.5717751903679175,,COUNTER,185574.174762171,170778.551517578,0.0,DIVERGENT,-1.0,0.16252119384772395,1295.967040512703,148674.61613829,0.05692235763283495,148674.61613829,0.05692235763283495,0.0,DORMITORY,True,True,0.5692235763283512,,,8580.444754299004,0.0032851549083448544,30.0
42,85,85,49,72,StreetVision by NATIX,2026-08-27,8939304,0.002370367,0.0023457487113773823,0.010494853307693924,IN BAND,False,True,0.0,6529.537171337,2492923.328234895,1.0,2754651.293891932,231166.918906675,-0.000693472829379333,-15684.878599488642,,0.0,,,,,1.6460253493824328,0.12768738191027607,1.6460253493824328,0.12768738191027607,,1.0541840457888232,3.7869465936650766,1,0.5740032031109715,MINER_BURN_ONLY,4132.823062398995,4132.823062398995,0.0,0.0026192290382072094,0.10498882164964725,5FjP8fFb...,,,,,False,5064327,1.0,41,5GP7c3fF...,0.0009918364232852674,0.42295806465762914,0.4225385594435795,0.3512940242934749,,COUNTER,428291.976328787,0.0,0.0,DIVERGENT,-1.0,3.1889877853405832,1295.967040512703,450482.462060004,0.18070449939548136,444494.066660116,0.1783023415224079,5988.395399887988,FORTRESS,True,True,1.7830234152240823,0,,8510.768089875002,0.0034139710569843396,30.0
43,86,86,50,16,trav,2026-08-27,8939304,0.001943953,0.001931090373545885,0.006660810198383645,IN BAND,False,True,0.0,468.440642193,374671.330834107,1.0,240973.175698255,50656.707116311,0.000900611716787907,903.5301579615043,,0.0,,,0.4632888330056884,,-1.878544810284042,0.08103985741366768,-1.878544810284042,0.08103985741366768,,7.014147557405715,8.474644851682116,1,0.0,,0.0,0.0,0.0,0.0012502708471185673,-0.3568410104984188,5FkKY8WJ...,667232.934349369,,,,True,8460646,1.0,1,5E2LP6En...,0.0,0.9433642028176357,0.9433642028176357,0.41595202490310373,,COUNTER,63578.799840379,0.04568655,0.0,OK,0.0,0.0,1295.967040512703,7333.737256624,0.01957378815266534,0.0,0.0,7333.737256624,NEITHER,False,False,0.13898744697803528,,,38552.307166839004,0.10289633605275442,30.0
44,87,87,51,111,Claims,2026-08-27,8939304,0.006857694,0.006830176804214716,0.004028767713348804,IN BAND,False,True,0.0,6848.92087573,3652716.977745696,1.0,998720.589402336,194955.444536702,-0.0020882893709760026,-26978.221694690525,,0.0,,,,,2.4444553776453364,0.04901667384574378,2.4444553776453364,0.04901667384574378,,0.7194644468791808,3.7166204619203693,1,0.5740032031098478,MINER_BURN_ONLY,4132.823062390904,4132.823062390904,0.0,0.0018750209549377318,-0.726581420089941,5CGTryXj...,2384421.525519519,0.0,,,False,5615562,1.0,194,5CVSMFAS...,,0.9324035807221459,0.9324035807221459,0.2634365939264459,,COUNTER,731982.05867697,0.371911999,0.0,DIVERGENT,-1.0,3.1889877853343402,1295.967040512703,1221.604957048,0.00033443734198150863,1221.604957048,0.00033443734198150863,0.0,EXPOSED,True,True,0.0033443734198150862,,UNDEFENDED_BURNER,9620.553334500995,0.0026338074899080735,30.0
45,88,88,52,30,Endure Network,2026-08-27,8939304,0.003620942,0.0036068507470190525,0.0039068023517727455,IN BAND,False,True,0.0,8774.822677206,3374744.186446503,1.0,2423353.217031356,405173.135906798,-0.0016359655505931488,-16332.035066034645,,0.0,,,,,-0.4644141045251025,0.0475327619465684,-0.4644141045251025,0.0475327619465684,,0.7787256914329852,2.860908655050371,1,0.5740032031090393,MINER_BURN_ONLY,4132.823062385083,4132.823062385083,0.0,0.0026001445420506396,-0.28191488787982805,5HTogQKF...,1231.181025057,0.02294605798788128,,,False,3250216,1.0,116,5E2LP6En...,0.0,0.3247575482366981,0.3247575482366981,0.6969692345256989,,COUNTER,755252.350732409,18187.150616168,0.0,DIVERGENT,-1.0,3.1889877853298487,1295.967040512703,4962.596266974,0.0014705103536157076,4962.596266974,0.0014705103536157076,0.0,EXPOSED,True,True,0.014705103536157074,,UNDEFENDED_BURNER,7965.097504658,0.002360207786014439,30.0
46,89,89,53,42,Unknown,2026-08-27,8939304,0.002500323,0.002492684405297041,0.0030644050593516066,IN BAND,False,True,0.0,7393.437772413,2577953.016077432,1.0,2956992.296552947,364370.107180386,-0.0007519273179352004,-5383.773996108212,,0.0,,,,,0.8186795844011056,0.03728359488877788,0.8186795844011056,0.03728359488877788,,1.0194134585116368,2.1788964357252456,1,0.5740032031291695,SKIN_IN_GAME,4132.82306253002,4132.82306253002,0.0,0.0028679489991880166,0.14703140321791086,5EC5HHfL...,83127.026276345,0.3872437201770794,BUYBACK_JUSTIFIED,,False,3613591,1.0,11,5Gbdb5s2...,0.179995422293431,12.961921783849668,10.628835198631224,0.0,,COUNTER,475660.808430571,0.0,0.0,DIVERGENT,-1.0,3.1889877854416855,1295.967040512703,5444.016612431,0.002111759438003459,5444.016612431,0.002111759438003459,0.0,EXPOSED,True,True,0.02111759438003459,,UNDEFENDED_BURNER,8334.379815773005,0.0032329448069051514,30.0
47,90,90,54,57,SN57,2026-08-27,8939304,0.00530568,0.0052898970898240805,0.002983594937277792,IN BAND,False,True,0.0,1858.329960599,937417.578376794,1.0,350252.882257666,31308.873133285,-0.00013780237056893412,-3260.2833136780537,,0.0,,,,,0.6426067723166488,0.036300405070213135,0.6426067723166488,0.036300405070213135,,2.803446468915775,5.202750851555659,1,0.5740032033291694,SKIN_IN_GAME,4132.82306397002,4132.82306397002,0.0,0.001982392909483127,-0.626364026951658,5HdpnCSY...,863363.17944383,0.3107279351566568,BUYBACK_JUSTIFIED,,False,8057320,1.0,0,5Ejcqsbx...,0.179995422293431,2.0426354102378474,1.6749703869805703,0.6367326385179986,,COUNTER,362614.571412176,6427.093693354,0.0,DIVERGENT,-1.0,3.1889877865528247,1295.967040512703,1254.306998862,0.001338045101558606,1254.306998862,0.001338045101558606,0.0,EXPOSED,False,True,0.013380451015586062,,,27678.822434967,0.029526673142714985,30.0
48,91,91,55,127,Astrid,2026-08-27,8939304,0.003096479,0.0030878460966050625,0.0027957686765635913,IN BAND,False,True,0.0,3499.423286584,2927540.736830198,1.0,1130129.603162557,596680.196695224,-0.0011311304522673383,-4342.649844571482,,0.0,,,,,2.3006745957348658,0.034015185564857026,2.3006745957348658,0.034015185564857026,,0.8976817869477278,1.7862048029477244,1,0.5740032031066625,MINER_BURN_ONLY,4132.82306236797,4132.82306236797,0.0,0.0011953457188688035,-0.6139661470758228,5FU4uxAd...,785764.922864336,0.0,,,False,5848837,1.0,0,5EKrpcqV...,0.179995422293431,1.9442056004296322,1.594257492355047,0.4178607944574158,,COUNTER,1195840.298619595,203.185912805,0.0,DIVERGENT,-1.0,3.1889877853166437,1295.967040512703,5535.674552263,0.001890895823453772,5535.674552263,0.001890895823453772,0.0,EXPOSED,True,True,0.01890895823453772,,UNDEFENDED_BURNER,10797.819627548999,0.00368835845448913,30.0
49,92,92,56,104,Masx.ai,2026-08-27,8939304,0.00438519,0.004379588877782226,0.0012789150703594087,IN BAND,False,True,0.0,6080.339776496,3132709.910054233,1.0,1386562.300006298,74646.438860474,-0.0017383027949343672,-778.9270302609075,,0.0,,,,,0.3814766307401226,0.01556013335603947,0.3814766307401226,0.01556013335603947,,0.8388903139628733,0.765946683735344,1,0.0,,0.0,0.0,0.0,0.001940920146158933,-0.5573920066955061,5HBb3F1b...,50749.88318408,1.031450799414614,BUYBACK_GAMING,,False,5528520,1.0,49,5FxKBU6B...,0.179995422293431,0.40815541630092533,0.3346893097824891,0.9431592761009552,,COUNTER,340321.172598343,137340.726620604,4132.823062384006,DIVERGENT,-0.6566939738365847,0.0,1295.967040512703,3017.92106809,0.0009633579727264803,3017.92106809,0.0009633579727264803,0.0,NEITHER,True,True,0.009633579727264802,,,9399.508822041993,0.003000440223295131,30.0
50,93,93,57,73,Parked,2026-08-27,8939304,0.003277907,0.003274562768638134,0.0010212756933216096,IN BAND,False,True,0.0,7037.076146796,3391989.973121396,1.0,2146819.76488636,574660.352402441,-0.0012004820451322843,-1487.1452933540568,,0.0,,,,,1.287516189062616,0.012425520935412916,1.287516189062616,0.012425520935412916,,0.7747664411819141,1.2309295436629177,1,0.574003203110155,MINER_BURN_ONLY,4132.823062393116,4132.823062393116,0.0,0.002074615845730317,-0.3670913037708766,5Fvs6HPW...,1414034.223045688,0.0,,,False,5160047,1.0,0,5Dnkprjf...,0.179995422293431,1.1391398655194749,0.9340999043740148,0.49497939874866476,,COUNTER,1513972.320262541,0.0,0.0,DIVERGENT,-1.0,3.188987785336047,1295.967040512703,980787.90539102,0.28914823250154653,912736.735355282,0.26908591787945596,68051.17003573803,FORTRESS,True,True,2.6908591787945593,0,,8339.397407052998,0.0024585560314551494,30.0
51,94,94,58,20,ChronoSeek,2026-08-27,8939304,0.002713659,0.0027118229772895575,0.0006770437177569168,IN BAND,False,True,0.0,6970.943145889,3205420.037973706,1.0,2568834.494975894,280573.393951976,-0.0009316292818717833,-4209.630615286995,,0.0,,,,,-0.7143285503843599,0.008237365232709154,-0.7143285503843599,0.008237365232709154,,0.8198613501091357,1.6153590314108428,1,0.5740032031116749,SKIN_IN_GAME,4132.823062404059,4132.823062404059,0.0,0.0021747362477635397,-0.19859634251630748,5CFVA7aP...,1237543.994152507,1.0842334620109186,BUYBACK_GAMING,,False,1970929,1.0,240,5ED4s3B3...,0.179995422293431,1.2953923741514626,1.0622276767303798,0.4878677817116347,,COUNTER,1347834.457174442,0.0,0.0,DIVERGENT,-1.0,3.188987785344491,1295.967040512703,656991.098544207,0.20496256052592765,650949.293601361,0.20307768900479453,6041.804942846065,FORTRESS,True,True,2.030776890047947,0,,8240.889427967999,0.00257092341419861,30.0
52,95,95,59,43,Graphite,2026-08-27,8939304,0.004911871,0.004912794567644596,-0.00018799231921455087,IN BAND,False,True,0.0,13694.957887467,3081140.905222762,1.0,2788134.3821229,157109.721640329,-0.0008349041341164327,848.298763176892,ACCUMULATING_PRE_EMA,0.0,,,,,-2.8767754204797167,-0.0022872398837770354,-2.8767754204797167,-0.0022872398837770354,,0.8529308073984365,1.0771340629001085,1,0.4711904618337768,MINER_BURN_ONLY,3392.9767268969445,3392.571325203193,0.0001373311970702673,0.004444768450625881,-0.09509666466690976,5HjMs5JD...,2981174.469806865,,,,False,3408582,0.08961328327686724,108,5ERVu5z1...,,13.621258265105338,13.621258265105338,0.0,,COUNTER,894299.596101283,0.0,0.0,DIVERGENT,-1.0,2.6177913628583047,1295.967040512703,3451.069241962,0.0011200621289705324,3451.069241962,0.0011200621289705324,0.0,EXPOSED,True,True,0.011200621289705323,,UNDEFENDED_BURNER,8721.974258849,0.0028307612430397483,30.0
53,96,96,60,52,Dojo,2026-08-27,8939304,0.006546694,0.006548364646732807,-0.00025512426734529756,IN BAND,False,True,0.0,18228.341699536,3035001.079204309,1.0,2784358.178057106,765500.770243281,-0.001055169699966047,910.5861916891299,ACCUMULATING_PRE_EMA,0.0,,,,,-0.3192363928429488,-0.0031040119193677866,-0.3192363928429488,-0.0031040119193677866,,0.8658975504183304,1.0860100424013017,1,0.5740032031102843,MINER_BURN_ONLY,4132.823062394047,4132.823062394047,0.0,0.006006041257921053,-0.08258408626994738,5Fv1ZvNP...,3708.172692786,,,,False,3989825,1.0,130,5E2LP6En...,0.0,0.38466891423974114,0.38466891423974114,0.7281134119729593,,COUNTER,1122180.312104514,0.0,0.0,DIVERGENT,-1.0,3.1889877853367654,1295.967040512703,167638.354572778,0.055235023052027384,167638.354572778,0.055235023052027384,0.0,FORTRESS,True,True,0.5523502305202739,,,7847.297105644997,0.0025855994448945423,30.0
54,97,97,61,12,Compute Horde,2026-08-27,8939304,0.004931878,0.004933233140036464,-0.00027469612685970444,IN BAND,False,True,0.0,12859.47401574,3469530.557834733,1.0,2607419.009629906,424205.659891834,-0.0016389071287063602,1613.6657655173913,ACCUMULATING_PRE_EMA,0.0,,,,,0.046433956668174715,-0.003342136210126404,0.046433956668174715,-0.003342136210126404,,0.7574511756541739,0.8753076834217701,1,0.5706312753887721,MINER_BURN_ONLY,4108.815450594993,4108.545182799159,9.15541313801782e-05,0.0037064017167110206,-0.24848065651441079,5ELzhHvg...,1614758.047829134,,,,False,2256433,0.005554792534603004,157,5Hdt5YNb...,,3.40671062105842,3.40671062105842,0.0,,COUNTER,1566884.320270071,0.0,0.0,DIVERGENT,-1.0,3.1702543771281095,1295.967040512703,3870.537061652,0.0011155794702288277,3870.537061652,0.0011155794702288277,0.0,EXPOSED,True,True,0.011155794702288275,,UNDEFENDED_BURNER,7915.2201637889975,0.0022813519096741243,30.0
55,98,98,62,29,hoτfloaτ,2026-08-27,8939304,0.002794712,0.0027955651748925447,-0.00030518869679994605,IN BAND,False,True,0.0,8338.233660767,2859124.622743551,1.0,2983574.475730221,204739.038713009,-0.011022358310089313,1100.2630867632106,ACCUMULATING_PRE_EMA,0.0,,,,,-4.258969680685168,-0.0037131291443993435,-4.258969680685168,-0.0037131291443993435,,0.9191624524146244,1.128704630520726,1,0.0,,0.0,0.0,0.0,0.0029163589423275367,0.04352754141662423,5HHHHHzg...,17728.132891305,,,,False,3379782,1.0,144,5Hmmmmha...,0.0,0.37882162591847557,0.37882162591847557,0.893577085654118,,COUNTER,610829.352749762,0.0,0.0,OK,0.0,0.0,1295.967040512703,3165.974907187,0.0011073231582850707,3165.974907187,0.0011073231582850707,0.0,NEITHER,True,True,0.011073231582850706,,,7755.904490727998,0.002712685004715047,30.0
56,99,99,63,14,Cacheon,2026-08-27,8939304,0.009483363,0.009491716278716922,-0.0008800598829162569,IN BAND,False,True,0.0,25248.501809474,3083589.465284639,1.0,2662399.405441633,2654422.857478501,-0.012349965626037119,580.2460570647381,ACCUMULATING_PRE_EMA,0.0,,,,,-1.4644447803392173,-0.010707395242147791,-1.4644447803392173,-0.010707395242147791,,0.8522535277754347,1.1081702652021712,1,0.5740032031115132,MINER_BURN_ONLY,4132.823062402895,4132.823062402895,0.0,0.008188023111936326,-0.1365907735540308,5CKhH8nK...,1580113.352568531,,,,False,4848444,1.0,4,5E2LP6En...,0.0,1.1077671203763735,1.1077671203763735,0.5484274618119669,,COUNTER,1225286.042034404,526.080568229,0.0,DIVERGENT,-1.0,3.1889877853435924,1295.967040512703,54469.108364298,0.017664189405728847,54469.108364298,0.017664189405728847,0.0,FORTRESS,True,True,0.17664189405728878,,,7904.235148963003,0.0025633227892200563,30.0
57,100,100,64,31,rec4ll,2026-08-27,8939304,0.005097287,0.005102596012875438,-0.0010404533029935389,IN BAND,False,True,0.0,2035.414470466,1710540.360033398,1.0,399313.261626965,48842.309847387,-3.4653599990985635e-05,2225.514158971957,ACCUMULATING_PRE_EMA,0.0,,,,,5.5466147248124305,-0.012658848519754722,5.5466147248124305,-0.012658848519754722,,1.536356616542324,1.647990560564807,1,0.5740032031076489,MINER_BURN_ONLY,4132.8230623750715,4132.8230623750715,0.0,0.0011899248436478044,-0.7665572208023985,5H3mfhC8...,841863.424154403,,,,False,7173591,1.0,0,5CDZ527X...,0.179995422293431,1.8315477493604753,1.5018775387637533,0.4310807923572323,,COUNTER,705864.481734212,729.248648798,0.0,DIVERGENT,-1.0,3.1889877853221233,1295.967040512703,400502.224143664,0.23413783942276828,400502.224143664,0.23413783942276828,0.0,FORTRESS,False,True,2.3413783942276827,0,,18341.954740714005,0.010722900885165832,30.0
58,40,80,65,7,Allways,2026-08-27,8939304,0.003215343,0.0032197837717831135,-0.0013792142882484114,IN BAND,False,True,1e-08,6372.635044293,3166588.045605769,1.0,1981945.198237277,322515.33160238,-0.001063203871299582,,,,,,,4.123882792179508e-06,-0.8526505944851281,-0.016780440507022338,-0.852646470602336,-0.01677631662423016,4.123882792179508e-06,0.8299153417340913,,,,,,,1.5259021896696368e-05,0.002012461031404517,-0.3741068895590557,5CAc19iE...,0.340321952,,,,False,2627691,0.912060914944914,26,5DCaForB...,,0.26225831920825693,0.26225831920825693,0.007126506943384709,,,36084.978602376,203516.163780243,,NO_ESTIMATE,,,,3211.260531444,0.0010141074510466312,3211.260531444,0.0010141074510466312,0.0,,True,True,0.010141074510466313,,,8866.582751279997,0.0028000430190419094,30.0
59,101,101,66,119,Satori,2026-08-27,8939304,0.002719331,0.0027231392450630665,-0.0013984760676379246,IN BAND,False,True,0.0,3367.528389818,1525828.880726593,1.0,1238366.486359728,71317.231658155,-0.0008647727937628405,1971.0083042758051,ACCUMULATING_PRE_EMA,0.0,,,,,-1.2639958979334613,-0.017014792156261414,-1.2639958979334613,-0.017014792156261414,,1.722342546530223,1.9100187129957216,1,0.5740032033784761,MINER_BURN_ONLY,4132.823064325028,4132.823064325028,0.0,0.002207015761960409,-0.18839752793594866,5GbLENPL...,99778.634037145,,,,False,5740660,1.0,0,5HMwvi1d...,0.179995422293431,11.442099047262795,9.382573597327463,0.05957667597552229,,COUNTER,821556.136949776,0.0,0.0,DIVERGENT,-1.0,3.1889877868267575,1295.967040512703,20722.542632217,0.013581170794426839,20722.542632217,0.013581170794426839,0.0,FORTRESS,True,True,0.1358117079442684,,,15110.654377619996,0.009903243128039606,30.0
60,102,102,67,125,8 Ball,2026-08-27,8939304,0.003133699,0.00313940248452127,-0.0018167420550217602,IN BAND,False,True,0.0,5800.097049912,2399603.6896113,1.0,1850878.664878377,234732.946323016,-0.00024021262101779379,2529.8896472533233,ACCUMULATING_PRE_EMA,0.0,,,,,-1.8173679059459877,-0.02210369500276475,-1.8173679059459877,-0.02210369500276475,,1.0951808464779018,1.1265844354039642,1,0.574003203368888,MINER_BURN_ONLY,4132.823064255994,4132.823064255994,0.0,0.0024171062392605047,-0.2286731306164043,5DTzv2rL...,62909.144807062,,,,False,5834408,1.0,0,5CFFokuo...,0.179995422293431,17.127653165366898,14.044754000971261,0.0,,COUNTER,1256179.2533714,0.0,0.0,DIVERGENT,-1.0,3.188987786773489,1295.967040512703,45923.662897553,0.019138019789006054,45923.662897553,0.019138019789006054,0.0,FORTRESS,True,True,0.19138019789006053,,,10334.788155387,0.004306872922445406,30.0
61,103,103,68,24,Quasar,2026-08-27,8939304,0.003906054,0.0039159085135906935,-0.0025165331509896345,IN BAND,False,True,0.0,8559.909605461,3598795.316707791,1.0,2191446.667858714,1565519.041193322,-0.003987432863262727,30991.99699162552,ACCUMULATING_PRE_EMA,0.0,,,,,-2.2584452943315916,-0.03061782000370722,-2.2584452943315916,-0.03061782000370722,,0.7302443647737424,-2.1253701545451125,1,0.5740032031116586,MINER_BURN_ONLY,4132.8230624039425,4132.8230624039425,0.0,0.002378548612009332,-0.39106100120240733,5ELutYW7...,328920.135747995,,,ENTRY_REPEATED,False,2538424,1.0,155,5ELpkVn8...,0.179995422293431,3.275828675759532,2.686194509905264,0.0,,COUNTER,626629.632339129,0.0,0.0,DIVERGENT,-1.0,3.188987785344401,1295.967040512703,700000.000065042,0.1945095340141234,0.0,0.0,700000.000065042,EXPOSED,True,False,0.5710020664751991,116629,TAKEOVER_WATCH,7585.418874071995,0.0021077661290865527,30.0
62,104,104,69,95,Actual,2026-08-27,8939304,0.045057821,0.04519556649029255,-0.0030477655440415215,IN BAND,False,True,0.0,28200.537705287,2854609.208200829,1.0,625874.422451651,560403.002558948,-0.0011390409750780188,3071.448574720882,ACCUMULATING_PRE_EMA,0.0,,,,,-3.7923602861589214,-0.037081147452505174,-3.7923602861589214,-0.037081147452505174,,0.9206163815523969,0.877014010692937,1,0.5740032031131947,MINER_BURN_ONLY,4132.823062415002,4132.823062415002,0.0,0.00987894862255451,-0.7807495257581474,5D5UhUuc...,445356.192819408,,,,False,5403674,1.0,0,5ExqqyEB...,0.179995422293431,2.4193803298932024,1.983902945725655,0.0,,COUNTER,1020836.979891731,14658.86980412,0.0,DIVERGENT,-1.0,3.1889877853529347,1295.967040512703,9024.997700073,0.003161552787732081,9024.997700073,0.003161552787732081,0.0,EXPOSED,True,True,0.03161552787732082,,UNDEFENDED_BURNER,12246.152401558998,0.004289957576812192,30.0
63,105,105,70,109,Finsight,2026-08-27,8939304,0.002480088,0.002490272745490074,-0.004089811250000153,IN BAND,False,True,0.0,1302.530563226,1463180.912906703,1.0,525195.261838868,65149.464361426,-0.000708007104294364,9440.12313425442,ACCUMULATING_PRE_EMA,0.0,,,,,-1.6877646784858837,-0.049759370208335194,-1.6877646784858837,-0.049759370208335194,,1.7960868521578162,0.1182220253758333,1,0.5740032031077782,MINER_BURN_ONLY,4132.823062376003,4132.823062376003,0.0,0.000890204725701649,-0.641059218180303,5FqZqKFx...,537855.091931156,,,ENTRY_REPEATED,False,7257480,1.0,0,5DyQkk4x...,0.179995422293431,2.628586380541996,2.1554528649415783,0.3121566353314614,,COUNTER,671938.084031397,1308.746301495,0.0,DIVERGENT,-1.0,3.188987785322842,1295.967040512703,179245.930136006,0.1225042840259052,179245.930136006,0.1225042840259052,0.0,FORTRESS,False,True,1.2250428402590559,0,,19382.52578928699,0.013246841602643895,30.0
64,106,106,71,37,Aurelius,2026-08-27,8939304,0.003873967,0.0038905751425772905,-0.004268814241764959,IN BAND,False,True,0.0,8583.466402299,3686690.456342409,1.0,2215678.268925315,352780.123632938,-0.0011818962588911177,31553.9607168613,ACCUMULATING_PRE_EMA,0.0,,,,,1.9613138547322344,-0.051937239941473666,1.9613138547322344,-0.051937239941473666,,0.7128344598280315,-2.129922591941527,1,0.5740032031107047,MINER_BURN_ONLY,4132.823062397074,4132.823062397074,0.0,0.00232823083574386,-0.3990060225748283,5GRBbS3a...,14349.84053455,,,,False,3212175,1.0,110,5E2LP6En...,0.0,0.5559002490094468,0.5559002490094468,0.49190434769338764,,COUNTER,1254299.696298306,0.0,0.0,DIVERGENT,-1.0,3.188987785339101,1295.967040512703,45507.151093348,0.01234363221763293,45507.151093348,0.01234363221763293,0.0,FORTRESS,True,True,0.12343632217632929,,,7868.194528136003,0.0021342162086323063,30.0
65,107,107,72,83,CliqueAI,2026-08-27,8939304,0.010157719,0.010208753868937492,-0.004999128159292488,IN BAND,False,True,0.0,8750.636661937,2744596.112704636,1.0,861476.494298435,151643.597457482,0.000950791968390149,4836.5014485208085,,0.0,,,0.09360290124093301,,-2.2266168208948343,-0.060822725938058604,-2.2266168208948343,-0.060822725938058604,,0.9575179341816754,0.6738871241157611,1,0.0,,0.0,0.0,0.0018463416495002605,0.0031883148931934357,-0.6861190102626943,5DqEjRLy...,931026.936597872,,,,False,5231190,0.016571376158009077,180,5G9hfkx9...,0.009994659342336155,0.4477483784285387,0.44327328591506204,0.4300865239352368,,COUNTER,345172.824104195,26063.92679357,0.0,OK,0.0,0.0,1295.967040512703,8057.340853611,0.0029357109471640874,8057.340853611,0.0029357109471640874,0.0,NEITHER,True,True,0.02935710947164088,,,13234.536907195004,0.004822034413709475,30.0
66,41,16,73,93,Bitcast,2026-08-27,8939304,0.017148408,0.017153597669675946,-0.0003025411797503045,IN BAND,False,False,0.002821845,22122.770638332,3642075.888139722,1.0,1290077.213243849,959113.95958002,-0.0033716791650470626,7600.540559059475,ACCUMULATING_PRE_EMA,0.0,,,,0.33521156916713996,17.68833043346671,-0.003680917686962038,17.62760201039837,-0.06440934075530273,-0.0607284230683407,0.7215665133606852,0.39593999223548065,1,0.0,,0.0,0.0,3.0518043793392735e-05,0.006074220120007367,-0.645785187755775,5EbY1Seb...,2394608.062082042,,,,False,5370681,0.9788350907176537,158,5HVydkt4...,0.179995422293431,1.2771599452750921,1.0472770015890467,0.0,,COUNTER,1085835.159306595,0.0,0.0,OK,0.0,0.0,1295.967040512703,427930.957620956,0.11749644179971551,427930.957620956,0.11749644179971551,0.0,DORMITORY,True,True,1.174964417997155,0,,9158.993880348,0.0025147729376463314,30.0
67,108,108,74,120,Affine,2026-08-27,8939304,0.05308698,0.053376153111457825,-0.005417646169704039,IN BAND,False,True,0.0,80186.666425176,2575478.408126999,1.0,1510477.099138294,1461433.899510837,-0.0050901304439632976,4343.367552925833,ACCUMULATING_PRE_EMA,0.0,,,,,-2.738441792089171,-0.06591469506473246,-2.738441792089171,-0.06591469506473246,,1.0203929459114343,1.0098330994288705,1,0.020500114396389917,MINER_BURN_ONLY,147.6008236540074,147.6008236540074,0.0,0.03113466848417155,-0.41351592265803117,5EfNFhH2...,2909700.167700369,,,,False,5749344,1.0,0,5HmYnmUY...,0.179995422293431,0.7149635500536305,0.5862733839373168,0.9307382427442243,,COUNTER,176274.985268715,0.0,0.0,DIVERGENT,-1.0,0.11389242090262913,1295.967040512703,64240.070350357,0.024942965993287124,64240.070350357,0.024942965993287124,0.0,DORMITORY,True,True,0.2494296599328741,,,11031.177543528007,0.004283156678277246,30.0
68,109,109,75,27,Orion,2026-08-27,8939304,0.002457612,0.0024731073062866926,-0.0062655212118387,IN BAND,False,True,0.0,6392.977458863,3333221.54602387,1.0,2601296.105632021,823177.847680797,-0.002571603639063033,44670.879285510164,ACCUMULATING_PRE_EMA,0.0,,,,,4.64472357193091,-0.07623050807737085,4.64472357193091,-0.07623050807737085,,0.7884264408211588,-3.7667282342835406,1,0.5740032031084734,MINER_BURN_ONLY,4132.823062381009,4132.823062381009,0.0,0.0019179575586534441,-0.21958488213214938,5CopvHeT...,43445.326035529,,,,False,1727132,1.0,112,5E2LP6En...,0.0,0.3635332329320536,0.3635332329320536,0.3641247119507989,,COUNTER,1270506.645503789,0.0,0.0,DIVERGENT,-1.0,3.1889877853267046,1295.967040512703,29259.979274079,0.008778288172588652,29259.979274079,0.008778288172588652,0.0,FORTRESS,True,True,0.08778288172588652,,,7857.758084282997,0.0023574064837233373,30.0
69,110,110,76,39,deprecated,2026-08-27,8939304,0.008914334,0.00898108328692615,-0.007432208876552615,IN BAND,False,True,0.0,19930.738925408,3683315.916079558,1.0,2235807.941376513,1081756.435943262,-0.008167090216750057,28545.11044451734,ACCUMULATING_PRE_EMA,0.0,,,,,7.832049935380648,-0.09042520799805681,7.832049935380648,-0.09042520799805681,,0.7134875367403148,-1.836977149986759,1,0.5740032031102843,MINER_BURN_ONLY,4132.823062394047,4132.823062394047,0.0,0.005411085928958777,-0.39299044337369715,5DkwfxC9...,642017.215463484,,,,False,3280104,1.0,136,5GP7c3fF...,0.0009918364232852674,2.054431609085909,2.052393948986869,0.22414161452769724,,COUNTER,1498755.044666565,0.0,0.0,DIVERGENT,-1.0,3.1889877853367654,1295.967040512703,515286.354836346,0.13989740944751916,513711.410427367,0.1394698207082249,1574.9444089789758,FORTRESS,True,True,1.3946982070822498,0,,8273.390303246997,0.0022461799345338306,30.0
70,111,111,77,121,sundae_bar,2026-08-27,8939304,0.004452978,0.004486690275371075,-0.007513840559963031,IN BAND,False,True,0.0,6202.994525745,2831158.889178814,1.0,1392999.155376106,549052.43220362,-0.0014768339828714987,8836.141375599429,ACCUMULATING_PRE_EMA,0.0,,,,,-1.780493101182366,-0.0914183934795502,-1.780493101182366,-0.0914183934795502,,0.9282417917428362,0.14195946990378017,1,0.40258502191999773,MINER_BURN_ONLY,2898.6121578239836,2898.6121578239836,0.0,0.0021909736502087303,-0.507975640075309,5CXGaDJs...,1830743.703682328,,,ENTRY_PRE_EMA_PATTERN,False,5766528,1.0,0,5EL9y2gd...,0.179995422293431,1.0134760625313357,0.8310550106717243,0.7220357088356478,,COUNTER,1269213.548350717,0.0,0.0,DIVERGENT,-1.0,2.2366403366842196,1295.967040512703,202885.709556554,0.07166171786826193,202885.709556554,0.07166171786826193,0.0,FORTRESS,True,True,0.7166171786826193,,,10445.30210104899,0.0036894086520444925,30.0
71,112,112,78,113,TensorUSD,2026-08-27,8939304,0.002634735,0.0026699358131736517,-0.013184142105577359,IN BAND,False,True,0.0,1866.929136405,1524979.184898531,1.0,708583.114017423,65716.663151978,-0.0004889739469761811,2667.8650200770935,ACCUMULATING_PRE_EMA,0.0,,,,,-0.2411750305442638,-0.16040706228452453,-0.2411750305442638,-0.16040706228452453,,1.7233022103018814,1.742659141610974,1,0.574003203111109,MINER_BURN_ONLY,4132.823062399984,4132.823062399984,0.0,0.0012242325370029371,-0.5353488920126931,5GndoVhM...,543461.610381668,,,,False,7119664,1.0,0,5FRumLA6...,0.179995422293431,2.542801023535212,2.0851084794958226,0.3054639804639805,,COUNTER,727492.493331116,0.0,0.0,DIVERGENT,-1.0,3.1889877853413466,1295.967040512703,72444.132522495,0.04750499760251828,72444.132522495,0.04750499760251828,0.0,FORTRESS,False,True,0.47504997602518634,,,17573.364530565,0.011523675014445718,30.0
72,113,113,79,46,Instant,2026-08-27,8939304,0.003537883,0.0035894419997930527,-0.014364071016059144,IN BAND,False,True,0.0,8465.895550693,3242220.914108579,1.0,2392926.641470437,1432500.95319646,-0.006844200137852545,45720.458512582816,ACCUMULATING_PRE_EMA,0.0,,,,,-5.916815431331973,-0.17476286402871957,-5.916815431331973,-0.17476286402871957,,0.8105555018056338,-3.986968288597592,1,0.5740032033341574,MINER_BURN_ONLY,4132.823064005934,4132.823064005934,0.0,0.002611140873792255,-0.26194821202615937,5Ft9E2ov...,722842.922579164,,,,False,3919107,1.0,238,5CDnZ6oe...,0.179995422293431,1.836619965125972,1.5060367789105762,0.23211914971540187,,COUNTER,965472.985768082,28041.129768459,0.0,DIVERGENT,-1.0,3.1889877865805367,1295.967040512703,170998.866811837,0.05274127560763443,170998.866811837,0.05274127560763443,0.0,FORTRESS,True,True,0.5274127560763457,,,8232.780094265003,0.0025392409438974133,30.0
73,38,75,80,65,True Performance Network,2026-08-27,8939304,0.002957098,0.003001927863806486,-0.014933691227890207,IN BAND,False,True,4.19e-07,6589.823571175,3529472.895254567,1.0,2228476.448820145,291168.289412408,-0.00012719120635281114,,,,,,,0.0001670958240546131,-5.561013587461867,-0.18169324327266417,-5.560846491637812,-0.18152614744860956,0.0001670958240546131,0.7445871035115154,,,,,,,4.57770656900891e-05,0.001867084339997376,-0.36860924460488764,5GxEEHxL...,1486867.383210799,,,,False,4950813,0.7617194652993957,0,5DAmVrUg...,0.179995422293431,0.8714238241582335,0.7145715249323157,0.44087170174126694,,,984054.473716242,0.0,,NO_ESTIMATE,,,,171794.150223016,0.048674166177617065,171794.150223016,0.048674166177617065,0.0,,True,True,0.4867416617761706,,,8072.453488508998,0.0022871555408068276,30.0
74,114,114,81,122,CookingTAO,2026-08-27,8939304,0.004736735,0.004811979364603758,-0.015636884305291306,IN BAND,False,True,0.0,1451.6225861,608662.79420445,1.0,306460.55661432,45859.830812544,0.0003625880589275153,2264.004982543527,,0.0,,,0.07654809883337686,,2.5924275208922363,-0.19024875904771088,2.5924275208922363,-0.19024875904771088,,4.31766164290511,4.6459188228783095,1,0.5740032031133322,MINER_BURN_ONLY,4132.823062415991,4132.823062415991,0.0,0.002384937275486564,-0.49650185718927403,5F3uH1G4...,358382.207448037,,,,True,8238082,1.0,0,5CfPqfaz...,0.179995422293431,3.847367601687427,3.154859045503634,0.2796758884836647,,COUNTER,291483.285591957,4689.8056909,0.0,DIVERGENT,-1.0,3.188987785353698,1295.967040512703,111009.22566266,0.18238214446433204,111009.22566266,0.18238214446433204,0.0,FORTRESS,False,True,1.823821444643328,0,,32397.51747518,0.05322736625872628,30.0
75,115,115,82,87,Provenonce,2026-08-27,8939304,0.003770777,0.003848775289952755,-0.020265742756239876,IN BAND,False,True,0.0,1607.320804082,1626548.199377281,1.0,426257.170312472,97566.053870079,-0.0004810604927689679,7676.901253255375,ACCUMULATING_PRE_EMA,0.0,,,,,-8.522398509480034,-0.24656653686758515,-8.522398509480034,-0.24656653686758515,,1.615691438474508,0.5026992204403328,1,0.5740032031097346,MINER_BURN_ONLY,4132.823062390089,4132.823062390089,0.0,0.0009881790190400493,-0.7379375606035443,5HartH15...,4225.689298993,,,,False,7208725,1.0,12,5DUNfPYw...,0.0,0.7024062086126067,0.7024062086126067,0.006378757820845414,,COUNTER,692421.153639137,811.040088965,0.0,DIVERGENT,-1.0,3.1889877853337114,1295.967040512703,169139.820788996,0.10398697121533237,169139.820788996,0.10398697121533237,0.0,FORTRESS,False,True,1.0398697121533238,0,,19940.648597658997,0.012259488286478824,30.0
76,116,116,83,108,Prometheon,2026-08-27,8939304,0.00296586,0.0030284409876912832,-0.020664423690484945,IN BAND,False,True,0.0,1913.489419757,1627437.481119348,1.0,645171.81305933,54197.390365241,0.0005111478403079943,7181.2812517267885,,0.0,,,0.17234388686856233,,-4.523667294542899,-0.25141715490090016,-4.523667294542899,-0.25141715490090016,,1.614808575130313,0.6102619624129738,1,0.13444378851655767,MINER_BURN_ONLY,968.2655451150495,967.9952773192151,9.15541313801782e-05,0.0011757683118130634,-0.6035658082940316,5GpmtjiG...,1588030.495768729,,,,False,7105263,0.9195623311816142,0,5CAxp9fh...,0.179995422293431,0.7431614107358879,0.6093957587782999,0.8827425188078925,,COUNTER,476746.310866427,0.238163524,0.0,DIVERGENT,-1.0,0.7469289318779762,1295.967040512703,406139.569578583,0.24955770915343617,406139.569578583,0.24955770915343617,0.0,FORTRESS,False,True,2.4955770915343614,0,,17472.540666832003,0.010736228500043164,30.0
77,44,10,84,8,Vanta,2026-08-27,8939304,0.027892837,0.02794224047102034,-0.00176805689835711,IN BAND,False,False,0.003944255,79018.894562468,3065568.825459746,1.0,2832945.766408627,1391676.777833566,-0.008329727580013033,8125.125281052664,ACCUMULATING_PRE_EMA,0.0,,,,0.13117751390214147,-0.6522252507679123,-0.021511358930011503,-0.9014884674143435,-0.27077457557644274,-0.24926321664643122,0.8572634149245945,0.3804407305485727,1,0.04349695689859514,MINER_BURN_ONLY,359.89623681094963,357.46382664844106,0.0008239871824216038,0.025776258522141472,-0.07588250983069696,5F6tnxzA...,20309.08173466,,,,False,1477264,0.9520318871122921,1,5FeNwZ5o...,0.0,0.3593796443755893,0.3593796443755893,0.5069206000396771,,COUNTER,786030.5855197,0.0,0.0,DIVERGENT,-1.0,0.2758278686678816,1295.967040512703,607572.658219017,0.19819247024339723,607571.159893335,0.19819198148396389,1.4983256820123643,FORTRESS,True,True,1.981919814839639,0,,8021.631254798006,0.0026166860741073054,30.0
78,42,59,85,98,NeverPlayAlone,2026-08-27,8939304,0.002868084,0.002877524821087718,-0.003280882589971691,IN BAND,False,False,0.000104449,5253.922589653,2868791.100542225,1.0,1831857.397268436,205877.628997365,-0.001032365332540136,7826.283108845586,ACCUMULATING_PRE_EMA,0.0,,,,0.052245149660290126,-0.48159923236310015,-0.03991740484465557,-0.7159918655226037,-0.2743100380041592,-0.23439263315950362,0.9160653069173585,0.28663778281979374,1,0.0,,0.0,0.0,0.0,0.0018314064724545352,-0.3614529865741257,5EWzZCNs...,1552676.369876986,,,ENTRY_PRE_EMA_PATTERN,False,5445992,1.0,153,5E2LP6En...,0.0,0.4254271348753559,0.4254271348753559,0.2630430470144813,,COUNTER,1255490.393926426,0.0,0.0,OK,0.0,0.0,1295.967040512703,524278.289785712,0.1827523411121218,524278.289785712,0.1827523411121218,0.0,DORMITORY,True,True,1.8275234111212193,0,,9574.48694377,0.0033374639728770573,30.0
79,43,4,9,64,Chutes,2026-08-27,8939304,0.075355187,0.07564953854307532,-0.003890989274279756,IN BAND,False,False,0.010429884,207466.447109333,3294130.716471923,1.0,2753180.720058988,4959886.39381113,0.006078987608972017,7854.250285026617,,0.0,,0.08067112366096334,0.08067112366096334,0.13211647248943012,-1.447857177314709,-0.04734036950373703,-1.696534084982955,-0.29601727717198306,-0.24867690766824604,0.7977825490831275,0.38079338015767616,1,0.01448391214779045,MINER_BURN_ONLY,119.1235101170023,118.71810842325087,0.0001373311970702673,0.06298063585392068,-0.16421631527607153,5FRYKhbm...,657672.656104239,,,,False,4531295,0.319689894087843,194,5FEm1mew...,,13.403672116784568,13.403672116784568,0.0,,COUNTER,273918.95162087,0.0,0.0,DIVERGENT,-1.0,0.0916058084133716,1295.967040512703,744648.049709035,0.22605297536782853,744647.549506435,0.22605282352121314,0.5002025999128819,DORMITORY,True,True,2.260528235212132,0,,7735.038384932001,0.0023481273363724843,30.0
80,45,12,86,114,SOMA,2026-08-27,8939304,0.011269193,0.011267354944720864,0.00016313103546961217,IN BAND,False,False,0.003689927,5526.053490031,1505064.115191457,1.0,490368.311279997,202776.069657372,-0.00033109223172571404,4440.857410231663,ACCUMULATING_PRE_EMA,0.0,,,,1.7548017176260813,3.5233713537264553,0.001984760931546948,3.192532602582377,-0.32885399021253153,-0.33083875114407846,1.746105015377166,2.0856404687701597,1,0.0,,0.0,0.0,9.15541313801782e-05,0.003671639921684027,-0.6741878569579892,5FHrQMjz...,976788.629470428,0.0,,,False,7312241,0.9997863541332845,74,5DUtdSu5...,,0.5650248255061519,0.5650248255061519,0.011368838699832136,,COUNTER,373811.447473431,13816.272943106,0.0,OK,0.0,0.0,1295.967040512703,146039.760277138,0.09703225185098542,146039.760277138,0.09703225185098542,0.0,DORMITORY,False,True,0.9703225185098544,,,19512.879838887,0.012964816343657754,30.0
81,39,79,87,92,MicroTensor,2026-08-27,8939304,0.006636105,0.006886202609166503,-0.03631865388822399,IN BAND,False,True,1.8e-08,1279.886664042,570452.926134518,1.0,192867.135855112,68359.169139699,-2.6195570558567144e-05,,,,,,,3.69595225335106e-05,37.19175612870732,-0.44187695564005847,37.19179308822985,-0.44183999611752495,3.69595225335106e-05,4.606865666914458,,,,,,,1.5259021896696368e-05,0.0022436323934995313,-0.6619052300258161,5E9LPDS2...,755701.089543562,,,,True,8352006,0.9523911252174444,0,5FeHbWK1...,0.179995422293431,2.1889046127282934,1.794911802600225,0.5828361283628096,,,201582.853755298,0.041020142,,NO_ESTIMATE,,,,0.0,0.0,0.0,0.0,0.0,,False,,,,,35284.482034421984,0.061853450859679845,30.0
82,48,43,88,56,Gradients,2026-08-27,8939304,0.015931009,0.015977300703525543,-0.0028973419468364303,IN BAND,False,False,0.000657734,50663.21460736,2676714.708575032,1.0,3180163.45743496,2833412.888493047,-0.009019599530651996,6685.063915058039,ACCUMULATING_PRE_EMA,0.0,,,,0.03411794860227625,-2.6138941319444924,-0.0352509936865099,-3.064828624762865,-0.4861854865048822,-0.4509344928183723,0.9818005600600723,0.4850524414206485,1,0.3926287562304104,MINER_BURN_ONLY,2943.7308936000336,2943.6408043347556,3.0518043793392735e-05,0.018927386786891053,0.18808462081033622,5EJ1zbdw...,24777.53061004,,,,False,4312927,0.7032487449071461,50,5G9hfkx9...,0.009994659342336155,0.40829783334192077,0.40421703558745437,0.02015932120620193,,COUNTER,806110.332969983,0.0,0.0,DIVERGENT,-1.0,2.2713855463254755,1295.967040512703,264724.185506575,0.09889891689185762,264724.185506575,0.09889891689185762,0.0,FORTRESS,True,True,0.9889891689185764,,,7924.566142942003,0.002960556878757057,30.0
83,117,117,89,94,pending...,2026-08-27,8939304,0.003095122,0.0032352444250136614,-0.04331123297216396,IN BAND,False,True,0.0,1903.705410729,1667953.137464184,1.0,615066.309081218,107667.073805399,-7.290167659344193e-05,16277.631027705269,ACCUMULATING_PRE_EMA,0.0,,,,,-5.4463078742818505,-0.5269533344946614,-5.4463078742818505,-0.5269533344946614,,1.5755838344447677,-1.387288025323395,1,0.574003203137076,MINER_BURN_ONLY,4132.823062586947,4132.823062586947,0.0,0.0011413422643415713,-0.63124482190312,5CnwnkkC...,699264.496904328,,,ENTRY_REPEATED,False,6962737,1.0,0,5EeKtCKE...,0.179995422293431,2.1060145179239473,1.72694154541413,0.3667897692589427,,COUNTER,725215.011319469,0.075116968,0.0,DIVERGENT,-1.0,3.188987785485612,1295.967040512703,273.723032556,0.00016410714810138224,273.723032556,0.00016410714810138224,0.0,EXPOSED,False,True,0.0016410714810138223,,,17193.96775918602,0.010308423763827254,30.0
84,49,61,90,6,Numinous,2026-08-27,8939304,0.002832339,0.0028442470356822014,-0.0041867093585086865,IN BAND,False,True,9.9869e-05,8255.130446305,2729796.37101298,1.0,2914598.251940981,690749.77091072,-0.004023880888700968,6167.911886809394,ACCUMULATING_PRE_EMA,0.0,,,,0.03179304478676958,-1.6543868647232254,-0.05093829719518902,-2.144923450276898,-0.5414748827488616,-0.4905365855536725,0.9627091705103245,0.5223296303404421,1,0.0,,0.0,0.0,0.001831082627603564,0.0030240828707826526,0.06769806537376086,5CfSg4e2...,56190.93205337,,,,False,3219949,0.5515707406558128,48,5EEbEga4...,0.0,0.32479969438124656,0.32479969438124656,0.005402270785007935,,COUNTER,185360.665463109,0.0,0.0,OK,0.0,0.0,1295.967040512703,662466.459537209,0.24267980812480133,662466.459537209,0.24267980812480133,0.0,DORMITORY,True,True,2.4267980812480134,0,,8171.3928834960025,0.0029934074827946745,30.0
85,118,118,91,70,SN70,2026-08-27,8939304,0.009212631,0.009643684606999159,-0.04469801995456277,IN BAND,False,True,0.0,692.504713193,140058.024167987,1.0,75169.046841405,6009.599622973,,2958.867129183971,,,,,,,2.214423651969113,-0.5438259094471803,2.214423651969113,-0.5438259094471803,,18.763651819391303,19.072645223868772,1,0.5740032031137495,MINER_BURN_ONLY,4132.823062418996,4132.823062418996,0.0,0.0049444129838816155,-0.46330065929248493,5EP42hSo...,645347.773288358,,,,True,8825571,1.0,0,5DFxKepZ...,0.179995422293431,2.653128348369692,2.175577390906216,0.5890682699056978,,COUNTER,44427.847920819,0.0,0.0,DIVERGENT,-1.0,3.1889877853560167,1295.967040512703,0.0,0.0,0.0,0.0,0.0,EXPOSED,False,,,,,31981.525527338985,0.22834482863316724,30.0
86,46,22,92,102,ConnitoAI,2026-08-27,8939304,0.009183066,0.009336027316749096,-0.016383983418158905,IN BAND,False,False,0.002206398,4099.041876603,927418.176134942,1.0,446369.646674526,224299.482419819,-9.995717380745074e-05,7317.322240584937,ACCUMULATING_PRE_EMA,0.0,,,,1.414577874184911,-3.296656046416424,-0.19933846492093332,-3.6568938514620624,-0.5595762699665716,-0.3602378050456383,2.833673166674726,1.7748156792305494,1,0.11611615830889947,MINER_BURN_ONLY,1037.0444177180034,1036.9092838200863,4.57770656900891e-05,0.004419842075649138,-0.5186964706940864,5HBc11rC...,910240.552215399,,,ENTRY_REPEATED,False,7840965,0.2501525972044192,0,5EEinUEy...,0.179995422293431,0.9570098943327028,0.7847524942632962,0.5583141318114538,,COUNTER,129375.417391662,7309.092357836,0.0,DIVERGENT,-1.0,0.800104671959767,1295.967040512703,2002.340459168,0.002159048108710621,2002.340459168,0.002159048108710621,0.0,EXPOSED,False,True,0.02159048108710621,,,24979.15207913601,0.026934076473719523,30.0
87,47,44,5,96,Verathos,2026-08-27,8939304,0.007577352,0.007703025825321674,-0.016314864855905685,IN BAND,False,False,0.000582951,3318.288468973,751477.422616241,1.0,437921.969526833,83636.219760414,0.0007914143622985852,8833.624906707904,,0.0,,0.10444471397113203,0.10444471397113203,0.46168235291314125,-5.556690124315356,-0.19849752241351915,-5.919777081958648,-0.5615844800568113,-0.3630869576432922,3.497111052053586,0.8247693105564334,1,0.217007345763543,MINER_BURN_ONLY,1684.6396164640028,1682.6576526278848,0.0006713969634546402,0.004415686179127645,-0.4172520718151083,5CGq1JQh...,942688.730025596,,,,False,7692872,0.4058267548212732,0,5GpKXttD...,0.179995422293431,1.2269248262708048,1.0060839740438967,0.6678976362332331,,COUNTER,242357.529698966,7897.141864024,0.0,DIVERGENT,-1.0,1.298379974202277,1295.967040512703,167782.961184354,0.22327079448404955,167782.961184354,0.22327079448404955,0.0,FORTRESS,False,True,2.232707944840507,0,,28692.330259873008,0.038181227268254736,30.0
88,119,119,93,116,Memo,2026-08-27,8939304,0.006858409,0.00719287246465683,-0.04649929027662619,IN BAND,False,True,0.0,1537.04438615,617891.111835452,1.0,224110.900590953,106520.591856605,0.0001614247536338362,9178.23432358072,,0.0,,,0.02353676393954286,,-6.842364166976259,-0.5657413650322853,-6.842364166976259,-0.5657413650322853,,4.253176570534408,0.4351577607935306,1,0.5740032032473633,MINER_BURN_ONLY,4132.823063381016,4132.823063381016,0.0,0.0024875651335786227,-0.6372970562737477,5F48aA3P...,85400.728863207,,,,True,8294730,1.0,0,5CXN6pP6...,0.179995422293431,12.616824552359423,10.34585388905536,0.0,,COUNTER,174815.545549661,1764.319155568,0.0,DIVERGENT,-1.0,3.188987786098335,1295.967040512703,30.45052749,4.928138130931579e-05,30.45052749,4.928138130931579e-05,0.0,EXPOSED,False,True,0.000492813813093158,,,32834.67846606501,0.053139910636567096,30.0
89,120,120,94,58,greevils,2026-08-27,8939304,0.00976204,0.010273420950397849,-0.04977708524423364,IN BAND,False,True,0.0,1073.176054059,413014.612376728,1.0,109933.57832383,21093.706416921,,4474.858619841572,,,,,,,9.54325486450043,-0.6056212038048425,9.54325486450043,-0.6056212038048425,,6.362970997265566,4.8709726571003396,1,0.0,,0.0,0.0,0.0,0.002598397300965495,-0.7338264029889763,5CLUzEqe...,750644.315204554,,,,True,8511017,0.0,1,5E2LP6En...,0.0,0.828993577832951,0.828993577832951,0.3702008179210157,,COUNTER,78931.873767343,0.045668707,0.0,OK,0.0,0.0,1295.967040512703,32808.027617922,0.07943551301762762,32808.027617922,0.07943551301762762,0.0,DORMITORY,False,True,0.7943551301762762,,,40857.59585173297,0.09892530343324764,30.0
90,51,31,95,63,Enigma,2026-08-27,8939304,0.008281118,0.008297707885503769,-0.0019993335186878794,IN BAND,False,False,0.001186843,15435.559202276,3942928.273570709,1.0,1863946.147261085,1219819.403607163,-0.0023243817583002914,2792.5684006332885,ACCUMULATING_PRE_EMA,0.0,,,,0.202067405730276,0.2765064621703006,-0.0243252244773692,-0.31403340868151286,-0.6148650953291827,-0.5905398708518135,0.6665097150296594,0.7926072765820895,1,0.0,,0.0,0.0,3.0518043793392735e-05,0.003914745116146276,-0.5272685262851857,5CqTmNfg...,289888.959405536,,,ENTRY_REPEATED,False,4885578,0.9999542215372408,188,5G9hfkx9...,0.009994659342336155,0.29980981463812273,0.29681331767332575,0.03131390202960476,,COUNTER,725439.396179942,0.0,0.0,OK,0.0,0.0,1295.967040512703,72397.992373783,0.018361478411632253,72397.992373783,0.018361478411632253,0.0,DORMITORY,True,True,0.18361478411632254,,,7970.355750636995,0.0020214305707922644,30.0
91,50,63,96,60,Bitsec.ai,2026-08-27,8939304,0.005337725,0.0053831588011235,-0.008439989010544846,IN BAND,False,True,8.0678e-05,8044.367822495,4024873.042611399,1.0,1507077.789114954,909547.487489302,0.00042835187573598795,3823.27065477008,,0.0,,,0.0802498959268205,0.026356550157628222,11.560615880248552,-0.10268653296162895,11.023079247112172,-0.6402231660980088,-0.5375366331363798,0.652939849823167,0.5638931832940081,1,0.2827220905793938,MINER_BURN_ONLY,2066.411531192949,2066.36648656031,1.5259021896696368e-05,0.001998663743509209,-0.6255588769542813,5CXLwkK1...,110221.938210174,,,,False,4796992,0.5,113,5CXLwkK1...,0.179995422293431,4.887801966650333,4.008019987576444,0.0,,COUNTER,651491.702914818,0.0,0.0,DIVERGENT,-1.0,1.5944591351203083,1295.967040512703,1066073.614304441,0.26487136439283965,1066073.614304441,0.26487136439283965,0.0,FORTRESS,True,True,2.6487136439283976,0,,8247.063580649003,0.002049024526571944,30.0
92,52,51,10,89,InfiniteQuant,2026-08-27,8939304,0.003496462,0.0035011207219213247,-0.0013306373276863327,IN BAND,False,False,0.000220236,6586.473359271,2835925.338632708,1.0,1883753.269849686,186600.491730645,0.00022740814707736934,4886.745822011493,,0.0,,0.06503950195293681,0.06503950195293681,0.08787406802235365,-1.4931715660572888,-0.016189420820183712,-2.119220088129797,-0.6422379428926921,-0.6260485220725084,0.9266816598447702,0.713922590094862,1,0.0,,0.0,0.0,0.0007019150072480329,0.0023225129623640067,-0.33575340948535787,5Dc5NmEU...,120678.04822302,,,,False,5313364,0.0394264685672403,137,5FFQKsXc...,0.0,0.25601483363096467,0.25601483363096467,0.000976711534352776,,COUNTER,600426.954984618,0.0,0.0,OK,0.0,0.0,1295.967040512703,6094.632142656,0.0021490806050607878,6094.632142656,0.0021490806050607878,0.0,NEITHER,True,True,0.021490806050607877,,,10544.607510473004,0.0037182246538115505,30.0
93,54,46,97,48,Quantum Compute,2026-08-27,8939304,0.004295548,0.004297780804336071,-0.0005195249450178078,IN BAND,False,False,0.000466336,10805.599157593,3180473.295773567,1.0,2515534.218821397,689573.057102332,-0.0027008449742481964,4026.6024950668216,ACCUMULATING_PRE_EMA,0.0,,,,0.11341629373127635,-0.9060892432641205,-0.006320886831049994,-1.576295886177098,-0.6765275297440274,-0.6702066429129774,0.826292113029928,0.7836229366442538,1,0.0,,0.0,0.0,4.57770656900891e-05,0.0033974814918119977,-0.20906913580944783,5GNH5YMk...,229856.704586494,,,,False,3856677,1.0,230,5CFKbodp...,,6.26377799966877,6.26377799966877,0.0,,COUNTER,695492.461656953,0.0,0.0,OK,0.0,0.0,1295.967040512703,101862.559282014,0.03202748453111555,101862.559282014,0.03202748453111555,0.0,DORMITORY,True,True,0.32027484531115546,,,8157.31188742,0.002564810683447649,30.0
94,53,2,2,51,lium.io,2026-08-27,8939304,0.081653708,0.08174908999353647,-0.0011667652024506738,IN BAND,False,False,0.01181371,149973.515386916,3906388.659868346,1.0,1836701.846207194,1922064.903004349,0.015805744069074572,1999.5947598151397,,0.0,,0.19357043857793416,0.19357043857793416,0.2070127502172864,2.5467621642872142,-0.014195643296483196,1.8780408232275887,-0.6829169843561088,-0.6687213410596257,0.6727441196515682,0.875734091276912,1,0.0,,0.0,0.0,0.000457770656900891,0.03839185714612699,-0.5298210199330202,5FqACMtc...,216.588029224,3.426612642282308e-07,,,False,3966206,0.7919853446301809,61,5FUY2npW...,,5.753789070888948,5.753789070888948,0.0,,COUNTER,1171146.945421614,47834.295633396,0.0,OK,0.0,0.0,1295.967040512703,475379.431688872,0.12169281479147376,475379.431688872,0.12169281479147376,0.0,DORMITORY,True,True,1.2169281479147396,0,,8128.381089906004,0.002080791697306419,30.0
95,121,121,98,25,UR,2026-08-27,8939304,0.009087423,0.009650681400671601,-0.05836462497170436,IN BAND,False,True,0.0,15411.650675027,4132962.913750675,1.0,1695931.86698763,687946.189918984,-0.00189072698649151,45187.69100312563,ACCUMULATING_PRE_EMA,0.0,,,,,-14.015622925905713,-0.7101029371557364,-14.015622925905713,-0.7101029371557364,,0.6358634361940313,-3.0888078251183755,1,0.5740032031106885,MINER_BURN_ONLY,4132.8230623969575,4132.8230623969575,0.0,0.003728959343852637,-0.5896571179912461,5F6aRdsB...,48339.049474853,,,,False,2998801,1.0,114,5GP7c3fF...,0.0009918364232852674,0.2939166487422799,0.29362513150464736,0.06320962031497986,,COUNTER,917709.710071137,0.0,0.0,DIVERGENT,-1.0,3.188987785339011,1295.967040512703,323519.372769362,0.07827783106714774,323519.372769362,0.07827783106714774,0.0,FORTRESS,True,True,0.7827783106714773,,,7839.665961931001,0.0018968633703070137,30.0
96,122,122,99,100,Cortex,2026-08-27,8939304,0.00464057,0.004962752340361476,-0.06492009237317871,IN BAND,False,True,0.0,2726.257856724,1823301.1751758,1.0,587483.371586564,352943.121551183,-0.001453934361040321,29244.644394023228,ACCUMULATING_PRE_EMA,0.0,,,,,-8.542418895925186,-0.7898611238736742,-8.542418895925186,-0.7898611238736742,,1.4413416915319062,-3.818418676578777,1,0.5535030887141733,MINER_BURN_ONLY,3985.222238742048,3985.222238742048,0.0,0.0014952317773069708,-0.6777913537977078,5FX6kmhY...,1473561.913359169,,,ENTRY_REPEATED,False,6693448,1.0,0,5HdSGJgs...,0.179995422293431,1.2919178772024786,1.0593785733269856,0.7668467313678814,,COUNTER,677788.583477818,1077.059572996,0.0,DIVERGENT,-1.0,3.0750953644356858,1295.967040512703,293228.439361895,0.1608228214593359,293228.439361895,0.1608228214593359,0.0,FORTRESS,False,True,1.6082282145933624,0,,18041.160377673,0.009894778012158907,30.0
97,55,36,11,67,Harnyx,2026-08-27,8939304,0.005452915,0.005505838198587298,-0.00961219648642736,IN BAND,False,False,0.00090617,3206.686577933,879809.195434028,1.0,588068.352236571,66014.195773646,0.00015566218436049352,6863.601866969606,,0.0,,0.028546600187329806,0.028546600187329806,0.7426403242486634,-4.77770124659703,-0.11694839058486621,-5.624500830669691,-0.9637479746575263,-0.8467995840726601,2.987011290219072,1.5894399083213235,1,0.023475225101308693,MINER_BURN_ONLY,199.40705984900706,197.10978358441562,0.0007782101167315147,0.0036447522878538174,-0.33159561668322035,5HEAv3TU...,1031358.66009685,,,,False,7236936,0.052883147028281785,246,5HGnF3Wr...,0.0,0.8463363918470338,0.8463363918470338,0.007431483855215772,,COUNTER,277131.340369435,6279.314248273,0.0,DIVERGENT,-1.0,0.1520947504239276,1295.967040512703,522.283347221,0.0005936325170633694,522.283347221,0.0005936325170633694,0.0,NEITHER,False,True,0.005936325170633695,,,24271.184244895005,0.02758687266609157,30.0
98,56,52,100,1,Apex,2026-08-27,8939304,0.007636322,0.0076449899934232235,-0.0011338135734226282,IN BAND,False,False,0.000173994,24814.002573385,2526287.71587184,1.0,3249470.271365174,832858.256228724,-0.002493990990679855,3351.9700061529875,ACCUMULATING_PRE_EMA,0.0,,,,0.01842734684369074,-1.8630274889625478,-0.013794731809975308,-2.822283342874808,-0.9730505857222356,-0.9592558539122603,1.040261559872668,0.977683200755951,1,0.3166117264543546,MINER_BURN_ONLY,2331.6354730960447,2331.5453838307667,3.0518043793392735e-05,0.009822318502159012,0.2862630075262688,5HCFWvRq...,7174.686733058,,,,False,1497824,0.5698350449391909,252,5HbNZ77c...,0.179995422293431,0.41917720225946004,0.34372722472298955,0.7339315143746566,,COUNTER,851238.637190358,0.0,0.0,DIVERGENT,-1.0,1.7990776855778476,1295.967040512703,192837.392404324,0.0763323160670852,192824.591394465,0.07632724894437444,12.801009858987527,FORTRESS,True,True,0.7632724894437444,,,8070.694829764997,0.0031946855376208576,30.0
99,123,123,101,69,Herald,2026-08-27,8939304,0.008554624,0.009340035263448954,-0.08409082420947178,IN BAND,False,True,0.0,4353.53847071,1201721.311776177,1.0,508910.531712015,72979.364433518,0.0011393261345515797,26938.323963595438,,0.0,,,0.1331824910775248,,-6.402311070859606,-1.0231050278819067,-6.402311070859606,-1.0231050278819067,,2.186863105652794,-5.098577760582877,1,0.5740032033601327,MINER_BURN_ONLY,4132.823064192955,4132.823064192955,0.0,0.0036227521539709995,-0.5765153262176106,5HBPFVcJ...,511145.215392516,,,,True,8138182,1.0,0,5FWB5CFZ...,0.179995422293431,2.107984150544738,1.7285566531795784,0.0,,COUNTER,326697.15017735,4110.268380516,0.0,DIVERGENT,-1.0,3.188987786724847,1295.967040512703,485.813350565,0.00040426457099854087,485.813350565,0.00040426457099854087,0.0,EXPOSED,False,True,0.004042645709985409,,,22611.330144537995,0.018815785259826863,30.0
100,58,78,102,101,Tag101,2026-08-27,8939304,0.004534666,0.004547495860606432,-0.0028213023166383565,IN BAND,False,True,6.7e-08,3961.40015663,2402516.810528511,1.0,873581.31641787,165522.19807775,0.0003527464605012477,2922.5534422150813,,0.0,,,0.07778885159375525,4.444792069422987e-05,-0.6030881267839566,-0.03432584485243333,-1.6559168825716606,-1.0871546006401371,-1.0528287557877039,1.0938529081184187,1.052873203708398,1,0.5160715846605543,MINER_BURN_ONLY,3721.626754313009,3715.7709520699327,0.0019836728465705278,0.0016488542928274296,-0.6363890322181546,5H8dNvi1...,1291036.896619619,,,ENTRY_REPEATED,False,5481350,0.9020411283541013,0,5H6Dezn7...,0.179995422293431,1.2180109143238593,0.9987745254421282,0.5591704689383651,,COUNTER,847098.239902153,6970.543419914,0.0,DIVERGENT,-1.0,2.867180133377405,1295.967040512703,13574.61335476,0.005650163734660331,13574.61335476,0.005650163734660331,0.0,FORTRESS,True,True,0.056501637346603316,,,12967.018922154002,0.00539726459574761,30.0
101,59,58,103,128,ByteLeap,2026-08-27,8939304,0.002924411,0.0029265033081173897,-0.0007149515640683248,IN BAND,False,False,0.00011146,4102.978973374,2790279.184086189,1.0,1403010.358657705,90909.873616259,-0.00022424396803000932,1441.906525459839,ACCUMULATING_PRE_EMA,0.0,,,,0.07139127007495383,-0.31963205952516593,-0.008698577362831285,-1.402245100937097,-1.0913116187747622,-1.082613041411931,0.941841237603851,1.154004311486885,1,0.0,,0.0,0.0,0.0001373311970702673,0.0014704546400856721,-0.4971792131524358,5GgMeLFN...,843401.835932447,,,,False,5856038,1.0,96,5HQTcjYx...,,4.966433278690541,4.966433278690541,0.0,,COUNTER,186014.794503201,289.843039317,0.0,OK,0.0,0.0,1295.967040512703,3774.580058958,0.0013527607131521384,3774.573941721,0.0013527585208134524,0.0061172369996711495,NEITHER,True,True,0.013527585208134523,,,10501.054138815001,0.0037634420952231975,30.0
102,60,68,104,13,Data Universe,2026-08-27,8939304,0.005995403,0.005997191881760955,-0.0002982865641493772,IN BAND,False,True,1.562e-05,20686.612317566,2463754.559407784,1.0,3450411.880846045,968652.007206984,-0.0029832593986156373,1606.1993001056835,ACCUMULATING_PRE_EMA,0.0,,,,0.0019843442401220527,-1.401797865827041,-0.0036291531971507558,-2.6380740300854884,-1.239905317455598,-1.2362761642584472,1.066664692700435,1.2382605084985692,1,0.40236737922934335,MINER_BURN_ONLY,2908.827342346078,2904.5931468780072,0.0014343480582894585,0.00839637708170836,0.4004691730828371,5HBswBt1...,3532.895895769,,,,False,1907637,0.7054751608318943,77,5D4aUZhf...,0.0,0.38556460417209965,0.38556460417209965,0.06638079687476156,,COUNTER,625299.473620485,0.0,0.0,DIVERGENT,-1.0,2.241255414743348,1295.967040512703,93697.039216446,0.038030183996480595,93697.039216446,0.038030183996480595,0.0,FORTRESS,True,True,0.38030183996480593,,,8047.510051736,0.0032663602878000926,30.0
103,61,26,105,34,BitMind,2026-08-27,8939304,0.01214376,0.012146736728027463,-0.0002450640113566029,IN BAND,False,False,0.001818088,35033.135213002,2632492.239029146,1.0,2884867.160479969,630244.823211387,-0.0033068888932364145,1273.729929749854,ACCUMULATING_PRE_EMA,0.0,,,,0.13638331924762315,-0.33854344413350856,-0.002981612138172002,-1.5943072882168137,-1.2587454562214773,-1.2557638440833052,0.998293541396801,1.3921471633309284,1,0.0,,0.0,0.0,0.0009308003356984784,0.013307972837907436,0.09586922319836984,5DthmKBR...,2901975.399655205,31.271765310641918,BUYBACK_GAMING,,False,3493948,0.8053273054953112,72,5E2LP6En...,0.0,0.3516806795138622,0.3516806795138622,0.0016938031220911603,,COUNTER,359469.273754254,58226.411706465,0.0,OK,0.0,0.0,1295.967040512703,136064.446060672,0.05168655164235246,136064.446060672,0.05168655164235246,0.0,DORMITORY,True,True,0.5168655164235256,,,8363.122991437001,0.0031768841964454537,30.0
104,57,48,106,26,Perturb,2026-08-27,8939304,0.003828701,0.0039360071532428265,-0.02726269263876169,IN BAND,False,False,0.000339628,2081.383262898,871798.565037957,1.0,543626.45514062,59510.980379471,-0.00014188253281285655,7350.2149090844905,ACCUMULATING_PRE_EMA,0.0,,,,0.42882173596287826,-2.1727033383249577,-0.33169609377160053,-3.1412198850584194,-1.3002126405050622,-0.9685165467334618,3.0144578178854653,1.39733828269634,1,0.0,,0.0,0.0,6.103608758678547e-05,0.002387458922701231,-0.37643108649611684,5FsVAEPM...,1627111.103099579,,,ENTRY_PRE_EMA_PATTERN,True,8123781,0.7000350978926004,143,5CDK1b4s...,0.0899977111467155,0.6152982057285189,0.5599227755402714,0.02085971953061816,,COUNTER,93577.704880545,1668.571827101,0.0,OK,0.0,0.0,1295.967040512703,44090.740066652,0.05057445817742581,40346.443007586,0.04627954739272754,3744.297059065997,DORMITORY,False,True,0.46279547392727544,,,24415.300601677016,0.028005667341989723,30.0
105,124,124,107,71,Leadpoet,2026-08-27,8939304,0.004885841,0.005491919349879026,-0.1103582028917407,IN BAND,False,True,0.0,5565.074649274,4445522.084779007,1.0,1139020.764827644,1374001.762909175,-0.0022417272015353455,129193.0029567607,ACCUMULATING_PRE_EMA,0.0,,,,,-11.830584817892294,-1.3426914685161784,-11.830584817892294,-1.3426914685161784,,0.5911566627906295,-9.537516859959853,1,0.5740032031141649,MINER_BURN_ONLY,4132.823062421987,4132.823062421987,0.0,0.001251838264020377,-0.7437824390887102,5DwHzMhB...,2324075.519931461,,,,False,5048438,1.0,0,5FNVgRnr...,0.0,0.7075315824029649,0.7075315824029649,0.5261326700340297,,COUNTER,921456.598984087,0.0,0.0,DIVERGENT,-1.0,3.188987785358324,1295.967040512703,63565.086413894,0.01429867745602571,63565.086413894,0.01429867745602571,0.0,FORTRESS,True,True,0.1429867745602571,,,8269.174442642001,0.0018601132296597448,30.0
106,62,6,108,4,Targon,2026-08-27,8939304,0.05622175,0.05640237801708281,-0.0032024893884456786,IN BAND,False,False,0.007763249,137062.989021256,3626031.31039741,1.0,2437899.748032367,2282138.813551802,-0.0046476622979413,-3364.478420020081,,0.0,,,,0.14884994496097004,1.1363401566591724,-0.038963620892755756,-0.1902830079054194,-1.3655867854573476,-1.3266231645645918,0.7247593236341838,1.475473109525562,1,0.03126017648956148,MINER_BURN_ONLY,256.3321836279938,256.15200509743727,6.103608758689649e-05,0.03779972572995627,-0.32766721544675736,5CXGPMnq...,,,,,False,1411451,0.10752163098380918,238,5CdBXrFk...,0.0,0.28175925942906244,0.28175925942906244,0.02359224782542347,,COUNTER,557679.742577581,0.0,0.0,DIVERGENT,-1.0,0.19765317873832647,1295.967040512703,183019.057563734,0.050473656153751,183019.057563734,0.050473656153751,0.0,DORMITORY,True,True,0.5047365615375099,,,7630.024182064001,0.0021042356033124706,30.0
107,64,77,109,2,DSperse,2026-08-27,8939304,0.003114136,0.0030957218259572983,0.005948265082573252,IN BAND,False,True,1.41e-07,7799.558494759,3115834.4469072,1.0,2504565.19818785,701427.364023384,-0.002026472196230547,-2495.242074601352,,0.0,,,,4.75088430004075e-05,-0.8855732837207834,0.07237055850464123,-2.345078857224694,-1.3871350149992692,-1.4595055735039104,0.8434337718451543,1.4595530823469107,1,0.4977325402181442,SKIN_IN_GAME,3583.9725989099825,3583.8374650120654,4.57770656900891e-05,0.002503200547930555,-0.19618136525490384,5EcYQ3W7...,2798815794571686.0,1310555330.1597042,BUYBACK_GAMING,,False,2734060,0.8238265274980162,14,5CFxLBvp...,0.179995422293431,0.6779248349271104,0.5559014679812007,0.9371757309406091,,COUNTER,674588.475652772,0.0,0.0,DIVERGENT,-1.0,2.765377014213454,1295.967040512703,1144508.261830867,0.36731998484929596,1144508.261830867,0.36731998484929596,0.0,FORTRESS,True,True,3.673199848492959,0,,8545.740913902006,0.0027426813136315923,30.0
108,63,70,110,22,Desearch,2026-08-27,8939304,0.003245353,0.003258825046941638,-0.004134019699609666,IN BAND,False,True,1.0055e-05,7817.124595229,3512762.436795435,1.0,2408713.118705476,264833.311232701,-0.0015173520545156394,-3699.869813321624,,0.0,,,,0.0033803401337785506,-0.8324971142753875,-0.05029723967858427,-2.251451738787477,-1.4692518641906738,-1.4189546245120894,0.7481291568345932,1.422334964645868,1,0.294564623634118,SKIN_IN_GAME,2130.1841681571677,2127.4364455661857,0.0009308003356984784,0.002225349631773072,-0.3142965859883125,5DFuaMas...,1777790.663775245,1.3561679626675909,BUYBACK_GAMING,,False,2009702,0.5137306411705409,131,5E2LP6En...,0.0,0.4067671269813917,0.4067671269813917,0.1477949030978178,,COUNTER,1204635.144185444,0.0,0.0,DIVERGENT,-1.0,1.6415822154894784,1295.967040512703,763677.586285475,0.21740086328813918,763677.586285475,0.21740086328813918,0.0,FORTRESS,True,True,2.174008632881392,0,,8054.931169197003,0.0022930475129269556,30.0
109,65,8,111,53,engy,2026-08-27,8939304,0.029075109,0.029106565285474062,-0.0010807281850518538,IN BAND,False,False,0.004149899,33997.538356733,4665538.363368567,1.0,1169300.500187102,1401498.510966543,-0.0011223092088040443,-13928.997207526118,,0.0,,,,0.3207860068445264,-5.76261536317365,-0.013148859584797555,-7.428674103713499,-1.6792076001246474,-1.66605874053985,0.5632790463440872,1.9868447473843762,1,0.04863685998509215,MINER_BURN_ONLY,403.41072226001415,400.1675087100027,0.0010986495765621385,0.007286948623906808,-0.7493750195775085,5H8SFVCx...,1888035.548206264,0.0,,,False,4203869,0.3792065747063227,20,5E1y7CXe...,0.0,0.2530660324443263,0.2530660324443263,0.016374429641837964,,COUNTER,522635.553225047,0.0,0.0,DIVERGENT,-1.0,0.3087790786343538,1295.967040512703,107293.763745246,0.022997081020201662,93160.784443623,0.019967853051016376,14132.97930162301,FORTRESS,True,True,0.1996785305101638,,,8387.577061868997,0.0017977726059920508,30.0
110,125,125,112,90,KubeTEE,2026-08-27,8939304,0.035271774,0.04197714547626674,-0.1597386244392883,IN BAND,True,True,0.0,2304.508033001,219106.570461768,1.0,65335.755150355,49283.664921106,,8666.012675942518,,,,,,,2.7792029773528344,-1.9434865973446742,2.7792029773528344,-1.9434865973446742,,11.994163362885372,-3.3856716951671286,1,0.0,,0.0,0.0,1.5259021896696368e-05,0.010517749550569113,-0.7018083198602625,5C9y6fnL...,499141.019767446,,,,True,8618670,0.794625690481277,0,5EKtGWqs...,0.179995422293431,2.6009644136189505,2.1328027256194213,0.41027284380150153,,COUNTER,0.0,68752.61484662,3299.408093138998,DIVERGENT,-0.8225717836007189,0.0,1295.967040512703,43534.440759697,0.19869071323579202,43534.440759697,0.19869071323579202,0.0,DORMITORY,False,True,1.98690713235792,0,,46865.196884170975,0.21389224789289696,30.0
111,66,35,113,81,Reliquary,2026-08-27,8939304,0.006634013,0.006615543505176902,0.002791833325356469,IN BAND,False,False,0.001030301,18549.228140733,2487635.341107245,1.0,2796079.518974609,898313.097830366,-0.010295262693937652,-4459.912877418101,,0.0,,,,0.14597001058249984,-1.9290204761463763,0.033967305458503703,-4.133193518682902,-2.170205737078022,-2.204173042536526,1.0564249335798062,2.3501430531190257,1,0.0010565536092392194,SKIN_IN_GAME,9.599430765025318,8.78862737752246,0.0002746623941405346,0.007456570436274936,0.12399092921206759,5GnpQR4N...,40621.835771453,1.9297164466147798,BUYBACK_GAMING,,False,5203057,0.0021826396202512255,161,5E2LP6En...,0.0,0.4837898529367038,0.4837898529367038,0.8351772443576323,,COUNTER,851925.754854933,0.0,0.0,OK,-1.0,0.006781520750748069,1295.967040512703,534993.330322498,0.21506099446407317,529921.885815342,0.21302233372334792,5071.444507156033,DORMITORY,True,True,2.1302233372334816,0,,9774.424555024994,0.0039292031245521716,30.0
112,67,67,114,41,Almanac,2026-08-27,8939304,0.004949398,0.004961597500368953,-0.0024587847700354086,IN BAND,False,True,3.7229e-05,12406.243459288,3080585.700321271,1.0,2506616.213652953,1582224.366479391,-0.002647854639532984,-9804.462591128424,,0.0,,,,0.007886175402011251,-0.2840531668275976,-0.02991521470209747,-2.634897490482624,-2.3807595383571236,-2.3508443236550263,0.8530845286095851,2.3587304990570375,1,0.31719611287034205,,2303.1980473279255,2300.990860328612,0.000747692072938122,0.004027235294247508,-0.18631815541051494,5FCSevLk...,27960.365128432,0.14930235061022118,,,False,3394182,0.5553400726872919,239,5HisenFt...,,0.36032533643315257,0.36032533643315257,0.007172178053135157,,COUNTER,1004491.380910644,0.0,0.0,DIVERGENT,-1.0,1.7755010647634273,1295.967040512703,258549.369288686,0.08392864034320556,258549.369288686,0.08392864034320556,0.0,FORTRESS,True,True,0.8392864034320556,,,8349.778385421994,0.0027104515821621857,30.0
113,69,47,115,126,Poker44,2026-08-27,8939304,0.004273473,0.004247679375112057,0.006072403919908072,IN BAND,False,False,0.000447236,2410.740788587,1181677.29916387,1.0,564117.547792993,62927.104345044,-0.0001583244541660852,437.46917035768274,ACCUMULATING_PRE_EMA,0.0,,,,0.48754151154048214,-2.0455222183406554,0.07388091435888154,-4.792723952929487,-2.6733208202299505,-2.747201734588832,2.223957422097824,3.234743246129314,1,0.0,,0.0,0.0,1.5259021896696368e-05,0.0020401007874931588,-0.5226129222079655,5DqrUa2z...,489648.956074581,4.632065366050291,BUYBACK_GAMING,,False,7525773,1.0,145,5DUYX7X2...,,3.7242833906539903,3.7242833906539903,0.0,,COUNTER,393147.939315364,5493.154491675,0.0,OK,0.0,0.0,1295.967040512703,171439.094523612,0.14508114410331713,1096.553699538,0.0009279637514521929,170342.540824074,NEITHER,False,False,1.1506295573092578,0,,23241.776198029,0.01966846296740607,30.0
114,70,29,116,17,404—GEN,2026-08-27,8939304,0.009708842,0.009593563852831721,0.012016196372555825,IN BAND,False,False,0.001386927,26431.69059462,3106609.10772138,1.0,2722434.862416984,656651.11935437,-0.008483605846616416,-17537.8655909691,,0.0,,,,0.13789674720019177,1.6569604975566552,0.14619705586609585,-1.6288299703025797,-3.1395934119931392,-3.285790467859235,0.8459384199538295,3.423687215059427,1,0.0,,0.0,0.0,0.0,0.008508212548828515,-0.12366350705588632,5E7a4a7Q...,1111599.636831333,1.687040540383667,BUYBACK_GAMING,,False,2840556,1.0,42,5CcEPLdb...,0.0,0.30740673183928235,0.30740673183928235,0.0041659672521402085,,COUNTER,340475.604612198,0.0,0.0,OK,0.0,0.0,1295.967040512703,509792.251329922,0.16409925859769395,504484.977065437,0.16239087686041845,5307.274264484993,DORMITORY,True,True,1.6239087686041844,0,,7951.94464041,0.0025596862574843067,30.0
115,68,62,117,76,Phylax,2026-08-27,8939304,0.002671429,0.0028005042113363743,-0.04608999008602844,IN BAND,False,True,9.4073e-05,1166.621220984,1154377.958444173,1.0,436703.033290717,64612.681187782,-0.0004971316610077797,1092.8288567758282,ACCUMULATING_PRE_EMA,0.0,,,,0.21191440679561463,10.197931217776567,-0.5607615460466793,7.510910062408296,-3.24778270141495,-2.687021155368271,2.2765507438672157,2.8989355621638855,1,0.0,,0.0,0.0,0.00015259021896696368,0.0010106059392855423,-0.6216983721874912,5FFNhWd8...,754227.789031835,,,,False,7574784,0.5819916062571537,128,5FsyU7gX...,,12.189837313239908,12.189837313239908,0.0,,COUNTER,475840.83810665,7026.080961259,0.0,OK,0.0,0.0,1295.967040512703,56651.148490303,0.04907504346899977,56651.148490303,0.04907504346899977,0.0,DORMITORY,False,True,0.49075043468999774,,,25389.092305258004,0.02199374314065773,30.0
116,72,18,118,28,gm,2026-08-27,8939304,0.019258561,0.019468747079372406,-0.010796076322502677,IN BAND,False,False,0.002709789,20905.319980416,4847271.685399558,1.0,1085507.898507609,6460631.453299526,-0.0018433106521580824,-38153.45157975354,,0.0,,,,0.3406465674130424,3.7258727352593515,-0.13135226192378258,0.30509896342833276,-3.552126033754801,-3.4207737718310187,0.5421606566670866,3.761420339244061,1,0.17489994056970806,SKIN_IN_GAME,1437.4584067459218,1436.4674248278627,0.0003356984817273201,0.004312801373066173,-0.7760579633615319,5CA6rwAy...,2821274.834758788,0.2894018415848081,BUYBACK_GAMING,,False,4878363,0.42154992138964775,219,5FHBJCMk...,,3.7436853708312516,3.7436853708312516,0.0,,COUNTER,1387834.145912539,33762.848582854,0.0,DIVERGENT,-1.0,1.1084135475077943,1295.967040512703,434351.044622206,0.08960732403972992,434344.502651163,0.08960597442050748,6.541971042985097,FORTRESS,True,True,0.8960597442050748,,,7951.732210571002,0.0016404552347503798,30.0
117,71,34,119,40,Ralph,2026-08-27,8939304,0.005371519,0.005462634144350886,-0.016679708350066234,IN BAND,False,False,0.001054042,2067.387210699,399270.490972757,1.0,384879.397735864,78249.873280391,-1.8552276038102824e-06,6534.681085096323,ACCUMULATING_PRE_EMA,0.0,,,,1.3398662629161922,-2.144294540901723,-0.2029364515924725,-5.501118277805276,-3.5597601884960257,-3.356823736903553,6.582004078481506,4.696689999819745,1,0.0,,0.0,0.0,0.0,0.005177911359444949,-0.036043368841300015,5HeKCDfd...,740191.080494082,,,,True,8409860,1.0,6,5E2LP6En...,0.0,0.8835936755001296,0.8835936755001296,0.2184004516946178,,COUNTER,22349.634720453,0.042920633,0.0,OK,0.0,0.0,1295.967040512703,22427.898380107,0.056172191251762954,22427.898380107,0.056172191251762954,0.0,DORMITORY,False,True,0.5617219125176295,,,35636.96191692199,0.08925518595200557,30.0
118,73,30,3,61,RedTeam,2026-08-27,8939304,0.008666098,0.00824840017594397,0.050639859263160364,IN BAND,False,False,0.001219992,11924.606161918,4553245.330630579,1.0,1376006.3431238,574047.116122703,0.001606769924520486,-48244.268081506714,DISTRIBUTING_PRE_EMA,0.0,,0.18540869541522448,0.18540869541522448,0.2688674940258415,8.218165468459915,0.6161182877017845,3.6681982053043107,-3.93384897545382,-4.5499672631556045,0.5771707450773464,4.818834757181446,1,0.0,,0.0,0.0,0.00030518043793392735,0.002618924590269455,-0.6977965642357777,5ECEsYL8...,,,,,False,4457976,0.0,161,5Ft6tUwe...,,0.2896737312403477,0.2896737312403477,0.018373544537533003,,COUNTER,808370.14496251,0.0,0.0,OK,0.0,0.0,1295.967040512703,1021287.884224886,0.22429889234267283,1021287.884224886,0.22429889234267283,0.0,DORMITORY,True,True,2.2429889234267284,0,,7848.080267039003,0.0017236234152030903,30.0
119,74,64,120,66,conjectures,2026-08-27,8939304,0.002492736,0.002456795424222946,0.014629047019013217,IN BAND,False,True,5.655e-05,6109.036497382,3193861.262784468,1.0,2450734.738032221,1353522.926578372,-0.005772511456838813,-29650.817061034497,,0.0,,,,0.02432681488540584,0.8620752331527294,0.17798673873132748,-3.7141288182111496,-4.398217312632552,-4.576204051363879,0.822828477436387,4.600530866249285,1,0.0,,0.0,0.0,0.0,0.0019127432266910765,-0.23267316447025424,5CJCRGep...,1043660.845731234,0.0,,,False,4958013,1.0,121,5Gn2SyG6...,,15.815542515306854,15.815542515306854,0.0,,COUNTER,876389.726869251,0.0,0.0,OK,0.0,0.0,1295.967040512703,392806.591766313,0.12298799460808667,392806.591766313,0.12298799460808667,0.0,DORMITORY,True,True,1.2298799460808665,0,,9148.255860567,0.002864324749219501,30.0
120,75,66,121,35,OxMarkets,2026-08-27,8939304,0.002336964,0.0023232672829180956,0.005895454725596996,IN BAND,False,True,4.5441e-05,6997.704334511,2850346.965974316,1.0,2994356.971663304,785788.139944759,-0.005304274305624786,-34396.57079107035,,0.0,,,,0.017065446365182133,1.2820811047155027,0.07172803249476345,-4.48575447445295,-5.696107546673689,-5.767835579168453,0.9219930174717124,5.784901025533634,1,0.0,,0.0,0.0,1.5259021896696368e-05,0.0024550359721273508,0.05052365895552983,5EqZVDbW...,9572.54130278,0.0,,,False,3037158,0.24390392773216962,22,5E2LP6En...,0.0,0.3249231725303493,0.3249231725303493,0.12359224782542348,,COUNTER,266886.343998939,0.0,0.0,OK,0.0,0.0,1295.967040512703,90566.556354881,0.03177387084309689,90566.556354881,0.03177387084309689,0.0,DORMITORY,True,True,0.31773870843097185,,,7977.476878268,0.0027987739645377206,30.0
121,76,71,122,74,Gittensor,2026-08-27,8939304,0.003786371,0.003781681414693594,0.0012400794229215021,IN BAND,False,True,6.084e-06,6453.898690445,3411477.61035736,1.0,1704507.401585103,343853.643082889,-0.0012658894502273344,-50751.00508464151,,0.0,,,,0.0024773788320649275,2.8133484975738847,0.015087632978878275,-3.455845809840013,-6.254106674435019,-6.269194307413898,0.7703406852272178,6.271671686245963,1,0.0,,0.0,0.0,9.15541313801782e-05,0.0018918191550930156,-0.5003608586974135,5D1VXeeS...,216.588029224,6.431477378630158e-09,,,False,5086205,0.6310488486013826,202,5HbuCiVz...,,0.5187750579558645,0.5187750579558645,0.0,,COUNTER,531791.422968235,121375.801420111,3008.9270666000084,DIVERGENT,-0.8886972491396771,0.0,1295.967040512703,378229.609193408,0.11086973223716616,378229.609193408,0.11086973223716616,0.0,DORMITORY,True,True,1.1086973223716616,0,,8946.283409713997,0.0026224071887655897,30.0
122,77,40,123,50,Synth,2026-08-27,8939304,0.005043059,0.0050042427610605955,0.0077566658519135695,IN BAND,False,False,0.000746837,11313.768128916,3344979.892153636,1.0,2243433.564920783,1205839.425398836,-0.0056701551055483215,-72661.93364696903,,0.0,,,,0.17347780276526226,-3.1789742191924213,0.09437276786494843,-12.315997315498402,-9.042650328441033,-9.137023096305981,0.7856549470340718,9.310500899071243,1,0.0,,0.0,0.0,0.001785305561913475,0.0033823127473665403,-0.3293132705037676,5DxyiWpG...,2291106.694202241,0.5436135074862115,BUYBACK_GAMING,,False,4763204,0.0,209,5E2LP6En...,0.0,0.3091569065551068,0.3091569065551068,0.2861960568882378,,COUNTER,467621.572125367,0.0,0.0,OK,0.0,0.0,1295.967040512703,212500.00519846,0.0635280366548463,212500.00519846,0.0635280366548463,0.0,DORMITORY,True,True,0.6352803665484629,,,8689.593458447998,0.0025978014034796723,30.0
123,78,49,124,99,Thirty Spokes,2026-08-27,8939304,0.00383165,0.00382712809368968,0.0011815403612373495,IN BAND,False,False,0.000306461,752.566217747,318912.507160301,1.0,196407.861843888,29701.162897255,,-246.84150581189897,,,,,,1.0701775990039921,7.728806522561074,0.014375407728387751,-3.9419401109287087,-11.656371225761395,-11.670746633489783,8.240504655651648,12.740924232493775,1,0.05694573730403062,SKIN_IN_GAME,442.8024709739984,442.8024709739984,0.0,0.002359788972994789,-0.38413243041645523,5DebFXsw...,1072272.893287609,3.32364522704608,BUYBACK_GAMING,,True,8572056,1.0,1,5E2LP6En...,0.0,0.8959311221802106,0.8959311221802106,0.002197332682271798,,COUNTER,71855.770976887,0.012273672,0.0,DIVERGENT,-1.0,0.34167726271712856,1295.967040512703,0.0,0.0,0.0,0.0,0.0,EXPOSED,False,,,,,43985.34410875799,0.13792291967605025,30.0
124,79,32,125,11,TrajectoryRL,2026-08-27,8939304,0.007923833,0.007738864980638027,0.023901181869013965,IN BAND,False,False,0.001138859,20245.285925492,3232713.189347953,1.0,2554986.277633457,972135.744634521,-0.004553696919034271,-98050.8513917271,,0.0,,,,0.14783300482960535,5.814721770965529,0.2907977127396699,-6.820858309200054,-12.344782367425914,-12.635580080165584,0.8129394245859697,12.783413084995189,1,0.0,,0.0,0.0,0.0,0.006262629791038013,-0.20964641846464793,5D2Jhtbn...,2543525.924260485,1.3905847556978828,BUYBACK_GAMING,,False,2918568,0.0,235,5D7ekpEm...,,0.3738310626954496,0.3738310626954496,0.008438754177412217,,COUNTER,1145934.992162841,41546.465498293,0.0,OK,0.0,0.0,1295.967040512703,46180.459268605,0.01428535615865128,46180.459268605,0.01428535615865128,0.0,DORMITORY,True,True,0.1428535615865128,,,8022.2937884640005,0.0024815977535211278,30.0
125,80,50,4,82,Compelle,2026-08-27,8939304,0.003874713,0.0037652242463082075,0.029078946306888905,IN BAND,False,False,0.000288595,1717.014075416,708458.343624105,1.0,443133.298960854,111970.490522297,0.0004909697292762227,-38582.06432367762,DISTRIBUTING_PRE_EMA,0.0,,0.12671125042712136,0.12671125042712136,0.4417131291228625,8.200444500936147,0.353793846733815,-18.375893089812013,-26.222543744014345,-26.57633759074816,3.709462982052716,27.018050719871024,1,0.0,,0.0,0.0,0.0,0.0024235921432340644,-0.3745105396879551,5H6h1PUD...,347831.697198356,0.08311380083411178,,,False,8026517,0.0,48,5G9hfkx9...,0.009994659342336155,0.7569540815235276,0.7493885833409091,0.03325093084294696,,COUNTER,51466.221683119,7195.897335065,0.0,OK,0.0,0.0,1295.967040512703,744.314271862,0.0010506112018590602,744.314271862,0.0010506112018590602,0.0,NEITHER,False,True,0.010506112018590601,,,30385.194241407986,0.04288917551026799,30.0
126,126,126,126,36,SN36,2026-08-27,8939304,0.005281295,0.0,,N/A,False,True,0.0,503.143267211,0.0,0.0,95268.915526717,1.994240421,,,,,,,,,0.20778505304295067,,0.20778505304295067,,,,,,,,,,0.0,,,5DCjvVt6...,439046.901231184,,,,True,8884359,1.0,0,5EFY7fKV...,,0.0,0.0,0.0,,,0.0,0.0,,NO_ESTIMATE,,,,0.0,,0.0,,0.0,,False,,,,,0.0,,30.0
127,127,127,127,59,SN59,2026-08-27,8939304,0.005116725,0.0,,N/A,False,True,0.0,530.04933999,0.0,0.0,103591.509486399,0.988514017,,-2386757.197086794,,,,,,,84.28633777055848,,84.28633777055848,,,,-365.0,1,,,0.0,,1.0,,,5GzrQ2fe...,786512.171862976,,,,True,8938771,,0,5FKjMupT...,,0.0,0.0,0,,COUNTER,0.0,0.0,0.0,DIVERGENT,1.0,,,0.0,,0.0,,0.0,,False,,,,,0.0,,30.0
128,128,128,128,86,SN86,2026-08-27,8939304,0.005989978,0.0,,N/A,False,True,0.0,709.206653217,0.0,0.0,118398.856999575,2.080993178,,,,,,,,,6.964022476730688e-05,,6.964022476730688e-05,,,,,,,,,,0.0,,,5F4XAWGz...,320402.216845622,,,,True,8693284,1.0,0,5F1N5GEH...,,0.0,0.0,0.0,,,0.0,0.0,,NO_ESTIMATE,,,,0.0,,0.0,,0.0,,False,,,,,0.0,,30.0
