combined_apy_rank,real_apy_rank,emission_rank,epr_rank,netuid,name,date,block,spot_price,moving_price,momentum_30d,ema_band,ema_lag_flag,low_emission,tao_emission,tao_reserves,alpha_outstanding,alpha_out_emission,alpha_in_pool,volume,ema_tao_inflow,pool_growth_real,pool_ema_divergence,flow_momentum,flow_price_divergence,emission_price_ratio,emission_price_ratio_raw,emission_apy,price_apy_7d,price_apy_30d,combined_apy_7d,combined_apy_30d,real_apy,gross_emission_rate,net_supply_delta,supply_days_gap,supply_defence,supply_defence_quality,burned_tokens,manual_burn,miner_burn_rate,liquidation_price,liquidation_haircut,owner_coldkey,owner_stake,owner_inflow_pct,owner_inflow_flag,large_entry_anomaly,immune,registered_at,vali_miner_share,best_validator_uid,best_validator_hotkey,best_validator_take,best_validator_raw_apy,best_validator_apy,best_validator_div_pct,best_validator_trust,burned_source,alpha_burned_cum,alpha_recycled_cum,recycled_tokens,recon_flag,recon_gap_relative,burn_coverage,owner_cut_emission,total_locked_alpha,locked_float_ratio,owner_locked_alpha,owner_lock_ratio,community_locked_alpha,commitment_class,gate_eligible,leader_is_owner,leader_pct_of_threshold,leader_blocks_to_threshold,governance_flag,basket_alpha,basket_share,ema_halving_days
1,1,81,13,81,Reliquary,2026-09-28,9168444,0.005437673,0.00559533666819334,-0.02817769109222308,IN BAND,False,True,1.5e-06,16918.195359239,2422383.871479698,1.0,3111293.059186525,922389.7230404,-0.010295262693937652,136415.4780649147,ACCUMULATING_PRE_EMA,0.0,,,,0.00023300357492605028,-4.676987417859679,-0.3428285749553808,13.695416547180603,18.0295753900849,18.37240396504028,1.0848817278471652,-18.372170961465354,1,0.362971880968249,MINER_BURN_ONLY,2614.839170646039,2614.118456523814,0.0002441443503471419,0.006984109974652624,0.28439315395622805,5GnpQR4N...,80653.700009014,,,ENTRY_REPEATED,False,5203057,0.809063019887361,237,5H47sFL6...,0.179995422293431,11.259637496287283,9.232954290272103,0.033953396102607926,,COUNTER,881396.77072854,0.0,0.0,DIVERGENT,-1.0,2.0171180090271674,1295.967040512703,469072.74753709,0.19364096378769227,465103.720270511,0.19200248389467905,3969.0272665789817,FORTRESS,True,True,1.920024838946794,0,,15163.626147467,0.006259794876443093,30.0
2,2,71,14,99,Thirty Spokes,2026-09-28,9168444,0.001342919,0.0014745683874934912,-0.08927994700691518,IN BAND,False,True,5.403e-06,455.254138868,408205.051250669,1.0,339003.329115011,32628.371295749,,24824.05291498592,,,,,,0.03118935730119083,-8.887125023264174,-1.0862393552508012,5.546860597443178,13.34774626545655,14.433985620707352,6.437940912167223,-14.402796263406161,1,0.0,,0.0,0.0,1.5259021896696368e-05,0.0011152584650120836,-0.169526631902532,5DebFXsw...,1099921.291802228,,,ENTRY_REPEATED,True,8572056,1.0,18,5CkCPddn...,,11.948969826590108,11.948969826590108,0.0,,COUNTER,94717.016826704,0.012273672,0.0,OK,0.0,0.0,1295.967040512703,0.0,0.0,0.0,0.0,0.0,NEITHER,False,,,,,55800.45804166099,0.13669712775649917,30.0
3,3,23,15,49,Nepher Robotics,2026-09-28,9168444,0.008103288,0.008776661939918995,-0.07672323994345505,IN BAND,False,False,0.002033634,4427.535946599,2395042.290693935,1.0,546387.685125049,183829.129082326,-3.683535129229573e-05,57844.81913585472,ACCUMULATING_PRE_EMA,0.0,,,,1.2070800139082505,3.7807145461690896,-0.9334660859787031,12.1335342455355,7.419353613387707,8.35281969936641,1.0972666370908082,-7.14573968545816,1,0.0,,0.0,0.0,1.5259021896696368e-05,0.0018486253724213674,-0.7718672503777025,5FL781vf...,1798819.14958971,,,,False,6783158,0.9900051881466109,7,5E2LP6En...,0.0,0.6298034442510269,0.6298034442510269,0.002884131174558606,,COUNTER,790069.490844123,837.682351088,0.0,OK,0.0,0.0,1295.967040512703,466379.245096928,0.1947269352650137,466379.245096928,0.1947269352650137,0.0,DORMITORY,False,True,1.947269352650137,0,,20912.800322019004,0.008731703988391692,30.0
4,4,9,16,38,ChronoLLM,2026-09-28,9168444,0.020872784,0.022792463889345527,-0.08422432513945516,IN BAND,False,False,0.006137075,8521.812177302,1958718.128949789,1.0,408273.980599778,263655.831650375,-0.0014355570088288021,43827.7626419834,ACCUMULATING_PRE_EMA,0.0,,,,1.8925825592539858,46.0095053846703,-1.0247292891967044,54.04234588081704,7.0081112069500335,8.032840496146738,1.3416938155410147,-6.140257936892753,1,0.0,,0.0,0.0,6.103608758678547e-05,0.00435070878823752,-0.7915606855205555,5GeWgtBA...,1936069.534147338,,,,False,7284230,0.7541011124505959,6,5G9hfkx9...,0.009994659342336155,0.7171249748572454,0.7099575550276659,0.0247665262772386,,COUNTER,485297.062238849,10641.406258159,0.0,OK,0.0,0.0,1295.967040512703,26867.58417828,0.013716922195786109,26867.58417828,0.013716922195786109,0.0,DORMITORY,False,True,0.13716922195786138,,,24075.891237804,0.012291656916818773,30.0
5,6,74,17,103,Capcomp,2026-09-28,9168444,0.001168227,0.0012379384133964777,-0.056312505244274266,IN BAND,False,True,2.69e-06,328.093049882,244019.593279822,1.0,280846.99408967,36893.957446781,,13238.258407451212,,,,,,0.021546692325675628,-19.508383000950943,-0.6851354804720036,-11.8731036664647,6.950143854014238,7.635279334486241,10.769626998707524,-7.613732642160565,1,0.0,,0.0,0.0,0.0,0.0013445356804023902,0.15091988149768004,5H3SQ4du...,1097775.796122837,,,,True,8762380,0.0,103,5H6VKx1U...,,0.9321430188896822,0.9321430188896822,0.018295846430860317,,COUNTER,60139.256694016,0.014698804,0.0,OK,0.0,0.0,1295.967040512703,0.0,0.0,0.0,0.0,0.0,NEITHER,False,,,,,63361.30982030501,0.2596566487497066,30.0
6,5,78,18,16,kenju,2026-09-28,9168444,0.001014023,0.0010996859055012465,-0.07789761155682048,IN BAND,False,True,1.676e-06,338.770781368,511082.861047789,1.0,334085.876006895,81021.052237282,0.000900611716787907,19213.936421876308,,0.0,,,0.8881570899160147,0.013001499073249321,-14.562929391018148,-0.9477542739413158,-6.736402077716343,6.87877303936049,7.826527313301805,5.1420233396444655,-7.813525814228556,1,0.0,,0.0,0.0,0.0,0.0006628490352297748,-0.3463175537144869,5FkKY8WJ...,603293.865921034,,,ENTRY_PRE_EMA_PATTERN,True,8460646,1.0,1,5E2LP6En...,0.0,0.7646423166040532,0.7646423166040532,0.4620267651412266,,COUNTER,63578.799840379,0.04568655,0.0,OK,0.0,0.0,1295.967040512703,7333.737256624,0.014349409490251437,0.0,0.0,7333.737256624,NEITHER,False,False,0.1235513216577563,,,48409.823493376985,0.09472010740906142,30.0
7,7,67,19,106,Nodexo,2026-09-28,9168444,0.002050532,0.0020819136407226324,-0.015073459392744053,IN BAND,False,True,2.1259e-05,5517.626111463,2249909.49509017,1.0,2690825.807906577,364812.621049231,-0.0008091572467977437,48563.01189476671,ACCUMULATING_PRE_EMA,0.0,,,,0.01012548709741886,-9.172209346333542,-0.18339375594505264,-2.7147149888038458,6.274100601584643,6.457494357529696,1.168046983994206,-6.447368870432277,1,0.0,,0.0,0.0,9.15541313801782e-05,0.002452376917162114,0.19597105393240108,5CTdHCps...,970611.027669007,,,,False,5558480,0.3367821880388836,31,5E4vCZrj...,0.0,0.47031950950788576,0.47031950950788576,0.03140738027653145,,COUNTER,838637.534343767,0.0,0.0,OK,0.0,0.0,1295.967040512703,335536.253854487,0.14913322273038349,335536.253854487,0.14913322273038349,0.0,DORMITORY,True,True,1.4913322273038385,0,,13189.229340964997,0.0058621155072001736,30.0
8,8,29,5,61,RedTeam,2026-09-28,9168444,0.010652998,0.011185705196112394,-0.04762392596378609,IN BAND,False,False,0.001464766,13587.847177579,4906529.903678238,1.0,1275495.163115333,842607.500541277,0.001606769924520486,79524.98336039274,,0.0,,0.15082795702397447,0.15082795702397447,0.2832976407294171,-4.075093951609368,-0.5794244325593974,1.3845515915140654,4.880221110564036,5.459645543123433,0.5356127551632547,-5.176347902394016,1,0.0,,0.0,0.0,0.0007171740291447293,0.002769339521887497,-0.7400412989951282,5ECEsYL8...,,,,ENTRY_REPEATED,False,4457976,0.01357500610798923,250,5DeeFuir...,,11.560123587098596,11.560123587098596,0.0,,COUNTER,808370.14496251,0.0,0.0,OK,0.0,0.0,1295.967040512703,1021287.884224886,0.20814871289366144,1021287.884224886,0.20814871289366144,0.0,DORMITORY,True,True,2.081487128936615,0,,36718.738226096,0.007483647088050837,30.0
9,9,61,20,78,Umi,2026-09-28,9168444,0.003392931,0.00367508502677083,-0.07677482962040447,IN BAND,False,True,4.7184e-05,1382.448085994,1042328.343817297,1.0,407449.650808514,177442.291535594,0.0001379181554245564,23520.698089447513,,0.0,,,0.04064867674130608,0.0896956299887692,-6.004993010136008,-0.9340937603815876,-0.6071035916410192,4.463795658113401,5.397889418494989,2.5212784585474584,-5.30819378850622,1,0.13597039850065948,MINER_BURN_ONLY,994.8536274590006,992.6013958270482,0.0007629510948348184,0.0013263076785680504,-0.6090967725049373,5GvYz1tB...,852525.066849859,,,,False,7966145,0.3066045659311293,0,5Fk765B4...,0.179995422293431,0.9613155014217698,0.788283111786137,0.45422916698457266,,COUNTER,86797.292928561,8107.779671713,0.0,DIVERGENT,-1.0,0.765915617294064,1295.967040512703,59072.94507526,0.05667402735966903,59072.94507526,0.05667402735966903,0.0,FORTRESS,False,True,0.5667402735966969,,,32604.008071803,0.03127997839183576,30.0
10,11,15,21,3,Teutonic,2026-09-28,9168444,0.028558516,0.02933120378293097,-0.026343541460123427,IN BAND,False,False,0.003943005,80003.115633087,3351085.5002414,1.0,2801375.050421545,3546121.182278154,-0.03954664999786193,50342.8490905487,ACCUMULATING_PRE_EMA,0.0,,,,0.12952266993605038,-5.98648112118124,-0.320513087764835,-1.4149282001511496,4.251039833265255,4.57155292103009,0.7842235000601113,-4.44203025109404,1,0.0,,0.0,0.0,7.629510948348184e-05,0.023873791231922868,-0.16403950289563823,5GsGUrd2...,3244485.330475743,,,ENTRY_PRE_EMA_PATTERN,False,4165565,0.0,204,5E6yHkmZ...,0.179995422293431,0.3273380151225006,0.2684186708578326,0.9856715598010194,,COUNTER,578475.334942498,0.0,0.0,OK,0.0,0.0,1295.967040512703,387348.086235722,0.11558884015577008,387243.830146617,0.11555772901608191,104.25608910497976,DORMITORY,True,True,1.1555772901608208,0,,22140.244208427997,0.006606887292739351,30.0
11,13,63,22,6,Numinous,2026-09-28,9168444,0.002272645,0.0022870898246765137,-0.006315809952307826,IN BAND,False,True,3.0809e-05,7408.388818401,2616064.67649247,1.0,3259809.106451601,704299.649535911,-0.004023880888700968,37472.37823126558,ACCUMULATING_PRE_EMA,0.0,,,,0.010928969035601378,-4.051343099410593,-0.07684235441974521,0.03180418164199583,4.006304926632843,4.083147281052589,1.0045623197372675,-4.072218312016987,1,0.0,,0.0,0.0,0.001998931868467224,0.002831882898374636,0.2460735831485499,5CfSg4e2...,97402.68387449,,,,False,3219949,0.0034860253195523327,237,5FxePapj...,,1.373325643532315,1.373325643532315,0.0,,COUNTER,185360.665463109,0.0,0.0,OK,0.0,0.0,1295.967040512703,662466.459537209,0.2532301534782471,662466.459537209,0.2532301534782471,0.0,DORMITORY,True,True,2.532301534782471,0,,10165.235665557999,0.003885697382370225,30.0
12,12,11,23,114,SOMA,2026-09-28,9168444,0.017764958,0.018509924644604325,-0.04024687614390065,IN BAND,False,False,0.005337547,8084.58668975,1839506.88746845,1.0,455086.354349069,258016.098309361,-0.00033109223172571404,23611.478374871018,ACCUMULATING_PRE_EMA,0.0,,,,1.7350390383943992,3.2535296327340006,-0.4896703264174579,7.658196036051121,3.914996076899663,4.404666403317121,1.4286437402888352,-2.669627364922721,1,0.0,,0.0,0.0,0.0005645838101777656,0.004394974949442075,-0.7526042589325528,5FHrQMjz...,1196382.825502008,,,,False,7312241,0.09989618003603162,29,5FeYJbEu...,0.013550011444266423,0.593819761725428,0.5857734971582169,0.0018312223409125592,,COUNTER,373811.447473431,13816.272943106,0.0,OK,0.0,0.0,1295.967040512703,146039.760277138,0.07939071132161922,146039.760277138,0.07939071132161922,0.0,DORMITORY,False,True,0.7939071132161921,,,31699.421177775002,0.017232564549622374,30.0
13,10,69,24,70,SN70,2026-09-28,9168444,0.001427818,0.0015743698459118605,-0.09308603457593474,IN BAND,False,True,7.013e-06,273.941493555,253203.160903953,1.0,191860.178176253,14964.484091559,,11513.590714395541,,,,,,0.06727773788785203,-20.515582341742277,-1.132546754007206,-15.5394457498493,3.8435898378857716,4.976136591892978,10.379017349617028,-4.908858854005126,1,0.0,,0.0,0.0,0.0,0.0010819039248049264,-0.24226762458175594,5Cz1mjiJ...,623501.629558141,,,,True,8825571,0.0,1,5E2LP6En...,0.0,0.9674989305023661,0.9674989305023661,0.4401837214270455,,COUNTER,114390.63833428,0.0,0.0,OK,0.0,0.0,1295.967040512703,0.0,0.0,0.0,0.0,0.0,NEITHER,False,,,,,45963.444230288995,0.1815279243205191,30.0
14,14,50,25,21,AdTAO,2026-09-28,9168444,0.003264008,0.003295399947091937,-0.009525990045499377,IN BAND,False,False,0.000127699,7335.279669995,3825243.958685015,1.0,2247322.310070993,601352.958986405,-0.0017317969702688176,41248.60160279693,ACCUMULATING_PRE_EMA,0.0,,,,0.045750535371234004,-2.4441676413917297,-0.11589954555357575,0.7197375974675642,3.048005693305718,3.163905238859294,0.6870150056791187,-3.11815470348806,1,0.0,,0.0,0.0,0.0001831082627603564,0.0019175978706771459,-0.4125020923119227,5HjCYVfr...,2107153.027466807,,,,False,3156578,1.0,148,5Ff7pzsM...,,17.29147090157228,17.29147090157228,0.0,,COUNTER,834653.38669571,0.0,0.0,OK,0.0,0.0,1295.967040512703,7420.238810003,0.0019398079939857793,7420.238810003,0.0019398079939857793,0.0,NEITHER,True,True,0.01939807993985839,,,11082.360590796,0.002897164392779207,30.0
15,15,58,26,40,Ralph,2026-09-28,9168444,0.002671992,0.0027534551918506622,-0.02958580625962854,IN BAND,False,True,6.3773e-05,1498.086773112,463811.132583259,1.0,560662.865168536,81010.858197426,-1.8552276038102824e-06,11840.141085991752,ACCUMULATING_PRE_EMA,0.0,,,,0.11187298827280297,-5.915984749371277,-0.35996064282548057,-2.974382786722403,2.5816413198233934,2.941601962648874,5.666099443027591,-2.8297289743760707,1,0.0,,0.0,0.0,0.0,0.00322995001169593,0.2088172463450226,5HeKCDfd...,828490.05210165,,,ENTRY_PRE_EMA_PATTERN,True,8409860,0.0,6,5E2LP6En...,0.0,0.8323010437560734,0.8323010437560734,0.2244399682597815,,COUNTER,22349.634720453,0.042920633,0.0,OK,0.0,0.0,1295.967040512703,22427.898380107,0.0483556706696361,22427.898380107,0.0483556706696361,0.0,DORMITORY,False,True,0.4835567066963611,,,40938.39661381799,0.08826523068949647,30.0
16,20,40,27,102,ConnitoAI,2026-09-28,9168444,0.006262995,0.0061525695491582155,0.01794785901394533,IN BAND,False,False,0.000445883,3576.455564201,1048878.454405531,1.0,571045.580353273,238217.427831179,-9.995717380745074e-05,13905.508386050817,ACCUMULATING_PRE_EMA,0.0,,,,0.3276373781151066,4.954101875515823,0.21836561800300153,7.1364821440668695,2.4007458865540476,2.182380268551046,2.505533399949055,-1.8547428904359395,1,0.10537056171427922,MINER_BURN_ONLY,812.8152394380013,812.6801055400841,4.57770656900891e-05,0.0034097902852128032,-0.4555655424900063,5HBc11rC...,830431.986707855,,,,False,7840965,0.2500762986022096,0,5EEinUEy...,0.179995422293431,0.9536088043676142,0.7819635849227317,0.4849081364829396,,COUNTER,154691.221396526,7309.092357836,0.0,DIVERGENT,-1.0,0.6270839304821952,1295.967040512703,2002.340459168,0.001909030022265887,2002.340459168,0.001909030022265887,0.0,EXPOSED,False,True,0.01909030022265887,,,28038.82725060101,0.026732198695503258,30.0
17,16,88,28,65,True Performance Network,2026-09-28,9168444,0.002186245,0.002224140102043748,-0.017038091264541512,IN BAND,False,True,1.09e-07,5666.251898544,3394194.943797468,1.0,2591773.045714207,305586.042003826,-0.00012719120635281114,32347.001312613953,ACCUMULATING_PRE_EMA,0.0,,,,5.055405321348433e-05,-2.510424945430911,-0.20729677705192173,0.08704559268301315,2.390173761062002,2.597470538113924,0.7742631297010184,-2.5974199840607106,1,0.3382200867439298,MINER_BURN_ONLY,2435.442053426057,2435.30691952814,4.57770656900891e-05,0.0016693949500156068,-0.23640994032434293,5GxEEHxL...,1475463.247525269,,,ENTRY_REPEATED,False,4950813,0.8500274674967955,0,5DAmVrUg...,0.179995422293431,0.8807025633086437,0.7221801335109972,0.4560271025042348,,COUNTER,1054776.442281854,0.0,0.0,DIVERGENT,-1.0,1.8791426351126166,1295.967040512703,171794.150223016,0.05061410822526609,171794.150223016,0.05061410822526609,0.0,FORTRESS,True,True,0.5061410822526609,,,19278.527580857986,0.005679852778075535,30.0
18,18,43,29,33,ReadyAI,2026-09-28,9168444,0.004036841,0.004035766934975982,0.00026613653397824214,IN BAND,False,False,0.000274022,13602.2796622,2079008.274232108,1.0,3369534.901587566,913331.659425124,-0.0054386194078304825,20829.732076087035,ACCUMULATING_PRE_EMA,0.0,,,,0.05294184753466008,-5.426787974080538,0.0032379944967352793,-3.0921118130823793,2.337914155494894,2.334676160998159,1.264064233207857,-2.281734313463499,1,0.0,,0.0,0.0,0.008514534218356573,0.006542677020958019,0.6207418179110892,5HinUfk5...,56908.189168221,,,,False,2943950,0.0,209,5E2LP6En...,0.0,0.49369431732707236,0.49369431732707236,0.41120996169751717,,COUNTER,588076.249106669,0.0,0.0,OK,0.0,0.0,1295.967040512703,138809.800536348,0.0667673150976843,138808.045342108,0.06676647085177063,1.755194239987759,DORMITORY,True,True,0.6676647085177063,,,14164.815904524996,0.006813256147216076,30.0
19,17,2,30,90,KubeTEE,2026-09-28,9168444,0.021233244,0.022068303544074297,-0.037839770619727854,IN BAND,False,False,0.01279225,3141.183934658,376808.910270873,1.0,147937.075199799,92451.474940003,,3999.1612025376817,,,,,,10.702344625247234,-5.98225448569512,-0.46038387587335555,-3.4449427380829265,2.076927871738838,2.5373117476121934,6.974357368860612,8.16503287763504,1,0.0,,0.0,0.0,1.5259021896696368e-05,0.00833627828068059,-0.6073949755072474,5C9y6fnL...,460364.228215992,0.18261485284743162,,,True,8618670,0.0774559770500809,0,5EKtGWqs...,0.179995422293431,0.9729354912931107,0.7978115566735405,0.3382469633156321,,COUNTER,0.0,116158.664597113,268.4895213109994,DIVERGENT,-1.0,0.0,1295.967040512703,84810.990932737,0.22507692525574763,84810.990932737,0.22507692525574763,0.0,DORMITORY,False,True,2.2507692525574767,0,,55824.605529076005,0.14815096991455406,30.0
20,19,13,31,53,engy,2026-09-28,9168444,0.030951072,0.031778817530721426,-0.02604708403392363,IN BAND,False,False,0.004307463,36032.024083343,4931748.941162655,1.0,1164160.841491567,1703146.332520858,-0.0011223092088040443,35421.983263777336,ACCUMULATING_PRE_EMA,0.0,,,,0.314165330757343,3.3299180463708122,-0.31690618907940415,5.579330803087388,1.932506567637172,2.249412756716576,0.5328738407718807,-1.935247425959233,1,0.0,,0.0,0.0,0.0001831082627603564,0.007306135108095848,-0.7639456524124318,5H8SFVCx...,1946509.130815521,,,,False,4203869,0.4298337988187354,45,5E2LP6En...,0.0,0.21471279730969692,0.21471279730969692,0.22942514001434477,,COUNTER,533028.694427817,0.0,0.0,OK,0.0,0.0,1295.967040512703,148505.515566366,0.030112140203827156,134372.536264743,0.027246426747965152,14132.97930162301,DORMITORY,True,True,0.2724642674796516,,,29028.39159466101,0.005886023790135917,30.0
21,21,45,32,54,Yanez,2026-09-28,9168444,0.00574288,0.005784990033134818,-0.007279188536820946,IN BAND,False,False,0.000267028,9579.878545795,4302102.812232187,1.0,1668131.301711107,946760.771896709,-0.0018134332739084883,28976.4870649348,ACCUMULATING_PRE_EMA,0.0,,,,0.07325245102486468,0.9682835849258358,-0.08856346053132151,2.777045382663247,1.7201983372060896,1.808761797737411,0.6108640622273825,-1.7355093467125464,1,0.1326882017601645,MINER_BURN_ONLY,1002.3891473299591,999.7765586368944,0.0008850232700083893,0.0022267897732607626,-0.612252080269697,5FUfruyV...,3773642.173157006,,,,False,4742549,0.3074972891244254,59,5DUB7kNL...,0.01998931868467231,0.32460796001108677,0.3181192680508438,0.8296810621089578,,COUNTER,606551.374230388,0.0,0.0,DIVERGENT,-1.0,0.7714521491544789,1295.967040512703,644081.425659809,0.1497131644154318,644081.425659809,0.1497131644154318,0.0,FORTRESS,True,True,1.497131644154318,0,,32512.429657023,0.007557334419014876,30.0
22,22,75,33,74,Gittensor,2026-09-28,9168444,0.00321791,0.0032766717486083508,-0.017933364437041233,IN BAND,False,True,2.611e-06,5950.506148813,3434107.933885412,1.0,1849183.210014007,357266.825084347,-0.0012658894502273344,22889.070219644345,ACCUMULATING_PRE_EMA,0.0,,,,0.001153130141940743,-1.3785160001592238,-0.21818926731733498,0.40977477986955213,1.570101512711441,1.788290780028776,0.7652642405524608,-1.7871376498868352,1,0.0,,0.0,0.0,0.0001373311970702673,0.0017327661982017234,-0.4615243439991412,5D1VXeeS...,216.588029224,,,ENTRY_REPEATED,False,5086205,0.6250495986326039,195,5E2LP6En...,0.0,0.29545913685427033,0.29545913685427033,0.0746070502060125,,COUNTER,531791.422968235,182721.776557128,2034.402301627997,DIVERGENT,-0.40331483548471425,0.0,1295.967040512703,378229.609193408,0.11013911515747618,378229.609193408,0.11013911515747618,0.0,DORMITORY,True,True,1.1013911515747619,0,,17025.482287908002,0.004957759807113885,30.0
23,24,21,34,75,Hippius,2026-09-28,9168444,0.016704062,0.016961797373369336,-0.015195050836652001,IN BAND,False,False,0.002470157,32844.325932527,3712686.028262279,1.0,1966247.816300737,1568037.148971093,-0.01292806119265099,24039.043186078314,ACCUMULATING_PRE_EMA,0.0,,,,0.19764669883424665,1.4455469684759175,-0.18487311851259933,3.1072024160308547,1.4767823290423379,1.6616554475549372,0.7078433188248978,-1.4640087487206905,1,0.0,,0.0,0.0,0.0023346303501945442,0.008846513193548922,-0.4703974881349864,5DAQpczE...,1538471.408432406,,,,False,5102795,0.0,157,5E2LP6En...,0.0,0.29368420120189387,0.29368420120189387,0.4276252537122102,,COUNTER,784604.879643725,0.0,0.0,OK,0.0,0.0,1295.967040512703,552610.151162083,0.1488437608123658,552609.767120331,0.14884365737195926,0.38404175208415836,DORMITORY,True,True,1.488436573719593,0,,42183.335427444,0.0113619452618211,30.0
24,23,8,35,15,ORO,2026-09-28,9168444,0.023137451,0.023513800464570522,-0.016005471558610356,IN BAND,False,False,0.00722108,13459.672106187,1590518.282424851,1.0,581726.944009215,595147.128830878,-0.0009198017926109515,11039.356896472746,ACCUMULATING_PRE_EMA,0.0,,,,1.409915344912218,-4.148968690870883,-0.194733237296426,-2.4844232131826987,1.4698122403917586,1.6645454776881847,1.65229160144795,-0.2546301327759668,1,0.0,,0.0,0.0,0.0006256198977645511,0.008462444132152214,-0.6342533958406994,5EHdase3...,216.588029224,,,,False,7366897,0.0,76,5DWsubqY...,0.0,0.5809892090420608,0.5809892090420608,0.028353425911796123,,COUNTER,372945.467614599,2797.563389807,0.0,OK,0.0,0.0,1295.967040512703,1010.651574802,0.0006354227964366397,1010.651574802,0.0006354227964366397,0.0,NEITHER,False,True,0.006354227964366398,,,26447.18615442501,0.01662803027583217,30.0
25,25,10,36,97,Albedo,2026-09-28,9168444,0.015982764,0.016228003427386284,-0.01511211335908515,IN BAND,False,False,0.005566147,11362.80841106,1133391.227593202,1.0,710941.710386693,537523.222206254,-0.0002017478056674679,11056.263577915845,ACCUMULATING_PRE_EMA,0.0,,,,1.287343215411604,-8.96049310828667,-0.1838640458688693,-7.5707571103636795,1.2058719520541206,1.38973599792299,2.318705082604755,-0.10239278251138598,1,0.0,,0.0,0.0,7.629510948348184e-05,0.010025495287438691,-0.3727308188096445,5GnW8owm...,1365443.550750206,,,,False,7735450,0.0,28,5E2LP6En...,0.0,0.6383863153562207,0.6383863153562207,0.17552988570643796,,COUNTER,70872.776437572,4583.298014649,0.0,OK,0.0,0.0,1295.967040512703,9223.251040756,0.008137746981103705,9223.251040756,0.008137746981103705,0.0,DORMITORY,False,True,0.08137746981104381,,,30874.581145578017,0.02724088593057256,30.0
26,28,6,37,80,OpenRoboto,2026-09-28,9168444,0.025899169,0.025747845880687237,0.005877117643704177,IN BAND,False,False,0.007557683,5118.072907247,2194110.088860713,1.0,197615.481100523,339292.324384456,-0.0002903473733555673,-6574.151412231789,,0.0,,,,3.880677607362085,8.988467126591681,0.07150493133173415,10.030272457782937,1.1133102625229896,1.0418053311912554,1.197752115238932,2.8388722761708296,1,0.005806553612641736,MINER_BURN_ONLY,54.23228339999332,54.00706023679808,7.629510948348184e-05,0.0023326418000769273,-0.9099337202642707,5CG1eFia...,314501.183514283,0.0,,,False,7151800,0.6500228902792614,21,5FnDM5Hk...,,13.229315365609963,13.229315365609963,0.0,,COUNTER,258691.558069905,2501.379452446,0.0,DIVERGENT,-1.0,0.04167317420004148,1295.967040512703,322492.301790669,0.14698091195511637,322492.301790669,0.14698091195511637,0.0,DORMITORY,False,True,1.4698091195511676,0,,24313.693633149996,0.011081346262700442,30.0
27,27,35,38,11,TrajectoryRL,2026-09-28,9168444,0.007693567,0.007758845342323184,-0.008413409398316219,IN BAND,False,False,0.001080466,20203.53702858,3405969.427631726,1.0,2626029.700517049,1018497.877195728,-0.004553696919034271,18845.289516649675,ACCUMULATING_PRE_EMA,0.0,,,,0.1405429477018446,-3.3601473741808183,-0.10236314767951399,-2.1717133749585953,1.086070851542709,1.188433999222223,0.771586491258475,-1.0478910515203785,1,0.0,,0.0,0.0,0.0,0.005931802224845023,-0.22899193250087735,5D2Jhtbn...,2057516.129338196,,,,False,2918568,1.0,189,5GgqDcxk...,0.0,0.36035978902690063,0.36035978902690063,0.1531336314110879,,COUNTER,1146672.996281127,57896.465498293,100.0,DIVERGENT,-1.0,0.0,1295.967040512703,46180.459268605,0.013558682850748804,46180.459268605,0.013558682850748804,0.0,DORMITORY,True,True,0.13558682850748802,,,11849.847423809,0.003479140865938001,30.0
28,26,39,39,91,cascade,2026-09-28,9168444,0.004742339,0.00489338394254446,-0.030867175827188426,IN BAND,False,False,0.000548876,3201.614491721,1138759.801588021,1.0,675112.902855897,187975.527975407,-0.00013977869327964234,11340.564550999203,ACCUMULATING_PRE_EMA,0.0,,,,0.45053710611630376,-13.669369995923613,-0.3755506392307925,-12.395057904725984,0.898761451966837,1.2743120911976296,2.3077737696177953,-0.8237749850813257,1,0.0,,0.0,0.0,1.5259021896585345e-05,0.002811492368501497,-0.40715069747196536,5HEe7NjS...,397201.905592064,,,,False,7633645,0.0,1,5E2LP6En...,0.0,0.9120602959300128,0.9120602959300128,0.6644997863639138,,COUNTER,399376.775480423,9542.545852108,0.0,OK,0.0,0.0,1295.967040512703,152159.491459508,0.1336186009089176,152159.491459508,0.1336186009089176,0.0,DORMITORY,False,True,1.3361860090891764,0,,33306.348665188,0.029247913931227377,30.0
29,29,22,40,56,Gradients,2026-09-28,9168444,0.01548987,0.015539298998191953,-0.0031809027033783566,IN BAND,False,False,0.00215118,50348.807927899,2860445.867760512,1.0,3250434.40248029,2864796.196622228,-0.009019599530651996,14410.364954369143,ACCUMULATING_PRE_EMA,0.0,,,,0.11228271875067422,-1.0604357771837039,-0.03870098289110334,-0.27579245248381645,0.745942341808784,0.7846433246998874,0.9187378896484772,-0.6723606059492132,1,0.0,,0.0,0.0,0.0003204394598306237,0.017601734224503212,0.13633840855366847,5EJ1zbdw...,15240.105657963,,,,False,4312927,0.0,26,5HbScNss...,0.0899977111467155,0.6236973039294729,0.5675659741274429,0.015946894552113535,,COUNTER,841047.343861356,0.0,0.0,OK,0.0,0.0,1295.967040512703,264724.185506575,0.0925464762295368,264724.185506575,0.0925464762295368,0.0,DORMITORY,True,True,0.9254647622953681,,,22495.616287231995,0.00786437406167178,30.0
30,31,30,41,19,blockmachine,2026-09-28,9168444,0.009116201,0.00915728323161602,-0.004486290374221548,IN BAND,False,False,0.001270326,30782.956666718,2710133.220892159,1.0,3376730.740801034,1682090.941946492,-0.008205630128196056,13655.03525567241,ACCUMULATING_PRE_EMA,0.0,,,,0.10845016494498849,-2.547784587438435,-0.05458319955302884,-1.8316831055057383,0.6615182823796676,0.7161014819326964,0.9696940282274681,-0.6076513169877079,1,0.0,,0.0,0.0,0.00025940337224383825,0.011358466229414525,0.24596487390027094,5FWh37Lf...,1271789.321275613,,,,False,1956072,0.0,20,5ChmduXv...,0.0,0.42931932918126936,0.42931932918126936,0.01553463246402466,,COUNTER,1013639.146969995,0.0,0.0,OK,0.0,0.0,1295.967040512703,169434.599534012,0.06251891908038203,169434.599534012,0.06251891908038203,0.0,DORMITORY,True,True,0.625189190803821,,,33411.919806734,0.012328515642391558,30.0
31,30,20,42,28,SayGM,2026-09-28,9168444,0.020377717,0.02057356503792107,-0.00951940208515564,IN BAND,False,False,0.002805196,22151.002512457,5105887.233438438,1.0,1087020.82290927,6592591.585425505,-0.0018433106521580824,14504.662734674057,ACCUMULATING_PRE_EMA,0.0,,,,0.33280909448022483,-2.5208235977479703,-0.11581939203606027,-1.8027372175706724,0.6022669881412376,0.7180863801772979,0.5146999688495345,-0.38527728569707304,1,0.09880005385743812,MINER_BURN_ONLY,810.4192185010761,809.0228348892656,0.0004730296787975874,0.004338325838336217,-0.7871044220343124,5CA6rwAy...,2707098.863120724,,,,False,4878363,0.17679836345872013,219,5FHBJCMk...,0.179995422293431,1.412749691564077,1.1584612142360864,0.0,,COUNTER,1413739.711768361,33762.848582854,0.0,DIVERGENT,-1.0,0.6242618906181476,1295.967040512703,379886.963563316,0.07440175354352473,379881.843668696,0.0744007508001452,5.119894619972911,FORTRESS,True,True,0.7440075080014527,,,36594.84933605999,0.007167187143578191,30.0
32,34,46,43,50,Synth,2026-09-28,9168444,0.00389976,0.003909672377631068,-0.0025353473830138037,IN BAND,False,False,0.000243582,10058.7155323,3253630.505540092,1.0,2579316.570362596,1230825.781850774,-0.0056701551055483215,12611.21143281646,ACCUMULATING_PRE_EMA,0.0,,,,0.06363968579730067,-3.2322377207203967,-0.03084672649333461,-2.6882353321577566,0.5131556620693054,0.54400238856264,0.8077131055678249,-0.4803627027653394,1,0.0,,0.005685153999365866,0.0,0.001617456321049815,0.0030915359058665717,-0.20724970104145596,5DxyiWpG...,2214822.6012525847,,,,False,4763204,0.1196564214644883,220,5Ff9fYuf...,,14.49198236479771,14.49198236479771,0.0,,COUNTER,467621.641808023,0.0,0.0,OK,-1.0,0.0,1295.967040512703,212500.00519846,0.0653116587260377,212500.00519846,0.0653116587260377,0.0,DORMITORY,True,True,0.653116587260377,,,28254.074286935003,0.00868386076379159,30.0
33,33,55,44,88,Investing,2026-09-28,9168444,0.002951571,0.0029609559569507837,-0.003169569925129308,IN BAND,False,True,8.4569e-05,6090.458262256,3278565.437294484,1.0,2063463.187998466,726366.125376553,-0.0006446650318909965,12805.152288928395,ACCUMULATING_PRE_EMA,0.0,,,,0.03649106888677309,-3.857894522888557,-0.03856310075573991,-3.3124986069477727,0.5068328151850441,0.545395915940784,0.8015700922439604,-0.5089048470540108,1,0.0,,0.0,0.0,0.0005645838101777656,0.0018576595095451038,-0.3706200834927895,5FhMsGJS...,2887692.192604185,,,,False,5299805,0.4512351522183884,1,5DFqEAQY...,,19.4970053489685,19.4970053489685,0.0,,COUNTER,175269.313011837,0.0,0.0,OK,0.0,0.0,1295.967040512703,1218927.143388814,0.3717867362118869,1208603.472027633,0.3686378982342316,10323.671361180954,DORMITORY,True,True,3.686378982342317,0,,11154.591378777995,0.003402278097576394,30.0
34,32,14,45,8,Vanta,2026-09-28,9168444,0.029065123,0.029321373207494617,-0.008739365843517862,IN BAND,False,False,0.004012996,81368.131468198,3352870.381875696,1.0,2799510.958390816,1435277.914965161,-0.008329727580013033,12956.065374580212,ACCUMULATING_PRE_EMA,0.0,,,,0.1296103683064403,2.184126138714988,-0.10632895109613398,2.7302727686445563,0.4398176788334341,0.5461466299295681,0.7838060231036483,-0.41653626162312785,1,0.07179583968082343,MINER_BURN_ONLY,592.6264358949848,588.3021511616362,0.0014648661020828513,0.02426820073571655,-0.16504049421306244,5F6tnxzA...,18465.554715483,,,,False,1477264,0.9982426381821238,117,5EPeU7Y8...,0.179995422293431,1.6548473570449993,1.3569824081825164,0.0,,COUNTER,796872.6411459,0.0,0.0,DIVERGENT,-1.0,0.45394838971282436,1295.967040512703,607572.332516929,0.18120960947408735,607571.159893335,0.18120925973685909,1.1726235940586776,FORTRESS,True,True,1.812092597368591,0,,16903.423049372996,0.005041478233321002,30.0
35,39,42,46,63,Enigma,2026-09-28,9168444,0.004104112,0.004103127866983414,0.00023984946326078503,IN BAND,False,False,0.000291244,10965.14782892,3384764.27687243,1.0,2671746.325996876,1242292.067694542,-0.0023243817583002914,10997.160214158706,ACCUMULATING_PRE_EMA,0.0,,,,0.06980199847204306,-3.903322813170837,0.0029181684696728844,-3.574748923218742,0.33149205842176793,0.328573889952095,0.7764203900273697,-0.258771891480052,1,0.0,,0.11035215493757278,0.0,6.103608758678547e-05,0.0032395602564831935,-0.21065500734794923,5CqTmNfg...,32292.875039443,,,,False,4885578,3.051990660907222e-05,147,5EZ52JMq...,0.0,0.3331743661370378,0.3331743661370378,0.9086525255608119,,COUNTER,725441.176575152,0.0,0.0,OK,-1.0,0.0,1295.967040512703,72397.992373783,0.021389374990887035,72397.992373783,0.021389374990887035,0.0,DORMITORY,True,True,0.21389374990887036,,,10109.530048401999,0.002986775214297448,30.0
36,37,3,12,107,Minos,2026-09-28,9168444,0.039895762,0.04031291208229959,-0.010347803241005484,IN BAND,False,False,0.012471004,20303.031554735,1658343.597289404,1.0,508902.379266685,594518.214302375,0.001226016808458981,4963.223974862369,,0.0,,0.03073050236411028,0.03073050236411028,1.6142317674897477,-5.761258763939036,-0.12589827276556673,-5.364720388344225,0.2706401028292439,0.39653837559481064,1.584713809789189,1.217693391894937,1,0.0,,0.0,0.0,0.0001831082627603564,0.01224295832776797,-0.6931263444029977,5DA2vLrS...,1217281.090493583,125.43586347696385,BUYBACK_GAMING,,False,7457580,0.0,2,5G9hfkx9...,0.009994659342336155,0.7429655643097361,0.7355398765913738,0.012955700355556913,,COUNTER,406798.248425295,11728.725039684,0.0,OK,0.0,0.0,1295.967040512703,41164.694002343,0.024822777420570454,41164.694002343,0.024822777420570454,0.0,DORMITORY,False,True,0.24822777420570452,,,27477.606370523,0.016569308323941857,30.0
37,92,92,47,58,SN58,2026-09-28,9168444,0.005932866,0.005811572773382068,0.02087098128986268,IN BAND,False,True,0.0,967.782104397,608399.45097137,1.0,163122.182950738,25552.708463774,,-2396.0652363909176,,,,,,,-1.5927767341194978,0.25393027235999593,-1.5927767341194978,0.25393027235999593,,4.319530525223416,6.357813670306398,1,0.451002516731389,SKIN_IN_GAME,3247.218120466001,3247.218120466001,0.0,0.0015907018043028146,-0.7318830723123,5DCsuLti...,828990.034292688,1.2230196086178953,BUYBACK_GAMING,,True,8511017,1.0,0,5DsnuvVc...,0.179995422293431,2.03831871579123,1.6714306777737837,0.5682501411545681,,COUNTER,109928.046739086,0.045668707,0.0,DIVERGENT,-1.0,2.5056332599179028,1295.967040512703,213417.539421567,0.35078522684533125,213417.539421567,0.35078522684533125,0.0,FORTRESS,False,True,3.507852268453312,0,,47130.83098395898,0.0774669189932863,30.0
38,36,34,48,41,Almanac,2026-09-28,9168444,0.007858304,0.00796930375508964,-0.013928413133801058,IN BAND,False,False,0.001134979,15782.123096391,3829653.99061799,1.0,2008336.89949332,1631691.712625143,-0.002647854639532984,11401.335729826009,ACCUMULATING_PRE_EMA,0.0,,,,0.18899388845104617,13.130439136110166,-0.16946235979457952,13.532557208520249,0.23265571261550277,0.4021180724100823,0.6862238746472029,-0.21312418395903612,1,0.0016414905220689087,MINER_BURN_ONLY,15.958129066973925,13.52571890446535,0.0008239871824216038,0.0041210310735785936,-0.4755826354416177,5FCSevLk...,16511.240433844,,,,False,3394182,0.0,228,5HbScNss...,0.0899977111467155,0.48188478796349044,0.438516260010356,0.013489798721215914,,COUNTER,1037556.314013789,0.0,0.0,OK,-1.0,0.010436776925371791,1295.967040512703,271111.945633162,0.07079280433619872,271111.945633162,0.07079280433619872,0.0,DORMITORY,True,True,0.7079280433619872,,,28582.469638792016,0.007463460069451254,30.0
39,35,76,49,10,Pareton,2026-09-28,9168444,0.006243766,0.006349877221509814,-0.016710751689870268,IN BAND,False,True,2.593e-06,16284.925661442,3431199.205760292,1.0,2608189.457862651,1023643.44893689,0.0019830543029549486,12116.256909159943,,0.0,,,0.3176054808836443,0.0004184485788679122,-3.7195085674373685,-0.20331414556008826,-3.284180939760814,0.23201348211646605,0.4353276276765543,0.7659129774768302,-0.4349091790976864,1,0.3647457919915697,MINER_BURN_ONLY,2627.305699885008,2627.260655252369,1.5259021896696368e-05,0.004746132382550943,-0.2398606253740222,5HK5714c...,758979.528911996,,,,False,2869647,0.8068178350169377,201,5GKbzKzG...,0.179995422293431,1.4618331592287872,1.1987098824108613,0.22291234281528507,,COUNTER,848440.149614776,0.0,0.0,DIVERGENT,-1.0,2.0272588523647848,1295.967040512703,57446.985803047,0.016742538791278887,19620.855962962,0.005718366899252756,37826.129840085,FORTRESS,True,False,0.07072120267407593,,,22693.041214220008,0.006613734689645231,30.0
40,40,82,50,23,Trishool,2026-09-28,9168444,0.004940485,0.004997733514755964,-0.011454895421481875,IN BAND,False,True,1.145e-06,8035.033934821,4475039.763438814,1.0,1626365.459969394,621271.683834802,3.250270980840306e-05,11740.927106261253,,0.0,,,0.006578850013389994,0.00037449250674098547,7.371283231379458,-0.13936789429469615,7.674747442350764,0.1640963166766098,0.30346421097130594,0.5872573516487664,-0.30308971846456495,1,0.36071105043900775,MINER_BURN_ONLY,2597.766570762964,2597.721526130325,1.5259021896696368e-05,0.0017955223550117758,-0.6365696171505882,5CqTRwoF...,1470758.75659852,,,,False,2063528,0.7999969481490524,188,5HKsvivb...,0.0899977111467155,0.8708633699411888,0.7924876599249665,0.3887439149079034,,COUNTER,1200188.654261433,0.055431535,0.0,DIVERGENT,-1.0,2.004465734794173,1295.967040512703,853776.685014041,0.1907863907689531,853776.685014041,0.1907863907689531,0.0,FORTRESS,True,True,1.9078639076895327,0,,11506.403223236,0.0025712404428768656,30.0
41,38,79,51,100,Cortex,2026-09-28,9168444,0.003591279,0.0036868907045572996,-0.025932882805317643,IN BAND,False,True,1.643e-06,2400.431053058,1972018.727981953,1.0,668405.467740811,404637.484913871,-0.001453934361040321,10120.393538979115,ACCUMULATING_PRE_EMA,0.0,,,,0.0017987619325701464,-1.5072339097020941,-0.3155167407980313,-1.1231602862853864,0.06855688261867626,0.3840736234167076,1.3326445447550792,-0.3822748614841374,1,0.2901080970453281,MINER_BURN_ONLY,2090.184534493019,2089.734088166628,0.00015259021896696368,0.0012172455661790082,-0.6610551376879913,5FX6kmhY...,1241530.159601537,,,ENTRY_REPEATED,False,6693448,0.7033346051125524,0,5ExuWpCM...,0.179995422293431,1.1142453603124594,0.913686296144522,0.5806692811255398,,COUNTER,764491.322730937,1077.059572996,0.0,DIVERGENT,-1.0,1.612490150474737,1295.967040512703,313764.225334003,0.15910813669355497,313764.225334003,0.15910813669355497,0.0,FORTRESS,False,True,1.591081366935551,0,,24272.777630518995,0.012308593871904206,30.0
42,42,62,52,55,NIOME,2026-09-28,9168444,0.002445561,0.0024550347588956356,-0.0038589102909064605,IN BAND,False,True,3.7595e-05,6280.590185965,3023346.065111155,1.0,2568158.94101334,572800.338395462,-0.002858824195392448,8767.936361755244,ACCUMULATING_PRE_EMA,0.0,,,,0.01573095156260695,0.2207330963225633,-0.0469500752060286,0.3358153963300876,0.0681322248014957,0.1150823000075243,0.8692355897747286,-0.09935134844491735,1,0.008887764138217938,MINER_BURN_ONLY,65.15582776803058,64.97564923747439,6.103608758678547e-05,0.0020773639704835083,-0.15055728706684965,5GeWUxaF...,1263730.89794415,,,,False,4703386,0.02006683859547398,28,5G9hfkx9...,0.009994659342336155,0.3182859890683428,0.3151048290341662,0.016419960323515947,,COUNTER,322096.4074445,0.0,0.0,DIVERGENT,-1.0,0.05013680688342899,1295.967040512703,14841.866940702,0.004909086363606983,14841.866940702,0.004909086363606983,0.0,NEITHER,True,True,0.04909086363606983,,,14290.282901695997,0.004726644781622313,30.0
43,41,26,6,83,CliqueAI,2026-09-28,9168444,0.008291066,0.008335974998772144,-0.005387372056509229,IN BAND,False,False,0.00168563,8148.102946055,2879192.738697833,1.0,982756.959651949,154607.015075392,0.000950791968390149,6333.680332124233,,0.0,,0.11467668552996069,0.11467668552996069,0.5436646627230891,-2.0404642869932332,-0.06554636002086228,-1.9144820415675288,0.06043588540484224,0.12598224542570452,0.9127558446082219,0.4176824172973846,1,0.0,,0.0,0.0,0.0018768596932936532,0.0028299956569563063,-0.6586692643676572,5DqEjRLy...,1147416.557870421,,,,False,5231190,0.0,180,5G9hfkx9...,0.009994659342336155,0.4003032091275807,0.3963023149187066,0.20738593010834733,,COUNTER,345172.824104195,26063.92679357,0.0,OK,0.0,0.0,1295.967040512703,8057.340853611,0.0027984722055304566,8057.340853611,0.0027984722055304566,0.0,NEITHER,True,True,0.027984722055304563,,,13751.893474674003,0.004776301804961326,30.0
44,45,68,53,121,sundae_bar,2026-09-28,9168444,0.003960819,0.003958214074373245,0.0006581063019354767,IN BAND,False,True,7.144e-06,5851.090664107,2976259.014549607,1.0,1477242.484336153,553196.431654873,-0.0014768339828714987,,,,,,,0.0032087063895916194,-0.18202209852057613,0.008006960006881633,-0.17881339213098452,0.011215666396473253,0.0032087063895916194,0.8829876657753497,,,,,,,1.5259021896696368e-05,0.0019659211901597337,-0.5036579075792825,5CXGaDJs...,1899447.046430751,,,,False,5766528,0.6003906369212928,0,5EL9y2gd...,0.179995422293431,0.7626622749803063,0.6253865567279572,0.7441211029894249,,,1351333.696331769,0.0,,NO_ESTIMATE,,,,202885.709556554,0.06816802857706133,202885.709556554,0.06816802857706133,0.0,,True,True,0.6816802857706133,,,13304.579414543998,0.004470235738725637,30.0
45,93,93,54,25,UR,2026-09-28,9168444,0.006794439,0.006789942039176822,0.0006622973800412128,IN BAND,False,True,0.0,13326.177321174,4096677.757631479,1.0,1961335.864380044,760994.288176864,-0.00189072698649151,10914.105771488743,ACCUMULATING_PRE_EMA,0.0,,,,,-11.795408812004743,0.008057951457168089,-11.795408812004743,0.008057951457168089,,0.6414954154264249,-0.2581319347701637,1,0.45100251673208225,MINER_BURN_ONLY,3247.2181204709923,3247.2181204709923,0.0,0.0032529230048298006,-0.5212374406732034,5HTeZ516...,765324.002614056,,,,False,2998801,1.0,1,5CyQFykV...,0.179995422293431,1.6823219145176636,1.3795116710805633,0.1949395678183372,,COUNTER,1011583.833917062,0.0,0.0,DIVERGENT,-1.0,2.5056332599217543,1295.967040512703,1146659.855731193,0.27989993930939344,1146659.855731193,0.27989993930939344,0.0,FORTRESS,True,True,2.7989993930939363,0,,7868.826506358999,0.0019207823929281694,30.0
46,94,94,55,72,StreetVision by NATIX,2026-09-28,9168444,0.002010518,0.0020120693370699883,-0.0007710157107444095,IN BAND,False,True,0.0,6013.517094176,2485685.929190987,1.0,2991028.003729201,246088.592815298,-0.000693472829379333,23459.84594976995,ACCUMULATING_PRE_EMA,0.0,,,,,-3.890335247747857,-0.009380691147390315,-3.890335247747857,-0.009380691147390315,,1.0572534402426825,-2.253289970221181,1,0.451002516730142,MINER_BURN_ONLY,3247.2181204570225,3247.2181204570225,0.0,0.0024192586133088873,0.20330114592800813,5FjP8fFb...,0.011567545,,,,False,5064327,1.0,108,5EtUYRu7...,0.09999237048905166,0.4481035552164603,0.4032966185057948,0.036777048679993894,,COUNTER,522166.100174757,0.0,0.0,DIVERGENT,-1.0,2.5056332599109745,1295.967040512703,356408.164092546,0.14338423044802998,350419.912471324,0.14097513622140298,5988.251621222007,FORTRESS,True,True,1.409751362214031,0,,9847.294529828996,0.003961600463753674,30.0
47,95,95,56,12,Compute Horde,2026-09-28,9168444,0.004703879,0.004708207678049803,-0.0009193897860502941,IN BAND,False,True,0.0,12558.712109111,3636226.484615406,1.0,2669862.699551558,425271.189293829,-0.0016389071287063602,2359.865251763724,ACCUMULATING_PRE_EMA,0.0,,,,,-0.524025820421882,-0.011185909063611912,-0.524025820421882,-0.011185909063611912,,0.7227272589094396,0.5690125489044404,1,0.4483852235133325,MINER_BURN_ONLY,3228.598832459189,3228.373609295994,7.629510948348184e-05,0.0034537760951486225,-0.26576000463689176,5ELzhHvg...,1634263.707724151,,,,False,2256433,0.005325804974820714,157,5Hdt5YNb...,,3.475081563850324,3.475081563850324,0.0,,COUNTER,1660213.798876251,0.0,0.0,DIVERGENT,-1.0,2.4910923722402716,1295.967040512703,3870.537061652,0.0010644378390696906,3870.537061652,0.0010644378390696906,0.0,EXPOSED,True,True,0.010644378390696905,,UNDEFENDED_BURNER,9912.586521202993,0.0027260641115569623,30.0
48,96,96,57,52,Dojo,2026-09-28,9168444,0.006070076,0.006075666518881917,-0.0009201490675209133,IN BAND,False,True,0.0,17552.266778728,3156893.692210156,1.0,2891605.565051259,766312.938360055,-0.001055169699966047,1935.4351561595686,ACCUMULATING_PRE_EMA,0.0,,,,,-0.5184151705618242,-0.011195146988171112,-0.5184151705618242,-0.011195146988171112,,0.8324638889439844,0.7048513939562683,1,0.4510025167302875,MINER_BURN_ONLY,3247.21812045807,3247.21812045807,0.0,0.005559980312938437,-0.0840344811270176,5Fv1ZvNP...,44919.924513906,,,,False,3989825,1.0,140,5G9hfkx9...,0.009994659342336155,0.40221984530889243,0.3981997949743029,0.00628710076147167,,COUNTER,1216054.4359504,0.0,0.0,DIVERGENT,-1.0,2.505633259911783,1295.967040512703,167638.354572778,0.053102312246508875,167638.354572778,0.053102312246508875,0.0,FORTRESS,True,True,0.5310231224650888,,,9202.141947359003,0.002914935643878632,30.0
49,97,97,58,29,hoτfloaτ,2026-09-28,9168444,0.00279591,0.0027987619396299124,-0.0010190004335593904,IN BAND,False,True,0.0,8340.214615388,3088900.07846515,1.0,2983004.471619245,209685.630964115,-0.011022358310089313,4793.53500137385,ACCUMULATING_PRE_EMA,0.0,,,,,0.3093579647141197,-0.012397838608305916,0.3093579647141197,-0.012397838608305916,,0.8507882849049078,0.38171337950149575,1,0.0,,0.0,0.0,0.0,0.00270005969876895,-0.03428232712463915,5HHHHHzg...,939.884712425,,,,False,3379782,0.0,61,5CajPH81...,,0.34717488811075053,0.34717488811075053,0.04921334940715081,,COUNTER,610829.352749762,0.0,0.0,OK,0.0,0.0,1295.967040512703,3165.974907187,0.001024952192289803,3165.974907187,0.001024952192289803,0.0,NEITHER,True,True,0.01024952192289803,,,9906.867024714,0.0032072474903871422,30.0
50,98,98,59,104,TAOstatus,2026-09-28,9168444,0.004159262,0.004164448939263821,-0.0012455283614876559,IN BAND,False,True,0.0,5921.63709475,3231037.070393288,1.0,1423722.827984564,76157.520609553,-0.0017383027949343672,1678.9648736238014,ACCUMULATING_PRE_EMA,0.0,,,,,-0.6019337929948948,-0.015153928398099812,-0.6019337929948948,-0.015153928398099812,,0.8133611415606924,0.3498425772964566,1,0.0,,0.0,0.0,0.0,0.0018327357333691027,-0.5593603544645415,5HBb3F1b...,1141815.010077836,,,,False,5528520,1.0,25,5Coeuhim...,0.179995422293431,1.3313547144565672,1.0917169604056072,0.4108401745658742,,COUNTER,340321.172598343,230760.36086437,3247.218120461999,DIVERGENT,-0.25252384335795824,0.0,1295.967040512703,3017.92106809,0.0009340409912792034,3017.92106809,0.0009340409912792034,0.0,NEITHER,True,True,0.009340409912792034,,,11350.127262225998,0.00351284340443808,30.0
51,99,99,60,37,Aurelius,2026-09-28,9168444,0.002722188,0.0027272833976894617,-0.0018683051764178768,IN BAND,False,True,0.0,7195.215787112,3488313.455844678,1.0,2643172.985075947,360214.618858546,-0.0011818962588911177,2229.85003818525,ACCUMULATING_PRE_EMA,0.0,,,,,-3.90201088770612,-0.022731046313084168,-3.90201088770612,-0.022731046313084168,,0.7533726636855926,0.6068435512817848,1,0.4510025167355262,MINER_BURN_ONLY,3247.2181204957888,3247.2181204957888,0.0,0.002062663197613849,-0.24227746297689612,5GRBbS3a...,1412616.4107916448,,,,False,3212175,1.0,110,5E2LP6En...,0.0,0.6544378567267052,0.6544378567267052,0.446519861435395,,COUNTER,1348173.820144754,0.0,0.0,DIVERGENT,-1.0,2.505633259940888,1295.967040512703,45507.151093348,0.013045602601194183,45507.151093348,0.013045602601194183,0.0,FORTRESS,True,True,0.1304560260119418,,,9750.354090797004,0.00279514849058655,30.0
52,100,100,61,73,Parked,2026-09-28,9168444,0.003233001,0.0032416698522865772,-0.0026741934501634617,IN BAND,False,True,0.0,6988.707115649,3605204.945507061,1.0,2161677.963998732,581907.163050221,-0.0012004820451322843,4578.123516516294,ACCUMULATING_PRE_EMA,0.0,,,,,-1.7861441149454462,-0.032536020310322114,-1.7861441149454462,-0.032536020310322114,,0.7289460764983999,0.3487763108861504,1,0.451002516731096,MINER_BURN_ONLY,3247.218120463891,3247.218120463891,0.0,0.0019385048066015175,-0.40040080204073014,5GHtVze5...,1525633.707624159,,,,False,5160047,1.0,0,5Dnkprjf...,0.179995422293431,1.071193694965606,0.878383733482211,0.5167714564766207,,COUNTER,1607846.444108272,0.0,0.0,DIVERGENT,-1.0,2.5056332599162747,1295.967040512703,1001562.92794608,0.277810261298533,933511.757910342,0.2589344495029939,68051.17003573803,FORTRESS,True,True,2.589344495029941,0,,10426.158227671995,0.002891973794906017,30.0
53,101,101,62,22,Desearch,2026-09-28,9168444,0.002947422,0.002955603413283825,-0.0027681025292683186,IN BAND,False,True,0.0,7451.098929647,3623057.27597305,1.0,2528005.337414595,271933.217583055,-0.0015173520545156394,9576.113727902994,ACCUMULATING_PRE_EMA,0.0,,,,,-3.136896759821246,-0.03367858077276454,-3.136896759821246,-0.03367858077276454,,0.7253542518988177,-0.1572568554198818,1,0.451002516728897,MINER_BURN_ONLY,3247.2181204480585,3247.2181204480585,0.0,0.002056577735897329,-0.30224523807675685,5DFuaMas...,1866538.719784616,,,,False,2009702,1.0,131,5E2LP6En...,0.0,0.4136089798855232,0.4136089798855232,0.1303087182774039,,COUNTER,1256548.814924039,0.0,0.0,DIVERGENT,-1.0,2.505633259904058,1295.967040512703,763677.586285475,0.21078264242465583,763677.586285475,0.21078264242465583,0.0,FORTRESS,True,True,2.1078264242465585,0,,10020.520124609991,0.002765763652444265,30.0
54,102,102,63,115,MoirAI,2026-09-28,9168444,0.002401882,0.0024094502441585064,-0.0031410667959858338,IN BAND,False,True,0.0,3407.573469161,1751242.259920508,1.0,1418709.545909187,161978.174804282,-0.0010310414951094963,2883.7011466727126,ACCUMULATING_PRE_EMA,0.0,,,,,-3.03536811392614,-0.03821631268449431,-3.03536811392614,-0.03821631268449431,,1.5006490307738976,1.0726411031397418,1,0.451002517032644,MINER_BURN_ONLY,3247.2181226350367,3247.2181226350367,0.0,0.0019458035859160206,-0.18988377201043993,5EkNnrTj...,111827.161223185,,,,False,5683635,1.0,0,5EhTo9AX...,0.179995422293431,10.269148192542241,8.420748527031776,0.06578967448532666,,COUNTER,996386.948057704,0.0,0.0,DIVERGENT,-1.0,2.505633261591584,1295.967040512703,2942.008322496,0.001679955075221599,2942.008322496,0.001679955075221599,0.0,EXPOSED,True,True,0.016799550752215987,,UNDEFENDED_BURNER,20112.859262584992,0.011484909725452807,30.0
55,103,103,64,117,everyframe.studio,2026-09-28,9168444,0.002788189,0.0028002052567899227,-0.004291205711004868,IN BAND,False,True,0.0,3018.966148789,1912242.035995466,1.0,1082769.598852958,238201.438919824,-0.0007537834211656891,5909.8682371680625,ACCUMULATING_PRE_EMA,0.0,,,,,0.6958584216540904,-0.05220966948389256,0.6958584216540904,-0.05220966948389256,,1.3743030173646027,-0.2169520195638165,1,0.0,,0.0,0.0,0.0,0.001578757339270288,-0.4337696120061129,5FFDV7LG...,1956435.110531705,,,,False,5710859,1.0,21,5ENf2ZAo...,0.013550011444266423,3.405556217612635,3.3594108918898913,0.04571742480887492,,COUNTER,289424.602021989,188276.779761898,3247.218120467005,DIVERGENT,-0.2525238433573897,0.0,1295.967040512703,184995.455974437,0.09674269914170826,154144.143623114,0.08060911784259066,30851.312351322995,DORMITORY,True,True,0.8060911784259066,,,21107.470851712,0.011038074916454796,30.0
56,104,104,65,119,CapabilityForge Next,2026-09-28,9168444,0.002243117,0.0022536693140864372,-0.0046822814778017165,IN BAND,False,True,0.0,3058.484391415,1629833.390543675,1.0,1363497.004376359,73614.13882951,-0.0008647727937628405,8987.03371946211,ACCUMULATING_PRE_EMA,0.0,,,,,-6.695365118838295,-0.05696775797992088,-6.695365118838295,-0.05696775797992088,,1.6124347526855856,-0.2163794399936924,1,0.45100251693930155,MINER_BURN_ONLY,3247.218121962971,3247.218121962971,0.0,0.0018765626039817234,-0.16341296330876937,5GbLENPL...,99586.476114719,,,,False,5740660,1.0,0,5HMwvi1d...,0.179995422293431,11.463242344520236,9.399911197866375,0.05948329798110817,,COUNTER,915430.260837995,0.0,0.0,DIVERGENT,-1.0,2.5056332610730014,1295.967040512703,20722.542632217,0.012714515945279802,20722.542632217,0.012714515945279802,0.0,FORTRESS,True,True,0.12714515945279803,,,19413.489668592996,0.011911333870830258,30.0
57,105,105,66,30,Endure Network,2026-09-28,9168444,0.003253121,0.0032684425823390484,-0.004687731833454353,IN BAND,False,True,0.0,8317.210009102,3470547.974745495,1.0,2556686.04638627,417483.607948399,-0.0016359655505931488,11718.5641168328,ACCUMULATING_PRE_EMA,0.0,,,,,-0.010480573663339996,-0.05703407064036129,-0.010480573663339996,-0.05703407064036129,,0.7572291232172691,-0.3886124731913415,1,0.45100251672820174,MINER_BURN_ONLY,3247.2181204430526,3247.2181204430526,0.0,0.0023965120406416293,-0.26331912011830194,5HTogQKF...,62068.98773443,,,,False,3250216,1.0,176,5HW12NvE...,0.179995422293431,17.68947960268653,14.505454251449933,0.018999221718628393,,COUNTER,849126.474578439,18187.150616168,0.0,DIVERGENT,-1.0,2.505633259900195,1295.967040512703,4962.596266974,0.0014299172070479508,4962.596266974,0.0014299172070479508,0.0,EXPOSED,True,True,0.014299172070479507,,UNDEFENDED_BURNER,9864.621298357994,0.0028423814827344073,30.0
58,106,106,67,42,Unknown,2026-09-28,9168444,0.002000611,0.0020125554874539375,-0.005934985409544449,IN BAND,False,True,0.0,6613.474678704,2458323.755302652,1.0,3305726.507268925,371515.627642795,-0.0007519273179352004,49610.55481154565,ACCUMULATING_PRE_EMA,0.0,,,,,-8.09120437717982,-0.07220898914945746,-8.09120437717982,-0.07220898914945746,,1.0690211142170973,-6.07231872326388,1,0.451002516892218,MINER_BURN_ONLY,3247.2181216239696,3247.2181216239696,0.0,0.002690237469510925,0.3447079264839219,5EC5HHfL...,124338.778097465,,,,False,3613591,1.0,11,5Gbdb5s2...,0.179995422293431,8.665727858029092,7.105936512743196,0.0,,COUNTER,569534.932284458,0.0,0.0,DIVERGENT,-1.0,2.50563326081142,1295.967040512703,5444.016612431,0.0022145238602881948,5444.016612431,0.0022145238602881948,0.0,EXPOSED,True,True,0.022145238602881947,,UNDEFENDED_BURNER,10302.338214916997,0.004190797974715354,30.0
59,107,107,68,113,LongShort,2026-09-28,9168444,0.00192553,0.00193716399371624,-0.006005683439284569,IN BAND,False,True,0.0,1596.005834962,1633760.451345322,1.0,828865.68176119,68662.179402414,-0.0004889739469761811,4191.711667774129,ACCUMULATING_PRE_EMA,0.0,,,,,-6.5827683146846345,-0.07306914851129559,-6.5827683146846345,-0.07306914851129559,,1.6085589523457802,0.8493406091685118,1,0.4510025167256956,MINER_BURN_ONLY,3247.2181204250082,3247.2181204250082,0.0,0.00097689097177482,-0.4926638526666321,5GndoVhM...,578313.75126696,,,,False,7119664,1.0,0,5FRumLA6...,0.179995422293431,1.8614889672385755,1.5264294744859053,0.019123931623931625,,COUNTER,820947.517180098,0.0,0.0,DIVERGENT,-1.0,2.5056332598862716,1295.967040512703,56772.211595615,0.03474940989596477,56772.211595615,0.03474940989596477,0.0,FORTRESS,False,True,0.34749409895964956,,,22179.99170087101,0.01357603661087944,30.0
60,108,108,69,126,Attelier,2026-09-28,9168444,0.004395545,0.004422863246873021,-0.0061765976807750915,IN BAND,False,True,0.0,2460.611239666,1418595.517311649,1.0,559796.612630089,68873.27426722,-0.0001583244541660852,1084.3292602039874,ACCUMULATING_PRE_EMA,0.0,,,,,-2.638475977118016,-0.07514860511609694,-2.638475977118016,-0.07514860511609694,,1.8525365179359008,1.7932929869913807,1,0.45100251672277714,MINER_BURN_ONLY,3247.2181204039953,3247.2181204039953,0.0,0.001734540402558901,-0.6053867262059879,5DqrUa2z...,569626.476300271,,,,False,7525773,1.0,1,5E2LP6En...,0.0,0.6481826124501323,0.6481826124501323,0.41390465726667885,,COUNTER,469309.96432231,5493.154491675,0.0,DIVERGENT,-1.0,2.5056332598700575,1295.967040512703,171439.094523612,0.12085128736942768,1096.553699538,0.0007729854536803108,170342.540824074,EXPOSED,False,False,1.0846262300942997,0,,39366.20736539101,0.02775012812672149,30.0
61,109,109,70,39,deprecated,2026-09-28,9168444,0.006638779,0.006698654964566231,-0.008938505548196718,IN BAND,False,True,0.0,17199.78668331,3557457.72090761,1.0,2590805.640489745,1111427.250824733,-0.008167090216750057,31812.206682297867,ACCUMULATING_PRE_EMA,0.0,,,,,-6.197214013177085,-0.10875181750306007,-6.197214013177085,-0.10875181750306007,,0.7387297913774001,-2.424919846322832,1,0.4510025167275065,MINER_BURN_ONLY,3247.2181204380468,3247.2181204380468,0.0,0.004834853435425184,-0.27172550322503825,5DkwfxC9...,441101.125340269,,,,False,3280104,1.0,136,5GP7c3fF...,0.0009918364232852674,2.833102470753125,2.8302924965317326,0.1598150521882439,,COUNTER,1592629.168512536,0.0,0.0,DIVERGENT,-1.0,2.5056332598963325,1295.967040512703,442480.770134034,0.1243811746611972,440905.825725055,0.1239384583922946,1574.9444089789758,FORTRESS,True,True,1.239384583922948,0,,8518.127124732,0.0023944422655172923,30.0
62,46,41,71,111,Claims,2026-09-28,9168444,0.004442966,0.004465752048417926,-0.00510239891755715,IN BAND,False,False,0.000396605,5643.486158608,3597284.331381089,1.0,1270206.886409743,212160.621363352,-0.0020882893709760026,5443.217933807056,ACCUMULATING_PRE_EMA,0.0,,,,0.18468689577810254,-3.025833039517481,-0.06207918683027866,-3.0737216866123473,-0.10996783392514498,-0.047888647094866316,0.7305510929660219,0.23257554287296886,1,0.0,,0.0,0.0,4.57770656900891e-05,0.001568818486038695,-0.6468983813878623,5CGTryXj...,2752404.767223588,,,,False,5615562,0.0,145,5E2LP6En...,0.0,0.3500032372560537,0.3500032372560537,0.0819599584935604,,COUNTER,734491.272679149,0.371911999,0.0,DIVERGENT,1.0,0.0,1295.967040512703,1221.604957048,0.00033959088148558853,1221.604957048,0.00033959088148558853,0.0,NEITHER,True,True,0.0033959088148558855,,,14657.043716200002,0.004074474621963727,30.0
63,47,27,72,124,Swarm,2026-09-28,9168444,0.009682082,0.009718755492940545,-0.0037734762405725636,IN BAND,False,False,0.001634707,12220.33779889,3589403.171082239,1.0,1262160.118464034,311547.285016253,-7.80977163950547e-05,4557.403661319055,ACCUMULATING_PRE_EMA,0.0,,,,0.35154592832861103,-3.182255398878467,-0.045910627593632854,-3.250782363425158,-0.11443759214032379,-0.06852696454669094,0.7321551452264509,0.420072892875302,1,0.0,,0.0,0.0,0.00019836728465705278,0.0034045598157772428,-0.6483649058356207,5HKYqfJr...,2334519.354918301,,,,False,5813454,0.017307164005982756,36,5EhfY3XF...,,15.810035731486387,15.810035731486387,0.0,,COUNTER,897004.632666029,6243.286010635,0.0,OK,0.0,0.0,1295.967040512703,1000000.110795789,0.2785978791271529,1000000.110795789,0.2785978791271529,0.0,DORMITORY,True,True,2.7859787912715293,0,,22252.898229516002,0.006199609564284901,30.0
64,110,110,73,27,Orion,2026-09-28,9168444,0.002139346,0.0021630991250276566,-0.010981061733522262,IN BAND,False,True,0.0,5964.678179343,3375562.946051696,1.0,2788084.600449286,833773.079388576,-0.002571603639063033,33484.52072910499,ACCUMULATING_PRE_EMA,0.0,,,,,-3.949108173945286,-0.13360291775785418,-3.949108173945286,-0.13360291775785418,,0.7785368076379379,-2.732961774104332,1,0.45100251675250347,MINER_BURN_ONLY,3247.218120618025,3247.218120618025,0.0,0.001767017316717415,-0.17403855350307287,5GLT9wjW...,84657.077856649,,,ENTRY_REPEATED,False,1727132,1.0,203,5H6Bqkzj...,0.179995422293431,12.727654202252552,10.436734709313342,0.0,,COUNTER,1364380.769352671,0.0,0.0,DIVERGENT,-1.0,2.505633260035208,1295.967040512703,29259.979274079,0.008668177646725148,29259.979274079,0.008668177646725148,0.0,FORTRESS,True,True,0.08668177646725148,,,9886.945207470997,0.0029289766967715673,30.0
65,49,48,8,18,Zeus,2026-09-28,9168444,0.003661392,0.003677523694932461,-0.004386564512062836,IN BAND,False,False,0.000193089,9706.632638798,3188175.433485408,1.0,2651077.135821245,882882.089558669,0.00033872464815844845,6725.497502428014,,0.0,,0.0925125329815678,0.0925125329815678,0.05227743862189034,-2.8518034555829406,-0.05336986823009783,-2.961724400123646,-0.1632908127708031,-0.10992094454070526,0.824295919351901,0.1621983831625956,1,0.0043205832128289405,MINER_BURN_ONLY,33.334317989007104,32.748737764699484,0.00019836728465705278,0.0030445729356199267,-0.16846572680010038,5GgvCi6h...,2048442.770620975,,,,False,1604679,0.0008241506669515175,10,5E4z3h9y...,0.0899977111467155,0.3004811507870117,0.27343853497344955,0.057942926903708225,,COUNTER,342290.950762133,30745.295806132,0.0,OK,-1.0,0.025269730433687278,1295.967040512703,472285.796249436,0.14813670266981485,375000.0,0.11762213461071648,97285.79624943598,DORMITORY,True,True,1.1762213461071647,0,,13500.540156849996,0.00423456627105705,30.0
66,111,111,74,118,Ditto,2026-09-28,9168444,0.007656093,0.007766646565869451,-0.014234401544069021,IN BAND,False,True,0.0,6496.147594907,2286803.566326249,1.0,848493.937734438,781518.745179387,-0.0019519015973399523,16639.745118082268,ACCUMULATING_PRE_EMA,0.0,,,,,1.4543742912253903,-0.17318521878617307,1.4543742912253903,-0.17318521878617307,,1.1492023358271577,-1.3706572334562659,1,0.45100251672917185,MINER_BURN_ONLY,3247.2181204500375,3247.2181204500375,0.0,0.0028407108028710415,-0.628960776355376,5HGXqHbQ...,1537567.129509486,,,,False,5724794,1.0,0,5HEouuDa...,0.179995422293431,1.1197150609699467,0.9181714757223463,0.597863573935602,,COUNTER,334359.501878935,1788.13704218,0.0,DIVERGENT,-1.0,2.505633259905585,1295.967040512703,127763.187573584,0.055869769251250395,106913.866469779,0.04675253617936943,20849.321103805007,FORTRESS,True,True,0.4675253617936955,,,36748.22436707601,0.01606968998483418,30.0
67,112,112,75,31,rec4ll,2026-09-28,9168444,0.00387425,0.003940154332667589,-0.01672633280406814,IN BAND,False,True,0.0,1774.504584399,1880410.8275752,1.0,458025.299217604,55873.319102998,-3.4653599990985635e-05,5111.340302779456,ACCUMULATING_PRE_EMA,0.0,,,,,-2.1138165504877846,-0.203503715782829,-2.1138165504877846,-0.203503715782829,,1.3975669366830972,0.5654595818511727,1,0.45100251673125763,MINER_BURN_ONLY,3247.218120465055,3247.218120465055,0.0,0.0009436791994477256,-0.7564227400276892,5H3mfhC8...,940288.466973274,,,ENTRY_PRE_EMA_PATTERN,False,7173591,1.0,0,5CDZ527X...,0.179995422293431,1.679448320121196,1.377155310520988,0.465648272494201,,COUNTER,799738.605580345,729.248648798,0.0,DIVERGENT,-1.0,2.505633259917173,1295.967040512703,534999.975964784,0.2845122821669079,534999.975964784,0.2845122821669079,0.0,FORTRESS,False,True,2.8451228216690785,0,,20343.349612453003,0.010818566514364237,30.0
68,113,113,76,57,SN57,2026-09-28,9168444,0.002497158,0.0025422219187021255,-0.01772619391352417,IN BAND,False,True,0.0,1274.897799516,1006259.084372552,1.0,510539.297561008,35449.284353024,-0.00013780237056893412,6887.149112232844,ACCUMULATING_PRE_EMA,0.0,,,,,-3.6893723201307935,-0.21566869261454408,-3.6893723201307935,-0.21566869261454408,,2.6116534407624026,0.41140202412619714,1,0.45100251688347875,MINER_BURN_ONLY,3247.218121561047,3247.218121561047,0.0,0.0012669677415244967,-0.49263613214522406,5HdpnCSY...,799575.776523347,,,ENTRY_PRE_EMA_PATTERN,False,8057320,1.0,0,5Ejcqsbx...,0.179995422293431,2.0825616288510442,1.7077100690139049,0.5454365109642764,,COUNTER,456488.695288469,6427.093693354,0.0,DIVERGENT,-1.0,2.5056332607628673,1295.967040512703,1254.306998862,0.0012465050187786548,1254.306998862,0.0012465050187786548,0.0,EXPOSED,False,True,0.012465050187786549,,,32332.799433778022,0.03213168450940146,30.0
69,50,72,77,13,Data Universe,2026-09-28,9168444,0.004739614,0.004749976098537445,-0.002181505406024255,IN BAND,False,True,4.481e-06,18394.950908154,2261964.015167615,1.0,3881107.401309441,971770.996671533,-0.0029832593986156373,6828.667392669711,ACCUMULATING_PRE_EMA,0.0,,,,0.0006401793654572884,-6.823125691404217,-0.026541649106628432,-7.01451058882212,-0.21792654652453225,-0.19138489741790382,1.1618221962763016,0.19202507678336111,1,0.31585233740889074,MINER_BURN_ONLY,2287.007709685946,2276.2870871178525,0.0036316472114137355,0.008132291577057166,0.7158130550414372,5HBswBt1...,9754.647716889,,,,False,1907637,0.7063571067583503,77,5D4aUZhf...,0.179995422293431,0.5247317466731253,0.4302824343399264,0.053455616425813736,,COUNTER,691537.855115689,0.0,0.0,DIVERGENT,-1.0,1.7564390265799668,1295.967040512703,93697.039216446,0.0414228690589947,93697.039216446,0.0414228690589947,0.0,FORTRESS,True,True,0.41422869058994694,,,11006.442174758,0.004865878546676352,30.0
70,48,47,11,67,Harnyx,2026-09-28,9168444,0.003705133,0.003752553602680564,-0.012636888823304144,IN BAND,False,False,0.00020305,2740.889051432,966638.020805195,1.0,739754.584382082,69038.784411571,0.00015566218436049352,7312.106129062711,,0.0,,0.04201257670385746,0.04201257670385746,0.1946869756443473,-3.982215647942095,-0.15374881401686707,-4.073593188976351,-0.24512635505112304,-0.09137754103425597,2.7187012546960605,0.2860645166786033,1,0.007010761830831422,MINER_BURN_ONLY,55.496010508039035,53.24377887608665,0.0007629510948348184,0.002835486492812357,-0.23471397846923264,5HEAv3TU...,1094245.925465405,,,,False,7236936,0.007620065663892506,246,5HGnF3Wr...,0.0,0.7184652590282353,0.7184652590282353,0.008560833803848561,,COUNTER,280684.126025065,6279.314248273,0.0,DIVERGENT,-1.0,0.04108420755440096,1295.967040512703,522.283347221,0.0005403091291463436,522.283347221,0.0005403091291463436,0.0,NEITHER,False,True,0.0054030912914634355,,,27918.614298866985,0.028882181021196742,30.0
71,51,38,78,77,Liquidity,2026-09-28,9168444,0.005078705,0.005098197842016816,-0.003823476965951696,IN BAND,False,False,0.000632856,11659.443773785,3350951.395189411,1.0,2295751.17679421,410065.914235863,-0.006935415302332664,5875.831060645636,ACCUMULATING_PRE_EMA,0.0,,,,0.142643645809194,-2.5769243274632787,-0.0465189697524123,-2.7787795646141653,-0.24837420690329887,-0.20185523715088657,0.7842548846792371,0.3444988829600806,1,0.0,,0.0,0.0,6.103608758678547e-05,0.0034794428204847046,-0.31489566326756435,5GxxsUeY...,2665820.052859847,,,,False,5128460,0.5139247073903954,42,5E7F9Awq...,,6.2449606641828925,6.2449606641828925,0.0,,COUNTER,140886.89655137,14115.257752168,0.0,OK,0.0,0.0,1295.967040512703,369577.913917543,0.11029044302107903,369577.913917543,0.11029044302107903,0.0,DORMITORY,True,True,1.1029044302107902,0,,11202.850611409001,0.003343185051114645,30.0
72,43,70,79,92,Available,2026-09-28,9168444,0.001447238,0.0014825223479419947,-0.023800213191373227,IN BAND,False,True,5.52e-06,608.028023673,575268.257471893,1.0,420129.87426367,81336.720627231,-2.6195570558567144e-05,,,,,,,0.02385837401435577,-7.452596926904052,-0.2895692604950409,-7.428738552889696,-0.26571088648068514,0.02385837401435577,4.5683035103469125,,,,,,,0.0,0.0010569469387118194,-0.26967994295905756,5E9LPDS2...,811073.380988957,,,,True,8352006,0.0,1,5E2LP6En...,0.0,0.8124084575948544,0.8124084575948544,0.22969756157109286,,,230975.114966036,0.041020142,,NO_ESTIMATE,,,,47368.95849223,0.08234238179662537,47368.95849223,0.08234238179662537,0.0,,False,True,0.823423817966255,,,43720.27702729496,0.07599980784517923,30.0
73,44,80,80,122,CookingTAO,2026-09-28,9168444,0.003881732,0.003977826796472073,-0.02415761203009109,IN BAND,False,True,1.638e-06,1314.107868506,805711.076882519,1.0,338536.435212845,50051.215663581,0.0003625880589275153,,,,,,0.0934088337184317,0.003275731089635695,-2.393528302873267,-0.2939176130327749,-2.390252571783631,-0.2906418819431392,0.003275731089635695,3.2617151177421255,,,,,,,1.5259021896696368e-05,0.00163099143875567,-0.5798289426586714,5F3uH1G4...,441179.107090658,,,,False,8238082,1.0,0,5CfPqfaz...,0.179995422293431,2.5905356880665864,2.1242511229268373,0.33557139151267296,,,384545.73775029,4689.8056909,,NO_ESTIMATE,,,,128914.234130374,0.16000057319451627,128914.234130374,0.16000057319451627,0.0,,False,True,1.600005731945163,0,,38510.747639653,0.04779721756918115,30.0
74,114,114,81,109,Finsight,2026-09-28,9168444,0.002295804,0.0023522027768194675,-0.023977004608304806,IN BAND,False,True,0.0,1253.204089065,1670796.83649953,1.0,545867.100704725,70480.967586478,-0.000708007104294364,12221.883193537942,ACCUMULATING_PRE_EMA,0.0,,,,,-2.3725096145616704,-0.29172022273437515,-2.3725096145616704,-0.29172022273437515,,1.5729021880996,-0.915627906963191,1,0.4510025167294306,MINER_BURN_ONLY,3247.2181204519,3247.2181204519,0.0,0.0007500637191117596,-0.6732893055714861,5FqZqKFx...,715199.070526366,,,,False,7257480,1.0,0,5DyQkk4x...,0.179995422293431,2.1026692983646167,1.7241984500620453,0.3957087046758637,,COUNTER,765812.207877453,1308.746301495,0.0,DIVERGENT,-1.0,2.505633259907022,1295.967040512703,220298.9168258,0.1318526059023107,220298.9168258,0.1318526059023107,0.0,FORTRESS,False,True,1.3185260590231114,0,,23947.62642511501,0.014333057079092541,30.0
75,53,12,82,44,Score,2026-09-28,9168444,0.033843076,0.033890653401613235,-0.0014038502311959267,IN BAND,False,False,0.004728387,64177.920587775,4171953.086915845,1.0,1896338.299519625,2284101.257609116,-0.0010141890605900883,3741.6486471639946,ACCUMULATING_PRE_EMA,0.0,,,,0.19362112268821338,-1.3593716518165833,-0.017080177812883773,-1.63685545601385,-0.2945639820101506,-0.2774838041972668,0.6299207937505292,0.4711049268854802,1,0.0007195880807401449,MINER_BURN_ONLY,5.904903029964771,5.904903029964771,0.0,0.015383183667393326,-0.5454555115677627,5CaCekux...,293522.665164885,,,,False,3550319,0.0,124,5FLoWCDo...,0.179995422293431,0.47121576930422104,0.3863990879169838,0.00965969784831375,,COUNTER,508163.03998062,2206.282255223,0.0,OK,-1.0,0.0045563682141396954,1295.967040512703,245862.449528441,0.058932218173670094,245862.449528441,0.058932218173670094,0.0,DORMITORY,True,True,0.5893221817367009,,,20837.488933666988,0.004994660414331575,30.0
76,115,115,83,84,SN84,2026-09-28,9168444,0.002553715,0.0026191603392362595,-0.024987145023486174,IN BAND,False,True,0.0,1505.318539935,881466.987894612,1.0,589462.101725441,70922.761743265,-0.004139727322791386,21573.92304338864,ACCUMULATING_PRE_EMA,0.0,,,,,3.3395026631480973,-0.3040102644524151,3.3395026631480973,-0.3040102644524151,,2.981393558795651,-5.5274086727384795,1,0.4510025167263888,MINER_BURN_ONLY,3247.2181204299995,3247.2181204299995,0.0,0.0017077423892305488,-0.3312713481220305,5FRdKaxK...,969643.377798141,,,,False,8085297,1.0,0,5DvbToTj...,0.179995422293431,2.3737624206826626,1.9464960513476097,1.0,,COUNTER,72954.874774305,61159.068233539,0.0,DIVERGENT,-1.0,2.505633259890123,1295.967040512703,660.436412233,0.0007492469046520454,660.436412233,0.0007492469046520454,0.0,EXPOSED,False,True,0.007492469046520453,,,12724.532978525998,0.014435631910525208,30.0
77,52,85,84,127,Astrid,2026-09-28,9168444,0.002304683,0.002318721264600754,-0.006054313131583268,IN BAND,False,True,2.47e-07,3019.057327122,2976847.483308936,1.0,1309966.26762927,601205.957201154,-0.0011311304522673383,5973.540030157892,ACCUMULATING_PRE_EMA,0.0,,,,0.00021500618559594815,-3.2929771698439043,-0.07366080976759642,-3.5439350769361475,-0.3246187168598398,-0.25095790709224336,0.8828131151276947,0.2511729132778393,1,0.3184853787474316,MINER_BURN_ONLY,2293.385767937172,2293.3407233045336,1.5259021896585345e-05,0.001014179377361364,-0.5599484278916607,5FU4uxAd...,1536308.250906655,,,,False,5848837,0.8825037385174108,0,5EKrpcqV...,0.179995422293431,0.9052246783652781,0.7422883801124845,0.5845045704955059,,COUNTER,1280350.324472231,203.185912805,0.0,DIVERGENT,-1.0,1.7695980311329949,1295.967040512703,5535.674552263,0.0018595761399605806,5535.674552263,0.0018595761399605806,0.0,EXPOSED,True,True,0.018595761399605806,,UNDEFENDED_BURNER,13949.66906935,0.0046860543402257706,30.0
78,54,52,85,1,Apex,2026-09-28,9168444,0.006631917,0.0066447926219552755,-0.0019377010973574374,IN BAND,False,False,0.000111737,23143.766704405,2517918.190758712,1.0,3489755.079325659,839137.671522905,-0.002493990990679855,5919.672666841652,ACCUMULATING_PRE_EMA,0.0,,,,0.012687858452362899,-2.2569013791227794,-0.023575363351182155,-2.5636012586516688,-0.33027524288007154,-0.3066998795288894,1.0437193748570988,0.3193877379812523,1,0.24965661384463736,MINER_BURN_ONLY,1827.903196661966,1827.8131073966879,3.0518043793392735e-05,0.009191627746027444,0.3859684531678312,5HCFWvRq...,13012.402478253,,,,False,1497824,0.5210352036378618,226,5CAQAgXx...,0.0899977111467155,0.4354730822011927,0.39628150153707986,0.03392287619599884,,COUNTER,907320.095080019,0.0,0.0,DIVERGENT,-1.0,1.4103854884099358,1295.967040512703,192837.392404166,0.07658604362600806,192824.591394465,0.0765809596603145,12.801009700982831,FORTRESS,True,True,0.7658095966031451,,,10188.124595323,0.004046249251749145,30.0
79,55,54,86,79,MVTRX,2026-09-28,9168444,0.003008925,0.0030159177258610725,-0.0023186063071651214,IN BAND,False,True,9.0806e-05,6886.786130057,2939178.57621453,1.0,2288785.63973724,489295.436489832,-0.0051205686723918425,4306.880457525607,ACCUMULATING_PRE_EMA,0.0,,,,0.03465160141368073,-2.46885451482326,-0.028209710070508976,-2.799344261877101,-0.35869945712435025,-0.33048974705384127,0.8941273664918626,0.365141348467522,1,0.0,,0.0,0.0,0.0014801251239795477,0.002343098914026085,-0.2212837096218467,5Fxp7QBG...,3271597.214757594,,,,False,5173967,0.0,0,5EWwdZB7...,0.179995422293431,0.32934556012798644,0.27006486695228293,1.0,,COUNTER,444229.939659842,37317.847662374,0.0,DIVERGENT,1.0,0.0,1295.967040512703,1355085.827207694,0.46104235998921717,1355085.827207694,0.46104235998921717,0.0,DORMITORY,True,True,4.610423599892171,0,,12206.760390722993,0.004153119680956746,30.0
80,56,59,87,32,ItsAI,2026-09-28,9168444,0.002746425,0.0027510374784469604,-0.0016766323552831074,IN BAND,False,True,6.3553e-05,6903.695352967,3599303.766487245,1.0,2513702.459296204,307231.921148832,-0.0011755096356559623,3768.877351688221,ACCUMULATING_PRE_EMA,0.0,,,,0.024192447010023557,-1.0562830574345954,-0.020399026989277806,-1.4299232931416623,-0.3940392626963448,-0.373640235707067,0.7301412079939025,0.39783268271709055,1,0.0,,0.0,0.0,0.012863355458915038,0.001918064103743233,-0.3016142426087612,5DWgkCSv...,83288.74618014,,,,False,2515294,0.0,82,5E7sa41c...,0.013550011444266423,0.25319114670141,0.249760403766019,0.8517998565608167,,COUNTER,17419.272873098,0.0,0.0,OK,0.0,0.0,1295.967040512703,634410.218859858,0.17625914899619968,634410.218859858,0.17625914899619968,0.0,DORMITORY,True,True,1.7625914899619968,0,,11953.521091163997,0.0033210648132736193,30.0
81,116,116,88,87,Provenonce,2026-09-28,9168444,0.004759481,0.004919581348076463,-0.03254349033969345,IN BAND,False,True,0.0,1805.788890342,1902529.860092388,1.0,379408.702737652,113315.061643541,-0.0004810604927689679,-4065.5976911261096,,0.0,,,,,7.659507948499096,-0.3959457991329369,7.659507948499096,-0.3959457991329369,,1.3813186616016544,2.3329513220193,1,0.4510025167322278,MINER_BURN_ONLY,3247.21812047204,3247.21812047204,0.0,0.0009491514053053075,-0.8005767004206326,5HartH15...,4256.008608768,0.0016024689836615998,,,False,7208725,1.0,1,5E2LP6En...,0.0,0.5444771499850058,0.5444771499850058,0.38408362582023503,,COUNTER,786295.277485081,811.040088965,0.0,DIVERGENT,-1.0,2.5056332599225626,1295.967040512703,167952.336205562,0.08827842323452738,167952.336205562,0.08827842323452738,0.0,FORTRESS,False,True,0.8827842323452751,,,24437.432008894993,0.012844703529493249,30.0
82,117,117,89,24,Quasar,2026-09-28,9168444,0.004409914,0.004560607951134443,-0.033042513794012573,IN BAND,False,True,0.0,9095.260256488,3956905.623790756,1.0,2062457.245632791,1596888.457301995,-0.003987432863262727,57725.9305439617,ACCUMULATING_PRE_EMA,0.0,,,,,-3.6899222612713625,-0.4020172511604863,-3.6899222612713625,-0.4020172511604863,,0.6641553400210615,-4.528180456917121,1,0.45100251672999647,MINER_BURN_ONLY,3247.2181204559747,3247.2181204559747,0.0,0.0022985790213956754,-0.4787701026832552,5ELutYW7...,332164.70810803,,,ENTRY_REPEATED,False,2538424,1.0,155,5ELpkVn8...,0.179995422293431,3.243830504616911,2.659955863090077,0.0,,COUNTER,720503.756185067,0.0,0.0,DIVERGENT,-1.0,2.5056332599101663,1295.967040512703,700000.000065042,0.17690591250302173,0.0,0.0,700000.000065042,EXPOSED,True,False,1.1699928344505024,0,TAKEOVER_IMMINENT,14545.827678681995,0.0036760613119569286,30.0
83,118,118,90,46,Instant,2026-09-28,9168444,0.003421891,0.0035404020454734564,-0.033473894758641216,IN BAND,False,True,0.0,8325.958879742,3431004.458000123,1.0,2433145.216075645,1474978.709669441,-0.006844200137852545,40022.894629583694,ACCUMULATING_PRE_EMA,0.0,,,,,-4.6051881929816165,-0.40726571956346813,-4.6051881929816165,-0.40726571956346813,,0.7659564515785615,-3.3730678024361134,1,0.4510025168651676,MINER_BURN_ONLY,3247.218121429207,3247.218121429207,0.0,0.002426682617776331,-0.2908357929062232,5Ft9E2ov...,671577.675463327,,,ENTRY_REPEATED,False,3919107,1.0,238,5CDnZ6oe...,0.179995422293431,1.9392772083985377,1.5902161883288168,0.2087288264916832,,COUNTER,1059347.109644937,28041.129768459,0.0,DIVERGENT,-1.0,2.5056332606611362,1295.967040512703,170821.858876064,0.04978771114032108,170821.858876064,0.04978771114032108,0.0,FORTRESS,True,True,0.497877111403213,,,10640.647171497,0.0031013212899464607,30.0
84,119,119,91,94,Cathedral,2026-09-28,9168444,0.004344945,0.004500197013840079,-0.03449893712711045,IN BAND,False,True,0.0,2255.552725181,1993038.023975062,1.0,519121.12639061,127422.543826622,-7.290167659344193e-05,27016.870597127883,ACCUMULATING_PRE_EMA,0.0,,,,,6.461551687974678,-0.41973706837984376,6.461551687974678,-0.41973706837984376,,1.3185899959693308,-3.4461889962509424,1,0.4510025167272155,MINER_BURN_ONLY,3247.2181204359513,3247.2181204359513,0.0,0.0011317158519045007,-0.7395327554423587,5CnwnkkC...,850039.265989409,,,,False,6962737,1.0,0,5EeKtCKE...,0.179995422293431,1.776823723963145,1.457003587427412,0.40177018159621547,,COUNTER,819089.135165434,0.075116968,0.0,DIVERGENT,-1.0,2.5056332598947155,1295.967040512703,273.723032556,0.00013733959375750727,273.723032556,0.00013733959375750727,0.0,EXPOSED,False,True,0.0013733959375750726,,,19773.077706506003,0.009921073992893081,30.0
85,58,73,92,123,MANTIS,2026-09-28,9168444,0.002313549,0.0023192856460809708,-0.002473453880363761,IN BAND,False,True,2.692e-06,5649.933707938,2013008.082763555,1.0,2442106.366772381,551954.042980278,-0.0026115959502149458,5466.396364192944,ACCUMULATING_PRE_EMA,0.0,,,,0.001252152036768222,-2.3495240434211877,-0.03009368887775909,-2.775359262157058,-0.45592890761362964,-0.42583521873587055,1.3055089159861466,0.42708737077263875,1,0.20926456590607775,MINER_BURN_ONLY,1514.404121508007,1508.4582299996528,0.0020141908903639205,0.00280671188373049,0.21316293008295498,5HVuEdEG...,1676385.10931657,,,,False,5794330,0.48898368576365003,158,5Dszzjqs...,0.179995422293431,4.887391855997017,4.007683694963359,0.0,,COUNTER,320093.445507319,8560.983387542,0.0,DIVERGENT,-1.0,1.1639634210163903,1295.967040512703,350656.879907587,0.17419546543806633,350656.879907587,0.17419546543806633,0.0,FORTRESS,True,True,1.7419546543806632,0,,13042.973590934002,0.006479344868316661,30.0
86,59,32,93,14,Cacheon,2026-09-28,9168444,0.008842009,0.008854188723489642,-0.0013755888732448654,IN BAND,False,False,0.001246198,24667.71134022,3217125.53765966,1.0,2789830.962096443,2663566.886952622,-0.012349965626037119,3911.4373489599675,ACCUMULATING_PRE_EMA,0.0,,,,0.1327649857269163,-0.8327810690173105,-0.01673633129114586,-1.2951502530576735,-0.47910551533150886,-0.462369184040363,0.8168782875385624,0.5951341697672793,1,0.0,,0.0,0.0,0.00015259021896696368,0.007667624732532151,-0.13281871432927164,5CKhH8nK...,1701049.861992255,,,,False,4848444,0.02653948874475398,4,5E2LP6En...,0.0,0.42951805995409725,0.42951805995409725,0.20475492888970273,,COUNTER,1226611.25981397,526.080568229,0.0,OK,0.0,0.0,1295.967040512703,56459.055495575,0.017549534463192528,50513.226997179,0.015701354021119582,5945.828498395997,DORMITORY,True,True,0.1570135402111967,,,17127.158010227013,0.005323745626254419,30.0
87,120,120,94,76,Ormas,2026-09-28,9168444,0.005760355,0.0060042934492230415,-0.04062733630292625,IN BAND,False,True,0.0,499.256102478,71349.583341202,1.0,86671.065647819,8726.193515732,,5714.492825969355,,,,,,,-7.199255919715807,-0.4942992583522693,-7.199255919715807,-0.4942992583522693,,36.83273085748235,12.187959258834367,1,0.45100251673708325,MINER_BURN_ONLY,3247.218120506999,3247.218120506999,0.0,0.0069973233072784646,0.21473820750256964,5CLWmDjL...,512948.906380967,,,ENTRY_REPEATED,True,9003844,1.0,0,5CqaQ34d...,0.179995422293431,3.1487009242671995,2.5819491717280085,0.49898524407550393,,COUNTER,12494.819724891,0.0,0.0,DIVERGENT,-1.0,2.505633259949538,1295.967040512703,0.0,0.0,0.0,0.0,0.0,EXPOSED,False,,,,,16084.42205432,0.225431198068844,30.0
88,60,87,95,2,DSperse,2026-09-28,9168444,0.003063413,0.003066019853577018,-0.0008502402794216698,IN BAND,False,True,1.15e-07,7735.800828362,3324317.738617908,1.0,2525222.975194165,712237.355413198,-0.002026472196230547,3560.865401427727,ACCUMULATING_PRE_EMA,0.0,,,,3.9067706977661794e-05,-0.7326022534159298,-0.010344590066296983,-1.2228267080809145,-0.5005690447312818,-0.4902244546649848,0.7905381514742319,0.49026352237196247,1,0.36653713139718974,MINER_BURN_ONLY,2640.2482241310645,2639.167152947727,0.0003662165255207128,0.002327034127483306,-0.24037858183558472,5EcYQ3W7...,2971039051451924.0,,,,False,2734060,0.8164888339362855,14,5CFxLBvp...,0.179995422293431,0.6360810383034039,0.5215893632011387,0.9377556003174022,,COUNTER,754954.165615489,0.159820748,0.0,DIVERGENT,-1.0,2.0364461984339006,1295.967040512703,1144508.261830867,0.3442836551197716,1144508.261830867,0.3442836551197716,0.0,FORTRESS,True,True,3.442836551197716,0,,11051.360285649,0.0033243995173107685,30.0
89,57,33,2,69,Herald,2026-09-28,9168444,0.006195992,0.006251730723306537,-0.008915726824052414,IN BAND,False,False,0.001237969,3859.79355139,1340379.326353344,1.0,622949.998685226,80185.271118852,0.0011393261345515797,5035.06172637688,,0.0,,0.18388115003240477,0.18388115003240477,0.842890296769469,-6.71253012158073,-0.10847467635930436,-7.124567296777224,-0.5205118515557989,-0.4120371751964945,1.96063901339763,1.2549274719659635,1,0.0,,0.0,0.0,0.0,0.002879627785584408,-0.5352434629379108,5HBPFVcJ...,572323.637282769,,,,False,8138182,1.0,1,5E2LP6En...,0.0,0.5851094000387929,0.5851094000387929,0.4925609998016267,,COUNTER,382933.064009199,4110.268380516,0.0,OK,0.0,0.0,1295.967040512703,485.813350565,0.00036244467593118663,485.813350565,0.00036244467593118663,0.0,NEITHER,False,True,0.003624446759311866,,,20927.013163097003,0.01561275435367341,30.0
90,61,28,96,62,Ridges,2026-09-28,9168444,0.010668027,0.010677832178771496,-0.0009182742908236883,IN BAND,False,False,0.001595415,30002.364900837,2791997.993023084,1.0,2812363.016569443,4395370.038460327,-0.02595581615076601,3601.381909056101,ACCUMULATING_PRE_EMA,0.0,,,,0.1397473377134691,0.34125409430011816,-0.01117233720502154,-0.2467461951720717,-0.5991726266772114,-0.5880002894721899,0.9412614215938199,0.7277476271856589,1,0.04148941624364874,MINER_BURN_ONLY,344.02890171000035,343.3982768530537,0.00021362630655374915,0.01074584042531901,0.0072940784007211835,5DhsVYew...,12984.378589533,,,ENTRY_REPEATED,False,4474225,0.32429297477144725,181,5DNz7cGz...,,9.909508992677742,9.909508992677742,0.0,,COUNTER,192200.766924439,170981.9854291,0.0,DIVERGENT,-1.0,0.2649745449677489,1295.967040512703,147914.372862306,0.05297796532516456,147914.372862306,0.05297796532516456,0.0,FORTRESS,True,True,0.5297796532516469,,,15406.009002478,0.005517915500289052,30.0
91,62,86,97,20,Witness,2026-09-28,9168444,0.002273788,0.002276450162753463,-0.0011694359916242058,IN BAND,False,True,1.7e-07,6381.02306264,3196645.269892469,1.0,2806339.550754466,288400.506715217,-0.0009316292818717833,2706.894948821049,ACCUMULATING_PRE_EMA,0.0,,,,7.001385132357812e-05,-6.071276744919587,-0.014228137898094503,-6.678920414352638,-0.6218718073311458,-0.6076436694330513,0.8221118635688978,0.6077136832843748,1,0.32804041733241385,MINER_BURN_ONLY,2362.1132408510894,2362.0681962184503,1.5259021896696368e-05,0.0019961623902218745,-0.12209828259192398,5CFVA7aP...,1497046.907852424,,,,False,1970929,1.0,240,5ED4s3B3...,0.179995422293431,0.9582448547170134,0.7857651674317171,0.6040957714669393,,COUNTER,1431084.56240948,0.0,0.0,DIVERGENT,-1.0,1.822629837317454,1295.967040512703,515489.456754627,0.1612595121547432,509447.651811781,0.1593694666749552,6041.804942846007,FORTRESS,True,True,1.5936946667495544,0,,10475.244837524002,0.003276949411992897,30.0
92,63,64,98,7,Allways,2026-09-28,9168444,0.002436584,0.002439551055431366,-0.0012162301029774681,IN BAND,False,True,2.9542e-05,5557.922155974,3077968.0400657,1.0,2281029.874638815,328563.383757174,-0.001063203871299582,2045.133347704541,ACCUMULATING_PRE_EMA,0.0,,,,0.013968597224153563,-0.8946515583870804,-0.014797466252892529,-1.504552561128006,-0.6246984689938181,-0.6099010027409255,0.8538100349943545,0.6238695999650791,1,0.0,,0.0,0.0,3.0518043793392735e-05,0.0018057114575677545,-0.25891680419482577,5CAc19iE...,,,,,False,2627691,1.0,26,5DCaForB...,,0.26858806199538965,0.26858806199538965,0.007263737772962415,,COUNTER,36084.978602376,225749.608453492,778.2439214509795,DIVERGENT,-1.0,0.0,1295.967040512703,3211.260531444,0.001043305352636298,3211.260531444,0.001043305352636298,0.0,NEITHER,True,True,0.010433053526362979,,,12535.456299954996,0.004072640175850371,30.0
93,121,121,99,116,for sale,2026-09-28,9168444,0.001879679,0.001981551991775632,-0.051410708474192206,IN BAND,False,True,0.0,804.667662399,643046.527756448,1.0,428087.792349421,114087.503606645,0.0001614247536338362,17974.486442700436,,0.0,,,0.08587889402064726,,-4.42450090434842,-0.6254969531026718,-4.42450090434842,-0.6254969531026718,,4.086796035069094,-5.564227021526478,1,0.45100251693666604,MINER_BURN_ONLY,3247.2181219439954,3247.2181219439954,0.0,0.0012513366104416096,-0.3342817521280976,5F48aA3P...,107643.176591604,,,ENTRY_REPEATED,False,8294730,1.0,0,5CXN6pP6...,0.179995422293431,10.009793907281832,8.208076825870426,0.0,,COUNTER,268689.669424958,1764.319155568,0.0,DIVERGENT,-1.0,2.5056332610583594,1295.967040512703,30.45052749,4.7353536914723916e-05,30.45052749,4.7353536914723916e-05,0.0,EXPOSED,False,True,0.0004735353691472392,,,36111.230302430995,0.05615648128669784,30.0
94,64,56,100,125,Refinery,2026-09-28,9168444,0.002808775,0.002816408174112439,-0.0027102513700255,IN BAND,False,True,6.9638e-05,5500.473514284,2524501.086493017,1.0,1958317.417955399,243493.651622995,-0.00024021262101779379,3677.542105935747,ACCUMULATING_PRE_EMA,0.0,,,,0.033271438090693606,-2.3774666613594126,-0.032974725001976915,-3.002099855735732,-0.6576079193782962,-0.6246331943763193,1.0409977694447188,0.6579046324670128,1,0.0,,0.0,0.0,0.0,0.0021788358672980967,-0.224275398599711,5DTzv2rL...,22031.4396528,,,,False,5834408,1.0,133,5G9hfkx9...,0.009994659342336155,0.5926710609914383,0.5867475156347679,0.02969586913064046,,COUNTER,1305773.13013795,0.0,0.0,OK,0.0,0.0,1295.967040512703,226023.662897553,0.08953201252590477,226023.662897553,0.08953201252590477,0.0,DORMITORY,True,True,0.8953201252590477,,,12440.543351287999,0.004927921567492821,30.0
95,65,44,101,48,Quantum Compute,2026-09-28,9168444,0.004010041,0.00401241728104651,-0.00059223178449929,IN BAND,False,False,0.000268203,10495.521709125,3321440.749525499,1.0,2617310.040264661,692787.424622416,-0.0027008449742481964,1835.5684706107713,ACCUMULATING_PRE_EMA,0.0,,,,0.06715602173326947,0.0033289992926192977,-0.007205486711408028,-0.6694853853139896,-0.680019871318017,-0.6728143846066089,0.7912229054139942,0.7399704063398784,1,0.0,,0.0,0.0,4.57770656900891e-05,0.003159930433991451,-0.21199547984884667,5GNH5YMk...,32654.620220404,,,,False,3856677,0.9900048831105415,22,5DGAkpbg...,0.179995422293431,19.880617182156282,16.302197097000022,0.0,,COUNTER,695492.461656953,0.0,0.0,OK,0.0,0.0,1295.967040512703,101862.559282014,0.03066818497261048,101862.559282014,0.03066818497261048,0.0,DORMITORY,True,True,0.30668184972610485,,,9894.850447863004,0.0029790838356145845,30.0
96,66,57,102,128,ByteLeap,2026-09-28,9168444,0.002790115,0.002795708831399679,-0.002000863372055268,IN BAND,False,True,6.7668e-05,4026.268088563,2985969.139892709,1.0,1443047.189186882,91642.414385343,-0.00022424396803000932,2233.753695574822,ACCUMULATING_PRE_EMA,0.0,,,,0.044167824915868716,-0.271560145456735,-0.02434383769333909,-0.9600022007664404,-0.7127858930030445,-0.6884420553097054,0.880116262720126,0.732609880225574,1,0.0,,0.0,0.0,9.15541313801782e-05,0.0013483957468856062,-0.516723953354752,5GgMeLFN...,950279.720136397,,,,False,5856038,1.0,96,5HQTcjYx...,,4.961728790880844,4.961728790880844,0.0,,COUNTER,186014.794503201,289.843039317,0.0,OK,0.0,0.0,1295.967040512703,3774.578729209,0.0012641050702033134,3774.573941721,0.0012641034668752897,0.00478748799969253,NEITHER,True,True,0.012641034668752897,,,13732.385845385,0.004598971121944827,30.0
97,67,65,103,98,NeverPlayAlone,2026-09-28,9168444,0.002128191,0.0021308313589543104,-0.0012391215021379995,IN BAND,False,True,2.3303e-05,4538.378150584,2796693.137260681,1.0,2132504.927982213,207893.581149857,-0.001032365332540136,2248.60649619624,ACCUMULATING_PRE_EMA,0.0,,,,0.01349386982927361,-8.143650419181817,-0.015075978276012326,-8.896472813566948,-0.7678983726611441,-0.7528223943851318,0.9396812131394889,0.7663162642144054,1,0.0,,0.0,0.0,0.0,0.0016227658623388596,-0.23749049669937547,5EWzZCNs...,1512484.457408574,,,,False,5445992,1.0,153,5E2LP6En...,0.0,0.4386398613845493,0.4386398613845493,0.2033815540499298,,COUNTER,1255490.393926426,0.181595662,0.0,OK,0.0,0.0,1295.967040512703,412287.782596672,0.14741974266097055,412287.782596672,0.14741974266097055,0.0,DORMITORY,True,True,1.4741974266097075,0,,12939.723726298003,0.004626794249930569,30.0
98,70,7,104,4,Targon,2026-09-28,9168444,0.053614111,0.05358440219424665,0.0005544301053439598,IN BAND,False,False,0.007228669,135544.4627611,3795833.689117846,1.0,2528149.053542788,2333772.370970099,-0.0046476622979413,-472.98476545047015,,0.0,,,,0.14015284538389822,-1.0472145302868732,0.006745566281684844,-1.829855399838004,-0.775895303269446,-0.7826408695511309,0.6923380251179415,0.922793714935029,1,1.7242845263170395e-06,MINER_BURN_ONLY,0.059133347938768566,0.014088715299720889,1.5259021896696368e-05,0.035708746447371514,-0.3339673869185015,5CXGPMnq...,,,,,False,1411451,0.08093508713034447,32,5HEj6CFU...,0.179995422293431,14.204383866578203,11.64765979409546,0.0,,COUNTER,560686.215008262,0.0,0.0,OK,-1.0,1.0871198772267536e-05,1295.967040512703,183019.057563734,0.04821577354361585,183019.057563734,0.04821577354361585,0.0,DORMITORY,True,True,0.4821577354361585,,,16026.713326044997,0.004222185332300376,30.0
99,68,84,105,43,Graphite,2026-09-28,9168444,0.003960686,0.003962341230362654,-0.0004177404888731697,IN BAND,False,True,4.52e-07,12297.758961887,2993373.742243946,1.0,3104956.774997042,159044.009650607,-0.0008349041341164327,1679.159458736889,ACCUMULATING_PRE_EMA,0.0,,,,9.659125729178647e-05,-5.4562478463580995,-0.005082509281290231,-6.231065573237182,-0.7799002361603732,-0.7748177268790829,0.8779391503681568,0.7749143181363747,1,0.35767131268311037,MINER_BURN_ONLY,2575.61792066996,2575.527831404682,3.0518043793392735e-05,0.004108327265765395,0.03727669039287522,5HjMs5JD...,2790525.711168594,,,,False,3408582,0.19997558481986166,1,5Hmi3jtS...,,7.549557187607597,7.549557187607597,0.0,,COUNTER,969814.947401359,0.0,0.0,DIVERGENT,-1.0,1.9873405348223718,1295.967040512703,3451.069241962,0.0011529028912289944,3451.069241962,0.0011529028912289944,0.0,EXPOSED,True,True,0.011529028912289943,,UNDEFENDED_BURNER,11176.26602479901,0.00373366875879016,30.0
100,73,24,106,5,Hone,2026-09-28,9168444,0.012747446,0.012750528287142515,-0.0002417379949364535,IN BAND,False,False,0.001827339,33547.142387958,3257780.604981276,1.0,2631675.468247613,978266.380695327,-0.015845505017582865,302.1224587718025,ACCUMULATING_PRE_EMA,0.0,,,,0.14314920884956814,-0.8141755932390502,-0.002941145605060184,-1.6289758987075413,-0.8177414510735513,-0.8148003054684911,0.8066841566868203,0.9579495143180593,1,0.0,,0.0,0.0,0.005767910276951227,0.010297545002466737,-0.19218759565902566,5GurNtB3...,,,,,False,2491604,0.0,1,5E2LP6En...,0.0,0.4361623987267365,0.4361623987267365,0.06590673258865898,,COUNTER,1488567.694632255,0.0,0.0,OK,0.0,0.0,1295.967040512703,6649.821324041,0.0020412121411347217,6649.821324041,0.0020412121411347217,0.0,NEITHER,True,True,0.02041212141134722,,,15833.616660819991,0.004860246462456606,30.0
101,69,90,107,101,Tag101,2026-09-28,9168444,0.003786758,0.003803767031058669,-0.0044716279729506035,IN BAND,False,True,2e-08,3620.018732991,2548674.948917369,1.0,955967.751809409,167102.673107957,0.0003527464605012477,2608.636031515198,,0.0,,,0.09315262831721692,1.451926188143587e-05,-2.607067639558408,-0.05440480700423234,-3.38250819358819,-0.8298453610340144,-0.7754405540297821,1.0311240360864091,0.7754550732916635,1,0.40712414797658425,MINER_BURN_ONLY,2938.156604625052,2931.3098204639164,0.002319371328297848,0.001420353244547218,-0.6249157605140814,5H8dNvi1...,1413432.186007315,,,,False,5481350,0.9058776746249025,0,5H6Dezn7...,0.179995422293431,1.149560935094831,0.9426452291304055,0.6042362923285873,,COUNTER,931700.802899683,6970.543419914,0.0,DIVERGENT,-1.0,2.2618706562971296,1295.967040512703,13574.61335476,0.005326145399799316,13574.61335476,0.005326145399799316,0.0,FORTRESS,True,True,0.053261453997993154,,,16543.028134211996,0.006490834832130781,30.0
102,74,53,108,89,InfiniteQuant,2026-09-28,9168444,0.003026477,0.0030218318570405245,0.0015371943838148824,IN BAND,False,True,9.1496e-05,6158.13486318,2922248.836151297,1.0,2034753.340087093,188439.960711641,0.00022740814707736934,137.58456630213186,,0.0,,,0.07513955899131873,0.039046154938515466,-1.4842994870556883,0.018702531669747734,-2.454918885838123,-0.9519168671126867,-0.9706193987824345,0.8993073989760457,1.00966555372095,1,0.0,,0.0,0.0,0.0013427939269092803,0.0021073273387938025,-0.3037028403672645,5Dc5NmEU...,110686.14822184,0.0,,,False,5313364,0.0,137,5FFQKsXc...,0.0,0.2389675865960395,0.2389675865960395,0.0009004334289725904,,COUNTER,601037.833009041,0.0,0.0,OK,0.0,0.0,1295.967040512703,6094.632142656,0.0020855965677046315,6094.632142656,0.0020855965677046315,0.0,NEITHER,True,True,0.02085596567704632,,,13985.810147381002,0.004785975093688735,30.0
103,72,66,109,47,GPUForge,2026-09-28,9168444,0.002064412,0.0020897206850349903,-0.012111037238723938,IN BAND,False,True,2.1576e-05,1083.540473188,1558105.50364727,1.0,524866.372987545,54534.662174673,1.9567391779975152e-05,4428.047745588759,,0.0,,,0.0094784334619132,0.052330050794661874,-0.5420750131499784,-0.14735095307114124,-1.3528027943042047,-0.9580787342253674,-0.8107277811542262,1.6866637039971184,0.8630578319488881,1,0.0,,0.0,0.0,0.0,0.0006954217610114393,-0.6631380940377021,5D7yqC9y...,1025380.119051651,,,,False,7340355,1.0,1,5E2LP6En...,0.0,0.6350458417979946,0.6350458417979946,0.23689913016938804,,COUNTER,682725.854146639,52.790049364,0.0,OK,0.0,0.0,1295.967040512703,78530.921812133,0.05040154317426193,1082.01056104,0.0006944398556498199,77448.911251093,NEITHER,False,False,0.5954261862970553,,,23774.937940179,0.01525887552834244,30.0
104,71,49,110,66,conjectures,2026-09-28,9168444,0.003390914,0.0034763719886541367,-0.024582521356473503,IN BAND,False,False,0.000156578,7152.966638155,3772640.326308968,1.0,2109450.718392138,1418883.112709879,-0.005772511456838813,-353.7056016274728,,0.0,,,,0.05752675845083165,-1.6447520402899989,-0.2990873431704276,-2.4299554602268056,-1.0842907631072343,-0.7852034199368066,0.6965943669936732,0.8427301783876383,1,0.0,,0.0,0.0,0.0,0.0018960107562528325,-0.44085554624716744,5CJCRGep...,1195006.408244638,13.065674075906934,BUYBACK_GAMING,,False,4958013,1.0,218,5CsvRJXu...,0.0899977111467155,0.41860981720066087,0.3809358917890564,0.014008850907981077,,COUNTER,876389.726869251,0.0,0.0,OK,0.0,0.0,1295.967040512703,392806.591766313,0.10411980941491514,392806.591766313,0.10411980941491514,0.0,DORMITORY,True,True,1.0411980941491514,0,,19972.029767807002,0.005293913026516102,30.0
105,76,1,3,51,lium.io,2026-09-28,9168444,0.09190853,0.09116249205544591,0.008183606302692397,IN BAND,False,False,0.012958428,162022.737063788,4241503.033946626,1.0,1762869.45419308,2177111.490332464,0.015805744069074572,-7094.00558622973,DISTRIBUTING_PRE_EMA,0.0,,0.17197254780458976,0.17197254780458976,0.2101849987301024,5.374630525781722,0.09956721001609083,4.182147311016925,-1.0929160047487068,-1.1924832147647977,0.6195916822331501,1.4026682134949,1,0.0,,0.0,0.0,0.0006103608758678547,0.03819936842365745,-0.5843762442543968,5FqACMtc...,216.588029224,0.0,,,False,3966206,0.7576761584853806,189,5GP7c3fF...,0.0009918364232852674,0.29988327244042795,0.2995858372880876,0.17035951901361168,,COUNTER,1233976.156315166,47834.295633396,0.0,OK,0.0,0.0,1295.967040512703,518849.588725631,0.12232682249029368,516585.023543277,0.12179291619240123,2264.56518235401,DORMITORY,True,True,1.2179291619240133,0,,15213.934602847003,0.0035869205989205125,30.0
106,75,17,10,110,Green Compute,2026-09-28,9168444,0.016130664,0.01611409173347056,0.0010284331753565772,IN BAND,False,False,0.003436712,8617.15295187,3105950.669497868,1.0,534209.496374606,439459.149775608,0.0008840356011466324,-9147.330432762858,DISTRIBUTING_PRE_EMA,0.0,,0.05480466279296577,0.05480466279296577,1.0481047727068653,11.467424561697072,0.012512603633505022,10.283944413017261,-1.1709675450463053,-1.1834801486798103,0.8461177525478416,2.2315849213866756,1,0.0,,0.0,0.0,0.0,0.00277440109931402,-0.828004532280009,5D53sX6A...,1637051.5530847881,0.0,,,False,5606062,1.0,155,5FmpATto...,0.179995422293431,6.530024430369011,5.354649925438319,0.0,,COUNTER,653602.202903777,0.0,0.0,OK,0.0,0.0,1295.967040512703,9205.92186508,0.0029639626783152678,9205.92186508,0.0029639626783152678,0.0,NEITHER,True,True,0.029639626783152677,,,21362.842904040994,0.006878036767884236,30.0
107,77,18,111,93,Bitcast,2026-09-28,9168444,0.018967544,0.01898337807506323,-0.0008341020760698562,IN BAND,False,False,0.003023063,23975.326374618,3933910.584155873,1.0,1264018.505389673,1147192.691286648,-0.0033716791650470626,-10485.699237170396,,0.0,,,,0.331366065256602,-3.703031264600763,-0.010148241925516584,-5.216352054819547,-1.5234690321443007,-1.5133207902187842,0.6680375529084143,1.8446868554753861,1,0.004799365932344709,SKIN_IN_GAME,40.10795787605457,40.06291324341552,1.5259021896696368e-05,0.006094527534809883,-0.6786865218391014,5EbY1Seb...,2244269.406686367,0.841452074829383,BUYBACK_GAMING,,False,5370681,0.6277352214117862,97,5G9hfkx9...,0.009994659342336155,0.48321042696536853,0.47838090335718486,0.013232600732600732,,COUNTER,1087862.640098747,0.0,0.0,DIVERGENT,-1.0,0.030913527883831105,1295.967040512703,427930.957620956,0.10878004175907831,427930.957620956,0.10878004175907831,0.0,DORMITORY,True,True,1.087800417590783,0,,35415.74812911802,0.009002682539800896,30.0
108,122,122,112,35,SN35,2026-09-28,9168444,0.003484894,0.004060774343088269,-0.14181540130848663,IN BAND,False,True,0.0,499.920398869,99691.508219082,1.0,143453.505487055,8386.736867724,,12391.684042063105,,,,,,,-0.5629705143973093,-1.7254207159199206,-0.5629705143973093,-1.7254207159199206,,26.3613225132948,-15.333510374864039,1,0.0,,0.0,0.0,0.0,0.005014673845342727,0.43897457005657187,5FjUeckL...,782140.058465559,,,,True,9046691,0.0,1,5E2LP6En...,0.0,0.9950860337385994,0.9950860337385994,0.2696504051393954,,COUNTER,0.0,0.11136414,0.0,OK,0.0,0.0,1295.967040512703,0.0,0.0,0.0,0.0,0.0,NEITHER,False,,,,,21635.184285595005,0.21702133583985447,30.0
109,78,19,7,68,NOVA,2026-09-28,9168444,0.020987057,0.020847604610025883,0.006689132520627946,IN BAND,False,False,0.003009595,43890.380885144,3795606.625948926,1.0,2091307.075652167,1705925.164899158,0.0020257665134935203,-12694.565330561018,DISTRIBUTING_PRE_EMA,0.0,,0.09652456337701472,0.09652456337701472,0.18020385106015585,-1.5312882040407951,0.08138444566764,-3.4183896373472837,-1.8057169876388488,-1.8871014333064888,0.6923794425991084,2.0673052843666446,1,0.0,,0.0,0.0,0.0,0.01156346935034953,-0.4490190144168603,5EcdJLAe...,2519709.644338404,0.0,,,False,4972413,0.0,11,5E2LP6En...,0.0,0.1706937180735429,0.1706937180735429,0.16979519580014038,,COUNTER,682309.357738917,6247.123951755,0.0,OK,0.0,0.0,1295.967040512703,542916.779105836,0.14303821038622602,542916.779105836,0.14303821038622602,0.0,DORMITORY,True,True,1.4303821038622622,0,,29348.942052399998,0.00773234556282886,30.0
110,123,123,113,95,Actual,2026-09-28,9168444,0.035186072,0.04244192107580602,-0.1709594875040238,IN BAND,True,True,0.0,24920.553936701,3001373.087566424,1.0,708250.518789744,626797.001416058,-0.0011390409750780188,70828.35157170065,ACCUMULATING_PRE_EMA,0.0,,,,,-3.926493067477469,-2.0800070979656224,-3.926493067477469,-2.0800070979656224,,0.8755992418559457,-7.481622744763512,1,0.4510025167283473,MINER_BURN_ONLY,3247.2181204441004,3247.2181204441004,0.0,0.008303051040184778,-0.7640244969604798,5D5UhUuc...,486568.599722463,,,,False,5403674,1.0,0,5ExqqyEB...,0.179995422293431,2.214458584615189,1.8158661765260646,0.0,,COUNTER,1114711.103737689,14658.86980412,0.0,DIVERGENT,-1.0,2.505633259901004,1295.967040512703,9024.997700073,0.003006956295257067,9024.997700073,0.003006956295257067,0.0,EXPOSED,True,True,0.030069562952570676,,UNDEFENDED_BURNER,17043.389699520012,0.0056785308598002885,30.0
111,124,124,114,36,Epago,2026-09-28,9168444,0.004115895,0.005281607853248715,-0.22071173885650866,DISCOUNT,True,True,0.0,444.174495472,123237.115348287,1.0,107916.85265303,18578.66599361,,11401.113007995154,,,,,,,-32.071429299573154,-2.685326156087522,-32.071429299573154,-2.685326156087522,,21.324744518507014,-9.746642121585348,1,0.0,,0.0,0.0,0.0,0.00360422665052403,-0.12431520956583435,5DCjvVt6...,643832.737242981,,,,True,8884359,0.0,1,5E2LP6En...,0.0,1.0058650973663628,1.0058650973663628,0.3883938108462783,,COUNTER,34545.255833249,0.0,0.0,OK,0.0,0.0,1295.967040512703,55637.037909221,0.4514633254111977,55637.037909221,0.4514633254111977,0.0,DORMITORY,False,True,4.514633254112032,0,,22813.72020532199,0.18512053078203686,30.0
112,79,25,115,34,BitMind,2026-09-28,9168444,0.011875067,0.011844771448522806,0.002557715158022035,IN BAND,False,False,0.001736396,34954.021531032,2810912.104639013,1.0,2943479.901034777,637967.598240221,-0.0033068888932364145,-13634.018760953564,,0.0,,,,0.13055003367634743,0.6642271043115235,0.031118867755934757,-2.150175594516459,-2.7832838310720476,-2.8144026988279824,0.9349278462541954,2.94495273250433,1,0.0,,0.0,0.0,0.0007171740291447293,0.012435117225239925,0.04716185813856251,5DthmKBR...,3013832.973720152,1.9088703253918142,BUYBACK_GAMING,,False,3493948,0.38202418763742974,5,5GegxVFf...,,4.873327000830169,4.873327000830169,0.0,,COUNTER,360066.313645141,70194.435210903,22.773664496999118,OK,-1.0,0.0,1295.967040512703,128733.267754138,0.04579768522170506,128733.267754138,0.04579768522170506,0.0,DORMITORY,True,True,0.45797685221705337,,,10862.605014061,0.0038644413662504095,30.0
113,81,16,1,9,iota,2026-09-28,9168444,0.026038788,0.025583853712305427,0.01778208603013382,IN BAND,False,False,0.003580284,54869.608244027,4074796.694327575,1.0,2107225.865387647,1126667.471150059,0.01301328860220348,-27276.164330100175,DISTRIBUTING_PRE_EMA,0.0,,0.49976552680575914,0.49976552680575914,0.17147901457860773,1.0823410401552283,0.21634871336662814,-2.0358273574002137,-2.901819684188814,-3.118168397555442,0.6449401521451057,3.28964741213405,1,0.0796526979209328,MINER_BURN_ONLY,652.399604865117,652.354560232478,1.5259021896696368e-05,0.013465606350473789,-0.4828635514650763,5Fsbubec...,9949.236362993,0.027312398812585865,,,False,1489797,0.260002441480758,254,5E2LP6En...,0.0,0.30278036937796593,0.30278036937796593,0.32611017854417823,,COUNTER,1205361.103562744,46681.104420658,0.0,DIVERGENT,-1.0,0.5033728018070561,1295.967040512703,566487.003304132,0.13902215148371078,566487.003304132,0.13902215148371078,0.0,FORTRESS,True,True,1.3902215148371075,0,,14160.034227694006,0.003475028397712662,30.0
114,80,91,116,26,Perturb,2026-09-28,9168444,0.002329565,0.0024101855233311653,-0.033449924311111975,IN BAND,False,True,3e-09,1653.477239829,944647.576445711,1.0,709779.212906981,71659.001222884,-0.00014188253281285655,448.5551935050171,ACCUMULATING_PRE_EMA,0.0,,,,4.768133367723496e-06,-17.618915660953125,-0.406974079118529,-20.568078567297984,-3.3561369854633902,-2.9491629063448612,2.781989882288161,2.949167674478229,1,0.4061012939984812,MINER_BURN_ONLY,2924.0692897900008,2923.9341558920837,4.57770656900891e-05,0.0017503641369094494,-0.2486304795489933,5FsVAEPM...,1396948.725307001,,,,False,8123781,0.9161630958920832,136,5FCDcRLj...,,14.804468546130147,14.804468546130147,0.0,,COUNTER,112073.971439767,1668.571827101,0.0,DIVERGENT,-1.0,2.256179412352442,1295.967040512703,34662.069026441,0.036693122271968304,31731.697393541,0.033591043035259005,2930.3716329000017,FORTRESS,False,True,0.3359104303525958,,,29090.447236696986,0.030795026591981967,30.0
115,82,77,117,71,Leadpoet,2026-09-28,9168444,0.004121954,0.0039590459782630205,0.04114830255354927,IN BAND,False,True,2.279e-06,5111.767839264,4573519.395378377,1.0,1240132.004666463,1427763.282592537,-0.0022417272015353455,-39847.40898543317,,0.0,,,,0.001171651801945359,-0.9930640877651333,0.5006376810681827,-4.852816585439542,-3.359114816606226,-3.8597524976744086,0.5746121909214249,3.860924149476354,1,0.3169742961724821,SKIN_IN_GAME,2283.522295258008,2283.477250625369,1.5259021896696368e-05,0.0011176880203961816,-0.7288451010379587,5DwHzMhB...,2854202.385001448,0.39926806788229546,BUYBACK_GAMING,,False,5048438,0.7000030518509477,0,5FNVgRnr...,0.0,0.5079960292968028,0.5079960292968028,0.6456889974057684,,COUNTER,1006467.813840034,0.0,0.0,DIVERGENT,-1.0,1.761987133347151,1295.967040512703,63565.086413894,0.013898505924808726,63565.086413894,0.013898505924808726,0.0,FORTRESS,True,True,0.13898505924808727,,,20691.314080603996,0.004524155752244745,30.0
116,83,83,118,112,for sale,2026-09-28,9168444,0.006464332,0.00617775646969676,0.04638828540894334,IN BAND,False,True,8.52e-07,5760.235332988,2749069.532040462,1.0,891079.783433827,192197.030438975,-0.0010482548438311206,-24839.30211142148,,0.0,,,,0.00038870911873639316,6.620747256854706,0.5643908058088106,2.2054206730853387,-3.8509357779605566,-4.415326583769367,0.9559598145374666,4.415715292888104,1,0.3828438193208616,MINER_BURN_ONLY,2756.8842606849503,2756.8392160523113,1.5259021896696368e-05,0.002095339992623809,-0.6758613275704575,5GQjr3Qt...,1314391.970516617,0.0,,,False,5633022,1.0,0,5C4xjnQk...,0.179995422293431,1.189275052394987,0.9752109871161091,0.601080388207288,,COUNTER,1050639.952819495,0.0,0.0,DIVERGENT,-1.0,2.1272448525864256,1295.967040512703,109192.016768061,0.039719627130352944,109192.016768061,0.039719627130352944,0.0,FORTRESS,True,True,0.3971962713035294,,,13802.199917960997,0.00502068054557954,30.0
117,84,31,119,17,404—GEN,2026-09-28,9168444,0.008948148,0.008819443173706532,0.014593305241443883,IN BAND,False,False,0.00124633,25668.993260967,3221503.225289197,1.0,2868637.468240918,680541.151644093,-0.008483605846616416,-32890.4089519023,,0.0,,,,0.12759967664881497,-0.2701244687076452,0.17755188043756723,-4.967019968036886,-4.519343618891673,-4.696895499329241,0.8157682349562392,4.824495175978056,1,0.0,,0.0,0.0,0.0,0.007968017247185178,-0.10953448163964452,5E7a4a7Q...,892679.266973662,0.9991478276413043,BUYBACK_GAMING,,False,2840556,1.0,106,5CsvRJXu...,0.0899977111467155,0.41109572313609294,0.37409804899164073,0.0031740702873449206,,COUNTER,340475.604612198,0.0,0.0,OK,0.0,0.0,1295.967040512703,552039.159640417,0.17136073473614477,545272.171431751,0.16926016623273796,6766.988208665978,DORMITORY,True,True,1.6926016623273812,0,,37511.80092120102,0.01164419163908599,30.0
118,85,51,4,96,Verathos,2026-09-28,9168444,0.004698263,0.004597012419253588,0.02202530067622756,IN BAND,False,False,0.000113139,2699.252895449,858481.967682573,1.0,574521.46848248,100184.08959893,0.0007914143622985852,-5047.863513668766,DISTRIBUTING_PRE_EMA,0.0,,0.16844828871831677,0.16844828871831677,0.11015243977372545,-5.088686755693712,0.26797449156076864,-10.708032075586463,-5.351370828331983,-5.619345319892751,3.0612174733199673,5.729497759666477,1,0.1351327376940917,SKIN_IN_GAME,998.1873560520471,996.3855707464852,0.0006103608758678547,0.0031442161828226763,-0.33077050330671653,5CGq1JQh...,732326.672671637,1.6872183322216248,BUYBACK_GAMING,,False,7692872,0.3515688220474845,38,5HHTmtVG...,,7.386017712034608,7.386017712034608,0.0,,COUNTER,274677.580633971,7897.141864024,0.0,DIVERGENT,-1.0,0.7688355796088,1295.967040512703,206103.217176781,0.24007867950114994,206103.217176781,0.24007867950114994,0.0,FORTRESS,False,True,2.4007867950115087,0,,29611.444346697997,0.03449279712494432,30.0
119,86,4,9,64,Chutes,2026-09-28,9168444,0.070858133,0.06933107366785407,0.022025612057612873,IN BAND,False,False,0.009575241,203383.801324318,3437139.083378409,1.0,2870295.798044439,5056627.413565105,0.006078987608972017,-44756.07562302565,DISTRIBUTING_PRE_EMA,0.0,,0.08579096501134198,0.08579096501134198,0.1237253566122193,1.751476612143752,0.2679782800342899,-3.935183104459698,-5.41868143656916,-5.68665971660345,0.7645893681488456,5.810385073215669,1,0.0,,0.0,0.0,0.00015259021896696368,0.05917240949249263,-0.1649171804668826,5FRYKhbm...,717881.124694089,0.04212266417305012,,,False,4531295,0.4223120946203739,21,5EUtk2S5...,,14.577800826469549,14.577800826469549,0.0,,COUNTER,274207.517615115,0.0,0.0,OK,0.0,0.0,1295.967040512703,785623.241533015,0.22856894134199995,785622.850063137,0.22856882744789542,0.3914698780281469,DORMITORY,True,True,2.285688274478957,0,,13300.113330778002,0.003869530155208368,30.0
120,87,60,120,60,Bitsec.ai,2026-09-28,9168444,0.004201776,0.004221559735015035,-0.004686356763103879,IN BAND,False,True,6.2922e-05,7146.289643232,4062394.226762456,1.0,1700778.24259614,970342.688113364,0.00042835187573598795,-56015.52611003956,DISTRIBUTING_PRE_EMA,0.0,,,0.10194543348717018,0.023139142723749763,0.5750726146359789,-0.057017340617763854,-5.256756992471479,-5.888846947725222,-5.8318296071074585,0.6469091509354563,5.854968749831208,1,0.15551691278011243,MINER_BURN_ONLY,1136.5350219330285,1136.4899773003895,1.5259021896696368e-05,0.0017591324830449233,-0.5813359676848734,5CXLwkK1...,151625.119485454,0.010966468714968518,,,False,4796992,0.8505050813318278,113,5CXLwkK1...,0.179995422293431,2.4872065119327336,2.0395207254864296,0.0,,COUNTER,695931.698277613,0.0,0.0,DIVERGENT,-1.0,0.8769435809500046,1295.967040512703,1053238.08282442,0.2592653553625698,1053238.08282442,0.2592653553625698,0.0,FORTRESS,True,True,2.5926535536256994,0,,10155.195306975012,0.002499805469413598,30.0
121,88,37,121,85,Vidaio,2026-09-28,9168444,0.005509338,0.005542210070416331,-0.005931220577833859,IN BAND,False,False,0.000839669,13198.441086904,2915621.363574844,1.0,2395648.986831954,1478155.380897274,-0.006693889346863315,-43080.91398897441,,0.0,,,,0.16719020962176534,4.040562785150484,-0.07216318369697862,-2.4513803009786788,-6.564106269826141,-6.4919430861291625,0.9013516064986603,6.6591332957509275,1,0.0,,0.0,0.0,3.0518043793392735e-05,0.0045268021601822086,-0.17834009091796355,5GTPBjA4...,3266959.700196684,1.1312939167967222,BUYBACK_GAMING,,False,5258781,0.9000350968214488,0,5FR392L6...,0.179995422293431,0.32968779810367904,0.2703455036590159,0.999633777886288,,COUNTER,513164.203276716,0.0,0.0,OK,0.0,0.0,1295.967040512703,141580.112877224,0.04855915608453101,141580.112877224,0.04855915608453101,0.0,DORMITORY,True,True,0.48559156084531235,,,20842.542333455003,0.00714857649002131,30.0
122,89,5,122,120,Affine,2026-09-28,9168444,0.049527177,0.047330476343631744,0.04641197017371277,IN BAND,False,False,0.009154068,79378.7135997,2743826.383119517,1.0,1602730.493623778,1530626.240092317,-0.0050901304439632976,-46850.24122739164,,0.0,,,,0.30306475896443497,3.024870906484495,0.5646789704468387,-4.29221653834472,-6.752408474382376,-7.317087444829214,0.9577865480731214,7.6201522037936495,1,0.0,,0.0,0.0,0.0,0.02892993306283927,-0.4158776087149229,5EfNFhH2...,3131467.499342886,0.8271471194065587,BUYBACK_GAMING,,False,5749344,0.0,60,5E2LP6En...,0.0,0.3305815446121893,0.3305815446121893,0.012238109044298293,,COUNTER,185131.03468816,0.0,0.0,OK,0.0,0.0,1295.967040512703,50279.515130013,0.01832459788248304,50279.515130013,0.01832459788248304,0.0,DORMITORY,True,True,0.18324597882483348,,,18211.757755331,0.006637357912793903,30.0
123,90,36,123,105,Beam,2026-09-28,9168444,0.00605255,0.005880069686099887,0.02933303908078606,IN BAND,False,False,0.001019231,4961.46957723,2176149.4281964,1.0,819732.115433733,566803.678358641,-0.0010888053840733777,-66522.52406586579,,0.0,,,,0.5398680826932399,7.012120878140442,0.3568853088162304,-5.594044618489871,-12.249280187814083,-12.606165496630313,1.2076376584939277,13.146033579323552,1,0.0,,0.0,0.0,0.0018616006713969568,0.0022799305566723344,-0.6233107439554676,5G3ic2pA...,2211903.724946789,0.5848259289074603,BUYBACK_GAMING,,False,6841399,0.0,170,5E2LP6En...,0.0,0.6013693718235069,0.6013693718235069,0.0028993468839650857,,COUNTER,452240.813141888,1869.377328683,0.0,OK,0.0,0.0,1295.967040512703,176373.581750323,0.08104847004762078,176373.581750323,0.08104847004762078,0.0,DORMITORY,False,True,0.810484700476212,,,16459.515377792006,0.007563596122824023,30.0
124,91,89,124,45,AlphaRidge.ai,2026-09-28,9168444,0.002633951,0.002547074109315872,0.03410850527135318,IN BAND,False,True,6.8e-08,6503.390820041,3339600.966019066,1.0,2469062.913543056,751473.017071002,-0.0007759101295867152,-121459.03345545148,,0.0,,,,2.7478588469464516e-05,3.7645441703785893,0.414986814134797,-10.939294272156449,-14.28885162840024,-14.703838442535037,0.786920361666046,14.703865921123507,1,0.3471838619457541,MINER_BURN_ONLY,2506.635497998912,2499.7887138377764,0.002319371328297848,0.0019473556530297971,-0.2606712679811442,5FbcZiAH...,1046.828469209,0.0008276643448653837,,,False,3633154,0.8079317253720386,48,5G9hfkx9...,0.009994659342336155,0.34428351434475024,0.3408425179016922,0.007462231039218679,,COUNTER,1099507.085127332,0.0,0.0,DIVERGENT,-1.0,1.9288983714036618,1295.967040512703,111021.179834791,0.03324384588591509,111019.200205241,0.033243253111637526,1.979629549998208,FORTRESS,True,True,0.3324325311163752,,,15065.697007884002,0.004511226688810938,30.0
125,125,125,125,59,SN59,2026-09-28,9168444,0.005122747,0.0,,N/A,False,True,0.0,530.361161239,0.0,0.0,103530.603756369,1.345483354,,,,,,,,,0.0,,0,,,,,,,,,,0.0,,,5GzrQ2fe...,370873.514015615,,,,True,8938771,1.0,0,5FKjMupT...,,0.0,0.0,0.0,,,0.0,0.0,,NO_ESTIMATE,,,,0.0,,0.0,,0.0,,False,,,,,0.0,,30.0
126,126,126,126,82,SN82,2026-09-28,9168444,0.004456112,0.0,,N/A,False,True,0.0,629.701453104,211.283296268,0.0,141311.845162495,0.99,,0.0,,,,,,,62.3052663221197,,62.3052663221197,,,0.0,0.0,1,,,0.0,,0.0,2.980365529252545,667.8264409091479,5GGrRdUa...,743649.655258612,,,,True,9155260,1.0,0,5Hn6PHyj...,,0.0,0.0,0.0,,COUNTER,0.0,0.0,0.0,OK,0.0,,,0.0,0.0,0.0,0.0,0.0,,False,,,,,0.0,0.0,30.0
127,127,127,127,86,SN86,2026-09-28,9168444,0.005989978,0.0,,N/A,False,True,0.0,709.206653218,0.0,0.0,118398.856999575,2.125984345,,,,,,,,,0.0,,0,,,,,,,,,,0.0,,,5F4XAWGz...,285141.134690071,,,,True,8693284,1.0,0,5F1N5GEH...,,0.0,0.0,0.0,,,0.0,0.0,,NO_ESTIMATE,,,,0.0,,0.0,,0.0,,False,,,,,0.0,,30.0
128,128,128,128,108,ChipForge,2026-09-28,9168444,0.004442118,0.0,,N/A,False,True,0.0,509.727336193,0.0,0.0,114748.695018811,1.049812107,,,,,,,,,0.006351186912727609,,0.006351186912727609,,,,,,,,,,0.0,,,5FBwsAvv...,599249.048294174,,,,True,9111253,1.0,0,5HjH8Zqf...,0.0,0.0,0.0,0.0,,,0.0,0.0,,NO_ESTIMATE,,,,0.0,,0.0,,0.0,,False,,,,,0.0,,30.0
