combined_apy_rank,real_apy_rank,emission_rank,epr_rank,netuid,name,date,block,spot_price,moving_price,momentum_30d,ema_band,ema_lag_flag,low_emission,tao_emission,tao_reserves,alpha_outstanding,alpha_out_emission,alpha_in_pool,volume,ema_tao_inflow,pool_growth_real,pool_ema_divergence,flow_momentum,flow_price_divergence,emission_price_ratio,emission_price_ratio_raw,emission_apy,price_apy_7d,price_apy_30d,combined_apy_7d,combined_apy_30d,real_apy,gross_emission_rate,net_supply_delta,supply_days_gap,supply_defence,supply_defence_quality,burned_tokens,manual_burn,miner_burn_rate,liquidation_price,liquidation_haircut,owner_coldkey,owner_stake,owner_inflow_pct,owner_inflow_flag,large_entry_anomaly,immune,registered_at,vali_miner_share,best_validator_uid,best_validator_hotkey,best_validator_take,best_validator_raw_apy,best_validator_apy,best_validator_div_pct,best_validator_trust,burned_source,alpha_burned_cum,alpha_recycled_cum,recycled_tokens,recon_flag,recon_gap_relative,burn_coverage,owner_cut_emission,total_locked_alpha,locked_float_ratio,owner_locked_alpha,owner_lock_ratio,community_locked_alpha,commitment_class,gate_eligible,leader_is_owner,leader_pct_of_threshold,leader_blocks_to_threshold,governance_flag,basket_alpha,basket_share,ema_halving_days
1,1,4,14,103,Capcomp,2026-09-01,8973595,0.020564832,0.017201561480760574,0.19552123352296497,IN BAND,False,False,0.010264033,1335.372746027,263719.268327177,1.0,64934.775077372,18720.545717478,,-798.8103774212577,,,,,,20.19951268606662,59.59572089580174,2.378841674529407,65.8223234489511,8.605444227678767,6.226602553149361,9.965142162989906,13.972910132917258,1,0.0,,0.0,0.0,9.15541313801782e-05,0.005063614632702157,-0.7537731097097143,5H3SQ4du...,1017334.370867639,0.0,,,True,8762380,0.9010667032916724,1,5E2LP6En...,0.0,0.9195249516932347,0.9195249516932347,0.10837122714926603,,COUNTER,58456.632985645,0.014698804,0.0,DIVERGENT,1.0,0.0,1295.967040512703,0.0,0.0,0.0,0.0,0.0,NEITHER,False,,,,,52140.17252615801,0.19771089483484974,30.0
2,2,61,15,21,AdTAO,2026-09-01,8973595,0.003614099,0.003682047827169299,-0.01845408597572106,IN BAND,False,False,0.000102372,7692.723359416,3742390.566996009,1.0,2128531.018206272,582865.178100372,-0.0017317969702688176,54782.78564385581,ACCUMULATING_PRE_EMA,0.0,,,,0.034972480281732624,-3.2017622259045786,-0.22452471270460625,1.4732461444658562,4.450483657665829,4.675008370370435,0.7022249423072583,-4.640035890088702,1,0.05445893569827498,MINER_BURN_ONLY,403.6163999090204,403.210998215269,0.0001373311970702673,0.002055564009608675,-0.43123749249572985,5HjCYVfr...,1941732.019606949,,,ENTRY_REPEATED,False,3156578,0.6544425113695327,160,5CyUYf13...,,19.252425606110027,19.252425606110027,0.0,,COUNTER,828657.897803848,0.0,0.0,DIVERGENT,0.5009030046870062,0.3111275098908017,1295.967040512703,5839.628796876,0.00156040068302209,5839.628796876,0.00156040068302209,0.0,EXPOSED,True,True,0.015604006830220903,,UNDEFENDED_BURNER,9701.276804152996,0.002592267330328417,30.0
3,3,70,16,54,Yanez,2026-09-01,8973595,0.003975596,0.004065466579049826,-0.02210584623003602,IN BAND,False,True,7.0527e-05,7939.181118773,3771540.497329481,1.0,1996978.627599955,865113.792707683,-0.0018134332739084883,51277.25287221512,ACCUMULATING_PRE_EMA,0.0,,,,0.023345601168076772,-8.557627862827806,-0.26895446246543825,-4.255901762404341,4.032771637958026,4.301726100423465,0.6967975027341775,-4.2783804992553875,1,0.10908443044066926,MINER_BURN_ONLY,801.3680382750463,799.3410298062892,0.0006866559853513365,0.0021050234312463318,-0.47051374655615613,5FUfruyV...,3381740.354487085,,,,False,4742549,0.30148114215910826,59,5DUB7kNL...,0.01998931868467231,0.3574680158404269,0.35032247375221515,0.8207080726384861,,COUNTER,581432.184567475,0.0,0.0,OK,-0.0223954858843872,0.6167911720116419,1295.967040512703,644081.425659809,0.17077409777672134,644081.425659809,0.17077409777672134,0.0,FORTRESS,True,True,1.7077409777672132,0,,8930.969783988994,0.0023679898943979936,30.0
4,4,14,17,3,Teutonic,2026-09-01,8973595,0.027937244,0.02820582571439445,-0.009522207118275686,IN BAND,False,False,0.003846364,78351.097368895,3127070.619128446,1.0,2804539.187865583,3432768.227270422,-0.03954664999786193,35114.05286253011,ACCUMULATING_PRE_EMA,0.0,,,,0.12901216360005857,-2.500946398208819,-0.11585351993902084,0.8447143378851765,3.229807216154975,3.3456607360939956,0.840403150451542,-3.216648572493937,1,0.0,,0.0,0.0,7.629510948348184e-05,0.025055749265660152,-0.10314169623674575,5GsGUrd2...,3077700.184328274,,,,False,4165565,0.0,217,5FeKsRjZ...,0.09999237048905166,0.33338807425086814,0.3000518104137439,0.003555406353953673,,COUNTER,578475.334942498,0.0,0.0,DIVERGENT,1.0,0.0,1295.967040512703,387764.684385661,0.12400253515660477,387636.2684118,0.12396146925515839,128.4159738610033,DORMITORY,True,True,1.2396146925515859,0,,11166.007117679002,0.0035707563012411627,30.0
5,5,52,18,26,Perturb,2026-09-01,8973595,0.003758212,0.0038346871733665466,-0.01994300184320059,IN BAND,False,False,0.000222127,2070.657626297,900888.058848515,1.0,550968.71093461,63633.831344239,-0.00014188253281285655,12186.644190050196,ACCUMULATING_PRE_EMA,0.0,,,,0.2819151503302512,-1.9809884051720548,-0.2426398557589405,0.45925139584882113,2.1975999452619353,2.440239801020876,2.91712158262928,-2.158324650690625,1,0.0,,0.0,0.0,6.103608758678547e-05,0.0022984627290361086,-0.38841589323962866,5FsVAEPM...,1485503.565186254,,,ENTRY_REPEATED,True,8123781,0.7000350978926004,143,5CDK1b4s...,0.0899977111467155,0.6172133634292033,0.5616655734314091,0.10910533624280896,,COUNTER,93577.704880545,1668.571827101,0.0,DIVERGENT,1.0,0.0,1295.967040512703,42528.577205969,0.04720739362482793,38919.133093485,0.04320085354803141,3609.4441124840014,DORMITORY,False,True,0.43200853548031576,,,29761.146872462003,0.03303534393662816,30.0
6,6,12,19,53,engy,2026-09-01,8973595,0.028851147,0.029690696159377694,-0.028276506380013763,IN BAND,False,False,0.004005751,34008.271222993,4695223.619482656,1.0,1178749.375477145,1419705.346780196,-0.0011223092088040443,30195.9105448809,ACCUMULATING_PRE_EMA,0.0,,,,0.30954568548849426,0.46858795560979355,-0.3440308276235008,2.5478943587001552,1.735275575466861,2.079306403090362,0.5597177499906951,-1.7697607176018675,1,0.0,,0.0,0.0,0.0010986495765621385,0.007243163261037651,-0.7489471298649704,5H8SFVCx...,1893990.615118711,,,,False,4203869,0.15292608038128408,45,5E2LP6En...,0.0,0.22188458229205604,0.22188458229205604,0.22157790325041965,,COUNTER,523639.952582965,0.0,0.0,DIVERGENT,1.0,0.0,1295.967040512703,113449.607177646,0.024162769736225356,99316.627876023,0.021152693870407437,14132.979301622996,DORMITORY,True,True,0.21152693870407435,,,12089.302346334998,0.0025748086408857902,30.0
7,7,29,4,61,RedTeam,2026-09-01,8973595,0.011906126,0.011978702619671822,-0.0060588046949787665,IN BAND,False,False,0.00163041,14029.873838305,4789417.438528917,1.0,1178374.374680419,606081.244356904,0.001606769924520486,26950.051592607982,,0.0,,0.13495321018108544,0.13495321018108544,0.3053995730383312,35.56764778891816,-0.07371545712224166,37.374790374445226,1.7334271284048248,1.8071425855270664,0.5487097405331196,-1.5017430124887352,1,0.0,,0.0,0.0,0.00039673456931410556,0.002929348718998759,-0.7539628995192258,5ECEsYL8...,,,,,False,4457976,0.0,161,5Ft6tUwe...,,0.28042492129543456,0.28042492129543456,0.10437967343201587,,COUNTER,808370.14496251,0.0,0.0,DIVERGENT,1.0,0.0,1295.967040512703,1021287.884224886,0.21323843605884923,1021287.884224886,0.21323843605884923,0.0,DORMITORY,True,True,2.1323843605884925,0,,14946.58167266,0.0031207515036005893,30.0
8,9,32,20,17,404—GEN,2026-09-01,8973595,0.009469213,0.009507018374279141,-0.003976575282679765,IN BAND,False,False,0.001315842,26149.838568501,3106618.252757276,1.0,2761563.835307299,660834.196091845,-0.008483605846616416,17907.230562794954,ACCUMULATING_PRE_EMA,0.0,,,,0.1322391634251005,-0.2504141771147827,-0.048381665939270464,1.121483482595392,1.3235159937709045,1.3718976597101749,0.8459359297420985,-1.2396584962850743,1,0.0,,0.0,0.0,0.0,0.008417461187994931,-0.11107066785857168,5E7a4a7Q...,1128571.197792168,,,,False,2840556,1.0,42,5CcEPLdb...,0.0,0.30402127971330817,0.30402127971330817,0.004211747112053837,,COUNTER,340475.604612198,0.0,0.0,DIVERGENT,1.0,0.0,1295.967040512703,516307.845956651,0.16619610262651438,510640.820497837,0.1643719243729474,5667.025458814052,DORMITORY,True,True,1.643719243729474,0,,11752.662739165009,0.0037831049015224012,30.0
9,8,21,21,28,gm,2026-09-01,8973595,0.018071421,0.018374287988990545,-0.016483195929660816,IN BAND,False,False,0.002473589,20339.631607192,4846305.726845803,1.0,1125513.7112658,6470919.397419572,-0.0018433106521580824,23060.916146585252,ACCUMULATING_PRE_EMA,0.0,,,,0.31960224342025056,0.9532424402397766,-0.2005455504775399,2.4555327876886905,1.301744796971374,1.502290347448914,0.5422687193344738,-1.1826881040286634,1,0.04425289348129761,MINER_BURN_ONLY,363.224203200778,362.23322128271894,0.0003356984817273201,0.004196935305695202,-0.7677584233306721,5CA6rwAy...,2593762.766090278,,,,False,4878363,0.10660479599468808,219,5FHBJCMk...,,1.4749573735865507,1.4749573735865507,0.0,,COUNTER,1391813.352115468,33762.848582854,0.0,DIVERGENT,0.5867075308494958,0.2795080507135539,1295.967040512703,434350.80900947,0.08962513582323361,434344.502651163,0.08962383455198446,6.306358306959737,FORTRESS,True,True,0.8962383455198445,,,13227.512082949006,0.0027294010796050368,30.0
10,84,84,22,70,SN70,2026-09-01,8973595,0.012056761,0.011036245850846171,0.09246941060809939,IN BAND,False,True,0.0,792.22077385,183810.479134791,1.0,65707.591874601,8005.695298255,,-1418.588883644159,,,,,,,22.45620422854462,1.125044495731876,22.45620422854462,1.125044495731876,,14.297335017949917,16.252268696468676,1,0.369002059144167,MINER_BURN_ONLY,2656.8148258380024,2656.8148258380024,0.0,0.00430998699083447,-0.6425253025390094,5EP42hSo...,597069.529620312,0.0,,,True,8825571,1.0,1,5E2LP6En...,0.0,2.1386453092432096,2.1386453092432096,0.9728385265663625,,COUNTER,58449.926168277,0.0,0.0,DIVERGENT,-0.7052861974477167,2.0500635762981507,1295.967040512703,0.0,0.0,0.0,0.0,0.0,EXPOSED,False,,,,,34378.391821007994,0.18703172954463493,30.0
11,11,9,23,44,Score,2026-09-01,8973595,0.037641247,0.038391371723264456,-0.01953888828645035,IN BAND,False,False,0.005247218,66668.243862248,4075487.300055361,1.0,1771148.682808736,2167198.738511325,-0.0010141890605900883,17367.27751992503,ACCUMULATING_PRE_EMA,0.0,,,,0.2068404401425765,-5.387845894576992,-0.23772314081847926,-4.283651043842559,0.8664717099159536,1.1041948507344328,0.6448308647567866,-0.8973544105918563,1,0.0,,0.0,0.0,0.0,0.016358349064501412,-0.5654142631220105,5CaCekux...,258466.756776165,,,,False,3550319,1.0,65,5E2LP6En...,0.0,0.27154342538084497,0.27154342538084497,0.22276819777201282,,COUNTER,506457.808183131,2206.282255223,0.0,DIVERGENT,1.0,0.0,1295.967040512703,245862.449528441,0.06032712935336622,245862.449528441,0.06032712935336622,0.0,DORMITORY,True,True,0.6032712935336622,,,11122.050333799001,0.002729011162333378,30.0
12,10,23,24,49,Nepher Robotics,2026-09-01,8973595,0.008389596,0.008645574795082211,-0.029608071313872452,IN BAND,False,False,0.002165333,4308.943552184,2208679.168541593,1.0,513605.672016092,145982.863851261,-3.683535129229573e-05,7375.749930124206,ACCUMULATING_PRE_EMA,0.0,,,,1.3206241982714668,-10.288092291005768,-0.36023153431878147,-9.08597123030367,0.841889526383317,1.2021210607020985,1.1898513996196594,0.11850313756936834,1,0.0,,0.0,0.0,1.5259021896696368e-05,0.0019509141995617347,-0.7674602925383135,5FL781vf...,1731123.235744324,,,,False,6783158,0.9900051881466109,7,5E2LP6En...,0.0,0.5396144128441797,0.5396144128441797,0.0018617427132611019,,COUNTER,747110.292384815,837.682351088,0.0,DIVERGENT,1.0,0.0,1295.967040512703,462097.602286592,0.2092189797722946,462097.602286592,0.2092189797722946,0.0,DORMITORY,False,True,2.0921897977229458,0,,16461.007896142,0.007452874156915839,30.0
13,12,24,25,124,Swarm,2026-09-01,8973595,0.011807725,0.011784868547692895,0.001939474523165509,IN BAND,False,False,0.002003338,13122.057127681,3523546.412945624,1.0,1111311.248556077,290787.742670639,-7.80977163950547e-05,10010.090168925468,ACCUMULATING_PRE_EMA,0.0,,,,0.4012154658962698,-1.3853410563203659,0.023596940031847025,-0.695395125207637,0.7135428711445758,0.6899459311127288,0.745839473078783,-0.28873046521645906,1,0.0,,0.0,0.0,0.0001831082627603564,0.003724105088972331,-0.6846043510521856,5HKYqfJr...,2273745.778274422,,,,False,5813454,0.0,105,5HgiWPLV...,,0.3377493833608074,0.3377493833608074,0.0076454699446046786,,COUNTER,897004.632666029,6243.286010635,0.0,DIVERGENT,1.0,0.0,1295.967040512703,1000000.110795789,0.28380500597970165,1000000.110795789,0.28380500597970165,0.0,DORMITORY,True,True,2.838050059797016,0,,11631.151335750003,0.0033009786086588143,30.0
14,17,65,26,108,Prometheon,2026-09-01,8973595,0.003057626,0.002936388598755002,0.04128792806796801,IN BAND,False,True,8.021e-05,1942.939003621,1671427.230801422,1.0,635440.243347803,55321.854490907,0.0005111478403079943,,,,,,0.1671714723474991,0.10849124939442423,-0.4680706167552636,0.5023364581602774,-0.3595793673608394,0.6108277075547016,0.10849124939442423,1.5723089534325208,,,,,,,6.103608758678547e-05,0.0011624430712962553,-0.6198216945773436,5GpmtjiG...,1574162.70144189,,,,False,7105263,0.9586760464512979,5,5G9hfkx9...,0.009994659342336155,0.5589112538597805,0.553325126274854,0.012818165171214063,,,479696.11117097,0.238163524,,NO_ESTIMATE,,,,399866.520489401,0.23923657166795803,399866.520489401,0.23923657166795803,0.0,,False,True,2.392365716679584,0,,19022.971476000002,0.011381274114385944,30.0
15,13,30,27,19,blockmachine,2026-09-01,8973595,0.01056937,0.010620601940900087,-0.00482382648226299,IN BAND,False,False,0.001469255,32868.812363993,2755881.813158749,1.0,3109817.398126665,1670875.63673207,-0.008205630128196056,11025.283081684727,ACCUMULATING_PRE_EMA,0.0,,,,0.11747312611239509,-1.2881209157938873,-0.05868988886753304,-0.6806234190345013,0.548807607891853,0.607497496759386,0.953596771622012,-0.49002437064699095,1,0.0,,0.0,0.0,0.00021362630655374915,0.011926785904624579,0.12842921618077321,5FWh37Lf...,1289506.188102098,,,,False,1956072,0.0,124,5HQLnZYK...,,0.42465460756858775,0.42465460756858775,0.008789733103416703,,COUNTER,1006514.180053119,0.0,0.0,DIVERGENT,1.0,0.0,1295.967040512703,169492.989899939,0.06150227092128772,169492.989899939,0.06150227092128772,0.0,DORMITORY,True,True,0.6150227092128772,,,15237.118477491995,0.005528944820760454,30.0
16,85,85,28,94,pending...,2026-09-01,8973595,0.004794948,0.004590471973642707,0.04454357363062914,IN BAND,False,True,0.0,2369.478682249,1823148.679472571,1.0,494161.470893101,111511.32766218,-7.290167659344193e-05,-23537.327170609904,,0.0,,,,,29.4693589768699,0.5419468125059879,29.4693589768699,0.5419468125059879,,1.441462251318016,6.097129028919444,1,0.36900205914319184,,2656.814825830981,2656.814825830981,0.0,0.001299662890321419,-0.7289516194291535,5CnwnkkC...,724137.367549596,0.14158861238060633,,,False,6962737,1.0,0,5EeKtCKE...,0.179995422293431,2.016401260330202,1.6534582639640607,0.35516557301999085,,COUNTER,739237.089566971,0.075116968,0.0,DIVERGENT,-0.7052861974469379,2.050063576292733,1295.967040512703,273.723032556,0.00015013752615896742,273.723032556,0.00015013752615896742,0.0,EXPOSED,False,True,0.001501375261589674,,,18826.364649736006,0.0103262914658076,30.0
17,86,86,29,46,Instant,2026-09-01,8973595,0.003887898,0.0037727956660091877,0.030508499314664945,IN BAND,False,True,0.0,8874.800957812,3386738.927494575,1.0,2282672.830532138,1436929.924825418,-0.006844200137852545,-65259.75498899957,,0.0,,,,,-0.6077275234053564,0.3711867416617568,-0.6077275234053564,0.3711867416617568,,0.7759676952554855,7.888901067740916,1,0.3690020592681928,MINER_BURN_ONLY,2656.814826730988,2656.814826730988,0.0,0.002620456181539023,-0.32599667441403474,5Ft9E2ov...,712994.350439467,0.01910047966353013,,,False,3919107,1.0,238,5CDnZ6oe...,0.179995422293431,1.8467583467167878,1.5143502982255812,0.22204758053440354,,COUNTER,979495.064020003,28041.129768459,0.0,DIVERGENT,-0.6951998520349247,2.0500635769872004,1295.967040512703,170141.128802712,0.050237450374888554,170141.128802712,0.050237450374888554,0.0,FORTRESS,True,True,0.5023745037488875,,,9066.149967728998,0.0026769556679220943,30.0
18,87,87,30,71,Leadpoet,2026-09-01,8973595,0.004867626,0.004730600398033857,0.02896579512890022,IN BAND,False,True,0.0,5554.691400783,4477683.94104723,1.0,1141149.908559421,1381841.803229865,-0.0022417272015353455,-42215.02153132111,,0.0,,,,,-10.963561025412243,0.352417174068286,-10.963561025412243,0.352417174068286,,0.5869105623800169,4.007785525577813,1,0.3690020591689002,,2656.8148260160815,2656.8148260160815,0.0,0.0012405277982804393,-0.7451472651595584,5DwHzMhB...,2279811.946357922,0.12212648661914503,,,False,5048438,1.0,0,5FNVgRnr...,0.0,0.7173451110318229,0.7173451110318229,0.5178233534761644,,COUNTER,935478.677232178,0.0,0.0,DIVERGENT,-0.7052861974674706,2.050063576435561,1295.967040512703,63565.086413894,0.014195974358794862,63565.086413894,0.014195974358794862,0.0,FORTRESS,True,True,0.1419597435879486,,,9709.377869732998,0.002168392856120656,30.0
19,88,88,31,112,parked,2026-09-01,8973595,0.003430532,0.0033358915243297815,0.02837036965380127,IN BAND,False,True,0.0,4196.196176231,2222102.373667014,1.0,1223190.813008024,150158.314242777,-0.0010482548438311206,-66537.21068419679,,0.0,,,,,1.0997946652073411,0.34517283078791544,1.0997946652073411,0.34517283078791544,,1.1826637832455738,12.390193697177661,1,0.36900205914042694,MINER_BURN_ONLY,2656.814825811074,2656.814825811074,0.0,0.0018883901236765466,-0.44953432188460957,5GyUNPbb...,809778.222576431,0.0,,,False,5633022,1.0,0,5C4xjnQk...,0.179995422293431,2.2831806623926516,1.8722185948930907,0.7159512291892387,,COUNTER,974537.705245067,0.0,0.0,DIVERGENT,-0.7052861974445543,2.0500635762773722,1295.967040512703,109192.016768061,0.04913905770590911,109192.016768061,0.04913905770590911,0.0,FORTRESS,True,True,0.49139057705909106,,,16094.14321400199,0.007242755061479326,30.0
20,14,35,32,111,Claims,2026-09-01,8973595,0.006424779,0.006476056296378374,-0.00791798187533512,IN BAND,False,False,0.001081273,6630.743736746,3648109.744487561,1.0,1032057.816463353,201285.894552977,-0.0020882893709760026,,,,,,,0.42854701626494945,-0.5906283249322322,-0.09633544614991062,-0.1620813086672827,0.3322115701150388,0.42854701626494945,0.7203730655227718,,,,,,,3.051804379350376e-05,0.001817583406520409,-0.7170979100572318,5CGTryXj...,2696614.796399372,,,,False,5615562,0.0,111,5CsvRJXu...,0.0899977111467155,17.469955773738675,15.897699740267848,0.01783806878872036,,,734491.272679149,0.371911999,,NO_ESTIMATE,,,,1221.604957048,0.00033485970615162926,1221.604957048,0.00033485970615162926,0.0,,True,True,0.0033485970615162925,,,10886.532311125999,0.002984157022023798,30.0
21,89,89,33,27,Orion,2026-09-01,8973595,0.002632416,0.0025715003721415997,0.02368874938472918,IN BAND,False,True,0.0,6616.430683002,3455364.113762543,1.0,2513443.90437295,825474.085633135,-0.002571603639063033,-53923.85874901852,,0.0,,,,,4.212450121809765,0.28821311751420503,4.212450121809765,0.28821311751420503,,0.760556605173043,6.487227093199544,1,0.3690020591440326,MINER_BURN_ONLY,2656.8148258370347,2656.8148258370347,0.0,0.0019148287894317957,-0.2725964325426544,5GLT9wjW...,49601.169467929,0.016071227865346843,,,False,1727132,1.0,112,5E2LP6En...,0.0,0.35316666257790313,0.35316666257790313,0.3634116192830655,,COUNTER,1284528.72375122,0.0,0.0,DIVERGENT,-0.7051240921913358,2.050063576297404,1295.967040512703,29259.979274079,0.008467987254234064,29259.979274079,0.008467987254234064,0.0,FORTRESS,True,True,0.08467987254234065,,,8588.763059875002,0.0024856318399749497,30.0
22,90,90,34,100,Cortex,2026-09-01,8973595,0.005921035,0.00579715589992702,0.0213689440497088,IN BAND,False,True,0.0,3079.917814625,1924987.176742441,1.0,520165.424404679,365241.250041174,-0.001453934361040321,2649.760982335196,ACCUMULATING_PRE_EMA,0.0,,,,,9.62211406477335,0.25998881927145706,9.62211406477335,0.25998881927145706,,1.3652038994084272,0.7152734900125333,1,0.36900205914110606,MINER_BURN_ONLY,2656.8148258159636,2656.8148258159636,0.0,0.0015999679643772954,-0.7297823835904879,5FX6kmhY...,1246561.303111995,,,,False,6693448,1.0,0,5CUPbFKU...,0.179995422293431,1.4108486158077793,1.1569023234133555,0.6322559970701337,,COUNTER,691515.460077868,1077.059572996,0.0,DIVERGENT,-0.7044341970179382,2.0500635762811448,1295.967040512703,283090.250209208,0.14706084987447418,283090.250209208,0.14706084987447418,0.0,FORTRESS,False,True,1.4706084987447463,0,,20875.663392472998,0.010844572704011375,30.0
23,15,47,35,56,Gradients,2026-09-01,8973595,0.015850475,0.015911295544356108,-0.003822475937710934,IN BAND,False,False,0.000413145,50552.337022406,2702934.092819674,1.0,3189326.188657688,2836671.211133274,-0.009019599530651996,8629.662883984856,ACCUMULATING_PRE_EMA,0.0,,,,0.021477643249584524,-1.6668709260418941,-0.04650679057548303,-1.3709421937962052,0.24942194167020587,0.2959287322456889,0.9722767591637784,-0.2744510889961044,1,0.25648172203566827,MINER_BURN_ONLY,1894.98229739198,1894.8021188614239,6.103608758678547e-05,0.018702763473477928,0.17994971592194736,5EJ1zbdw...,16372.438327901,,,,False,4312927,0.7146236132517434,146,5GP7c3fF...,0.0009918364232852674,0.522296610161767,0.5217785773600501,0.04719975583702121,,COUNTER,816034.570199994,0.0,0.0,DIVERGENT,-0.5820842114767623,1.4620758550401198,1295.967040512703,264724.185506575,0.09793956360601355,264724.185506575,0.09793956360601355,0.0,FORTRESS,True,True,0.9793956360601355,,,9989.781241289995,0.003695902637000207,30.0
24,91,91,36,72,StreetVision by NATIX,2026-09-01,8973595,0.002589449,0.0025393939577043056,0.01971141269507702,IN BAND,False,True,0.0,6824.616741364,2646318.186201514,1.0,2635546.976617842,233123.225916989,-0.000693472829379333,-58835.701440559234,,0.0,,,,,3.8484134455036014,0.23982218779010375,3.8484134455036014,0.23982218779010375,,0.9930778595344169,9.227691013495058,1,0.36900205914416195,MINER_BURN_ONLY,2656.814825837966,2656.814825837966,0.0,0.0025789101163076512,-0.004069932905552083,5FjP8fFb...,0.034482024,2.11072898069088e-08,,,False,5064327,1.0,41,5GP7c3fF...,0.0009918364232852674,0.39129153766508246,0.3909034404659029,0.33938136149303383,,COUNTER,442314.054576255,0.0,0.0,DIVERGENT,-0.7052861974477127,2.0500635762981227,1295.967040512703,435674.446974722,0.16463418845338573,429686.075396398,0.1623712815929981,5988.371578324004,FORTRESS,True,True,1.6237128159299843,0,,9242.765294613002,0.003492688574944168,30.0
25,92,92,37,42,Unknown,2026-09-01,8973595,0.002627426,0.0025791297666728497,0.018725786484738934,IN BAND,False,True,0.0,7579.030155629,2684653.282134378,1.0,2884582.603703972,365391.331193309,-0.0007519273179352004,-78323.12878455827,,0.0,,,,,3.3805009425840877,0.22783040223099035,3.3805009425840877,0.22783040223099035,,0.9788973561273667,11.89659743835351,1,0.36900205917208545,MINER_BURN_ONLY,2656.8148260390153,2656.8148260390153,0.0,0.0028230945895566257,0.07447158913576471,5EC5HHfL...,89282.869708745,0.016435167948176097,,,False,3613591,1.0,11,5Gbdb5s2...,0.179995422293431,12.068227826456875,9.896002062500434,0.0,,COUNTER,489682.886678866,0.0,0.0,DIVERGENT,-0.7051255569823492,2.0500635764532573,1295.967040512703,5444.016612431,0.0020278285649247218,5444.016612431,0.0020278285649247218,0.0,EXPOSED,True,True,0.02027828564924722,,UNDEFENDED_BURNER,9101.135839261997,0.003390060049775339,30.0
26,93,93,38,115,HashiChain,2026-09-01,8973595,0.002743026,0.0026999125257134438,0.015968470784127945,IN BAND,False,True,0.0,3641.534004852,1647584.271253129,1.0,1327560.582201305,155889.99988294,-0.0010310414951094963,-30046.9436657934,,0.0,,,,,1.553217145746802,0.19428306120688998,1.553217145746802,0.19428306120688998,,1.5950625687881694,8.260902422569883,1,0.36900205939152836,MINER_BURN_ONLY,2656.814827619004,2656.814827619004,0.0,0.0022102262496608454,-0.19423795120394577,5EkNnrTj...,107257.026860674,0.041151776688708445,,,False,5683635,1.0,0,5EhTo9AX...,0.179995422293431,10.693879957191388,8.769030518341467,0.06450776015993408,,COUNTER,916534.902403928,0.0,0.0,DIVERGENT,-0.7052861976452788,2.0500635776724154,1295.967040512703,2942.008322496,0.001785649677426424,2942.008322496,0.001785649677426424,0.0,EXPOSED,True,True,0.017856496774264242,,UNDEFENDED_BURNER,16488.768689835993,0.010007845411934451,30.0
27,94,94,39,16,trav,2026-09-01,8973595,0.001873772,0.0018453318625688553,0.015411936469548396,IN BAND,False,True,0.0,459.907017452,404491.046986894,1.0,245444.459545468,50856.668231854,0.000900611716787907,-3842.748842950212,DISTRIBUTING_PRE_EMA,0.0,,,0.480641036789912,,-1.9818678681167496,0.1875118937128388,-1.9818678681167496,0.1875118937128388,,6.497053567875757,9.499021291753419,1,0.0,,0.0,0.0,0.0,0.0011370017232220757,-0.39320166849431215,5FkKY8WJ...,661042.977795595,0.0,,,True,8460646,1.0,1,5E2LP6En...,0.0,0.9493416012173674,0.9493416012173674,0.41727958006530963,,COUNTER,63578.799840379,0.04568655,0.0,DIVERGENT,1.0,0.0,1295.967040512703,7333.737256624,0.018130777705103625,0.0,0.0,7333.737256624,NEITHER,False,False,0.13421863089190603,,,41967.927541279,0.10375489854201597,30.0
28,95,95,40,121,sundae_bar,2026-09-01,8973595,0.004644571,0.004575623199343681,0.015068504912338175,IN BAND,False,True,0.0,6335.219373634,2894481.57543334,1.0,1364005.124770872,549592.317932603,-0.0014768339828714987,-10971.517299128696,,0.0,,,,,1.4409669290014557,0.1833334764334478,1.4409669290014557,0.1833334764334478,,0.9079346098814105,2.205956545862119,1,0.36900205914665196,MINER_BURN_ONLY,2656.814825855894,2656.814825855894,0.0,0.002188723337333919,-0.5287566198613566,5CXGaDJs...,1842247.925633019,0.0,,,False,5766528,1.0,0,5EL9y2gd...,0.179995422293431,1.0079971116532094,0.8265622458706312,0.7234633461514985,,COUNTER,1280896.482620318,0.0,0.0,DIVERGENT,-0.7052456983823102,2.050063576311956,1295.967040512703,202885.709556554,0.07009397167303769,202885.709556554,0.07009397167303769,0.0,FORTRESS,True,True,0.7009397167303768,,,11997.259022480996,0.0041448731697954775,30.0
29,96,96,41,127,Astrid,2026-09-01,8973595,0.002964703,0.0029225910548120737,0.014409113145880788,IN BAND,False,True,0.0,3424.15138477,2936988.50028135,1.0,1154972.839711405,597311.38718221,-0.0011311304522673383,-12138.777449600166,,0.0,,,,,-2.7115259433994625,0.17531087660821623,-2.7115259433994625,0.17531087660821623,,0.89479410619015,2.320704276045646,1,0.3690020591434505,MINER_BURN_ONLY,2656.814825832844,2656.814825832844,0.0,0.0011658715668930884,-0.6067492875700911,5FU4uxAd...,1545803.987249245,0.0,,,False,5848837,1.0,0,5EKrpcqV...,0.179995422293431,1.1038278223593925,0.9051438673345753,0.5836525401742794,,COUNTER,1209862.376867052,203.185912805,0.0,DIVERGENT,-0.7052861974471445,2.0500635762941704,1295.967040512703,5535.674552263,0.00188481315188422,5535.674552263,0.00188481315188422,0.0,EXPOSED,True,True,0.018848131518842202,,UNDEFENDED_BURNER,12636.979730233,0.004302699765090137,30.0
30,97,97,42,31,rec4ll,2026-09-01,8973595,0.005023566,0.0049578973557800055,0.013245260945839672,IN BAND,False,True,0.0,2020.64194246,1741354.56187178,1.0,402232.564921024,51630.231126692,-3.4653599990985635e-05,-11811.433922730677,,0.0,,,,,-0.01848997749579796,0.16115067484104934,-0.01848997749579796,0.16115067484104934,,1.5091699631665856,3.8612175586558535,1,0.369002059143596,SKIN_IN_GAME,2656.8148258338915,2656.8148258338915,0.0,0.001160385131611574,-0.7690116678846115,5H3mfhC8...,861757.970070394,0.257402263761742,BUYBACK_GAMING,,False,7173591,1.0,0,5CDZ527X...,0.179995422293431,1.7988306112340025,1.4750493357305876,0.43871991698078655,,COUNTER,719886.559981703,729.248648798,0.0,DIVERGENT,-0.7052861974474359,2.0500635762949786,1295.967040512703,406658.067576064,0.23352973396695711,406658.067576064,0.23352973396695711,0.0,FORTRESS,False,True,2.3352973396695713,0,,20000.797037566015,0.01148576945528381,30.0
31,98,98,43,116,Memo,2026-09-01,8973595,0.006937295,0.0068472393322736025,0.013152113334483725,IN BAND,False,True,0.0,1545.858675456,653459.963543051,1.0,222833.048883354,106904.535729042,0.0001614247536338362,-2446.3804024402634,DISTRIBUTING_PRE_EMA,0.0,,,0.023269120548259258,,-4.352158048510994,0.1600173789028853,-4.352158048510994,0.1600173789028853,,4.021669492574602,5.01884150941293,1,0.3690020591511105,,2656.8148258879955,2656.8148258879955,0.0,0.002365651702782792,-0.658995083417558,5F48aA3P...,91567.841937285,0.16246015672792527,,,True,8294730,1.0,0,5CXN6pP6...,0.179995422293431,11.767078816992019,9.649058496167454,0.0,,COUNTER,188837.623799377,1764.319155568,0.0,DIVERGENT,-0.7052861974532623,2.0500635763367265,1295.967040512703,30.45052749,4.65989183559122e-05,30.45052749,4.65989183559122e-05,0.0,EXPOSED,False,True,0.00046598918355912204,,,35552.66224044802,0.05440679494376667,30.0
32,99,99,44,113,TensorUSD,2026-09-01,8973595,0.002731435,0.00269629480317235,0.013032772524096955,IN BAND,False,True,0.0,1900.880258711,1571926.001294092,1.0,695927.297621862,65868.024901173,-0.0004889739469761811,-9164.775076203514,,0.0,,,,,2.587590507986572,0.15856539904317962,2.587590507986572,0.15856539904317962,,1.6718344233993792,3.6542478159850695,1,0.36777083231291424,,2647.9499926529825,2647.9499926529825,0.0,0.0012092682843505963,-0.5572772977022714,5GndoVhM...,566359.393905122,0.11066558551680893,,,False,7119664,1.0,0,5FRumLA6...,0.179995422293431,2.4569146490408658,2.0146812592478383,0.3183247351872768,,COUNTER,741505.70674539,0.0,0.0,DIVERGENT,-0.7042995516637207,2.0432232532745704,1295.967040512703,69847.574351877,0.04443439086469389,69847.574351877,0.04443439086469389,0.0,FORTRESS,False,True,0.4443439086469438,,,19204.268872087996,0.012217031117417763,30.0
33,100,100,45,125,8 Ball,2026-09-01,8973595,0.00313332,0.003094057086855173,0.012689783039760996,IN BAND,False,True,0.0,5799.746183487,2433782.71707099,1.0,1850990.637418687,235269.409108087,-0.00024021262101779379,-13434.942576687783,,0.0,,,,,-0.34978654174807217,0.1543923603170921,-0.34978654174807217,0.1543923603170921,,1.0798005843195184,3.001694442653753,1,0.3690020592881936,,2656.8148268749937,2656.8148268749937,0.0,0.0023830172442291324,-0.23945934528578877,5DTzv2rL...,63064.988239462,0.06650749131224136,,,False,5834408,1.0,0,5CFFokuo...,0.179995422293431,17.08532806079997,14.010047221474473,0.0,,COUNTER,1270201.331623953,0.0,0.0,DIVERGENT,-0.7052861975627476,2.0500635770983187,1295.967040512703,45923.662897553,0.01886925343640423,45923.662897553,0.01886925343640423,0.0,FORTRESS,True,True,0.1886925343640423,,,11294.449272709,0.004640697459755837,30.0
34,101,101,46,109,Finsight,2026-09-01,8973595,0.002993263,0.002961360616609454,0.010772880280643328,IN BAND,False,True,0.0,1430.957891685,1543755.530566151,1.0,478059.406638104,67538.098165709,-0.000708007104294364,-11041.047160290706,,0.0,,,,,9.31447439387063,0.13107004341449383,9.31447439387063,0.13107004341449383,,1.7023420794069752,4.1749471708658605,1,0.3690020591442913,,2656.8148258388974,2656.8148258388974,0.0,0.0009269329653252908,-0.6903269223836025,5FqZqKFx...,621112.028132738,0.12856138858479574,,,False,7257480,1.0,0,5DyQkk4x...,0.179995422293431,2.339522606812175,1.918419247233989,0.34864023441076825,,COUNTER,685960.162278898,1308.746301495,0.0,DIVERGENT,-0.705286197447816,2.0500635762988413,1295.967040512703,185375.469013788,0.12008084527852937,185375.469013788,0.12008084527852937,0.0,FORTRESS,False,True,1.2008084527852965,0,,21173.121623557,0.013715333292307008,30.0
35,102,102,47,57,SN57,2026-09-01,8973595,0.005137574,0.005086248740553856,0.010090984940810217,IN BAND,False,True,0.0,1828.653077988,966024.387072675,1.0,355937.073561785,31522.237819566,-0.00013780237056893412,-1903.7439134399756,,0.0,,,,,-0.5294181664687907,0.12277365011319097,-0.5294181664687907,0.12277365011319097,,2.720428216065619,3.1711947603601196,1,0.36900205927457946,SKIN_IN_GAME,2656.814826776972,2656.814826776972,0.0,0.0018929678199215362,-0.6315444176723223,5HdpnCSY...,870956.541586158,0.8432623272248854,BUYBACK_GAMING,,False,8057320,1.0,0,5Ejcqsbx...,0.179995422293431,2.0373927230854405,1.6706713595161133,0.6468999404861822,,COUNTER,376636.649664426,6427.093693354,0.0,DIVERGENT,-0.7052861975518743,2.0500635770226827,1295.967040512703,1254.306998862,0.0012984216709713739,1254.306998862,0.0012984216709713739,0.0,EXPOSED,False,True,0.012984216709713739,,,30081.685736789008,0.03113967529116419,30.0
36,103,103,48,87,Provenonce,2026-09-01,8973595,0.003864122,0.003832836402580142,0.008162518337280907,IN BAND,False,True,0.0,1627.093674473,1666018.58126434,1.0,421077.181230472,98695.196989196,-0.0004810604927689679,-3327.6240229395335,,0.0,,,,,-0.6650209555071797,0.09931063977025104,-0.6650209555071797,0.09931063977025104,,1.5774133791506773,2.1474593051016937,1,0.36900205914443684,MINER_BURN_ONLY,2656.814825839945,2656.814825839945,0.0,0.000976635970793435,-0.7472553995982955,5HartH15...,4227.188482858,2.0494417005872962e-05,,,False,7208725,1.0,1,5E2LP6En...,0.0,0.6440362142192552,0.6440362142192552,0.41481131067738936,,COUNTER,706443.231886565,811.040088965,0.0,DIVERGENT,-0.7052861974479322,2.0500635762996495,1295.967040512703,163193.12427756,0.09795396408707092,163193.12427756,0.09795396408707092,0.0,FORTRESS,False,True,0.9795396408707144,,,21742.42019260901,0.013050526829123782,30.0
37,104,104,49,69,Herald,2026-09-01,8973595,0.008407787,0.008340470027178526,0.008071124601145103,IN BAND,False,True,0.0,4316.013197815,1231587.624901934,1.0,513335.218586258,73145.869450157,0.0011393261345515797,-3192.1574482637807,DISTRIBUTING_PRE_EMA,0.0,,,0.13550844408303633,,-6.306842175202616,0.09819868264726542,-6.306842175202616,0.09819868264726542,,2.133831119169662,2.8702026896560495,1,0.3690020591918033,,2656.814826180984,2656.814826180984,0.0,0.003504430468890645,-0.5831922872343644,5HBPFVcJ...,503042.684169447,0.11722387184593051,,,True,8138182,1.0,0,5FWB5CFZ...,0.179995422293431,2.1419375465066004,1.7563985932969892,0.0,,COUNTER,340719.2284281,4110.268380516,0.0,DIVERGENT,-0.7052861974858504,2.0500635765628035,1295.967040512703,485.813350565,0.0003944610523377768,485.813350565,0.0003944610523377768,0.0,EXPOSED,False,True,0.003944610523377768,,,24529.685270756,0.019917125484846594,30.0
38,105,105,50,20,ChronoSeek,2026-09-01,8973595,0.002864431,0.002843309659510851,0.007428434823656488,IN BAND,False,True,0.0,7161.979146786,3308231.185419073,1.0,2500314.347530527,283869.973790241,-0.0009316292818717833,-34205.93103545904,,0.0,,,,,3.075124840481828,0.09037929035448726,3.075124840481828,0.09037929035448726,,0.794382209920162,4.5376742713655265,1,0.36900205914319184,SKIN_IN_GAME,2656.814825830981,2656.814825830981,0.0,0.0021648968120342384,-0.24421401247429655,5CFVA7aP...,1279149.425723435,0.28732840849660185,BUYBACK_GAMING,,False,1970929,1.0,240,5ED4s3B3...,0.179995422293431,1.2575486532790692,1.0311956523775676,0.4929497939874867,,COUNTER,1361856.535421909,0.0,0.0,DIVERGENT,-0.7052861974469379,2.050063576292733,1295.967040512703,633546.796734697,0.19150620413924968,627504.991791851,0.1896799094808005,6041.804942845949,FORTRESS,True,True,1.8967990948080047,0,,8981.185965393006,0.0027147999828359354,30.0
39,16,72,51,60,Bitsec.ai,2026-09-01,8973595,0.00537356,0.005433644168078899,-0.011057803238547772,IN BAND,False,True,5.9288e-05,8073.402705251,4064200.187017021,1.0,1502430.810826608,922367.144844871,0.00042835187573598795,8567.87880208902,,0.0,,,0.07971472836182865,0.019299032847532895,3.4325538974119594,-0.1345366060689979,3.638414252646972,0.07132374916601467,0.20586035523501256,0.6466216916172279,-0.18656132238747966,1,0.18248139807750974,MINER_BURN_ONLY,1328.40741290804,1328.362368275401,1.5259021896696368e-05,0.0019864677756379397,-0.6303255615201208,5CXLwkK1...,116377.781642574,,,,False,4796992,1.0,113,5CXLwkK1...,0.179995422293431,4.629259973280106,3.796014369483476,0.0,,COUNTER,658502.742038509,0.0,0.0,DIVERGENT,-0.40527161996837047,1.024997030595687,1295.967040512703,1063946.995347252,0.26178508596746847,1063946.995347252,0.26178508596746847,0.0,FORTRESS,True,True,2.6178508596746854,0,,9084.442629467003,0.0022352350306185736,30.0
40,106,106,52,37,Aurelius,2026-09-01,8973595,0.003895651,0.003880234668031335,0.003973041139928448,IN BAND,False,True,0.0,8607.455322205,3727156.251017757,1.0,2209503.188721561,354132.018318259,-0.0011818962588911177,-13220.021808926016,,0.0,,,,,-0.572081805125784,0.048338667202462784,-0.572081805125784,0.048338667202462784,,0.7050952047643252,1.9332502438403898,1,0.36900205914319184,,2656.814825830981,2656.814825830981,0.0,0.002309389449356893,-0.4071877975319419,5GRBbS3a...,20505.68396695,0.05261363994130052,,,False,3212175,1.0,110,5E2LP6En...,0.0,0.5492458799537344,0.5492458799537344,0.5014573700193807,,COUNTER,1268321.774545718,0.0,0.0,DIVERGENT,-0.7051787272529815,2.050063576292733,1295.967040512703,45507.151093348,0.012209617206394708,45507.151093348,0.012209617206394708,0.0,FORTRESS,True,True,0.12209617206394709,,,8562.901737119002,0.002297435674927975,30.0
41,18,17,53,93,Bitcast,2026-09-01,8973595,0.017434122,0.017188413999974728,0.014294978002370286,IN BAND,False,False,0.002789438,22403.028528589,3687015.747571838,1.0,1285010.399777637,973247.438429251,-0.0033716791650470626,2844.3120758924633,ACCUMULATING_PRE_EMA,0.0,,,,0.3272166106758827,7.126388492241647,0.1739222323621718,6.996423424008712,0.04395716412923689,-0.1299650682329349,0.712771569183214,0.4571816789088176,1,0.0,,0.0,0.0,1.5259021896696368e-05,0.006076195509428725,-0.6514768274864243,5EbY1Seb...,2426172.530164167,,,,False,5370681,0.8708761864070559,155,5H5pBTVG...,0.179995422293431,0.3953157960772652,0.32416076242307396,0.0,,COUNTER,1085835.159306595,0.0,0.0,DIVERGENT,1.0,0.0,1295.967040512703,427930.957620956,0.11606431513149326,427930.957620956,0.11606431513149326,0.0,DORMITORY,True,True,1.1606431513149325,0,,14565.404762364993,0.003950459059459495,30.0
42,107,107,54,73,Parked,2026-09-01,8973595,0.003280241,0.003270039102062583,0.0031198091579340173,IN BAND,False,True,0.0,7039.581136046,3425978.076321629,1.0,2146055.833184164,574834.956021847,-0.0012004820451322843,-3546.00881582126,,0.0,,,,,0.15715956990284838,0.03795767808819721,0.15715956990284838,0.03795767808819721,,0.7670802151838653,1.0645212414908207,1,0.3690020591380501,SKIN_IN_GAME,2656.814825793961,2656.814825793961,0.0,0.0020547653777178254,-0.37359316656372954,5Fvs6HPW...,1425222.189029632,0.5768465747102781,BUYBACK_GAMING,,False,5160047,1.0,0,5Dnkprjf...,0.179995422293431,1.13205410412415,0.928289547593312,0.49743628872272244,,COUNTER,1527994.39850988,0.0,0.0,DIVERGENT,-0.7052861974428313,2.0500635762641672,1295.967040512703,986943.74882342,0.2880764928545813,918892.578787682,0.268213210451793,68051.17003573803,FORTRESS,True,True,2.68213210451793,0,,9117.361703742996,0.002661243446581549,30.0
43,108,108,55,24,Quasar,2026-09-01,8973595,0.00396352,0.003954482963308692,0.002285263781676955,IN BAND,False,True,0.0,8622.646197963,3649030.829452448,1.0,2175502.155114057,1570448.044856708,-0.003987432863262727,-2558.931590365246,,0.0,,,,,-1.0736399937842234,0.027804042677069617,-1.0736399937842234,0.027804042677069617,,0.7201912296242075,0.9000042382830598,1,0.3690020591445985,,2656.8148258411093,2656.8148258411093,0.0,0.0023629962587235426,-0.40381371641279906,5ELutYW7...,327562.947029682,0.09441927822421962,,,False,2538424,1.0,155,5ELpkVn8...,0.179995422293431,3.289401388331214,2.697324196345939,0.0,,COUNTER,640651.710586523,0.0,0.0,DIVERGENT,-0.7052861974480613,2.050063576300548,1295.967040512703,700000.000065042,0.19183175828911259,0.0,0.0,700000.000065042,EXPOSED,True,False,0.7043533185746781,86975,TAKEOVER_WATCH,8835.074520948994,0.0024212112568735775,30.0
44,109,109,56,30,Endure Network,2026-09-01,8973595,0.003872943,0.0038662157021462917,0.0017400213469655765,IN BAND,False,True,0.0,9075.030580114,3489201.154922814,1.0,2343187.119585312,406269.579449906,-0.0016359655505931488,-14364.296434316784,,0.0,,,,,4.241496442892629,0.021170259721414512,4.241496442892629,0.021170259721414512,,0.7531809956821292,2.1869086411372374,1,0.3690020591454231,MINER_BURN_ONLY,2656.8148258470464,2656.8148258470464,0.0,0.00260089062715983,-0.3284459319024757,5HTogQKF...,777.594457457,0.0,,,False,3250216,1.0,116,5E2LP6En...,0.0,0.3166182674955317,0.3166182674955317,0.6792717728028812,,COUNTER,769274.428979843,18187.150616168,0.0,DIVERGENT,-0.705237654459793,2.050063576305129,1295.967040512703,4962.596266974,0.0014222729062130497,4962.596266974,0.0014222729062130497,0.0,EXPOSED,True,True,0.014222729062130497,,UNDEFENDED_BURNER,8687.84744781601,0.0024899245019332217,30.0
45,110,110,57,119,Satori,2026-09-01,8973595,0.002705331,0.0027009770274162292,0.0016119991171993947,IN BAND,False,True,0.0,3358.848638886,1556919.762300623,1.0,1241566.604785698,71520.284788916,-0.0008647727937628405,-9285.962329092901,,0.0,,,,,-0.3187796515593415,0.019612655925925968,-0.3187796515593415,0.019612655925925968,,1.6879482576010643,3.718859527848416,1,0.3690020593174914,MINER_BURN_ONLY,2656.8148270859383,2656.8148270859383,0.0,0.002157367849145103,-0.2025493926084819,5GbLENPL...,96118.383575046,0.0,,,False,5740660,1.0,0,5HMwvi1d...,0.179995422293431,11.858424442741201,9.723962327435254,0.05783698820369607,,COUNTER,835578.215203707,0.0,0.0,DIVERGENT,-0.7052861975861471,2.0500635772610885,1295.967040512703,20722.542632217,0.013309961845172929,20722.542632217,0.013309961845172929,0.0,FORTRESS,True,True,0.1330996184517293,,,16645.154004116,0.010691080174562018,30.0
46,111,111,58,29,hoτfloaτ,2026-09-01,8973595,0.002791518,0.002790725091472268,0.0002841227644224181,IN BAND,False,True,0.0,8333.46640413,2891708.833972626,1.0,2985281.264501146,204762.0831966,-0.011022358310089313,-1409.9732624483295,,0.0,,,,,-0.10651397013700854,0.00345682696713942,-0.10651397013700854,0.00345682696713942,,0.9088051912853401,0.9906184549977445,1,0.0,,0.0,0.0,0.0,0.0028818483749906087,0.03235887248106888,5HHHHHzg...,23883.976323705,0.8544310550399606,BUYBACK_GAMING,,False,3379782,1.0,19,5GRRRRhL...,0.179995422293431,19.891008173918376,16.31071775781185,0.0,,COUNTER,610829.352749762,0.0,0.0,DIVERGENT,1.0,0.0,1295.967040512703,3165.974907187,0.0010948456739462208,3165.974907187,0.0010948456739462208,0.0,NEITHER,True,True,0.010948456739462207,,,8344.975458927001,0.00288582839353943,30.0
47,112,112,59,47,Feval,2026-09-01,8973595,0.003385354,0.003384948940947652,0.00011966474514527751,IN BAND,False,True,0.0,1384.277473522,1478630.248294664,1.0,408901.784781375,43928.362272348,1.9567391779975152e-05,-7988.265819628432,DISTRIBUTING_PRE_EMA,0.0,,,0.0057800134875038624,,12.347496998349976,0.0014559210659342097,12.347496998349976,0.0014559210659342097,,1.777320599947775,3.5872136089154383,1,0.36900205914291695,SKIN_IN_GAME,2656.814825829002,2656.814825829002,0.0,0.0009361890676310165,-0.7234590333445139,5GBmFsPk...,394689.968650719,13.741340052643823,BUYBACK_GAMING,,False,7340355,1.0,0,5GjN9n3n...,0.179995422293431,2.9557671138525774,2.4237425639936467,0.08271020906455058,,COUNTER,647693.514640594,52.790049364,0.0,DIVERGENT,-0.6997546657167432,2.0500635762912056,1295.967040512703,96478.619508137,0.06524864456101033,1082.01056104,0.0007317654716504725,95396.60894709699,EXPOSED,False,False,0.6720178043294918,,,22860.892055916003,0.015460857832633925,30.0
48,113,113,60,52,Dojo,2026-09-01,8973595,0.006393203,0.006396113429218531,-0.00045503089504874013,IN BAND,False,True,0.0,18013.387299571,3036066.232604651,1.0,2817584.024656764,765791.721858536,-0.001055169699966047,280.71658823871985,ACCUMULATING_PRE_EMA,0.0,,,,,-1.2613718970915488,-0.005536209223093004,-1.2613718970915488,-0.005536209223093004,,0.8655937646476937,0.7392118286499183,1,0.36900205914513207,MINER_BURN_ONLY,2656.814825844951,2656.814825844951,0.0,0.0059331338381630955,-0.07196223267693902,5Fv1ZvNP...,9864.016125186,,,,False,3989825,1.0,130,5E2LP6En...,0.0,0.38933191344809626,0.38933191344809626,0.7255760720280787,,COUNTER,1136202.39035196,0.0,0.0,DIVERGENT,-0.7052861974484875,2.050063576303512,1295.967040512703,167638.354572778,0.05521564476179445,167638.354572778,0.05521564476179445,0.0,FORTRESS,True,True,0.5521564476179445,,,8520.988630409,0.0028065885186894677,30.0
49,114,114,61,43,Graphite,2026-09-01,8973595,0.004687026,0.004690104862675071,-0.0006564592402981585,IN BAND,False,True,0.0,13377.836524742,3049339.232108097,1.0,2854227.055237565,157498.150157466,-0.0008349041341164327,391.31033565523103,ACCUMULATING_PRE_EMA,0.0,,,,,-2.4202177471305344,-0.007986920756960928,-2.4202177471305344,-0.007986920756960928,,0.8618260547493062,0.7226499931874193,1,0.30416840654609134,MINER_BURN_ONLY,2190.3728841929697,2190.0125271318575,0.00012207217517357094,0.00438712635966498,-0.06398506010741575,5HjMs5JD...,2914018.238764357,,,,False,3408582,0.14128527172005434,108,5ERVu5z1...,,11.666562052531479,11.666562052531479,0.0,,COUNTER,905846.798973238,0.0,0.0,DIVERGENT,-0.6425266192571171,1.6898674570191672,1295.967040512703,3451.069241962,0.0011317432988838618,3451.069241962,0.0011317432988838618,0.0,EXPOSED,True,True,0.01131743298883862,,UNDEFENDED_BURNER,9491.248402103,0.0031125590430099255,30.0
50,115,115,62,104,Masx.ai,2026-09-01,8973595,0.004295544,0.004303412279114127,-0.0018283814340341973,IN BAND,False,True,0.0,6017.868825297,3138793.77238024,1.0,1400956.077772624,74752.140932031,-0.0017383027949343672,2375.7648975036573,ACCUMULATING_PRE_EMA,0.0,,,,,-0.8162466536803369,-0.022245307447416065,-0.8162466536803369,-0.022245307447416065,,0.8372643093423465,0.1610627719568263,1,0.0,,0.0,0.0,0.0,0.0019172552457097148,-0.5536641585536745,5HBb3F1b...,1896314.385939397,,,,False,5528520,1.0,25,5Coeuhim...,0.179995422293431,0.9778780130899996,0.8018644471724038,0.7210150456251717,,COUNTER,340321.172598343,150921.409086838,2656.814825800975,OK,0.22762853224746846,0.0,1295.967040512703,3017.92106809,0.0009614907148874013,3017.92106809,0.0009614907148874013,0.0,NEITHER,True,True,0.009614907148874013,,,10178.861701905993,0.0032429214660340882,30.0
51,116,116,63,95,Actual,2026-09-01,8973595,0.045642672,0.04573398549109697,-0.001996622208111454,IN BAND,False,True,0.0,28382.969376028,2892922.994711854,1.0,621851.611644314,563519.262607246,-0.0011390409750780188,616.4396114108386,ACCUMULATING_PRE_EMA,0.0,,,,,-0.09079041394324107,-0.02429223686535602,-0.09079041394324107,-0.02429223686535602,,0.9084237654454949,0.7333262385826417,1,0.3690020591413971,MINER_BURN_ONLY,2656.814825818059,2656.814825818059,0.0,0.009811173483674095,-0.7850438404729221,5D5UhUuc...,451512.036251808,,,,False,5403674,1.0,0,5ExqqyEB...,0.179995422293431,2.3863948824462495,1.956854727821454,0.0,,COUNTER,1034859.05813914,14658.86980412,0.0,DIVERGENT,-0.7052861974456797,2.0500635762827617,1295.967040512703,9024.997700073,0.003119681276193777,9024.997700073,0.003119681276193777,0.0,EXPOSED,True,True,0.031196812761937774,,UNDEFENDED_BURNER,13597.821128582003,0.0047003743803199285,30.0
52,117,117,64,122,CookingTAO,2026-09-01,8973595,0.004627882,0.004638527054339647,-0.002294921257317733,IN BAND,False,True,0.0,1434.84612518,639370.605960716,1.0,310043.744858054,46092.094695016,0.0003625880589275153,-756.427906783123,DISTRIBUTING_PRE_EMA,0.0,,,0.07834859638329485,,-2.059123777090896,-0.02792154196403242,-2.059123777090896,-0.02792154196403242,,4.110292177181302,4.141615615003049,1,0.36900205914125156,SKIN_IN_GAME,2656.8148258170113,2656.8148258170113,0.0,0.0022441540349262775,-0.51507967685298,5F3uH1G4...,381126.206152392,1.3711880722964707,BUYBACK_JUSTIFIED,,True,8238082,1.0,0,5CfPqfaz...,0.179995422293431,3.672972828132338,3.0118545328603603,0.2991973387047549,,COUNTER,305505.363839457,4689.8056909,0.0,DIVERGENT,-0.7052861974453882,2.0500635762819535,1295.967040512703,114496.157437887,0.17907635473145575,114496.157437887,0.17907635473145575,0.0,FORTRESS,False,True,1.790763547314562,0,,35591.056523832995,0.055665769104843346,30.0
53,118,118,65,12,Compute Horde,2026-09-01,8973595,0.004884131,0.004896462429314852,-0.002518436420756398,IN BAND,False,True,0.0,12797.074492389,3491107.581288777,1.0,2620132.986175862,424320.016646302,-0.0016389071287063602,5110.091288217809,ACCUMULATING_PRE_EMA,0.0,,,,,-0.5077945952487197,-0.030640976452536172,-0.5077945952487197,-0.030640976452536172,,0.7527696980996065,0.13669527989505634,1,0.36677908070268167,MINER_BURN_ONLY,2641.0796488551423,2640.809381059308,9.15541313801782e-05,0.0036656202063142474,-0.2494836427781631,5ELzhHvg...,1639670.098126419,,,ENTRY_PRE_EMA_PATTERN,False,2256433,0.005432709182194073,136,5EHcd8Jp...,,4.287674570736225,4.287674570736225,0.0,,COUNTER,1580823.091443984,0.0,0.0,DIVERGENT,-0.7035303345208027,2.037713381981201,1295.967040512703,3870.537061652,0.0011086845568428897,3870.537061652,0.0011086845568428897,0.0,EXPOSED,True,True,0.011086845568428897,,UNDEFENDED_BURNER,8630.125133984999,0.002472030704593498,30.0
54,119,119,66,83,CliqueAI,2026-09-01,8973595,0.009807524,0.009839440230280161,-0.003243703862536943,IN BAND,False,True,0.0,8598.4710228,2762939.465171227,1.0,876721.893437485,151850.642335998,0.000950791968390149,2289.362448388827,,0.0,,,0.09694515847120527,,-2.843952950638386,-0.03946506366086614,-2.843952950638386,-0.03946506366086614,,0.9511609042209455,0.5302503546101532,1,0.0,,0.0,0.0,0.0018463416495002605,0.003112073619849333,-0.6826850875053343,5DqEjRLy...,928198.416272413,,,,False,5231190,0.0005656281529947682,180,5G9hfkx9...,0.009994659342336155,0.46224038607609147,0.457620450882991,0.42871312813782786,,COUNTER,345172.824104195,26063.92679357,0.0,DIVERGENT,1.0,0.0,1295.967040512703,8057.340853611,0.0029162205524874444,8057.340853611,0.0029162205524874444,0.0,NEITHER,True,True,0.029162205524874446,,,14413.288364654003,0.0052166500737144345,30.0
55,120,120,67,10,Pareton,2026-09-01,8973595,0.006943071,0.006974825169891119,-0.004552683274155013,IN BAND,False,True,0.0,17172.38049292,3371187.315497264,1.0,2473311.71022663,950394.337621499,0.0019830543029549486,58250.00058012828,,0.0,,,0.2856163076763796,,-1.0228101608918667,-0.055390979835552655,-1.0228101608918667,-0.055390979835552655,,0.7795473090205192,-5.527067095244038,1,0.3626302225501812,MINER_BURN_ONLY,2610.9826469939435,2610.9376023613045,1.5259021896696368e-05,0.005093867200430839,-0.26633802240667875,5HK5714c...,595495.544091738,,,,False,2869647,0.9210028382213813,201,5GKbzKzG...,0.179995422293431,1.84376214222563,1.5118933968270867,0.09800241114621007,,COUNTER,777949.267645972,0.0,0.0,DIVERGENT,-0.6998243735392295,2.01466358382724,1295.967040512703,67267.603931373,0.01995368326824959,20675.799630366,0.006133091310387847,46591.804301006996,FORTRESS,True,True,0.0613309131038787,,,13484.188506881997,0.003999833662429709,30.0
56,121,121,68,84,SN84,2026-09-01,8973595,0.002862552,0.00288495235145092,-0.0077645481526425865,IN BAND,False,True,0.0,1591.484965719,737584.947172016,1.0,555967.146236997,64932.637983857,-0.004139727322791386,-4415.375372194219,,0.0,,,,,13.392937978147401,-0.0944686691904848,13.392937978147401,-0.0944686691904848,,3.562979437251328,4.863212043681864,1,0.0,,0.0,0.0,0.0002746623941405346,0.002157697187043924,-0.2462330161883788,5G1hDNpP...,228859.90628785797,0.0,,,False,8085297,0.9992673657218737,51,5E4geBiU...,0.179995422293431,2.90490171330011,2.382032702693745,1.0,,COUNTER,43139.508392942,42792.734423607,1133.985329434996,DIVERGENT,0.4084538300722234,0.0,1295.967040512703,660.436412233,0.0008954038646872986,660.436412233,0.0008954038646872986,0.0,NEITHER,False,True,0.008954038646872985,,,3066.4578078659997,0.004157430028396248,30.0
57,122,122,69,25,UR,2026-09-01,8973595,0.008978889,0.009058292955160141,-0.008765885090402985,IN BAND,False,True,0.0,15319.341341921,4157034.783725669,1.0,1706150.997012636,694875.21086551,-0.00189072698649151,19124.473394616973,ACCUMULATING_PRE_EMA,0.0,,,,,-7.77003893476624,-0.1066516019332363,-7.77003893476624,-0.1066516019332363,,0.6321813832995405,-1.1123557718556072,1,0.3690020591423672,MINER_BURN_ONLY,2656.814825825044,2656.814825825044,0.0,0.003685160730887921,-0.589574976270681,5F6aRdsB...,54494.892907253,,,,False,2998801,1.0,1,5F6aRdsB...,0.179995422293431,19.772238373284186,16.213325977598515,0.0,,COUNTER,931731.788318549,0.0,0.0,DIVERGENT,-0.7052861974462793,2.0500635762881516,1295.967040512703,323519.372769362,0.07782455274031012,323519.372769362,0.07782455274031012,0.0,FORTRESS,True,True,0.7782455274031013,,,8503.069034454007,0.0020454649712681214,30.0
58,123,123,70,58,greevils,2026-09-01,8973595,0.008617472,0.008728069718927145,-0.012671498107687022,IN BAND,False,True,0.0,1008.301990936,440232.495341703,1.0,117006.695358855,21464.288714663,,323.9410992958292,,,,,,,-3.833351413307461,-0.15416989364352543,-3.833351413307461,-0.15416989364352543,,5.96957295930683,5.12270115728363,1,0.0,,0.0,0.0,0.0,0.002290385197833632,-0.7342161137473227,5CLUzEqe...,746620.46284709,,,,True,8511017,0.0,1,5E2LP6En...,0.0,0.8197847419600985,0.8197847419600985,0.364112189464689,,COUNTER,78931.873767343,0.045668707,0.0,DIVERGENT,1.0,0.0,1295.967040512703,32808.027617922,0.07452432059213807,32808.027617922,0.07452432059213807,0.0,DORMITORY,False,True,0.7452432059213807,,,44224.09577005402,0.10045622764791096,30.0
59,124,124,71,39,deprecated,2026-09-01,8973595,0.008022239,0.008134170435369015,-0.013760645447298943,IN BAND,False,True,0.0,18907.180194021,3596569.149381086,1.0,2356845.595296961,1084762.461198255,-0.008167090216750057,50526.82413514657,ACCUMULATING_PRE_EMA,0.0,,,,,-2.576437863321228,-0.16742118627547045,-2.576437863321228,-0.16742118627547045,,0.7306963639089875,-4.422256140460465,1,0.36900205914235107,MINER_BURN_ONLY,2656.8148258249275,2656.8148258249275,0.0,0.005257004497543063,-0.34469610073408896,5DkwfxC9...,684502.65924908,,,ENTRY_REPEATED,False,3280104,1.0,136,5GP7c3fF...,0.0009918364232852674,1.9643690422194762,1.9624207094546289,0.2479284613389083,,COUNTER,1512777.12291396,0.0,0.0,DIVERGENT,-0.7052861974462663,2.050063576288062,1295.967040512703,503223.766165346,0.13991772304779487,501648.821756367,0.13947982116309177,1574.944408979034,FORTRESS,True,True,1.3947982116309197,0,,9014.934280671003,0.0025065371764706186,30.0
60,19,39,72,77,Liquidity,2026-09-01,8973595,0.005765797,0.0057788321282714605,-0.002255668270356896,IN BAND,False,False,0.000857099,12265.702292285,3296502.888847011,1.0,2127321.119441199,409097.583354395,-0.006935415302332664,4098.284682746045,ACCUMULATING_PRE_EMA,0.0,,,,0.18363858165844865,-2.3056691154945206,-0.0274439639560089,-2.4861021070937315,-0.20787695555521996,-0.18043299159921106,0.7972084626078312,0.3640715732576597,1,0.0,,0.0,0.0,0.00012207217517357094,0.0037208225522214135,-0.35467333445464455,5GxxsUeY...,2716895.883780513,,,,False,5128460,0.238863369298152,148,5C8dR6A6...,0.179995422293431,2.8093725416180293,2.3036983446099226,0.0,,COUNTER,140886.89655137,14115.257752168,0.0,DIVERGENT,1.0,0.0,1295.967040512703,369577.913917543,0.11211211589346037,369577.913917543,0.11211211589346037,0.0,DORMITORY,True,True,1.1211211589346035,0,,10469.183326429998,0.003175845336538356,30.0
61,20,6,73,120,Affine,2026-09-01,8973595,0.052506018,0.05244892742484808,0.0010884984299006798,IN BAND,False,False,0.009806585,79982.711878456,2600275.163741122,1.0,1523305.656432729,1469631.623335199,-0.0050901304439632976,3318.3705384465866,ACCUMULATING_PRE_EMA,0.0,,,,0.3222159486060364,-0.6818855723107925,0.013243397563791602,-0.9312530091827579,-0.23612403930817377,-0.2493674368719654,1.0106622701495134,0.5715833854780018,1,0.0,,0.0,0.0,4.57770656900891e-05,0.030759326164305476,-0.41417522531787737,5EfNFhH2...,2942376.997958296,,,,False,5749344,0.33333333333333337,116,5E2LP6En...,0.0,0.3370039658256196,0.3370039658256196,0.012771996215704825,,COUNTER,180555.409154778,0.0,0.0,DIVERGENT,1.0,0.0,1295.967040512703,61927.054996791,0.02381557762052152,61927.054996791,0.02381557762052152,0.0,DORMITORY,True,True,0.2381557762052185,,,13459.598362875997,0.005176220790230186,30.0
62,125,125,74,90,KubeTEE,2026-09-01,8973595,0.032544667,0.033891635946929455,-0.039743403034266614,IN BAND,False,True,0.0,2213.627240981,239393.913909243,1.0,68018.124225831,55679.867844391,,352.13293668626284,,,,,,,-12.922475044434519,-0.48354473691691047,-12.922475044434519,-0.48354473691691047,,10.977722687621478,6.181278154516899,1,0.0,,0.0,0.0,1.5259021896696368e-05,0.009246798320111894,-0.7158736231619178,5C9y6fnL...,481551.839552738,,,,True,8618670,0.7507705923642689,0,5EKtGWqs...,0.179995422293431,2.5683188172145943,2.106033187125888,0.39707318561923943,,COUNTER,0.0,80073.870652452,2078.2433974329906,DIVERGENT,0.2736572500971088,0.0,1295.967040512703,49755.082544017,0.20783770870164947,49755.082544017,0.20783770870164947,0.0,DORMITORY,False,True,2.0783770870164946,0,,52011.092880671975,0.2172615503516517,30.0
63,24,3,75,15,ORO,2026-09-01,8973595,0.034634361,0.034182292176410556,0.01322523431887995,IN BAND,False,False,0.011345349,14942.118842767,1512604.632801457,1.0,431424.858951701,512446.24451977,-0.0009198017926109515,-3112.002678067598,,0.0,,,,1.995404901121688,3.0296535673568235,0.16090701754637274,2.3684700910903036,-0.5002764587201474,-0.6611834762665201,1.7374004700307886,2.656588377388208,1,0.0,,0.0,0.0,0.00044251163500419466,0.009878403462967766,-0.7147802593220136,5GMtrkkv...,216.588029224,0.0,,,False,7366897,0.0,76,5DWsubqY...,0.0,0.6308091119291038,0.6308091119291038,0.024065313596825882,,COUNTER,354654.991781899,2797.563389807,0.0,DIVERGENT,1.0,0.0,1295.967040512703,1010.651574802,0.0006681531663235736,1010.651574802,0.0006681531663235736,0.0,NEITHER,False,True,0.006681531663235737,,,22260.907005179997,0.014716936946008905,30.0
64,28,1,13,107,Minos,2026-09-01,8973595,0.063081486,0.06160819483920932,0.023913882960470072,IN BAND,False,False,0.020786629,22908.393032143,1563805.853817032,1.0,363155.836500714,478141.686232021,0.001226016808458981,-5429.258141913742,DISTRIBUTING_PRE_EMA,0.0,,0.019435445900227857,0.019435445900227857,2.3845959398091314,-1.1984305206184367,0.2909522426857192,-2.0842471068234856,-0.5948643435193299,-0.8858165862050491,1.680515515135986,3.2704125260141805,1,0.0,,0.0,0.0,0.00015259021896696368,0.014649128583466297,-0.7677745165441046,5DA2vLrS...,1331522.426385988,0.0,,,False,7457580,0.0,2,5G9hfkx9...,0.009994659342336155,0.6341849417317161,0.6278464792790683,0.002090581700543246,,COUNTER,389715.783508211,11728.725039684,0.0,DIVERGENT,1.0,0.0,1295.967040512703,41164.694002343,0.026323404469848814,41164.694002343,0.026323404469848814,0.0,DORMITORY,False,True,0.26323404469848816,,,24857.76767630201,0.015895686549342213,30.0
65,21,31,76,14,Cacheon,2026-09-01,8973595,0.009447015,0.009453791892156005,-0.0007168438054605629,IN BAND,False,False,0.001329022,25242.654706953,3112756.434826695,1.0,2672024.350946499,2655310.552968278,-0.012349965626037119,1026.1606641714461,ACCUMULATING_PRE_EMA,0.0,,,,0.13836380747378194,-0.6907759082783415,-0.008721599633103516,-1.2932319662614744,-0.6111776576162365,-0.6024560579831331,0.8442677912723731,0.740819865456915,1,0.0,,0.0,0.0,3.051804379328171e-05,0.008109421740978074,-0.14158898435346248,5CKhH8nK...,1625488.047890109,0.0,,,False,4848444,0.0,4,5E2LP6En...,0.0,0.4567862291924104,0.4567862291924104,0.22345149623842153,,COUNTER,1226319.247799996,526.080568229,0.0,DIVERGENT,1.0,0.0,1295.967040512703,53867.427253437,0.017305378169248282,53867.427253437,0.017305378169248282,0.0,DORMITORY,True,True,0.17305378169248564,,,9019.617273354004,0.0028976302714979942,30.0
66,23,8,77,4,Targon,2026-09-01,8973595,0.056184552,0.056209377478808165,-0.000441660803262329,IN BAND,False,False,0.007547464,137280.979196716,3659514.170808989,1.0,2443393.691788565,2288770.442633847,-0.0046476622979413,-533.3209704672918,,0.0,,,,0.14448276453198902,-0.3819274928656172,-0.005373539773025003,-1.0194292371949176,-0.6428752841023255,-0.6375017443293005,0.7181281113659528,0.7819845088612896,1,0.008125404884759446,MINER_BURN_ONLY,66.45190538105089,66.3618161157728,3.0518043793392735e-05,0.037513443804035894,-0.3323174703958502,5CXGPMnq...,,,,,False,1411451,0.1040086673889492,32,5HEj6CFU...,0.179995422293431,19.149132549500482,15.702376349700257,0.0,,COUNTER,558027.937798958,0.0,0.0,DIVERGENT,0.9242325193902612,0.05120640729375271,1295.967040512703,183019.057563734,0.05001184556781617,183019.057563734,0.05001184556781617,0.0,DORMITORY,True,True,0.5001184556781617,,,9852.443517007992,0.002692281832271185,30.0
67,22,51,78,88,Investing,2026-09-01,8973595,0.003880203,0.0038886682596057653,-0.0021769045443396904,IN BAND,False,False,0.000234026,6951.711789153,3347586.66495871,1.0,1791584.416791624,710481.053600253,-0.0006446650318909965,273.66483666934073,ACCUMULATING_PRE_EMA,0.0,,,,0.0884703432267773,-7.551182107161583,-0.026485671956132897,-8.174890838089363,-0.6501944028839125,-0.6237087309277796,0.7850431558677554,0.7121790741545568,1,0.0,,3.070299862883985e-05,0.0,0.0009918364232852639,0.0020766338514610926,-0.4648130905880201,5FhMsGJS...,3049335.746263841,1.6663798033245312,BUYBACK_GAMING,,False,5299805,0.0,170,5DjtmV76...,0.0,0.2637759434853324,0.2637759434853324,0.008622399926747754,,COUNTER,175269.313011837,0.0,0.0,DIVERGENT,0.9999999635152823,0.0,1295.967040512703,1134357.330049286,0.33885824134840653,1134357.330049286,0.33885824134840653,0.0,DORMITORY,True,True,3.388582413484068,0,,9764.152525122998,0.002916773634968292,30.0
68,25,5,7,64,Chutes,2026-09-01,8973595,0.07498957,0.0748513585422188,0.0018464789480506876,IN BAND,False,False,0.010097394,207315.667158011,3321705.965622418,1.0,2764593.349677968,4968272.395452461,0.006078987608972017,-120.79140533693135,DISTRIBUTING_PRE_EMA,0.0,,0.08106444148128888,0.08106444148128888,0.12799781027535628,-0.6504681669433593,0.02246549386795003,-1.3388598147942443,-0.6659261539829351,-0.6883916478508851,0.7911597315349879,0.8163894581262414,1,0.006717322002946666,SKIN_IN_GAME,55.23741905996576,54.87706199885338,0.00012207217517357094,0.062412407751799424,-0.167718820740012,5FRYKhbm...,666482.825084895,0.7521147648631105,BUYBACK_GAMING,,False,4531295,0.24794359576968272,194,5FEm1mew...,,19.137564903584895,19.137564903584895,0.0,,COUNTER,274207.517615115,0.0,0.0,DIVERGENT,0.937035255110332,0.042344488928625246,1295.967040512703,750772.179183441,0.22602005925673857,750771.696995917,0.22601991409412367,0.48218752397224307,DORMITORY,True,True,2.260199140941238,0,,9394.959461473001,0.002828353731096299,30.0
69,34,16,10,110,Green Compute,2026-09-01,8973595,0.014352988,0.014124411391094327,0.016183089162200053,IN BAND,False,False,0.003116147,7703.059649083,2878356.270588256,1.0,536686.86616085,383520.59382239,0.0008840356011466324,-8345.531513331924,DISTRIBUTING_PRE_EMA,0.0,,0.06159244340945818,0.06159244340945818,1.0631144881469112,18.42862816767035,0.19689425147343398,17.42933524179529,-0.8023986744016269,-0.9992929258750609,0.9130210970940403,2.062407414021972,1,0.0,,0.0,0.0,0.0,0.0026762009025063146,-0.8135439880179434,5D53sX6A...,1569714.053988806,0.10627334380004042,,,False,5606062,1.0,155,5FmpATto...,0.179995422293431,12.653551664965596,10.375970289518365,0.0,,COUNTER,653602.202903777,0.0,0.0,DIVERGENT,1.0,0.0,1295.967040512703,9205.92186508,0.0031983260582257823,9205.92186508,0.0031983260582257823,0.0,NEITHER,True,True,0.03198326058225782,,,15334.046429977,0.005327362212476618,30.0
70,27,56,9,89,InfiniteQuant,2026-09-01,8973595,0.003456618,0.003451448632404208,0.001497738528471387,IN BAND,False,False,0.00014929,6554.140769553,2859197.261727506,1.0,1896113.637771313,186791.050026004,0.00022740814707736934,-703.2954748980701,DISTRIBUTING_PRE_EMA,0.0,,0.06578920409410856,0.06578920409410856,0.05986049640901406,-0.8852661544938765,0.01822248542973521,-1.766423888666234,-0.8629352487426224,-0.8811577341723577,0.919139100746124,0.9410182305813717,1,0.0,,0.0,0.0,0.0006866559853513365,0.002292301009547357,-0.3368370443169141,5Dc5NmEU...,112187.644677255,0.0,,,False,5313364,0.016689570926859076,191,5GCNwrsH...,0.179995422293431,9.18206356011583,7.529334152087657,0.0,,COUNTER,601037.833009041,0.0,0.0,DIVERGENT,1.0,0.0,1295.967040512703,6094.632142656,0.0021315885490788655,6094.632142656,0.0021315885490788655,0.0,NEITHER,True,True,0.021315885490788652,,,12210.082995389994,0.004270458411118074,30.0
71,26,45,79,33,ReadyAI,2026-09-01,8973595,0.0049388,0.004942913306877017,-0.0008321624559536764,IN BAND,False,False,0.000557826,14947.302495414,2232248.854280565,1.0,3026504.477201848,900701.192851548,-0.0054386194078304825,726.7640785449184,ACCUMULATING_PRE_EMA,0.0,,,,0.09807567140959213,-1.3620480678222995,-0.010124643214103063,-2.2244343124899904,-0.8725108878817939,-0.8623862446676908,1.1772880944526154,0.9604619160772829,1,0.0,,0.0,0.0,0.0018158236057068677,0.006696073543391465,0.3558098208859368,5HinUfk5...,52806.613327687,0.0,,,False,2943950,0.0,209,5E2LP6En...,0.0,0.48782347857686076,0.48782347857686076,0.42781279089285984,,COUNTER,584226.582883127,0.0,0.0,DIVERGENT,1.0,0.0,1295.967040512703,138809.800536348,0.062183837733936355,138808.045342108,0.06218305144425516,1.755194239987759,DORMITORY,True,True,0.6218305144425516,,,11694.205141303,0.005238755132017727,30.0
72,29,2,2,51,lium.io,2026-09-01,8973595,0.083586442,0.08337188023142517,0.0025735507940956395,IN BAND,False,False,0.011763502,152146.825897182,3962015.160229588,1.0,1820233.321920851,1933982.894824158,0.015805744069074572,-4829.313567671226,DISTRIBUTING_PRE_EMA,0.0,,0.1890945910710564,0.1890945910710564,0.20318848634339198,1.9047105039445407,0.03131153466149694,0.9852311268349814,-0.8881678424480624,-0.9194793771095593,0.6632988248958933,1.1226678634529512,1,0.0,,0.0,0.0,0.0005188067444876765,0.038401373983729406,-0.5405789136983554,5FqACMtc...,216.588029224,0.0,,,False,3966206,0.7807514389093296,61,5FUY2npW...,,2.1237985607825816,2.1237985607825816,0.0,,COUNTER,1171146.945421614,47834.295633396,0.0,DIVERGENT,1.0,0.0,1295.967040512703,481534.254524501,0.12153771125312841,481534.254524501,0.12153771125312841,0.0,DORMITORY,True,True,1.2153771125312844,0,,9938.431252527,0.0025084283756125494,30.0
73,31,83,80,7,Allways,2026-09-01,8973595,0.003228065,0.0032157639507204294,0.003825233900272681,IN BAND,False,True,6e-09,6385.229970134,3192003.490125823,1.0,1978035.961317132,322811.825229047,-0.001063203871299582,-4179.268837703159,,0.0,,,,2.4694490368792613e-06,-0.061357482952364706,0.04654034578665095,-0.9983227019918841,-0.8904248732528686,-0.9369652190395195,0.8233073704742124,0.9369676884885564,1,0.0,,0.0,0.0,1.5259021896696368e-05,0.0020003831417747934,-0.38031509843364575,5CAc19iE...,0.340321952,0.0,,,False,2627691,1.0,26,5DCaForB...,,0.26104993602014126,0.26104993602014126,0.007309629177475965,,COUNTER,36084.978602376,216301.043435971,2423.4711966429895,OK,0.24419378184811444,0.0,1295.967040512703,3211.260531444,0.0010060329010847724,3211.260531444,0.0010060329010847724,0.0,NEITHER,True,True,0.010060329010847722,,,10626.757716693008,0.0033291811082180617,30.0
74,30,68,81,98,NeverPlayAlone,2026-09-01,8973595,0.00287178,0.002869406947866082,0.0008270183271433806,IN BAND,False,True,7.3343e-05,5260.109358688,2903633.732257356,1.0,1831654.579416956,206023.136543313,-0.001032365332540136,-1237.5050645680167,,0.0,,,,0.036642851099977024,-0.36601746038825966,0.010062056313577797,-1.2937785497665322,-0.9176990330646947,-0.9277610893782725,0.9050728302281185,0.9644039404782495,1,0.0,,0.0,0.0,0.0,0.001811560907373349,-0.3691853458923215,5EWzZCNs...,1588851.287449766,1.5401517956099486,BUYBACK_GAMING,,False,5445992,1.0,153,5E2LP6En...,0.0,0.4426847869178906,0.4426847869178906,0.266907770249649,,COUNTER,1255490.393926426,0.0,0.0,DIVERGENT,1.0,0.0,1295.967040512703,505723.45736727,0.1741691631933578,505723.45736727,0.1741691631933578,0.0,DORMITORY,True,True,1.7416916319335807,0,,11423.278027312997,0.0039341318777255906,30.0
75,35,66,82,80,OpenRoboto,2026-09-01,8973595,0.01537466,0.015264492947608232,0.007217210081585413,IN BAND,False,True,7.5199e-05,3111.836414206,1948145.622079083,1.0,202400.342250629,219921.954095179,-0.0002903473733555673,724.8779574915243,ACCUMULATING_PRE_EMA,0.0,,,,0.06350686401695843,-0.06900995770946226,0.08780938932595585,-1.0843220640887075,-0.9275027170532893,-1.0153121063792452,1.3489751331809419,1.0788189703962037,1,0.2964263092715323,MINER_BURN_ONLY,2144.7534371319925,2144.7083924993535,1.5259021896696368e-05,0.001597332549958464,-0.8961061545453061,5CG1eFia...,282077.448659039,,,,False,7151800,1.0,0,5HTwtytU...,0.179995422293431,3.547952957001585,2.9093376662288573,0.11802588206568185,,COUNTER,244538.418073345,2501.379452446,0.0,DIVERGENT,-0.6413431173648529,1.654909673976644,1295.967040512703,373270.055353795,0.19160274833841065,373270.055353795,0.19160274833841065,0.0,FORTRESS,False,True,1.916027483384108,0,,20091.84734685401,0.010313319045119309,30.0
76,33,18,83,75,Hippius,2026-09-01,8973595,0.017758959,0.01768848649226129,0.003984089185332075,IN BAND,False,False,0.002625409,33362.055742316,3580407.137545849,1.0,1878604.20733605,1506143.932371683,-0.01292806119265099,-4354.667851922801,,0.0,,,,0.20680904394175773,-1.0278912656976595,0.048473085088206906,-2.021065648419028,-0.9447012976331614,-0.9931743827213683,0.7339947383194342,1.199983426663126,1,0.0,,0.0,0.0,0.000869764248111693,0.009317950294664996,-0.4753098819212886,5DAQpczE...,1533883.313066049,0.4380603538525027,BUYBACK_GAMING,,False,5102795,0.0,157,5E2LP6En...,0.0,0.2925233963273075,0.2925233963273075,0.4232999633744354,,COUNTER,784604.879643725,0.0,0.0,DIVERGENT,1.0,0.0,1295.967040512703,552610.240158366,0.15434284955010638,552609.767120331,0.15434271743160227,0.47303803509566933,DORMITORY,True,True,1.543427174316023,0,,13925.046712192001,0.003889235547032445,30.0
77,38,34,84,63,Enigma,2026-09-01,8973595,0.008332656,0.008270130725577474,0.00756037316667219,IN BAND,False,False,0.001161682,15523.889048476,3983010.578787537,1.0,1863017.939716454,1221037.235097021,-0.0023243817583002914,-6257.07936305576,,0.0,,,,0.19665821408970374,-0.386058426915814,0.09198454019451165,-1.4381325302945522,-0.9600895631842266,-1.0520741033787382,0.6598024152875803,1.248732317468442,1,0.0,,0.0,0.0,1.5259021896696368e-05,0.0038975264417202746,-0.5322588089895617,5CqTmNfg...,296044.802837936,0.0678992244257599,,,False,4885578,0.0,147,5EZ52JMq...,0.0,0.2965904186495187,0.2965904186495187,0.44704033205658394,,COUNTER,725439.396179942,0.0,0.0,DIVERGENT,1.0,0.0,1295.967040512703,72397.992373783,0.018176701000834794,72397.992373783,0.018176701000834794,0.0,DORMITORY,True,True,0.18176701000834797,,,8702.607812849,0.0021849321363083475,30.0
78,37,50,85,48,Quantum Compute,2026-09-01,8973595,0.004302245,0.004295497201383114,0.0015709004803246259,IN BAND,False,False,0.000337812,10826.948082945,3216726.744247097,1.0,2516580.625208443,689712.370947767,-0.0027008449742481964,-3011.9150588531047,,0.0,,,,0.08199632335897568,-0.05301915640385586,0.01911262251061628,-1.1039340940973603,-1.0318023151828883,-1.0509149376935045,0.8169795599517441,1.1329112610524803,1,0.0,,0.0,0.0,3.0518043793392735e-05,0.003365827732277316,-0.21765781998065745,5GNH5YMk...,6281.690988964,0.2250267718792295,BUYBACK_GAMING,,False,3856677,1.0,230,5CFKbodp...,,5.739301448599234,5.739301448599234,0.0,,COUNTER,695492.461656953,0.0,0.0,DIVERGENT,1.0,0.0,1295.967040512703,101862.559282014,0.03166652544055489,101862.559282014,0.03166652544055489,0.0,DORMITORY,True,True,0.31666525440554893,,,8903.807607288998,0.0027679713930357525,30.0
79,36,26,86,34,BitMind,2026-09-01,8973595,0.012103897,0.012105550384148955,-0.0001365806672548881,IN BAND,False,False,0.001762627,35037.140068653,2661577.373940452,1.0,2894698.998118954,630781.166705836,-0.0033068888932364145,-1395.3926551127806,,0.0,,,,0.13220781567569545,-0.19305798092159876,-0.0016617314516011387,-1.2374684408747805,-1.0460721914047828,-1.0444104599531816,0.9873844081073093,1.176618275628877,1,0.0,,0.0,0.0,0.0010681315327687457,0.013164050916461126,0.08758781708578031,5DthmKBR...,2882107.976780732,0.0,,,False,3493948,0.8459634919422592,72,5E2LP6En...,0.0,0.35341918887250456,0.35341918887250456,0.0016938031220911603,,COUNTER,359469.273754254,58226.411706465,0.0,DIVERGENT,1.0,0.0,1295.967040512703,133745.097125789,0.05025031338006156,133745.097125789,0.05025031338006156,0.0,DORMITORY,True,True,0.5025031338006171,,,9734.190055587003,0.00365730117444438,30.0
80,32,64,87,6,Numinous,2026-09-01,8973595,0.002935607,0.002957181539386511,-0.007295642522841816,IN BAND,False,True,8.2439e-05,8407.252881851,2815544.850573466,1.0,2863888.868961291,694434.910515031,-0.004023880888700968,-1147.364366596099,,0.0,,,,0.02576937973017185,2.698869330401602,-0.08876365069457542,1.7351526285058159,-1.0524803525903614,-0.963716701895786,0.9333894998919064,0.9894860816259579,1,0.0,,0.0,0.0,0.002029449912260617,0.0029860127712540694,0.017170476584253146,5CfSg4e2...,62346.77548577,0.7850947166337202,BUYBACK_GAMING,,False,3219949,0.40390202134491304,67,5CmLWngV...,,19.466723573082078,19.466723573082078,0.0,,COUNTER,185360.665463109,0.0,0.0,DIVERGENT,1.0,0.0,1295.967040512703,662466.459537209,0.2352889031060112,662466.459537209,0.2352889031060112,0.0,DORMITORY,True,True,2.3528890310601116,0,,9009.483786389996,0.003199907749491171,30.0
81,39,25,88,5,Hone,2026-09-01,8973595,0.012708865,0.012689405819401145,0.0015334981697175405,IN BAND,False,False,0.001817781,33139.587213605,3066540.553033124,1.0,2607596.026869329,972164.7389379,-0.015845505017582865,-3384.7870724950917,,0.0,,,,0.14415171912699068,0.155084859287972,0.01865756106489674,-0.9548778631487674,-1.0913051613718427,-1.1099627224367394,0.8569917646778347,1.2541144415637302,1,0.0,,0.0,0.0,0.0017547875181200823,0.010806831555130273,-0.149661944231033,5GurNtB3...,,,,,False,2491604,0.0,1,5E2LP6En...,0.0,0.4668555966342646,0.4668555966342646,0.10439174754318502,,COUNTER,1488567.694632255,0.0,0.0,DIVERGENT,1.0,0.0,1295.967040512703,6649.821324041,0.002168509174764913,6649.821324041,0.002168509174764913,0.0,NEITHER,True,True,0.021685091747649134,,,10890.902332737,0.0035515272485031305,30.0
82,40,71,89,1,Apex,2026-09-01,8973595,0.007458254,0.007462465204298496,-0.0005643181151545509,IN BAND,False,True,6.6745e-05,24526.509119969,2522013.537171875,1.0,3288505.1783122,833644.363767815,-0.002493990990679855,-1454.2177610993385,,0.0,,,,0.0071516846992786265,-1.9936747756565665,-0.0068658704010470355,-3.1399926379760505,-1.1531837327205312,-1.146317862319484,1.042024541607725,1.1534695470187628,1,0.21986724245548375,SKIN_IN_GAME,1597.3013085959246,1597.2112193306466,3.0518043793392735e-05,0.009724971241618486,0.3039206282889382,5HCFWvRq...,13322.015773366,0.9404292828849303,BUYBACK_JUSTIFIED,,False,1497824,0.62470816229991,28,5CsvRJXu...,0.0899977111467155,0.4167657972130968,0.3792578293796819,0.013642398254261343,,COUNTER,859641.379318681,0.0,0.0,DIVERGENT,-0.5155073971992756,1.2324474075349687,1295.967040512703,192837.392404298,0.07646168014646788,192824.591394465,0.07645660443626874,12.801009832997806,FORTRESS,True,True,0.7645660443626874,,,8988.415572698,0.0035639838724963358,30.0
83,41,11,1,9,iota,2026-09-01,8973595,0.029711384,0.02952383807860315,0.006352355709902513,IN BAND,False,False,0.004069356,58060.50342961,4013410.805605265,1.0,1954150.081706638,1092394.453842371,0.01301328860220348,-9160.09726349311,DISTRIBUTING_PRE_EMA,0.0,,0.43798998398066813,0.43798998398066813,0.1841917816121808,-1.886061032023615,0.07728699447048057,-3.205660256974259,-1.2423122304801635,-1.319599224950644,0.6548046355807002,1.5037910065628248,1,0.0,,0.0,0.0,1.5259021896696368e-05,0.01446662358822594,-0.5130949272431758,5Fsbubec...,9783.087340908,0.050877327539676234,,,False,1489797,0.9900051881466109,76,5GP7c3fF...,0.0009918364232852674,0.306271414474257,0.30596764332997034,0.007477605335042501,,COUNTER,1143713.917070747,46681.104420658,0.0,DIVERGENT,1.0,0.0,1295.967040512703,566487.003304132,0.14114852197860164,566487.003304132,0.14114852197860164,0.0,DORMITORY,True,True,1.4114852197860162,0,,9256.612574512998,0.0023064204047053695,30.0
84,43,44,12,78,Vocence,2026-09-01,8973595,0.00519355,0.005158158950507641,0.006861178539074693,IN BAND,False,False,0.000646577,1669.661191429,927477.784434143,1.0,321487.54012042,141921.442914541,0.0001379181554245564,1313.2835392048,,0.0,,0.026555661430920353,0.026555661430920353,1.017694107476808,-2.676988733817582,0.08347767222540876,-4.0152532808890635,-1.2547868748460729,-1.3382645470714816,2.83349104863288,2.3559586545482896,1,0.0,,0.0,0.0,0.0,0.0018002169102601905,-0.6533744913863946,5GvYz1tB...,1105375.70718158,0.0,,,False,7966145,1.0,200,5E2LP6En...,0.0,0.6816947625601048,0.6816947625601048,0.25142299064564866,,COUNTER,67226.187965887,8107.779671713,0.0,DIVERGENT,1.0,0.0,1295.967040512703,72640.532500025,0.0783205093632978,72640.532500025,0.0783205093632978,0.0,DORMITORY,False,True,0.783205093632982,,,32698.373558396997,0.035255155548923875,30.0
85,42,58,90,41,Almanac,2026-09-01,8973595,0.004892603,0.004873674595728517,0.0038838055146465343,IN BAND,False,False,0.000104722,12336.713507205,3100349.314432007,1.0,2521502.654527718,1582993.677082091,-0.002647854639532984,-4957.231906234287,,0.0,,,,0.0223081630159661,-0.3567109192959789,0.04725296709486616,-1.6911609096339073,-1.287197023243062,-1.3344499903379283,0.8476464209264295,1.3567581533538944,1,0.1350924698611984,,995.5118952419143,993.4848867731572,0.0006866559853513365,0.003979136624953219,-0.18670355535627578,5FCSevLk...,34116.208560832,0.1823322517537641,,,False,3394182,0.3546953733394411,210,5FCSevLk...,0.179995422293431,11.194845638556087,9.17982467033441,0.0,,COUNTER,1011354.216663422,0.0,0.0,OK,-0.1666718650770644,0.7665973406083849,1295.967040512703,258549.369288686,0.0833936253844522,258549.369288686,0.0833936253844522,0.0,FORTRESS,True,True,0.8339362538445221,,,9144.754849398996,0.002949588553402842,30.0
86,44,38,91,79,MVTRX,2026-09-01,8973595,0.006605157,0.006560261826962233,0.006843503235381807,IN BAND,False,False,0.001044817,10136.867254438,3505321.268220866,1.0,1534689.70744667,473732.505624151,-0.0051205686723918425,-9422.241408689413,,0.0,,,,0.2708705763901442,-1.550613495001379,0.08326262269714531,-2.951381003089508,-1.3175048853909832,-1.4007675080881286,0.7497173009005955,1.6716380844782728,1,0.0,,0.0,0.0,0.001953154802777135,0.0028918511254128186,-0.5621828329874947,5Fxp7QBG...,3827515.979633367,0.03901795232382284,,,False,5173967,0.0,0,5EWwdZB7...,0.179995422293431,0.28151052131160825,0.23083991614808141,1.0,,COUNTER,444229.939659842,37317.847662374,0.0,DIVERGENT,1.0,0.0,1295.967040512703,1355085.827207694,0.38657963807564805,1355085.827207694,0.38657963807564805,0.0,DORMITORY,True,True,3.86579638075648,0,,10974.778732702998,0.00313089097772578,30.0
87,45,20,92,118,Ditto,2026-09-01,8973595,0.010199511,0.01014146488159895,0.005723642400652715,IN BAND,False,False,0.002510121,7139.787845057,2201118.118805101,1.0,700012.807950173,742936.328582775,-0.0019519015973399523,-6488.078747572028,,0.0,,,,0.9239207286203807,-1.625959353129627,0.06963764920794137,-3.122933977414781,-1.4273369750772127,-1.496974624285154,1.1939386521549493,2.420895352905535,1,0.0,,0.0,0.0,3.0518043793392735e-05,0.003243709542008997,-0.6819740140474384,5HGXqHbQ...,1775199.120631737,0.6860525607126898,BUYBACK_GAMING,,False,5724794,0.1423862786687622,139,5Cg3DiRf...,,0.42283054870292347,0.42283054870292347,0.009583250675252935,,COUNTER,320927.826926128,1788.13704218,0.0,DIVERGENT,1.0,0.0,1295.967040512703,113528.309033463,0.051577563268205236,87847.450516242,0.039910375443154705,25680.858517221,DORMITORY,True,True,0.3991037544315481,,,19905.267859712996,0.009043252922073428,30.0
88,46,15,6,68,NOVA,2026-09-01,8973595,0.022322639,0.022190639283508062,0.005948441358786687,IN BAND,False,False,0.003197021,44651.763685001,3674168.325539384,1.0,2000290.527679319,1674814.834527882,0.0020257665134935203,-9953.580139122438,DISTRIBUTING_PRE_EMA,0.0,,0.09074941871763104,0.09074941871763104,0.1881621350339235,0.5704215425736744,0.07237270319857135,-0.9432743658711095,-1.4413232052462126,-1.5136959084447839,0.7152639093131907,1.7018580434787074,1,0.0,,0.0,0.0,0.0,0.012152890049871606,-0.45558004813536573,5EcdJLAe...,3131505.003725076,0.3838351254333492,BUYBACK_GAMING,,False,4972413,0.0,11,5E2LP6En...,0.0,0.1713647446672983,0.1713647446672983,0.0640346727303249,,COUNTER,681206.505097183,6247.123951755,0.0,DIVERGENT,1.0,0.0,1295.967040512703,575195.502569017,0.15655121148663645,575195.502569017,0.15655121148663645,0.0,DORMITORY,True,True,1.5655121148663644,0,,13055.461495117,0.0035533106647204033,30.0
89,47,67,93,128,ByteLeap,2026-09-01,8973595,0.002908477,0.0028878485318273306,0.007143196031689534,IN BAND,False,True,7.519e-05,4094.79170399,2820732.018355598,1.0,1407881.326055161,91062.83982418,-0.00022424396803000932,-5775.273119964404,,0.0,,,,0.04825625679749657,-0.466380117647389,0.08690888505222266,-2.02548763542682,-1.4721986327272083,-1.559107517779431,0.9316730490165616,1.6073637745769276,1,0.0,,0.0,0.0,0.00010681315327687457,0.001451676968015253,-0.5008807124776118,5GgMeLFN...,864853.49513595,0.20028310551434625,BUYBACK_GAMING,,False,5856038,1.0,96,5HQTcjYx...,,5.664048888618486,5.664048888618486,0.0,,COUNTER,186014.794503201,289.843039317,0.0,DIVERGENT,1.0,0.0,1295.967040512703,3774.579838642,0.001338156129004579,3774.573941721,0.001338154038440512,0.005896920999930444,NEITHER,True,True,0.01338154038440512,,,12370.968592562996,0.0043857298431968375,30.0
90,48,79,94,23,Trishool,2026-09-01,8973595,0.004142184,0.004115519812330604,0.0064789355622848314,IN BAND,False,True,5.15e-07,7357.137721817,4130533.829486779,1.0,1776149.464219976,584635.471150217,3.250270980840306e-05,-13996.482774151256,DISTRIBUTING_PRE_EMA,0.0,,,0.007846756640555577,0.00018396012840517337,3.9279642315032444,0.07882704934113212,2.1152879818131547,-1.7338492003489578,-1.81267624969009,0.6362373747527279,1.8128602098184952,1,0.2951577253433554,MINER_BURN_ONLY,2125.445376123069,2125.40033149043,1.5259021896696368e-05,0.001781159052444107,-0.5699951879385109,5CqTRwoF...,1430714.605093623,0.011249875106375437,,,False,2063528,1.0,188,5HKsvivb...,0.0899977111467155,0.7981809288955793,0.7263464722140179,0.25986967602130356,,COUNTER,1136244.908400961,0.055431535,0.0,DIVERGENT,-0.6315712662354166,1.6400110998575945,1295.967040512703,945781.824924466,0.228973266886905,945781.824924466,0.228973266886905,0.0,FORTRESS,True,True,2.289732668869051,0,,10270.697852526995,0.002486530379973461,30.0
91,51,82,95,101,Tag101,2026-09-01,8973595,0.004500134,0.004442303441464901,0.013018146845914017,IN BAND,False,True,4.3e-08,3946.289501836,2433083.072190311,1.0,876927.073452234,165780.862005765,0.0003527464605012477,-7260.966643809923,DISTRIBUTING_PRE_EMA,0.0,,,0.0783857681796248,2.863550683431239e-05,-1.0849926956012044,0.15838745329195386,-3.1451892150983216,-1.9018090662051634,-2.0601965194971172,1.0801110862335748,2.0602251550039514,1,0.3318433612403148,MINER_BURN_ONLY,2393.2139684190042,2389.2950853794073,0.001327534905012584,0.001621929619642403,-0.6395819280842743,5H8dNvi1...,1214725.048708316,0.0,,,False,5481350,0.9015859919325266,0,5H6Dezn7...,0.179995422293431,1.2865823453825684,1.0550034128101602,0.5500839310239586,,COUNTER,859729.88377094,6970.543419914,0.0,DIVERGENT,-0.663801403697958,1.8436387737408568,1295.967040512703,13574.61335476,0.005579182030369336,13574.61335476,0.005579182030369336,0.0,FORTRESS,True,True,0.055791820303693354,,,14796.724863646998,0.00608147129572797,30.0
92,49,40,96,50,Synth,2026-09-01,8973595,0.005755673,0.005771535215899348,-0.0027483529608640393,IN BAND,False,False,0.000827892,12115.23038981,3521221.581556938,1.0,2104919.613201758,1216138.109084311,-0.0056701551055483215,-13433.958350714762,,0.0,,,,0.1795838878829708,10.713935200154943,-0.03343829435717914,8.754985287301963,-1.9923882072101586,-1.9589499128529795,0.7463319019071806,2.1385338007359502,1,0.0,,0.0,0.0,0.0019836728465705278,0.00344063277734801,-0.40221885827287096,5DxyiWpG...,2368248.7658571163,0.0,,,False,4763204,0.05308462655760271,205,5CZbbBSr...,,12.60803079872757,12.60803079872757,0.0,,COUNTER,467621.572125367,0.0,0.0,DIVERGENT,1.0,0.0,1295.967040512703,212500.00519846,0.06034837634514932,212500.00519846,0.06034837634514932,0.0,DORMITORY,True,True,0.6034837634514932,,,10786.177359521009,0.0030631918809130463,30.0
93,50,13,97,8,Vanta,2026-09-01,8973595,0.028319919,0.028189767384901643,0.004616980811557352,IN BAND,False,False,0.003895655,79756.7612948,3121326.137480142,1.0,2816277.849076246,1395182.646190645,-0.008329727580013033,-11206.325534337666,,0.0,,,,0.12836255100879435,0.5009410039625922,0.05617326654061445,-1.5489950531231402,-1.9937627905451178,-2.0499360570857323,0.8419498265316145,2.1782986080945266,1,0.0225323179579191,,186.75642787793186,184.54924087861852,0.000747692072938122,0.02555220370505337,-0.09773033937514547,5F6tnxzA...,26464.92516706,0.08133913615405476,,,False,1477264,0.9051247594905781,31,5E2LP6En...,0.0,0.3640637258254128,0.3640637258254128,0.3657006821407316,,COUNTER,787107.150927941,0.0,0.0,DIVERGENT,0.7876169191837354,0.14240272716010446,1295.967040512703,607572.604255982,0.19465207334805376,607571.159893335,0.19465161060799285,1.4443626470165327,DORMITORY,True,True,1.9465161060799288,0,,10684.289976550002,0.0034229969910082735,30.0
94,52,27,98,105,Beam,2026-09-01,8973595,0.00707979,0.007032986963167787,0.006654787941073094,IN BAND,False,False,0.001733856,5135.422165208,2040537.597844835,1.0,725363.720501,525592.622391072,-0.0010888053840733777,-8732.319770069444,,0.0,,,,0.8872831524680397,-1.9793560063217766,0.08096658661638931,-4.114653970168751,-2.0543313772305853,-2.1352979638469747,1.2878958970300907,3.0225811163150142,1,0.0,,0.0,0.0,0.0015564202334630295,0.002516700584508663,-0.6445232719461081,5G3ic2pA...,2051442.935903844,0.2529568130155643,BUYBACK_GAMING,,False,6841399,0.0,131,5GbBrQUY...,0.0,4.4780090623672555,4.4780090623672555,0.05513252864968794,,COUNTER,451650.409847256,1869.377328683,0.0,DIVERGENT,1.0,0.0,1295.967040512703,189195.9168036,0.09271866247572406,189195.9168036,0.09271866247572406,0.0,DORMITORY,False,True,0.9271866247572452,,,16355.636243252991,0.008015356472984084,30.0
95,53,36,99,11,TrajectoryRL,2026-09-01,8973595,0.007731608,0.0076960155274719,0.004624792192927398,IN BAND,False,False,0.001081138,20036.018383462,3234170.730827846,1.0,2591442.345290952,977864.957967976,-0.004553696919034271,-13682.839907877147,,0.0,,,,0.14180615178239156,4.465531528865257,0.056268305013950005,2.220817579546252,-2.188445644305055,-2.2447139493190047,0.8125730577393836,2.386520101101396,1,0.0,,0.0,0.0,0.0,0.006195102253718501,-0.1987304253243955,5D2Jhtbn...,2520181.060768346,0.5901946630008515,BUYBACK_GAMING,,False,2918568,1.0,50,5E2LP6En...,0.0,0.37727611735144645,0.37727611735144645,0.0020753219801013245,,COUNTER,1145934.992162841,42796.465498293,0.0,DIVERGENT,1.0,0.0,1295.967040512703,46180.459268605,0.014278918187100238,46180.459268605,0.014278918187100238,0.0,DORMITORY,True,True,0.14278918187100237,,,8926.078068830999,0.0027599279109628834,30.0
96,54,80,100,65,True Performance Network,2026-09-01,8973595,0.002947034,0.0029386866372078657,0.002840507962449925,IN BAND,False,True,3.27e-07,6578.612219215,3559756.824362565,1.0,2232282.063475165,293827.485407921,-0.00012719120635281114,-15576.159970167559,,0.0,,,,0.00013062876657936583,-2.9035485464991866,0.03455951354314075,-5.16533133224187,-2.227223272199543,-2.2617827857426835,0.7382526755800485,2.2619134145092628,1,0.27682173464571,MINER_BURN_ONLY,1993.4731104100356,1993.3379765121185,4.57770656900891e-05,0.0018480510169098453,-0.372911538546944,5GxEEHxL...,1560768.473634964,0.0,,,False,4950813,0.8500274674967955,0,5DAmVrUg...,0.179995422293431,0.8702922409537264,0.713643621524564,0.5106902498206846,,COUNTER,994637.856869208,0.0,0.0,DIVERGENT,-0.5722912607878424,1.5381085430409756,1295.967040512703,171794.150223016,0.048260080308653856,171794.150223016,0.048260080308653856,0.0,FORTRESS,True,True,0.4826008030865385,,,10267.870391256001,0.002884430284952017,30.0
97,56,7,101,97,Albedo,2026-09-01,8973595,0.0233321,0.023031474323943257,0.01305281945169342,IN BAND,False,False,0.008720017,12173.090977839,1065224.33945523,1.0,521731.677649448,506482.969431553,-0.0002017478056674679,-4157.661583408131,,0.0,,,,1.882529648198534,-0.1421833006218529,0.1588093033289366,-2.6054030376773696,-2.30441043372658,-2.4632197370555167,2.4670859486218597,4.3457493852540505,1,0.0,,0.0,0.0,7.629510948348184e-05,0.011427725153242821,-0.5102144619111516,5GnW8owm...,1319650.769470458,0.0,,,False,7735450,0.19999999999999996,28,5E2LP6En...,0.0,0.642774818216325,0.642774818216325,0.1927091280861843,,COUNTER,70872.776437572,4583.298014649,0.0,DIVERGENT,1.0,0.0,1295.967040512703,7940.331821389,0.007454140435290647,7940.331821389,0.007454140435290647,0.0,DORMITORY,False,True,0.07454140435290647,,,27792.898998448007,0.026091122751346132,30.0
98,55,74,102,13,Data Universe,2026-09-01,8973595,0.00590163,0.0059019827749580145,-5.9772278480984634e-05,IN BAND,False,True,1.0313e-05,20524.600966751,2470739.975735339,1.0,3477784.867730405,969282.850575496,-0.0029832593986156373,-9170.69704060303,,0.0,,,,0.0013204916404418786,-1.04102058252814,-0.000727229388185313,-3.3587520840951695,-2.3184587309552147,-2.3177315015670295,1.0636489577248442,2.3190519932074714,1,0.25872314337126695,,1871.647538667079,1866.062004219837,0.0018921187151903496,0.008307066372147271,0.40758847507337326,5HBswBt1...,9688.739328169,0.17904168955475985,,,False,1907637,0.7058445827154454,77,5D4aUZhf...,0.0,0.3888260263795181,0.3888260263795181,0.06590874408667786,,COUNTER,635183.877278535,0.0,0.0,DIVERGENT,-0.5809938904838102,1.439899276668021,1295.967040512703,93697.039216446,0.03792266290124682,93697.039216446,0.03792266290124682,0.0,FORTRESS,True,True,0.3792266290124682,,,8921.293894673006,0.00361077814026863,30.0
99,59,53,8,18,Zeus,2026-09-01,8973595,0.00460767,0.004512170096859336,0.021164960781761413,IN BAND,False,False,0.000206737,10843.064758805,3281505.949236212,1.0,2353263.810462213,869546.830116473,0.00033872464815844845,-21492.586774831638,DISTRIBUTING_PRE_EMA,0.0,,0.07351321777784617,0.07351321777784617,0.0501062059560988,4.427406722613101,0.25750702284476384,1.2924579550128916,-2.877441744755446,-3.1349487676002097,0.800851816408159,3.1850549735563085,1,0.020538581707095136,SKIN_IN_GAME,155.41368801903445,154.5127953662535,0.00030518043793392735,0.0033042953224963014,-0.2828706651091981,5GgvCi6h...,2287919.555355338,1.9210881724666773,BUYBACK_GAMING,,False,1604679,0.16631305807830277,84,5DCSySUE...,0.179995422293431,0.3757877606597792,0.30814768398711945,0.6317106668701358,,COUNTER,336189.005777158,30745.295806132,0.0,DIVERGENT,0.7526811568420213,0.11922586804763648,1295.967040512703,472285.796249436,0.1439234923097924,375000.0,0.11427680028655236,97285.79624943598,DORMITORY,True,True,1.1427680028655236,0,,13137.646501017005,0.004003541881152117,30.0
100,58,28,103,62,Ridges,2026-09-01,8973595,0.010939368,0.010864326497539878,0.006907147210378314,IN BAND,False,False,0.001636725,30062.564615636,2634601.365361778,1.0,2748107.868442102,4368144.565896795,-0.02595581615076601,-15126.773738427553,,0.0,,,,0.14307872116016412,-0.7126828642111636,0.08403695772626948,-3.71583641474348,-2.9191165928060467,-3.0031535505323164,0.9974943589384835,3.1462322716924804,1,0.0039797485179311615,,33.21163804800017,32.94137025216588,9.15541313801782e-05,0.011410669185434007,0.04308303600665112,5DhsVYew...,10604.378171813,0.07168701437642251,,,False,4474225,0.10360298493796638,165,5HbsMWHU...,,18.467804107154006,18.467804107154006,0.0,,COUNTER,185875.910181663,170778.551517578,0.0,DIVERGENT,0.9626112860882842,0.0254183703924552,1295.967040512703,148548.657367881,0.05638373202144098,148548.657367881,0.05638373202144098,0.0,DORMITORY,True,True,0.5638373202144129,,,10583.536628953,0.004017130169330072,30.0
101,57,43,104,92,MicroTensor,2026-09-01,8973595,0.005265681,0.0053358557634055614,-0.013151548039741744,IN BAND,False,False,0.00072579,1150.120307742,580783.33659807,1.0,218418.114384776,73034.777610957,-2.6195570558567144e-05,-104.17858529297519,,0.0,,,,1.6584144346991836,7.994610645060193,-0.16001050115019122,5.032188989069432,-3.1224321571409517,-2.9624216559907603,4.524923210423825,4.620836090689944,1,0.0,,0.0,0.0,6.103608758678547e-05,0.0019802915050538693,-0.6239249006816271,5E9LPDS2...,765126.386026144,0.0,,,True,8352006,0.7512169812760373,1,5E2LP6En...,0.0,0.8271238622531226,0.8271238622531226,0.3874231303312835,,COUNTER,208207.171716452,0.041020142,0.0,DIVERGENT,1.0,0.0,1295.967040512703,50000.0,0.08609062424702864,50000.0,0.08609062424702864,0.0,DORMITORY,False,True,0.8609062424702864,,,38924.70163867801,0.06702103725406257,30.0
102,60,49,105,126,Poker44,2026-09-01,8973595,0.004413628,0.004353751428425312,0.01375286866029111,IN BAND,False,False,0.000354782,2462.940314582,1225038.229829309,1.0,558030.786972217,63293.180388302,-0.0001583244541660852,-7991.006746846833,,0.0,,,,0.3785585426004273,2.2209242422677886,0.16732656870020848,-1.9060739171265415,-3.959671590694122,-4.12699815939433,2.145239173773518,4.505556701994758,1,0.0,,0.0,0.0,1.5259021896696368e-05,0.002010500778351362,-0.5444788780678024,5DqrUa2z...,642447.696502826,0.16815858819986582,,,False,7525773,1.0,145,5DUYX7X2...,,3.5519062979595843,3.5519062979595843,0.0,,COUNTER,393147.939315364,5493.154491675,0.0,DIVERGENT,1.0,0.0,1295.967040512703,171439.094523612,0.13994591380833846,1096.553699538,0.0008951179423117175,170342.540824074,NEITHER,False,False,1.1391420363598752,0,,25311.484233679003,0.02066179129544862,30.0
103,62,76,106,22,Desearch,2026-09-01,8973595,0.003237683,0.0031677617225795984,0.022072770474498495,IN BAND,False,True,5.844e-06,7808.130483789,3544197.358561007,1.0,2411641.420950996,265305.341173906,-0.0015173520545156394,-39145.60106733674,,0.0,,,,0.0019669281951532284,0.0048802691417963815,0.268552040773065,-4.7473084111623445,-4.483636639531076,-4.75218868030414,0.7414936963518883,4.7541556084992935,1,0.1902879105055375,,1375.4289294509217,1372.5460729620227,0.0009765774013885675,0.002203074404118175,-0.31955215994951486,5DFuaMas...,1795050.070515821,0.171183727588797,,,False,2009702,0.5232240228498113,128,5HQhXWGt...,0.013550011444266423,0.40306555621649937,0.3976040133169762,0.004074469708530444,,COUNTER,1211879.744987295,0.0,0.0,DIVERGENT,-0.42677008262350946,1.059090262371969,1295.967040512703,763677.586285475,0.21547264698474314,763677.586285475,0.21547264698474314,0.0,FORTRESS,True,True,2.1547264698474318,0,,8836.320196640007,0.0024931794995264244,30.0
104,61,33,107,102,ConnitoAI,2026-09-01,8973595,0.00833952,0.00842679524794221,-0.010356872971788646,IN BAND,False,False,0.001257661,3956.153658851,938583.059734802,1.0,474386.258339675,226310.140878119,-9.995717380745074e-05,-6420.455733607465,,0.0,,,,0.8354410351593679,-6.97688210592481,-0.12600862115676184,-11.508633040255132,-4.657759555487084,-4.531750934330322,2.7999653016777706,5.36719196948969,1,0.08082902811560382,MINER_BURN_ONLY,669.9594757739978,669.7342526108026,7.629510948348184e-05,0.0042150277674613225,-0.49457189772776816,5HBc11rC...,908684.50709192,0.0,,,False,7840965,0.2501754921410041,0,5EEinUEy...,0.179995422293431,0.9664290181722729,0.7924762189297287,0.5648757114736087,,COUNTER,133559.845068104,7309.092357836,0.0,DIVERGENT,0.39358069574940957,0.5167833993261481,1295.967040512703,2002.340459168,0.002133365223674252,2002.340459168,0.002133365223674252,0.0,EXPOSED,False,True,0.021333652236742523,,,27333.150329316995,0.029121717088139237,30.0
105,63,75,108,123,MANTIS,2026-09-01,8973595,0.002674188,0.0026640743017196655,0.003796327404909895,IN BAND,False,True,1.0007e-05,6072.901536868,1989216.579195652,1.0,2270932.964741325,547307.20576901,-0.0026115959502149458,-19626.792817875277,,0.0,,,,0.004330449924199325,3.3057177930086232,0.04618865009307039,-1.53657484296826,-4.796103985883812,-4.842292635976883,1.3211231132321664,4.846623085901083,1,0.12800235025157003,SKIN_IN_GAME,930.5161741650081,925.0657736156834,0.0018463416495002605,0.0030529111814077093,0.14162174888516038,5HVuEdEG...,1770890.396504809,0.25907985421845653,BUYBACK_GAMING,,False,5794330,0.37207631393891216,123,5Di2sMNB...,,2.9435294664877802,2.9435294664877802,0.0,,COUNTER,288604.915438495,8560.983387542,0.0,OK,-0.1557242279301006,0.713803472385929,1295.967040512703,350656.879907587,0.1762788846498437,350656.879907587,0.1762788846498437,0.0,FORTRESS,True,True,1.7627888464984371,0,,11407.428157354,0.005734633562106466,30.0
106,66,10,109,114,SOMA,2026-09-01,8973595,0.013754896,0.012858030386269093,0.06975139945917831,IN BAND,False,False,0.004359831,6249.693297131,1586438.136656806,1.0,454361.486512418,209318.239404675,-0.00033109223172571404,-24142.429683263297,,0.0,,,,1.8333117039935019,12.468329362787191,0.8486420267533361,6.639953786830086,-4.979733549203769,-5.828375575957105,1.6565411151412044,7.661687279950607,1,0.0,,0.0,0.0,3.0518043793392735e-05,0.003939449735053233,-0.7135965451826584,5FHrQMjz...,1013642.805345026,0.11778789551294093,,,False,7312241,0.9999389620496544,29,5FeYJbEu...,0.013550011444266423,0.5979558070676733,0.5898534990387407,0.002212726995269342,,COUNTER,373811.447473431,13816.272943106,0.0,DIVERGENT,1.0,0.0,1295.967040512703,146039.760277138,0.09205512456029084,146039.760277138,0.09205512456029084,0.0,DORMITORY,False,True,0.9205512456029086,,,24586.398804248,0.01549786167903172,30.0
107,64,60,110,76,Phylax,2026-09-01,8973595,0.003102875,0.0031281181145459414,-0.008069744690444762,IN BAND,False,False,0.00010243,1260.307784802,1219993.035116539,1.0,406174.122816196,67913.414066098,-0.0004971316610077797,-10444.61558367894,,0.0,,,,0.21358754047709888,12.217666952303176,-0.0981818937337446,7.299266532355559,-5.016582313681361,-4.918400419947617,2.1541106583030305,5.131987960424716,1,0.0,,0.0,0.0,0.00012207217517357094,0.0010330450654430251,-0.6670684234965878,5FFNhWd8...,827639.171468896,0.35059584476170635,BUYBACK_GAMING,,False,7574784,0.7578555404642361,130,5CVautuH...,,19.08114637095841,19.08114637095841,0.0,,COUNTER,475840.83810665,7026.080961259,0.0,DIVERGENT,1.0,0.0,1295.967040512703,56651.148490303,0.046435632712355145,56651.148490303,0.046435632712355145,0.0,DORMITORY,False,True,0.46435632712355146,,,28619.044139301,0.023458366823026315,30.0
108,65,59,111,32,ItsAI,2026-09-01,8973595,0.003235648,0.0031363717280328274,0.03165322244166504,IN BAND,False,False,0.00010347,7474.533157827,3612844.72455031,1.0,2310057.087650306,304610.922418724,-0.0011755096356559623,-49925.01112119295,,0.0,,,,0.03637941718343416,2.274983846444947,0.3851142063735913,-3.4619867858448345,-5.351856425916191,-5.736970632289782,0.727404635505642,5.7733500494732155,1,0.0,,0.0,0.0,0.004440375371938643,0.0020688774989512876,-0.3605987119268574,5DWgkCSv...,48232.83779142,0.015133445454125326,,,False,2515294,0.24423701796333763,244,5Fqd2mAp...,,5.272092658204372,5.272092658204372,0.0,,COUNTER,17419.272873098,0.0,0.0,DIVERGENT,1.0,0.0,1295.967040512703,634410.218859858,0.17559852892344352,634410.218859858,0.17559852892344352,0.0,DORMITORY,True,True,1.7559852892344354,0,,11527.90957013399,0.0031908123512196795,30.0
109,68,46,112,85,Vidaio,2026-09-01,8973595,0.00501589,0.004940225975587964,0.015315903520593716,IN BAND,False,False,0.000556759,12525.844867824,2605772.194610593,1.0,2497232.416306796,1404455.426005419,-0.006693889346863315,-35993.8595125624,,0.0,,,,0.11681149395028248,-1.9873649680788825,0.1863434928338902,-8.01529769891295,-5.841589238000177,-6.027932730834067,1.0085302181961187,6.14474422478435,1,0.0,,0.0,0.0,0.00010681315327687457,0.004806960828629098,-0.041653459579636294,5GTPBjA4...,2979776.682174273,0.7220790203948716,BUYBACK_GAMING,,False,5258781,0.4800695885728238,0,5FR392L6...,0.179995422293431,0.3614986229462684,0.296430525650561,0.999725333414716,,COUNTER,496360.999970373,0.0,0.0,DIVERGENT,1.0,0.0,1295.967040512703,143874.406841709,0.055213731706585195,143874.406841709,0.055213731706585195,0.0,DORMITORY,True,True,0.552137317065852,,,10571.652096992999,0.004057013164411645,30.0
110,67,57,113,55,NIOME,2026-09-01,8973595,0.003282846,0.0032434919849038124,0.012133224092845882,IN BAND,False,False,0.000108903,7259.46098553,3187605.911911539,1.0,2211331.105564831,549313.409773939,-0.002858824195392448,-45381.57749608252,,0.0,,,,0.039424012963285494,8.459083937900138,0.1476208931296249,2.458278808772403,-5.85318423599811,-6.000805129127735,0.8244431942416761,6.040229142091021,1,0.007172821027184545,SKIN_IN_GAME,53.62780547403963,53.35753767820535,9.15541313801782e-05,0.0022774022843923816,-0.3062719712126668,5GeWUxaF...,1267626.547304824,0.3210025179066466,BUYBACK_GAMING,,False,4703386,0.020082711471257064,142,5E2LP6En...,0.0,0.3127486635768992,0.3127486635768992,0.5919884022585076,,COUNTER,320175.300575927,0.0,0.0,DIVERGENT,0.9422569462107387,0.04117198664025926,1295.967040512703,14841.866940702,0.004656117271347904,14841.866940702,0.004656117271347904,0.0,NEITHER,True,True,0.04656117271347904,,,13592.533051228,0.004264182407378222,30.0
111,69,41,11,67,Harnyx,2026-09-01,8973595,0.005727222,0.005569504806771874,0.028317992119579354,IN BAND,False,False,0.000826136,3313.954695216,927367.854961526,1.0,578632.146131878,67103.204546945,0.00015566218436049352,-11756.755685802083,DISTRIBUTING_PRE_EMA,0.0,,0.027179352286412772,0.027179352286412772,0.6551343055878713,1.2164462004473644,0.34453557078821545,-5.680488614702837,-6.552399244361986,-6.8969348151502015,2.8338269284835507,7.552069120738072,1,0.005709082125512198,SKIN_IN_GAME,49.151835147000384,47.03473741296514,0.0007171740291447293,0.003573506109238051,-0.37604896243972186,5HEAv3TU...,1035228.893019988,0.31875856025279853,BUYBACK_GAMING,,False,7236936,0.004275592474957235,7,5G9hfkx9...,0.009994659342336155,0.7196814982712002,0.7124885268609975,0.013428349076038027,,COUNTER,277592.391181319,6279.314248273,0.0,DIVERGENT,0.9589194037882584,0.03629315865498981,1295.967040512703,522.283347221,0.0005631889701877451,522.283347221,0.0005631889701877451,0.0,NEITHER,False,True,0.005631889701877451,,,28273.93488139799,0.030488370639686447,30.0
112,70,37,114,81,Reliquary,2026-09-01,8973595,0.006952003,0.006788222119212151,0.024127212974412518,IN BAND,False,False,0.001050003,19024.516542565,2586722.711953971,1.0,2736551.790488344,900534.011380074,-0.010295262693937652,-41777.645290405955,,0.0,,,,0.14504483611061372,1.7101338352830309,0.2935477578553523,-5.218303278621616,-6.634889356049295,-6.928437113904647,1.0159573687025962,7.073481950015261,1,0.0006233235328183268,MINER_BURN_ONLY,5.976572340005077,5.165768952502219,0.0002746623941405346,0.00735467951576231,0.057922373704716444,5GnpQR4N...,57667.553470802,0.02993235328099349,,,False,5203057,0.018117435169498042,170,5GxSiKC5...,,15.773073328702152,15.773073328702152,0.0,,COUNTER,851956.997110776,0.0,0.0,DIVERGENT,0.9932770596467044,0.003986034205359549,1295.967040512703,523052.581411325,0.20220666830431896,518163.787806175,0.2003167117262298,4888.793605150015,DORMITORY,True,True,2.0031671172622993,0,,10707.976630491994,0.004139591994537115,30.0
113,72,22,115,38,ChronoLLM,2026-09-01,8973595,0.008061668,0.0076264741364866495,0.05706357298601344,IN BAND,False,False,0.002175813,4742.551188543,1526440.990580516,1.0,588284.197167189,188379.231304272,-0.0014355570088288021,-27042.140891890507,,0.0,,,,1.2056878959606312,-6.144290980695407,0.6942734713298301,-13.570357704636175,-6.731793252610937,-7.426066723940767,1.7216518792518496,8.631754619901399,1,0.0,,0.0,0.0,0.0,0.003106933853197545,-0.6146040927017157,5GeWgtBA...,1496631.046697099,0.05014863166221301,,,False,7284230,1.0,10,5HbScNss...,0.0899977111467155,1.0591209511218613,0.9638024896933615,0.01898309222975035,,COUNTER,485297.062238848,10641.406258159,0.0,DIVERGENT,1.0,0.0,1295.967040512703,33008.560542264,0.021624524463084955,33008.560542264,0.021624524463084955,0.0,DORMITORY,False,True,0.21624524463085407,,,20915.429326351004,0.01370208835809416,30.0
114,71,73,116,35,OxMarkets,2026-09-01,8973595,0.002517226,0.0024858012329787016,0.012641705460755022,IN BAND,False,True,4.1871e-05,7263.960348602,2993859.287721701,1.0,2885699.681007057,789260.064759837,-0.005304274305624786,-52198.289453576785,,0.0,,,,0.015148346455549883,3.206453692213158,0.1538074164391861,-4.080640226351816,-7.133286502125789,-7.287093918564975,0.8777967657925178,7.302242265020524,1,0.0,,0.0,0.0,1.5259021896696368e-05,0.0024262864919512655,-0.03612687460273116,5EqZVDbW...,9248.54954318,0.0,,,False,3037158,0.0,22,5E2LP6En...,0.0,0.3148919160208961,0.3148919160208961,0.12429042299945066,,COUNTER,266886.343998939,0.0,0.0,DIVERGENT,1.0,0.0,1295.967040512703,90668.352061911,0.030284774048585556,90668.352061911,0.030284774048585556,0.0,DORMITORY,True,True,0.30284774048585694,,,8704.73975779701,0.002907531357100365,30.0
115,73,54,117,99,Thirty Spokes,2026-09-01,8973595,0.003520874,0.003547893837094307,-0.00761574002350537,IN BAND,False,False,0.000165762,728.256980988,344703.966268485,1.0,206839.820002684,30366.087611869,,-730.1951334920013,,,,,,0.5981714523477778,-3.0885009029555417,-0.092658170285982,-10.566672151252265,-7.570829418582705,-7.478171248296723,7.623933163429539,8.076342700644501,1,0.0,,0.0,0.0,0.0,0.0021127026441603836,-0.39994937502438777,5DebFXsw...,1060955.585340215,0.0,,,True,8572056,1.0,1,5E2LP6En...,0.0,1.0137634696840616,1.0137634696840616,0.002334665974913785,,COUNTER,71855.770976887,0.012273672,0.0,DIVERGENT,1.0,0.0,1295.967040512703,0.0,0.0,0.0,0.0,0.0,NEITHER,False,,,,,48675.504622085995,0.14120958673325312,30.0
116,74,63,118,106,Nodexo,2026-09-01,8973595,0.003035616,0.0029895822517573833,0.015398053763383317,IN BAND,False,True,8.599e-05,6700.699482995,2534062.090802431,1.0,2207360.548140474,357104.877458648,-0.0008091572467977437,-55612.60099377623,,0.0,,,,0.03372509401048282,-5.147885308669845,0.187342987454497,-14.300300174062254,-8.965071877937913,-9.15241486539241,1.0370700897734604,9.186139959402894,1,0.0,,0.0,0.0,0.00015259021896696368,0.0026442522885748113,-0.1289239849260212,5CTdHCps...,1209196.19476298,0.2901623840962895,BUYBACK_GAMING,,False,5558480,0.3675543685616177,31,5E4vCZrj...,0.0,0.42488020175880103,0.42488020175880103,0.032901463474187,,COUNTER,838637.534343767,0.0,0.0,DIVERGENT,1.0,0.0,1295.967040512703,300847.982542071,0.11872163023708907,300847.982542071,0.11872163023708907,0.0,DORMITORY,True,True,1.1872163023708917,0,,11444.608338122996,0.004516309359451792,30.0
117,75,19,119,91,cascade,2026-09-01,8973595,0.00872096,0.008101309882476926,0.07648764539465064,IN BAND,False,False,0.002553166,3882.767907628,1124893.868937128,1.0,445222.547494323,157085.109833148,-0.00013977869327964234,-28428.312055812392,,0.0,,,,1.7280765700206369,5.368685228833906,0.930599685634916,-5.112713317576548,-9.550798860775537,-10.481398546410453,2.336220396047765,12.20947511643109,1,0.0,,0.0,0.0,1.5259021896585345e-05,0.003451674877823531,-0.6042092983084969,5HEe7NjS...,360826.496870637,0.2759240216024978,BUYBACK_GAMING,,False,7633645,0.0,2,5G9hfkx9...,0.009994659342336155,0.7968640872681007,0.7888997021737144,0.007935054629799182,,COUNTER,399376.775480423,9542.545852108,0.0,DIVERGENT,1.0,0.0,1295.967040512703,63997.042729314,0.056891627287276904,63997.042729314,0.056891627287276904,0.0,DORMITORY,False,True,0.568916272872772,,,29099.007416824996,0.025868224745788336,30.0
118,76,77,120,74,Gittensor,2026-09-01,8973595,0.004068221,0.00395130249671638,0.029589863945061683,IN BAND,False,True,5.091e-06,6689.953591449,3495614.711658601,1.0,1644441.764707513,347910.255062835,-0.0012658894502273344,-94437.74642913113,,0.0,,,,0.00199988651895897,7.8389518033111445,0.3600100113315838,-2.7901292624029876,-10.269071054382549,-10.629081065714132,0.7517991016673188,10.631080952233091,1,0.0,,0.0,0.0,9.15541313801782e-05,0.0019138132040515262,-0.5295700002405165,5D1VXeeS...,216.588029224,0.0,,,False,5086205,0.7386042820735857,195,5E2LP6En...,0.0,0.28395807570027043,0.28395807570027043,0.07605908924429251,,COUNTER,531791.422968235,131636.03043447,1929.558060677009,DIVERGENT,0.2891269940042389,0.0,1295.967040512703,378229.609193408,0.10820117215204916,378229.609193408,0.10820117215204916,0.0,DORMITORY,True,True,1.0820117215204916,0,,9903.514354718998,0.0028331252645460957,30.0
119,77,48,5,96,Verathos,2026-09-01,8973595,0.007877367,0.007526646368205547,0.046597198092896294,IN BAND,False,False,0.000394592,3397.191748019,794180.978066243,1.0,431259.838578588,84746.445027087,0.0007914143622985852,-17696.437141047383,DISTRIBUTING_PRE_EMA,0.0,,0.10046686441022555,0.10046686441022555,0.3052485266999419,0.3589511430474063,0.5669325767969049,-10.914352687707135,-10.706371253957636,-11.273303830754541,3.3090694345247806,11.578552357454482,1,0.1441900494808589,MINER_BURN_ONLY,1092.1541372780048,1090.1721734418868,0.0006713969634546402,0.0042776040245774295,-0.45697540503350553,5CGq1JQh...,650724.242961385,0.0,,,False,7692872,0.40455940510909894,0,5GpKXttD...,0.179995422293431,1.4261626594841208,1.1694599093311537,0.45702731573325195,,COUNTER,248165.656523949,7897.141864024,0.0,OK,-0.23209314091218478,0.8412036258349588,1295.967040512703,173959.086823546,0.21904212217109537,173959.086823546,0.21904212217109537,0.0,FORTRESS,False,True,2.190421221710958,0,,32058.349165118005,0.04036655378371956,30.0
120,78,55,3,82,Compelle,2026-09-01,8973595,0.003637978,0.003518797690048814,0.03386961128462401,IN BAND,False,False,0.00016066,1670.102114962,728369.148905017,1.0,459074.298240803,114078.507066495,0.0004909697292762227,-20506.339712254005,DISTRIBUTING_PRE_EMA,0.0,,0.13495676149669478,0.13495676149669478,0.25280758357078464,8.661516776241923,0.4120802706295921,-5.252409029260363,-13.501845534872693,-13.913925805502286,3.6080605609817016,14.166733389073071,1,0.0,,0.0,0.0,0.0,0.002292933627780259,-0.36972306380625203,5H6h1PUD...,372650.22320247,0.08591754347281846,,,False,8026517,0.0,5,5E2LP6En...,0.0,0.7489334024984122,0.7489334024984122,0.4500465428575789,,COUNTER,51466.221683119,7195.897335065,0.0,DIVERGENT,1.0,0.0,1295.967040512703,744.314271862,0.0010218915408223344,744.314271862,0.0010218915408223344,0.0,NEITHER,False,True,0.01021891540822334,,,34088.83552022,0.04680159170863695,30.0
121,79,78,121,45,AlphaRidge.ai,2026-09-01,8973595,0.002854758,0.002630587201565504,0.08521701858090412,IN BAND,False,True,1.502e-06,6770.188260471,3257201.370443605,1.0,2371544.871883697,742785.096624289,-0.0007759101295867152,-128290.74087950308,,0.0,,,,0.0005830348947675187,-1.4152167926021584,1.0368070594010002,-17.097718820057136,-14.645694968053977,-15.682502027454978,0.8068276109198884,15.683085062349745,1,0.22376946599484768,MINER_BURN_ONLY,1616.7626069489634,1611.9878758892244,0.001617456321049815,0.002078529231230476,-0.27190702986716353,5FbcZiAH...,917.231765369,0.0,,,False,3633154,0.5921074752785462,48,5G9hfkx9...,0.009994659342336155,0.3549019930722115,0.3513548685515386,0.015000991927238323,,COUNTER,1049792.154903831,0.0,0.0,OK,-0.19158027480313924,1.2438494386797823,1295.967040512703,111021.638586143,0.034084978470650326,111019.200205241,0.03408422985838332,2.4383809020073386,FORTRESS,True,True,0.34084229858383325,,,10689.453962461997,0.003281790944661852,30.0
122,80,42,122,40,Ralph,2026-09-01,8973595,0.005648568,0.005379437236115336,0.050029538792241986,IN BAND,False,False,0.000745996,2148.738171326,443264.672555816,1.0,380404.071763331,78417.529517811,-1.8552276038102824e-06,-12181.070639197307,,0.0,,,,0.9123854707668625,1.0700580027800852,0.6086927219722774,-14.806923116831907,-15.268288397639715,-15.876981119611992,5.928737755813557,16.789366590378854,1,0.0,,0.0,0.0,0.0,0.0048475285858821295,-0.14181283010452742,5HeKCDfd...,755171.871305288,0.6235279486141204,BUYBACK_GAMING,,True,8409860,1.0,6,5E2LP6En...,0.0,0.8582663550428977,0.8582663550428977,0.23518998931786966,,COUNTER,22349.634720453,0.042920633,0.0,DIVERGENT,1.0,0.0,1295.967040512703,22427.898380107,0.050597080635346306,22427.898380107,0.050597080635346306,0.0,DORMITORY,False,True,0.505970806353463,,,39626.021048477975,0.08939584745158832,30.0
123,81,62,123,117,glyph,2026-09-01,8973595,0.003346613,0.0031228759326040745,0.07164455848534391,IN BAND,False,False,0.000101762,3292.810969883,1847927.403517451,1.0,983923.445044185,225812.70520044,-0.0007537834211656891,-83727.15436829021,,0.0,,,,0.08121648598902183,17.352814488981867,0.8716754615716843,-1.3226249841204343,-17.803764011530617,-18.6754394731023,1.4221337889127648,18.756655959091322,1,0.0,,0.0,0.0,0.0,0.0017818941174936173,-0.4675529804331671,5HdThE9W...,2059639.51706605,0.44443974910428435,BUYBACK_GAMING,,False,5710859,1.0,125,5EsLkLnu...,,10.152728114886294,10.152728114886294,0.0,,COUNTER,289424.602021989,152114.577965748,0.0,DIVERGENT,1.0,0.0,1295.967040512703,184995.455974437,0.10010969891041502,154144.143623114,0.08341460997315545,30851.312351322995,DORMITORY,True,True,0.8341460997315544,,,17932.090242983006,0.009703893242153365,30.0
124,82,81,124,2,DSperse,2026-09-01,8973595,0.003472271,0.0033722317311912775,0.02966559737974543,IN BAND,False,True,1.39e-07,8235.845835074,3282801.148986033,1.0,2371889.760334011,703894.47013178,-0.002026472196230547,-156234.3008315391,,0.0,,,,4.435391425666697e-05,6.638355996525572,0.3609314347869027,-12.388824444984252,-18.66624900672292,-19.027180441509824,0.8005358475068515,19.02722479542408,1,0.3109592006464014,SKIN_IN_GAME,2239.176467515994,2238.996288985438,6.103608758678547e-05,0.002508786082768926,-0.2774797581269071,5EcYQ3W7...,2907714011205574.0,541036520.353521,BUYBACK_GAMING,,False,2734060,0.8240069585387069,14,5CFxLBvp...,0.179995422293431,0.6502568718419688,0.5332136115955681,0.9308440022584041,,COUNTER,686651.572707395,0.0,0.0,DIVERGENT,-0.6502793648966447,1.727664530804471,1295.967040512703,1144508.261830867,0.34863770599823696,1144508.261830867,0.34863770599823696,0.0,FORTRESS,True,True,3.4863770599823694,0,,9401.042238836999,0.00286372576716708,30.0
125,83,69,125,66,conjectures,2026-09-01,8973595,0.003033411,0.002842891262844205,0.06701618864071063,IN BAND,False,True,7.0738e-05,6740.83033152,3457327.464861228,1.0,2222194.72903593,1358762.208421443,-0.005772511456838813,-218933.88629233418,,0.0,,,,0.02757812537288433,13.109950001697344,0.8153636284619793,-12.32741300545912,-24.621999378694483,-25.437363007156463,0.7601246994130144,25.464941132529347,1,0.0,,0.0,0.0,0.0,0.0019497228422910083,-0.35725068502388624,5CJCRGep...,1048815.91586872,0.0,,,False,4958013,1.0,121,5Gn2SyG6...,,13.11602023055641,13.11602023055641,0.0,,COUNTER,876389.726869251,0.0,0.0,DIVERGENT,1.0,0.0,1295.967040512703,392806.591766313,0.11361567446492364,392806.591766313,0.11361567446492364,0.0,DORMITORY,True,True,1.1361567446492364,0,,10821.467190090001,0.003130009320804779,30.0
126,126,126,126,36,SN36,2026-09-01,8973595,0.005281295,0.0,,N/A,False,True,0.0,503.143267211,0.0,0.0,95268.915526717,1.994240421,,,,,,,,,0.20778505304295067,,0.20778505304295067,,,,,,,,,,0.0,,,5DCjvVt6...,379549.86281443,,,,True,8884359,1.0,0,5EFY7fKV...,,0.0,0.0,0.0,,,0.0,0.0,,NO_ESTIMATE,,,,0.0,,0.0,,0.0,,False,,,,,0.0,,30.0
127,127,127,127,59,SN59,2026-09-01,8973595,0.005121077,0.0,,N/A,False,True,0.0,530.274704661,0.0,0.0,103547.483500943,1.213992187,,,,,,,,,64.94312833584634,,64.94312833584634,,,,,,,,,,0.0,,,5GzrQ2fe...,528937.902244747,,,,True,8938771,1.0,0,5FKjMupT...,,0.0,0.0,0.0,,,0.0,0.0,,NO_ESTIMATE,,,,0.0,,0.0,,0.0,,False,,,,,0.0,,30.0
128,128,128,128,86,SN86,2026-09-01,8973595,0.005989978,0.0,,N/A,False,True,0.0,709.206653217,0.0,0.0,118398.856999575,2.080993178,,,,,,,,,6.964022476730688e-05,,6.964022476730688e-05,,,,,,,,,,0.0,,,5F4XAWGz...,285148.377501458,,,,True,8693284,1.0,0,5F1N5GEH...,,0.0,0.0,0.0,,,0.0,0.0,,NO_ESTIMATE,,,,0.0,,0.0,,0.0,,False,,,,,0.0,,30.0
