combined_apy_rank,real_apy_rank,emission_rank,epr_rank,netuid,name,date,block,spot_price,moving_price,momentum_30d,ema_band,ema_lag_flag,low_emission,tao_emission,tao_reserves,alpha_outstanding,alpha_out_emission,alpha_in_pool,volume,ema_tao_inflow,pool_growth_real,pool_ema_divergence,flow_momentum,flow_price_divergence,emission_price_ratio,emission_price_ratio_raw,emission_apy,price_apy_7d,price_apy_30d,combined_apy_7d,combined_apy_30d,real_apy,gross_emission_rate,net_supply_delta,supply_days_gap,supply_defence,supply_defence_quality,burned_tokens,manual_burn,miner_burn_rate,liquidation_price,liquidation_haircut,owner_coldkey,owner_stake,owner_inflow_pct,owner_inflow_flag,large_entry_anomaly,immune,registered_at,vali_miner_share,best_validator_uid,best_validator_hotkey,best_validator_take,best_validator_raw_apy,best_validator_apy,best_validator_div_pct,best_validator_trust,burned_source,alpha_burned_cum,alpha_recycled_cum,recycled_tokens,recon_flag,recon_gap_relative,burn_coverage,owner_cut_emission,total_locked_alpha,locked_float_ratio,owner_locked_alpha,owner_lock_ratio,community_locked_alpha,commitment_class,gate_eligible,leader_is_owner,leader_pct_of_threshold,leader_blocks_to_threshold,governance_flag,basket_alpha,basket_share,ema_halving_days
1,1,60,11,76,Phylax,2026-09-03,8987936,0.001852251,0.002254365012049675,-0.17837129741650476,IN BAND,True,True,3.954e-05,974.882959659,1114567.650684902,1.0,526323.254772449,69962.051628677,-0.0004971316610077797,103738.74862369685,ACCUMULATING_PRE_EMA,0.0,,,,0.10658830269876356,-15.989300643427704,-2.1701841185674744,13.153957999003627,26.973074523863858,29.14325864243133,2.357864951835892,-29.036670339732567,1,0.0,,0.0,0.0,0.0001831082627603564,0.0008746736540038052,-0.5277780095657634,5FFNhWd8...,703500.211220105,,,,False,7574784,0.5021748088457488,14,5DP6GKHh...,,14.62474213179592,14.62474213179592,0.0,,COUNTER,475840.83810665,7026.080961259,0.0,OK,0.0,0.0,1295.967040512703,56651.148490303,0.05082791381527255,56651.148490303,0.05082791381527255,0.0,DORMITORY,False,True,0.5082791381527255,,,29233.438200731,0.026228500515663673,30.0
2,2,68,12,2,DSperse,2026-09-03,8987936,0.003325979,0.0035435897298157215,-0.06140968520840527,IN BAND,False,True,2.43e-07,8060.486688621,3245540.023895161,1.0,2423492.529934706,706115.192509947,-0.002026472196230547,160808.6059025419,ACCUMULATING_PRE_EMA,0.0,,,,7.922648155991846e-05,3.5470831350057597,-0.7471511700355974,20.046570442357588,15.752336137316231,16.499487307351828,0.8097265726663214,-16.499408080870268,1,0.36624711930637033,MINER_BURN_ONLY,2637.351594215026,2637.17141568447,6.103608758678547e-05,0.00248355793774718,-0.2532851416839433,5EcYQ3W7...,2897931546766115.0,,,,False,2734060,0.8227098625078207,14,5CFxLBvp...,0.179995422293431,0.6535139952840119,0.5358844677281989,0.9349803155613879,,COUNTER,691822.675299927,0.0,0.0,DIVERGENT,-0.9813505470839893,2.034906238542276,1295.967040512703,1144508.261830867,0.3526403166821145,1144508.261830867,0.3526403166821145,0.0,FORTRESS,True,True,3.5264031668211446,0,,9625.746955119002,0.0029658383148104222,30.0
3,3,50,13,66,conjectures,2026-09-03,8987936,0.002975424,0.003106646239757538,-0.04223919610743298,IN BAND,False,False,0.000137985,6677.655635181,3450108.695388522,1.0,2244270.043268283,1362808.882902861,-0.005772511456838813,70835.53445146792,ACCUMULATING_PRE_EMA,0.0,,,,0.05430417496965923,10.096829920445412,-0.5139102193071012,16.73522977479371,6.124489635041196,6.638399854348298,0.761715131906607,-6.584095679378638,1,0.0,,0.0,0.0,0.0,0.001935491378606847,-0.3495073715185308,5CJCRGep...,1056190.90133121,,,,False,4958013,1.0,121,5Gn2SyG6...,,12.236593348335225,12.236593348335225,0.0,,COUNTER,876389.726869251,0.0,0.0,DIVERGENT,1.0,0.0,1295.967040512703,392806.591766313,0.11385339606585307,392806.591766313,0.11385339606585307,0.0,DORMITORY,True,True,1.1385339606585307,0,,10919.340257574993,0.0031649264477290186,30.0
4,4,57,14,1,Apex,2026-09-03,8987936,0.007318643,0.007374666864052415,-0.007596799297538687,IN BAND,False,True,8.9559e-05,24297.004333358,2505135.325115957,1.0,3319878.10302418,833984.576555738,-0.002493990990679855,25443.204868567176,ACCUMULATING_PRE_EMA,0.0,,,,0.009686834178025254,-2.1691975160667316,-0.09242772478672069,0.472966909624005,2.549736700904016,2.6421644256907366,1.0490451248889543,-2.6324775915127114,1,0.2510980868042118,MINER_BURN_ONLY,1830.1200243120547,1830.0299350467767,3.0518043793392735e-05,0.009698878974625192,0.32522914078814785,5HCFWvRq...,15903.536912763,,,ENTRY_PRE_EMA_PATTERN,False,1497824,0.6233042894419605,226,5CAQAgXx...,0.0899977111467155,0.4175412557779611,0.37996349844861926,0.03286943783189892,,COUNTER,863333.038379931,0.0,0.0,DIVERGENT,-0.9758933183214361,1.4120960470744617,1295.967040512703,192837.392404287,0.07697683652892524,192824.591394465,0.07697172662141101,12.801009821996558,FORTRESS,True,True,0.76971726621411,,,9375.789001316003,0.003742627756399555,30.0
5,5,41,15,26,Perturb,2026-09-03,8987936,0.003732171,0.0037984526716172695,-0.017449650514942152,IN BAND,False,False,0.000295617,2067.257410861,913299.631019548,1.0,553902.085422381,65210.181628201,-0.00014188253281285655,12003.265984846745,ACCUMULATING_PRE_EMA,0.0,,,,0.3758029706017276,-1.314636478534104,-0.2123040812651295,0.7688048612481921,1.8711372585171666,2.083441339782296,2.8774784427168467,-1.7076383691805683,1,0.0,,0.0,0.0,6.103608758678547e-05,0.002263504046917493,-0.3935154506807183,5FsVAEPM...,1552424.48086481,,,ENTRY_REPEATED,False,8123781,0.7000350978926004,143,5CDK1b4s...,0.179995422293431,0.6057476191437301,0.49671582063271397,0.09843745231482894,,COUNTER,93577.704880545,1668.571827101,0.0,DIVERGENT,1.0,0.0,1295.967040512703,41892.061031616,0.045868912686245635,38337.563867251,0.04197698385627666,3554.4971643649988,DORMITORY,False,True,0.419769838562771,,,30295.164027566996,0.03317111164683977,30.0
6,6,40,16,88,Investing,2026-09-03,8987936,0.003764493,0.0038052303716540337,-0.010705625592998293,IN BAND,False,False,0.000297585,6851.22269092,3334539.635566782,1.0,1819958.593866023,711796.129526364,-0.0006446650318909965,23817.714540031273,ACCUMULATING_PRE_EMA,0.0,,,,0.11414800179192305,-4.84235189588959,-0.1302517780481459,-2.971165345550634,1.7409347722908102,1.871186550338956,0.7881147886110853,-1.757038548547033,1,0.0,,0.0,0.0,0.0008239871824216038,0.002054623258288389,-0.4542098342888699,5FhMsGJS...,3058811.582470934,,,,False,5299805,0.024098593485133102,170,5DjtmV76...,0.0,0.26679085631054433,0.26679085631054433,0.0087594805353355,,COUNTER,175269.313011837,0.0,0.0,DIVERGENT,1.0,0.0,1295.967040512703,1134351.164613294,0.34018224060500174,1134351.164613294,0.34018224060500174,0.0,DORMITORY,True,True,3.401822406050018,0,,10018.695124834,0.0030045212292494133,30.0
7,7,48,17,32,ItsAI,2026-09-03,8987936,0.003135872,0.0031562058720737696,-0.006442504987930095,IN BAND,False,False,0.000146625,7360.284791007,3590127.151208854,1.0,2347124.992996867,304843.85789183,-0.0011755096356559623,22720.606853330042,ACCUMULATING_PRE_EMA,0.0,,,,0.05235266174357919,1.2942323366412605,-0.07838381068648283,2.921749270290773,1.5491331229630299,1.6275169336495128,0.732007499822147,-1.5751642719059336,1,0.0,,0.0,0.0,0.001907377737087046,0.0020501459923302923,-0.3462277821510915,5DWgkCSv...,50824.77186822,,,,False,2515294,0.25486928604188963,251,5Fnafcps...,,5.543516140868846,5.543516140868846,0.0,,COUNTER,17419.272873098,0.0,0.0,DIVERGENT,1.0,0.0,1295.967040512703,634410.218859858,0.17670967966865514,634410.218859858,0.17670967966865514,0.0,DORMITORY,True,True,1.7670967966865514,0,,11610.580127332996,0.0032340303388484516,30.0
8,8,59,18,60,Bitsec.ai,2026-09-03,8987936,0.004862317,0.004882921231910586,-0.004219652730815128,IN BAND,False,True,5.4082e-05,7680.592517646,4001525.751715333,1.0,1579615.653236077,928351.717959666,0.00042835187573598795,23359.518267116044,,0.0,,,0.0880962462414499,0.018504756719415212,-4.644137985484721,-0.051339108224917385,-3.1610582048607436,1.43174067239906,1.4830797806239775,0.6567494908344538,-1.4645750239045623,1,0.20405466722944524,MINER_BURN_ONLY,1485.6784476260655,1485.6334029934264,1.5259021896696368e-05,0.0019194159913511893,-0.6052466362536236,5CXLwkK1...,118969.715719374,,,ENTRY_REPEATED,False,4796992,0.5,113,5CXLwkK1...,0.179995422293431,4.528404586720104,3.7133124908179087,0.0,,COUNTER,661464.428722698,0.0,0.0,DIVERGENT,-0.9718274566469496,1.1463512238750213,1295.967040512703,1063080.486869165,0.2656687855659693,1063080.486869165,0.2656687855659693,0.0,FORTRESS,True,True,2.656687855659694,0,,9304.666896141005,0.0023252797741342476,30.0
9,9,65,19,45,AlphaRidge.ai,2026-09-03,8987936,0.002600452,0.0026243210304528475,-0.009095316531731117,IN BAND,False,True,1.298e-06,6461.625852492,3156784.620685812,1.0,2484807.86891335,745120.419576029,-0.0007759101295867152,16471.073362858035,ACCUMULATING_PRE_EMA,0.0,,,,0.0005279080030120365,-0.18193153638173892,-0.11065968446939525,0.9994138607493375,1.070685712661681,1.1813453971310763,0.8324926517885362,-1.1808174891280643,1,0.2549916533960188,MINER_BURN_ONLY,1842.5321597158909,1836.8565360033708,0.0019226367589837423,0.00204690108097657,-0.2128671934815294,5FbcZiAH...,917.231765369,,,ENTRY_REPEATED,False,3633154,0.6372823311776667,55,5E2LP6En...,0.0,0.35675881310819374,0.35675881310819374,0.23128691113857988,,COUNTER,1053581.741876253,0.0,0.0,DIVERGENT,-0.46893101151700767,1.4173636200475315,1295.967040512703,111021.601466413,0.03516920373309901,111019.200205241,0.03516844306632552,2.4012611720099812,FORTRESS,True,True,0.3516844306632553,,,11361.677189518005,0.003599129669812468,30.0
10,72,72,20,107,Minos,2026-09-03,8987936,0.060773957,0.057141908910125494,0.06356189632353906,IN BAND,False,True,0.0,22536.142397231,1571148.064034516,1.0,370819.340551831,499306.341102999,0.001226016808458981,-27053.656681377033,DISTRIBUTING_PRE_EMA,0.0,,,0.020173391185618884,,2.0487721075122867,0.7733364052697252,2.0487721075122867,0.7733364052697252,,1.6726622144393046,8.118889279296324,1,0.41000228793666693,SKIN_IN_GAME,2952.016473144002,2952.016473144002,0.0,0.014343741950940604,-0.763982095966853,5DA2vLrS...,1331960.983841001,0.2795875817482403,BUYBACK_GAMING,,False,7457580,1.0,0,5E4WJ2tA...,0.179995422293431,1.4455513788589627,1.1853587479743921,0.7870015717751904,,COUNTER,394439.009865251,11728.725039684,0.0,DIVERGENT,-0.9775582030819652,2.2778484181018537,1295.967040512703,41164.694002343,0.02620039125824787,41164.694002343,0.02620039125824787,0.0,FORTRESS,False,True,0.26200391258247874,,,25664.369524740006,0.016334787352146204,30.0
11,73,73,21,78,Vocence,2026-09-03,8987936,0.004914571,0.00462252227589488,0.06317951686854381,IN BAND,False,True,0.0,1628.500801425,932829.355797568,1.0,331361.843716876,144770.049042428,0.0001379181554245564,-11135.22689996584,DISTRIBUTING_PRE_EMA,0.0,,,0.028063111800512474,,-1.1491041972362774,0.7686841219006163,-1.1491041972362774,0.7686841219006163,,2.817235525090292,7.297832379063015,1,0.0,,0.0,0.0,0.0,0.001745764958300046,-0.6447777520560705,5GvYz1tB...,1123407.532171379,0.5528885981192571,BUYBACK_GAMING,,False,7966145,1.0,211,5FeKsRjZ...,0.09999237048905166,0.8139185478907611,0.7325329029021572,0.010529046434620727,,COUNTER,67226.187965887,8107.779671713,0.0,DIVERGENT,1.0,0.0,1295.967040512703,71542.715190781,0.07669432222103695,71542.715190781,0.07669432222103695,0.0,DORMITORY,False,True,0.7669432222103698,,,33549.20073832702,0.035964992449924016,30.0
12,74,74,22,58,greevils,2026-09-03,8987936,0.009364432,0.008874882943928242,0.05516118456600989,IN BAND,False,True,0.0,1051.093615038,459337.016314038,1.0,112243.17438652,21578.665428848,,-5428.561591352933,,,,,,,-2.1237791632545133,0.6711277455531203,-2.1237791632545133,0.6711277455531203,,5.721289394633281,10.277472211247332,1,0.0,,0.0,0.0,0.0,0.002288284152391045,-0.7556409024710687,5CLUzEqe...,754675.650582285,0.11979048674649771,,,True,8511017,0.0,1,5E2LP6En...,0.0,0.8078638738719411,0.8078638738719411,0.3603778191473128,,COUNTER,78931.873767343,0.045668707,0.0,DIVERGENT,1.0,0.0,1295.967040512703,32808.027617922,0.07142474142665636,32808.027617922,0.07142474142665636,0.0,DORMITORY,False,True,0.7142474142665637,,,45157.510729742,0.09831019300841382,30.0
13,10,61,23,13,Data Universe,2026-09-03,8987936,0.005846505,0.005856233648955822,-0.0016612467225511952,IN BAND,False,True,1.3617e-05,20428.69229378,2468609.836847529,1.0,3494171.722465138,969462.318067021,-0.0029832593986156373,11151.354704151861,ACCUMULATING_PRE_EMA,0.0,,,,0.0017517262233616264,-1.2949866994524188,-0.020211835124372874,-0.6882922082608995,0.5864826560671464,0.6066944911915193,1.06456676983675,-0.6049427649681577,1,0.2887388262991784,MINER_BURN_ONLY,2089.1219636329915,2083.761652348945,0.0018158236057068677,0.008275383168637093,0.41544104873545695,5HBswBt1...,12280.673404969,,,,False,1907637,0.7072123028005382,247,5E2LP6En...,0.0,0.38136456252754014,0.38136456252754014,0.1537745494498787,,COUNTER,639353.25616074,0.0,0.0,DIVERGENT,-0.9218119271296279,1.6078816723028535,1295.967040512703,93697.039216446,0.0379553859900758,93697.039216446,0.0379553859900758,0.0,FORTRESS,True,True,0.37955385990075796,,,9301.165635684996,0.003767774679032632,30.0
14,12,56,24,98,NeverPlayAlone,2026-09-03,8987936,0.002837508,0.002846884774044156,-0.003293696369325121,IN BAND,False,True,9.8486e-05,5229.900620251,2906317.821472963,1.0,1843131.002663952,206081.208490236,-0.001032365332540136,11348.444220585749,ACCUMULATING_PRE_EMA,0.0,,,,0.04948874305523197,-0.5558833004891078,-0.04007330582678897,0.019451831396281705,0.5352618260586006,0.5753351318853895,0.9042369628618567,-0.5258463888301576,1,0.0,,0.0,0.0,0.0,0.0017994937035483657,-0.36581898498669757,5EWzZCNs...,1599672.852033753,,,ENTRY_REPEATED,False,5445992,1.0,153,5E2LP6En...,0.0,0.42382879655935124,0.42382879655935124,0.25695059053315833,,COUNTER,1255490.393926426,0.0,0.0,DIVERGENT,1.0,0.0,1295.967040512703,498163.137477467,0.17140697201002983,498163.137477467,0.17140697201002983,0.0,DORMITORY,True,True,1.7140697201003003,0,,11702.887327429999,0.004026705971716063,30.0
15,11,5,25,97,Albedo,2026-09-03,8987936,0.022884212,0.02309525851160288,-0.00913808830054227,IN BAND,False,False,0.008505729,12178.864305065,1073095.218317873,1.0,532195.265200171,509476.976549082,-0.0002017478056674679,5456.488342067809,ACCUMULATING_PRE_EMA,0.0,,,,1.8353973943780382,-0.09202294795457133,-0.1111800743232643,0.5043228404507836,0.48516571408209064,0.5963457884053549,2.4489905044209523,1.2390516059726833,1,0.0,,0.0,0.0,7.629510948348184e-05,0.011349285783004363,-0.5040560809782586,5GnW8owm...,1327665.537652832,,,,False,7735450,0.19999999999999996,28,5E2LP6En...,0.0,0.6402988939286356,0.6402988939286356,0.19199194311349835,,COUNTER,70872.776437572,4583.298014649,0.0,DIVERGENT,1.0,0.0,1295.967040512703,7940.331821389,0.007399466222425109,7940.331821389,0.007399466222425109,0.0,DORMITORY,False,True,0.07399466222425109,,,29451.277787913994,0.027445167292871036,30.0
16,14,39,26,41,Almanac,2026-09-03,8987936,0.004821944,0.004844889044761658,-0.00473592780962987,IN BAND,False,False,0.000341849,12251.013060749,3096218.186994284,1.0,2540678.877960652,1583197.888805911,-0.002647854639532984,10959.203304782044,ACCUMULATING_PRE_EMA,0.0,,,,0.0733310108760161,-1.342752333573843,-0.05762045501716342,-0.8741683710813354,0.41096350747534416,0.46858396249250756,0.8487773927040922,-0.39525295161649143,1,0.07526367331740816,MINER_BURN_ONLY,582.4781967600575,580.3160543933832,0.0007324330510414256,0.003956766713731475,-0.17942499669604717,5FCSevLk...,36708.142637632,,,ENTRY_REPEATED,False,3394182,0.1848000366484951,210,5FCSevLk...,0.179995422293431,5.420796406806063,4.445077868396292,0.0,,COUNTER,1012705.184963617,0.0,0.0,DIVERGENT,-0.8150544975684829,0.4477861212919442,1295.967040512703,258549.369288686,0.08350489328391873,258549.369288686,0.08350489328391873,0.0,FORTRESS,True,True,0.8350489328391874,,,9385.122771592003,0.003031156787016615,30.0
17,16,2,27,15,ORO,2026-09-03,8987936,0.035071697,0.03510742145590484,-0.0010175756128860869,IN BAND,False,False,0.011441185,15200.594963729,1527929.212750955,1.0,433415.035527213,523478.894788313,-0.0009198017926109515,2032.0807162079145,ACCUMULATING_PRE_EMA,0.0,,,,1.9780432444746805,2.3920102607181577,-0.012380503290114057,2.784455010325691,0.38006424631741936,0.3924447496075334,1.7199749687804098,1.585598494867147,1,0.0,,0.0,0.0,0.0005340657663843729,0.009948494234468584,-0.7163383843539539,5GMtrkkv...,216.588029224,0.0,,,False,7366897,0.9279999999999999,76,5DWsubqY...,0.0,0.625017232410351,0.625017232410351,0.02392797192125744,,COUNTER,354654.991781899,2797.563389807,0.0,DIVERGENT,1.0,0.0,1295.967040512703,1010.651574802,0.0006614518306004345,1010.651574802,0.0006614518306004345,0.0,NEITHER,False,True,0.006614518306004346,,,22803.841512142993,0.014924671458493743,30.0
18,17,34,28,85,Vidaio,2026-09-03,8987936,0.005093112,0.0050934236496686935,-6.1186677199624e-05,IN BAND,False,False,0.00079693,12632.118819007,2639120.088516249,1.0,2480235.746265375,1407733.657672718,-0.006693889346863315,9656.389473515563,ACCUMULATING_PRE_EMA,0.0,,,,0.16579420048272103,2.125752621421471,-0.0007444379059287586,2.4842599214443633,0.35776286211696323,0.358507300022892,0.9957864408805661,-0.19271309954017096,1,0.0,,0.0,0.0,7.629510948348184e-05,0.0047864888278384326,-0.060203500759764904,5GTPBjA4...,3010790.705900362,,,ENTRY_REPEATED,False,5258781,0.6000457805585229,184,5EM4mjLn...,,12.83757071808156,12.83757071808156,0.0,,COUNTER,496360.999970373,0.0,0.0,DIVERGENT,1.0,0.0,1295.967040512703,143874.406841709,0.05451605156876254,143874.406841709,0.05451605156876254,0.0,DORMITORY,True,True,0.5451605156876255,,,12095.207717975001,0.004583045603193866,30.0
19,13,31,10,67,Harnyx,2026-09-03,8987936,0.005362885,0.005448593059554696,-0.01573031030540946,IN BAND,False,False,0.000907618,3220.079958416,921632.719158017,1.0,600438.037776869,67753.748207559,0.00015566218436049352,7584.575904790545,,0.0,,0.02902582926176741,0.02902582926176741,0.740733191350106,-0.860901266308279,-0.1913854420491484,-0.31279567025000476,0.3567201540091258,0.5481055960582742,2.8514612658292795,0.19262759529183174,1,0.008811852090150018,MINER_BURN_ONLY,89.6782266679802,74.1828730401478,0.0052491035324635504,0.0034938863296409364,-0.34850619962185725,5HEAv3TU...,1018439.253585826,,,ENTRY_REPEATED,False,7236936,0.37198386280314766,7,5G9hfkx9...,0.009994659342336155,0.728464239105837,0.7211834871929,0.01358135844104317,,COUNTER,277708.689685972,6279.314248273,0.0,DIVERGENT,0.7421488678428326,0.057241326917388265,1295.967040512703,522.283347221,0.0005666935823395532,522.283347221,0.0005666935823395532,0.0,NEITHER,False,True,0.005666935823395532,,,28881.101921421003,0.03133688867709268,30.0
20,15,16,29,38,ChronoLLM,2026-09-03,8987936,0.008049951,0.008094764081761241,-0.005536057791012359,IN BAND,False,False,0.002479523,4774.463312761,1540300.480409374,1.0,593104.775509783,189855.866041844,-0.0014355570088288021,5285.668795028585,ACCUMULATING_PRE_EMA,0.0,,,,1.364799772695664,-6.855202993964892,-0.06735536979065036,-6.457718285069407,0.33012933910483466,0.39748470889548504,1.7061606053005594,0.967315063800179,1,0.0,,0.0,0.0,0.0,0.003099696048586614,-0.6149422464078831,5GeWgtBA...,1574623.915483172,,,,False,7284230,1.0,10,5HbScNss...,0.0899977111467155,0.8144208665816667,0.7411248526791921,0.01347433315021669,,COUNTER,485297.062238848,10641.406258159,0.0,DIVERGENT,1.0,0.0,1295.967040512703,32511.665262582,0.021107352543278567,32511.665262582,0.021107352543278567,0.0,DORMITORY,False,True,0.21107352543278796,,,21406.747305504,0.01389777356935876,30.0
21,75,75,30,115,MoirAI,2026-09-03,8987936,0.002945785,0.0028761050198227167,0.02422720300442234,IN BAND,False,True,0.0,3773.722430558,1708427.379763952,1.0,1281057.91909657,157660.929575156,-0.0010310414951094963,-42578.022641134216,,0.0,,,,,4.5088303396040414,0.2947643032204718,4.5088303396040414,0.2947643032204718,,1.5382567799651528,10.942876008189288,1,0.41000228823985607,MINER_BURN_ONLY,2952.0164753269637,2952.0164753269637,0.0,0.002208886649357846,-0.25015347374032865,5EkNnrTj...,110593.779423188,0.03044936607727587,,,False,5683635,1.0,0,5EhTo9AX...,0.179995422293431,10.36877797343608,8.502445403440626,0.06426554750095383,,COUNTER,922438.935354403,0.0,0.0,DIVERGENT,-0.9832133071322471,2.277848419786281,1295.967040512703,2942.008322496,0.0017220564112607982,2942.008322496,0.0017220564112607982,0.0,EXPOSED,True,True,0.017220564112607983,,UNDEFENDED_BURNER,17091.190877921,0.010004048799711016,30.0
22,18,66,31,23,Trishool,2026-09-03,8987936,0.003990811,0.004000893561169505,-0.002520077331564281,IN BAND,False,True,6.4e-07,7221.464324524,4111503.318407897,1.0,1809523.025850798,585146.953907611,3.250270980840306e-05,10213.41445570672,,0.0,,,0.008144387145470697,0.00023290567181620233,2.519591136602274,-0.03066094086736542,2.791406408997099,0.24115433152745963,0.27181527239482506,0.6391822641207655,-0.27158236672300884,1,0.3279419728896493,MINER_BURN_ONLY,2361.6059736190364,2361.5609289863974,1.5259021896696368e-05,0.00175640483912351,-0.5598877423352021,5CqTRwoF...,1421102.748640184,,,,False,2063528,0.7999969481490524,188,5HKsvivb...,0.0899977111467155,0.887556328748089,0.8076782906469792,0.3706241416145277,,COUNTER,1140984.037554971,0.055431535,0.0,DIVERGENT,-0.9792510136104937,1.822238417461705,1295.967040512703,938610.578651832,0.22828890212723735,938610.578651832,0.22828890212723735,0.0,FORTRESS,True,True,2.2828890212723736,0,,10488.306575637002,0.002550966340870765,30.0
23,22,70,32,71,Leadpoet,2026-09-03,8987936,0.004774974,0.004691252484917641,0.01784630338092526,IN BAND,False,True,7.2e-08,5501.572441361,4481001.237343146,1.0,1152168.022429552,1385134.341819341,-0.0022417272015353455,,,,,,,3.439307616445582e-05,-1.1831989913010124,0.217130024467924,-1.183164598224848,0.21716441754408847,3.439307616445582e-05,0.5864760710394674,,,,,,,3.0518043793392735e-05,0.0012277551712132457,-0.7428770981343049,5DwHzMhB...,2302445.329854258,,,,False,5048438,0.9011642989028428,0,5FNVgRnr...,0.0,0.667863055542229,0.667863055542229,0.5260025636330342,,,941277.937599947,0.0,,NO_ESTIMATE,,,,63565.086413894,0.014185465043875488,63565.086413894,0.014185465043875488,0.0,,True,True,0.14185465043875486,,,10775.250276085993,0.0024046523768591513,30.0
24,19,9,33,53,engy,2026-09-03,8987936,0.029567063,0.029642188921570778,-0.0025344255705794824,IN BAND,False,False,0.004104959,34486.186606679,4723934.028887162,1.0,1166371.749814906,1433692.559924294,-0.0011223092088040443,6980.409265425056,ACCUMULATING_PRE_EMA,0.0,,,,0.31281603776715344,0.8822628022772774,-0.030835511108717035,1.1051193792877263,0.1920210659017319,0.22285657701044895,0.5563159823845147,0.0899594607567045,1,0.0,,0.0,0.0,0.0004119935912108019,0.007300310799387489,-0.7530931361228713,5H8SFVCx...,1915497.590244932,,,,False,4203869,0.7602582890639311,101,5G9hfkx9...,0.009994659342336155,0.24143923554121458,0.23902613263010608,0.013032596752533269,,COUNTER,524566.39621868,0.0,0.0,DIVERGENT,1.0,0.0,1295.967040512703,116041.541254446,0.02456459818127105,101908.561952823,0.021572816497784593,14132.979301622996,DORMITORY,True,True,0.21572816497784592,,,13732.53275932,0.0029070119682757366,30.0
25,20,47,34,55,NIOME,2026-09-03,8987936,0.003356832,0.003327516373246908,0.008810062360260149,IN BAND,False,False,0.000166147,7342.718428743,3226249.990520999,1.0,2187395.100832772,552277.172806588,-0.002858824195392448,,,,,,,0.05946494070789903,9.116793770577592,0.1071890920498318,9.176258711285492,0.16665403275773083,0.05946494070789903,0.8145679992936973,,,,,,,9.15541313801782e-05,0.00227592977925348,-0.3220006901586138,5GeWUxaF...,1268137.898076992,,,,False,4703386,0.019991148956950422,109,5GP7c3fF...,0.0009918364232852674,0.30578302781321537,0.30547974106860776,0.024110726221177763,,,320583.266374824,0.0,,NO_ESTIMATE,,,,14841.866940702,0.004600346217530782,14841.866940702,0.004600346217530782,0.0,,True,True,0.046003462175307826,,,13700.995147358,0.004246724583529704,30.0
26,76,76,35,110,Green Compute,2026-09-03,8987936,0.012885069,0.012736754957586527,0.011644570607455395,IN BAND,False,True,0.0,7305.304950079,2862918.708051024,1.0,566958.980827017,388682.654194966,0.0008840356011466324,-4150.382539600949,DISTRIBUTING_PRE_EMA,0.0,,,0.06860930284087981,,10.411108843337905,0.14167560905737397,10.411108843337905,0.14167560905737397,,0.9179443316394588,1.4465490517795943,1,0.0,,0.0,0.0,0.0,0.002551698352291742,-0.8019647118465767,5D53sX6A...,1587467.649476676,0.8483955468733875,BUYBACK_GAMING,,False,5606062,1.0,155,5FmpATto...,0.179995422293431,11.833108642683493,9.703203255499629,0.0,,COUNTER,653602.202903777,0.0,0.0,DIVERGENT,1.0,0.0,1295.967040512703,9205.92186508,0.0032155722197739498,9205.92186508,0.0032155722197739498,0.0,NEITHER,True,True,0.0321557221977395,,,16179.258325358001,0.005651316008330631,30.0
27,77,77,36,119,Satori,2026-09-03,8987936,0.002706651,0.002680483739823103,0.009762140985277518,IN BAND,False,True,0.0,3359.668529978,1571563.334711496,1.0,1241263.613892188,71674.892031984,-0.0008647727937628405,-8247.855461566709,,0.0,,,,,-0.24313753219870501,0.11877271532087647,-0.24313753219870501,0.11877271532087647,,1.6722202293440769,3.6117702452563556,1,0.41000228812832373,,2952.016474523931,2952.016474523931,0.0,0.0021377875493606884,-0.21017244212102396,5GbLENPL...,99393.617606642,0.14814371248390687,,,False,5740660,1.0,0,5HMwvi1d...,0.179995422293431,11.482159103169977,9.415423026554533,0.0591799050801935,,COUNTER,841482.24815274,0.0,0.0,DIVERGENT,-0.983259415025791,2.277848419166641,1295.967040512703,20722.542632217,0.013185941778172876,20722.542632217,0.013185941778172876,0.0,FORTRESS,True,True,0.13185941778172877,,,17101.886731986,0.010882085598621785,30.0
28,78,78,37,49,Nepher Robotics,2026-09-03,8987936,0.008288387,0.008219484938308597,0.008382771208725097,IN BAND,False,True,0.0,4297.492792119,2219858.087699214,1.0,518495.73533982,147555.201404943,-3.683535129229573e-05,-7755.173369867494,,0.0,,,,,-0.3930132214479233,0.10199038303948868,-0.3930132214479233,0.10199038303948868,,1.1838594613603464,2.46547390865436,1,0.04058212753449835,SKIN_IN_GAME,292.23636288102716,292.19131824838814,1.5259021896696368e-05,0.0019359313173812672,-0.7664284597978753,5FL781vf...,1745936.156318184,0.3279948587723403,BUYBACK_GAMING,,False,6783158,0.9900051881466109,7,5E2LP6En...,0.0,2.5279089281619265,2.5279089281619265,0.00845401413071676,,COUNTER,753966.387411004,837.682351088,0.0,DIVERGENT,-0.7904299279277344,0.22546199796315275,1295.967040512703,462097.602286592,0.2081653799615344,462097.602286592,0.2081653799615344,0.0,DORMITORY,False,True,2.081653799615344,0,,17159.50828391701,0.0077300023722246545,30.0
29,79,79,38,121,sundae_bar,2026-09-03,8987936,0.004506916,0.004472460597753525,0.007703902917284849,IN BAND,False,True,0.0,6240.828518403,2888146.499577897,1.0,1384722.537044409,550071.038970183,-0.0014768339828714987,-5485.519721071934,,0.0,,,,,0.631595626246396,0.09373081882696566,0.631595626246396,0.09373081882696566,,0.9099261413450054,1.6068786580177925,1,0.26261674338760915,MINER_BURN_ONLY,1890.840552390786,1890.840552390786,0.0,0.002160842090010011,-0.5205497306783594,5CXGaDJs...,1849457.327552444,0.04993134339860547,,,False,5766528,1.0,0,5EL9y2gd...,0.179995422293431,1.0056887930308613,0.8246694140335005,0.7262406152719282,,COUNTER,1284625.030860443,0.0,0.0,DIVERGENT,-0.9860367314023646,1.4590190130473861,1295.967040512703,202885.709556554,0.07024772101630086,202885.709556554,0.07024772101630086,0.0,FORTRESS,True,True,0.7024772101630087,,,12272.226762466997,0.004249170450411911,30.0
30,80,80,39,94,pending...,2026-09-03,8987936,0.004663612,0.004629655508324504,0.007334561203190962,IN BAND,False,True,0.0,2336.802771267,1830579.735663697,1.0,501071.414701975,112816.432505642,-7.290167659344193e-05,-10956.827563167084,,0.0,,,,,26.424014949976126,0.08923716130549003,26.424014949976126,0.08923716130549003,,1.4356107788154826,3.646585219641612,1,0.41000228793764515,,2952.016473151045,2952.016473151045,0.0,0.0012765370039561628,-0.7262771851611662,5CnwnkkC...,730617.723339683,0.1072976916655644,,,False,6962737,1.0,0,5EeKtCKE...,0.179995422293431,2.0074309716873784,1.646102586213596,0.36121411893970606,,COUNTER,745141.122513271,0.075116968,0.0,DIVERGENT,-0.983401176637847,2.2778484181072884,1295.967040512703,273.723032556,0.00014952805781866623,273.723032556,0.00014952805781866623,0.0,EXPOSED,False,True,0.0014952805781866623,,,19371.52958789599,0.010582182906593046,30.0
31,81,81,40,125,8 Ball,2026-09-03,8987936,0.003149613,0.003128581680357456,0.006722317583902988,IN BAND,False,True,0.0,5814.806480295,2452917.766170241,1.0,1846196.588319436,235329.67965471,-0.00024021262101779379,-10169.1128363139,,0.0,,,,,0.26479934051464804,0.08178819727081968,0.26479934051464804,0.08178819727081968,,1.0713771314490972,2.595651733851276,1,0.4100022880802862,,2952.016474178061,2952.016474178061,0.0,0.002370567232416316,-0.24734650497813035,5DTzv2rL...,65656.922316262,0.09644446942950342,,,False,5834408,1.0,0,5CFFokuo...,0.179995422293431,16.41085166959656,13.45697349313267,0.0,,COUNTER,1276105.364572518,0.0,0.0,DIVERGENT,-0.9834011766436218,2.2778484188997594,1295.967040512703,45923.662897553,0.01872205563957978,45923.662897553,0.01872205563957978,0.0,FORTRESS,True,True,0.18722055639579782,,,11555.19633687,0.004710796462985881,30.0
32,82,82,41,46,Instant,2026-09-03,8987936,0.003635298,0.0036130554508417845,0.006156160474380009,IN BAND,False,True,0.0,8581.657536211,3323077.966544316,1.0,2360647.337499729,1439070.716750055,-0.006844200137852545,-7725.946197779849,,0.0,,,,,1.4357446044912816,0.0748999524382901,1.4357446044912816,0.0748999524382901,,0.79083308500669,1.6383617159596904,1,0.4100022880688872,MINER_BURN_ONLY,2952.016474095988,2952.016474095988,0.0,0.002582442429160067,-0.2896201551674533,5Ft9E2ov...,418757.234215467,0.0,,,False,3919107,1.0,238,5CDnZ6oe...,0.179995422293431,2.9147291513583067,2.3900912468885944,0.13279211365613222,,COUNTER,985399.096968347,28041.129768459,0.0,DIVERGENT,-0.9741010989136129,2.2778484188364296,1295.967040512703,169791.636358675,0.051094689341653364,169791.636358675,0.051094689341653364,0.0,FORTRESS,True,True,0.5109468934165343,,,9307.369808289004,0.0028008279980164833,30.0
33,83,83,42,73,Parked,2026-09-03,8987936,0.003414149,0.003393662627786398,0.0060366555136816364,IN BAND,False,True,0.0,7181.831098607,3482825.834958057,1.0,2103549.074547736,575922.031146449,-0.0012004820451322843,-6155.473438011948,,0.0,,,,,2.1672509753501674,0.0734459754164599,2.1672509753501674,0.0734459754164599,,0.7545596950677405,1.3998778694648202,1,0.41000228793654564,SKIN_IN_GAME,2952.0164731431287,2952.0164731431287,0.0,0.002062070123208871,-0.3960222230462493,5Fvs6HPW...,1447863.846877737,0.4132514052777189,BUYBACK_GAMING,,False,5160047,1.0,0,5Dnkprjf...,0.179995422293431,1.114380014375238,0.9137967130924073,0.49746680909507096,,COUNTER,1533898.431456139,0.0,0.0,DIVERGENT,-0.9834011766378025,2.27784841810118,1295.967040512703,989535.68290022,0.2841186237244438,921484.512864482,0.26457955595002625,68051.17003573803,FORTRESS,True,True,2.6457955595002622,0,,9345.119642335007,0.002683200391054739,30.0
34,84,84,43,63,Enigma,2026-09-03,8987936,0.008199658,0.008174538612365723,0.0030728813974013453,IN BAND,False,True,0.0,15406.787208419,3982302.592657966,1.0,1878954.744863835,1222146.538611581,-0.0023243817583002914,-8934.223881179001,,0.0,,,,,-0.512920736409885,0.03738672366838303,-0.512920736409885,0.03738672366838303,,0.659919717011247,1.480272239379893,1,0.0,,0.0,0.0,0.00019836728465705278,0.0038688137955222093,-0.5281737609639073,5CqTmNfg...,298636.736914736,0.06876740529192035,,,False,4885578,0.0,141,5E2LP6En...,0.0,0.31534424392669336,0.31534424392669336,0.3686804718377562,,COUNTER,725439.396179942,0.0,0.0,DIVERGENT,1.0,0.0,1295.967040512703,72397.992373783,0.01817993251122119,72397.992373783,0.01817993251122119,0.0,DORMITORY,True,True,0.18179932511221192,,,8909.665255679995,0.0022373149825697415,30.0
35,85,85,44,57,SN57,2026-09-03,8987936,0.005091683,0.0050794221460819244,0.002413828495734057,IN BAND,False,True,0.0,1820.46773881,978764.992974141,1.0,357537.467660319,32396.870886824,-0.00013780237056893412,-61.59390949498629,,0.0,,,,,-2.103107424496017,0.02936824669809769,-2.103107424496017,0.02936824669809769,,2.685016340862767,2.7096843571758655,1,0.4100022880702778,MINER_BURN_ONLY,2952.016474106,2952.016474106,0.0,0.0018599640893144373,-0.6347054423234052,5HdpnCSY...,876811.187099028,,,,False,8057320,1.0,0,5Ejcqsbx...,0.179995422293431,2.024003391964668,1.6596920467046508,0.6470731856192394,,COUNTER,382540.682612267,6427.093693354,0.0,DIVERGENT,-0.9834011766432166,2.277848418844155,1295.967040512703,1254.306998862,0.0012815200869113418,1254.306998862,0.0012815200869113418,0.0,EXPOSED,False,True,0.012815200869113419,,,30754.237023755,0.031421472206829865,30.0
36,86,86,45,42,Unknown,2026-09-03,8987936,0.002617808,0.0026121875271201134,0.002151634529119433,IN BAND,False,True,0.0,7565.145125537,2693699.933305796,1.0,2889876.952532554,366175.358346034,-0.0007519273179352004,5019.380371789448,ACCUMULATING_PRE_EMA,0.0,,,,,2.4500848776052435,0.026178220104286436,2.4500848776052435,0.026178220104286436,,0.9756097802530044,0.2891260240590932,1,0.4100022879470877,MINER_BURN_ONLY,2952.0164732190315,2952.0164732190315,0.0,0.0028084587418216287,0.07282838994365841,5EC5HHfL...,91874.803785545,,,,False,3613591,1.0,11,5Gbdb5s2...,0.179995422293431,11.727763960462736,9.616820133841566,0.0,,COUNTER,495586.919625357,0.0,0.0,DIVERGENT,-0.9834011766382293,2.2778484181597487,1295.967040512703,5444.016612431,0.0020210182081231024,5444.016612431,0.0020210182081231024,0.0,EXPOSED,True,True,0.020210182081231022,,UNDEFENDED_BURNER,9313.422575187997,0.0034574833150618463,30.0
37,87,87,46,39,deprecated,2026-09-03,8987936,0.007469122,0.007456739200279117,0.0016606185878701213,IN BAND,False,True,0.0,18243.73473205,3525201.903092667,1.0,2442553.84158538,1086897.86288936,-0.008167090216750057,-367.6541358847171,,0.0,,,,,-8.453517992162155,0.020204192819086475,-8.453517992162155,0.020204192819086475,,0.7454892151551519,0.7801465506689855,1,0.41000228793651333,MINER_BURN_ONLY,2952.016473142896,2952.016473142896,0.0,0.005175231159396781,-0.3071165313142855,5DkwfxC9...,596778.631450775,0.0,,,False,3280104,1.0,136,5GP7c3fF...,0.0009918364232852674,2.2075806918298952,2.205391132892397,0.22270715702731575,,COUNTER,1518681.155860255,0.0,0.0,DIVERGENT,-0.9834011766378012,2.2778484181010006,1295.967040512703,498308.764671652,0.141356092039575,496733.820262674,0.14090932488913285,1574.9444089779863,FORTRESS,True,True,1.4090932488913288,0,,9194.578409450003,0.002608241644651213,30.0
38,88,88,47,47,Feval,2026-09-03,8987936,0.002944976,0.002940802602097392,0.0014191356807259435,IN BAND,False,True,0.0,1291.10638111,1463445.735332641,1.0,438409.675631642,45013.110481421,1.9567391779975152e-05,-8631.133503694786,DISTRIBUTING_PRE_EMA,0.0,,,0.006644329794190224,,-3.4881804960293956,0.017266150782165646,-3.4881804960293956,0.017266150782165646,,1.795761835612344,3.9746632215538007,1,0.4100022879355594,SKIN_IN_GAME,2952.0164731360273,2952.0164731360273,0.0,0.0008822372773641188,-0.7004263269499925,5GBmFsPk...,567473.774609059,6.03869159383365,BUYBACK_GAMING,,False,7340355,1.0,0,5GjN9n3n...,0.179995422293431,2.4670062549874734,2.0229564223204672,0.29929346416199964,,COUNTER,653597.547587284,52.790049364,0.0,DIVERGENT,-0.9774316598968318,2.2778484180957004,1295.967040512703,95026.386876432,0.06493331770503435,1082.01056104,0.0007393581701846015,93944.376315392,EXPOSED,False,False,0.6775449875728905,,,23288.776329726996,0.015913658953971028,30.0
39,89,89,48,43,Graphite,2026-09-03,8987936,0.004685012,0.004685021471232176,-2.0215984567627627e-06,IN BAND,False,True,0.0,13374.962757829,3063002.971825231,1.0,2854840.319317106,157501.847830295,-0.0008349041341164327,197.13278731470928,ACCUMULATING_PRE_EMA,0.0,,,,,-2.40826284496711,-2.4596114557280277e-05,-2.40826284496711,-2.4596114557280277e-05,,0.8579815377828333,0.8228826035873119,1,0.33740860591372995,MINER_BURN_ONLY,2429.7023196399678,2429.3419625788556,0.00012207217517357094,0.004366617623573155,-0.06796020510232312,5HjMs5JD...,2921759.59688435,,,,False,3408582,0.16849542936499462,108,5ERVu5z1...,,10.889959063709089,10.889959063709089,0.0,,COUNTER,910705.944647326,0.0,0.0,DIVERGENT,-0.9534938076931035,1.8745399278192856,1295.967040512703,3451.069241962,0.0011266947089853857,3451.069241962,0.0011266947089853857,0.0,EXPOSED,True,True,0.011266947089853855,,UNDEFENDED_BURNER,9703.422969839003,0.0031679443536604774,30.0
40,90,90,49,29,hoτfloaτ,2026-09-03,8987936,0.002791307,0.0027913490775972605,-1.5074287052939525e-05,IN BAND,False,True,0.0,8333.152781597,2905937.481246692,1.0,2985393.61722708,204788.84074566,-0.011022358310089313,373.41554080694914,ACCUMULATING_PRE_EMA,0.0,,,,,-0.06352941862039345,-0.0001834038258107642,-0.06352941862039345,-0.0001834038258107642,,0.9043553128584677,0.8533431621169798,1,0.0,,0.0,0.0,0.0,0.0028676297530055425,0.02734301637388602,5HHHHHzg...,26475.910400505,,,,False,3379782,1.0,19,5GRRRRhL...,0.179995422293431,17.936117935940587,14.707698813756178,0.0,,COUNTER,610829.352749762,0.0,0.0,DIVERGENT,1.0,0.0,1295.967040512703,3165.974907187,0.0010894848659403187,3165.974907187,0.0010894848659403187,0.0,NEITHER,True,True,0.010894848659403189,,,8495.114053059,0.0029233643558685455,30.0
41,91,91,50,52,Dojo,2026-09-03,8987936,0.006390332,0.006390436785295606,-1.6397203998084564e-05,IN BAND,False,True,0.0,18009.342646033,3049774.441480317,1.0,2818216.815781098,765801.367017166,-0.001055169699966047,104.48447383521125,ACCUMULATING_PRE_EMA,0.0,,,,,-1.2453860572330695,-0.00019949931531002886,-1.2453860572330695,-0.00019949931531002886,,0.8617030703176876,0.8452797915885641,1,0.41000228793570487,MINER_BURN_ONLY,2952.016473137075,2952.016473137075,0.0,0.005905139213276219,-0.07592606874318601,5Fv1ZvNP...,12455.950201986,,,,False,3989825,1.0,130,5E2LP6En...,0.0,0.38986726183900977,0.38986726183900977,0.728292385167099,,COUNTER,1142106.423298262,0.0,0.0,DIVERGENT,-0.9834011766377685,2.277848418096509,1295.967040512703,167638.354572778,0.05496745998415827,167638.354572778,0.05496745998415827,0.0,FORTRESS,True,True,0.5496745998415828,,,8689.358237664,0.0028491806211892543,30.0
42,92,92,51,34,BitMind,2026-09-03,8987936,0.012118656,0.012123412219807506,-0.0003923169254060807,IN BAND,False,True,0.0,35070.201167425,2677474.917015982,1.0,2893901.826351948,631204.847971227,-0.0033068888932364145,2705.561201454606,ACCUMULATING_PRE_EMA,0.0,,,,,-0.10779151479560471,-0.004773189259107314,-0.10779151479560471,-0.004773189259107314,,0.9815217999983652,0.5844579480781339,1,0.0,,0.0,0.0,0.0010223544670786566,0.013098237053331718,0.08083248285385093,5DthmKBR...,2893986.23987953,,,,False,3493948,0.8457567055660781,72,5E2LP6En...,0.0,0.3511184845539907,0.3511184845539907,0.0016785692486113656,,COUNTER,359469.273754254,58226.411706465,0.0,DIVERGENT,1.0,0.0,1295.967040512703,132800.0592247,0.04959899283489994,132800.0592247,0.04959899283489994,0.0,DORMITORY,True,True,0.4959899283489994,,,10258.646029688995,0.003831462981965915,30.0
43,93,93,52,127,Astrid,2026-09-03,8987936,0.002872281,0.0028734500519931316,-0.00040684611598547664,IN BAND,False,True,0.0,3370.356622213,2932894.807678384,1.0,1173407.532314371,597482.393443364,-0.0011311304522673383,-891.4946673328523,,0.0,,,,,-3.775360428962797,-0.004949961077823299,-3.775360428962797,-0.004949961077823299,,0.8960430469991074,1.0036207766291365,1,0.41000228793473475,SKIN_IN_GAME,2952.01647313009,2952.01647313009,0.0,0.0011491570080827077,-0.599914838387084,5FU4uxAd...,1550649.829521853,349.73554131359793,BUYBACK_GAMING,,False,5848837,1.0,0,5EKrpcqV...,0.179995422293431,0.9567830871233405,0.7845665113133622,0.37696287140044865,,COUNTER,1215766.40981331,203.185912805,0.0,DIVERGENT,-0.9834011766377292,2.277848418091119,1295.967040512703,5535.674552263,0.0018874439471100297,5535.674552263,0.0018874439471100297,0.0,EXPOSED,True,True,0.018874439471100297,,UNDEFENDED_BURNER,12912.450253256004,0.004402629858885809,30.0
44,94,94,53,104,TAOstatus,2026-09-03,8987936,0.004295994,0.004298023879528046,-0.00047228204983089156,IN BAND,False,True,0.0,6018.184459107,3147304.214857802,1.0,1400882.602348761,75192.175058234,-0.0017383027949343672,752.3310372240376,ACCUMULATING_PRE_EMA,0.0,,,,,-1.0606004040222365,-0.005746098272942514,-1.0606004040222365,-0.005746098272942514,,0.8350003115662384,0.400153055373472,1,0.0,,0.0,0.0,0.0,0.00191217119422277,-0.5548943517558986,5HBb3F1b...,1099005.075731273,,,,False,5528520,1.0,25,5Coeuhim...,0.179995422293431,1.3885944826286252,1.1386538323335573,0.41631824701681575,,COUNTER,340321.172598343,156825.442033139,2952.016473149997,OK,0.016327801076469625,0.0,1295.967040512703,3017.92106809,0.0009588908037052759,3017.92106809,0.0009588908037052759,0.0,NEITHER,True,True,0.009588908037052759,,,10351.337441877995,0.003288953572715143,30.0
45,95,95,54,95,Actual,2026-09-03,8987936,0.045104479,0.04513216158375144,-0.0006133671151572653,IN BAND,False,True,0.0,28215.135015466,2903564.984663539,1.0,625550.621692629,563981.007728251,-0.0011390409750780188,673.9491155629512,ACCUMULATING_PRE_EMA,0.0,,,,,0.0539946534159228,-0.007462633234413394,0.0539946534159228,-0.007462633234413394,,0.9050942596018835,0.8160338621576443,1,0.4100022879358342,MINER_BURN_ONLY,2952.0164731380064,2952.0164731380064,0.0,0.009717411239113537,-0.7845577323016294,5D5UhUuc...,454103.970328608,,,,False,5403674,1.0,0,5ExqqyEB...,0.179995422293431,2.3727738207699165,1.9456853948936377,0.0,,COUNTER,1040763.091085424,14658.86980412,0.0,DIVERGENT,-0.9834011766377737,2.2778484180972276,1295.967040512703,9024.997700073,0.003108247188453681,9024.997700073,0.003108247188453681,0.0,EXPOSED,True,True,0.031082471884536812,,UNDEFENDED_BURNER,14221.453431015996,0.004897928410809774,30.0
46,96,96,55,69,Herald,2026-09-03,8987936,0.008320977,0.008336763363331556,-0.0018935841937160974,IN BAND,False,True,0.0,4293.674138859,1243257.852610808,1.0,516005.990877384,73306.052459613,0.0011393261345515797,772.4398143781582,,0.0,,,0.1369221588464407,,-1.4241446664233453,-0.023038607690212518,-1.4241446664233453,-0.023038607690212518,,2.113801247650494,1.8822857502595995,1,0.41000228797472016,MINER_BURN_ONLY,2952.0164734179853,2952.0164734179853,0.0,0.0034535668766076154,-0.5849565650034106,5HBPFVcJ...,504899.547411788,,,,True,8138182,1.0,0,5FWB5CFZ...,0.179995422293431,2.730159790135349,2.238743525781392,0.2793334452396576,,COUNTER,346623.261374736,4110.268380516,0.0,DIVERGENT,-0.9834011766394268,2.2778484183132663,1295.967040512703,485.813350565,0.00039075832060485685,485.813350565,0.00039075832060485685,0.0,EXPOSED,False,True,0.003907583206048569,,,24980.466716832012,0.020092747988177756,30.0
47,97,97,56,8,Vanta,2026-09-03,8987936,0.027987195,0.02805103687569499,-0.0022759185686396836,IN BAND,False,True,0.0,79309.151432326,3118972.337933238,1.0,2833765.617934678,1396602.765695351,-0.008329727580013033,3387.4084662562236,ACCUMULATING_PRE_EMA,0.0,,,,,0.1763928034385916,-0.02769034258511615,0.1763928034385916,-0.02769034258511615,,0.842585222073955,0.4409447323784564,1,0.01613796801216709,MINER_BURN_ONLY,118.40055668691639,116.19336968760305,0.000747692072938122,0.02542797525574708,-0.09144252377749602,5F6tnxzA...,18689.12293666,,,ENTRY_REPEATED,False,1477264,0.9048193507009132,114,5G9hfkx9...,0.009994659342336155,0.36306741118085734,0.3594386760878008,0.008774874862654132,,COUNTER,787725.470645631,0.0,0.0,DIVERGENT,-0.584844380295428,0.08965765799231691,1295.967040512703,607572.582268297,0.1947989646714533,607571.159893335,0.1947985086318326,1.4223749620141461,DORMITORY,True,True,1.9479850863183261,0,,12032.547692111004,0.0038578564951570796,30.0
48,21,12,6,68,NOVA,2026-09-03,8987936,0.022136208,0.022273130947723985,-0.006147449500716712,IN BAND,False,False,0.003165866,44510.462134724,3679547.214627481,1.0,2010753.731773001,1677932.060842453,0.0020257665134935203,6454.936956607504,,0.0,,0.09151370973264798,0.09151370973264798,0.18692000597112177,0.9161094846966472,-0.07479396892538666,0.9605365253642228,-0.03036692825781105,0.04442704066757561,0.7142183118490192,0.14249296530354616,1,0.0,,0.0,0.0,0.0,0.012096722650487925,-0.4535323009935611,5EcdJLAe...,3129980.704860067,,,,False,4972413,0.0,11,5E2LP6En...,0.0,0.17136244215626656,0.17136244215626656,0.06275180075692834,,COUNTER,682309.357738917,6247.123951755,0.0,DIVERGENT,1.0,0.0,1295.967040512703,572669.671389846,0.15563590789466833,572669.671389846,0.15563590789466833,0.0,DORMITORY,True,True,1.5563590789466846,0,,15081.247573388006,0.004098669399711681,30.0
49,98,98,57,12,Compute Horde,2026-09-03,8987936,0.004863563,0.004876086488366127,-0.0025683482842249177,IN BAND,False,True,0.0,12770.100877309,3499914.21157773,1.0,2625667.355886909,424354.50890386,-0.0016389071287063602,5075.627675503492,ACCUMULATING_PRE_EMA,0.0,,,,,-0.7222683297750466,-0.03124823745806983,-0.7222683297750466,-0.03124823745806983,,0.750875547551013,0.21656451727488424,1,0.40749920471021067,MINER_BURN_ONLY,2934.174452444073,2933.9942739135167,6.103608758678547e-05,0.0036486896836115173,-0.24979080488696914,5ELzhHvg...,1646688.380344371,,,,False,2256433,0.006149761181730717,136,5EHcd8Jp...,,4.9659928207619455,4.9659928207619455,0.0,,COUNTER,1586691.76521259,0.0,0.0,DIVERGENT,-0.9833002431197693,2.2639420465143827,1295.967040512703,3870.537061652,0.0011058948384643967,3870.537061652,0.0011058948384643967,0.0,EXPOSED,True,True,0.011058948384643967,,UNDEFENDED_BURNER,8831.711210191004,0.0025234079112498443,30.0
50,99,99,58,9,iota,2026-09-03,8987936,0.029729655,0.029806480277329683,-0.00257746894684894,IN BAND,False,True,0.0,58103.441188267,4028351.228468035,1.0,1954393.383568863,1095297.818966216,0.01301328860220348,7407.456251713447,,0.0,,,0.4377208077996021,,0.874683658873024,-0.03135920551999543,0.874683658873024,-0.03135920551999543,,0.6523760841478109,-0.02323660248116085,1,0.023087794735390986,MINER_BURN_ONLY,166.3222113600932,166.2321220948151,3.0518043793392735e-05,0.01442362840103282,-0.5148403706321913,5Fsbubec...,12375.021417708,,,,False,1489797,0.19449742877634169,209,5Fsbubec...,0.179995422293431,9.726084285459942,7.975433637237076,0.0,,COUNTER,1143880.239282107,46681.104420658,0.0,DIVERGENT,-0.7053911224525908,0.12826878840147918,1295.967040512703,566487.003304132,0.14062502775349225,566487.003304132,0.14062502775349225,0.0,DORMITORY,True,True,1.4062502775349224,0,,9773.957340906994,0.0024262922437932478,30.0
51,100,100,59,83,CliqueAI,2026-09-03,8987936,0.009689108,0.009722041431814432,-0.0033875016934880164,IN BAND,False,True,0.0,8546.404788923,2771596.775646244,1.0,882063.040849687,151934.121276802,0.000950791968390149,2890.2321349723497,,0.0,,,0.09812997939440338,,-2.4055318353039166,-0.04121460393743753,-2.4055318353039166,-0.04121460393743753,,0.9481898749096495,0.5414258646774731,1,0.0,,0.0,0.0,0.0017242694743266895,0.003083567156672804,-0.6817491190445185,5DqEjRLy...,936177.700656104,,,,False,5231190,0.0,180,5G9hfkx9...,0.009994659342336155,0.4649814238869939,0.46033409295472905,0.30132303795150384,,COUNTER,345172.824104195,26063.92679357,0.0,DIVERGENT,1.0,0.0,1295.967040512703,8057.340853611,0.002907111497751074,8057.340853611,0.002907111497751074,0.0,NEITHER,True,True,0.02907111497751074,,,14798.859977172006,0.005339470772663677,30.0
52,101,101,60,48,Quantum Compute,2026-09-03,8987936,0.004266286,0.0042827557772397995,-0.0038456027138708162,IN BAND,False,True,0.0,10784.129056432,3220481.337303549,1.0,2527755.356716908,689921.600047933,-0.0027008449742481964,10664.188630598597,ACCUMULATING_PRE_EMA,0.0,,,,,-0.3552059680660677,-0.04678816635209493,-0.3552059680660677,-0.04678816635209493,,0.8160270856282549,-0.3976996583392871,1,0.0,,0.0,0.0,4.57770656900891e-05,0.0033486078405476362,-0.2151000095756271,5GNH5YMk...,8873.625065764,,,ENTRY_REPEATED,False,3856677,1.0,230,5CFKbodp...,,3.979798283398304,3.979798283398304,0.0,,COUNTER,695492.461656953,0.0,0.0,DIVERGENT,1.0,0.0,1295.967040512703,101862.559282014,0.031629607072122236,101862.559282014,0.031629607072122236,0.0,DORMITORY,True,True,0.31629607072122234,,,9114.487214632994,0.002830163028444807,30.0
53,23,30,61,79,MVTRX,2026-09-03,8987936,0.006518384,0.006541319657117128,-0.0035062737061280044,IN BAND,False,False,0.00103089,10084.897189387,3507774.877648803,1.0,1547146.729363547,474122.83176882,-0.0051205686723918425,4882.8175718712155,ACCUMULATING_PRE_EMA,0.0,,,,0.26863723735835865,-1.7626768650804074,-0.04265966342455738,-1.767196599897561,-0.04717939824171089,-0.004519734817153509,0.7491928905544532,0.27315697217551216,1,0.0,,0.0,0.0,0.0017242694743266895,0.002875012662199896,-0.5589378192202399,5Fxp7QBG...,3830098.237855438,,,,False,5173967,0.0,0,5EWwdZB7...,0.179995422293431,0.2813207264645279,0.2306842835046504,1.0,,COUNTER,444229.939659842,37317.847662374,0.0,DIVERGENT,1.0,0.0,1295.967040512703,1355085.827207694,0.38630923433603676,1355085.827207694,0.38630923433603676,0.0,DORMITORY,True,True,3.863092343360367,0,,11449.549940107,0.0032640492447398514,30.0
54,102,102,62,31,rec4ll,2026-09-03,8987936,0.004459155,0.004476843634620309,-0.003951139701087383,IN BAND,False,True,0.0,1903.74856391,1730997.802642334,1.0,426930.32415047,52499.267936939,-3.4653599990985635e-05,5287.525551824947,ACCUMULATING_PRE_EMA,0.0,,,,,-6.527791296484914,-0.04807219969656316,-6.527791296484914,-0.04807219969656316,,1.5181995008823292,0.39334764610778744,1,0.41000228793638394,MINER_BURN_ONLY,2952.0164731419645,2952.0164731419645,0.0,0.0010997983712076153,-0.7533617083937169,5H3mfhC8...,876065.979232233,,,,False,7173591,1.0,0,5CDZ527X...,0.179995422293431,1.7812797966676068,1.460657587443664,0.4483290096139173,,COUNTER,725790.592927969,729.248648798,0.0,DIVERGENT,-0.9834011766377959,2.2778484181002816,1295.967040512703,409250.001652864,0.23642433342673916,409250.001652864,0.23642433342673916,0.0,FORTRESS,False,True,2.3642433342673916,0,,20482.889977551007,0.01183299594389102,30.0
55,103,103,63,25,UR,2026-09-03,8987936,0.008879717,0.008915710262954235,-0.004037060637085815,IN BAND,False,True,0.0,15234.505233057,4161874.772021742,1.0,1715652.008716563,696654.790273295,-0.00189072698649151,-1807.7026934353635,,0.0,,,,,-1.1917992907025783,-0.04911757108454408,-1.1917992907025783,-0.04911757108454408,,0.6314461976767692,0.7873849924708304,1,0.4100022879368044,SKIN_IN_GAME,2952.0164731449913,2952.0164731449913,0.0,0.003660491020890672,-0.5877694051633997,5F6aRdsB...,57086.826984053,0.2958374436621092,BUYBACK_JUSTIFIED,,False,2998801,1.0,1,5F6aRdsB...,0.179995422293431,18.874512205588022,15.477186410560687,0.0,,COUNTER,937635.821264833,0.0,0.0,DIVERGENT,-0.983401176637813,2.2778484181026175,1295.967040512703,323519.372769362,0.0777340478729022,323519.372769362,0.0777340478729022,0.0,FORTRESS,True,True,0.777340478729022,,,8674.005446386001,0.0020841582031004675,30.0
56,104,104,64,100,Cortex,2026-09-03,8987936,0.005819496,0.005850714398548007,-0.005335826776257307,IN BAND,False,True,0.0,3054.249095088,1934808.793392151,1.0,524830.526066578,369314.576778461,-0.001453934361040321,20454.233198359318,ACCUMULATING_PRE_EMA,0.0,,,,,13.246771409546676,-0.06491922577779723,13.246771409546676,-0.06491922577779723,,1.3582737524117463,-2.4759384452006317,1,0.3895021735404185,MINER_BURN_ONLY,2804.415649491013,2804.415649491013,0.0,0.0015785792919274576,-0.7287429543851465,5FX6kmhY...,1243253.821186751,,,,False,6693448,1.0,0,5CUPbFKU...,0.179995422293431,1.4086328542367188,1.1550853887819796,0.6253643202661254,,COUNTER,697124.291376853,1077.059572996,0.0,DIVERGENT,-1.0,2.1639559972000106,1295.967040512703,278959.361211178,0.1441792915991973,278959.361211178,0.1441792915991973,0.0,FORTRESS,False,True,1.4417929159919751,0,,22025.534097818992,0.011383829850805735,30.0
57,105,105,65,122,CookingTAO,2026-09-03,8987936,0.004617391,0.0046425689943134785,-0.005423289205678562,IN BAND,False,True,0.0,1433.218887442,653359.590640083,1.0,310395.760178687,46236.854018853,0.0003625880589275153,822.7514721535845,,0.0,,,0.07852660927513293,,-1.3137608801964051,-0.0659833520024225,-1.3137608801964051,-0.0659833520024225,,4.02228732484879,3.5698921301577773,1,0.41000228793902754,MINER_BURN_ONLY,2952.0164731609984,2952.0164731609984,0.0,0.0021936142179192703,-0.524923443148031,5F3uH1G4...,386163.289075384,,,,True,8238082,1.0,0,5CfPqfaz...,0.179995422293431,3.6285206463749793,2.9754035403302814,0.30043946653645437,,COUNTER,311409.396785745,4689.8056909,0.0,DIVERGENT,-0.9834011766379029,2.277848418114969,1295.967040512703,116000.621392036,0.17754483603492002,116000.621392036,0.17754483603492002,0.0,FORTRESS,False,True,1.7754483603492022,0,,36703.267079511985,0.05617621231143871,30.0
58,106,106,66,27,Orion,2026-09-03,8987936,0.002566041,0.002580963773652911,-0.0057818609487070615,IN BAND,False,True,0.0,6532.483680378,3437405.59439964,1.0,2545743.423735853,827366.439371103,-0.002571603639063033,13648.04911995912,ACCUMULATING_PRE_EMA,0.0,,,,,2.3005250044119427,-0.07034597487593591,2.3005250044119427,-0.07034597487593591,,0.7645300875409186,-0.6885261065262801,1,0.41000228793764515,MINER_BURN_ONLY,2952.016473151045,2952.016473151045,0.0,0.001900411080676946,-0.2593995650588022,5GLT9wjW...,52193.103544729,,,,False,1727132,1.0,152,5GP7c3fF...,0.0009918364232852674,0.36680375594415365,0.3664399466188104,0.07675990782706893,,COUNTER,1290432.756697539,0.0,0.0,DIVERGENT,-0.9834011766375316,2.2778484181072884,1295.967040512703,29259.979274079,0.008512227745759925,29259.979274079,0.008512227745759925,0.0,FORTRESS,True,True,0.08512227745759925,,,8799.534230237992,0.00255993480797685,30.0
59,107,107,67,113,TensorUSD,2026-09-03,8987936,0.00265287,0.002670605666935444,-0.0066410654163689825,IN BAND,False,True,0.0,1873.343024127,1576036.832544791,1.0,706157.091762101,65945.931426348,-0.0004889739469761811,2544.8441730900668,ACCUMULATING_PRE_EMA,0.0,,,,,0.3589016406908879,-0.08079962923248929,0.3589016406908879,-0.08079962923248929,,1.6674737199870056,1.0697741774552008,1,0.40589819850694364,MINER_BURN_ONLY,2922.467029249994,2922.467029249994,0.0,0.001188641651922662,-0.5519412365013506,5GndoVhM...,571749.807747164,,,,False,7119664,1.0,0,5FRumLA6...,0.179995422293431,2.442033257762343,2.002478450276807,0.3223388992337984,,COUNTER,747350.640803877,0.0,0.0,DIVERGENT,-0.983105161301117,2.2550473413998433,1295.967040512703,68789.585255579,0.043647193920275336,68789.585255579,0.043647193920275336,0.0,FORTRESS,False,True,0.4364719392027566,,,19661.972123635012,0.01247557907126274,30.0
60,25,32,68,77,Liquidity,2026-09-03,8987936,0.005712937,0.005728244315832853,-0.0026722526115975074,IN BAND,False,False,0.000849017,12221.560461648,3301019.557688824,1.0,2139277.763808015,409188.37538951,-0.006935415302332664,6054.498820805922,ACCUMULATING_PRE_EMA,0.0,,,,0.18256397642524402,-1.2535841696690742,-0.032512406774436335,-1.310019092927339,-0.08894733003270114,-0.056434923258264796,0.7961176703357578,0.23899889968350882,1,0.0,,0.0,0.0,0.00010681315327687457,0.003702359300835165,-0.3519341626145773,5GxxsUeY...,2726639.381471813,,,,False,5128460,0.002243315834452475,29,5GP7c3fF...,0.0009918364232852674,0.3353265403146157,0.3349939512382374,0.013596825881275752,,COUNTER,140886.89655137,14115.257752168,0.0,DIVERGENT,1.0,0.0,1295.967040512703,369577.913917543,0.11195871683241385,369577.913917543,0.11195871683241385,0.0,DORMITORY,True,True,1.1195871683241383,0,,11016.419447642,0.0033372778485914324,30.0
61,108,108,69,20,ChronoSeek,2026-09-03,8987936,0.002722074,0.002742976415902376,-0.007620341094146685,IN BAND,False,True,0.0,6981.742791974,3258025.226145411,1.0,2564860.916813601,284490.94477413,-0.0009316292818717833,18761.305429527536,ACCUMULATING_PRE_EMA,0.0,,,,,0.16169391322090856,-0.09271414997878466,0.16169391322090856,-0.09271414997878466,,0.8066235887035174,-1.2961172846191684,1,0.410002287939165,MINER_BURN_ONLY,2952.016473161988,2952.016473161988,0.0,0.0021429369962964167,-0.21275578977778833,5CFVA7aP...,1239117.865433231,,,,False,1970929,1.0,240,5ED4s3B3...,0.179995422293431,1.2927104037392423,1.0600284487150857,0.48665517083517723,,COUNTER,1367760.568368211,0.0,0.0,DIVERGENT,-0.9834011766379086,2.2778484181157324,1295.967040512703,623994.222112852,0.19152528872561964,617952.417170006,0.18967085098389774,6041.804942846065,FORTRESS,True,True,1.8967085098389778,0,,9185.445231530997,0.0028193290702043924,30.0
62,109,109,70,112,parked,2026-09-03,8987936,0.003380797,0.0034079295583069324,-0.00796159599038541,IN BAND,False,True,0.0,4165.667442884,2227479.032395961,1.0,1232155.154279077,151319.34885789,-0.0010482548438311206,6481.16658384935,ACCUMULATING_PRE_EMA,0.0,,,,,1.1291958256678662,-0.09686608454968915,1.1291958256678662,-0.09686608454968915,,1.179809085418516,0.10983747919383122,1,0.41000228793945603,MINER_BURN_ONLY,2952.0164731640834,2952.0164731640834,0.0,0.0018701264444241476,-0.4468385873437099,5GyUNPbb...,651581.023009327,,,ENTRY_REPEATED,False,5633022,1.0,0,5C4xjnQk...,0.179995422293431,2.3931385903807683,1.9623845991984756,0.4472081915429339,,COUNTER,980441.738191358,0.0,0.0,DIVERGENT,-0.9834011766379204,2.2778484181173493,1295.967040512703,109192.016768061,0.04902044651374784,109192.016768061,0.04902044651374784,0.0,FORTRESS,True,True,0.4902044651374784,,,16503.439109565003,0.007409021081474907,30.0
63,110,110,71,37,Aurelius,2026-09-03,8987936,0.003804004,0.003838299075141549,-0.008934966887718155,IN BAND,False,True,0.0,8505.605667937,3715039.742235012,1.0,2235960.697504306,354403.485670021,-0.0011818962588911177,15679.371310105547,ACCUMULATING_PRE_EMA,0.0,,,,,-0.9416886396517314,-0.10870876380057087,-0.9416886396517314,-0.10870876380057087,,0.7073948550598719,-0.8359548134803831,1,0.41000228793709537,MINER_BURN_ONLY,2952.016473147087,2952.016473147087,0.0,0.0022895059698122976,-0.39813260716542426,5GRBbS3a...,23097.61804375,,,ENTRY_REPEATED,False,3212175,1.0,110,5E2LP6En...,0.0,0.5522922211654362,0.5522922211654362,0.5045857559248577,,COUNTER,1274225.80749201,0.0,0.0,DIVERGENT,-0.9834011766378248,2.2778484181042344,1295.967040512703,45507.151093348,0.012249438566159284,45507.151093348,0.012249438566159284,0.0,FORTRESS,True,True,0.12249438566159283,,,8752.619701372001,0.00235599625001759,30.0
64,111,111,72,40,Ralph,2026-09-03,8987936,0.005241758,0.005291238194331527,-0.009351345094336255,IN BAND,False,True,0.0,2075.033092835,443097.079609087,1.0,395865.871311043,78632.717112817,-1.8552276038102824e-06,1229.277156174765,ACCUMULATING_PRE_EMA,0.0,,,,,-1.2596267993679782,-0.11377469864775776,-1.2596267993679782,-0.11377469864775776,,5.930980186821581,4.944051704111912,1,0.0,,0.0,0.0,0.0,0.004683021370092653,-0.10659336617740602,5HeKCDfd...,754457.174735532,,,,True,8409860,1.0,6,5E2LP6En...,0.0,0.8543731690282129,0.8543731690282129,0.236628874002411,,COUNTER,22349.634720453,0.042920633,0.0,DIVERGENT,1.0,0.0,1295.967040512703,22427.898380107,0.05061621800778632,22427.898380107,0.05061621800778632,0.0,DORMITORY,False,True,0.5061621800778632,,,40776.73784555298,0.09202664545098647,30.0
65,112,112,73,24,Quasar,2026-09-03,8987936,0.003924436,0.0039624657947570086,-0.009597507392323311,IN BAND,False,True,0.0,8580.027966094,3652565.515108648,1.0,2186308.186816104,1571527.805023148,-0.003987432863262727,6733.750305222813,ACCUMULATING_PRE_EMA,0.0,,,,,0.24538575247551553,-0.11676967327326694,0.24538575247551553,-0.11676967327326694,,0.7194942812468151,0.041721652082505695,1,0.4100022879374996,MINER_BURN_ONLY,2952.016473149997,2952.016473149997,0.0,0.0023490414971622433,-0.4014320791160199,5ELutYW7...,328468.361070472,,,,False,2538424,1.0,155,5ELpkVn8...,0.179995422293431,3.280334243409606,2.6898890960034914,0.0,,COUNTER,646555.743532803,0.0,0.0,DIVERGENT,-0.9834011766378411,2.27784841810648,1295.967040512703,700000.000065042,0.19164611754930289,0.0,0.0,700000.000065042,EXPOSED,True,False,0.7582200754519633,72963,TAKEOVER_WATCH,8952.738817383002,0.002451082336607095,30.0
66,24,27,74,11,TrajectoryRL,2026-09-03,8987936,0.007739889,0.007791685638949275,-0.006647680790707581,IN BAND,False,False,0.00108288,20062.338043908,3245761.254710213,1.0,2592070.416222418,980599.294778351,-0.004553696919034271,6338.861436963547,ACCUMULATING_PRE_EMA,0.0,,,,0.141848304707643,-1.2104452118420115,-0.08088011628694222,-1.2526940933067805,-0.12312899775171135,-0.04224888146476913,0.8096713817710023,0.18409718617241214,1,0.0,,0.0,0.0,0.0,0.006181088647476384,-0.20139828265284118,5D2Jhtbn...,2106118.745151935,,,,False,2918568,1.0,189,5GgqDcxk...,0.0,0.3772866327413051,0.3772866327413051,0.014786443471228237,,COUNTER,1145934.992162841,46846.465498293,100.0,DIVERGENT,0.56934572471687,0.0,1295.967040512703,46180.459268605,0.014227928564243113,46180.459268605,0.014227928564243113,0.0,DORMITORY,True,True,0.1422792856424311,,,9502.828995025993,0.002927765861162953,30.0
67,113,113,75,30,Endure Network,2026-09-03,8987936,0.003906145,0.003949443576857448,-0.010963209377433338,IN BAND,False,True,0.0,9113.847493014,3513521.928443568,1.0,2333207.219291592,408643.503756126,-0.0016359655505931488,48635.879226861056,ACCUMULATING_PRE_EMA,0.0,,,,,4.107024991207897,-0.13338571409210562,4.107024991207897,-0.13338571409210562,,0.7479674393733358,-4.259344257018038,1,0.4100022879356887,MINER_BURN_ONLY,2952.0164731369587,2952.0164731369587,0.0,0.002593934997027693,-0.3359347906880843,5HTogQKF...,777.598534257,,,,False,3250216,1.0,116,5E2LP6En...,0.0,0.31454481644113036,0.31454481644113036,0.6810267209937585,,COUNTER,775178.461926128,18187.150616168,0.0,DIVERGENT,-0.9834011766377678,2.2778484180964194,1295.967040512703,4962.596266974,0.0014124278624247403,4962.596266974,0.0014124278624247403,0.0,EXPOSED,True,True,0.014124278624247403,,UNDEFENDED_BURNER,8888.463689521997,0.002529787452745297,30.0
68,114,114,76,72,StreetVision by NATIX,2026-09-03,8987936,0.00254401,0.002574184676632285,-0.011722032574508752,IN BAND,False,True,0.0,6764.473016043,2637226.227845589,1.0,2658979.934973767,234693.624986996,-0.000693472829379333,47397.11858934956,ACCUMULATING_PRE_EMA,0.0,,,,,3.819763835244566,-0.14261806298985646,3.819763835244566,-0.14261806298985646,,0.9965015409947874,-5.48639733595987,1,0.410002287933611,MINER_BURN_ONLY,2952.0164731219993,2952.0164731219993,0.0,0.0025649953517901474,0.008248926611981556,5FjP8fFb...,0.037193579,,,,False,5064327,1.0,228,5E2LP6En...,0.0,0.3971759250230715,0.3971759250230715,0.32158825593993684,,COUNTER,448218.087522526,0.0,0.0,DIVERGENT,-0.9834011766376837,2.277848418084876,1295.967040512703,429133.280858707,0.16272145192840579,423144.918986676,0.16045074727333986,5988.361872030946,FORTRESS,True,True,1.604507472733402,0,,9445.368439159,0.003581554111448049,30.0
69,115,115,77,116,Memo,2026-09-03,8987936,0.006438866,0.006532203173264861,-0.014288773755059207,IN BAND,False,True,0.0,1489.290431184,659336.65624302,1.0,231296.995323334,107085.541119076,0.0001614247536338362,4392.146533394582,,0.0,,,0.025070370098373877,,-3.1896859336160532,-0.17384674735322034,-3.1896859336160532,-0.17384674735322034,,3.985824199392556,1.5335191466802036,1,0.41000228803180816,MINER_BURN_ONLY,2952.0164738290187,2952.0164738290187,0.0,0.002258770867784232,-0.6491974102607149,5F48aA3P...,93747.35843777,,,,True,8294730,1.0,0,5CXN6pP6...,0.179995422293431,11.493507989741824,9.424729165495322,0.0,,COUNTER,194741.656746763,1764.319155568,0.0,DIVERGENT,-0.9833032766612106,2.2778484186304295,1295.967040512703,30.45052749,4.6183580423862356e-05,30.45052749,4.6183580423862356e-05,0.0,EXPOSED,False,True,0.0004618358042386235,,,36335.928963510014,0.05510982685318382,30.0
70,116,116,78,35,OxMarkets,2026-09-03,8987936,0.002426903,0.0024638574104756117,-0.01499859948002364,IN BAND,False,True,0.0,7132.726933979,2954989.491066864,1.0,2939024.039964554,792240.320411965,-0.005304274305624786,49207.54567806423,ACCUMULATING_PRE_EMA,0.0,,,,,2.006738840894177,-0.1824829603402876,2.006738840894177,-0.1824829603402876,,0.8893432643143484,-5.121941462983682,1,0.0,,0.0,0.0,1.5259021896696368e-05,0.0024137909645843827,-0.005402785119807868,5EqZVDbW...,9248.54954318,,,,False,3037158,0.0,133,5FntQXN2...,,0.31581597261982575,0.31581597261982575,0.007492637072530559,,COUNTER,266886.343998939,0.0,0.0,DIVERGENT,1.0,0.0,1295.967040512703,90775.202724805,0.03071929798709087,90775.202724805,0.03071929798709087,0.0,DORMITORY,True,True,0.30719297987091,,,8924.739903856998,0.0030202272904310146,30.0
71,26,51,79,7,Allways,2026-09-03,8987936,0.003140743,0.0031550468411296606,-0.0045336382785806885,IN BAND,False,False,0.000135839,6299.363822467,3177844.062200176,1.0,2005691.801420713,322919.890923354,-0.001063203871299582,5063.5467754763085,ACCUMULATING_PRE_EMA,0.0,,,,0.05666999113891396,-1.2097798408621196,-0.05515926572273171,-1.3617693490019627,-0.20714877386257485,-0.15198950813984313,0.826975757325395,0.2086594992787571,1,0.0,,0.0,0.0,1.5259021896696368e-05,0.0019822759390231517,-0.36885127531187634,5CAc19iE...,0.340321952,,,,False,2627691,0.07316812646870319,121,5H6MvgnH...,,13.39860006232749,13.39860006232749,0.0,,COUNTER,36084.978602376,217490.80325128,459.1667076650192,DIVERGENT,0.2739586856629388,0.0,1295.967040512703,3211.260531444,0.0010105154528006286,3211.260531444,0.0010105154528006286,0.0,NEITHER,True,True,0.010105154528006286,,,10833.740061362001,0.0034091477899205903,30.0
72,117,117,80,16,trav,2026-09-03,8987936,0.001697042,0.0017287579830735922,-0.01834610939421594,IN BAND,False,True,0.0,437.681248184,406368.20017156,1.0,257908.306360802,50970.496106141,0.000900611716787907,4668.342545179039,,0.0,,,0.5306950074234503,,-6.622919895697068,-0.22321099762962726,-6.622919895697068,-0.22321099762962726,,6.467041463604963,2.2436065221965835,1,0.0,,0.0,0.0,0.0,0.001077055852301485,-0.36533341408080355,5FkKY8WJ...,662441.704984907,,,,True,8460646,1.0,1,5E2LP6En...,0.0,0.9526171021504011,0.9526171021504011,0.4143650624103519,,COUNTER,63578.799840379,0.04568655,0.0,DIVERGENT,1.0,0.0,1295.967040512703,7333.737256624,0.0180470254649056,0.0,0.0,7333.737256624,NEITHER,False,False,0.135706803230107,,,42907.455295737025,0.10558763032545955,30.0
73,118,118,81,109,Finsight,2026-09-03,8987936,0.002735725,0.002790177008137107,-0.019515610650616872,IN BAND,False,True,0.0,1368.014360599,1536100.601160853,1.0,500055.336043402,67707.497890742,-0.000708007104294364,5696.728646218311,ACCUMULATING_PRE_EMA,0.0,,,,,5.374665564862444,-0.23743992958250526,5.374665564862444,-0.23743992958250526,,1.7108254485506895,0.34589958196470194,1,0.41000228793722476,MINER_BURN_ONLY,2952.016473148018,2952.016473148018,0.0,0.0008905760205843108,-0.674464348359462,5FqZqKFx...,658136.347048902,,,,False,7257480,1.0,0,5DyQkk4x...,0.179995422293431,2.250020034854069,1.8450267285118305,0.37435333974270935,,COUNTER,691864.195225197,1308.746301495,0.0,DIVERGENT,-0.9834011766379088,2.277848418104953,1295.967040512703,187956.685082342,0.12235961950688679,187956.685082342,0.12235961950688679,0.0,FORTRESS,False,True,1.2235961950688676,0,,21684.490529477003,0.014116582281843863,30.0
74,119,119,82,87,Provenonce,2026-09-03,8987936,0.003768867,0.0038465990219265223,-0.02020798671330997,IN BAND,False,True,0.0,1606.913759281,1675071.617345117,1.0,426365.145149695,99045.396147895,-0.0004810604927689679,13122.06744527485,ACCUMULATING_PRE_EMA,0.0,,,,,-0.02641176000141447,-0.2458638383452713,-0.02641176000141447,-0.2458638383452713,,1.5688881435202242,-1.2964720240671423,1,0.41000228793290766,MINER_BURN_ONLY,2952.0164731169352,2952.0164731169352,0.0,0.0009593104812007125,-0.7454644907340289,5HartH15...,4227.938075267,,,,False,7208725,1.0,1,5E2LP6En...,0.0,0.6477511260763005,0.6477511260763005,0.4152843692298302,,COUNTER,712347.264832831,811.040088965,0.0,DIVERGENT,-0.9834011766375763,2.2778484180809686,1295.967040512703,164059.311017014,0.09794166966845136,164059.311017014,0.09794166966845136,0.0,FORTRESS,False,True,0.9794166966845194,,,22431.204538422004,0.013391191341403092,30.0
75,27,45,9,89,InfiniteQuant,2026-09-03,8987936,0.003426693,0.00343291275203228,-0.0018118002062818802,IN BAND,False,False,0.00020205,6528.287774237,2865246.674466016,1.0,1905127.279734541,186827.229118048,0.00022740814707736934,4946.674638197059,,0.0,,0.06636373526235625,0.06636373526235625,0.0813363960601537,-1.0404674782680308,-0.02204356917642954,-1.2894793634818302,-0.271055454390229,-0.24901188521379947,0.9171985167698588,0.33034828127395316,1,0.0,,0.0,0.0,0.0007324330510414256,0.002278438304253036,-0.3350912076882767,5Dc5NmEU...,113041.217671553,,,,False,5313364,0.008978881304686381,232,5H8Vq6jZ...,,17.804337635608384,17.804337635608384,0.0,,COUNTER,601037.833009041,0.0,0.0,DIVERGENT,1.0,0.0,1295.967040512703,6094.632142656,0.0021270881132047143,6094.632142656,0.0021270881132047143,0.0,NEITHER,True,True,0.02127088113204714,,,12454.851370153992,0.004346868798818221,30.0
76,120,120,83,126,Poker44,2026-09-03,8987936,0.004287452,0.004399503814056516,-0.025469193525530724,IN BAND,False,True,0.0,2430.167741146,1231125.117174735,1.0,566809.363752229,63480.714394433,-0.0001583244541660852,8207.925294685061,ACCUMULATING_PRE_EMA,0.0,,,,,0.17056501819480197,-0.3098751878939571,0.17056501819480197,-0.3098751878939571,,2.1346327544928196,-0.3130918391965139,1,0.3075017159500001,MINER_BURN_ONLY,2214.0123548400006,2214.0123548400006,0.0,0.0019739405095746117,-0.5396005577264511,5DqrUa2z...,643525.3311236129,,,,False,7525773,1.0,1,5E2LP6En...,0.0,1.030805820096172,1.030805820096172,0.46366660562778494,,COUNTER,395361.951670204,5493.154491675,0.0,DIVERGENT,-0.9778682355168966,1.7083863135625006,1295.967040512703,171439.094523612,0.13925399793405355,1096.553699538,0.0008906923303249973,170342.540824074,EXPOSED,False,False,1.144759870440496,0,,25820.975877457,0.020973478257606044,30.0
77,121,121,84,84,SN84,2026-09-03,8987936,0.003022426,0.003110384102910757,-0.02827885560128868,IN BAND,False,True,0.0,1635.323545145,764463.024353216,1.0,541063.178222754,65977.089640974,-0.004139727322791386,15433.123297940241,ACCUMULATING_PRE_EMA,0.0,,,,,-0.882596940644097,-0.34405940981567895,-0.882596940644097,-0.34405940981567895,,3.4377071438130757,-4.463728602498407,1,0.0,,0.0,0.0,0.0002746623941405346,0.0021391793887331396,-0.29223101285750597,5G1hDNpP...,227427.30118268996,,,,False,8085297,0.9994047346490224,52,5FWw6sgD...,0.179995422293431,2.8965164792496436,2.375156772387222,1.0,,COUNTER,43139.508392942,45159.62525665,1182.4780489029945,OK,0.039789584591940964,0.0,1295.967040512703,660.436412233,0.0008639219833971315,660.436412233,0.0008639219833971315,0.0,NEITHER,False,True,0.008639219833971316,,,3140.441501850999,0.004108035839284719,30.0
78,28,52,85,106,Nodexo,2026-09-03,8987936,0.002952205,0.0029620020650327206,-0.0033075821075136532,IN BAND,False,False,0.000114819,6609.481784621,2517435.003663412,1.0,2238828.784879388,357694.419766675,-0.0008091572467977437,4081.8208736120723,ACCUMULATING_PRE_EMA,0.0,,,,0.04565325116745179,0.5518999833488117,-0.04024224897474945,0.11221134291234813,-0.47993088941121304,-0.4396886404364636,1.043919702465284,0.4853418916039154,1,0.0,,0.0,0.0,0.0001373311970702673,0.0026254825943878494,-0.11067063622348394,5CTdHCps...,1199131.283160961,,,,False,5558480,0.18380490187101306,31,5E4vCZrj...,0.0,0.42656791296750174,0.42656791296750174,0.03313036975995361,,COUNTER,838637.534343767,0.0,0.0,DIVERGENT,1.0,0.0,1295.967040512703,303410.61440016,0.12052371320754339,303410.61440016,0.12052371320754339,0.0,DORMITORY,True,True,1.205237132075437,0,,11700.559439786995,0.004647809942564616,30.0
79,122,122,86,90,KubeTEE,2026-09-03,8987936,0.029798974,0.0313614213373512,-0.04982068001778803,IN BAND,False,True,0.0,2118.191555123,246379.45899175,1.0,71082.698986383,58136.244972192,,1086.543291783295,,,,,,,-8.090532349504977,-0.6061516068830877,-8.090532349504977,-0.6061516068830877,,10.666473620627597,5.971034525608953,1,0.0,,0.0,0.0,1.5259021896696368e-05,0.008597273343286006,-0.7114909612899422,5C9y6fnL...,491506.029759254,,,,True,8618670,0.7339854121524705,0,5EKtGWqs...,0.179995422293431,2.4901018087529505,2.041894882132827,0.4019105169993286,,COUNTER,0.0,84364.750809393,2098.810194352991,OK,0.022813933991388296,0.0,1295.967040512703,52282.218268897,0.21220201750117354,52282.218268897,0.21220201750117354,0.0,DORMITORY,False,True,2.1220201750117353,0,,53486.613785984,0.21709039383747894,30.0
80,29,4,7,64,Chutes,2026-09-03,8987936,0.074182773,0.07432562974281609,-0.0019220387813788395,IN BAND,False,False,0.009989213,206340.928269363,3321051.247978307,1.0,2781520.847111079,4975100.077552304,0.006078987608972017,1083.6403625640087,,0.0,,0.08194608213111712,0.08194608213111712,0.1272246470158862,-0.811264866402445,-0.023384805173442547,-1.458403178846445,-0.6705231176174427,-0.6471383124440001,0.791315702098785,0.7743629594598863,1,0.0,,0.0,0.0,9.15541313801782e-05,0.06213120872343456,-0.16245772150584653,5FRYKhbm...,671012.648682866,1.8707500277788836,BUYBACK_GAMING,,False,4531295,0.21363060629644892,194,5FEm1mew...,,18.16938478150512,18.16938478150512,0.0,,COUNTER,274207.517615115,0.0,0.0,DIVERGENT,1.0,0.0,1295.967040512703,753350.331577078,0.22684092334789496,753349.856729945,0.22684078036692373,0.4748471329221502,DORMITORY,True,True,2.2684078036692386,0,,10069.416257011007,0.003031996649597255,30.0
81,31,3,87,120,Affine,2026-09-03,8987936,0.053589373,0.05340222828090191,0.003504436521144602,IN BAND,False,False,0.009998418,80946.464739606,2629670.871915656,1.0,1510494.74623432,1475440.072561558,-0.0050901304439632976,759.1712052517105,ACCUMULATING_PRE_EMA,0.0,,,,0.3246076599951077,0.4934582157163889,0.04263731100725932,-0.22778188890055184,-0.6786027936096815,-0.7212401046169408,0.9993646079691947,1.0458477646120485,1,0.0,,0.0,0.0,4.57770656900891e-05,0.030781975647255932,-0.42559552530581146,5EfNFhH2...,2963333.131054591,0.30061523129212864,BUYBACK_GAMING,,False,5749344,0.0,116,5E2LP6En...,0.0,0.35463901742589554,0.35463901742589554,0.013504440443128759,,COUNTER,180555.409154778,0.0,0.0,DIVERGENT,1.0,0.0,1295.967040512703,60984.597765779,0.02319096219115554,60984.597765779,0.02319096219115554,0.0,DORMITORY,True,True,0.23190962191155695,,,14514.239691075003,0.005519413036089078,30.0
82,30,54,88,128,ByteLeap,2026-09-03,8987936,0.002886042,0.002886837814003229,-0.0002756698001421322,IN BAND,False,False,0.000103951,4080.28367637,2829611.099009757,1.0,1413798.841262562,91087.450480192,-0.00022424396803000932,1412.5104869022034,ACCUMULATING_PRE_EMA,0.0,,,,0.06695201845451976,-0.6841272604002244,-0.003353982568395942,-1.3916597860217752,-0.7108865081899467,-0.7075325256215508,0.9287495376731056,0.7744845440760705,1,0.0,,0.0,0.0,9.15541313801782e-05,0.00144199451217799,-0.5003556732098875,5GgMeLFN...,869259.305591875,,,,False,5856038,1.0,96,5HQTcjYx...,,5.7700968698832265,5.7700968698832265,0.0,,COUNTER,186014.794503201,289.843039317,0.0,DIVERGENT,1.0,0.0,1295.967040512703,3774.579748872,0.0013339570763604021,3774.573941721,0.0013339550240815566,0.005807150999771693,NEITHER,True,True,0.013339550240815566,,,12648.239735559002,0.004469956927998108,30.0
83,32,35,89,33,ReadyAI,2026-09-03,8987936,0.004905626,0.004904766567051411,0.00017522402684002256,IN BAND,False,False,0.000743507,14906.662159257,2234949.219405755,1.0,3038686.917839887,901089.455450524,-0.0054386194078304825,2266.370968335774,ACCUMULATING_PRE_EMA,0.0,,,,0.13107806262226251,-0.5671967860149327,0.0021318923265536078,-1.2961728343031695,-0.7268441559616831,-0.7289760482882367,1.1758656425754284,0.8600541109104992,1,0.0,,0.0,0.0,0.007705806057831666,0.006669799040543971,0.35962240915715366,5HinUfk5...,45333.889372554,,,,False,2943950,0.0,209,5E2LP6En...,0.0,0.48601932459306807,0.48601932459306807,0.4290728193859488,,COUNTER,584226.582883127,0.0,0.0,DIVERGENT,1.0,0.0,1295.967040512703,138809.800536348,0.06210870445336372,138808.045342108,0.06210791911371272,1.755194239987759,DORMITORY,True,True,0.6210791911371272,,,12070.498333362004,0.005400793104628748,30.0
84,33,37,90,56,Gradients,2026-09-03,8987936,0.01608718,0.01607769401744008,0.0005900088998850886,IN BAND,False,False,0.000404513,50934.243565692,2740826.260051662,1.0,3166138.730922392,2839650.623654496,-0.009019599530651996,1363.8330534216948,ACCUMULATING_PRE_EMA,0.0,,,,0.020871227087704315,0.5111541988870352,0.007178441615268577,-0.2642655888238574,-0.768241346095624,-0.7754197877108926,0.9588349463458747,0.7962910147985969,1,0.29646434754662615,MINER_BURN_ONLY,2188.3066942580044,2188.2166049927264,3.0518043793392735e-05,0.018583536033667428,0.1551767328809293,5EJ1zbdw...,16244.407652642,,,,False,4312927,0.742816596218699,101,5E2LP6En...,0.0,0.38839150475440387,0.38839150475440387,0.10215636302592825,,COUNTER,820356.367744135,0.0,0.0,DIVERGENT,-0.9768727234876527,1.688481679385177,1295.967040512703,264724.185506575,0.09658554041349018,264724.185506575,0.09658554041349018,0.0,FORTRESS,True,True,0.965855404134902,,,11287.249354390002,0.004118192210467674,30.0
85,37,17,91,118,Ditto,2026-09-03,8987936,0.00943102,0.009324922924861312,0.011377796470126437,IN BAND,False,False,0.002301723,6899.131013186,2187461.317679968,1.0,731536.128618011,747347.504852258,-0.0019519015973399523,-1880.1556305593112,,0.0,,,,0.876766658357256,-3.8217028195406684,0.13842985705320499,-4.754015270318259,-0.7938825937243861,-0.9323124507775911,1.2013926732141116,1.809079109134847,1,0.0,,0.0,0.0,4.57770656900891e-05,0.00315394423545887,-0.665577611386799,5HGXqHbQ...,1511976.537717426,0.0,,,False,5724794,0.7468259781480804,28,5DPQjF6B...,0.0,0.46002129458026525,0.46002129458026525,0.09075371209693418,,COUNTER,320927.826926128,1788.13704218,0.0,DIVERGENT,1.0,0.0,1295.967040512703,112762.651640761,0.05154955231864745,87472.735539214,0.039988243372453325,25289.916101547,DORMITORY,True,True,0.39988243372453525,,,21129.56631584401,0.009659401126349575,30.0
86,36,28,92,111,Claims,2026-09-03,8987936,0.006341241,0.006295405328273773,0.007280813440299198,IN BAND,False,False,0.001066747,6602.783469719,3654148.221837536,1.0,1041244.596640678,203041.008750883,-0.0020882893709760026,-5839.22087369638,,0.0,,,,0.42458019846580053,-3.926879064595184,0.08858323019030691,-4.846351115776653,-0.8308888209911615,-0.9194720511814684,0.7191826495419159,1.3440522496472689,1,0.0,,0.0,0.0,3.051804379350376e-05,0.0018069282001918095,-0.715051328250762,5CGTryXj...,2844373.586676385,22.874241327877098,BUYBACK_GAMING,,False,5615562,0.0,111,5CsvRJXu...,0.0899977111467155,13.341817683786063,12.141084629708544,0.01644997863639138,,COUNTER,734491.272679149,0.371911999,0.0,DIVERGENT,1.0,0.0,1295.967040512703,1221.604957048,0.00033430635072424623,1221.604957048,0.00033430635072424623,0.0,NEITHER,True,True,0.003343063507242462,,,11251.408743054993,0.003079078367925939,30.0
87,39,1,1,51,lium.io,2026-09-03,8987936,0.084139493,0.08375500841066241,0.004590586242346271,IN BAND,False,False,0.011840322,152818.791788839,3982335.334109481,1.0,1816255.219049303,1957432.166767716,0.015805744069074572,-4552.432780567091,DISTRIBUTING_PRE_EMA,0.0,,0.1878516675763018,0.1878516675763018,0.20361609885645332,1.5873857454563685,0.05585213261521296,0.6228550840613329,-0.9086785287798226,-0.9645306613950355,0.6599142913683501,1.1681467602514888,1,0.0,,0.0,0.0,0.000457770656900891,0.038374164646536965,-0.5439220836933618,5FqACMtc...,216.588029224,0.0,,,False,3966206,0.7361270132050988,61,5FUY2npW...,,2.735676704819636,2.735676704819636,0.0,,COUNTER,1171146.945421614,47834.295633396,0.0,DIVERGENT,1.0,0.0,1295.967040512703,484125.772750707,0.12156830907836291,484125.772750707,0.12156830907836291,0.0,DORMITORY,True,True,1.215683090783631,0,,10706.487655616,0.00268849475429978,30.0
88,35,71,93,101,Tag101,2026-09-03,8987936,0.004420527,0.004433188121765852,-0.002855985673986943,IN BAND,False,True,5.6e-08,3911.229887593,2439523.740487047,1.0,884788.037689959,165862.052316683,0.0003527464605012477,1056.0959053001134,,0.0,,,0.07979737721345163,3.762703912312561e-05,-1.312452465391845,-0.03474782570017448,-2.224400271502228,-0.9466956318105574,-0.911947806110383,1.077259448795249,0.9119854331495061,1,0.3687625121326768,MINER_BURN_ONLY,2660.2589482220355,2655.123860101184,0.001739528496223386,0.001603276009444421,-0.6373111148411895,5H8dNvi1...,1328998.511278807,,,,False,5481350,0.9033185062900292,0,5H6Dezn7...,0.179995422293431,1.192751744874342,0.9780618908644582,0.5694491072791088,,COUNTER,865049.038395329,6970.543419914,0.0,DIVERGENT,-0.9760250224309391,2.048758785602124,1295.967040512703,13574.61335476,0.005564452245113159,13574.61335476,0.005564452245113159,0.0,FORTRESS,True,True,0.05564452245113159,,,15148.934485927997,0.006209791786204768,30.0
89,34,58,94,54,Yanez,2026-09-03,8987936,0.003939298,0.003968834411352873,-0.007442087094483924,IN BAND,False,True,8.8142e-05,7903.967725594,3776699.971955118,1.0,2006440.7251806,866165.577466102,-0.0018134332739084883,-2101.018254633993,,0.0,,,,0.029306442541501138,-6.250673935144169,-0.09054539298288775,-7.13249107261738,-0.9723625304560983,-0.8818171374732106,0.6958455846413291,0.9111235800147117,1,0.12246590633789795,SKIN_IN_GAME,903.7812516309787,901.4839753663872,0.0007782101167315147,0.00209282383675881,-0.4687317799367273,5FUfruyV...,3380016.343029693,1.2698071255247638,BUYBACK_GAMING,,False,4742549,0.3031274815222038,59,5DUB7kNL...,0.01998931868467231,0.360231352238377,0.3530305729382736,0.8271910146652627,,COUNTER,583236.288231306,0.0,0.0,DIVERGENT,-0.9362140441116633,0.6956071776406808,1295.967040512703,644081.425659809,0.17054079763883961,644081.425659809,0.17054079763883961,0.0,FORTRESS,True,True,1.705407976388396,0,,9806.460596204994,0.0025965686099042695,30.0
90,41,38,95,80,OpenRoboto,2026-09-03,8987936,0.014546285,0.014560910174623132,-0.0010044134911717133,IN BAND,False,False,0.000345235,3028.969231948,1956801.588543048,1.0,208229.749271142,226651.290668584,-0.0002903473733555673,-31.57061523059383,,0.0,,,,0.29953344208006655,11.839720750572136,-0.012220364142589177,10.779428751759651,-1.072512362955073,-1.060291998812484,1.3430079040137626,1.3598254408925505,1,0.3156309816963812,SKIN_IN_GAME,2326.7207534269837,2326.5856195290667,4.57770656900891e-05,0.001547918424475137,-0.8935866838526032,5CG1eFia...,282641.190310512,0.5592121706791593,BUYBACK_JUSTIFIED,,False,7151800,0.9196728315937253,0,5HTwtytU...,0.179995422293431,3.23546110822577,2.6530929197367,0.12072149059223879,,COUNTER,249301.172950938,2501.379452446,0.0,DIVERGENT,-0.9399610906498264,1.795250609620933,1295.967040512703,369161.388496458,0.188655503275281,369161.388496458,0.188655503275281,0.0,FORTRESS,False,True,1.886555032752814,0,,20790.284130735003,0.010624625538154112,30.0
91,38,42,96,117,glyph,2026-09-03,8987936,0.00350888,0.0035438351333141327,-0.009863645457299659,IN BAND,False,False,0.000227884,3374.199900693,1885287.610743336,1.0,961617.374739843,227328.494083174,-0.0007537834211656891,1714.7017675074749,ACCUMULATING_PRE_EMA,0.0,,,,0.1774877510597404,25.829381931441795,-0.12000768639714585,24.868405225005013,-1.080984392833926,-0.9609767064367802,1.3939517689631586,1.1384644574965206,1,0.0,,0.0,0.0,0.0,0.0017897533943707464,-0.4899359925757659,5HdThE9W...,2036953.577038346,,,,False,5710859,1.0,125,5EsLkLnu...,,9.61768306693603,9.61768306693603,0.0,,COUNTER,289424.602021989,152114.577965748,0.0,DIVERGENT,1.0,0.0,1295.967040512703,184995.455974437,0.09812585354098653,154144.143623114,0.08176160642266019,30851.312351322995,DORMITORY,True,True,0.8176160642266018,,,18394.162823621984,0.009756687902048795,30.0
92,44,7,97,44,Score,2026-09-03,8987936,0.038361052,0.03816696419380605,0.00508523038951694,IN BAND,False,False,0.005347245,67379.108308453,4106530.717437473,1.0,1756445.793558168,2174297.944240162,-0.0010141890605900883,-7548.940829317551,,0.0,,,,0.20855959974520835,-2.4719839732230886,0.0618703030724561,-3.6639885978883155,-1.130134321592771,-1.1920046246652272,0.6399562503796161,1.4005642244104355,1,0.021084287517895997,,172.9676346250344,172.9676346250344,0.0,0.016407793571917663,-0.5722798850271973,5CaCekux...,261058.690852965,0.058378520962595694,,,False,3550319,1.0,56,5GP7c3fF...,0.0009918364232852674,0.2782233509998533,0.27794739894652315,0.018647378380028078,,COUNTER,506779.8987775,2206.282255223,0.0,DIVERGENT,-0.67984236866641,0.1334660753074445,1295.967040512703,245862.449528441,0.05987108497312356,245862.449528441,0.05987108497312356,0.0,DORMITORY,True,True,0.5987108497312356,,,12366.537518088,0.0030114318798532876,30.0
93,40,55,98,6,Numinous,2026-09-03,8987936,0.00284148,0.002866374561563134,-0.008685034362556706,IN BAND,False,False,0.000101126,8272.699705922,2782381.318553021,1.0,2911404.734985915,695079.239426274,-0.004023880888700968,-1021.1438658623956,,0.0,,,,0.032124836806267335,0.1682841838998964,-0.10566791807777326,-0.8572377948782685,-1.1311898968559382,-1.0255219787781649,0.9445146797372449,1.0576468155844323,1,0.0,,0.0,0.0,0.0016327153429465113,0.002973244411454078,0.046371753964158886,5CfSg4e2...,64938.70956257,0.8910905005121132,BUYBACK_GAMING,,False,3219949,0.6607262945527909,48,5EEbEga4...,0.0,0.3194924359594838,0.3194924359594838,0.0055241873950862205,,COUNTER,185360.665463109,0.0,0.0,DIVERGENT,1.0,0.0,1295.967040512703,662466.459537209,0.2380933393707966,662466.459537209,0.2380933393707966,0.0,DORMITORY,True,True,2.3809333937079664,0,,9235.516165699999,0.0033192848529125887,30.0
94,42,62,99,123,MANTIS,2026-09-03,8987936,0.002636157,0.002637189347296953,-0.0003914574044564701,IN BAND,False,True,1.3344e-05,6029.736650114,1987178.565804214,1.0,2287319.999335099,548159.423428784,-0.0026115959502149458,973.8300741198473,ACCUMULATING_PRE_EMA,0.0,,,,0.005815848027017398,3.323915619249454,-0.004762731754220386,2.1954260695035206,-1.1332522815001536,-1.128489549745933,1.3224780325347585,1.1343053977729505,1,0.1421396851129808,MINER_BURN_ONLY,1034.1268549350207,1028.586365120418,0.0018768596932936532,0.003034320495336944,0.151039371075753,5HVuEdEG...,1582651.105387126,,,,False,5794330,0.37945636886198253,158,5Dszzjqs...,0.179995422293431,7.356727718395491,6.032550406025106,0.0,,COUNTER,290673.050440739,8560.983387542,0.0,DIVERGENT,-0.8969712276731175,0.7936825034635869,1295.967040512703,350656.879907587,0.17645967299656118,350656.879907587,0.17645967299656118,0.0,FORTRESS,True,True,1.7645967299656116,0,,11387.889483442003,0.005730682526174142,30.0
95,43,49,2,108,Prometheon,2026-09-03,8987936,0.003136759,0.0031281092669814825,0.00276516332399859,IN BAND,False,False,0.000141676,1969.597506527,1693784.568118307,1.0,627908.410175005,55532.33088384,0.0005111478403079943,1053.4268930987455,,0.0,,0.1629541320541343,0.1629541320541343,0.18903584451450767,3.0045794956124503,0.03364282044198284,1.8186676656114542,-1.1522690095590133,-1.185911830000996,1.5515550498370345,1.3749476745155038,1,0.0,,0.0,0.0,9.15541313801782e-05,0.0011628382638502277,-0.6292867052106241,5GpmtjiG...,1421995.447215878,,,,False,7105263,0.9525095759129546,154,5HnM4XW4...,0.179995422293431,18.622565752121428,15.270589165381146,0.0,,COUNTER,479696.11117097,0.238163524,0.0,DIVERGENT,1.0,0.0,1295.967040512703,397310.514769214,0.2345696862798804,397310.514769214,0.2345696862798804,0.0,DORMITORY,False,True,2.3456968627988073,0,,19415.868452131006,0.011463009415477713,30.0
96,45,19,100,5,Hone,2026-09-03,8987936,0.012802494,0.01277612429112196,0.002063983433251645,IN BAND,False,False,0.001831063,33287.666654171,3089911.568364597,1.0,2600092.314576998,972811.8693426,-0.015845505017582865,-3789.987350660842,,0.0,,,,0.14455905287663184,0.9339237618563949,0.025111798437895017,-0.31150500950969295,-1.2203169729281929,-1.2454287713660879,0.8505097773367432,1.3899878242427197,1,0.0,,0.0,0.0,0.005493247882810692,0.010773015964268913,-0.1585220845040885,5GurNtB3...,,,,,False,2491604,0.0,1,5E2LP6En...,0.0,0.4645369506656461,0.4645369506656461,0.10611771527979125,,COUNTER,1488567.694632255,0.0,0.0,DIVERGENT,1.0,0.0,1295.967040512703,6649.821324041,0.0021521073263467416,6649.821324041,0.0021521073263467416,0.0,NEITHER,True,True,0.021521073263467416,,,11211.898519063996,0.0036285499668840485,30.0
97,47,20,101,105,Beam,2026-09-03,8987936,0.007141436,0.007117091445252299,0.0034205763597348047,IN BAND,False,False,0.001816631,5180.892346568,2058023.062674371,1.0,725469.259988806,529646.889555472,-0.0010888053840733777,-4459.901416088687,,0.0,,,,0.9214833948755046,0.3314178971011247,0.041617012376773455,-1.0790344499844284,-1.3688353347087796,-1.410452347085553,1.2769536200361877,2.3319357419610576,1,0.06487759591717326,MINER_BURN_ONLY,590.4032946319785,585.9438760007127,0.0015106431677729404,0.0025174121906270117,-0.6474921583520441,5G3ic2pA...,1539632.714012543,0.0,,,False,6841399,0.0,42,5CFqNvdc...,,1.31525452656813,1.31525452656813,0.06905128870305657,,COUNTER,452240.813141888,1869.377328683,0.0,DIVERGENT,-0.2775160403293007,0.45212868667470507,1295.967040512703,188158.401368784,0.09142677007918215,188158.401368784,0.09142677007918215,0.0,FORTRESS,False,True,0.9142677007918227,,,16426.148778469,0.007981518320364913,30.0
98,123,123,102,103,Capcomp,2026-09-03,8987936,0.012444244,0.014077285304665565,-0.11600541363783644,IN BAND,False,True,0.0,1057.17828813,257962.53612183,1.0,84953.19231714,26960.137145177,,6928.018406347168,,,,,,,19.980687418987735,-1.4113991992603432,19.980687418987735,-1.4113991992603432,,10.18752583033551,-0.7531927819278382,1,0.0,,0.0,0.0,9.15541313801782e-05,0.004098185356771024,-0.6706762293658801,5H3SQ4du...,1028491.635754004,,,,True,8762380,0.9010667032916724,83,5EhhdjkZ...,,1.0137444451661266,1.0137444451661266,0.0,,COUNTER,58456.632985645,0.014698804,0.0,DIVERGENT,1.0,0.0,1295.967040512703,0.0,0.0,0.0,0.0,0.0,NEITHER,False,,,,,53871.64970406702,0.20883516852472186,30.0
99,124,124,103,70,SN70,2026-09-03,8987936,0.008598814,0.009734399151057005,-0.11665693315377336,IN BAND,False,True,0.0,669.037066246,186051.058894442,1.0,77805.732973033,10576.012239846,,8015.820877880105,,,,,,,-3.474161956867391,-1.419326020037576,-3.474161956867391,-1.419326020037576,,14.125154759215981,-1.6932111863699773,1,0.41000228793458315,MINER_BURN_ONLY,2952.0164731289988,2952.0164731289988,0.0,0.0035959863395649103,-0.5818043814455215,5EP42hSo...,576269.530863976,,,,True,8825571,1.0,1,5E2LP6En...,0.0,2.0607928159167592,2.0607928159167592,0.9736625263222144,,COUNTER,64353.959114555,0.0,0.0,DIVERGENT,-0.9826291139010093,2.277848418090277,1295.967040512703,0.0,0.0,0.0,0.0,0.0,EXPOSED,False,,,,,34365.36760998099,0.18470933631976016,30.0
100,46,67,104,10,Pareton,2026-09-03,8987936,0.006781153,0.00679850485175848,-0.0025523040928612504,IN BAND,False,True,2.52e-07,16970.964585602,3356172.181556061,1.0,2502666.328890484,954480.118474982,0.0019830543029549486,-5709.718318892177,DISTRIBUTING_PRE_EMA,0.0,,,0.2924361539925362,3.902288503753354e-05,-2.4115928787181424,-0.031053033129811877,-3.8155495420847334,-1.435009696496403,-1.4039566633665912,0.7830349153247406,1.4039956862516287,1,0.37308680589782894,MINER_BURN_ONLY,2686.370044508949,2686.32499987631,1.5259021896696368e-05,0.005056643005047957,-0.25430925905255974,5HK5714c...,875051.782523616,0.0,,,False,2869647,0.9067506942960906,201,5GKbzKzG...,0.179995422293431,1.4336674148660942,1.17561384309894,0.25759980466365523,,COUNTER,783370.451335382,0.0,0.0,DIVERGENT,-0.9814194803112228,2.072834351414957,1295.967040512703,66472.971530547,0.01980618631423355,20590.439176654,0.006135096193755893,45882.532353893,FORTRESS,True,True,0.06135096193755971,,,17044.777898095992,0.005078636308281813,30.0
101,51,14,105,28,SayGM,2026-09-03,8987936,0.020613788,0.020134573569521308,0.023800575106497582,IN BAND,False,False,0.002821584,21762.728666237,4932366.811609186,1.0,1055736.53908992,6484805.808667071,-0.0018433106521580824,-20706.079987411387,,0.0,,,,0.34072578240172263,3.6692984412045573,0.2895736637957206,1.8639148782092925,-1.5158098991995441,-1.8053835629952648,0.5328070884376529,2.1461093453969875,1,0.09248096170595085,,757.9512610849924,757.0053237995725,0.0003204394598306237,0.004412228347456766,-0.7859574209525796,5CA6rwAy...,2645636.102661452,0.08817191269551794,,,False,4878363,0.2369111945538359,219,5FHBJCMk...,,3.468937272627556,3.468937272627556,0.0,,COUNTER,1392885.219164603,33762.848582854,0.0,DIVERGENT,-0.9208214792105683,0.5841239014073154,1295.967040512703,434350.713007113,0.08806131611801313,434344.502651163,0.08806005701539825,6.210355949995574,FORTRESS,True,True,0.8806005701539824,,,15675.899938267006,0.0031781699409239067,30.0
102,49,29,106,81,Reliquary,2026-09-03,8987936,0.006851038,0.006866834359243512,-0.0023003844882683467,IN BAND,False,False,0.001034426,18900.766944175,2580963.615550608,1.0,2758817.752941555,901382.463666623,-0.010295262693937652,-4674.9897073237225,,0.0,,,,0.14382863595055342,1.7058006325023138,-0.02798801127393155,0.015276804523418619,-1.7185118392528267,-1.6905238279788952,1.0182243500706452,1.8343524639294486,1,0.0006958566769972532,SKIN_IN_GAME,6.5774481520056725,5.766644764502814,0.0002746623941405346,0.007323143507446469,0.06891006989692204,5GnpQR4N...,61133.763299824,0.27896789032522484,BUYBACK_GAMING,,False,5203057,0.07144710533144061,161,5E2LP6En...,0.0,0.4665406018933612,0.4665406018933612,0.8229387618073888,,COUNTER,851970.14715185,0.0,0.0,DIVERGENT,0.8827911539760147,0.004449684740609952,1295.967040512703,518187.224535207,0.2007727739411235,513372.853550331,0.19890743536917743,4814.370984875946,DORMITORY,True,True,1.9890743536917739,0,,11301.400372151993,0.004378752301682881,30.0
103,48,22,107,102,ConnitoAI,2026-09-03,8987936,0.00844118,0.008501403266564012,-0.007083920698229896,IN BAND,False,False,0.001750586,4002.521052359,955168.184242008,1.0,474166.06370543,227092.920047715,-9.995717380745074e-05,990.0746169837657,ACCUMULATING_PRE_EMA,0.0,,,,1.1494105709421667,-4.212542490088359,-0.08618770182846373,-5.881595614489682,-1.755240826229787,-1.6690531244013231,2.751347923178052,2.81846369534349,1,0.08488407867044567,SKIN_IN_GAME,738.0028426740027,737.9127534087247,3.0518043793392735e-05,0.004190383555892073,-0.5035784622656936,5HBc11rC...,922520.199186156,1.2990202821276045,BUYBACK_GAMING,,False,7840965,0.2499961851281034,0,5EEinUEy...,0.179995422293431,0.9538323548514933,0.782146897342861,0.5666524246955779,,COUNTER,135038.937548484,7309.092357836,0.0,DIVERGENT,-0.47966216167220305,0.5693916051420536,1295.967040512703,2002.340459168,0.002096322398716615,2002.340459168,0.002096322398716615,0.0,EXPOSED,False,True,0.02096322398716615,,,28391.766787523997,0.02972436399779671,30.0
104,50,25,108,14,Cacheon,2026-09-03,8987936,0.009601805,0.009586690692231059,0.0015765928258423,IN BAND,False,False,0.00135068,25467.957707338,3148726.552114889,1.0,2652413.398834097,2658023.76344111,-0.012349965626037119,-8466.4955575848,,0.0,,,,0.13937462441196333,0.6512356730111754,0.019181879381081318,-1.1466610095374103,-1.7787148031675042,-1.7978966825485856,0.8346231266842987,1.937271306960549,1,0.0,,0.0,0.0,3.0518043793392735e-05,0.008088335803638479,-0.15762340480373438,5CKhH8nK...,1717388.109028992,0.0,,,False,4848444,0.0,4,5E2LP6En...,0.0,0.45468487305498345,0.45468487305498345,0.18678182844760496,,COUNTER,1226319.247799996,526.080568229,0.0,DIVERGENT,1.0,0.0,1295.967040512703,53622.267309808,0.017029826636991326,53622.267309808,0.017029826636991326,0.0,DORMITORY,True,True,0.17029826636991527,,,9350.197068512998,0.0029695170138647952,30.0
105,52,18,109,124,Swarm,2026-09-03,8987936,0.011680115,0.011601410573348403,0.006784039419516977,IN BAND,False,False,0.001980573,13079.303440725,3530847.903088486,1.0,1119792.39151823,293383.100534722,-7.80977163950547e-05,-14543.104015364079,,0.0,,,,0.3979528319370106,-0.32916012661708294,0.08253914627078988,-2.246603914040465,-1.8349046411525922,-1.917443787423382,0.7442971411204795,2.3153966193603925,1,0.0,,0.0,0.0,0.0001831082627603564,0.0037042953420010918,-0.6828545487778936,5HKYqfJr...,2291314.595995448,0.32251947390340824,BUYBACK_GAMING,,False,5813454,0.0,45,5G9hfkx9...,0.009994659342336155,0.3439035151385027,0.34046631665806143,0.007981199163729035,,COUNTER,897004.632666029,6243.286010635,0.0,DIVERGENT,1.0,0.0,1295.967040512703,1000000.110795789,0.28321812160786475,1000000.110795789,0.28321812160786475,0.0,DORMITORY,True,True,2.8321812160786473,0,,12580.020358752992,0.0035628893410415835,30.0
106,53,10,110,3,Teutonic,2026-09-03,8987936,0.028327106,0.028195181861519814,0.004678960367346838,IN BAND,False,False,0.00389996,78951.50921207,3160787.108299007,1.0,2787136.38228101,3438585.217111411,-0.03954664999786193,-9693.754778106697,,0.0,,,,0.1298150596775816,1.613753091777757,0.05692735113605319,-0.3268676300893196,-1.8836933707310233,-1.9406207218670766,0.8314384708479373,2.070435781544658,1,0.0,,0.0,0.0,7.629510948348184e-05,0.024978433063325842,-0.11821443873137477,5GsGUrd2...,3103957.549305191,0.9520908288937688,BUYBACK_GAMING,,False,4165565,0.3999999999999999,244,5EtUYRu7...,0.09999237048905166,0.3306464340343686,0.29758431330152024,0.02513237605481208,,COUNTER,578475.334942498,0.0,0.0,DIVERGENT,1.0,0.0,1295.967040512703,387859.958718725,0.12270992807467306,387733.497634767,0.12266991871003537,126.46108395804185,DORMITORY,True,True,1.2266991871003563,0,,12773.086413637,0.004041109374339007,30.0
107,125,125,111,92,MicroTensor,2026-09-03,8987936,0.003156563,0.0037504585925489664,-0.15835279283681697,IN BAND,True,True,0.0,894.229008727,531163.167927812,1.0,283291.928812181,75214.837177817,-2.6195570558567144e-05,41266.27346952204,ACCUMULATING_PRE_EMA,0.0,,,,,-27.340324095018307,-1.926625646181273,-27.340324095018307,-1.926625646181273,,4.947632213002314,-22.0463097543823,1,0.02148044617714654,MINER_BURN_ONLY,154.83939100601128,154.6592124754551,6.103608758678547e-05,0.0016835297752583074,-0.4666573183369673,5E9LPDS2...,588754.468521256,,,ENTRY_PRE_EMA_PATTERN,True,8352006,0.1839892569928736,0,5FeHbWK1...,0.179995422293431,1.139423796361862,0.9343327289645244,0.4726160137949978,,COUNTER,208362.011107458,0.041020142,0.0,DIVERGENT,-0.490786794556501,0.11933884708539323,1295.967040512703,50000.0,0.09413303297188573,50000.0,0.09413303297188573,0.0,DORMITORY,False,True,0.9413303297188572,,,39916.335070386995,0.07514891370595154,30.0
108,54,33,112,50,Synth,2026-09-03,8987936,0.005605523,0.005601047538220882,0.0007990401346494279,IN BAND,False,False,0.000807725,11967.721037971,3505689.372383432,1.0,2134987.384712426,1218051.057458386,-0.0056701551055483215,-12998.522380702198,,0.0,,,,0.17736888195046713,5.81561310307891,0.00972165497156804,3.834937888808545,-1.9709535592987966,-1.9806752142703645,0.7496385791343765,2.1580440962208316,1,0.0,,0.0034158320049755275,0.0,0.0017547875181200823,0.003413799617344431,-0.39099355807755476,5DxyiWpG...,2344611.8651738362,0.4453816069074075,BUYBACK_GAMING,,False,4763204,0.012335677162947034,205,5CZbbBSr...,,10.841975282205299,10.841975282205299,0.0,,COUNTER,467621.5762846,0.0,0.0,DIVERGENT,0.9999945839226163,0.0,1295.967040512703,212500.00519846,0.060615754171621454,212500.00519846,0.060615754171621454,0.0,DORMITORY,True,True,0.6061575417162145,,,12743.635127542999,0.00363512957763252,30.0
109,55,6,113,4,Targon,2026-09-03,8987936,0.056874606,0.056522792438045144,0.006224277796262124,IN BAND,False,False,0.007640562,138230.533385211,3688732.284612175,1.0,2430443.813768799,2294808.841654321,-0.0046476622979413,-17513.3083031415,,0.0,,,,0.14526021454351312,0.6054912403626205,0.07572871318785585,-1.8026326955451604,-2.332395222719925,-2.408123935907781,0.7124398837407909,2.553384150451294,1,0.010149474012915364,MINER_BURN_ONLY,82.98340152099263,82.8933122557142,3.051804379350376e-05,0.037473723414911425,-0.34111678215561747,5CXGPMnq...,,,,,False,1411451,0.028092716646574978,238,5CdBXrFk...,0.0,0.2805942545480239,0.2805942545480239,0.023576268082768723,,COUNTER,558194.245832888,0.0,0.0,OK,-0.33696702488405234,0.06396251576191353,1295.967040512703,183019.057563734,0.04961570627589641,183019.057563734,0.04961570627589641,0.0,DORMITORY,True,True,0.4961570627589641,,,10776.594902260007,0.002921490113884216,30.0
110,56,8,114,114,SOMA,2026-09-03,8987936,0.013455808,0.01311720279045403,0.02581382745659674,IN BAND,False,False,0.004246158,6241.740534629,1595807.720318054,1.0,463869.746427051,212305.054166432,-0.00033109223172571404,-9934.50590637402,,0.0,,,,1.7877871023460077,10.117526035043374,0.31406823405526035,7.426189372426426,-2.3772684285616883,-2.6913366626169486,1.6468149430159567,4.4791237649629565,1,0.0,,0.0,0.0,9.15541313801782e-05,0.003911336218742558,-0.7093198551329984,5FHrQMjz...,1030447.233530713,0.1716183436984604,,,False,7312241,0.9997558332951823,5,5E2LP6En...,0.0,0.5499064797273929,0.5499064797273929,0.2920996810572418,,COUNTER,373811.447473431,13816.272943106,0.0,DIVERGENT,1.0,0.0,1295.967040512703,146039.760277138,0.09151463451250343,146039.760277138,0.09151463451250343,0.0,DORMITORY,False,True,0.9151463451250342,,,25817.045548074,0.01617804276753875,30.0
111,60,63,115,22,Desearch,2026-09-03,8987936,0.00328074,0.003223601495847106,0.017725052003637595,IN BAND,False,True,8.824e-06,7859.99208409,3574416.32427553,1.0,2395798.196044395,266123.885575756,-0.0015173520545156394,-22833.95420462452,,0.0,,,,0.0029503174751205606,0.568560426466485,0.21565479937759074,-2.5183408541872514,-2.871246481276146,-3.0869012806537364,0.7352249322923089,3.089851598128857,1,0.21109918917686502,SKIN_IN_GAME,1527.3358363958541,1524.0025335805647,0.0011291676203555312,0.0021989581993314892,-0.3297371326799779,5DFuaMas...,1806899.489981053,0.3512156884642027,BUYBACK_GAMING,,False,2009702,0.5215777333068544,131,5E2LP6En...,0.0,0.38594405378556057,0.38594405378556057,0.142680563397476,,COUNTER,1214939.022702118,0.0,0.0,DIVERGENT,-0.9679497481799486,1.1759577874585818,1295.967040512703,763677.586285475,0.2136509899809331,763677.586285475,0.2136509899809331,0.0,FORTRESS,True,True,2.1365098998093313,0,,9072.564359020997,0.00253819464101173,30.0
112,57,23,116,62,Ridges,2026-09-03,8987936,0.010990586,0.010959347477182746,0.002850399887611235,IN BAND,False,False,0.001643919,30156.377562522,2655358.608273106,1.0,2743836.981924566,4369150.83187139,-0.02595581615076601,-13871.148053814191,,0.0,,,,0.14326054656409126,-0.19749528284320378,0.03467986529927002,-3.1163780663135903,-2.884202918171116,-2.9188827834703863,0.9896968310841832,3.0621433300344774,1,0.0033026026819743073,,27.605718957987847,27.33545116215356,9.15541313801782e-05,0.011356800346501593,0.03332072980472499,5DhsVYew...,13196.312248613,0.0840893532408577,,,False,4474225,0.15382502403515996,165,5HbsMWHU...,,17.886102317993075,17.886102317993075,0.0,,COUNTER,185926.709474337,170778.551517578,0.0,OK,0.5102089200051164,0.021092705530025877,1295.967040512703,148497.334425386,0.05592364585435796,148497.334425386,0.05592364585435796,0.0,DORMITORY,True,True,0.5592364585435828,,,10988.581468371009,0.004138266460181571,30.0
113,58,64,117,74,Gittensor,2026-09-03,8987936,0.004069859,0.004062877967953682,0.0017182480255084943,IN BAND,False,True,7.082e-06,6691.386476811,3506132.514412852,1.0,1644132.256642943,349064.425457343,-0.0012658894502273344,-22805.46278402931,,0.0,,,,0.002781411007195316,3.903968809637062,0.020905350977020013,0.9712937188262067,-2.9117697398338356,-2.9326750908108554,0.7495438318993751,2.935456501818051,1,0.0,,0.0,0.0,6.103608758689649e-05,0.0019084807688541003,-0.5310695606766475,5D1VXeeS...,216.588029224,0.0,,,False,5086205,0.6403992003784468,195,5E2LP6En...,0.0,0.2904615972427418,0.2904615972427418,0.07530901877002899,,COUNTER,531791.422968235,135693.379758407,1898.1254297800187,OK,0.07186902535853404,0.0,1295.967040512703,378229.609193408,0.10787658699110736,378229.609193408,0.10787658699110736,0.0,DORMITORY,True,True,1.0787658699110736,0,,10793.009286882998,0.0030783232643134795,30.0
114,63,21,4,61,RedTeam,2026-09-03,8987936,0.012792554,0.012269292259588838,0.042648078580263364,IN BAND,False,False,0.001752122,14567.09089334,4845042.596819586,1.0,1138716.410445396,617120.602847395,0.001606769924520486,-42663.82948893402,DISTRIBUTING_PRE_EMA,0.0,,0.1256019653714564,0.1256019653714564,0.31609445219465127,24.82838362943572,0.518884956059871,21.287820736887547,-3.0216779364883033,-3.540562892548174,0.5424100918586533,3.856657344742825,1,0.0,,0.0,0.0,0.0003204394598306237,0.003006597073656736,-0.7649728839403973,5ECEsYL8...,,,,,False,4457976,0.0,161,5Ft6tUwe...,,0.2712650319040298,0.2712650319040298,0.10384556691591638,,COUNTER,808370.14496251,0.0,0.0,DIVERGENT,1.0,0.0,1295.967040512703,1021287.884224886,0.2107902797171043,1021287.884224886,0.2107902797171043,0.0,DORMITORY,True,True,2.107902797171043,0,,17903.324347294998,0.00369518409581109,30.0
115,59,46,3,82,Compelle,2026-09-03,8987936,0.003373543,0.0033965017646551132,-0.0067595326738905375,IN BAND,False,False,0.000194036,1610.936848167,725047.91348007,1.0,477520.852921257,114822.703136354,0.0004909697292762227,973.7382604478044,,0.0,,0.1455353405236639,0.1455353405236639,0.3165404085083897,-6.744353895188035,-0.08224098086566821,-9.780951345572253,-3.1188384312498862,-3.036597450384218,3.6245880460315787,3.3531378588926075,1,0.0,,0.0,0.0,0.0,0.0022218350238880887,-0.34139418887262185,5H6h1PUD...,375221.831867019,,,,False,8026517,0.0,48,5G9hfkx9...,0.009994659342336155,0.802835997848131,0.7948119255418744,0.02798675436053166,,COUNTER,51466.221683119,7195.897335065,0.0,DIVERGENT,1.0,0.0,1295.967040512703,744.314271862,0.0010265725313096286,744.314271862,0.0010265725313096286,0.0,NEITHER,False,True,0.010265725313096285,,,34871.313438082,0.048095184869517645,30.0
116,61,36,5,96,Verathos,2026-09-03,8987936,0.007799231,0.007863274309784174,-0.008144610916661708,IN BAND,False,False,0.000632161,3388.067306597,806333.552560482,1.0,434410.490498842,86574.119771902,0.0007914143622985852,-377.58788199571427,DISTRIBUTING_PRE_EMA,0.0,,0.10147338401678128,0.10147338401678128,0.49034418671825064,1.5268401151220135,-0.09909276615271745,-1.6670746401167655,-3.2930075213914964,-3.193914755238779,3.2591971295934345,3.6842589419570295,1,0.15476540206507014,SKIN_IN_GAME,1206.3422671029984,1204.6305710627146,0.000579842832074462,0.004201818584676675,-0.4612521946488475,5CGq1JQh...,682318.917806997,0.6499090807820818,BUYBACK_GAMING,,False,7692872,0.4047513626578316,0,5GpKXttD...,0.179995422293431,1.3880520625862205,1.1382090454157459,0.4744704877006653,,COUNTER,250580.594000872,7897.141864024,0.0,DIVERGENT,-0.9142301037478674,0.9295225367661708,1295.967040512703,176265.067319703,0.21860068548552875,176265.067319703,0.21860068548552875,0.0,FORTRESS,False,True,2.1860068548552936,0,,32766.13892426,0.040635961160505295,30.0
117,62,24,118,19,blockmachine,2026-09-03,8987936,0.010408504,0.010319858323782682,0.008589815231574396,IN BAND,False,False,0.001446841,32638.434994065,2746190.752483838,1.0,3135746.721358013,1672249.685593484,-0.008205630128196056,-18305.376563666854,,0.0,,,,0.11649756333878794,-0.9024965646362187,0.1045094186508218,-4.335845155576551,-3.3288391722895105,-3.4333485909403323,0.9569619290368164,3.54984615427912,1,0.0,,0.0,0.0,0.00019836728465705278,0.011884984669963157,0.14185330283421677,5FWh37Lf...,1280186.358876683,0.6908804286872309,BUYBACK_GAMING,,False,1956072,0.0,124,5HQLnZYK...,,0.4439405609862802,0.4439405609862802,0.009186491889334819,,COUNTER,1006514.180053119,0.0,0.0,DIVERGENT,1.0,0.0,1295.967040512703,169492.989899939,0.06171930691509257,169492.989899939,0.06171930691509257,0.0,DORMITORY,True,True,0.6171930691509256,,,18675.75522564101,0.0068006037849881375,30.0
118,64,11,119,91,cascade,2026-09-03,8987936,0.00954874,0.009413390420377254,0.014378409221161487,IN BAND,False,False,0.003572503,4112.034937785,1157939.884214429,1.0,430636.396617559,162519.819185664,-0.00013977869327964234,-9516.482226674736,,0.0,,,,2.283185339144335,15.100898139727569,0.17493731219079808,11.329856062411615,-3.5961047651251556,-3.7710420773159536,2.269547871893964,6.0542274164602885,1,0.0,,0.0,0.0,1.5259021896585345e-05,0.003551164437672593,-0.6281012533933699,5HEe7NjS...,374673.622899128,0.04854750795060729,,,False,7633645,0.0,1,5E2LP6En...,0.0,0.7390057819992226,0.7390057819992226,0.557162912775438,,COUNTER,399376.775480423,9542.545852108,0.0,DIVERGENT,1.0,0.0,1295.967040512703,63125.506687841,0.05451535744506002,63125.506687841,0.05451535744506002,0.0,DORMITORY,False,True,0.5451535744506014,,,29957.665758194005,0.025871520764238917,30.0
119,66,13,120,93,Bitcast,2026-09-03,8987936,0.018126553,0.017535632010549307,0.03369830007240113,IN BAND,False,False,0.002898753,22883.31798674,3726179.394198139,1.0,1262419.701271151,982739.721974921,-0.0033716791650470626,-35700.57091377303,,0.0,,,,0.33290289845267595,2.9742279866445904,0.4099959842142137,-1.054009853988997,-3.618241856419374,-4.0282378406335875,0.7052800528315778,4.361140739086263,1,0.025147255143295844,SKIN_IN_GAME,210.10504902293906,210.01495975766096,3.0518043793392735e-05,0.0061412282034436,-0.6612026454536833,5EbY1Seb...,2446531.280328244,0.22110068461908075,BUYBACK_GAMING,,False,5370681,0.9152488059450964,159,5DWpBY4E...,0.0,0.25448643395921583,0.25448643395921583,0.0018924652412130093,,COUNTER,1086045.264355618,0.0,0.0,DIVERGENT,-0.7333495987131298,0.16205270133612043,1295.967040512703,427930.957620956,0.1148444324197776,427930.957620956,0.1148444324197776,0.0,DORMITORY,True,True,1.148444324197776,0,,17014.524803541008,0.004566211930116283,30.0
120,65,15,121,75,Hippius,2026-09-03,8987936,0.018286922,0.017840169370174408,0.02504195002612944,IN BAND,False,False,0.002702797,33892.589863603,3622094.426958209,1.0,1853378.538764341,1508135.137690097,-0.01292806119265099,-32615.699825370917,,0.0,,,,0.20957237391963973,0.7007712833662287,0.3046770586512415,-3.2504362874365977,-3.646530512151585,-3.9512075708028265,0.7255470703470761,4.160779944722466,1,0.0,,0.0,0.0,0.0008392462043183002,0.009357180092089867,-0.48831300904056646,5DAQpczE...,1546287.154140734,0.2150845683946608,BUYBACK_GAMING,,False,5102795,0.0,173,5GP7c3fF...,0.0009918364232852674,0.29306971380408703,0.29277903658737436,0.010300625667633146,,COUNTER,784604.879643725,0.0,0.0,DIVERGENT,1.0,0.0,1295.967040512703,552610.232957258,0.15256648994138272,552609.767120331,0.15256636133155865,0.4658369270619005,DORMITORY,True,True,1.5256636133155868,0,,16636.506314245,0.004593062563588697,30.0
121,68,69,122,65,True Performance Network,2026-09-03,8987936,0.002960075,0.002930242335423827,0.010180954733854055,IN BAND,False,True,2.33e-07,6593.157530765,3578536.642049654,1.0,2227361.022333053,294592.826966297,-0.00012719120635281114,-34810.48671874497,,0.0,,,,9.28726482179097e-05,0.05249379145171447,0.12386828259522432,-4.2494781601439,-4.178103669000389,-4.301971951595614,0.7343783962191814,4.302064824243832,1,0.3094606664424599,,2228.4277685770066,2228.2926346790896,4.57770656900891e-05,0.001842417219735015,-0.37757752092936325,5GxEEHxL...,1538916.445915901,0.18678062170732485,,,False,4950813,0.7878135872550815,0,5DAmVrUg...,0.179995422293431,0.8761633381670186,0.7184579481156239,0.4636491270907093,,COUNTER,999080.322813055,0.0,0.0,DIVERGENT,-0.854352676703156,1.7194053282385524,1295.967040512703,171794.150223016,0.04800681602763152,171794.150223016,0.04800681602763152,0.0,FORTRESS,True,True,0.4800681602763152,,,11339.429561359999,0.003168733674015195,30.0
122,67,26,123,17,404—GEN,2026-09-03,8987936,0.009676835,0.009599467273801565,0.008059585390700097,IN BAND,False,False,0.001344628,26454.106091665,3150760.638466617,1.0,2733755.905128639,661926.028761777,-0.008483605846616416,-29512.627385685686,,0.0,,,,0.1335778412529075,-0.1718986083583869,0.0980582889201845,-4.453560664285889,-4.183603767007317,-4.281662055927502,0.8340843058389135,4.415239897180409,1,0.0,,0.0,0.0,0.0,0.008396101490127615,-0.13235045444842086,5E7a4a7Q...,1113961.582949685,0.20530368288107542,BUYBACK_GAMING,,False,2840556,1.0,42,5CcEPLdb...,0.0,0.3031605531513929,0.3031605531513929,0.004272721723738022,,COUNTER,340475.604612198,0.0,0.0,DIVERGENT,1.0,0.0,1295.967040512703,518985.064970014,0.16471738875809647,513228.936972263,0.1628904876830112,5756.1279977509985,DORMITORY,True,True,1.6289048768301124,0,,13170.781244562002,0.004180190993807716,30.0
123,69,43,8,18,Zeus,2026-09-03,8987936,0.004441864,0.004303212743252516,0.03222040485097817,IN BAND,False,False,0.000207688,10651.123113121,3252333.263470295,1.0,2397894.804476438,871400.685605772,0.00033872464815844845,-36387.350154765416,DISTRIBUTING_PRE_EMA,0.0,,0.07625732083612835,0.07625732083612835,0.05124380388840216,7.428165306023244,0.39201492568690105,2.4692071841781233,-4.56694319615822,-4.958958121845121,0.8080352740960745,5.010201925733523,1,0.05105647213050735,MINER_BURN_ONLY,385.64174011396244,384.87598135909866,0.00025940337224383825,0.0032749174977708376,-0.2627154956183176,5GgvCi6h...,2198437.624477356,0.0,,,False,1604679,0.19646509356207453,84,5DCSySUE...,0.179995422293431,0.4772731160598764,0.3913661399853772,0.7774183210999375,,COUNTER,336714.940905772,30745.295806132,0.0,DIVERGENT,-1.0,0.29697976053992564,1295.967040512703,472285.796249436,0.1452144531294124,375000.0,0.11530183705708824,97285.79624943598,FORTRESS,True,True,1.1530183705708825,0,,13268.878775845,0.004079802929447298,30.0
124,70,53,124,21,AdTAO,2026-09-03,8987936,0.003592512,0.003468476003035903,0.035760950012492576,IN BAND,False,False,0.000112399,7671.271400025,3750352.031529719,1.0,2135350.008327022,584623.04884661,-0.0017317969702688176,-46457.890647333115,,0.0,,,,0.03850529548453172,-2.7224663467017876,0.4350915584853263,-8.000123434978615,-4.842565529791501,-5.277657088276827,0.7007342185229671,5.316162383761359,1,0.06064014591151586,SKIN_IN_GAME,450.7728069140576,450.3223605876671,0.00015259021896696368,0.0020454803537192185,-0.4306267164259386,5HjCYVfr...,1975407.192464181,0.3230414915716673,BUYBACK_GAMING,,False,3156578,0.9680274704311331,44,5Evf2ADD...,,11.342833444477932,11.342833444477932,0.0,,COUNTER,829553.112256782,0.0,0.0,DIVERGENT,-0.9006617347891533,0.34747979424655207,1295.967040512703,5839.628796876,0.0015570881740651138,5839.628796876,0.0015570881740651138,0.0,EXPOSED,True,True,0.015570881740651138,,UNDEFENDED_BURNER,9922.32586770499,0.002645705198948432,30.0
125,71,44,125,99,Thirty Spokes,2026-09-03,8987936,0.003405323,0.0034352147486060858,-0.008701566217429343,IN BAND,False,False,0.000202565,718.92686478,355558.962919179,1.0,211118.580678083,30533.184700586,,892.6925621859264,,,,,,0.7404658889230722,-5.801654080394307,-0.10586905564539033,-12.057049869472888,-6.361264844723971,-6.25539578907858,7.391179168776467,6.995861678001653,1,0.0,,0.0,0.0,1.5259021896696368e-05,0.002021962430302782,-0.4062347594331633,5DebFXsw...,1078676.797203006,,,,True,8572056,1.0,1,5E2LP6En...,0.0,0.9899167312339731,0.9899167312339731,0.002304147465437788,,COUNTER,71855.770976887,0.012273672,0.0,DIVERGENT,1.0,0.0,1295.967040512703,0.0,0.0,0.0,0.0,0.0,NEITHER,False,,,,,50011.029760562014,0.1406546732782823,30.0
126,126,126,126,36,SN36,2026-09-03,8987936,0.005281295,0.0,,N/A,False,True,0.0,503.143267211,0.0,0.0,95268.915526717,1.994240421,,,,,,,,,0.0,,0,,,,,,,,,,0.0,,,5DCjvVt6...,382270.010896997,,,,True,8884359,1.0,0,5EFY7fKV...,,0.0,0.0,0.0,,,0.0,0.0,,NO_ESTIMATE,,,,0.0,,0.0,,0.0,,False,,,,,0.0,,30.0
127,127,127,127,59,SN59,2026-09-03,8987936,0.005121077,0.0,,N/A,False,True,0.0,530.274704661,0.0,0.0,103547.483500943,1.213992187,,,,,,,,,0.044349796849686936,,0.044349796849686936,,,,,,,,,,0.0,,,5GzrQ2fe...,531280.579854795,,,,True,8938771,1.0,0,5FKjMupT...,,0.0,0.0,0.0,,,0.0,0.0,,NO_ESTIMATE,,,,0.0,,0.0,,0.0,,False,,,,,0.0,,30.0
128,128,128,128,86,SN86,2026-09-03,8987936,0.005989978,0.0,,N/A,False,True,0.0,709.206653217,0.0,0.0,118398.856999575,2.080993178,,,,,,,,,0.0,,0,,,,,,,,,,0.0,,,5F4XAWGz...,286874.054642276,,,,True,8693284,1.0,0,5F1N5GEH...,,0.0,0.0,0.0,,,0.0,0.0,,NO_ESTIMATE,,,,0.0,,0.0,,0.0,,False,,,,,0.0,,30.0
