combined_apy_rank,real_apy_rank,emission_rank,epr_rank,netuid,name,date,block,spot_price,moving_price,momentum_30d,ema_band,ema_lag_flag,low_emission,tao_emission,tao_reserves,alpha_outstanding,alpha_out_emission,alpha_in_pool,volume,ema_tao_inflow,pool_growth_real,pool_ema_divergence,flow_momentum,flow_price_divergence,emission_price_ratio,emission_price_ratio_raw,emission_apy,price_apy_7d,price_apy_30d,combined_apy_7d,combined_apy_30d,real_apy,gross_emission_rate,net_supply_delta,supply_days_gap,supply_defence,supply_defence_quality,burned_tokens,manual_burn,miner_burn_rate,liquidation_price,liquidation_haircut,owner_coldkey,owner_stake,owner_inflow_pct,owner_inflow_flag,large_entry_anomaly,immune,registered_at,vali_miner_share,best_validator_uid,best_validator_hotkey,best_validator_take,best_validator_raw_apy,best_validator_apy,best_validator_div_pct,best_validator_trust,burned_source,alpha_burned_cum,alpha_recycled_cum,recycled_tokens,recon_flag,recon_gap_relative,burn_coverage,owner_cut_emission,total_locked_alpha,locked_float_ratio,owner_locked_alpha,owner_lock_ratio,community_locked_alpha,commitment_class,gate_eligible,leader_is_owner,leader_pct_of_threshold,leader_blocks_to_threshold,governance_flag,basket_alpha,basket_share,ema_halving_days
1,1,33,11,79,MVTRX,2026-09-05,9001944,0.004706171,0.005655061453580856,-0.16779489690249194,IN BAND,True,False,0.000742297,8581.043458729,3245630.070664077,1.0,1823359.818694624,480065.877340312,-0.0051205686723918425,275383.1544864278,ACCUMULATING_PRE_EMA,0.0,,,,0.22733325211348374,-14.538144172862651,-2.0415045789803186,13.582427273963223,26.079066867845555,28.120571446825874,0.8097041076102348,-27.89323819471239,1,0.0,,0.0,0.0,0.001739528496223386,0.0026438760030878267,-0.43821080808839574,5Fxp7QBG...,3560074.040054195,,,ENTRY_REPEATED,False,5173967,0.0,0,5EWwdZB7...,0.179995422293431,0.30265831724474396,0.24818120562165705,1.0,,COUNTER,444229.939659842,37317.847662374,0.0,DIVERGENT,1.0,0.0,1295.967040512703,1355085.827207694,0.41751086775284735,1355085.827207694,0.41751086775284735,0.0,DORMITORY,True,True,4.175108677528473,0,,11759.796463859997,0.0036232707387548533,30.0
2,2,64,12,74,Gittensor,2026-09-05,9001944,0.00366379,0.003842325648292899,-0.04646551714642416,IN BAND,False,True,5.946e-06,6348.886832544,3427691.478878517,1.0,1732873.93206215,350914.839065735,-0.0012658894502273344,66391.34956583823,ACCUMULATING_PRE_EMA,0.0,,,,0.002461232718766012,-0.21033593144153898,-0.5653304586148273,6.209620440940455,5.854625913767166,6.419956372381994,0.7666967742557266,-6.417495139663227,1,0.0,,0.0,0.0,0.0001068131532769856,0.0018522340390510433,-0.4944486340507935,5D1VXeeS...,216.588029224,,,,False,5086205,0.7842296422903187,195,5E2LP6En...,0.0,0.2974845073230766,0.2974845073230766,0.0745002289027926,,COUNTER,531791.422968235,139386.460927656,1798.6584197340126,OK,0.1693392084263872,0.0,1295.967040512703,378229.609193408,0.11034528968667809,378229.609193408,0.11034528968667809,0.0,DORMITORY,True,True,1.103452896866781,0,,11531.154893240002,0.0033641169178425597,30.0
3,3,49,2,108,Prometheon,2026-09-05,9001944,0.002809057,0.003074254374951124,-0.08626396602439271,IN BAND,False,False,0.000138369,1865.71886616,1672096.921560845,1.0,664179.735578232,55740.13631597,0.0005111478403079943,33473.9078220044,,0.0,,0.1819642108750354,0.1819642108750354,0.19490274692265214,1.0386367875468105,-1.0495449199634446,6.89201853345189,4.8038368259416355,5.85338174590508,1.5716792287057453,-5.658478998982427,1,0.0,,0.0,0.0,7.629510948348184e-05,0.001115795886053313,-0.6027863136798887,5GpmtjiG...,1411908.587424358,,,,False,7105263,0.5488478559438426,160,5H3paRpb...,0.179995422293431,19.843187611196228,16.271504677471185,0.0,,COUNTER,479696.11117097,0.238163524,0.0,DIVERGENT,1.0,0.0,1295.967040512703,394851.429877185,0.23614147289297363,394851.429877185,0.23614147289297363,0.0,DORMITORY,False,True,2.3614147289297374,0,,19511.701470333985,0.011669001490727273,30.0
4,4,51,13,7,Allways,2026-09-05,9001944,0.003123253,0.0031356080435216427,-0.0039402384960611,IN BAND,False,False,0.000134677,6283.527125802,3186032.726303443,1.0,2011853.359079736,323779.241059981,-0.001063203871299582,38876.88582054712,ACCUMULATING_PRE_EMA,0.0,,,,0.05632682869254359,-1.2641432121374048,-0.04793956836874338,2.4088302545636413,3.6250338983323025,3.672973466701046,0.8248502842747338,-3.6166466380085023,1,0.0,,0.0,0.0,1.5259021896696368e-05,0.0019722104779169637,-0.3685396354643816,5CAc19iE...,0.340321952,,,,False,2627691,1.0,26,5DCaForB...,,0.2718905485514009,0.2718905485514009,0.007553907430298036,,COUNTER,36084.978602376,217700.507110204,110.94728460899205,DIVERGENT,0.7860962907833111,0.0,1295.967040512703,3211.260531444,0.001007918250472533,3211.260531444,0.001007918250472533,0.0,NEITHER,True,True,0.010079182504725327,,,10869.399782135995,0.0034115781964195605,30.0
5,7,55,14,106,Nodexo,2026-09-05,9001944,0.002848165,0.0028754037339240313,-0.009473011947041853,IN BAND,False,False,0.000106943,6493.454167736,2490914.478858285,1.0,2279872.860803273,358021.357676829,-0.0008091572467977437,30395.330443395767,ACCUMULATING_PRE_EMA,0.0,,,,0.043281464185338084,-2.7656893401757783,-0.1152549786890092,0.6617520297857538,3.312186391272523,3.427441369961532,1.0550342142635696,-3.384159905776194,1,0.0,,0.0,0.0,0.00012207217517357094,0.002606855523483201,-0.08472454247447005,5CTdHCps...,1158460.213545538,,,ENTRY_REPEATED,False,5558480,0.2622735666213928,31,5E4vCZrj...,0.0,0.4307267916543969,0.4307267916543969,0.03587834022616631,,COUNTER,838637.534343767,0.0,0.0,DIVERGENT,1.0,0.0,1295.967040512703,305909.559013117,0.12281014125917769,305909.559013117,0.12281014125917769,0.0,DORMITORY,True,True,1.2281014125917795,0,,11821.703176292998,0.004745928965699174,30.0
6,5,59,15,60,Bitsec.ai,2026-09-05,9001944,0.00461286,0.004762937081977725,-0.03150935638969397,IN BAND,False,True,5.1316e-05,7481.685639835,3973381.185083957,1.0,1621918.825561224,931293.915287131,0.00042835187573598795,46697.17779064295,,0.0,,,0.09286036769726112,0.018025142259649143,-4.521747641371953,-0.3833638360746099,-0.8848993339285331,3.25348447136881,3.63684830744342,0.661401430566363,-3.618823165183771,1,0.19260219642804147,MINER_BURN_ONLY,1402.2078247449826,1402.1627801123436,1.5259021896696368e-05,0.001882951896969058,-0.5918038056717398,5CXLwkK1...,121688.280898414,,,ENTRY_REPEATED,False,4796992,1.0,113,5CXLwkK1...,0.179995422293431,4.42723820547227,3.6303555950846773,0.0,,COUNTER,664342.64478401,0.0,0.0,DIVERGENT,-0.734764602100193,1.0819432410546705,1295.967040512703,1062246.835406474,0.2673407825541986,1062246.835406474,0.2673407825541986,0.0,FORTRESS,True,True,2.6734078255419873,0,,9363.793775148,0.0023566311257272802,30.0
7,6,2,16,15,ORO,2026-09-05,9001944,0.03242642,0.03414722392335534,-0.050393669693845365,IN BAND,False,False,0.010514611,14768.339716437,1522727.728313216,1.0,455441.755760173,527191.999732686,-0.0009198017926109515,15108.147473416815,ACCUMULATING_PRE_EMA,0.0,,,,1.8710564788298745,-3.6035444707241964,-0.6131229812751186,-0.09267936416306322,2.8977421252860145,3.510865106561133,1.7258502299101997,-1.6398086277312585,1,0.0,,0.0,0.0,0.0006103608758678547,0.009698608255329045,-0.7009041314049146,5EHdase3...,216.588029224,,,,False,7366897,0.0,134,5E2LP6En...,0.0,0.6287628248703997,0.6287628248703997,0.25602014344575,,COUNTER,354654.991781899,2797.563389807,0.0,DIVERGENT,1.0,0.0,1295.967040512703,1010.651574802,0.0006637112833832333,1010.651574802,0.0006637112833832333,0.0,NEITHER,False,True,0.006637112833832334,,,23091.14167803599,0.015164327311235697,30.0
8,8,36,17,41,Almanac,2026-09-05,9001944,0.00475527,0.004828517558053136,-0.015169781857989053,IN BAND,False,False,0.000489997,12172.391693083,3092445.71599582,1.0,2559768.55317994,1583609.764778525,-0.002647854639532984,31759.917284409516,ACCUMULATING_PRE_EMA,0.0,,,,0.10578957270424896,-1.6330986176376865,-0.18456567927220013,1.308980410463682,2.7575133488291685,2.9420790281013685,0.8498128152764485,-2.8362894553971194,1,0.030413260484393346,MINER_BURN_ONLY,243.52135092299432,241.53938708687622,0.0006713969634546402,0.003936169883312983,-0.1722510218530213,5FCSevLk...,39235.278362512,,,ENTRY_REPEATED,False,3394182,0.10641156800171014,210,5FCSevLk...,0.179995422293431,2.9205138772810195,2.3948347486259967,0.0,,COUNTER,1013347.700678127,0.0,0.0,DIVERGENT,0.39236956543403734,0.1863777237662771,1295.967040512703,258549.369288686,0.08360676080790273,258549.369288686,0.08360676080790273,0.0,DORMITORY,True,True,0.8360676080790272,,,9467.571393713002,0.0030615157914467336,30.0
9,9,27,18,11,TrajectoryRL,2026-09-05,9001944,0.00782571,0.007937709568068385,-0.014109809272807677,IN BAND,False,False,0.001092139,20188.638737979,3272792.343663566,1.0,2579783.557894716,983112.217804274,-0.004553696919034271,31336.41780338064,ACCUMULATING_PRE_EMA,0.0,,,,0.1421661623277587,-0.241925929888373,-0.17166934615249338,2.5134508143038574,2.583707398039737,2.7553767441922306,0.8029840344402099,-2.6132105818644717,1,0.0,,0.0,0.0,0.0,0.006168628075981082,-0.21174844506363222,5D2Jhtbn...,2199362.00938705,,,,False,2918568,1.0,50,5E2LP6En...,0.0,0.37259575655291716,0.37259575655291716,0.0023652927622041476,,COUNTER,1145934.992162841,47946.465498293,50.0,DIVERGENT,0.8933867180891362,0.0,1295.967040512703,46180.459268605,0.0141104153332596,46180.459268605,0.0141104153332596,0.0,DORMITORY,True,True,0.141104153332596,,,9945.200939416003,0.0030387509793191885,30.0
10,10,56,19,6,Numinous,2026-09-05,9001944,0.002790632,0.0028057924937456846,-0.005403284020282521,IN BAND,False,True,9.7266e-05,8199.670785973,2769556.527262609,1.0,2938283.627750077,695560.699539923,-0.004023880888700968,23223.90845235344,ACCUMULATING_PRE_EMA,0.0,,,,0.031173818397352632,-2.6171007813315215,-0.065739955580104,-0.4689005734615459,2.0824602522898714,2.1482002078699756,0.9488883776629317,-2.117026389472623,1,0.0,,0.0,0.0,0.0017242694743266895,0.002960643953375972,0.06092238366648566,5CfSg4e2...,67465.84528745,,,ENTRY_PRE_EMA_PATTERN,False,3219949,0.7366787930665526,236,5E2LP6En...,0.0,0.3234977407352164,0.3234977407352164,0.26922842143816383,,COUNTER,185360.665463109,0.0,0.0,DIVERGENT,1.0,0.0,1295.967040512703,662466.459537209,0.2391958615092726,662466.459537209,0.2391958615092726,0.0,DORMITORY,True,True,2.391958615092726,0,,9303.723254478002,0.0033592826731988286,30.0
11,71,71,20,92,MicroTensor,2026-09-05,9001944,0.004006563,0.0035129482857882977,0.14051294640704812,IN BAND,False,True,0.0,1007.459283239,576887.937300987,1.0,251452.208113308,76368.492946774,-2.6195570558567144e-05,-23739.95324249612,,0.0,,,,,-21.280510743860813,1.7095741812857521,-21.280510743860813,1.7095741812857521,,4.555477468111559,20.42687496293106,1,0.058398937287980346,SKIN_IN_GAME,420.6525270040147,420.4723484734585,6.103608758678547e-05,0.001746369126649576,-0.5641228837161487,5E9LPDS2...,613362.446492483,0.7371930191267668,BUYBACK_GAMING,,True,8352006,0.4050144206558728,0,5FeHbWK1...,0.179995422293431,1.0923589782813858,0.895739362689607,0.47185301612977065,,COUNTER,209225.455768132,0.041020142,0.0,OK,-0.12992321095310258,0.32444679172327845,1295.967040512703,50000.0,0.08667194574032647,50000.0,0.08667194574032647,0.0,FORTRESS,False,True,0.8667194574032646,,,40398.129145874984,0.07002768914683956,30.0
12,11,41,8,18,Zeus,2026-09-05,9001944,0.004316852,0.004328112816438079,-0.002601784407123165,IN BAND,False,False,0.000229177,10505.072506368,3231864.463188025,1.0,2433502.752344429,872522.056518426,0.00033872464815844845,21247.062583939172,,0.0,,0.07846566158822411,0.07846566158822411,0.057332032276303624,6.077935890619989,-0.031655043619998505,7.699631462761425,1.590040528521437,1.6216955721414354,0.8131529121761647,-1.5643635398651319,1,0.03878527143398548,MINER_BURN_ONLY,294.8900672630407,294.07926387553783,0.0002746623941405346,0.003250468151132002,-0.24702812347238176,5GgvCi6h...,2190785.462597363,,,,False,1604679,0.18892806447181643,84,5DCSySUE...,0.179995422293431,0.3977674674778211,0.3261711441945621,0.6198956235121773,,COUNTER,337091.994937074,30745.295806132,0.0,OK,-0.1650446826722092,0.22691878318077893,1295.967040512703,472285.796249436,0.14613415928450063,375000.0,0.1160320936324436,97285.79624943598,DORMITORY,True,True,1.160320936324436,0,,13249.342385511995,0.004099597163317417,30.0
13,12,30,10,67,Harnyx,2026-09-05,9001944,0.005131015,0.005196303362026811,-0.012564386156497407,IN BAND,False,False,0.000934798,3161.231494997,921214.843519478,1.0,616102.594753202,67940.793384849,0.00015566218436049352,9501.098334204522,,0.0,,0.03033750327381493,0.03033750327381493,0.7771177618241246,-4.571957134027867,-0.1528666982373851,-2.9956442394710656,1.4234461963194163,1.5763128945568015,2.852754727615756,-0.7991951327326768,1,0.008979023857782778,MINER_BURN_ONLY,78.6793336099945,76.42710197804212,0.0007629510948348184,0.003431589837306133,-0.33120643044190423,5HEAv3TU...,1037407.693045083,,,ENTRY_REPEATED,False,7236936,0.06311369015805146,246,5HGnF3Wr...,0.0,0.8002217148575118,0.8002217148575118,0.007981077369143903,,COUNTER,277956.427080839,6279.314248273,0.0,DIVERGENT,0.9237693564172037,0.05897302908861514,1295.967040512703,522.283347221,0.0005669506422905971,522.283347221,0.0005669506422905971,0.0,NEITHER,False,True,0.005669506422905972,,,29161.019616954003,0.03165496064473415,30.0
14,13,48,21,32,ItsAI,2026-09-05,9001944,0.003057784,0.0030888726469129324,-0.010064722786160463,IN BAND,False,False,0.000140899,7269.99725219,3573755.738969569,1.0,2377537.659225144,304970.108550378,-0.0011755096356559623,19547.486356996,ACCUMULATING_PRE_EMA,0.0,,,,0.05093297275847756,-0.09334848552964707,-0.12245412723161896,1.2535663794883019,1.2244607377863301,1.346914865017949,0.7353608337982659,-1.2959818922594715,1,0.0,,0.0,0.0,0.004440375371938643,0.0020342736838209817,-0.3347228961166055,5DWgkCSv...,53351.9075931,,,,False,2515294,0.13403531359205445,218,5DLijuKc...,,4.95846027294181,4.95846027294181,0.0,,COUNTER,17419.272873098,0.0,0.0,DIVERGENT,1.0,0.0,1295.967040512703,634410.218859858,0.17751918855058046,634410.218859858,0.17751918855058046,0.0,DORMITORY,True,True,1.7751918855058049,0,,11658.456314031,0.0032622420684499595,30.0
15,16,67,22,45,AlphaRidge.ai,2026-09-05,9001944,0.002599829,0.002604861045256257,-0.001931790283178774,IN BAND,False,True,4.42e-07,6460.86755505,3168843.897921345,1.0,2485112.03128242,745587.2044028,-0.0007759101295867152,16524.050005116966,ACCUMULATING_PRE_EMA,0.0,,,,0.0001797863816434495,1.765447207885975,-0.02350344844534175,2.9697508355553297,1.1808001792240128,1.2043036276693546,0.8293245374831747,-1.204123841287711,1,0.2616752903926557,MINER_BURN_ONLY,1889.8330532368273,1884.3826526875025,0.0018463416495002605,0.0020388721449132005,-0.21576682739010894,5FbcZiAH...,852.433413449,,,,False,3633154,0.7245390894915461,55,5E2LP6En...,0.0,0.3565383259710976,0.3565383259710976,0.23221779670069742,,COUNTER,1057406.996437647,0.0,0.0,DIVERGENT,-0.3832246025699848,1.4540359390174105,1295.967040512703,111021.565754222,0.03503535337510579,111019.200205241,0.03503460687289325,2.3655489810043946,FORTRESS,True,True,0.35034606872893254,,,11923.544249129001,0.003762742701510303,30.0
16,15,32,23,50,Synth,2026-09-05,9001944,0.00549218,0.005524357547983527,-0.005824667882923747,IN BAND,False,False,0.000789238,11857.23918557,3497479.390530039,1.0,2158931.22166906,1218808.982500235,-0.0056701551055483215,17751.559987487737,ACCUMULATING_PRE_EMA,0.0,,,,0.17492414815450086,-3.7014971581523346,-0.07086679257557225,-2.4776296965836804,1.153000668993082,1.2238674615686542,0.7513982804632708,-1.0489433134141533,1,0.0,,0.0013986849808134139,0.0,0.001831082627603564,0.00339022417620967,-0.38271794147138843,5DxyiWpG...,2342890.638160224,,,,False,4763204,0.01334556294427891,205,5CZbbBSr...,,11.009205502568463,11.009205502568463,0.0,,COUNTER,467621.5804474,0.0,0.0,DIVERGENT,0.9999975167390077,0.0,1295.967040512703,212500.00519846,0.060758043570988955,212500.00519846,0.060758043570988955,0.0,DORMITORY,True,True,0.6075804357098896,,,14612.685329789003,0.004178061883468158,30.0
17,18,34,24,33,ReadyAI,2026-09-05,9001944,0.004842368,0.0048529282212257385,-0.002176051395021784,IN BAND,False,False,0.000736905,14820.311010384,2227847.302925694,1.0,3060550.022916465,901218.842657947,-0.0054386194078304825,13379.104003729764,ACCUMULATING_PRE_EMA,0.0,,,,0.13067109986039505,-1.0226225848925388,-0.026475291972765037,0.11669207616155441,1.112839369081328,1.1393146610540932,1.179614059073443,-1.0086435611936981,1,0.0,,0.0,0.0,0.0052491035324635504,0.006652301075985506,0.37377024546368776,5HinUfk5...,41900.447349693,,,ENTRY_PRE_EMA_PATTERN,False,2943950,0.0,209,5E2LP6En...,0.0,0.4891160505103158,0.4891160505103158,0.4304440714176713,,COUNTER,584226.582883127,0.0,0.0,DIVERGENT,1.0,0.0,1295.967040512703,138809.800536348,0.06230669415900169,138808.045342108,0.062305906315850285,1.755194239987759,DORMITORY,True,True,0.6230590631585028,,,12302.328703544994,0.005522069976424824,30.0
18,19,66,25,71,Leadpoet,2026-09-05,9001944,0.004639809,0.004661939572542906,-0.004747074087627974,IN BAND,False,True,9.57e-07,5423.158650381,4478323.634764101,1.0,1168832.255393864,1386355.063825906,-0.0022417272015353455,20680.659244062146,ACCUMULATING_PRE_EMA,0.0,,,,0.00046375113879866124,-3.9797831326802027,-0.057756068066140344,-2.853521779570193,1.0685052850438692,1.1262613531100096,0.5868267267688061,-1.125797601971211,1,0.31301898368737996,MINER_BURN_ONLY,2255.3277848099824,2254.201668994006,0.0003814755474174092,0.0012109796193116508,-0.7390022694228037,5DwHzMhB...,2374520.700204301,,,ENTRY_REPEATED,False,5048438,0.8126850862463746,23,5ENULp2W...,0.0,0.6285099330171265,0.6285099330171265,0.0031435024110358298,,COUNTER,946054.011789236,0.0,0.0,DIVERGENT,-0.8330724657783538,1.7393973754936018,1295.967040512703,63565.086413894,0.014193946574216791,63565.086413894,0.014193946574216791,0.0,FORTRESS,True,True,0.1419394657421679,,,11653.999724673999,0.0026023129802872948,30.0
19,14,40,26,88,Investing,2026-09-05,9001944,0.003553146,0.0036087024491280317,-0.015395131605116325,IN BAND,False,False,0.000254167,6659.795802729,3295147.93124194,1.0,1874337.670938811,713011.766306391,-0.0006446650318909965,17683.32704259432,ACCUMULATING_PRE_EMA,0.0,,,,0.10029599942483107,-1.8869040773058399,-0.18730743452891527,-0.6407016008227508,1.0588950419541738,1.246202476483089,0.7975362729798622,-1.1459064770582579,1,0.0,,0.0,0.0,0.0008392462043183002,0.0020210915994350897,-0.4311825071541981,5FhMsGJS...,3057630.96954199,,,,False,5299805,0.3075442883323152,153,5E2LP6En...,0.0,0.27818717356181155,0.27818717356181155,0.10140548459460696,,COUNTER,175269.313011837,0.0,0.0,DIVERGENT,1.0,0.0,1295.967040512703,1137355.382521396,0.34516064415133174,1137355.382521396,0.34516064415133174,0.0,DORMITORY,True,True,3.451606441513319,0,,10100.074155939006,0.0030651352736483345,30.0
20,20,16,27,38,ChronoLLM,2026-09-05,9001944,0.007690193,0.007772713201120496,-0.010616653282485735,IN BAND,False,False,0.002354076,4699.96792207,1540550.47310543,1.0,611163.948194813,190441.479037357,-0.0014355570088288021,7929.772237255354,ACCUMULATING_PRE_EMA,0.0,,,,1.3162880748503671,-3.731239643142978,-0.12916928160357644,-2.651880152215564,0.9501902093238378,1.0793594909274142,1.705883738234488,0.23692858392295288,1,0.0,,0.0,0.0,0.0,0.0030508367003359784,-0.6032821672569234,5GeWgtBA...,1571120.713870559,,,,False,7284230,1.0,6,5G9hfkx9...,0.009994659342336155,0.8454116972702882,0.8369620953520455,0.01564145213715646,,COUNTER,485297.062238848,10641.406258159,0.0,DIVERGENT,1.0,0.0,1295.967040512703,32033.611686435,0.020793613870931402,32033.611686435,0.020793613870931402,0.0,DORMITORY,False,True,0.20793613870931663,,,21624.14883971901,0.014036637693622084,30.0
21,17,69,28,76,Phylax,2026-09-05,9001944,0.001510378,0.0015471188817173243,-0.023747936988876648,IN BAND,False,True,2.55e-07,880.53774453,1071909.184769463,1.0,582991.578252301,70438.916337092,-0.0004971316610077797,10222.852275895071,ACCUMULATING_PRE_EMA,0.0,,,,0.0007610576652312582,-24.667593891895912,-0.28893323336466586,-23.527714863122604,0.8509457954086428,1.1398790287733087,2.4517002348153287,-1.1391179711080774,1,0.08516737342875604,MINER_BURN_ONLY,613.4890435939888,613.3088650634326,6.103608758678547e-05,0.0008214667408782195,-0.4561184412920345,5FFNhWd8...,655193.374784808,,,,False,7574784,0.6243457295020678,210,5FEeatwF...,,10.722194896166629,10.722194896166629,0.0,,COUNTER,476454.327150244,7026.080961259,0.0,DIVERGENT,-0.4556501855425698,0.47324418437431776,1295.967040512703,56651.148490303,0.05285069789049997,56651.148490303,0.05285069789049997,0.0,FORTRESS,False,True,0.5285069789049998,,,29484.617735491993,0.027506637833160548,30.0
22,24,8,29,114,SOMA,2026-09-05,9001944,0.013239048,0.013118595583364367,0.00918180729562069,IN BAND,False,False,0.00415134,6249.785174996,1605925.339497553,1.0,472072.245686965,214180.676876291,-0.00033109223172571404,4151.599869675934,ACCUMULATING_PRE_EMA,0.0,,,,1.745615443495141,2.6633422939206275,0.11171198876338505,3.316979160273111,0.7653488551158689,0.6536368663524839,1.6364397119620917,1.0919785771426571,1,0.0,,0.0,0.0,9.15541313801782e-05,0.003891703444290489,-0.7060435580949257,5FHrQMjz...,1032724.202554349,0.0,,ENTRY_REPEATED,False,7312241,0.6498496848723466,74,5DUtdSu5...,,0.5487574535145683,0.5487574535145683,0.011658426417628029,,COUNTER,373811.447473431,13816.272943106,0.0,DIVERGENT,1.0,0.0,1295.967040512703,146039.760277138,0.09093807581542339,146039.760277138,0.09093807581542339,0.0,DORMITORY,False,True,0.9093807581542337,,,26890.970010171997,0.016744844451227973,30.0
23,23,5,30,97,Albedo,2026-09-05,9001944,0.022864831,0.02298649773001671,-0.00529296508958093,IN BAND,False,False,0.008437827,12292.744415157,1085395.366397966,1.0,537626.95095289,511090.668335218,-0.0002017478056674679,5748.519379986683,ACCUMULATING_PRE_EMA,0.0,,,,1.8038778491691916,-0.03295494227883894,-0.06439774192323464,0.7789455365562261,0.7475027369118304,0.8119004788350651,2.421237533675291,0.9919773703341265,1,0.0,,0.0,0.0,7.629510948348184e-05,0.011325591388833883,-0.5046719834126968,5GnW8owm...,1332449.52877802,,,,False,7735450,0.19999999999999996,28,5E2LP6En...,0.0,0.6393042674112354,0.6393042674112354,0.1922390246135535,,COUNTER,70872.776437572,4583.298014649,0.0,DIVERGENT,1.0,0.0,1295.967040512703,7940.331821389,0.007315612418486809,7940.331821389,0.007315612418486809,0.0,DORMITORY,False,True,0.0731561241848681,,,30781.136088900996,0.02835937672283643,30.0
24,21,23,31,102,ConnitoAI,2026-09-05,9001944,0.008034695,0.00814785622060299,-0.01388846557169794,IN BAND,False,False,0.00157279,3927.4573666,956691.580208643,1.0,488812.275079151,227540.129180716,-9.995717380745074e-05,7463.927457089303,ACCUMULATING_PRE_EMA,0.0,,,,1.0524091630250314,-5.051449930545458,-0.16897633112232494,-4.151450481360955,0.7310231180621782,0.8999994491845031,2.7469667909347177,0.15240971384052832,1,0.08162065788316715,MINER_BURN_ONLY,702.9751068849873,702.704839089153,9.15541313801782e-05,0.004105249223311309,-0.48905973116449236,5HBc11rC...,931919.319760434,,,,False,7840965,0.2501640495047994,0,5EEinUEy...,0.179995422293431,0.9464650799970976,0.776105698237034,0.5684464315688279,,COUNTER,136481.206024733,7309.092357836,0.0,OK,0.05789210399573859,0.5422243136763362,1295.967040512703,2002.340459168,0.0020929843019328273,2002.340459168,0.0020929843019328273,0.0,EXPOSED,False,True,0.02092984301932827,,,29071.517744565004,0.030387554720848337,30.0
25,22,11,32,91,cascade,2026-09-05,9001944,0.009364902,0.009590701200067997,-0.02354355488276462,IN BAND,False,False,0.003477867,4121.820250791,1166364.491692685,1.0,440134.90263929,164388.295620254,-0.00013977869327964234,4414.6821870011045,ACCUMULATING_PRE_EMA,0.0,,,,2.2174267483512935,14.19297860271511,-0.2864465844069695,15.01784561271817,0.5384204255960914,0.8248670100030608,2.253155011763191,1.3925597383482327,1,0.0,,0.0,0.0,1.5259021896585345e-05,0.00353390409271566,-0.6226437721702096,5HEe7NjS...,381643.739389998,1.5962806678182986,BUYBACK_GAMING,,False,7633645,0.0,1,5E2LP6En...,0.0,0.7296633697727901,0.7296633697727901,0.5532259049014222,,COUNTER,399376.775480423,9542.545852108,0.0,DIVERGENT,1.0,0.0,1295.967040512703,62287.018301246,0.05340270451036454,62287.018301246,0.05340270451036454,0.0,DORMITORY,False,True,0.5340270451036518,,,30628.182316727005,0.02625952910507237,30.0
26,25,4,33,120,Affine,2026-09-05,9001944,0.052708201,0.053266918985173106,-0.010489023878565658,IN BAND,False,False,0.009799823,80416.542983783,2630571.784364941,1.0,1525693.231835562,1479291.664331894,-0.0050901304439632976,10132.071488399524,ACCUMULATING_PRE_EMA,0.0,,,,0.3202566771515359,0.15107419847770037,-0.1276164571892155,0.7827197997363933,0.5040291440694775,0.631645601258693,0.9990223477723639,-0.3113889241071571,1,0.0,,0.0,0.0,7.629510948348184e-05,0.03056998613827858,-0.42001461711283644,5EfNFhH2...,2955334.111874106,,,,False,5749344,0.0,0,5HmYnmUY...,0.179995422293431,0.3605885704463781,0.2956842784346977,0.9890285958433791,,COUNTER,180555.409154778,0.0,0.0,DIVERGENT,1.0,0.0,1295.967040512703,60077.877440444,0.022838334158954605,60077.877440444,0.022838334158954605,0.0,DORMITORY,True,True,0.22838334158954715,,,15605.719383217005,0.005932443842046476,30.0
27,27,10,34,3,Teutonic,2026-09-05,9001944,0.028659953,0.028690640814602375,-0.0010696106371649162,IN BAND,False,False,0.003935338,79469.05239802,3191027.988085853,1.0,2772825.640521163,3443602.646784307,-0.03954664999786193,10609.719686258119,ACCUMULATING_PRE_EMA,0.0,,,,0.13013956945405425,-0.16176556736218464,-0.013013596085506481,0.29270411462894474,0.44145608590562285,0.45446968199112936,0.8235590567716747,-0.3243301125370751,1,0.0,,0.0,0.0,7.629510948348184e-05,0.024903903285940693,-0.13105568296149356,5GsGUrd2...,3128401.487365413,,,,False,4165565,0.0,204,5E6yHkmZ...,0.179995422293431,0.3356677153478615,0.27524906317355197,0.974608212656219,,COUNTER,578475.334942498,0.0,0.0,DIVERGENT,1.0,0.0,1295.967040512703,387803.857534418,0.12152944411090648,387679.277213164,0.12149040329969482,124.58032125397585,DORMITORY,True,True,1.214904032996948,0,,14690.383848519006,0.004603652460388188,30.0
28,26,20,35,105,Beam,2026-09-05,9001944,0.007043316,0.007080847164615989,-0.005300377729311454,IN BAND,False,False,0.001782751,5170.379962298,2066970.40932122,1.0,734083.207534894,531082.182308951,-0.0010888053840733777,6021.327967071324,ACCUMULATING_PRE_EMA,0.0,,,,0.9061364275281809,0.03125268969666156,-0.06448792903995602,0.4875607336922131,0.3918201149555955,0.4563080439955515,1.2714260388773628,0.4498283835326294,1,0.0,,0.0,0.0,0.0014038300144960658,0.0025014291152798455,-0.6448506477233387,5G3ic2pA...,2007121.230515453,,,ENTRY_REPEATED,False,6841399,0.0,170,5E2LP6En...,0.0,0.943324601921913,0.943324601921913,0.01767048662505913,,COUNTER,452240.813141888,1869.377328683,0.0,DIVERGENT,1.0,0.0,1295.967040512703,187160.227338556,0.09054809226805441,187160.227338556,0.09054809226805441,0.0,DORMITORY,False,True,0.9054809226805453,,,16471.17326080401,0.00796875136021567,30.0
29,72,72,36,125,8 Ball,2026-09-05,9001944,0.003185552,0.0031278254464268684,0.018455810454217167,IN BAND,False,True,0.0,5847.887545669,2477369.562990516,1.0,1835752.791499161,235516.394317794,-0.00024021262101779379,-17152.693352129078,,0.0,,,,,1.5660732289136379,0.22454569385964218,1.5660732289136379,0.22454569385964218,,1.060802570298657,3.568644136918121,1,0.3895021737022196,,2804.415650655981,2804.415650655981,0.0,0.0023605228840423063,-0.25899094284371865,5DTzv2rL...,68184.058041142,0.05368344790322445,,,False,5834408,1.0,0,5CFFokuo...,0.179995422293431,15.802609057925961,12.95821176720658,0.0,,COUNTER,1281861.796697354,0.0,0.0,DIVERGENT,-0.8694915285063436,2.163955998098929,1295.967040512703,45923.662897553,0.018537267747052243,45923.662897553,0.018537267747052243,0.0,FORTRESS,True,True,0.1853726774705224,,,11628.292414937992,0.0046938061194636985,30.0
30,33,53,37,66,conjectures,2026-09-05,9001944,0.002970739,0.0029498403891921043,0.007084658168104934,IN BAND,False,False,0.00011803,6674.015533277,3462351.174065413,1.0,2246583.760213797,1364437.898287641,-0.005772511456838813,7916.67421400873,ACCUMULATING_PRE_EMA,0.0,,,,0.04647619389757361,11.390700714987071,0.08619667437861003,11.52377268564076,0.2192686450322978,0.13307197065368775,0.7590217941163556,-0.08659577675611413,1,0.0,,0.0,0.0,0.0,0.0019275963637855153,-0.351139105863721,5CJCRGep...,1054388.934901981,,,,False,4958013,1.0,121,5Gn2SyG6...,,11.48573004655844,11.48573004655844,0.0,,COUNTER,876389.726869251,0.0,0.0,DIVERGENT,1.0,0.0,1295.967040512703,392806.591766313,0.1134508234487054,392806.591766313,0.1134508234487054,0.0,DORMITORY,True,True,1.1345082344870538,0,,11070.631042317002,0.003197431596552386,30.0
31,30,62,38,123,MANTIS,2026-09-05,9001944,0.002615807,0.0026216718833893538,-0.0022370775788202618,IN BAND,False,True,1.3669e-05,6006.598292039,1992306.204640827,1.0,2296269.431289518,548325.654863323,-0.0026115959502149458,7936.333352806978,ACCUMULATING_PRE_EMA,0.0,,,,0.005980445212660605,1.4832315680138175,-0.02721777720897985,1.684766485346824,0.17431714012402677,0.20153491733300663,1.3190743440332637,-0.19555447212034602,1,0.13496541151841365,MINER_BURN_ONLY,982.6849714820273,976.8291692389512,0.0019836728465705278,0.0030148971468579398,0.15256865160844812,5HVuEdEG...,1656554.001716287,,,,False,5794330,0.3821267487195168,158,5Dszzjqs...,0.179995422293431,8.951478604322642,7.340253432786975,0.0,,COUNTER,292689.737362035,8560.983387542,0.0,DIVERGENT,-0.6239444005405379,0.7537453798612839,1295.967040512703,350656.879907587,0.17600551516166335,350656.879907587,0.17600551516166335,0.0,FORTRESS,True,True,1.7600551516166334,0,,11419.17003051299,0.005731634024887073,30.0
32,31,7,39,44,Score,2026-09-05,9001944,0.040623982,0.04068494192324579,-0.0014983411641778595,IN BAND,False,False,0.005647508,69416.875760386,4170167.397365376,1.0,1708765.932350054,2184508.995054737,-0.0010141890605900883,7474.6232291765045,ACCUMULATING_PRE_EMA,0.0,,,,0.21380465285171557,2.9157162502627014,-0.01822981749749729,3.102434782623251,0.1684887148630521,0.18671853236054942,0.6301905294402127,0.027086120491166144,1,0.0,,0.0,0.0,0.0,0.016646064569072725,-0.5902404503558336,5CaCekux...,263585.826577845,,,,False,3550319,1.0,65,5E2LP6En...,0.0,0.26502954151128744,0.26502954151128744,0.22613724802002105,,COUNTER,506854.357551469,2206.282255223,0.0,DIVERGENT,1.0,0.0,1295.967040512703,245862.449528441,0.0589574532868325,245862.449528441,0.0589574532868325,0.0,DORMITORY,True,True,0.589574532868325,,,13743.089887246997,0.0032955727139226095,30.0
33,73,73,40,95,Actual,2026-09-05,9001944,0.047019198,0.046413033502176404,0.013060221495653153,IN BAND,False,True,0.0,28807.78779501,2930442.223944315,1.0,612681.382411853,570181.234068231,-0.0011390409750780188,-5432.013199111214,,0.0,,,,,2.4080906872474364,0.15889936153044668,2.4080906872474364,0.15889936153044668,,0.8967929749738474,1.5342097243861528,1,0.38950217354193833,MINER_BURN_ONLY,2804.415649501956,2804.415649501956,0.0,0.009830525768303771,-0.7909252776216265,5D5UhUuc...,456631.322403348,0.04781543979250856,,,False,5403674,1.0,0,5ExqqyEB...,0.179995422293431,2.3596410492218567,1.934916462106254,0.0,,COUNTER,1046519.523208073,14658.86980412,0.0,DIVERGENT,-0.869491528452639,2.1639559972084546,1295.967040512703,9024.997700073,0.0030797391691706985,9024.997700073,0.0030797391691706985,0.0,EXPOSED,True,True,0.03079739169170699,,UNDEFENDED_BURNER,14823.925242267003,0.005058596658600661,30.0
34,29,9,41,53,engy,2026-09-05,9001944,0.028855972,0.028991119703277946,-0.004661693120554574,IN BAND,False,False,0.003995541,34125.413174878,4723644.05561547,1.0,1182611.834116353,1440425.783866546,-0.0011223092088040443,6447.711353732506,ACCUMULATING_PRE_EMA,0.0,,,,0.30769683854641094,-2.3264686861979675,-0.05671726630008064,-2.1218139040848656,0.14793751581302145,0.2046547821131021,0.5563501332992762,0.10304205643330885,1,0.0,,0.0,0.0,0.0004119935912108019,0.007224382864815924,-0.7496399405705022,5H8SFVCx...,1898512.05233513,,,,False,4203869,0.7602582890639311,20,5E1y7CXe...,0.0,0.2326548029512776,0.2326548029512776,0.017488440232568788,,COUNTER,525326.707986968,0.0,0.0,DIVERGENT,1.0,0.0,1295.967040512703,118568.676979326,0.025101103212544457,104435.697677703,0.022109137870697477,14132.979301622996,DORMITORY,True,True,0.22109137870697476,,,15666.970286946003,0.003316712712153047,30.0
35,74,74,42,24,Quasar,2026-09-05,9001944,0.003981029,0.003938318928703666,0.010844746723037061,IN BAND,False,True,0.0,8641.670668455,3682168.872349373,1.0,2170712.829575379,1572466.107499808,-0.003987432863262727,-17683.733240723144,,0.0,,,,,0.7870693196985927,0.13194441846361757,0.7870693196985927,0.13194441846361757,,0.7137097974333886,2.446594357413867,1,0.3895021735394483,MINER_BURN_ONLY,2804.415649484028,2804.415649484028,0.0,0.0023468968882302413,-0.4104798311616817,5ELutYW7...,318496.534018863,0.0,,,False,2538424,1.0,155,5ELpkVn8...,0.179995422293431,3.383038424580425,2.774106994713168,0.0,,COUNTER,652312.175655444,0.0,0.0,DIVERGENT,-0.8694915284518047,2.1639559971946207,1295.967040512703,700000.000065042,0.19010534941011917,0.0,0.0,700000.000065042,EXPOSED,True,False,0.8026271931735973,61723,TAKEOVER_IMMINENT,8954.710567950004,0.0024319119731834936,30.0
36,28,17,43,118,Ditto,2026-09-05,9001944,0.009024348,0.009083706187084317,-0.006534578052372059,IN BAND,False,False,0.00220459,6779.997662931,2185134.676862569,1.0,751300.627092084,749467.415273295,-0.0019519015973399523,4650.5928128763335,ACCUMULATING_PRE_EMA,0.0,,,,0.8545227901296052,-5.640120269746023,-0.07950403297052672,-5.430610039671741,0.13000619710375544,0.20951023007428216,1.2026718663278457,0.645012560055323,1,0.0,,0.0,0.0,4.57770656900891e-05,0.003102782512547815,-0.6561765445494993,5HGXqHbQ...,1523569.745057484,,,,False,5724794,0.8300067142769945,28,5DPQjF6B...,0.0,0.42830490061833304,0.42830490061833304,0.0798260338776133,,COUNTER,320927.826926128,1788.13704218,0.0,DIVERGENT,1.0,0.0,1295.967040512703,112026.027105067,0.05126733298924838,87112.229327687,0.03986583996404438,24913.797777379994,DORMITORY,True,True,0.39865839964044564,,,22221.711931242007,0.010169493059873129,30.0
37,75,75,44,78,Umi,2026-09-05,9001944,0.005483885,0.00545683759264648,0.004956608455778286,IN BAND,False,True,0.0,1720.241202685,964506.11121133,1.0,313690.334307299,148412.593740755,0.0001379181554245564,-162.42136925610248,DISTRIBUTING_PRE_EMA,0.0,,,0.025149716929614024,,3.780985891370698,0.06030540287863581,3.780985891370698,0.06030540287863581,,2.7247105740983604,2.6668946752572333,1,0.041000228793054705,MINER_BURN_ONLY,295.20164730999386,295.20164730999386,0.0,0.0017835461929054414,-0.6747659382161659,5GvYz1tB...,1145057.573712504,,,,False,7966145,1.0,0,5Fk765B4...,0.179995422293431,1.572880995889642,1.2897696168171735,0.6715497772080816,,COUNTER,67521.389613197,8107.779671713,0.0,OK,0.1940785310620209,0.22778484180678535,1295.967040512703,70486.525864579,0.07308043468594976,70486.525864579,0.07308043468594976,0.0,DORMITORY,False,True,0.7308043468595053,,,33892.11979768098,0.035139352051502946,30.0
38,76,76,45,113,TensorUSD,2026-09-05,9001944,0.002681104,0.00266852043569088,0.004715558532292979,IN BAND,False,True,0.0,1883.285756958,1593772.960905441,1.0,702428.963401451,66008.209507355,-0.0004889739469761811,-2720.7033995974343,,0.0,,,,,1.03157571516978,0.05737262880956457,1.03157571516978,0.05737262880956457,,1.6489174207767978,2.2014246555775814,1,0.3856032885787459,MINER_BURN_ONLY,2776.3436777669704,2776.3436777669704,0.0,0.0011816524706806943,-0.5592664549078684,5GndoVhM...,576644.133761015,0.0,,,False,7119664,1.0,0,5FRumLA6...,0.179995422293431,2.4336410210173116,1.995596777728684,0.32572230955905923,,COUNTER,753049.451510898,0.0,0.0,DIVERGENT,-0.8681719403361561,2.1422949743140145,1295.967040512703,67771.713901814,0.04252281571103584,67771.713901814,0.04252281571103584,0.0,FORTRESS,False,True,0.4252281571103595,,,19835.084753292995,0.012445364076213498,30.0
39,77,77,46,87,Provenonce,2026-09-05,9001944,0.003869455,0.0038522782269865274,0.004458860965218796,IN BAND,False,True,0.0,1628.216083656,1694654.461254398,1.0,420786.912298929,99450.687564465,-0.0004810604927689679,-4365.945449812629,,0.0,,,,,3.7035418693659885,0.05424947507682868,3.7035418693659885,0.05424947507682868,,1.550758611908844,2.4283101665291182,1,0.3895021735437493,MINER_BURN_ONLY,2804.4156495149946,2804.4156495149946,0.0,0.0009607953248774857,-0.7516975065280548,5HartH15...,4228.527040432,2.153717386913546e-05,,,False,7208725,1.0,1,5E2LP6En...,0.0,0.6499771814509162,0.6499771814509162,0.4226613764687929,,COUNTER,718103.696955511,811.040088965,0.0,DIVERGENT,-0.8694915284532457,2.1639559972185154,1295.967040512703,164266.13804449,0.09693193615582187,164266.13804449,0.09693193615582187,0.0,FORTRESS,False,True,0.9693193615582201,,,22753.995084333,0.01342692307167462,30.0
40,32,39,47,26,Perturb,2026-09-05,9001944,0.00368521,0.003720303066074848,-0.009432851424084003,IN BAND,False,False,0.000284777,2058.154634124,923780.353463023,1.0,558490.421441534,65905.013807847,-0.00014188253281285655,6846.325931797852,ACCUMULATING_PRE_EMA,0.0,,,,0.3636237742255622,-2.8892384105839044,-0.11476635899302204,-2.7269299220150867,0.04754212957579548,0.16230848856881752,2.844832096881343,0.20131528565674467,1,0.0,,0.0,0.0,9.15541313801782e-05,0.0022279696969182013,-0.395429379352004,5FsVAEPM...,1558870.44151917,,,,False,8123781,0.8570861755863817,126,5C5hoeGp...,,6.292991114468381,6.292991114468381,0.0,,COUNTER,93577.704880545,1668.571827101,0.0,DIVERGENT,1.0,0.0,1295.967040512703,41279.680826236,0.04468560158428217,37778.047084246,0.04089505361596562,3501.633741990001,DORMITORY,False,True,0.40895053615966426,,,30521.872115706006,0.03304018320078696,30.0
41,78,78,48,127,Astrid,2026-09-05,9001944,0.002884494,0.00287425983697176,0.0035606255553508577,IN BAND,False,True,0.0,3377.51461751,2949389.444619493,1.0,1170920.720008081,597662.796053329,-0.0011311304522673383,-7149.582361281849,,0.0,,,,,-1.5901229558868921,0.043320944256768766,-1.5901229558868921,0.043320944256768766,,0.8910318726454396,1.738767551528923,1,0.3895021735391735,,2804.415649482049,2804.415649482049,0.0,0.0011451572201397568,-0.6029954577337457,5FU4uxAd...,1556030.638384486,0.16540401843491995,,,False,5848837,1.0,0,5EKrpcqV...,0.179995422293431,1.094361262855374,0.8973812452061485,0.5804452990279113,,COUNTER,1221522.841935945,203.185912805,0.0,DIVERGENT,-0.8694915284518786,2.163955997193094,1295.967040512703,5535.674552263,0.0018768883039035791,5535.674552263,0.0018768883039035791,0.0,EXPOSED,True,True,0.018768883039035792,,UNDEFENDED_BURNER,12991.430152341,0.004404786277390727,30.0
42,79,79,49,25,UR,2026-09-05,9001944,0.009229962,0.009221127489581704,0.0009580726899478276,IN BAND,False,True,0.0,15532.048541383,4208748.300669075,1.0,1682785.721156638,700118.567525349,-0.00189072698649151,2859.318491762504,ACCUMULATING_PRE_EMA,0.0,,,,,1.041713122483005,0.011656551061031903,1.041713122483005,0.011656551061031903,,0.6244136765275843,0.34495198470833927,1,0.38950217353860755,MINER_BURN_ONLY,2804.4156494779745,2804.4156494779745,0.0,0.003690419913900252,-0.600169544154109,5F6aRdsB...,59613.962708933,,,,False,2998801,1.0,1,5F6aRdsB...,0.179995422293431,18.07439002059062,14.821082556138236,0.0,,COUNTER,943392.253387452,0.0,0.0,DIVERGENT,-0.8692209150022162,2.16395599718995,1295.967040512703,323519.372769362,0.07686831087473948,323519.372769362,0.07686831087473948,0.0,FORTRESS,True,True,0.7686831087473949,,,8710.243169334006,0.002069556682196775,30.0
43,34,47,50,85,Vidaio,2026-09-05,9001944,0.004989581,0.004993476439267397,-0.0007801056668184775,IN BAND,False,False,0.000160418,12509.734030068,2627521.886072192,1.0,2507171.026369581,1409197.21221572,-0.006693889346863315,6944.113310771529,ACCUMULATING_PRE_EMA,0.0,,,,0.03370003734585462,1.3142224944066925,-0.009491285612958143,1.3341865117007663,0.010472731681115595,0.019964017294073738,1.000181963823153,0.013736020051780878,1,0.17397406999930423,MINER_BURN_ONLY,1293.0208474770188,1292.8857135791018,4.57770656900891e-05,0.0047610389456235695,-0.04580385695240351,5GTPBjA4...,3004047.231588784,,,,False,5258781,0.573475553927852,0,5FR392L6...,0.179995422293431,0.4877562042408238,0.3999623202822557,0.999801629688406,,COUNTER,497654.02081785,0.0,0.0,DIVERGENT,-0.699582628613031,0.9976223724544859,1295.967040512703,143874.406841709,0.05475669207718105,143874.406841709,0.05475669207718105,0.0,FORTRESS,True,True,0.5475669207718105,,,13888.093284862,0.005285624206777938,30.0
44,80,80,51,104,TAOstatus,2026-09-05,9001944,0.0043097,0.004306089598685503,0.0008384408247331323,IN BAND,False,True,0.0,6027.77699508,3157785.131350117,1.0,1398653.253733814,75223.247335211,-0.0017383027949343672,-1999.5877130886074,,0.0,,,,,-0.38974845017741866,0.01020103003425311,-0.38974845017741866,0.01020103003425311,,0.8322288853378678,0.6982530364353098,1,0.0,,0.0,0.0,0.0,0.0019088623020093877,-0.5570776847554614,5HBb3F1b...,1091776.951295694,0.5420570740665834,BUYBACK_GAMING,,False,5528520,1.0,25,5Coeuhim...,0.179995422293431,1.393477915139607,1.1426582693474836,0.4119541001617481,,COUNTER,340321.172598343,162581.874155771,2804.4156494939816,OK,0.11544227649096117,0.0,1295.967040512703,3017.92106809,0.0009557081760023623,3017.92106809,0.0009557081760023623,0.0,NEITHER,True,True,0.009557081760023622,,,10221.565978795994,0.00323694157570048,30.0
45,81,81,52,109,Finsight,2026-09-05,9001944,0.002827872,0.0028262841515243053,0.0005618148744308731,IN BAND,False,True,0.0,1390.862827451,1558323.284414147,1.0,491840.652790108,67904.837389655,-0.000708007104294364,13.158624182280619,ACCUMULATING_PRE_EMA,0.0,,,,,-2.270865557052967,0.006835414305575622,-2.270865557052967,0.006835414305575622,,1.686427987237577,1.6046558103256112,1,0.38950217354027294,MINER_BURN_ONLY,2804.4156494899653,2804.4156494899653,0.0,0.0008925380512259342,-0.6843781998527748,5FqZqKFx...,669143.001375981,,,,False,7257480,1.0,0,5DyQkk4x...,0.179995422293431,2.2193517733351675,1.819878613676029,0.37830207395424786,,COUNTER,697620.627347821,1308.746301495,0.0,DIVERGENT,-0.869491528452081,2.1639559971992024,1295.967040512703,190473.509213651,0.1222297780689709,190473.509213651,0.1222297780689709,0.0,FORTRESS,False,True,1.22229778068971,0,,21895.757899204,0.014050844339039527,30.0
46,82,82,53,29,hoτfloaτ,2026-09-05,9001944,0.002789162,0.0027890570927411318,3.761388002462544e-05,IN BAND,False,True,0.0,8329.949280669,2918797.369553351,1.0,2986541.728920421,204797.803110012,-0.011022358310089313,821.9448064430617,ACCUMULATING_PRE_EMA,0.0,,,,,-0.05033388171385646,0.0004576355402996095,-0.05033388171385646,0.0004576355402996095,,0.900370826496308,0.7533520946524431,1,0.0,,0.0,0.0,0.0,0.002853897761989449,0.02320975331997539,5HHHHHzg...,29003.046125385,,,ENTRY_PRE_EMA_PATTERN,False,3379782,1.0,19,5GRRRRhL...,0.179995422293431,16.36771300443806,13.421599590226547,0.0,,COUNTER,610829.352749762,0.0,0.0,DIVERGENT,1.0,0.0,1295.967040512703,3165.974907187,0.0010846847198822417,3165.974907187,0.0010846847198822417,0.0,NEITHER,True,True,0.010846847198822415,,,8676.479501176995,0.002972621392523974,30.0
47,83,83,54,43,Graphite,2026-09-05,9001944,0.004682713,0.004682740895077586,-5.956997880384691e-06,IN BAND,False,True,0.0,13371.680303458,3076310.171034417,1.0,2855541.12010792,157515.50690955,-0.0008349041341164327,234.78592224232852,ACCUMULATING_PRE_EMA,0.0,,,,,-2.4091778308385905,-7.24768075446804e-05,-2.4091778308385905,-7.24768075446804e-05,,0.8542701658449247,0.7846805180402925,1,0.32056340247726034,MINER_BURN_ONLY,2308.461899530026,2308.0564978362745,0.0001373311970702673,0.004346661929398927,-0.07176418255850255,5HjMs5JD...,2928946.292686191,,,,False,3408582,0.169474712327931,108,5ERVu5z1...,,10.369010840798154,10.369010840798154,0.0,,COUNTER,915449.66182743,0.0,0.0,DIVERGENT,-0.8414528738488112,1.780953084210517,1295.967040512703,3451.069241962,0.0011218209641070001,3451.069241962,0.0011218209641070001,0.0,EXPOSED,True,True,0.01121820964107,,UNDEFENDED_BURNER,9753.240612065996,0.0031704347318093884,30.0
48,84,84,55,39,deprecated,2026-09-05,9001944,0.007503061,0.0075032690074294806,-2.7722240702617157e-05,IN BAND,False,True,0.0,18285.135663566,3544740.045056095,1.0,2437023.447669675,1087169.589576065,-0.008167090216750057,896.820136429742,ACCUMULATING_PRE_EMA,0.0,,,,,-7.667257229488682,-0.00033728726188184203,-7.667257229488682,-0.00033728726188184203,,0.7413801764293868,0.6123236032927211,1,0.3895021735401436,MINER_BURN_ONLY,2804.415649489034,2804.415649489034,0.0,0.005158385503915462,-0.31249585950114733,5DkwfxC9...,514940.909685954,,,,False,3280104,1.0,136,5GP7c3fF...,0.0009918364232852674,2.4973915747325184,2.4949145708054927,0.19353263440614077,,COUNTER,1524437.587982888,0.0,0.0,DIVERGENT,-0.8694016871773995,2.1639559971984834,1295.967040512703,493580.134441295,0.13924297075880052,492005.190032316,0.13879866613026348,1574.9444089789758,FORTRESS,True,True,1.3879866613026364,0,,9238.92706208,0.0026063764746206645,30.0
49,85,85,56,27,Orion,2026-09-05,9001944,0.002521608,0.002521825022995472,-8.605791182702066e-05,IN BAND,False,True,0.0,6475.679136273,3429082.377487591,1.0,2568074.640647902,827682.261554303,-0.002571603639063033,15663.059799334034,ACCUMULATING_PRE_EMA,0.0,,,,,1.0796649084596035,-0.0010470379272287513,1.0796649084596035,-0.0010470379272287513,,0.766385788003575,-0.9373716905787794,1,0.3895021735380417,MINER_BURN_ONLY,2804.4156494739,2804.4156494739,0.0,0.001888458317241588,-0.25108965499729213,5GLT9wjW...,54720.239269609,,,,False,1727132,1.0,203,5H6Bqkzj...,0.179995422293431,19.690813253772145,16.146557006858338,0.0,,COUNTER,1296189.188820154,0.0,0.0,DIVERGENT,-0.8694915284513334,2.1639559971868056,1295.967040512703,29259.979274079,0.00853288899274479,29259.979274079,0.00853288899274479,0.0,FORTRESS,True,True,0.08532888992744789,,,8874.855382623002,0.0025881137883673132,30.0
50,86,86,57,48,Quantum Compute,2026-09-05,9001944,0.004225179,0.004226519959047437,-0.0003172726168171278,IN BAND,False,True,0.0,10732.048500334,3222222.629570606,1.0,2540022.064449851,690015.783890715,-0.0027008449742481964,5298.898463351186,ACCUMULATING_PRE_EMA,0.0,,,,,-0.8098128079644101,-0.003860150171275055,-0.8098128079644101,-0.003860150171275055,,0.8155861037914093,0.17398210850702797,1,0.0,,0.0,0.0,4.57770656900891e-05,0.0033306353204291643,-0.21171734489138463,5GNH5YMk...,2717.781633364,,,,False,3856677,0.6791796374290422,141,5EZ52JMq...,0.0,0.32484588590568975,0.32484588590568975,0.7185063101832776,,COUNTER,695492.461656953,0.0,0.0,DIVERGENT,1.0,0.0,1295.967040512703,101862.559282014,0.0316125144014609,101862.559282014,0.0316125144014609,0.0,DORMITORY,True,True,0.316125144014609,,,9156.625360234999,0.0028417109594488857,30.0
51,87,87,58,12,Compute Horde,2026-09-05,9001944,0.004851346,0.004853084683418274,-0.0003582635646590405,IN BAND,False,True,0.0,12754.050850256,3510617.620573831,1.0,2628971.563593133,424383.903891302,-0.0016389071287063602,2074.3428354621865,ACCUMULATING_PRE_EMA,0.0,,,,,-0.7976409471900072,-0.004358873370018326,-0.7976409471900072,-0.004358873370018326,,0.7485862272777056,0.495483938269353,1,0.38714252397854,MINER_BURN_ONLY,2787.606351176044,2787.426172645488,6.103608758678547e-05,0.003632993458333772,-0.2511370126282949,5ELzhHvg...,1601534.286961461,,,,False,2256433,0.0061650211350352535,157,5Hdt5YNb...,,4.906125185717647,4.906125185717647,0.0,,COUNTER,1592413.865391819,0.0,0.0,DIVERGENT,-0.8685670602236263,2.1508464995705,1295.967040512703,3870.537061652,0.0011025231113092112,3870.537061652,0.0011025231113092112,0.0,EXPOSED,True,True,0.01102523111309211,,UNDEFENDED_BURNER,8902.743883741003,0.0025359480427508928,30.0
52,88,88,59,57,SN57,2026-09-05,9001944,0.005120687,0.00512270163744688,-0.00039327635873886014,IN BAND,False,True,0.0,1825.645332825,993786.981650848,1.0,356523.478983612,32659.254431212,-0.00013780237056893412,396.20236265077256,ACCUMULATING_PRE_EMA,0.0,,,,,-0.03082542324472184,-0.004784862364656132,-0.03082542324472184,-0.004784862364656132,,2.644429891438554,2.3799083827581944,1,0.3895021736854202,MINER_BURN_ONLY,2804.4156505350256,2804.4156505350256,0.0,0.0018370590141886288,-0.6412475485831044,5HdpnCSY...,883764.992023875,,,,False,8057320,1.0,0,5Ejcqsbx...,0.179995422293431,2.0094451536028077,1.647754224604582,0.6481970365170683,,COUNTER,388297.114736896,6427.093693354,0.0,DIVERGENT,-0.8694915285007148,2.1639559980055965,1295.967040512703,1254.306998862,0.0012621487522188953,1254.306998862,0.0012621487522188953,0.0,EXPOSED,False,True,0.012621487522188954,,,30990.132655043002,0.03118387866538879,30.0
53,89,89,60,52,Dojo,2026-09-05,9001944,0.006376003,0.006378857418894768,-0.00044748121917772117,IN BAND,False,True,0.0,17989.139865956,3060617.431035361,1.0,2821381.826226054,765834.73716507,-0.001055169699966047,2675.7066504703835,ACCUMULATING_PRE_EMA,0.0,,,,,-1.4905946512399126,-0.005444354833328941,-1.4905946512399126,-0.005444354833328941,,0.8586502753828292,0.49657029616916337,1,0.3895021735395939,MINER_BURN_ONLY,2804.415649485076,2804.415649485076,0.0,0.005877617922299601,-0.0781657533254609,5Fv1ZvNP...,14983.085926866,,,,False,3989825,1.0,130,5E2LP6En...,0.0,0.38952551874252545,0.38952551874252545,0.7287196703799786,,COUNTER,1147862.855420872,0.0,0.0,DIVERGENT,-0.8694915284521855,2.1639559971954294,1295.967040512703,167638.354572778,0.05477272424605791,167638.354572778,0.05477272424605791,0.0,FORTRESS,True,True,0.5477272424605791,,,8715.159408202002,0.002847516752609553,30.0
54,35,28,61,111,Claims,2026-09-05,9001944,0.006318696,0.006325500085949898,-0.00107565976720331,IN BAND,False,False,0.001060081,6605.931065103,3663360.435267678,1.0,1045457.918924226,203735.188706067,-0.0020882893709760026,2418.3169400484767,ACCUMULATING_PRE_EMA,0.0,,,,0.42172599752319123,-5.179740632637876,-0.013087193834306938,-5.17302052572257,-0.006367086919000715,0.006720106915306223,0.7173741286005821,0.415005890607885,1,0.0,,0.0,0.0,3.0518043793392735e-05,0.0018032435469649089,-0.714617771298871,5CGTryXj...,2794478.796783849,,,,False,5615562,0.0,111,5CsvRJXu...,0.0899977111467155,0.586562054843348,0.5337728124619324,0.009445622815985839,,COUNTER,734491.272679149,0.371911999,0.0,DIVERGENT,1.0,0.0,1295.967040512703,1221.604957048,0.00033346567410824223,1221.604957048,0.00033346567410824223,0.0,NEITHER,True,True,0.0033346567410824225,,,11430.401078937997,0.0031201955911561263,30.0
55,90,90,62,31,rec4ll,2026-09-05,9001944,0.004516655,0.004519670736044645,-0.0006672468462348385,IN BAND,False,True,0.0,1915.98347836,1747732.055698974,1.0,424204.07109383,52775.461644064,-3.4653599990985635e-05,-2140.9837891977513,,0.0,,,,,0.3670861421169089,-0.008118169962523868,0.3670861421169089,-0.008118169962523868,,1.503662985084392,1.884012732555114,1,0.38950217353582656,SKIN_IN_GAME,2804.415649457951,2804.415649457951,0.0,0.0010962684309144498,-0.7572831152889804,5H3mfhC8...,881361.823816276,0.3076455111637165,BUYBACK_JUSTIFIED,,False,7173591,1.0,0,5CDZ527X...,0.179995422293431,1.7763321035525754,1.456600456440251,0.45304988783249656,,COUNTER,731547.025050571,729.248648798,0.0,DIVERGENT,-0.8694915284505911,2.163955997174499,1295.967040512703,411777.137377744,0.23560655996153892,411777.137377744,0.23560655996153892,0.0,FORTRESS,False,True,2.356065599615389,0,,20665.327931050997,0.011824082452264842,30.0
56,91,91,63,9,iota,2026-09-05,9001944,0.029344639,0.029382582288235426,-0.0012913530833748201,IN BAND,False,True,0.0,57725.979094143,4029579.672886911,1.0,1967172.888129691,1095911.874238015,0.01301328860220348,3327.665110215312,,0.0,,,0.44346391864638307,,0.16486448737223056,-0.015711462514393645,0.16486448737223056,-0.015711462514393645,,0.6521772029183437,0.3178786728397642,1,0.09578789993674194,MINER_BURN_ONLY,689.717924177181,689.672879544542,1.5259021896696368e-05,0.014325558440388495,-0.5118168453055941,5Fsbubec...,14902.157142588,,,,False,1489797,0.2549974059266945,209,5Fsbubec...,0.179995422293431,18.437256259880268,15.118634533450914,0.0,,COUNTER,1145074.163307771,46681.104420658,0.0,DIVERGENT,-0.4692989210747828,0.5321685336007446,1295.967040512703,566487.003304132,0.14058215726959034,566487.003304132,0.14058215726959034,0.0,FORTRESS,True,True,1.405821572695903,0,,10570.880803340006,0.0026233209568894593,30.0
57,92,92,64,8,Vanta,2026-09-05,9001944,0.027758484,0.027801875723525882,-0.0015607480573393059,IN BAND,False,True,0.0,78984.430141888,3121329.996990308,1.0,2845415.813049418,1398089.52050902,-0.008329727580013033,10051.628155543003,ACCUMULATING_PRE_EMA,0.0,,,,,-0.38116660702470057,-0.018989101364294887,-0.38116660702470057,-0.018989101364294887,,0.8419487854645316,-0.3758776008007773,1,0.029751383517878288,MINER_BURN_ONLY,216.417148328037,214.20996132872367,0.000747692072938122,0.025304735551206523,-0.08839634213429944,5F6tnxzA...,21216.25866154,,,ENTRY_REPEATED,False,1477264,0.9050178664141955,1,5FeNwZ5o...,0.0,0.35779438633433736,0.35779438633433736,0.5159547681179326,,COUNTER,788361.949163638,0.0,0.0,DIVERGENT,0.4086963160436147,0.16528966758597435,1295.967040512703,607572.56111436,0.19465181884011046,607571.159893335,0.1946513699221728,1.401221025036648,DORMITORY,True,True,1.946513699221728,0,,13594.322887922,0.004355298190524586,30.0
58,93,93,65,122,CookingTAO,2026-09-05,9001944,0.00466575,0.004676364595070481,-0.0022698390715024134,IN BAND,False,True,0.0,1440.704439778,668980.33195725,1.0,308783.01886152,46471.752995342,0.0003625880589275153,384.8010265462799,,0.0,,,0.07771270619461294,,0.09400003275925013,-0.027616375369946027,0.09400003275925013,-0.027616375369946027,,3.9283666117824487,3.552960328312989,1,0.3895021735401436,MINER_BURN_ONLY,2804.415649489034,2804.415649489034,0.0,0.002153582655506329,-0.5384273363325662,5F3uH1G4...,391153.460285874,,,,True,8238082,1.0,0,5CfPqfaz...,0.179995422293431,3.587225884468733,2.941541646531857,0.30224928279313923,,COUNTER,317165.828908363,4689.8056909,0.0,DIVERGENT,-0.8694915284520376,2.1639559971984834,1295.967040512703,116926.965378518,0.17478386103881752,116926.965378518,0.17478386103881752,0.0,FORTRESS,False,True,1.7478386103881827,0,,37329.2301134,0.055800190723373104,30.0
59,94,94,66,20,ChronoSeek,2026-09-05,9001944,0.002743868,0.002750934101641178,-0.0025686190145240368,IN BAND,False,True,0.0,7009.636277635,3282231.084708929,1.0,2554654.551249013,284609.51114221,-0.0009316292818717833,11535.033264302649,ACCUMULATING_PRE_EMA,0.0,,,,,0.7009459113783773,-0.03125153134337578,0.7009459113783773,-0.03125153134337578,,0.8006748861294918,-0.5220690285553522,1,0.3895021735390118,MINER_BURN_ONLY,2804.415649480885,2804.415649480885,0.0,0.002135631555709497,-0.22167117524986737,5CFVA7aP...,1248791.238568348,,,,False,1970929,1.0,240,5ED4s3B3...,0.179995422293431,1.2828549053575213,1.0519468949264947,0.4868382902748318,,COUNTER,1373517.000490848,0.0,0.0,DIVERGENT,-0.8694915284516584,2.1639559971921956,1295.967040512703,614803.870249773,0.1873127925434581,608762.065306927,0.18547203094352283,6041.804942846065,FORTRESS,True,True,1.8547203094352296,0,,9264.021896750004,0.0028224770461497063,30.0
60,95,95,67,37,Aurelius,2026-09-05,9001944,0.003770285,0.0037801300641149282,-0.002604424701781628,IN BAND,False,True,0.0,8467.824491939,3719071.481449713,1.0,2245936.958289605,354876.373219745,-0.0011818962588911177,-15761.530112897512,,0.0,,,,,1.029879462860914,-0.03168716720500981,1.029879462860914,-0.03168716720500981,,0.7066279884934054,2.231185968278602,1,0.3895021735372009,MINER_BURN_ONLY,2804.4156494678464,2804.4156494678464,0.0,0.0022768652160023014,-0.396102624602039,5GRBbS3a...,25624.75376863,0.047501539406756034,,,False,3212175,1.0,181,5DXeRqCF...,0.179995422293431,0.6899806420361165,0.565787284998533,0.11918205402105905,,COUNTER,1279982.239614623,0.0,0.0,DIVERGENT,-0.8694915284510516,2.1639559971821347,1295.967040512703,45507.151093348,0.012236159299527387,45507.151093348,0.012236159299527387,0.0,FORTRESS,True,True,0.12236159299527385,,,8802.603235279,0.0023668819701867364,30.0
61,96,96,68,116,Memo,2026-09-05,9001944,0.006354303,0.006376094650477171,-0.0034177112592799624,IN BAND,False,True,0.0,1479.478525814,671810.518700016,1.0,232830.957652743,107133.994816921,0.0001614247536338362,-208.95246217475506,DISTRIBUTING_PRE_EMA,0.0,,,0.02540400632985808,,-3.247052917110675,-0.04158215365457287,-3.247052917110675,-0.04158215365457287,,3.911817286048602,3.8670340845345823,1,0.38950217365430745,SKIN_IN_GAME,2804.4156503110135,2804.4156503110135,0.0,0.002202225902441746,-0.6534276218112757,5F48aA3P...,96222.084143099,1.9719699370409471,BUYBACK_JUSTIFIED,,True,8294730,1.0,0,5CXN6pP6...,0.179995422293431,11.197907660942894,9.182335542708632,0.0,,COUNTER,200498.088870906,1764.319155568,0.0,DIVERGENT,-0.8694915284902899,2.163955997832743,1295.967040512703,30.45052749,4.532606537468803e-05,30.45052749,4.532606537468803e-05,0.0,EXPOSED,False,True,0.0004532606537468803,,,36726.879924345005,0.054668509798586055,30.0
62,97,97,69,126,Poker44,2026-09-05,9001944,0.004239396,0.004253999562934041,-0.0034329018416655497,IN BAND,False,True,0.0,2416.510033319,1241929.606600858,1.0,570012.874326106,63727.099274825,-0.0001583244541660852,1062.1809593621874,ACCUMULATING_PRE_EMA,0.0,,,,,-1.0944578104341425,-0.04176697240693085,-1.0944578104341425,-0.04176697240693085,,2.1160619619921897,1.7042410857218266,1,0.38950217353861566,MINER_BURN_ONLY,2804.4156494780327,2804.4156494780327,0.0,0.001945770533591634,-0.5410264732071187,5DqrUa2z...,537518.280746105,,,,False,7525773,1.0,2,5G9hfkx9...,0.009994659342336155,1.2335048351226796,1.221176374498504,0.02232497100653116,,COUNTER,401118.383792828,5493.154491675,0.0,DIVERGENT,-0.8694915284515257,2.1639559971899947,1295.967040512703,171439.094523612,0.13804252158287628,1096.553699538,0.0008829435208805839,170342.540824074,EXPOSED,False,False,1.1452094230796994,0,,26047.58938589401,0.02097348291517573,30.0
63,98,98,70,83,CliqueAI,2026-09-05,9001944,0.009558893,0.009591899812221527,-0.0034411131129070847,IN BAND,False,True,0.0,8488.78164855,2779575.721838216,1.0,888050.618950462,152006.072003113,0.000950791968390149,2625.2436183466343,,0.0,,,0.09946674456865967,,-2.3282928236275677,-0.0418668762070362,-2.3282928236275677,-0.0418668762070362,,0.9454680364894056,0.552138268893768,1,0.0,,0.0,0.0,0.0019226367589837423,0.003053984671781533,-0.6805085409177054,5DqEjRLy...,939634.456370977,,,,False,5231190,0.0,198,5E2LP6En...,0.0,0.4333511346592033,0.4333511346592033,0.09975431475179687,,COUNTER,345172.824104195,26063.92679357,0.0,DIVERGENT,1.0,0.0,1295.967040512703,8057.340853611,0.0028987664521268885,8057.340853611,0.0028987664521268885,0.0,NEITHER,True,True,0.028987664521268885,,,14973.331819738998,0.005386912722721829,30.0
64,99,99,71,35,OxMarkets,2026-09-05,9001944,0.002392895,0.00240195426158607,-0.0037716211881936865,IN BAND,False,True,0.0,7082.576319446,2948186.722320328,1.0,2959834.80871109,793055.350898298,-0.005304274305624786,17451.877076925244,ACCUMULATING_PRE_EMA,0.0,,,,,0.2902903545898073,-0.04588805778968985,0.2902903545898073,-0.04588805778968985,,0.8913953719768707,-1.309726675268737,1,0.0,,0.0,0.0,1.5259021896696368e-05,0.002402349982049902,0.0039512732693671145,5EqZVDbW...,10479.71822966,,,,False,3037158,0.0,133,5FntQXN2...,,0.31557103685525284,0.31557103685525284,0.0074315972593123865,,COUNTER,266886.343998939,0.0,0.0,DIVERGENT,1.0,0.0,1295.967040512703,90150.11426027,0.03057815625372556,90150.11426027,0.03057815625372556,0.0,DORMITORY,True,True,0.3057815625372558,,,9002.505498531003,0.003053573720542948,30.0
65,100,100,72,110,Green Compute,2026-09-05,9001944,0.012665214,0.012713382253423333,-0.0037887835403016853,IN BAND,False,True,0.0,7242.712432935,2872026.970949933,1.0,571858.717928108,390183.082632139,0.0008840356011466324,-4929.307278505643,DISTRIBUTING_PRE_EMA,0.0,,,0.06980028929212191,,-2.8374665766567677,-0.046096866407003834,-2.8374665766567677,-0.046096866407003834,,0.9150331896537796,1.5011216166897015,1,0.0,,0.0,0.0,0.0,0.0025218121230036524,-0.8008867340888474,5D53sX6A...,1593801.432116627,0.11695817344370266,,,False,5606062,1.0,155,5FmpATto...,0.179995422293431,11.129522723477647,9.126259580940951,0.0,,COUNTER,653602.202903777,0.0,0.0,DIVERGENT,1.0,0.0,1295.967040512703,9205.92186508,0.0032053744474534332,9205.92186508,0.0032053744474534332,0.0,NEITHER,True,True,0.03205374447453434,,,16827.958527662002,0.005859262011768676,30.0
66,101,101,73,73,Parked,2026-09-05,9001944,0.003259651,0.003274232614785433,-0.004453444975041351,IN BAND,False,True,0.0,7017.452453257,3447559.750032023,1.0,2152823.15947377,576187.115887107,-0.0012004820451322843,16076.223047461826,ACCUMULATING_PRE_EMA,0.0,,,,,-0.1892683807407964,-0.05418358052966976,-0.1892683807407964,-0.05418358052966976,,0.762278304234057,-0.9758950010919414,1,0.3895021735399819,MINER_BURN_ONLY,2804.41564948787,2804.41564948787,0.0,0.0020354839254611377,-0.37555157731268235,5Fvs6HPW...,1438292.772278414,,,,False,5160047,1.0,0,5Dnkprjf...,0.179995422293431,1.1244321478820185,0.9220395085836849,0.5010072030277133,,COUNTER,1539654.863578786,0.0,0.0,DIVERGENT,-0.8694915284519834,2.1639559971975855,1295.967040512703,992062.8186251,0.28775797681704723,924011.648589362,0.26801903827215157,68051.17003573792,FORTRESS,True,True,2.6801903827215154,0,,9430.203274399002,0.0027353270017470787,30.0
67,102,102,74,69,Herald,2026-09-05,9001944,0.00822771,0.008276073029264808,-0.0058437170737611005,IN BAND,False,True,0.0,4269.54330461,1254349.462174676,1.0,518922.381313516,73498.938979386,0.0011393261345515797,1275.934781458287,,0.0,,,0.13847426982132086,,-1.3974355729153292,-0.07109855773076006,-1.3974355729153292,-0.07109855773076006,,2.095109918924679,1.6245362637423724,1,0.38950217368861356,MINER_BURN_ONLY,2804.4156505580177,2804.4156505580177,0.0,0.0034037909158169187,-0.5863015449235669,5HBPFVcJ...,508917.237217444,,,,True,8138182,1.0,0,5FWB5CFZ...,0.179995422293431,2.7116744854237718,2.2235854912975976,0.2807831408035891,,COUNTER,352379.69349946,4110.268380516,0.0,DIVERGENT,-0.8694915285017847,2.163955998023338,1295.967040512703,485.813350565,0.0003873030325398645,485.813350565,0.0003873030325398645,0.0,EXPOSED,False,True,0.0038730303253986446,,,25113.567720326995,0.02002118905268026,30.0
68,36,63,75,22,Desearch,2026-09-05,9001944,0.003271221,0.0032712414395064116,-6.248241467220671e-06,IN BAND,False,True,1.0104e-05,7848.712703231,3584939.380608038,1.0,2399321.650264952,266431.133589179,-0.0015173520545156394,6083.111183928326,ACCUMULATING_PRE_EMA,0.0,,,,0.003383142306772048,1.2755037808167766,-7.602027118451817e-05,1.200448778542167,-0.07513102254579432,-0.0750550022746098,0.7330667888599743,0.07843814458138185,1,0.20087402898767076,MINER_BURN_ONLY,1453.77849985403,1450.760509467214,0.0010223544670786566,0.002189357160594383,-0.3307217211572122,5DFuaMas...,1830559.718114414,,,,False,2009702,0.5178102278975989,131,5E2LP6En...,0.0,0.41126383749645257,0.41126383749645257,0.143570022432816,,COUNTER,1217923.026531133,0.0,0.0,DIVERGENT,-0.7459342528233832,1.11944244268224,1295.967040512703,763677.586285475,0.21302384927801718,763677.586285475,0.21302384927801718,0.0,FORTRESS,True,True,2.130238492780172,0,,9143.094062188002,0.0025504180382088498,30.0
69,103,103,76,112,parked,2026-09-05,9001944,0.003193994,0.0032143115531653166,-0.006320965727578215,IN BAND,False,True,0.0,4048.946971615,2205967.248199971,1.0,1267674.938475067,151911.16579064,-0.0010482548438311206,1821.996730179293,ACCUMULATING_PRE_EMA,0.0,,,,,-1.77753343160655,-0.07690508301886828,-1.77753343160655,-0.07690508301886828,,1.191314151261493,0.8311840757080926,1,0.3895021735370877,MINER_BURN_ONLY,2804.4156494670315,2804.4156494670315,0.0,0.001835451988201034,-0.4253426937555193,5GyUNPbb...,619692.209402312,,,,False,5633022,1.0,111,5CsvRJXu...,0.0899977111467155,2.2001035972973146,2.002099309254901,0.014299230863142474,,COUNTER,986198.170313998,0.0,0.0,DIVERGENT,-0.8694915284510137,2.163955997181506,1295.967040512703,109192.016768061,0.04949847594390157,109192.016768061,0.04949847594390157,0.0,FORTRESS,True,True,0.49498475943901565,,,16533.343996495005,0.007494827500265887,30.0
70,104,104,77,58,greevils,2026-09-05,9001944,0.009321896,0.009381928946822882,-0.006398785064686697,IN BAND,False,True,0.0,1048.703690142,473089.221651787,1.0,112498.969048771,21896.359152258,,-2130.27969815048,,,,,,,-2.6421874601511464,-0.07785188495368814,-2.6421874601511464,-0.07785188495368814,,5.554977538537784,7.049740765015456,1,0.0,,0.0,0.0,0.0,0.0022167144000458518,-0.7622034830633326,5CLUzEqe...,749201.926434752,0.0,,,True,8511017,0.0,1,5E2LP6En...,0.0,0.8004592923574626,0.8004592923574626,0.37087224562046023,,COUNTER,78931.873767343,0.045668707,0.0,DIVERGENT,1.0,0.0,1295.967040512703,32808.027617922,0.06934849942971233,32808.027617922,0.06934849942971233,0.0,DORMITORY,False,True,0.6934849942971233,,,45606.883103728025,0.09640228738353408,30.0
71,105,105,78,119,Satori,2026-09-05,9001944,0.002639227,0.002656349679455161,-0.006445943313710501,IN BAND,False,True,0.0,3317.559171181,1569816.132578934,1.0,1257018.81602475,71762.322877571,-0.0008647727937628405,13188.308204294182,ACCUMULATING_PRE_EMA,0.0,,,,,-1.405172640817767,-0.07842564365014443,-1.405172640817767,-0.07842564365014443,,1.6740814070260919,-1.4714885127716453,1,0.38950217366375406,MINER_BURN_ONLY,2804.415650379029,2804.415650379029,0.0,0.002113342513387749,-0.19925701222829686,5GbLENPL...,102453.67540895,,,ENTRY_REPEATED,False,5740660,1.0,0,5HMwvi1d...,0.179995422293431,11.16141632638496,9.152412481324504,0.06128490767587364,,COUNTER,847238.680277628,0.0,0.0,DIVERGENT,-0.8694915284934551,2.1639559978852256,1295.967040512703,20722.542632217,0.01320061770429985,20722.542632217,0.01320061770429985,0.0,FORTRESS,True,True,0.13200617704299852,,,17355.719182611992,0.01105589299435952,30.0
72,106,106,79,34,BitMind,2026-09-05,9001944,0.011996541,0.012089367024600506,-0.007678319668152669,IN BAND,False,True,0.0,34893.059105421,2674510.310458119,1.0,2908593.336491688,632052.683704072,-0.0033068888932364145,12604.437102436554,ACCUMULATING_PRE_EMA,0.0,,,,,-0.6277423678528673,-0.09341955596252413,-0.6277423678528673,-0.09341955596252413,,0.9826097845739273,-1.0675543086965644,1,0.0,,0.0,0.0,0.0011749446860456203,0.013046522561150322,0.08752369213345101,5DthmKBR...,2925087.424812664,,,ENTRY_PRE_EMA_PATTERN,False,3493948,0.834733722386874,135,5HjBSeeo...,0.179995422293431,0.6674111649620627,0.5472802104813654,0.9781026353135062,,COUNTER,359469.273754254,60087.382079041,1860.9703725760046,OK,0.23753957412017002,0.0,1295.967040512703,131890.85608536,0.049314020428198796,131890.85608536,0.049314020428198796,0.0,DORMITORY,True,True,0.49314020428198974,,,10585.500784699996,0.003957921098044597,30.0
73,107,107,80,46,Instant,2026-09-05,9001944,0.003531424,0.00355885224416852,-0.007707047746492833,IN BAND,False,True,0.0,8458.163777554,3302619.240996664,1.0,2395114.063047381,1441376.478240939,-0.006844200137852545,38718.1861502477,ACCUMULATING_PRE_EMA,0.0,,,,,-0.8585710127969046,-0.09376908091566279,-0.8585710127969046,-0.09376908091566279,,0.7957320563562521,-3.4901068044353276,1,0.38950217367499135,MINER_BURN_ONLY,2804.4156504599378,2804.4156504599378,0.0,0.0025610472053694865,-0.27478342861987504,5Ft9E2ov...,681149.443116999,,,,False,3919107,1.0,238,5CDnZ6oe...,0.179995422293431,1.9271586871545372,1.580278945433702,0.21829363202148602,,COUNTER,991155.529092912,28041.129768459,0.0,DIVERGENT,-0.8694915284972203,2.1639559979476566,1295.967040512703,169455.39627039,0.05130939533291515,169455.39627039,0.05130939533291515,0.0,FORTRESS,True,True,0.5130939533291543,,,9409.114654608997,0.002848985598403259,30.0
74,37,29,81,81,Reliquary,2026-09-05,9001944,0.006786919,0.006796202156692743,-0.0013659329841449314,IN BAND,False,False,0.001021779,18826.476217499,2581965.416761113,1.0,2773935.603157438,901544.513003007,-0.010295262693937652,6269.01601435896,ACCUMULATING_PRE_EMA,0.0,,,,0.1426307919218629,1.4156194346521052,-0.016618851307096665,1.3327184699365426,-0.09951981602265927,-0.0829009647155626,1.0178292795635637,0.2255317566374255,1,0.000915258909543737,MINER_BURN_ONLY,8.302690714015625,7.581976591790863,0.0002441443503471419,0.007291529195273048,0.07435040778784137,5GnpQR4N...,64802.016428439,,,,False,5203057,0.11773683969535553,161,5E2LP6En...,0.0,0.4661552000506782,0.4661552000506782,0.8200698905861348,,COUNTER,851985.013874777,0.0,0.0,DIVERGENT,0.9802547094255365,0.005850439366722879,1295.967040512703,513506.356455023,0.19888196531275745,508763.586069352,0.19704508153620384,4742.7703856709995,DORMITORY,True,True,1.9704508153620415,0,,11757.710382534997,0.0045537830623944555,30.0
75,108,108,82,100,Cortex,2026-09-05,9001944,0.005918003,0.0059692831709980965,-0.008590674881574153,IN BAND,False,True,0.0,3080.475630098,1953203.278426627,1.0,520526.156851389,372988.167742221,-0.001453934361040321,5708.075484803703,ACCUMULATING_PRE_EMA,0.0,,,,,14.15685153783098,-0.10451987772581886,14.15685153783098,-0.10451987772581886,,1.3454820750234175,0.2105245061804543,1,0.38950217353860755,MINER_BURN_ONLY,2804.4156494779745,2804.4156494779745,0.0,0.0015771403131062886,-0.733501265020263,5FX6kmhY...,1210054.780671441,,,,False,6693448,1.0,147,5E2LP6En...,0.0,0.9700742273674193,0.9700742273674193,0.356049623853631,,COUNTER,702733.12267582,1077.059572996,0.0,DIVERGENT,-0.869491528451523,2.16395599718995,1295.967040512703,274985.110822973,0.1407867342125716,274985.110822973,0.1407867342125716,0.0,FORTRESS,False,True,1.4078673421257166,0,,22783.073674011997,0.011664466226149566,30.0
76,109,109,83,16,trav,2026-09-05,9001944,0.001650586,0.0016661447007209063,-0.009338144948739708,IN BAND,False,True,0.0,431.649010038,416771.965278351,1.0,261512.541254011,51154.302002263,0.000900611716787907,922.2291950190847,,0.0,,,0.5456315010474504,,-6.782605134049274,-0.1136140968763331,-6.782605134049274,-0.1136140968763331,,6.3056064681433845,5.251831409585521,1,0.0,,0.0,0.0,0.0,0.0010356958864776642,-0.37252837084667856,5FkKY8WJ...,664625.381280836,,,,True,8460646,1.0,1,5E2LP6En...,0.0,0.9489512958716972,0.9489512958716972,0.4147160252693259,,COUNTER,63578.799840379,0.04568655,0.0,DIVERGENT,1.0,0.0,1295.967040512703,7333.737256624,0.017596522481366977,0.0,0.0,7333.737256624,NEITHER,False,False,0.13423771945481522,,,43260.388746697994,0.10379870133012792,30.0
77,110,110,84,2,DSperse,2026-09-05,9001944,0.003242151,0.00327918934635818,-0.011294970325307479,IN BAND,False,True,0.0,7958.260524604,3228415.850135399,1.0,2454623.584730351,706506.020066516,-0.002026472196230547,25064.181182572152,ACCUMULATING_PRE_EMA,0.0,,,,,2.949980390911738,-0.13742213895790764,2.949980390911738,-0.13742213895790764,,0.8140215269633813,-2.0496019508469887,1,0.3785887292198539,MINER_BURN_ONLY,2725.8388503829483,2725.8388503829483,0.0,0.0024650667367620044,-0.23968169996955588,5EcYQ3W7...,2911937282998827.0,,,,False,2734060,1.0,14,5CFxLBvp...,0.179995422293431,0.6929839888680436,0.5682500431491537,0.8728274304548853,,COUNTER,697263.273362889,0.0,0.0,DIVERGENT,-0.8656248816176563,2.1033242090050126,1295.967040512703,1144508.261830867,0.3545107925866696,1144508.261830867,0.3545107925866696,0.0,FORTRESS,True,True,3.545107925866696,0,,9742.850991036992,0.0030178426334477263,30.0
78,111,111,85,30,Endure Network,2026-09-05,9001944,0.003803652,0.003850591368973255,-0.012190171450410625,IN BAND,False,True,0.0,8993.483835227,3496303.613769169,1.0,2364433.533965991,409146.350746176,-0.0016359655505931488,29398.380673126783,ACCUMULATING_PRE_EMA,0.0,,,,,1.3366314970565214,-0.1483137526466626,1.3366314970565214,-0.1483137526466626,,0.7516509692265828,-2.3405368993410334,1,0.38950217354179284,MINER_BURN_ONLY,2804.4156495009083,2804.4156495009083,0.0,0.0025722834252176483,-0.32373323710537966,5HTogQKF...,648.004259137,,,,False,3250216,1.0,116,5E2LP6En...,0.0,0.3180030060963733,0.3180030060963733,0.6793328144790857,,COUNTER,780934.894048765,18187.150616168,0.0,DIVERGENT,-0.8694915284525903,2.1639559972076463,1295.967040512703,4962.596266974,0.0014193836734974236,4962.596266974,0.0014193836734974236,0.0,EXPOSED,True,True,0.014193836734974236,,UNDEFENDED_BURNER,8953.821251358004,0.002560939277726339,30.0
79,112,112,86,72,StreetVision by NATIX,2026-09-05,9001944,0.002477108,0.0025126407854259014,-0.014141609748597024,IN BAND,False,True,0.0,6674.935070153,2615566.524709879,1.0,2694647.638109477,235993.795072371,-0.000693472829379333,59262.97435101494,ACCUMULATING_PRE_EMA,0.0,,,,,0.8530318770935562,-0.17205625194126378,0.8530318770935562,-0.17205625194126378,,1.0047536452132488,-7.172627860347085,1,0.38950217353889055,MINER_BURN_ONLY,2804.415649480012,2804.415649480012,0.0,0.002552003555288425,0.030235078683862306,5FjP8fFb...,0.03984484,,,,False,5064327,1.0,228,5E2LP6En...,0.0,0.3948042562695098,0.3948042562695098,0.3314512437051732,,COUNTER,453974.519645106,0.0,0.0,DIVERGENT,-0.8694915284516178,2.163955997191522,1295.967040512703,422840.14831792,0.1616629301236457,416851.795784131,0.15937342516278327,5988.352533789002,FORTRESS,True,True,1.593734251627835,0,,9464.205432323002,0.0036184151092745693,30.0
80,38,58,87,1,Apex,2026-09-05,9001944,0.007271349,0.007277981843799353,-0.0009113575633613025,IN BAND,False,True,5.9037e-05,24219.311936042,2508363.816621128,1.0,3330786.401227435,834203.506595292,-0.002493990990679855,5695.959415614605,ACCUMULATING_PRE_EMA,0.0,,,,0.006406013366924536,-1.297375129542315,-0.011088183687562514,-1.4648590169889093,-0.1785720711341567,-0.1674838874465942,1.0476949087632859,0.17388990081351874,1,0.2532535252193656,MINER_BURN_ONLY,1838.275270918035,1838.230226285396,1.5259021896696368e-05,0.009655422301804065,0.32787221488118157,5HCFWvRq...,18415.658308461,,,,False,1497824,0.6608630634479812,52,5D1saVvs...,0.179995422293431,0.46309689641362684,0.3797415749808788,0.021104515420182816,,COUNTER,867034.189695331,0.0,0.0,DIVERGENT,-0.7997478816860759,1.4184235932097207,1295.967040512703,192837.392404277,0.07687776036573399,192824.591394465,0.0768726570351377,12.80100981198484,FORTRESS,True,True,0.7687265703513769,,,9607.025733497005,0.0038299969365839736,30.0
81,113,113,88,42,Unknown,2026-09-05,9001944,0.002498704,0.0025420719757676125,-0.017060089635942306,IN BAND,False,True,0.0,7391.043398359,2639634.461168819,1.0,2957950.232947072,366859.123883161,-0.0007519273179352004,61868.988662971184,ACCUMULATING_PRE_EMA,0.0,,,,,-0.4595375488334879,-0.2075644239039647,-0.4595375488334879,-0.2075644239039647,,0.9955923968488927,-7.454635755257326,1,0.3895021735784717,MINER_BURN_ONLY,2804.4156497649965,2804.4156497649965,0.0,0.0028000253471029005,0.12059105324316144,5EC5HHfL...,94401.939510425,,,,False,3613591,1.0,11,5Gbdb5s2...,0.179995422293431,11.413812245832206,9.359378290665704,0.0,,COUNTER,501343.351748471,0.0,0.0,DIVERGENT,-0.8694915284652122,2.163955997411423,1295.967040512703,5444.016612431,0.0020624130698840824,5444.016612431,0.0020624130698840824,0.0,EXPOSED,True,True,0.020624130698840823,,UNDEFENDED_BURNER,9384.685560592,0.0035552974090346206,30.0
82,114,114,89,115,MoirAI,2026-09-05,9001944,0.002784139,0.0028432568069547415,-0.02079228538559597,IN BAND,False,True,0.0,3668.722318551,1685770.673079604,1.0,1317722.243578445,158165.616702607,-0.0010310414951094963,15373.918176390696,ACCUMULATING_PRE_EMA,0.0,,,,,3.6246895280826874,-0.25297280552475093,3.6246895280826874,-0.25297280552475093,,1.5589309044029755,-1.8397085518649061,1,0.3895021738926395,MINER_BURN_ONLY,2804.4156520270044,2804.4156520270044,0.0,0.002176287900328041,-0.21832641964785487,5EkNnrTj...,101038.151748167,,,,False,5683635,1.0,0,5EhTo9AX...,0.179995422293431,11.300797497605792,9.26670567977169,0.059699670369918204,,COUNTER,928195.367482006,0.0,0.0,DIVERGENT,-0.8694915285701466,2.163955999156844,1295.967040512703,2942.008322496,0.0017452007971650572,2942.008322496,0.0017452007971650572,0.0,EXPOSED,True,True,0.01745200797165057,,UNDEFENDED_BURNER,17434.279819851,0.010342023442608395,30.0
83,115,115,90,65,True Performance Network,2026-09-05,9001944,0.002753404,0.0028236364014446735,-0.024873033018252645,IN BAND,False,True,0.0,6358.828467419,3510319.000638924,1.0,2309441.822976105,296962.705736653,-0.00012719120635281114,62668.625629418995,ACCUMULATING_PRE_EMA,0.0,,,,,-3.49064205139804,-0.3026219017220738,-3.49064205139804,-0.3026219017220738,,0.748649908889098,-5.729271051195759,1,0.3641881921447448,MINER_BURN_ONLY,2622.2904870639322,2622.155353166015,4.57770656900891e-05,0.001811467409731597,-0.3420989401731105,5GxEEHxL...,1569268.492957699,,,,False,4950813,0.956067264847708,0,5DAmVrUg...,0.179995422293431,0.9815742650684962,0.8048953907151281,0.4735918448320591,,COUNTER,1004233.083567273,0.0,0.0,DIVERGENT,-0.8051272406319302,2.0233194758785324,1295.967040512703,171794.150223016,0.048939754532778136,171794.150223016,0.048939754532778136,0.0,FORTRESS,True,True,0.4893975453277814,,,12282.612442837995,0.003499001783200444,30.0
84,116,116,91,63,Enigma,2026-09-05,9001944,0.007672452,0.00787246529944241,-0.025406691783903732,IN BAND,False,True,0.0,14903.260726388,3932827.609587944,1.0,1942437.727933857,1223583.329631568,-0.0023243817583002914,57581.45840346231,ACCUMULATING_PRE_EMA,0.0,,,,,-3.7419775759098166,-0.3091147500374954,-3.7419775759098166,-0.3091147500374954,,0.6682215090214302,-4.649799204235318,1,0.0,,0.0,0.0,0.00016784924086366004,0.003789451815801676,-0.5060963801661221,5CqTmNfg...,2356.036452403,,,ENTRY_PRE_EMA_PATTERN,False,4885578,0.0,141,5E2LP6En...,0.0,0.2774261832972183,0.2774261832972183,0.31582481306271937,,COUNTER,725439.396179942,0.0,0.0,DIVERGENT,1.0,0.0,1295.967040512703,72397.992373783,0.018408636116488304,72397.992373783,0.018408636116488304,0.0,DORMITORY,True,True,0.18408636116488308,,,8953.676008476,0.0022766510249896533,30.0
85,39,61,92,13,Data Universe,2026-09-05,9001944,0.005807131,0.005814870586618781,-0.0013309989454608636,IN BAND,False,True,1.4576e-05,20359.976789185,2470346.437780312,1.0,3506030.258660252,969551.27407009,-0.0029832593986156373,4851.68030503951,ACCUMULATING_PRE_EMA,0.0,,,,0.001881422970007883,-1.2869742363805907,-0.01619382050310717,-1.5799399454938428,-0.3091595296163593,-0.2929657091132521,1.0638184020704988,0.29484713208325997,1,0.27248957824835945,MINER_BURN_ONLY,1971.5343703679973,1966.8497285735364,0.0015869382772564222,0.008241749609613101,0.41924637305635104,5HBswBt1...,14807.809129849,,,,False,1907637,0.7033210557686723,72,5G9hfkx9...,0.009994659342336155,0.38928675937322055,0.3853959708268032,0.015458332697501947,,COUNTER,643404.065645579,0.0,0.0,DIVERGENT,-0.8113017015705306,1.5176695603272614,1295.967040512703,93697.039216446,0.037928704162091494,93697.039216446,0.037928704162091494,0.0,FORTRESS,True,True,0.3792870416209149,,,9525.338022785993,0.0038558713373598014,30.0
86,42,52,93,21,AdTAO,2026-09-05,9001944,0.003565329,0.00354161043651402,0.006697112489121171,IN BAND,False,False,0.000127307,7643.85363461,3756236.397223289,1.0,2143940.54477796,586605.716433798,-0.0017317969702688176,2315.449133043643,ACCUMULATING_PRE_EMA,0.0,,,,0.04376886476281539,-5.644811365182209,0.08148153528430759,-6.063344115698087,-0.33705121523157133,-0.4185327505158789,0.6996364770712217,0.4623016152786943,1,0.05657235620765474,MINER_BURN_ONLY,422.2705948119983,421.8651931182469,0.0001373311970702673,0.002034976723046649,-0.4292317138063138,5HjCYVfr...,1949524.634201448,,,,False,3156578,0.9819308366144737,178,5G7JTZwo...,,2.7771810869419715,2.7771810869419715,0.0,,COUNTER,830422.027100475,0.0,0.0,OK,-0.07722061488241816,0.3255215448622451,1295.967040512703,5839.628796876,0.0015546489036719867,5839.628796876,0.0015546489036719867,0.0,EXPOSED,True,True,0.01554648903671987,,UNDEFENDED_BURNER,9968.920140925997,0.0026539650561650725,30.0
87,40,6,94,4,Targon,2026-09-05,9001944,0.05737648,0.057555024744942784,-0.0031021573830262673,IN BAND,False,False,0.007688043,138946.884582757,3713393.680352366,1.0,2421669.725266773,2298881.458700201,-0.0046476622979413,3181.218049825169,ACCUMULATING_PRE_EMA,0.0,,,,0.14540935599003202,1.181978743423606,-0.03774291482681958,0.8777326476043762,-0.34198901064604936,-0.3042460958192298,0.7077084269046926,0.4496554518092618,1,0.014995789323951085,MINER_BURN_ONLY,122.5719997540582,122.43686585614105,4.57770656900891e-05,0.037417762979973686,-0.3478553759315022,5CXGPMnq...,,,,,False,1411451,0.04768662638100474,238,5CdBXrFk...,0.0,0.2795438186997957,0.2795438186997957,0.02365256668497833,,COUNTER,558416.035028615,0.0,0.0,DIVERGENT,0.7042899305369762,0.09447529298870384,1295.967040512703,183019.057563734,0.049286198372149766,183019.057563734,0.049286198372149766,0.0,DORMITORY,True,True,0.4928619837214976,,,11778.345754265001,0.003171854849806107,30.0
88,117,117,95,40,Ralph,2026-09-05,9001944,0.004947365,0.005095732165500522,-0.029115966201090342,IN BAND,False,True,0.0,2015.921121292,445497.27872719,1.0,407473.67219294,78741.631283295,-1.8552276038102824e-06,10050.409733826411,ACCUMULATING_PRE_EMA,0.0,,,,,-3.7547551039088893,-0.35424425544659915,-3.7547551039088893,-0.35424425544659915,,5.899025932343155,-2.616335935336038,1,0.0,,0.0,0.0,0.0,0.004525103109611795,-0.08535086665087463,5HeKCDfd...,759964.845207951,,,ENTRY_PRE_EMA_PATTERN,True,8409860,1.0,6,5E2LP6En...,0.0,0.8539387714494406,0.8539387714494406,0.24760422389061834,,COUNTER,22349.634720453,0.042920633,0.0,DIVERGENT,1.0,0.0,1295.967040512703,22427.898380107,0.050343513756548025,22427.898380107,0.050343513756548025,0.0,DORMITORY,False,True,0.5034351375654803,,,41409.38543584197,0.09295092790274913,30.0
89,118,118,96,47,Feval,2026-09-05,9001944,0.003160021,0.003258880926296115,-0.030335544173586745,IN BAND,False,True,0.0,1337.414704499,1492366.939173205,1.0,423229.629555292,46267.413644363,1.9567391779975152e-05,915.7885818752111,,0.0,,,0.006192171438093339,,-5.575517660527966,-0.36908245411197205,-5.575517660527966,-0.36908245411197205,,1.7609610150275465,1.449341288497897,1,0.3895021735387531,MINER_BURN_ONLY,2804.4156494790222,2804.4156494790222,0.0,0.0008961701505126808,-0.7164037357623,5GBmFsPk...,771153.501478482,,,,False,7340355,1.0,14,5GEjD3RL...,0.179995422293431,5.109242334757183,4.189602103113089,0.11663360292995575,,COUNTER,659353.979709905,52.790049364,0.0,DIVERGENT,-0.8638768985938851,2.1639559971907585,1295.967040512703,93629.22125347,0.06273873991428815,1082.01056104,0.0007250298385995143,92547.21069242999,EXPOSED,False,False,0.6626719829632122,,,23348.249369416,0.01564511297895094,30.0
90,119,119,97,70,SN70,2026-09-05,9001944,0.008338349,0.008602569112554193,-0.03071409355707492,IN BAND,False,True,0.0,658.826322444,198853.195668281,1.0,79011.596199194,11090.547787555,,706.173787123058,,,,,,,-4.823269077211111,-0.37368813827774483,-4.823269077211111,-0.37368813827774483,,13.2157795662682,11.60540618258652,1,0.389502173540277,MINER_BURN_ONLY,2804.4156494899944,2804.4156494899944,0.0,0.0033131291666191167,-0.602663648808761,5EP42hSo...,575387.134445306,,,,True,8825571,1.0,1,5E2LP6En...,0.0,2.036471974449123,2.036471974449123,0.9730674153874325,,COUNTER,70110.391237187,0.0,0.0,DIVERGENT,-0.8694915284520823,2.1639559971992246,1295.967040512703,0.0,0.0,0.0,0.0,0.0,EXPOSED,False,,,,,34301.876822267994,0.17249849421323368,30.0
91,41,42,9,89,InfiniteQuant,2026-09-05,9001944,0.003400447,0.003405547235161066,-0.0014976257291068878,IN BAND,False,False,0.000204357,6505.97593194,2871855.391902384,1.0,1913270.702432528,186868.523914125,0.00022740814707736934,3351.306549764471,,0.0,,0.0668759569190078,0.0668759569190078,0.08254721530146492,-1.1296881454156877,-0.018221113037467134,-1.5388204496798819,-0.42735341730166126,-0.4091323042641941,0.9150878583267216,0.49167951956565903,1,0.0,,0.0,0.0,0.0007782101167315147,0.0022654260205038704,-0.33378581683411906,5Dc5NmEU...,113268.143600957,,,,False,5313364,0.07835501801966893,232,5H8Vq6jZ...,,11.578501500936772,11.578501500936772,0.0,,COUNTER,601037.833009041,0.0,0.0,DIVERGENT,1.0,0.0,1295.967040512703,6094.632142656,0.0021221932552177615,6094.632142656,0.0021221932552177615,0.0,NEITHER,True,True,0.021221932552177615,,,12546.187381189999,0.00436866961218375,30.0
92,120,120,98,107,Minos,2026-09-05,9001944,0.052417247,0.054629886290058494,-0.04050235942850842,IN BAND,False,True,0.0,20929.454579041,1556618.013063468,1.0,399285.942965972,507902.952802595,0.001226016808458981,20961.324444059166,,0.0,,,0.023389568865739573,,-5.91373806521774,-0.4927787063801857,-5.91373806521774,-0.4927787063801857,,1.6882754651078604,-3.295413608529028,1,0.31511443855785987,MINER_BURN_ONLY,2269.2744039429817,2268.823957616591,0.00015259021896696368,0.013445466006044248,-0.74349156478889,5DA2vLrS...,1327375.120600586,,,ENTRY_REPEATED,False,7457580,0.8075085845097292,0,5E4WJ2tA...,0.179995422293431,1.2961943219006724,1.0628852775558135,0.7894463773423671,,COUNTER,399293.358403062,11728.725039684,0.0,DIVERGENT,-0.8146210001363672,1.7506802925474185,1295.967040512703,41164.694002343,0.026444955446281726,41164.694002343,0.026444955446281726,0.0,FORTRESS,False,True,0.26444955446281726,,,26245.498210904003,0.016860590068113194,30.0
93,121,121,99,90,KubeTEE,2026-09-05,9001944,0.027993743,0.029189914232119918,-0.040978922466434545,IN BAND,False,True,0.0,2053.028889937,253855.251804516,1.0,73338.847537805,59795.807034554,,2077.0892402145982,,,,,,,-13.882004912510844,-0.4985768900082869,-13.882004912510844,-0.4985768900082869,,10.35235623970356,3.9714587687661522,1,0.0,,0.0,0.0,1.5259021896696368e-05,0.008087399710437966,-0.7110997371649098,5C9y6fnL...,524714.689165537,,,,True,8618670,0.7242500076296273,0,5EKtGWqs...,0.179995422293431,2.3632453973894663,1.9378720441033421,0.42661600439479946,,COUNTER,0.0,88640.809445205,2024.5152286289958,OK,0.15310506940792776,0.0,1295.967040512703,54809.353993777,0.21590789871065394,54809.353993777,0.21590789871065394,0.0,DORMITORY,False,True,2.1590789871065397,0,,54153.004394181,0.21332237174231128,30.0
94,122,122,100,49,Nepher Robotics,2026-09-05,9001944,0.007760138,0.008099518483504653,-0.04190131600981342,IN BAND,False,True,0.0,4158.29091024,2216509.060377972,1.0,535852.762661062,147902.948407752,-3.683535129229573e-05,12856.617321120924,ACCUMULATING_PRE_EMA,0.0,,,,,-5.182443368023082,-0.5097993447860633,-5.182443368023082,-0.5097993447860633,,1.1856482100514663,-0.9890808107156834,1,0.38560071953686986,MINER_BURN_ONLY,2776.370225298102,2776.325180665463,1.5259021896696368e-05,0.0018760540999236447,-0.7582447502964967,5FL781vf...,1724246.158335089,,,ENTRY_REPEATED,False,6783158,0.9900051881466109,0,5DLYBBCd...,0.179995422293431,1.1001334536848988,0.9021144681097547,0.770544339147553,,COUNTER,759665.252610309,837.682351088,0.0,DIVERGENT,-0.868173200870319,2.1422807014961656,1295.967040512703,462097.602286592,0.20847990678088743,462097.602286592,0.20847990678088743,0.0,FORTRESS,False,True,2.0847990678088744,0,,17661.59342595799,0.007968202675853818,30.0
95,44,18,101,124,Swarm,2026-09-05,9001944,0.011530784,0.011501715518534184,0.0025273170266622625,IN BAND,False,False,0.001949161,13022.748653767,3536889.909477039,1.0,1129389.696508443,294928.857321922,-7.80977163950547e-05,-1456.4333312292583,,0.0,,,,0.3933420850073982,-0.3839326389832043,0.030749023824390858,-0.9545603803890141,-0.539878717581419,-0.5706277414058099,0.7430256714969603,0.963969826413208,1,0.0,,0.0,0.0,0.00016784924086366004,0.0036819773832577475,-0.6806828240596868,5HKYqfJr...,2282987.394193195,0.3559106468360169,BUYBACK_GAMING,,False,5813454,0.0,105,5HgiWPLV...,,0.34338603487348085,0.34338603487348085,0.0077063940180070204,,COUNTER,897004.632666029,6243.286010635,0.0,DIVERGENT,1.0,0.0,1295.967040512703,1000000.110795789,0.2827343051069543,1000000.110795789,0.2827343051069543,0.0,DORMITORY,True,True,2.8273430510695428,0,,13479.820092970991,0.0038112071446872106,30.0
96,43,44,102,117,glyph,2026-09-05,9001944,0.003337181,0.0033596246503293514,-0.0066804041121532425,IN BAND,False,False,0.000194118,3293.344021786,1874712.727000568,1.0,986864.082164887,228069.156703718,-0.0007537834211656891,4045.901967326761,ACCUMULATING_PRE_EMA,0.0,,,,0.1549009458548296,15.503438735996633,-0.08127825003119778,15.038053333884971,-0.5466636521428608,-0.465385402111663,1.4018147752187333,0.6202863479664926,1,0.0,,0.0,0.0,0.0,0.0017567192958972226,-0.4735918441651134,5HdThE9W...,2000788.607132471,,,,False,5710859,1.0,125,5EsLkLnu...,,9.159134204337207,9.159134204337207,0.0,,COUNTER,289424.602021989,152262.178789407,0.0,DIVERGENT,1.0,0.0,1295.967040512703,184995.455974437,0.09867936207507325,154144.143623114,0.0822228074750075,30851.312351322995,DORMITORY,True,True,0.822228074750075,,,18578.120616261996,0.009909849305811198,30.0
97,123,123,103,103,Capcomp,2026-09-05,9001944,0.012469123,0.013060411904007196,-0.04527337333256517,IN BAND,False,True,0.0,1058.234535989,271619.641876225,1.0,84868.398661161,28210.05356599,,3062.5875434680784,,,,,,,18.514797559743577,-0.5508260422128762,18.514797559743577,-0.5508260422128762,,9.675294400091873,5.139351935324202,1,0.007364142145516999,MINER_BURN_ONLY,53.11191271300049,53.0218234477224,3.0518043793392735e-05,0.003896016240501596,-0.6875468915896013,5H3SQ4du...,1088692.592584093,,,,True,8762380,0.9200250255596417,103,5H6VKx1U...,,0.9378968315333622,0.9378968315333622,0.019974669250606564,,COUNTER,58509.744898358,0.014698804,0.0,DIVERGENT,0.854885484390686,0.04091294129420622,1295.967040512703,0.0,0.0,0.0,0.0,0.0,NEITHER,False,,,,,55188.141296457005,0.20318170260163224,30.0
98,45,31,104,77,Liquidity,2026-09-05,9001944,0.005687471,0.005687538767233491,-1.191503676089059e-05,IN BAND,False,False,0.000842824,12206.112912664,3310243.499815486,1.0,2146140.518032919,409277.563477038,-0.006935415302332664,630.6781867477112,ACCUMULATING_PRE_EMA,0.0,,,,0.1814616567819858,-1.3276005782176896,-0.0001449662805908355,-1.9436287804394774,-0.6161731685023785,-0.6160282022217877,0.7938993008056615,0.7974898590037734,1,0.0,,0.0,0.0,9.15541313801782e-05,0.003687376144185276,-0.3516668227081464,5GxxsUeY...,2734096.009942476,1.6588128911938207,BUYBACK_GAMING,,False,5128460,0.31763036212974405,148,5C8dR6A6...,0.179995422293431,1.9218841430366227,1.575953795111697,0.0,,COUNTER,140886.89655137,14115.257752168,0.0,DIVERGENT,1.0,0.0,1295.967040512703,369577.913917543,0.11164674560591793,369577.913917543,0.11164674560591793,0.0,DORMITORY,True,True,1.1164674560591792,0,,11440.043339264996,0.0034559522101327796,30.0
99,124,124,105,94,pending...,2026-09-05,9001944,0.004001111,0.004230216145515442,-0.0541592054955211,IN BAND,False,True,0.0,2164.467830897,1804692.42841384,1.0,540966.721951832,113624.112375428,-7.290167659344193e-05,16917.98657406977,ACCUMULATING_PRE_EMA,0.0,,,,,5.438773006492973,-0.6589370001955067,5.438773006492973,-0.6589370001955067,,1.4562038154666457,-2.0281693232171087,1,0.38950217353791233,MINER_BURN_ONLY,2804.4156494729687,2804.4156494729687,0.0,0.0011993555227576202,-0.7002443764350401,5CnwnkkC...,726720.298097146,,,,False,6962737,1.0,0,5EeKtCKE...,0.179995422293431,2.024176025840081,1.6598336072727566,0.3652484434135026,,COUNTER,750897.554635859,0.075116968,0.0,DIVERGENT,-0.86949152845129,2.163955997186087,1295.967040512703,273.723032556,0.0001516729544859772,273.723032556,0.0001516729544859772,0.0,EXPOSED,False,True,0.001516729544859772,,,19641.301671873003,0.010883462113893787,30.0
100,46,37,106,80,OpenRoboto,2026-09-05,9001944,0.014892489,0.0149665093049407,-0.004945729390370612,IN BAND,False,False,0.000474691,3070.654214798,1973244.445656381,1.0,206188.113964908,231651.666877394,-0.0002903473733555673,1498.2578004338138,ACCUMULATING_PRE_EMA,0.0,,,,0.40626129180815784,5.2406677057670255,-0.06017304091617578,4.619248287053294,-0.6815924596299079,-0.6214194187137321,1.3318167476842033,1.02768071052189,1,0.2786060763922608,MINER_BURN_ONLY,2069.993081286986,2069.902992021708,3.0518043793392735e-05,0.0015561448666723985,-0.8955080734541824,5CG1eFia...,284136.277571556,,,,False,7151800,0.9047655379732349,0,5HTwtytU...,0.179995422293431,3.166453512647716,2.5965063754661726,0.12078253040545696,,COUNTER,253559.358702148,2501.379452446,0.0,DIVERGENT,-0.8110906340730788,1.5971879895979646,1295.967040512703,365208.517610662,0.18508022075753458,365208.517610662,0.18508022075753458,0.0,FORTRESS,False,True,1.8508022075753467,0,,21174.55417199202,0.01073083176217861,30.0
101,47,57,107,98,NeverPlayAlone,2026-09-05,9001944,0.002777909,0.002779317321255803,-0.0005067148126745481,IN BAND,False,True,9.3756e-05,5175.953031253,2900007.178219608,1.0,1863254.970759484,206175.337463642,-0.001032365332540136,634.0899675805122,ACCUMULATING_PRE_EMA,0.0,,,,0.04760297601470961,-1.0820359349587638,-0.0061650302208736685,-1.8262097430647848,-0.7503388383268945,-0.7441738081060209,0.9062046534703405,0.7917767841207305,1,0.0,,0.0,0.0,0.0,0.0017848069722471017,-0.3574998416985215,5EWzZCNs...,1642572.063621705,,,,False,5445992,1.0,153,5E2LP6En...,0.0,0.47403190735959533,0.47403190735959533,0.26299726855172206,,COUNTER,1255490.393926426,0.0,0.0,DIVERGENT,1.0,0.0,1295.967040512703,490889.49631419,0.16927182111858088,490889.49631419,0.16927182111858088,0.0,DORMITORY,True,True,1.692718211185812,0,,11830.763509559998,0.004079563526054174,30.0
102,48,13,6,68,NOVA,2026-09-05,9001944,0.022152034,0.022152199177071452,-7.4564638088892335e-06,IN BAND,False,False,0.003159705,44570.637631088,3693694.535083932,1.0,2012033.625425516,1679197.019227257,0.0020257665134935203,-2357.5404986839276,DISTRIBUTING_PRE_EMA,0.0,,0.09144832991379122,0.09144832991379122,0.18630437394075267,0.9680962062519121,-9.0720309674819e-05,0.17668856739934613,-0.7914983591622408,-0.7914076388525659,0.7114827647598867,0.9777120127933187,1,0.0,,0.0,0.0,0.0,0.012066682073393278,-0.45527882119568447,5EcdJLAe...,3129579.968318204,0.5077750333968554,BUYBACK_GAMING,,False,4972413,0.0,11,5E2LP6En...,0.0,0.17115861868488907,0.17115861868488907,0.06308753509949945,,COUNTER,682309.357738917,6247.123951755,0.0,DIVERGENT,1.0,0.0,1295.967040512703,570300.201747956,0.15439831213194705,570300.201747956,0.15439831213194705,0.0,DORMITORY,True,True,1.543983121319472,0,,17587.322026271006,0.004761444634693207,30.0
103,49,21,4,61,RedTeam,2026-09-05,9001944,0.012819854,0.012852108106017113,-0.002509635442765351,IN BAND,False,False,0.00175132,14607.149317797,4859928.033411355,1.0,1139416.218582309,622615.162087853,0.001606769924520486,-7123.595450808294,DISTRIBUTING_PRE_EMA,0.0,,0.12533449480161676,0.12533449480161676,0.31508331022484054,19.731247415840535,-0.030533897886978436,18.935345024923567,-0.8264362888039476,-0.7959023909169691,0.5407487481157852,1.1109857011418096,1,0.0,,0.0,0.0,0.000289921416037231,0.0030056307865826003,-0.7655487506657565,5ECEsYL8...,,,,,False,4457976,0.0,161,5Ft6tUwe...,,0.27437501960461885,0.27437501960461885,0.10963252350140398,,COUNTER,808370.14496251,0.0,0.0,DIVERGENT,1.0,0.0,1295.967040512703,1021287.884224886,0.2101446517733737,1021287.884224886,0.2101446517733737,0.0,DORMITORY,True,True,2.101446517733737,0,,20438.809558864,0.004205578646093095,30.0
104,50,1,1,51,lium.io,2026-09-05,9001944,0.0849696,0.08464257046580315,0.0038636531522750085,IN BAND,False,False,0.011924826,153737.501565746,4005231.610842948,1.0,1809323.619264957,1962557.520426518,0.015805744069074572,-6297.760618512053,DISTRIBUTING_PRE_EMA,0.0,,0.18601645846366902,0.18601645846366902,0.20384384036967115,0.9601050767287611,0.047007780019345934,-0.1236679732115622,-1.0367652699209773,-1.0837730499403233,0.6561418303214946,1.2876168903099945,1,0.0,,0.0,0.0,0.0005340657663843729,0.03838417262800693,-0.548259934988432,5FqACMtc...,216.588029224,0.0,,,False,3966206,0.7689007633587785,61,5FUY2npW...,,2.789598212379707,2.789598212379707,0.0,,COUNTER,1171146.945421614,47834.295633396,0.0,DIVERGENT,1.0,0.0,1295.967040512703,486652.508393575,0.12150421141092344,486652.508393575,0.12150421141092344,0.0,DORMITORY,True,True,1.2150421141092358,0,,11471.012086457999,0.0028640071788616963,30.0
105,51,54,108,128,ByteLeap,2026-09-05,9001944,0.002892135,0.00288915797136724,0.0010304139345317037,IN BAND,False,False,0.000108932,4086.019866152,2845109.787627378,1.0,1412803.636998209,91104.252478146,-0.00022424396803000932,-3021.3129863392096,,0.0,,,,0.07006165054933941,-0.6796316337565814,0.012536702870135728,-1.9099806751879682,-1.217812338561251,-1.2303490414313867,0.9236901898930121,1.3004106919807261,1,0.0,,0.0,0.0,9.15541313801782e-05,0.0014361554284903198,-0.5034272506330723,5GgMeLFN...,873018.936108421,0.25272211497540975,BUYBACK_GAMING,,False,5856038,1.0,96,5HQTcjYx...,,7.310196030235845,7.310196030235845,0.0,,COUNTER,186014.794503201,289.843039317,0.0,DIVERGENT,1.0,0.0,1295.967040512703,3774.579662507,0.0013266903368445177,3774.573941721,0.001326688326101022,0.005720785999983491,NEITHER,True,True,0.013266883261010219,,,12738.499484033999,0.004477331433546195,30.0
106,52,3,7,64,Chutes,2026-09-05,9001944,0.074509141,0.07440645690076053,0.0013800428553724074,IN BAND,False,False,0.010007147,206934.489258182,3341160.446782721,1.0,2777303.374858097,4977526.54256386,0.006078987608972017,-5205.245804620907,DISTRIBUTING_PRE_EMA,0.0,,0.08158713853608937,0.08158713853608937,0.1270874778306689,-0.812719555102811,0.016790521407030957,-2.1066846578993883,-1.2771745813895463,-1.2939651027965773,0.7865530679709083,1.4210525806272463,1,0.0,,0.0,0.0,0.00012207217517357094,0.06193491529490716,-0.16876084647241926,5FRYKhbm...,674651.962421917,0.2108071491536398,BUYBACK_GAMING,,False,4531295,0.19340119340119333,127,5CLbM842...,,19.585792212061563,19.585792212061563,0.0,,COUNTER,274207.517615115,0.0,0.0,DIVERGENT,1.0,0.0,1295.967040512703,755863.981734341,0.22622798089872623,755863.513949261,0.22622784089195688,0.46778507996350527,DORMITORY,True,True,2.2622784089195687,0,,10779.922169223002,0.0032264006296384936,30.0
107,53,70,109,101,Tag101,2026-09-05,9001944,0.004398541,0.004395223455503583,0.0007548067874143326,IN BAND,False,True,5.9e-08,3901.491837222,2451263.29155212,1.0,886996.800568152,165899.883223838,0.0003527464605012477,-2451.8433966943994,DISTRIBUTING_PRE_EMA,0.0,,,0.08019624245886255,3.974172097983998e-05,-0.6586083232107781,0.009183482580207713,-2.0443207920538424,-1.3765289862628565,-1.3857124688430642,1.0721002550223693,1.385752210564044,1,0.3500524722589794,SKIN_IN_GAME,2526.7631185670616,2520.411825364956,0.002151522087434188,0.0015916249595332565,-0.6381470675086905,5H8dNvi1...,1331422.349757026,0.3821544189351191,BUYBACK_JUSTIFIED,,False,5481350,0.9026516194146252,0,5H6Dezn7...,0.179995422293431,1.1944777626654135,0.9794772333543398,0.5753002395812669,,COUNTER,870236.566054356,6970.543419914,0.0,DIVERGENT,-0.8493543013066751,1.9448116708028662,1295.967040512703,13574.61335476,0.005537803059158393,13574.61335476,0.005537803059158393,0.0,FORTRESS,True,True,0.05537803059158392,,,15268.766563346997,0.006228937795449521,30.0
108,125,125,110,84,SN84,2026-09-05,9001944,0.002456795,0.0027992173563688993,-0.12232789125496289,IN BAND,False,True,0.0,1474.38295358,716992.15335979,1.0,600124.514919725,66696.043260413,-0.004139727322791386,45256.255490790936,ACCUMULATING_PRE_EMA,0.0,,,,,-8.718211718313075,-1.4883226769353817,-8.718211718313075,-1.4883226769353817,,3.6653120786403606,-19.10339659137037,1,0.0,,0.0,0.0,0.0002746623941405346,0.0020563446150297657,-0.1629970693404351,5G1hDNpP...,230846.36128147205,,,,False,8085297,0.6669108780927088,54,5FvdSQPG...,0.179995422293431,2.818454581291491,2.3111456587170736,1.0,,COUNTER,43139.508392942,47577.159553105,1176.1583319499987,OK,0.23732971668167147,0.0,1295.967040512703,660.436412233,0.0009211208367319329,660.436412233,0.0009211208367319329,0.0,NEITHER,False,True,0.009211208367319328,,,3124.117961446,0.004357255441090307,30.0
109,55,26,111,17,404—GEN,2026-09-05,9001944,0.009696089,0.009653003653511405,0.004463413465395499,IN BAND,False,False,0.001343704,26499.197732411,3167490.403849951,1.0,2732977.893856396,662600.717365345,-0.008483605846616416,-8064.004399389029,,0.0,,,,0.13325890646421137,-0.0757854618119297,0.054304863828978575,-1.7776428937667264,-1.647552568125818,-1.7018574319547966,0.8296789145140825,1.835116338419008,1,0.0,,0.0,0.0,0.0,0.008365991480259054,-0.13717876555598296,5E7a4a7Q...,1099501.635568702,0.0,,,False,2840556,1.0,251,5EhrAFV5...,0.01998931868467231,0.30567745483183917,0.299567170772486,0.43557149397222644,,COUNTER,340475.604612198,0.0,0.0,DIVERGENT,1.0,0.0,1295.967040512703,521458.027998824,0.16462813190057776,515720.436038477,0.16281673195020277,5737.591960347025,DORMITORY,True,True,1.6281673195020292,0,,14567.114274814001,0.004598945037720805,30.0
110,54,46,3,82,Compelle,2026-09-05,9001944,0.003163616,0.003217707620933652,-0.016810607832030585,IN BAND,False,False,0.000164736,1562.379494997,723442.574653227,1.0,493858.896428103,115130.15365328,0.0004909697292762227,3596.852588734415,,0.0,,0.15519258003380393,0.15519258003380393,0.2770941435075806,0.29910798871738326,-0.2045290619563721,-1.236270883838555,-1.7399079345123103,-1.5353788725559383,3.6326311058755403,1.812473016063519,1,0.0,,0.0,0.0,0.0,0.002159645491898105,-0.31734904239386036,5H6h1PUD...,380771.546413576,,,,False,8026517,0.0,5,5E2LP6En...,0.0,0.760756608512262,0.760756608512262,0.4466588332239704,,COUNTER,51466.221683119,7195.897335065,0.0,DIVERGENT,1.0,0.0,1295.967040512703,744.314271862,0.0010288505237872926,744.314271862,0.0010288505237872926,0.0,NEITHER,False,True,0.010288505237872924,,,35236.479956557996,0.04870667167113873,30.0
111,56,19,112,5,Hone,2026-09-05,9001944,0.01302883,0.012989577138796449,0.003021873674879935,IN BAND,False,False,0.00185845,33606.581739079,3126136.972448582,1.0,2579401.199857929,973607.885080809,-0.015845505017582865,-11933.115836950485,,0.0,,,,0.1453288715263978,1.6893851480871402,0.03676612971103921,-0.4568320679444333,-2.1094510863205342,-2.1462172160315736,0.8406541438079054,2.2915460875579714,1,0.0,,0.0,0.0,0.005188067444876765,0.010750194900371327,-0.17489176692217742,5GurNtB3...,,,,,False,2491604,0.0,1,5E2LP6En...,0.0,0.46224180698416895,0.46224180698416895,0.10903403021516862,,COUNTER,1488567.694632255,0.0,0.0,DIVERGENT,1.0,0.0,1295.967040512703,6649.821324041,0.002127168893317062,6649.821324041,0.002127168893317062,0.0,NEITHER,True,True,0.021271688933170618,,,11524.23630385,0.0036864143847233645,30.0
112,58,15,113,75,Hippius,2026-09-05,9001944,0.017924806,0.017813950311392546,0.006222970574727622,IN BAND,False,False,0.002641766,33592.289166601,3617481.205870031,1.0,1874067.091522254,1511290.262881577,-0.01292806119265099,-18391.896569249686,,0.0,,,,0.20667126951570225,0.7025582889797041,0.07571280865918606,-1.7570642661254605,-2.3839097464459784,-2.4596225551051645,0.7264723299005907,2.6662938246208667,1,0.0,,0.0,0.0,0.0010681315327687457,0.009286099154320776,-0.4819414416914317,5DAQpczE...,1536396.677945554,0.17669421020571757,,,False,5102795,0.0,0,5G1Qj93F...,0.0,0.2915808526821311,0.2915808526821311,0.4047611780863727,,COUNTER,784604.879643725,0.0,0.0,DIVERGENT,1.0,0.0,1295.967040512703,552610.226029208,0.1527610496310239,552609.767120331,0.15276092277234768,0.45890887710265815,DORMITORY,True,True,1.5276092277234767,0,,19855.508928779996,0.005488766298650223,30.0
113,57,35,5,96,Verathos,2026-09-05,9001944,0.00782544,0.007947204168885946,-0.015321635923569825,IN BAND,False,False,0.000681653,3401.997066244,821010.716839143,1.0,434735.592875435,87797.795018996,0.0007914143622985852,882.9097764648614,,0.0,,0.10113352888765172,0.10113352888765172,0.5265683800185609,4.063811745220257,-0.18641323707009952,1.679546787332964,-2.570678194957393,-2.3842649578872934,3.2009326383919694,2.910833337905854,1,0.14513367170174055,SKIN_IN_GAME,1137.7431127659802,1135.9863720930573,0.0005951018539711583,0.004143669499640086,-0.47048734644440615,5CGq1JQh...,706478.421113087,41.59437758608576,BUYBACK_GAMING,,False,7692872,0.4041315500183217,0,5GpKXttD...,0.179995422293431,1.4437793393672913,1.183905667479345,0.542781279089286,,COUNTER,252983.113447986,7897.141864024,0.0,DIVERGENT,-0.6056966087316495,0.8765549868024768,1295.967040512703,178517.092498301,0.21743576403677697,178517.092498301,0.21743576403677697,0.0,FORTRESS,False,True,2.174357640367775,0,,32922.81110068202,0.04010034269398269,30.0
114,61,12,114,28,SayGM,2026-09-05,9001944,0.023265326,0.022598604671657085,0.02950276523838254,IN BAND,False,False,0.003176168,23161.961104057,5008396.517061398,1.0,995557.126802518,6494942.616366203,-0.0018433106521580824,-37686.92351444217,,0.0,,,,0.36037404028530046,8.417023462699445,0.3589503104003209,5.4380409948202715,-2.620032157478853,-2.9789824678791743,0.5247188378650858,3.339356508164475,1,0.04751914293009231,,390.0625486189965,388.8463435377422,0.0004119935912108019,0.004624626070470741,-0.8012223825932746,5CA6rwAy...,2696555.32757535,0.08401515886651059,,,False,4878363,0.618336691701777,219,5FHBJCMk...,,3.350234372813853,3.350234372813853,0.0,,COUNTER,1393825.042515345,33762.848582854,0.0,OK,0.15906316333593132,0.30004338951699655,1295.967040512703,434350.620645056,0.08672448740138984,434344.502651163,0.08672326585396001,6.117993892985396,FORTRESS,True,True,0.8672326585396001,,,18293.949619838,0.003652656006272383,30.0
115,59,60,115,121,sundae_bar,2026-09-05,9001944,0.004626975,0.004619454964995384,0.001627905253238784,IN BAND,False,True,1.8752e-05,6323.621736958,2920235.92910438,1.0,1366685.938324589,551042.190674443,-0.0014768339828714987,-15548.369716934394,,0.0,,,,0.007793042982312607,2.1234581368985532,0.01980618058107187,-0.6907459624586569,-2.7943979187761383,-2.81420409935721,0.8999272880003203,2.821997142339523,1,0.24940068139778945,SKIN_IN_GAME,1803.007434247993,1802.962389615354,1.5259021896696368e-05,0.002165448919360916,-0.5319946791670765,5CXGaDJs...,1875792.152981548,0.7759920991317311,BUYBACK_GAMING,,False,5766528,1.0,0,5EL9y2gd...,0.179995422293431,0.7621003764170572,0.6249257973338862,0.7262059178098915,,COUNTER,1288203.542465429,0.0,0.0,DIVERGENT,-0.7931968432476122,1.3912100641865677,1295.967040512703,202885.709556554,0.06947579390230224,202885.709556554,0.06947579390230224,0.0,FORTRESS,True,True,0.6947579390230224,,,12358.693735436,0.00423208741878138,30.0
116,63,68,116,10,Pareton,2026-09-05,9001944,0.007031686,0.006987470667809248,0.0063278021894887385,IN BAND,False,True,2.76e-07,17281.624391544,3415168.170883656,1.0,2457678.596376526,957434.410674557,0.0019830543029549486,-20970.015624547377,DISTRIBUTING_PRE_EMA,0.0,,,0.28201690219883946,4.197105454710075e-05,-1.6303858005493337,0.07698825997211298,-4.626325275479433,-2.9189512149579864,-2.995939474930099,0.7695082258043004,2.995981445984646,1,0.3532899639516832,SKIN_IN_GAME,2543.8327596440213,2543.7877150113823,1.5259021896696368e-05,0.005060255755157285,-0.28036380532957733,5HK5714c...,981768.862977635,4.033238746134408,BUYBACK_GAMING,,False,2869647,0.9082766197698905,201,5GKbzKzG...,0.179995422293431,1.3018595454795108,1.0675307868241921,0.27796429116435223,,COUNTER,788604.105403259,0.0,0.0,DIVERGENT,-0.8560233532559194,1.9628490814126134,1295.967040512703,65708.470686064,0.019240185958122904,20508.315494206,0.006005067530510389,45200.155191858,FORTRESS,True,True,0.060050675305105175,,,20021.267238947,0.005862454273742721,30.0
117,62,25,117,14,Cacheon,2026-09-05,9001944,0.009725792,0.009692304069176316,0.003455105265442845,IN BAND,False,False,0.001364423,25650.909156474,3179704.940140271,1.0,2637410.740694553,2658848.89025464,-0.012349965626037119,-19285.124319801107,,0.0,,,,0.1397885596228471,1.3052193912207057,0.042037114062887945,-1.6900258277662865,-2.953208104924104,-2.9952452189869923,0.8264917813047354,3.1350337786098392,1,0.0,,0.0,0.0,3.0518043793392735e-05,0.008067072146430801,-0.170548563404317,5CKhH8nK...,1742328.019481096,0.8181849364530401,BUYBACK_GAMING,,False,4848444,0.0,75,5G1CLuQ8...,0.0,0.4499522237800312,0.4499522237800312,0.004593175853018373,,COUNTER,1226319.247799996,526.080568229,0.0,DIVERGENT,1.0,0.0,1295.967040512703,53386.403552248,0.016789735072051334,53386.403552248,0.016789735072051334,0.0,DORMITORY,True,True,0.16789735072051373,,,9661.489254309003,0.003038486097355559,30.0
118,64,14,118,93,Bitcast,2026-09-05,9001944,0.018974546,0.018871022388339043,0.0054858507149525716,IN BAND,False,False,0.003027648,23454.351252705,3768748.170634874,1.0,1236095.502882426,989622.057897761,-0.0033716791650470626,-26829.57186422893,,0.0,,,,0.3392402057201371,4.963215829234352,0.06674451703192295,1.9052430330969181,-2.991228279105511,-3.057972796137434,0.6973137713144929,3.3972130018575712,1,0.031116303563036615,MINER_BURN_ONLY,259.8452810267918,259.7551917615137,3.0518043793392735e-05,0.006223379804322117,-0.672014297242099,5EbY1Seb...,2302841.580560005,0.0,,,False,5370681,0.9484534509331177,158,5HVydkt4...,0.179995422293431,0.9157127210442424,0.7508886231204172,0.0,,COUNTER,1086581.920619608,0.0,0.0,DIVERGENT,0.38654858939642744,0.20043348606979297,1295.967040512703,427930.957620956,0.11354724121799516,427930.957620956,0.11354724121799516,0.0,DORMITORY,True,True,1.1354724121799515,0,,19873.186501177996,0.00527315320668672,30.0
119,60,45,119,99,Thirty Spokes,2026-09-05,9001944,0.003219388,0.0032848448026925325,-0.019926908765637446,IN BAND,False,False,0.000178217,701.55915639,363545.475115494,1.0,217916.923182489,30854.391687812,,3706.8519062075356,,,,,,0.6675905684276175,-4.899841285878275,-0.24244405664858892,-7.778679114803571,-3.1212818855738846,-2.878837828925296,7.228806792781883,3.5464283973529134,1,0.0,,0.0,0.0,1.5259021896696368e-05,0.0019297700134133788,-0.400578615123937,5DebFXsw...,1076048.817207192,,,ENTRY_REPEATED,True,8572056,1.0,117,5HRKZBXm...,0.179995422293431,19.836955620856656,16.26639441686451,0.0,,COUNTER,71855.770976887,0.012273672,0.0,DIVERGENT,1.0,0.0,1295.967040512703,0.0,0.0,0.0,0.0,0.0,NEITHER,False,,,,,50714.23556437499,0.13949901466457174,30.0
120,65,24,120,19,blockmachine,2026-09-05,9001944,0.010401558,0.010296570835635066,0.010196323226523854,IN BAND,False,False,0.001442012,32647.670082993,2759161.345439786,1.0,3138728.615391469,1673494.897247335,-0.008205630128196056,-28248.386946699116,,0.0,,,,0.1160758953507712,0.3435325177336912,0.12405526592270688,-4.369791546446399,-4.589268798257383,-4.713324064180091,0.9524633288819577,4.829399959530861,1,0.0,,0.0,0.0,0.00021362630655374915,0.011832461387932806,0.13756625574099635,5FWh37Lf...,1286869.263454152,0.6136286815597066,BUYBACK_GAMING,,False,1956072,0.10236412753163115,124,5HQLnZYK...,,0.4411645879695672,0.4411645879695672,0.009201751842639362,,COUNTER,1006514.180053119,0.0,0.0,DIVERGENT,1.0,0.0,1295.967040512703,169492.989899939,0.06142916947574275,169492.989899939,0.06142916947574275,0.0,DORMITORY,True,True,0.6142916947574275,,,21850.379460039,0.007919210486241514,30.0
121,66,43,121,55,NIOME,2026-09-05,9001944,0.003526882,0.0034329737536609173,0.027354781328851982,IN BAND,False,False,0.000195037,7528.831479804,3293293.847443345,1.0,2134698.831639824,554830.39954751,-0.002858824195392448,-47321.3289628285,,0.0,,,,0.06807925471235857,9.654499905694257,0.3328165061676991,3.6004461185713685,-5.721237280955189,-6.054053787122888,0.7979852760603713,6.122133041835247,1,0.007579183966685066,,57.9031779190409,57.587865490567566,0.00010681315327687457,0.002286109842779075,-0.3518042727885211,5GeWUxaF...,1283206.180718675,0.19323115072967706,,,False,4703386,0.02012879990233185,142,5E2LP6En...,0.0,0.29993299759819136,0.29993299759819136,0.5978025331909049,,COUNTER,320701.317235434,0.0,0.0,DIVERGENT,0.902201583820445,0.04443621148558299,1295.967040512703,14841.866940702,0.004506693792970846,14841.866940702,0.004506693792970846,0.0,NEITHER,True,True,0.045066937929708464,,,13728.624410506001,0.00416866063171491,30.0
122,67,38,122,56,Gradients,2026-09-05,9001944,0.016522768,0.016229874920099974,0.01804653956619786,IN BAND,False,False,0.000399612,51624.671671368,2796850.784569763,1.0,3124456.478736224,2840852.712058168,-0.009019599530651996,-40153.90075774817,,0.0,,,,0.0203426056185932,2.1521299847928765,0.21956623138874062,-4.086273049898235,-6.018836803302372,-6.238403034691112,0.9396282470622624,6.258745640309705,1,2.5078680742132367,MINER_BURN_ONLY,18493.45101469301,18493.360925427733,3.0518043793392735e-05,0.018458142978589175,0.1171338227704447,5EJ1zbdw...,16246.698297186,7.40931132139391e-05,,,False,4312927,0.7487220179146384,101,5E2LP6En...,0.0,0.3830127858520124,0.3830127858520124,0.10068824489920493,,COUNTER,841047.343861356,0.0,0.0,DIVERGENT,-0.9795488211468879,14.269931523961825,1295.967040512703,264724.185506575,0.09465080760370177,264724.185506575,0.09465080760370177,0.0,FORTRESS,True,True,0.9465080760370177,,,13201.108615811,0.004719990315050616,30.0
123,68,22,123,62,Ridges,2026-09-05,9001944,0.011675562,0.011501002823933959,0.015177735258248797,IN BAND,False,False,0.001741366,31105.942833138,2751101.227340097,1.0,2664192.348964594,4375980.221419575,-0.02595581615076601,-43283.839410263114,,0.0,,,,0.1471201137528207,3.9993701359715077,0.18466244564202702,-2.7664065865941376,-6.581114276923619,-6.765776722565645,0.9552538357670257,6.912896836318466,1,0.0007058105904297064,MINER_BURN_ONLY,6.1100414309767075,5.839773635142421,9.15541313801782e-05,0.01130672420338847,-0.03159058181623553,5DhsVYew...,1956.447973493,0.02674113078158026,,,False,4474225,0.10360298493796638,165,5HbsMWHU...,,19.398042743777346,19.398042743777346,0.0,,COUNTER,185937.184163893,170778.551517578,0.0,DIVERGENT,0.9855099149921283,0.004506112773386678,1295.967040512703,148447.957590465,0.053959467617988,148447.957590465,0.053959467617988,0.0,DORMITORY,True,True,0.5395946761798817,,,11363.935324,0.004130685999870395,30.0
124,69,65,124,23,Trishool,2026-09-05,9001944,0.004448715,0.004510944709181786,-0.013795271987067492,IN BAND,False,True,1.083e-06,7624.522238017,4221119.945379902,1.0,1713870.402059554,597255.952152386,3.250270980840306e-05,-89538.30745890457,DISTRIBUTING_PRE_EMA,0.0,,,0.007306089468172959,0.0003732855530027578,3.1209992113627942,-0.16784247584265446,-5.404815246062584,-8.693656933268032,-8.525814457425378,0.6225835877694964,8.526187742978381,1,0.3115186482053473,MINER_BURN_ONLY,2243.52567479806,2243.480630165421,1.5259021896696368e-05,0.0018062794558496706,-0.5939772595345688,5CqTRwoF...,1434237.829671143,0.015269795819436348,,,False,2063528,1.0,188,5HKsvivb...,0.0899977111467155,0.8866691367828354,0.8068709439279462,0.38027438233453886,,COUNTER,1145589.169203438,0.055431535,0.0,DIVERGENT,-0.8270664371950129,1.731124758603327,1295.967040512703,931699.631791726,0.22072332552679283,931699.631791726,0.22072332552679283,0.0,FORTRESS,True,True,2.2072332552679295,0,,10554.226528674,0.0025003379826308435,30.0
125,70,50,125,54,Yanez,2026-09-05,9001944,0.004755793,0.0044015145394951105,0.08049012614315446,IN BAND,False,False,0.000136422,8685.904965095,3971069.907409028,1.0,1826384.171832169,870927.671792232,-0.0018134332739084883,-187809.50079030404,,0.0,,,,0.04127572399660475,5.137842281380678,0.9792965347417125,-13.649103203059582,-17.807648949698546,-18.78694548444026,0.6617863853509116,18.828221208436865,1,0.11559707337731487,SKIN_IN_GAME,858.0342347649857,856.0072262962286,0.0006866559853513365,0.0021872959095706837,-0.5400775623390918,5FUfruyV...,3569467.596643986,0.5148631236118841,BUYBACK_GAMING,,False,4742549,0.30429073140937546,59,5DUB7kNL...,0.01998931868467231,0.3413835254313242,0.3345595013477805,0.8268884480390661,,COUNTER,584985.105974052,0.0,0.0,DIVERGENT,-0.5121710557772974,0.6605162010583078,1295.967040512703,644081.425659809,0.16219342410923399,644081.425659809,0.16219342410923399,0.0,FORTRESS,True,True,1.6219342410923399,0,,10514.25452141301,0.0026477132779244273,30.0
126,126,126,126,36,SN36,2026-09-05,9001944,0.005281295,0.0,,N/A,False,True,0.0,503.143267211,0.0,0.0,95268.915526717,1.994240421,,,,,,,,,0.0,,0,,,,,,,,,,0.0,,,5DCjvVt6...,382165.041531099,,,,True,8884359,1.0,0,5EFY7fKV...,,0.0,0.0,0.0,,,0.0,0.0,,NO_ESTIMATE,,,,0.0,,0.0,,0.0,,False,,,,,0.0,,30.0
127,127,127,127,59,SN59,2026-09-05,9001944,0.005121077,0.0,,N/A,False,True,0.0,530.274704661,0.0,0.0,103547.483500943,1.213992187,,,,,,,,,0.006659885046886574,,0.006659885046886574,,,,,,,,,,0.0,,,5GzrQ2fe...,531260.461063695,,,,True,8938771,1.0,0,5FKjMupT...,,0.0,0.0,0.0,,,0.0,0.0,,NO_ESTIMATE,,,,0.0,,0.0,,0.0,,False,,,,,0.0,,30.0
128,128,128,128,86,SN86,2026-09-05,9001944,0.005989978,0.0,,N/A,False,True,0.0,709.206653217,0.0,0.0,118398.856999575,2.080993178,,,,,,,,,0.0,,0,,,,,,,,,,0.0,,,5F4XAWGz...,286876.213411317,,,,True,8693284,1.0,0,5F1N5GEH...,,0.0,0.0,0.0,,,0.0,0.0,,NO_ESTIMATE,,,,0.0,,0.0,,0.0,,False,,,,,0.0,,30.0
