combined_apy_rank,real_apy_rank,emission_rank,epr_rank,netuid,name,date,block,spot_price,moving_price,momentum_30d,ema_band,ema_lag_flag,low_emission,tao_emission,tao_reserves,alpha_outstanding,alpha_out_emission,alpha_in_pool,volume,ema_tao_inflow,pool_growth_real,pool_ema_divergence,flow_momentum,flow_price_divergence,emission_price_ratio,emission_price_ratio_raw,emission_apy,price_apy_7d,price_apy_30d,combined_apy_7d,combined_apy_30d,real_apy,gross_emission_rate,net_supply_delta,supply_days_gap,supply_defence,supply_defence_quality,burned_tokens,manual_burn,miner_burn_rate,liquidation_price,liquidation_haircut,owner_coldkey,owner_stake,owner_inflow_pct,owner_inflow_flag,large_entry_anomaly,immune,registered_at,vali_miner_share,best_validator_uid,best_validator_hotkey,best_validator_take,best_validator_raw_apy,best_validator_apy,best_validator_div_pct,best_validator_trust,burned_source,alpha_burned_cum,alpha_recycled_cum,recycled_tokens,recon_flag,recon_gap_relative,burn_coverage,owner_cut_emission,total_locked_alpha,locked_float_ratio,owner_locked_alpha,owner_lock_ratio,community_locked_alpha,commitment_class,gate_eligible,leader_is_owner,leader_pct_of_threshold,leader_blocks_to_threshold,governance_flag,basket_alpha,basket_share,ema_halving_days
1,1,14,10,53,engy,2026-09-07,9017107,0.023048435,0.02495078812353313,-0.07624420976661919,IN BAND,False,False,0.003179634,30550.84657897,4598008.448016394,1.0,1325506.373042061,1465980.26798897,-0.0011223092088040443,127105.78150931932,ACCUMULATING_PRE_EMA,0.0,,,,0.27351380035903805,-12.53258411892,-0.9276378854938668,-3.116032462295774,8.488913771130358,9.416551656624225,0.5715517989388935,-9.143037856265186,1,0.10301677850455272,MINER_BURN_ONLY,845.2157678710064,844.0446074223912,0.00039673456931410556,0.00664436503855268,-0.7117216401654741,5H8SFVCx...,1769812.059102802,,,ENTRY_PRE_EMA_PATTERN,False,4203869,0.7602772138179487,20,5E1y7CXe...,0.0,0.25318261872358977,0.25318261872358977,0.01489439628860945,,COUNTER,526171.923754839,0.0,0.0,DIVERGENT,-1.0,0.6512855505094289,1295.967040512703,121290.207759966,0.02637885709242036,107157.228458343,0.023305139533741227,14132.979301622996,FORTRESS,True,True,0.23305139533741226,,,17918.78390169099,0.0038970750280855294,30.0
2,2,43,11,88,Investing,2026-09-07,9017107,0.003268017,0.0033347755670547485,-0.020018908532938983,IN BAND,False,False,0.000150081,6389.818097967,3230187.309201994,1.0,1955258.091696199,714496.365457973,-0.0006446650318909965,83363.41146795801,ACCUMULATING_PRE_EMA,0.0,,,,0.061725210632441525,-8.220302563341008,-0.24356338715075762,0.138184930560465,8.114924106750715,8.358487493901473,0.8135751114226369,-8.29676228326903,1,0.0,,0.0,0.0,0.000747692072938122,0.001978157142703152,-0.39469190561029754,5FhMsGJS...,2968623.454304077,,,ENTRY_PRE_EMA_PATTERN,False,5299805,0.35908438444858437,153,5E2LP6En...,0.0,0.2770231240353943,0.2770231240353943,0.10325199529979093,,COUNTER,175269.313011837,0.0,0.0,OK,0.0,0.0,1295.967040512703,1137349.061176878,0.35210003393204337,1137349.061176878,0.35210003393204337,0.0,DORMITORY,True,True,3.5210003393204343,0,,10228.223057713994,0.0031664489017637926,30.0
3,3,60,12,123,MANTIS,2026-09-07,9017107,0.002551689,0.002643136540427804,-0.03459811441031441,IN BAND,False,True,1.1085e-05,5932.696518252,1978740.991528766,1.0,2325007.384732528,548957.848884307,-0.0026115959502149458,53601.8619258604,ACCUMULATING_PRE_EMA,0.0,,,,0.0049103101617244405,-1.5237571311013909,-0.4209437253254919,6.728665494597843,7.831478900373742,8.252422625699234,1.3281172276972033,-8.24751231553751,1,0.15653419064211857,MINER_BURN_ONLY,1137.3926939179655,1131.9422933686408,0.0018463416495002605,0.002998217828230478,0.17499343698643446,5HVuEdEG...,1654646.957058401,,,,False,5794330,0.3818601522609839,158,5Dszzjqs...,0.179995422293431,8.122855528669469,6.660778717558077,0.0,,COUNTER,294860.931434826,8560.983387542,0.0,DIVERGENT,-1.0,0.8734344763280617,1295.967040512703,350656.879907587,0.17721211690099528,350656.879907587,0.17721211690099528,0.0,FORTRESS,True,True,1.772121169009953,0,,11628.367041701005,0.005876649390437393,30.0
4,4,19,13,118,Ditto,2026-09-07,9017107,0.008189969,0.008688562083989382,-0.05738499410715508,IN BAND,False,False,0.001989034,6490.606314702,2162784.77081479,1.0,792506.862960732,754103.968303012,-0.0019519015973399523,52622.00684373465,ACCUMULATING_PRE_EMA,0.0,,,,0.8053456177367913,-9.29872393984465,-0.6981840949703868,-1.4064757252818074,7.194064119592457,7.892248214562843,1.2151001040246592,-7.086902596826052,1,0.0,,0.0,0.0,3.0518043793392735e-05,0.0030010412512090985,-0.6335711098284867,5HGXqHbQ...,1483925.359277585,,,ENTRY_PRE_EMA_PATTERN,False,5724794,0.6628568812659271,28,5DPQjF6B...,0.0,0.4406801516716843,0.4406801516716843,0.08500053411466679,,COUNTER,320927.826926128,1788.13704218,0.0,OK,0.0,0.0,1295.967040512703,111241.008143186,0.05143415546674021,86728.038741831,0.04010017081318627,24512.969401355003,DORMITORY,True,True,0.4010017081318627,,,24025.947969168,0.011108802083952467,30.0
5,5,41,2,82,Compelle,2026-09-07,9017107,0.003203289,0.0034122508950531483,-0.061238725252028614,IN BAND,False,False,0.000163894,1574.422238273,741654.126700197,1.0,491501.879237329,115990.609275504,0.0004909697292762227,23271.052610358223,,0.0,,0.15327050705578632,0.15327050705578632,0.2735691998815096,-1.9746751620145866,-0.7450711572330148,5.552378244590109,6.781982249371682,7.527053406604696,3.5434306982051367,-7.253484206723186,1,0.0,,0.0,0.0,0.0,0.002122852393848322,-0.3372897687819231,5H6h1PUD...,391890.152457844,,,,False,8026517,0.0,5,5E2LP6En...,0.0,0.7495034999116538,0.7495034999116538,0.4413874137825795,,COUNTER,51466.221683119,7195.897335065,0.0,OK,0.0,0.0,1295.967040512703,744.314271862,0.0010035867732222279,744.314271862,0.0010035867732222279,0.0,NEITHER,False,True,0.010035867732222278,,,35730.955181248995,0.048177383358230436,30.0
6,6,38,14,85,Vidaio,2026-09-07,9017107,0.004831101,0.005010535009205341,-0.03581134726644673,IN BAND,False,False,0.000301264,12314.027371807,2601873.671241877,1.0,2548907.026407934,1410481.042814016,-0.006693889346863315,59906.62244280614,ACCUMULATING_PRE_EMA,0.0,,,,0.06429430178242491,-0.4327778771239529,-0.4357047250751019,6.725437861381672,6.722511013430523,7.158215738505625,1.0100413517561952,-7.0939214367232,1,0.3936071756381765,MINER_BURN_ONLY,3011.05660723499,3010.696250173878,0.00012207217517357094,0.00473275374892798,-0.02035710929496616,5GTPBjA4...,2976713.956164707,,,,False,5258781,0.4133563263998047,0,5FR392L6...,0.179995422293431,0.4342244687889589,0.35606605215914944,0.99961851863155,,COUNTER,501279.103313149,0.0,0.0,DIVERGENT,-1.0,2.323127175350697,1295.967040512703,143874.406841709,0.05529646132782364,143874.406841709,0.05529646132782364,0.0,FORTRESS,True,True,0.5529646132782365,,,15854.238648546007,0.0060933929359371095,30.0
7,7,47,15,55,NIOME,2026-09-07,9017107,0.003247665,0.0032597831450402737,-0.0037174696908018126,IN BAND,False,False,0.000127194,7226.976587901,3218143.583063989,1.0,2225283.606073464,556867.625938021,-0.002858824195392448,62953.575377984904,ACCUMULATING_PRE_EMA,0.0,,,,0.04625251347286902,1.5902026774653921,-0.04522921457142205,7.763809827685689,6.128377935648875,6.173607150220297,0.8166198717267568,-6.1273546367474285,1,0.008712146388029352,MINER_BURN_ONLY,65.36433807999128,65.1841595494351,6.103608758678547e-05,0.0022456973722161295,-0.3085193909420677,5GeWUxaF...,1263996.317956947,,,,False,4703386,0.020051578642169443,142,5E2LP6En...,0.0,0.3061913999014994,0.3061913999014994,0.594994658934839,,COUNTER,320827.525641846,0.0,0.0,DIVERGENT,-1.0,0.05029769856156782,1295.967040512703,14841.866940702,0.0046119343520934775,14841.866940702,0.0046119343520934775,0.0,NEITHER,True,True,0.046119343520934775,,,13772.118254676,0.004279522618926651,30.0
8,8,24,16,62,Ridges,2026-09-07,9017107,0.011005743,0.011322768172249198,-0.027998910463095945,IN BAND,False,False,0.00163508,30225.905376044,2686335.297568756,1.0,2746375.720428437,4378773.920678864,-0.02595581615076601,54006.54429568816,ACCUMULATING_PRE_EMA,0.0,,,,0.14216249890749824,0.9329130798384117,-0.34065341063433396,7.082765340175383,5.8091988497026374,6.149852260336972,0.978284431723191,-6.007689761429473,1,0.0,,0.0,0.0,9.15541313801782e-05,0.011251724758037348,0.02235030911019342,5DhsVYew...,4427.978754133,,,,False,4474225,0.36785240122693774,148,5E2LP6En...,0.0,0.3324504916946375,0.3324504916946375,0.607657912005738,,COUNTER,185969.142896574,170778.551517578,0.0,OK,0.0,0.0,1295.967040512703,148395.336818535,0.055240809646077645,148395.336818535,0.055240809646077645,0.0,DORMITORY,True,True,0.5524080964607774,,,12427.504140761996,0.004626192475678445,30.0
9,9,46,6,18,Zeus,2026-09-07,9017107,0.004033433,0.004111430142074823,-0.018970805627129536,IN BAND,False,False,0.000139966,10157.971143215,3162963.586064933,1.0,2518442.862367129,873195.682548769,0.00033872464815844845,58430.70643022237,,0.0,,0.08397924253568818,0.08397924253568818,0.036211034941331946,-5.6421249205063955,-0.23081146846340936,0.088047932972243,5.499361385015229,5.7301728534786385,0.8308663468584268,-5.693961818537306,1,0.042618916944209106,MINER_BURN_ONLY,318.31539398396853,317.5045905964657,0.0002746623941405346,0.0032115359114369725,-0.2037711023247511,5GgvCi6h...,2134026.147339544,,,,False,1604679,0.203550223606087,84,5DCSySUE...,0.179995422293431,0.41739381207041815,0.34226483660413826,0.6232107431710667,,COUNTER,337951.025999101,30745.295806132,0.0,DIVERGENT,-1.0,0.24499434065148473,1295.967040512703,472285.796249436,0.14931749398892397,375000.0,0.11855969561336,97285.79624943598,DORMITORY,True,True,1.1855969561335997,0,,13296.111150280007,0.004203687708849598,30.0
10,11,67,17,65,True Performance Network,2026-09-07,9017107,0.002619455,0.002670592162758112,-0.019148248643588772,IN BAND,False,True,2.54e-07,6202.228090476,3467169.883853679,1.0,2367754.822294984,298189.249220541,-0.00012719120635281114,55486.011269755196,ACCUMULATING_PRE_EMA,0.0,,,,0.00010762454883350974,-5.146895271624657,-0.2329703584969967,-0.20323692887322498,4.710687984254435,4.943658342751432,0.7579668975086502,-4.943550718202598,1,0.3382041660404515,MINER_BURN_ONLY,2435.442000822979,2435.306866925062,4.57770656900891e-05,0.0017888445903269,-0.31709283407162947,5GxEEHxL...,1547307.717540443,,,ENTRY_PRE_EMA_PATTERN,False,4950813,0.7500305194408838,0,5DAmVrUg...,0.179995422293431,0.8576132570140919,0.7032467966533956,0.4816030033421338,,COUNTER,1009400.42102457,0.0,0.0,DIVERGENT,-1.0,1.8791425945227895,1295.967040512703,171794.150223016,0.0495488124256752,171794.150223016,0.0495488124256752,0.0,FORTRESS,True,True,0.495488124256752,,,13336.406766991,0.003846482062819458,30.0
11,10,57,18,108,Prometheon,2026-09-07,9017107,0.0025646,0.002638402860611677,-0.027972551771175226,IN BAND,False,True,6.0462e-05,1783.959541093,1656250.80000442,1.0,695609.218983092,56121.475759386,0.0005111478403079943,30634.198390667094,,0.0,,,0.19930899177571326,0.08906823968813127,-5.141619447631427,-0.34033271321596525,-0.13808548678092158,4.66320124763454,5.003533960850506,1.5867162147139713,-4.914465721162374,1,0.0,,0.0,0.0,7.629510948348184e-05,0.0010771071271864377,-0.5800096985157772,5GpmtjiG...,1392335.264003996,,,ENTRY_PRE_EMA_PATTERN,False,7105263,0.8724706241416145,155,5HdiFDND...,0.179995422293431,19.898689401848053,16.317016399876593,0.0,,COUNTER,479696.11117097,0.238163524,0.0,OK,0.0,0.0,1295.967040512703,485926.721534954,0.2933895769491294,485926.721534954,0.2933895769491294,0.0,DORMITORY,False,True,2.933895769491298,0,,19718.417593714,0.011905453928632894,30.0
12,12,12,19,91,cascade,2026-09-07,9017107,0.008914292,0.009626556653529406,-0.07398955609618375,IN BAND,False,False,0.003281938,4073.250512229,1169904.745464033,1.0,456934.870247314,168570.385226264,-0.00013977869327964234,19627.85540757235,ACCUMULATING_PRE_EMA,0.0,,,,2.117457062389268,8.662509639256351,-0.9002062658369023,13.596260328527945,4.033544423434692,4.933750689271594,2.2463367297118073,-2.816293626882326,1,0.0,,0.0,0.0,1.5259021896585345e-05,0.003481694153324747,-0.6094256107692291,5HEe7NjS...,388463.388123409,,,,False,7633645,0.0,1,5E2LP6En...,0.0,0.7332907702790156,0.7332907702790156,0.5489684428981262,,COUNTER,399376.775480423,9542.545852108,0.0,OK,0.0,0.0,1295.967040512703,61393.443283177,0.05247730084112601,61393.443283177,0.05247730084112601,0.0,DORMITORY,False,True,0.524773008411261,,,31918.418446900985,0.027282920742612092,30.0
13,13,58,20,60,Bitsec.ai,2026-09-07,9017107,0.004346847,0.004479917930439115,-0.029703876835545318,IN BAND,False,True,3.1751e-05,7263.311206724,3939650.07307144,1.0,1670937.553236408,933594.389786057,0.00042835187573598795,54740.876562058926,,0.0,,,0.0985431223449981,0.011488097594214887,-10.438451508758746,-0.36139716816580136,-6.141718981994856,3.9353353585980884,4.29673252676389,0.6670643207535313,-4.2852444291696745,1,0.22385981301350813,MINER_BURN_ONLY,1623.6090602310142,1623.5640155983751,1.5259021896696368e-05,0.0018436437429736896,-0.5758664284770802,5CXLwkK1...,124409.811679054,,,ENTRY_REPEATED,False,4796992,1.0,113,5CXLwkK1...,0.179995422293431,4.330390015771596,3.5509396361875303,0.0,,COUNTER,667442.26208081,0.0,0.0,DIVERGENT,-1.0,1.2527818724124882,1295.967040512703,1061358.415086351,0.2694042352494754,1061358.415086351,0.2694042352494754,0.0,FORTRESS,True,True,2.694042352494755,0,,9471.437732700004,0.0024041317266829884,30.0
14,14,36,21,33,ReadyAI,2026-09-07,9017107,0.00457909,0.004608713556081057,-0.006427727764067513,IN BAND,False,False,0.000502764,14420.371894456,2154175.266617483,1.0,3149177.983359287,901908.136261459,-0.0054386194078304825,29878.414795863442,ACCUMULATING_PRE_EMA,0.0,,,,0.09162480702095957,-3.7969333504459284,-0.07820402112948807,0.02615555933978575,3.7448848886562263,3.823088909785714,1.219956444921273,-3.7314641027647544,1,0.0,,0.0,0.0,0.0018921187151903496,0.006694149783410649,0.461895220100642,5HinUfk5...,39442.881361821,,,,False,2943950,0.0,209,5E2LP6En...,0.0,0.5032540721650681,0.5032540721650681,0.4140419947506561,,COUNTER,584226.582883127,0.0,0.0,DIVERGENT,1.0,0.0,1295.967040512703,138809.800536348,0.06443756118057614,138808.045342108,0.06443674639346611,1.755194239987759,DORMITORY,True,True,0.644367463934661,,,12576.395388978004,0.00583814863343299,30.0
15,15,61,22,22,Desearch,2026-09-07,9017107,0.00315255,0.003190849209204316,-0.012002826424338158,IN BAND,False,True,6.797e-06,7705.154443231,3555360.113439019,1.0,2444101.577541433,267120.604198444,-0.0015173520545156394,45022.71955500776,ACCUMULATING_PRE_EMA,0.0,,,,0.0023182554135163726,0.29109738852938905,-0.14603438816278091,4.0652447399316065,3.628112963239437,3.7741473514022177,0.7391656305268035,-3.7718290959887013,1,0.23317942288033788,MINER_BURN_ONLY,1685.3498896940146,1682.5120778377545,0.0009613183794918712,0.0021671938136747504,-0.3125584642036604,5DFuaMas...,1823873.643228429,,,,False,2009702,0.5243921065493646,131,5E2LP6En...,0.0,0.41062244474599796,0.41062244474599796,0.13497840650704268,,COUNTER,1221131.374704521,0.0,0.0,DIVERGENT,-1.0,1.2982676451186048,1295.967040512703,763677.586285475,0.21479612807682286,763677.586285475,0.21479612807682286,0.0,FORTRESS,True,True,2.1479612807682287,0,,9257.758733782995,0.0026038877746277513,30.0
16,16,25,23,19,blockmachine,2026-09-07,9017107,0.010220435,0.010306298267096281,-0.00833114517657681,IN BAND,False,False,0.001411674,32383.759656726,2746621.263233691,1.0,3168530.205896016,1674456.433698784,-0.008205630128196056,33896.714087354485,ACCUMULATING_PRE_EMA,0.0,,,,0.11455986924697516,-2.049095638151487,-0.10136226631501785,1.3481072367131448,3.295840608549614,3.397202874864632,0.9568119329659474,-3.2826430056176568,1,0.0,,0.0,0.0,0.0002288853284504455,0.011790398658240742,0.15361025809965448,5FWh37Lf...,1275694.144952346,,,ENTRY_REPEATED,False,1956072,0.06231684981684982,124,5HQLnZYK...,,0.4417501596800165,0.4417501596800165,0.008850907981077369,,COUNTER,1006514.180053119,0.0,0.0,OK,0.0,0.0,1295.967040512703,169492.989899939,0.061709632911087685,169492.989899939,0.061709632911087685,0.0,DORMITORY,True,True,0.6170963291108769,,,23806.998912097,0.008667739972298987,30.0
17,19,8,24,80,OpenRoboto,2026-09-07,9017107,0.014538928,0.014255663612857461,0.019870305222905015,IN BAND,False,False,0.004384494,3046.079617946,1985918.700255884,1.0,209511.986155596,236499.991685167,-0.0002903473733555673,2582.818696122413,ACCUMULATING_PRE_EMA,0.0,,,,3.7827147275190716,-3.162994952083726,0.241755380212011,-0.4731557273578839,2.931594604937853,2.689839224725842,1.323317011749466,1.0928755027932295,1,0.20339883858523405,MINER_BURN_ONLY,1906.1579258650017,1906.1128812323627,1.5259021896696368e-05,0.0015338390325613607,-0.8945012292129544,5CG1eFia...,287391.416313492,,,,False,7151800,0.4250007629627369,1,5E2LP6En...,0.0,0.48056954892909376,0.48056954892909376,0.4824813062719365,,COUNTER,257607.34770837,2501.379452446,0.0,DIVERGENT,-0.548812675792949,1.4708035171004636,1295.967040512703,360995.952797988,0.1817778103159379,360995.952797988,0.1817778103159379,0.0,FORTRESS,False,True,1.8177781031593834,0,,21640.168573136012,0.010896804874412882,30.0
18,17,63,25,74,Gittensor,2026-09-07,9017107,0.003562297,0.0035880091600120068,-0.007166135554659748,IN BAND,False,True,3.546e-06,6260.393605617,3414322.230387523,1.0,1757403.294250177,352092.066703569,-0.0012658894502273344,32808.51717831567,ACCUMULATING_PRE_EMA,0.0,,,,0.0014885466612896087,-1.0892767717311158,-0.08718798258169361,1.7805616311935335,2.782650420342956,2.8698384029246493,0.7696988809699207,-2.8683498562633596,1,0.0,,0.0,0.0,9.155413138028923e-05,0.0018335684751425614,-0.4852847825033787,5D1VXeeS...,216.588029224,,,,False,5086205,0.7283798013093439,195,5E2LP6En...,0.0,0.29928929466022997,0.29928929466022997,0.07469747142573743,,COUNTER,531791.422968235,143365.700202659,2083.5505482930166,DIVERGENT,-0.30752865562707854,0.0,1295.967040512703,378229.609193408,0.11077736185154359,378229.609193408,0.11077736185154359,0.0,DORMITORY,True,True,1.1077736185154359,0,,12380.76794568,0.003626127562153029,30.0
19,18,35,9,67,Harnyx,2026-09-07,9017107,0.00485154,0.004967855755239725,-0.023413674021642884,IN BAND,False,False,0.000656965,3082.377295908,917925.35606901,1.0,635339.989151611,68045.308960425,0.00015566218436049352,13858.676006336464,,0.0,,0.03208510789573899,0.03208510789573899,0.5601209242917844,-6.017185237874967,-0.28486636726332176,-3.2900963122985374,2.4422225583131083,2.72708892557643,2.862977890984881,-2.1669680012846455,1,0.004440042906054492,MINER_BURN_ONLY,40.216141290962696,36.29725825136555,0.001327534905012584,0.003357982515166806,-0.3078522458504297,5HEAv3TU...,1031132.656433284,,,ENTRY_PRE_EMA_PATTERN,False,7236936,0.0,246,5HGnF3Wr...,0.0,0.7202945489700501,0.7202945489700501,0.007614832900961392,,COUNTER,278538.216530544,6279.314248273,0.0,DIVERGENT,-1.0,0.02800785599995339,1295.967040512703,522.283347221,0.0005689823728779691,522.283347221,0.0005689823728779691,0.0,NEITHER,False,True,0.005689823728779691,,,29556.948065321998,0.03219972938965191,30.0
20,20,62,26,71,Leadpoet,2026-09-07,9017107,0.00428292,0.004452822031453252,-0.03815603458955254,IN BAND,False,True,3.583e-06,5210.472270338,4445747.180097785,1.0,1216570.061517252,1390269.43687508,-0.0022417272015353455,39106.19770334079,ACCUMULATING_PRE_EMA,0.0,,,,0.001807153653538047,-2.8062164075550076,-0.4642317541728892,-0.25864755121019023,2.083337102171928,2.5475688563448173,0.591126731579504,-2.545761702691279,1,0.3195380417470988,MINER_BURN_ONLY,2303.499806195963,2302.5989135431823,0.00030518043793392735,0.0011720127257041628,-0.7263519454708091,5DwHzMhB...,2306641.398103226,,,ENTRY_REPEATED,False,5048438,0.7096542776463406,0,5FNVgRnr...,0.0,0.5814003411228053,0.5814003411228053,0.5352194347799548,,COUNTER,950499.63917212,0.0,0.0,DIVERGENT,-1.0,1.7767418781207902,1295.967040512703,63565.086413894,0.014297953491025073,63565.086413894,0.014297953491025073,0.0,FORTRESS,True,True,0.14297953491025073,,,12566.010144725997,0.0028265237845687854,30.0
21,21,2,27,15,ORO,2026-09-07,9017107,0.031553393,0.03197798761539161,-0.013277715298984217,IN BAND,False,False,0.010159451,14724.568161366,1529548.08459415,1.0,466655.817185877,531933.100861375,-0.0009198017926109515,10912.671800721786,ACCUMULATING_PRE_EMA,0.0,,,,1.8132305773185493,-3.4748159896577757,-0.1615455361376413,-1.2822649999105322,2.0310054536096023,2.1925509897472435,1.7181545493532575,-0.3793204124286942,1,0.0,,0.0,0.0,0.0005645838101777656,0.009626744206131325,-0.6949062116352644,5EHdase3...,216.588029224,,,,False,7366897,0.0,76,5DWsubqY...,0.0,0.6312669483863536,0.6312669483863536,0.02423391527286046,,COUNTER,354654.991781899,2797.563389807,0.0,DIVERGENT,1.0,0.0,1295.967040512703,1010.651574802,0.0006607517507827589,1010.651574802,0.0006607517507827589,0.0,NEITHER,False,True,0.006607517507827588,,,24091.90262975001,0.015750993952009393,30.0
22,27,17,28,56,Gradients,2026-09-07,9017107,0.016488138,0.01646281755529344,0.00153803834741624,IN BAND,False,False,0.002269653,51604.62793343,2808727.721569634,1.0,3129803.243387361,2846687.624035486,-0.009019599530651996,22133.488273035735,ACCUMULATING_PRE_EMA,0.0,,,,0.11558358858229535,1.810630243075094,0.018712799893564253,3.6292846870093634,1.837367243827834,1.8186544439342696,0.9356549514637055,-1.7030708553519742,1,0.0,,0.0,0.0,0.00019836728465705278,0.018372954963605793,0.11431351215072275,5EJ1zbdw...,16266.540073466,,,,False,4312927,0.47495497695430544,50,5G9hfkx9...,0.009994659342336155,0.39042108408954806,0.38651895835400746,0.0408209980161758,,COUNTER,841047.343861356,0.0,0.0,OK,0.0,0.0,1295.967040512703,264724.185506575,0.09425056885137877,264724.185506575,0.09425056885137877,0.0,DORMITORY,True,True,0.9425056885137877,,,15263.100506487997,0.005434168783707643,30.0
23,22,15,29,28,SayGM,2026-09-07,9017107,0.020963311,0.021550319623202085,-0.02723897526652394,IN BAND,False,False,0.002851467,22030.291888917,4970251.709377711,1.0,1050897.554861666,6504545.335459711,-0.0018433106521580824,33973.8500002533,ACCUMULATING_PRE_EMA,0.0,,,,0.340152337235709,5.983455419015368,-0.3314075324093746,8.152134289849577,1.8372713384248354,2.16867887083421,0.5287458570843755,-1.8285265335985008,1,0.04546984211293182,MINER_BURN_ONLY,373.08526765415445,371.9141072055392,0.00039673456931410556,0.004432429819872292,-0.7885625119108192,5CA6rwAy...,2702490.891434754,,,,False,4878363,0.3323970752110398,219,5FHBJCMk...,,0.9702948540875964,0.9702948540875964,0.0,,COUNTER,1394807.931618418,33762.848582854,0.0,DIVERGENT,-1.0,0.28697806007350674,1295.967040512703,434350.522215039,0.0873900453362393,434344.502651163,0.08738883421772298,6.019563875976019,FORTRESS,True,True,0.8738883421772297,,,20813.24317185299,0.004187563203807814,30.0
24,24,59,30,13,Data Universe,2026-09-07,9017107,0.005737667,0.0057727922685444355,-0.0060846236813042204,IN BAND,False,True,1.1137e-05,20238.018056945,2464346.032497143,1.0,3527220.699551824,969687.14271099,-0.0029832593986156373,20650.06359143043,ACCUMULATING_PRE_EMA,0.0,,,,0.0014461908235108136,-1.18061967157688,-0.07402958812253468,0.7007194585809375,1.807309542035283,1.8813391301578175,1.066408680171033,-1.8798929393343067,1,0.31462076373223474,MINER_BURN_ONLY,2281.378120575915,2269.6665160897624,0.003967345693141167,0.008212328053799182,0.43130091965936357,5HBswBt1...,17529.339910489,,,ENTRY_PRE_EMA_PATTERN,False,1907637,0.7048793565683646,247,5E2LP6En...,0.0,0.3906345162978744,0.3906345162978744,0.1562490462383641,,COUNTER,647757.481408377,0.0,0.0,DIVERGENT,-1.0,1.7513304313602374,1295.967040512703,93697.039216446,0.038021056288715264,93697.039216446,0.038021056288715264,0.0,FORTRESS,True,True,0.3802105628871526,,,9795.630786479998,0.003974941285560455,30.0
25,23,18,31,38,ChronoLLM,2026-09-07,9017107,0.007349259,0.0074456378351897,-0.01294433563961337,IN BAND,False,False,0.002233593,4629.110551157,1541244.541324906,1.0,629874.588198611,191226.157463654,-0.0014355570088288021,13146.206116289715,ACCUMULATING_PRE_EMA,0.0,,,,1.2680367727517072,0.17401563273240403,-0.15748941694862933,2.1194474821841305,1.787942432503097,1.9454318494517264,1.705115528091916,-0.6773950767000193,1,0.0,,0.0,0.0,0.0,0.0030034886917929713,-0.5913208812217706,5GeWgtBA...,1555833.289119513,,,ENTRY_PRE_EMA_PATTERN,False,7284230,1.0,4,5E2LP6En...,0.0,0.6313027768558985,0.6313027768558985,0.09831837880730025,,COUNTER,485297.062238848,10641.406258159,0.0,OK,0.0,0.0,1295.967040512703,31524.151162266,0.020453698499504024,31524.151162266,0.020453698499504024,0.0,DORMITORY,False,True,0.20453698499504472,,,21911.942286589005,0.014217044537106848,30.0
26,25,30,32,102,ConnitoAI,2026-09-07,9017107,0.007413794,0.007546768058091402,-0.017620000650322352,IN BAND,False,False,0.001027805,3790.446571084,951017.014777195,1.0,511269.448841943,227935.950778632,-9.995717380745074e-05,11624.281429287163,ACCUMULATING_PRE_EMA,0.0,,,,0.7125998188724084,-4.328612176173761,-0.21437667457892193,-2.45034965889333,1.6638858427015089,1.8782625172804308,2.763357499566598,-1.1656626984080225,1,0.09942602219559839,MINER_BURN_ONLY,815.291188393021,815.1110098624648,6.103608758678547e-05,0.0039856769250043635,-0.46239713094208396,5HBc11rC...,946238.555400097,,,,False,7840965,0.2501564145213716,0,5EEinUEy...,0.179995422293431,0.9881517734697921,0.8102889777140941,0.6176524446072148,,COUNTER,138036.566829832,7309.092357836,0.0,DIVERGENT,-1.0,0.6289596759652123,1295.967040512703,2002.340459168,0.002105472802331628,2002.340459168,0.002105472802331628,0.0,EXPOSED,False,True,0.02105472802331628,,,29910.207035958992,0.03145075910441663,30.0
27,26,7,33,44,Score,2026-09-07,9017107,0.039518252,0.04020420042797923,-0.017061610992812167,IN BAND,False,False,0.005473478,68549.80548408,4161563.328175749,1.0,1734636.594415813,2189117.221585859,-0.0010141890605900883,27528.475601457525,ACCUMULATING_PRE_EMA,0.0,,,,0.209837213722519,1.5873239290976955,-0.20758293374588135,3.417389660253559,1.622482797409982,1.8300657311558635,0.6314934539640906,-1.6202285174333444,1,0.0075223340225570295,MINER_BURN_ONLY,61.6623571109958,61.6623571109958,0.0,0.016472128399432358,-0.5831766951779052,5CaCekux...,266307.357358485,,,,False,3550319,1.0,56,5GP7c3fF...,0.0009918364232852674,0.2737854951039363,0.273513944677725,0.01884661752811732,,COUNTER,506916.01990858,2206.282255223,0.0,DIVERGENT,-1.0,0.047580189297562143,1295.967040512703,245862.449528441,0.0590793483458094,245862.449528441,0.0590793483458094,0.0,DORMITORY,True,True,0.590793483458094,,,15218.21449659399,0.0036568503940717398,30.0
28,29,22,34,5,Hone,2026-09-07,9017107,0.012937713,0.012956852093338966,-0.0014771406820955888,IN BAND,False,False,0.001838694,33516.87440866,3131532.698825699,1.0,2590633.613127171,974531.812611115,-0.015845505017582865,19927.709392752964,ACCUMULATING_PRE_EMA,0.0,,,,0.14416880801843202,1.1147671510537533,-0.017971878298829663,2.5784046692577594,1.4456656399051764,1.463637518204006,0.8392056710713831,-1.319468710185574,1,0.0,,0.0,0.0,0.009719996948195586,0.010703025525241544,-0.17272662291692942,5GurNtB3...,,,,,False,2491604,0.0,1,5E2LP6En...,0.0,0.4645277827199704,0.4645277827199704,0.1067128534586684,,COUNTER,1488567.694632255,0.0,0.0,OK,0.0,0.0,1295.967040512703,6649.821324041,0.0021235037164180444,6649.821324041,0.0021235037164180444,0.0,NEITHER,True,True,0.021235037164180445,,,12598.883058435997,0.004023232158220951,30.0
29,28,44,35,117,glyph,2026-09-07,9017107,0.003283574,0.0033272758591920137,-0.013134426191709314,IN BAND,False,False,0.000148789,3269.178092842,1881846.095589494,1.0,995615.629469407,228542.808166172,-0.0007537834211656891,15822.979192160536,ACCUMULATING_PRE_EMA,0.0,,,,0.11960727769959946,8.116082364132566,-0.15980218533246332,9.703789137789714,1.4279045883246846,1.587706773657148,1.396501024265096,-1.4680994959575484,1,0.0,,0.0,0.0,0.0,0.0017372186282948497,-0.47093665978143034,5HdThE9W...,1994800.5597431872,,,,False,5710859,1.0,125,5EsLkLnu...,,8.700641802877866,8.700641802877866,0.0,,COUNTER,289424.602021989,152262.178789407,0.0,OK,0.0,0.0,1295.967040512703,184995.455974437,0.09830530584196717,154144.143623114,0.08191113183186635,30851.312351322995,DORMITORY,True,True,0.8191113183186635,,,18865.208445646007,0.010024841292739416,30.0
30,30,64,36,23,Trishool,2026-09-07,9017107,0.004386241,0.004391259979456663,-0.0011429474638584738,IN BAND,False,True,7.62e-07,7570.809221475,4224120.541171045,1.0,1726035.697783778,599931.274048536,3.250270980840306e-05,23644.709899210837,,0.0,,,0.007410151382106697,0.0002645075237558095,3.945935370387664,-0.013905860810278097,5.303133461648528,1.3432922304505859,1.3571980912608639,0.6221413367317034,-1.3569335837371082,1,0.36073193560046013,MINER_BURN_ONLY,2597.766570877051,2597.721526244412,1.5259021896696368e-05,0.001792280581883243,-0.5913857487805063,5CqTRwoF...,1439989.341438604,,,,False,2063528,1.0,188,5HKsvivb...,0.0899977111467155,0.885471676283907,0.8057812521331099,0.3834027682400159,,COUNTER,1150548.541747787,0.055431535,0.0,DIVERGENT,-1.0,2.004465734882205,1295.967040512703,924119.819341655,0.21877212317560024,924119.819341655,0.21877212317560024,0.0,FORTRESS,True,True,2.1877212317560035,0,,10655.846548055002,0.002522618955637308,30.0
31,31,3,7,64,Chutes,2026-09-07,9017107,0.073552741,0.07385629555210471,-0.004110070100802073,IN BAND,False,False,0.009843046,205752.243500727,3338316.94998783,1.0,2797342.972858575,4984183.958067125,0.006078987608972017,19704.39593063481,,0.0,,0.08264800912004104,0.08264800912004104,0.12572171485414982,-0.962254113611759,-0.05000585289309188,0.33700563940508865,1.249253900123756,1.2992597530168477,0.7872230346521113,-1.1735380381626979,1,0.0,,0.0,0.0,0.00012207217517357094,0.061633525690685864,-0.16204991339906885,5FRYKhbm...,678477.728001007,,,ENTRY_REPEATED,False,4531295,0.07345063866802992,194,5FEm1mew...,,10.831313402528084,10.831313402528084,0.0,,COUNTER,274207.517615115,0.0,0.0,OK,0.0,0.0,1295.967040512703,758571.896036016,0.2272318378992688,758571.435776947,0.2272317000276778,0.4602590691065416,DORMITORY,True,True,2.272317000276781,0,,11557.545983816995,0.003462087679798986,30.0
32,32,23,37,105,Beam,2026-09-07,9017107,0.006807383,0.006891961209475994,-0.012272008925370103,IN BAND,False,False,0.001712599,5109.443580274,2069467.825360385,1.0,750573.871947939,535616.491168863,-0.0010888053840733777,12176.026926227147,ACCUMULATING_PRE_EMA,0.0,,,,0.8808611155578401,-0.564563767890756,-0.14930944192533624,0.7233937588858681,1.1386480848512879,1.2879575267766241,1.26989169282801,-0.40709641121878404,1,0.0,,0.0,0.0,0.0016327153429465113,0.002468964976241765,-0.6373106998325546,5G3ic2pA...,2020668.729326671,,,ENTRY_REPEATED,False,6841399,0.0,131,5GbBrQUY...,0.0,0.6339538193149977,0.6339538193149977,0.010330830739180858,,COUNTER,452240.813141888,1869.377328683,0.0,OK,0.0,0.0,1295.967040512703,186096.475721529,0.08992479778665873,186096.475721529,0.08992479778665873,0.0,DORMITORY,False,True,0.8992479778665915,,,16643.863650866995,0.008042581501825751,30.0
33,33,65,38,45,AlphaRidge.ai,2026-09-07,9017107,0.002585226,0.0025896516162902117,-0.0017089620327199204,IN BAND,False,True,4.15e-07,6442.709298621,3175104.075091234,1.0,2492125.812783526,746399.097576793,-0.0007759101295867152,16850.661853600293,ACCUMULATING_PRE_EMA,0.0,,,,0.000169279715947053,0.3241099480049616,-0.020792371398092365,1.4577588574252331,1.112856538022179,1.1336489094202715,0.8276894041416537,-1.1334796297043244,1,0.3096707334653954,MINER_BURN_ONLY,2235.122822111938,2229.9877339910868,0.001739528496223386,0.0020291332650051396,-0.21510410888443035,5FbcZiAH...,982.030117289,,,,False,3633154,0.7098638052001651,48,5G9hfkx9...,0.009994659342336155,0.35494621345625565,0.35139864696790823,0.014802380589043186,,COUNTER,1061601.488282759,0.0,0.0,DIVERGENT,-0.8921900389893221,1.720713308502716,1295.967040512703,111021.527695827,0.03496626411927517,111019.200205241,0.03496553107540292,2.327490586001659,FORTRESS,True,True,0.3496553107540293,,,12429.995035786002,0.0039148307399746686,30.0
34,34,31,39,81,Reliquary,2026-09-07,9017107,0.006634974,0.006645565154030919,-0.0015937175823932518,IN BAND,False,False,0.00099499,18629.735186836,2565533.816445617,1.0,2807808.251472181,902289.771125862,-0.010295262693937652,14881.980425038375,ACCUMULATING_PRE_EMA,0.0,,,,0.14035807239212256,-0.8103907946846524,-0.01939023058578456,0.1559168441911446,0.9469174082900124,0.966307638875797,1.0243482206915229,-0.8259495664836745,1,0.0007468742182970903,MINER_BURN_ONLY,7.219937877962366,6.183911327264269,0.00035095750362401645,0.007261543413466405,0.09443434344526516,5GnpQR4N...,66559.454537013,,,ENTRY_REPEATED,False,5203057,0.02678898522408113,161,5E2LP6En...,0.0,0.46968286086174094,0.46968286086174094,0.8192153332010804,,COUNTER,851999.104614986,0.0,0.0,OK,-1.0,0.004771657869337345,1295.967040512703,508517.966816949,0.19821136776963952,503851.501014327,0.19639246139907873,4666.465802622028,DORMITORY,True,True,1.963924613990789,0,,12291.025826206995,0.0047908258887171574,30.0
35,35,53,40,6,Numinous,2026-09-07,9017107,0.002765623,0.0027802418917417526,-0.005258136633785563,IN BAND,False,True,7.42e-05,8164.044536424,2771175.453716155,1.0,2951972.561615499,695748.098660729,-0.004023880888700968,14729.097146284766,ACCUMULATING_PRE_EMA,0.0,,,,0.023884926047379514,-2.973665940889656,-0.06397399571105768,-2.05778371750171,0.8519082276768881,0.9158822233879458,0.9483340351026289,-0.8919972973405663,1,0.0,,0.0,0.0,0.0018158236057068677,0.002946058332566417,0.06524220132910999,5CfSg4e2...,70187.37606809,,,,False,3219949,0.5579674697321757,163,5DydwY1R...,,0.32374021538076997,0.32374021538076997,0.006470417677669429,,COUNTER,185360.665463109,0.0,0.0,OK,0.0,0.0,1295.967040512703,662466.459537209,0.23905612279036298,662466.459537209,0.23905612279036298,0.0,DORMITORY,True,True,2.3905612279036297,0,,9415.652300401003,0.003397710631340424,30.0
36,36,20,41,124,Swarm,2026-09-07,9017107,0.011415902,0.011498488485813141,-0.0071823775720640075,IN BAND,False,False,0.001921661,12987.079738199,3545847.313171458,1.0,1137630.605795965,295801.830470541,-7.80977163950547e-05,12961.940395140788,ACCUMULATING_PRE_EMA,0.0,,,,0.3888576346494607,-2.5362962496808987,-0.08738559379344542,-1.7167303540540715,0.7321803018333817,0.8195658956268271,0.7411486643088075,-0.4307082609773664,1,0.0,,0.0,0.0,0.00015259021896696368,0.0036626167432413114,-0.6791653657116791,5HKYqfJr...,2291189.073494213,,,ENTRY_PRE_EMA_PATTERN,False,5813454,0.0,105,5HgiWPLV...,,0.34165893877135556,0.34165893877135556,0.007492980100109877,,COUNTER,897004.632666029,6243.286010635,0.0,OK,0.0,0.0,1295.967040512703,1000000.110795789,0.2820200709379599,1000000.110795789,0.2820200709379599,0.0,DORMITORY,True,True,2.8202007093795984,0,,15166.403905728997,0.004277229831468389,30.0
37,37,56,42,66,conjectures,2026-09-07,9017107,0.002671409,0.0027039062697440386,-0.012018637667908092,IN BAND,False,True,6.6553e-05,6330.089100444,3354981.908813746,1.0,2369569.197917296,1365022.93270897,-0.005772511456838813,14935.414319444448,ACCUMULATING_PRE_EMA,0.0,,,,0.027630145678001945,3.277428561425163,-0.1462267582928818,4.04966314756248,0.6260078278444353,0.7722345861373171,0.7833127186456894,-0.7446044404593152,1,0.0,,0.0,0.0,0.0,0.0018867729461713228,-0.29371618266939925,5CJCRGep...,970935.490933036,,,,False,4958013,1.0,121,5Gn2SyG6...,,10.77377444118811,10.77377444118811,0.0,,COUNTER,876389.726869251,0.0,0.0,OK,0.0,0.0,1295.967040512703,392806.591766313,0.11708158268585164,392806.591766313,0.11708158268585164,0.0,DORMITORY,True,True,1.1708158268585165,0,,11219.775596746997,0.0033442134418882998,30.0
38,38,21,3,61,RedTeam,2026-09-07,9017107,0.013694458,0.013796388870105147,-0.007388228257759371,IN BAND,False,False,0.001864042,15125.41452872,4911805.4507941,1.0,1104491.641458513,629563.373092357,0.001606769924520486,13027.987353545614,,0.0,,0.11732993920025796,0.11732993920025796,0.32387227250521883,5.2073954546931995,-0.08989011046940568,5.8472743622996655,0.5499887971370601,0.6398789076064657,0.5350374778331514,-0.3160066351012468,1,0.0,,0.0,0.0,0.0003356984817273201,0.003079400167666382,-0.7751353016186269,5ECEsYL8...,,,,,False,4457976,0.0277960099522232,161,5Ft6tUwe...,,0.28820705867037594,0.28820705867037594,0.11455821761025484,,COUNTER,808370.14496251,0.0,0.0,OK,0.0,0.0,1295.967040512703,1021287.884224886,0.20792514981630078,1021287.884224886,0.20792514981630078,0.0,DORMITORY,True,True,2.079251498163008,0,,22158.58691444,0.00451129164956189,30.0
39,39,55,43,1,Apex,2026-09-07,9017107,0.007216636,0.007240884471684694,-0.003348827312397695,IN BAND,False,True,6.8289e-05,24128.810024654,2510915.199576629,1.0,3343498.14130923,834349.482282557,-0.002493990990679855,11728.435497659259,ACCUMULATING_PRE_EMA,0.0,,,,0.00743772659391948,-1.6423262307834823,-0.040744065634171954,-1.0860397041868866,0.5155424609624237,0.5562865265965957,1.046630328432881,-0.5488488000026762,1,0.27911295129652275,MINER_BURN_ONLY,2028.7200113559375,2028.6299220906594,3.0518043793392735e-05,0.009609567869405712,0.3315855018052333,5HCFWvRq...,21131.935559361,,,,False,1497824,0.6241130422840402,226,5CAQAgXx...,0.0899977111467155,0.4174026282567598,0.37983734708702804,0.03299201904442173,,COUNTER,871109.394994344,0.0,0.0,DIVERGENT,-1.0,1.5653406750900891,1295.967040512703,192837.392404266,0.07679964358684066,192824.591394465,0.07679454544182839,12.801009800983593,FORTRESS,True,True,0.7679454544182838,,,9889.861879537999,0.003938747864207262,30.0
40,70,70,44,112,parked,2026-09-07,9017107,0.003192925,0.0030770273879170418,0.03766544702789073,IN BAND,False,True,0.0,4048.269207128,2220918.012916611,1.0,1267887.173758427,153588.586859469,-0.0010482548438311206,-29272.49783929088,,0.0,,,,,1.811929809096743,0.45826293883933716,1.811929809096743,0.45826293883933716,,1.1832944686457787,6.209931980756516,1,0.45100251673402253,MINER_BURN_ONLY,3247.218120484962,3247.218120484962,0.0,0.0018227909286086738,-0.42911564518155804,5GyUNPbb...,642559.974450101,0.0,,,False,5633022,1.0,0,5C4xjnQk...,0.179995422293431,2.3306366144528607,1.9111326928218857,0.3899037067557875,,COUNTER,992397.404907623,0.0,0.0,DIVERGENT,-1.0,2.5056332599325337,1295.967040512703,109192.016768061,0.04916526235233018,109192.016768061,0.04916526235233018,0.0,FORTRESS,True,True,0.4916526235233018,,,16652.13917171801,0.00749786307953334,30.0
41,71,71,45,125,8 Ball,2026-09-07,9017107,0.003681101,0.0035525206476449966,0.036194118235524014,IN BAND,False,True,0.0,6286.305349551,2620561.136476414,1.0,1707724.218013263,238240.070888971,-0.00024021262101779379,-49286.21915688831,,0.0,,,,,10.008328830200288,0.44036177186554215,10.008328830200288,0.44036177186554215,,1.0028386529205682,8.139935443927486,1,0.45100251678290076,MINER_BURN_ONLY,3247.2181208368856,3247.2181208368856,0.0,0.002398839417272103,-0.34833643052116664,5DTzv2rL...,70905.588821782,0.01939300793805789,,,False,5834408,1.0,0,5CFFokuo...,0.179995422293431,15.196066073833933,12.460843743675314,0.0,,COUNTER,1288061.031292422,0.0,0.0,DIVERGENT,-1.0,2.5056332602040863,1295.967040512703,215923.662897553,0.08239596470085879,215923.662897553,0.08239596470085879,0.0,FORTRESS,True,True,0.8239596470085879,,,11759.245875528992,0.004487300720387078,30.0
42,41,37,46,41,Almanac,2026-09-07,9017107,0.004691661,0.004706513369455934,-0.003155705357669203,IN BAND,False,False,0.000417396,12096.96297282,3090309.153515817,1.0,2578396.490121833,1583696.477212544,-0.002647854639532984,11635.928104700055,ACCUMULATING_PRE_EMA,0.0,,,,0.09067703112463862,-1.9396509215228126,-0.0383944151849753,-1.4753432220956442,0.4259132842421932,0.46430769942716854,0.8504003546085828,-0.37363066830252994,1,0.04294458882269509,MINER_BURN_ONLY,338.6462335899705,336.7093143864915,0.0006561379415579438,0.0039144831056974975,-0.16565090578848352,5FCSevLk...,41956.809143152,,,,False,3394182,0.06973370793379341,210,5FCSevLk...,0.179995422293431,1.7899672748221296,1.4677813592990985,0.0,,COUNTER,1013917.233672775,0.0,0.0,DIVERGENT,-1.0,0.25981317723426395,1295.967040512703,258549.369288686,0.08366456443185843,258549.369288686,0.08366456443185843,0.0,FORTRESS,True,True,0.8366456443185845,,,9591.062091696,0.003103593076046885,30.0
43,40,10,47,114,SOMA,2026-09-07,9017107,0.012987971,0.013084194622933865,-0.007354187682687435,IN BAND,False,False,0.004042304,6251.793582129,1616468.893429354,1.0,481352.763274057,215672.3340298,-0.00033109223172571404,4820.042729070992,ACCUMULATING_PRE_EMA,0.0,,,,1.699220355317995,2.9442531426991017,-0.08947595013936378,3.410525469238122,0.37679637639965674,0.4662723265390205,1.625765896691444,1.2329480287789745,1,0.0,,0.0,0.0,3.0518043793392735e-05,0.0038675619478614038,-0.7022196963743295,5FHrQMjz...,1037863.879264511,12.418660863918895,BUYBACK_GAMING,,False,7312241,0.0,74,5DUtdSu5...,,0.546928816748335,0.546928816748335,0.01143005386927925,,COUNTER,373811.447473431,13816.272943106,0.0,OK,0.0,0.0,1295.967040512703,146039.760277138,0.09034492458887548,146039.760277138,0.09034492458887548,0.0,DORMITORY,False,True,0.9034492458887549,,,28878.261543227,0.01786502769129166,30.0
44,72,72,48,20,ChronoSeek,2026-09-07,9017107,0.002775948,0.002701428486034274,0.027585225502349393,IN BAND,False,True,0.0,7050.493826443,3312198.284881611,1.0,2539850.351076331,285486.648200106,-0.0009316292818717833,-30335.76547022676,,0.0,,,,,-0.21862456729850027,0.3356202436119176,-0.21862456729850027,0.3356202436119176,,0.793430759262027,4.260597928878233,1,0.45100251672847663,MINER_BURN_ONLY,3247.2181204450317,3247.2181204450317,0.0,0.0021286448515551383,-0.23318273557172597,5CFVA7aP...,1240739.842310568,0.0,,,False,1970929,1.0,240,5ED4s3B3...,0.179995422293431,1.2922209546153813,1.0596270981929652,0.4880509095348553,,COUNTER,1379716.235084452,0.0,0.0,DIVERGENT,-1.0,2.5056332599017224,1295.967040512703,605009.734799106,0.18266108570874134,598967.92985626,0.18083697844728192,6041.804942846065,FORTRESS,True,True,1.8083697844728202,0,,9375.884213621,0.002830713443822741,30.0
45,73,73,49,73,Parked,2026-09-07,9017107,0.003445622,0.0033544087782502174,0.02719204121489418,IN BAND,False,True,0.0,7214.858124016,3521626.125766183,1.0,2093919.78373961,577065.244477311,-0.0012004820451322843,-59342.106311304495,,0.0,,,,,2.810050740199381,0.3308365014478792,2.810050740199381,0.3308365014478792,,0.7462461675792569,7.102948344917899,1,0.4510025167282179,SKIN_IN_GAME,3247.218120443169,3247.218120443169,0.0,0.0020487291570300634,-0.40541093682648205,5Fvs6HPW...,1498108.705284584,0.5888005307501356,BUYBACK_GAMING,,False,5160047,1.0,0,5Dnkprjf...,0.179995422293431,1.0833347426483984,0.8883394481602545,0.5062796624395306,,COUNTER,1545854.09817237,0.0,0.0,DIVERGENT,-1.0,2.5056332599002853,1295.967040512703,994783.143543259,0.2824783517662111,926731.973507521,0.2631545599707568,68051.17003573803,FORTRESS,True,True,2.631545599707569,0,,9556.837371204,0.0027137569491777797,30.0
46,43,32,50,77,Liquidity,2026-09-07,9017107,0.005635529,0.00565062346868217,-0.0026712926044052962,IN BAND,False,False,0.000831893,12162.926752491,3315531.729610416,1.0,2158258.22712153,409347.021387811,-0.006935415302332664,10605.385888182558,ACCUMULATING_PRE_EMA,0.0,,,,0.1797441395881347,-1.3280578502239575,-0.0325007266869311,-0.9766359232227708,0.3189212003142556,0.3514219270011867,0.7926330417923031,-0.17167778741305198,1,0.0,,0.0,0.0,7.629510948348184e-05,0.003668469417398752,-0.34904612905039584,5GxxsUeY...,2742045.456981869,,,,False,5128460,0.2240653135968259,148,5C8dR6A6...,0.179995422293431,3.151940475976616,2.584605618959447,0.0,,COUNTER,140886.89655137,14115.257752168,0.0,OK,0.0,0.0,1295.967040512703,369577.913917543,0.1114686705052192,369577.913917543,0.1114686705052192,0.0,DORMITORY,True,True,1.114686705052192,0,,11928.205148840998,0.003597674859303064,30.0
47,74,74,51,24,Quasar,2026-09-07,9017107,0.004169468,0.004065134329721332,0.025665491424442185,IN BAND,False,True,0.0,8843.829615006,3746951.666943812,1.0,2121093.03498094,1573473.633192816,-0.003987432863262727,-56986.52143160254,,0.0,,,,,2.838494212194872,0.3122634789973799,2.838494212194872,0.3122634789973799,,0.701370135938668,6.430235455064836,1,0.451002516728606,MINER_BURN_ONLY,3247.218120445963,3247.218120445963,0.0,0.002360273203689184,-0.4339150213674301,5ELutYW7...,321066.02095049,0.01392954330125253,,,False,2538424,1.0,155,5ELpkVn8...,0.179995422293431,3.355964014880459,2.7519058548204924,0.0,,COUNTER,658511.41024904,0.0,0.0,DIVERGENT,-1.0,2.505633259902441,1295.967040512703,700000.000065042,0.18681852937697344,0.0,0.0,700000.000065042,EXPOSED,True,False,0.8400163095883489,52705,TAKEOVER_IMMINENT,8990.209750578006,0.00239933966319636,30.0
48,42,29,52,111,Claims,2026-09-07,9017107,0.006154134,0.006199018331244588,-0.007240554688854429,IN BAND,False,False,0.001028591,6535.057217131,3661804.184810636,1.0,1061897.022635229,204394.719924921,-0.0020882893709760026,7221.363570953254,ACCUMULATING_PRE_EMA,0.0,,,,0.4136363398493277,-4.682964739314961,-0.08809341538106222,-4.294345422970744,0.3005259009631559,0.3886193163442181,0.7176790094077361,0.0250170235051096,1,0.0,,0.0,0.0,4.57770656900891e-05,0.001784655019030994,-0.7100071238242466,5CGTryXj...,2854331.021711937,,,,False,5615562,0.0,145,5E2LP6En...,0.0,0.4116307543634706,0.4116307543634706,0.1459112203012223,,COUNTER,734491.272679149,0.371911999,0.0,DIVERGENT,1.0,0.0,1295.967040512703,1221.604957048,0.0003336073955334051,1221.604957048,0.0003336073955334051,0.0,NEITHER,True,True,0.003336073955334051,,,11689.475224697006,0.0031922720699226865,30.0
49,75,75,53,84,SN84,2026-09-07,9017107,0.002308644,0.0022653366904705763,0.019117383173813077,IN BAND,False,True,0.0,1429.237299089,710610.208839258,1.0,619080.789075174,67153.837600803,-0.004139727322791386,-15651.39667792013,,0.0,,,,,-9.419121663275513,0.23259482861472575,-9.419121663275513,0.23259482861472575,,3.698230010363475,11.758839536748782,1,0.0,,2.450033207423985e-07,0.0,0.0002746623941405346,0.0020112816862335532,-0.12880388391040223,5G1hDNpP...,222259.481901998,0.0,,,False,8085297,0.9994505242914052,2,5CCcX9BW...,0.179995422293431,2.74227931803041,2.2486815941349843,1.0,,COUNTER,43139.508393188,50165.829918188,1353.7096950220002,DIVERGENT,-0.5030620690875651,0.0,1295.967040512703,660.436412233,0.0009293933636441644,660.436412233,0.0009293933636441644,0.0,NEITHER,False,True,0.009293933636441643,,,3093.059414941,0.004352680803718454,30.0
50,47,26,54,17,404—GEN,2026-09-07,9017107,0.009673027,0.009613771690055728,0.006163586140241413,IN BAND,False,False,0.001335562,26487.941764399,3179398.78946493,1.0,2738330.113116625,663935.595096089,-0.008483605846616416,8094.757383488584,ACCUMULATING_PRE_EMA,0.0,,,,0.13250772624082888,0.46822810552089317,0.07499029803960384,0.5002368676331959,0.10699906015190658,0.03200876211230273,0.826571365853188,0.10049896412852614,1,0.0,,0.0,0.0,0.0,0.008331116515539949,-0.13872704836449354,5E7a4a7Q...,1050101.487656372,,,ENTRY_REPEATED,False,2840556,1.0,42,5CcEPLdb...,0.0,0.30009471503618895,0.30009471503618895,0.012497901756420626,,COUNTER,340475.604612198,0.0,0.0,OK,0.0,0.0,1295.967040512703,524321.827070066,0.16491225599236817,518403.988919339,0.16305094870045625,5917.8381507269805,DORMITORY,True,True,1.630509487004564,0,,16648.548809316988,0.005236382697408908,30.0
51,76,76,55,30,Endure Network,2026-09-07,9017107,0.003819031,0.003787639085203409,0.008287989982790303,IN BAND,False,True,0.0,9011.646077856,3516231.937896182,1.0,2359668.209838978,409566.348179439,-0.0016359655505931488,-13207.795355993789,,0.0,,,,,-0.09350816564010155,0.10083721145728201,-0.09350816564010155,0.10083721145728201,,0.747390970338656,2.2022954181741237,1,0.45100251672944675,MINER_BURN_ONLY,3247.2181204520166,3247.2181204520166,0.0,0.0025628702079441928,-0.32892133948527974,5HTogQKF...,583.215039777,0.006622541824255262,,,False,3250216,1.0,116,5E2LP6En...,0.0,0.3171503420681435,0.3171503420681435,0.679810773691439,,COUNTER,787134.128642365,18187.150616168,0.0,DIVERGENT,-1.0,2.5056332599071123,1295.967040512703,4962.596266974,0.0014113392843883904,4962.596266974,0.0014113392843883904,0.0,EXPOSED,True,True,0.014113392843883903,,UNDEFENDED_BURNER,9065.231197641004,0.0025781095666473236,30.0
52,44,34,56,50,Synth,2026-09-07,9017107,0.005089592,0.005117309279739857,-0.005416377675196003,IN BAND,False,False,0.000728741,11425.407377489,3427762.086305973,1.0,2244857.045135687,1219693.247850429,-0.0056701551055483215,7743.990596297197,ACCUMULATING_PRE_EMA,0.0,,,,0.16762039940679074,-5.402218348627542,-0.06589926171488471,-5.249126299708643,0.08719278720401456,0.15309204891889927,0.7666809813023342,0.01452835048789146,1,0.0,,0.0026288499939255416,0.0,0.0018158236057068677,0.003333197313528233,-0.3450953802331832,5DxyiWpG...,2301665.888262806,,,,False,4763204,0.010303289715054342,205,5CZbbBSr...,,8.041933059785572,8.041933059785572,0.0,,COUNTER,467621.585537462,0.0,0.0,DIVERGENT,0.9999924957097324,0.0,1295.967040512703,212500.00519846,0.06199380232583959,212500.00519846,0.06199380232583959,0.0,DORMITORY,True,True,0.6199380232583959,,,16784.57753986901,0.004896657678467234,30.0
53,45,16,57,75,Hippius,2026-09-07,9017107,0.017936449,0.017934151692315936,0.00012809681346948558,IN BAND,False,False,0.002633309,33643.21004429,3633196.872089007,1.0,1875689.545385551,1513028.184510239,-0.01292806119265099,7407.219144614181,ACCUMULATING_PRE_EMA,0.0,,,,0.2056978523419627,0.8196072819575537,0.001558511230545408,0.866886169482989,0.04883739875598068,0.04727888752543527,0.7233299192204133,0.15841896481652742,1,0.0,,0.0,0.0,0.0014801251239795477,0.009259946881145998,-0.4837357784059711,5DAQpczE...,1540389.9082423132,,,,False,5102795,0.0,173,5GP7c3fF...,0.0009918364232852674,0.2916038511246924,0.29131462780397666,0.010224324736761789,,COUNTER,784604.879643725,0.0,0.0,OK,0.0,0.0,1295.967040512703,552610.218646002,0.152100268193907,552609.767120331,0.1521001439161189,0.4515256710583344,DORMITORY,True,True,1.521001439161189,0,,22948.352821430995,0.0063162976379631764,30.0
54,77,77,58,42,Unknown,2026-09-07,9017107,0.002489608,0.0024883379228413105,0.00051041184841936,IN BAND,False,True,0.0,7377.57864734,2649398.933219815,1.0,2963348.760896076,367172.637406668,-0.0007519273179352004,13323.931165064685,ACCUMULATING_PRE_EMA,0.0,,,,,-0.01557783225595658,0.006210010822435547,-0.01557783225595658,0.006210010822435547,,0.9919230988766916,-0.7483750221005877,1,0.4510025167979216,MINER_BURN_ONLY,3247.2181209450355,3247.2181209450355,0.0,0.002784623544168951,0.11849879345220263,5EC5HHfL...,97123.470291065,,,,False,3613591,1.0,11,5Gbdb5s2...,0.179995422293431,11.093981815105353,9.09711587337982,0.0,,COUNTER,507542.586342959,0.0,0.0,DIVERGENT,-1.0,2.5056332602875377,1295.967040512703,5444.016612431,0.002054811959109112,5444.016612431,0.002054811959109112,0.0,EXPOSED,True,True,0.02054811959109112,,UNDEFENDED_BURNER,9500.137251333994,0.003585770769443345,30.0
55,78,78,59,12,Compute Horde,2026-09-07,9017107,0.004850405,0.004848649026826024,0.00036215720384400845,IN BAND,False,True,0.0,12752.814019813,3525525.649932022,1.0,2629226.534234942,424452.703321196,-0.0016389071287063602,-1094.3132575415075,,0.0,,,,,-0.561845778530136,0.004406245980102102,-0.561845778530136,0.004406245980102102,,0.7454207573417235,0.9315880703247559,1,0.4483222889706124,SKIN_IN_GAME,3228.1006591189653,3227.920480588409,6.103608758678547e-05,0.0036172801692873503,-0.25423131278989075,5ELzhHvg...,1608314.748652114,2.3851622631424343,BUYBACK_GAMING,,False,2256433,0.00585982206894442,136,5EHcd8Jp...,,3.225906695277057,3.225906695277057,0.0,,COUNTER,1598575.739532868,0.0,0.0,DIVERGENT,-1.0,2.490742726999753,1295.967040512703,3870.537061652,0.001097860984709225,3870.537061652,0.001097860984709225,0.0,EXPOSED,True,True,0.01097860984709225,,UNDEFENDED_BURNER,8954.390306164005,0.0025398738217481585,30.0
56,79,79,60,8,Vanta,2026-09-07,9017107,0.027669535,0.027668572030961514,3.480371294215982e-05,IN BAND,False,True,0.0,78857.779570768,3131923.079619082,1.0,2849985.730420644,1398858.442078427,-0.008329727580013033,4223.421162504703,ACCUMULATING_PRE_EMA,0.0,,,,,-0.7587116365769394,0.00042344517412961117,-0.7587116365769394,0.00042344517412961117,,0.8391010676799983,0.4267490905816845,1,0.044852015535371555,MINER_BURN_ONLY,323.88044914009515,322.9345118546752,0.0003204394598306237,0.025178708916554562,-0.09002052558691125,5F6tnxzA...,17457.95425018,,,,False,1477264,0.5491040083035688,1,5FeNwZ5o...,0.0,0.36057402791959325,0.36057402791959325,0.5230356025576463,,COUNTER,788886.882838548,0.0,0.0,DIVERGENT,-1.0,0.24918420126403654,1295.967040512703,607572.538570662,0.19399344208816188,607571.159893335,0.1939930018866333,1.378677327069454,DORMITORY,True,True,1.9399300188663333,0,,14584.816288329006,0.004656824550781392,30.0
57,80,80,61,29,hoτfloaτ,2026-09-07,9017107,0.002788003,0.002788005629554391,-9.431668154457953e-07,IN BAND,False,True,0.0,8328.218246928,2933339.611854693,1.0,2987162.486619079,204820.123492407,-0.011022358310089313,299.8839105623774,ACCUMULATING_PRE_EMA,0.0,,,,,-0.016453079704567438,-1.1475196254590508e-05,-0.016453079704567438,-1.1475196254590508e-05,,0.8959071733048896,0.9457562020366981,1,0.0,,0.0,0.0,0.0,0.0028391592345020805,0.01834870138306187,5HHHHHzg...,31724.576906025,,,,False,3379782,1.0,19,5GRRRRhL...,0.179995422293431,14.959016393193613,12.266461920406371,0.0,,COUNTER,610829.352749762,0.0,0.0,OK,0.0,0.0,1295.967040512703,3165.974907187,0.0010793073172953255,3165.974907187,0.0010793073172953255,0.0,NEITHER,True,True,0.010793073172953254,,,8860.039987670996,0.0030204617126037333,30.0
58,81,81,62,43,Graphite,2026-09-07,9017107,0.004679423,0.00467994250357151,-0.00011100640042342222,IN BAND,False,True,0.0,13366.982942277,3090469.690349228,1.0,2856544.600793109,157520.562431409,-0.0008349041341164327,599.5517072770745,ACCUMULATING_PRE_EMA,0.0,,,,,-0.09886241725014147,-0.0013505778718183035,-0.09886241725014147,-0.0013505778718183035,,0.8503561799057902,0.8620007312986536,1,0.36161949999662496,MINER_BURN_ONLY,2603.750489240978,2603.6603999757,3.0518043793392735e-05,0.004325226998348756,-0.07569223847710378,5HjMs5JD...,2932603.379425774,,,,False,3408582,0.20052492637297237,108,5ERVu5z1...,,14.978045679815848,14.978045679815848,0.0,,COUNTER,920457.116234545,0.0,0.0,DIVERGENT,-1.0,2.009048315723874,1295.967040512703,3451.069241962,0.0011166811480917721,3451.069241962,0.0011166811480917721,0.0,EXPOSED,True,True,0.011166811480917723,,UNDEFENDED_BURNER,9848.083492328004,0.0031865976628345943,30.0
59,82,82,63,126,Poker44,2026-09-07,9017107,0.004221499,0.0042222775518894196,-0.0001843914522083178,IN BAND,False,True,0.0,2411.403916928,1255885.611880961,1.0,571219.869046003,63783.559878899,-0.0001583244541660852,398.4376389000099,ACCUMULATING_PRE_EMA,0.0,,,,,-0.7343088447556683,-0.0022434293352012,-0.7343088447556683,-0.0022434293352012,,2.0925472631731163,2.1877163579809555,1,0.4510025167327775,MINER_BURN_ONLY,3247.218120475998,3247.218120475998,0.0,0.0019200824454994748,-0.5451657230051518,5DqrUa2z...,546336.688079358,,,,False,7525773,1.0,144,5E71dFFn...,,0.7692236433254247,0.7692236433254247,0.01553439540987609,,COUNTER,407317.618386475,5493.154491675,0.0,DIVERGENT,-1.0,2.505633259925617,1295.967040512703,171439.094523612,0.1365085266538286,1096.553699538,0.0008731318275839413,170342.540824074,EXPOSED,False,False,1.1431156972816907,0,,26348.671162517006,0.020980152104023358,30.0
60,83,83,64,52,Dojo,2026-09-07,9017107,0.006364324,0.006366632180288434,-0.0003625433703520882,IN BAND,False,True,0.0,17972.656978355,3073192.915965437,1.0,2823969.341295978,765852.947428733,-0.001055169699966047,2306.495968433097,ACCUMULATING_PRE_EMA,0.0,,,,,-0.2458783683839288,-0.004410944339283739,-0.2458783683839288,-0.004410944339283739,,0.8551366841786499,0.6632791594126883,1,0.4510025167281856,MINER_BURN_ONLY,3247.218120442936,3247.218120442936,0.0,0.005848203308352651,-0.08109591712291028,5Fv1ZvNP...,17704.616707506,,,,False,3989825,1.0,130,5E2LP6En...,0.0,0.38915899000216536,0.38915899000216536,0.7290706546619868,,COUNTER,1154062.090014453,0.0,0.0,DIVERGENT,-1.0,2.5056332599001054,1295.967040512703,167638.354572778,0.05454859462348941,167638.354572778,0.05454859462348941,0.0,FORTRESS,True,True,0.5454859462348942,,,8793.104339109,0.0028612275830222867,30.0
61,46,27,65,14,Cacheon,2026-09-07,9017107,0.009437927,0.00947488215751946,-0.0039003289861637897,IN BAND,False,False,0.001319112,25288.624580642,3154933.878893694,1.0,2679468.113867377,2659724.911518561,-0.012349965626037119,8156.549953054171,ACCUMULATING_PRE_EMA,0.0,,,,0.13708243898142417,-0.054511609258617956,-0.04745400266499277,-0.013066063678862087,-0.006008457085236903,0.04144554557975587,0.832981007171387,0.0956368934016683,1,0.0,,0.0,0.0,6.103608758678547e-05,0.008015579898463573,-0.15070545698609744,5CKhH8nK...,1745668.613965927,,,ENTRY_REPEATED,False,4848444,0.403473165372114,99,5DZYnuVE...,,0.4517303580580084,0.4517303580580084,0.010285208527261907,,COUNTER,1226319.247799996,526.080568229,0.0,OK,0.0,0.0,1295.967040512703,53135.044124027,0.01684188834494981,53135.044124027,0.01684188834494981,0.0,DORMITORY,True,True,0.16841888344949935,,,10574.477707486998,0.0033517272036125948,30.0
62,84,84,66,104,TAOstatus,2026-09-07,9017107,0.004295572,0.004299119580537081,-0.000825187685669694,IN BAND,False,True,0.0,6017.888744855,3164450.709726309,1.0,1400951.440764005,75250.763510413,-0.0017383027949343672,1814.8535472725052,ACCUMULATING_PRE_EMA,0.0,,,,,-0.17636012004884835,-0.010039783508981277,-0.17636012004884835,-0.010039783508981277,,0.830475883831129,0.32543619512183924,1,0.0,,0.0,0.0,0.0,0.0019017166948937824,-0.5572844094118822,5HBb3F1b...,1097447.405303805,,,,False,5528520,1.0,25,5Coeuhim...,0.179995422293431,1.3874923074386176,1.1377500436323167,0.41319009979552596,,COUNTER,340321.172598343,168781.108749388,3247.2181204629887,OK,-0.2097179723494211,0.0,1295.967040512703,3017.92106809,0.0009536950785215478,3017.92106809,0.0009536950785215478,0.0,NEITHER,True,True,0.009536950785215478,,,10176.263673683994,0.0032158072939502767,30.0
63,85,85,67,72,StreetVision by NATIX,2026-09-07,9017107,0.002391539,0.0023946468718349934,-0.0012978413942979468,IN BAND,False,True,0.0,6558.631855291,2582945.750403285,1.0,2742431.412416071,237077.360869088,-0.000693472829379333,40641.12287943391,ACCUMULATING_PRE_EMA,0.0,,,,,-1.8111134847647505,-0.01579040363062502,-1.8111134847647505,-0.01579040363062502,,1.017442971688306,-4.571463479245258,1,0.45100251673250263,MINER_BURN_ONLY,3247.218120474019,3247.218120474019,0.0,0.002539206196749187,0.061745677887413516,5FjP8fFb...,0.042703044,,,,False,5064327,1.0,119,5EAHFCo6...,,0.40129116552273497,0.40129116552273497,0.06673177580076604,,COUNTER,460173.754238719,0.0,0.0,DIVERGENT,-1.0,2.50563325992409,1295.967040512703,416133.57239659,0.16110813490047846,410145.229814543,0.15878971896738656,5988.342582047044,FORTRESS,True,True,1.5878971896738676,0,,9547.588355113001,0.0036963952315383704,30.0
64,86,86,68,34,BitMind,2026-09-07,9017107,0.011922474,0.01194769749417901,-0.002111159425596339,IN BAND,False,True,0.0,34785.177638871,2674657.249175995,1.0,2917613.940486696,632487.905687042,-0.0033068888932364145,7616.809110298753,ACCUMULATING_PRE_EMA,0.0,,,,,-0.6983948870739457,-0.025685773011422122,-0.6983948870739457,-0.025685773011422122,,0.9825558025461508,-0.42663768465100055,1,0.0,,0.0,0.0,0.0012207217517357094,0.01300547113077295,0.09083661082196112,5DthmKBR...,2925148.368270612,,,,False,3493948,0.8356580857077381,135,5HjBSeeo...,0.179995422293431,0.6721205918739969,0.551141962107526,0.9900508140936628,,COUNTER,359469.273754254,65268.167299066,2713.975717314999,OK,-0.0002992368530470333,0.0,1295.967040512703,130921.920528644,0.04894904592690456,130921.920528644,0.04894904592690456,0.0,DORMITORY,True,True,0.4894904592690493,,,10955.285859466001,0.004095958786061687,30.0
65,87,87,69,49,Nepher Robotics,2026-09-07,9017107,0.007867478,0.00788417598232627,-0.0021179109096118444,IN BAND,False,True,0.0,4186.951473826,2235225.289231053,1.0,532184.738512507,148919.076019003,-3.683535129229573e-05,2441.3576634695055,ACCUMULATING_PRE_EMA,0.0,,,,,-4.322325609348731,-0.025767916066944105,-4.322325609348731,-0.025767916066944105,,1.1757204129092806,0.87160223205875,1,0.44651981219560244,MINER_BURN_ONLY,3214.9876924409764,3214.9426478083374,1.5259021896696368e-05,0.0018731675478073921,-0.7619100367605233,5FL781vf...,1733712.857811291,,,,False,6783158,0.9900051881466109,0,5DLYBBCd...,0.179995422293431,1.125609651361375,0.9230050668270225,0.8212089303972286,,COUNTER,765802.735276426,837.682351088,0.0,DIVERGENT,-1.0,2.480728712465141,1295.967040512703,462097.602286592,0.20673424039755728,462097.602286592,0.20673424039755728,0.0,FORTRESS,False,True,2.0673424039755726,0,,18196.097074385,0.008140609880377963,30.0
66,88,88,70,27,Orion,2026-09-07,9017107,0.002466434,0.002472636057063937,-0.002508277369093153,IN BAND,False,True,0.0,6404.442062006,3415680.293606388,1.0,2596639.521571744,828086.470797685,-0.002571603639063033,21938.89851999376,ACCUMULATING_PRE_EMA,0.0,,,,,-1.1689892729049718,-0.030517374657300027,-1.1689892729049718,-0.030517374657300027,,0.7693928512335301,-1.4960057860976599,1,0.4510025167315487,MINER_BURN_ONLY,3247.2181204671506,3247.2181204671506,0.0,0.0018750121532141344,-0.23978823142474745,5GLT9wjW...,57441.770050249,,,,False,1727132,1.0,203,5H6Bqkzj...,0.179995422293431,18.757883186408343,15.381550080939924,0.0,,COUNTER,1302388.423413759,0.0,0.0,DIVERGENT,-1.0,2.50563325991879,1295.967040512703,29259.979274079,0.008566369437107169,29259.979274079,0.008566369437107169,0.0,FORTRESS,True,True,0.08566369437107167,,,8989.750369326004,0.0026319062665652263,30.0
67,89,89,71,109,Finsight,2026-09-07,9017107,0.002810167,0.00281807710416615,-0.0028069154511265603,IN BAND,False,True,0.0,1386.501804403,1571939.276954929,1.0,493387.660249326,68051.442973402,-0.000708007104294364,2726.894296366081,ACCUMULATING_PRE_EMA,0.0,,,,,-0.902219249938387,-0.03415080465537315,-0.902219249938387,-0.03415080465537315,,1.671820304083763,1.2006795654374978,1,0.45100251673332725,MINER_BURN_ONLY,3247.2181204799563,3247.2181204799563,0.0,0.0008820326743720356,-0.6861280221524074,5FqZqKFx...,676799.003982148,,,,False,7257480,1.0,0,5DyQkk4x...,0.179995422293431,2.198598144055852,1.8028605426629654,0.381027957514345,,COUNTER,703819.861941446,1308.746301495,0.0,DIVERGENT,-1.0,2.505633259928671,1295.967040512703,193184.050954301,0.12289536484419811,193184.050954301,0.12289536484419811,0.0,FORTRESS,False,True,1.2289536484419823,0,,22203.479688988,0.014124896562161938,30.0
68,49,4,72,120,Affine,2026-09-07,9017107,0.052276987,0.05237555177882314,-0.0018818852589729226,IN BAND,False,False,0.009675448,80234.267111888,2639082.464440483,1.0,1534791.39101822,1482012.431607897,-0.0050901304439632976,6755.189702095231,ACCUMULATING_PRE_EMA,0.0,,,,0.3169104456147337,-0.37094022706515795,-0.022896270650837224,-0.38994814697210795,-0.04190419055778723,-0.01900791990695,0.995800637308682,0.3359183655216837,1,0.0,,0.0,0.0,7.629510948348184e-05,0.03040233421766099,-0.41843751978932925,5EfNFhH2...,2956118.287115696,,,ENTRY_REPEATED,False,5749344,0.0,116,5E2LP6En...,0.0,0.34556616767423093,0.34556616767423093,0.013122959074678793,,COUNTER,180555.409154778,0.0,0.0,OK,0.0,0.0,1295.967040512703,59111.587812526,0.022398537601233448,59111.587812526,0.022398537601233448,0.0,DORMITORY,True,True,0.2239853760123376,,,16820.176660580997,0.006373494154585682,30.0
69,90,90,73,9,iota,2026-09-07,9017107,0.029098244,0.029219379415735602,-0.004145721714759217,IN BAND,False,True,0.0,57483.116932175,4036431.279487882,1.0,1975484.056394624,1096851.657087767,0.01301328860220348,11675.968063103268,,0.0,,,0.44721903501130444,,-0.5493304564156268,-0.05043961419623714,-0.5493304564156268,-0.05043961419623714,,0.6510701701661139,-0.3428560116752417,1,4.5540584387052325,MINER_BURN_ONLY,32789.31084794295,32789.22075867767,3.0518043793392735e-05,0.014241074095399467,-0.5105864774726795,5Fsbubec...,17623.687923228,,,ENTRY_REPEATED,False,1489797,0.3197473028855691,128,5G8vqtuA...,0.179995422293431,12.297588798145686,10.084079109232487,0.0,,COUNTER,1178395.572301822,46681.104420658,0.0,DIVERGENT,-1.0,25.30096810618408,1295.967040512703,566487.003304132,0.14034352725955598,566487.003304132,0.14034352725955598,0.0,FORTRESS,True,True,1.40343527259556,0,,11468.288226016997,0.0028411949645460147,30.0
70,91,91,74,83,CliqueAI,2026-09-07,9017107,0.009400353,0.009439888643100858,-0.004188147190671807,IN BAND,False,True,0.0,8418.09124718,2787270.863478467,1.0,895507.969271206,152079.252231349,0.000950791968390149,3839.113605907187,,0.0,,,0.1011442834529883,,-2.4254468262341935,-0.050955790819840314,-2.4254468262341935,-0.050955790819840314,,0.9428577733275267,0.5300562687221458,1,0.0,,0.0,0.0,0.0017700465400167786,0.003020191312398812,-0.6787151171451953,5DqEjRLy...,943979.91921106,,,,False,5231190,0.0,198,5E2LP6En...,0.0,0.43652811136190156,0.43652811136190156,0.09990691428484229,,COUNTER,345172.824104195,26063.92679357,0.0,OK,0.0,0.0,1295.967040512703,8057.340853611,0.002890763491695807,8057.340853611,0.002890763491695807,0.0,NEITHER,True,True,0.02890763491695807,,,15189.913834403002,0.005449744419688816,30.0
71,92,92,75,119,Satori,2026-09-07,9017107,0.002650904,0.002662687562406063,-0.004425439384039207,IN BAND,False,True,0.0,3324.889829512,1587750.585286302,1.0,1254247.363317382,71873.104433075,-0.0008647727937628405,8121.564674857538,ACCUMULATING_PRE_EMA,0.0,,,,,-0.2818905053820793,-0.053842845839143685,-0.2818905053820793,-0.053842845839143685,,1.6551718036533558,-0.055306873041096286,1,0.45100251693999677,MINER_BURN_ONLY,3247.218121967977,3247.218121967977,0.0,0.0020940882405106834,-0.21004750058444838,5GbLENPL...,105583.345034392,,,ENTRY_REPEATED,False,5740660,1.0,0,5HMwvi1d...,0.179995422293431,10.845617462689761,8.893455967459907,0.06276514573477797,,COUNTER,853437.914873826,0.0,0.0,DIVERGENT,-1.0,2.505633261076864,1295.967040512703,20722.542632217,0.013051509994235225,20722.542632217,0.013051509994235225,0.0,FORTRESS,True,True,0.13051509994235228,,,17675.578491362005,0.011132465423197912,30.0
72,93,93,76,57,SN57,2026-09-07,9017107,0.005029405,0.005053410306572914,-0.004750318125106698,IN BAND,False,True,0.0,1809.300124025,1005729.150129003,1.0,359744.310505457,32695.869727988,-0.00013780237056893412,1270.6211661108537,ACCUMULATING_PRE_EMA,0.0,,,,,-0.5503509770628717,-0.05779553718879816,-0.5503509770628717,-0.05779553718879816,,2.6130295613514947,2.4149150660633847,1,0.45100251687138454,MINER_BURN_ONLY,3247.2181214739685,3247.2181214739685,0.0,0.0017989934206370816,-0.6423049206343332,5HdpnCSY...,891921.487351378,,,ENTRY_REPEATED,False,8057320,1.0,0,5Ejcqsbx...,0.179995422293431,1.9960573496782787,1.6367761641010303,0.6523324838625993,,COUNTER,394496.349332447,6427.093693354,0.0,DIVERGENT,-1.0,2.5056332606956753,1295.967040512703,1254.306998862,0.0012471618215511725,1254.306998862,0.0012471618215511725,0.0,EXPOSED,False,True,0.012471618215511725,,,31351.605160581992,0.03117301030457413,30.0
73,94,94,77,115,MoirAI,2026-09-07,9017107,0.002817313,0.002831012476235628,-0.004839073070368128,IN BAND,False,True,0.0,3690.51507155,1708714.916141444,1.0,1309941.000516605,158656.464546304,-0.0010310414951094963,2144.244399297051,ACCUMULATING_PRE_EMA,0.0,,,,,3.8638121718629135,-0.058875389022812225,3.8638121718629135,-0.058875389022812225,,1.5379979276674491,1.2295633500906404,1,0.45100251702874733,MINER_BURN_ONLY,3247.2181226069806,3247.2181226069806,0.0,0.002159819076129904,-0.23337624320410838,5EkNnrTj...,104479.283688661,,,,False,5683635,1.0,0,5EhTo9AX...,0.179995422293431,10.945693462777953,8.975518745650788,0.061363081430838726,,COUNTER,934394.602080288,0.0,0.0,DIVERGENT,-1.0,2.505633261569935,1295.967040512703,2942.008322496,0.0017217666298246714,2942.008322496,0.0017217666298246714,0.0,EXPOSED,True,True,0.01721766629824671,,UNDEFENDED_BURNER,17887.596617878007,0.010468449973077491,30.0
74,95,95,78,48,Quantum Compute,2026-09-07,9017107,0.004181209,0.004204463912174106,-0.005531005298147674,IN BAND,False,True,0.0,10676.06058082,3224065.121747392,1.0,2553342.572273065,690295.627489036,-0.0027008449742481964,22756.408471744042,ACCUMULATING_PRE_EMA,0.0,,,,,-1.3244100827518164,-0.06729389779413003,-1.3244100827518164,-0.06729389779413003,,0.8151200117743483,-1.676292031505596,1,0.0,,0.0,0.0,3.0518043793392735e-05,0.0033113662961726234,-0.2080361694015718,5GNH5YMk...,5439.312414004,,,ENTRY_REPEATED,False,3856677,0.9256099980162666,141,5EZ52JMq...,0.0,0.3250046503480393,0.3250046503480393,0.7183036259308998,,COUNTER,695492.461656953,0.0,0.0,OK,0.0,0.0,1295.967040512703,101862.559282014,0.03159444844799106,101862.559282014,0.03159444844799106,0.0,DORMITORY,True,True,0.31594448447991064,,,9252.145586783998,0.0028697142388270005,30.0
75,96,96,79,95,Actual,2026-09-07,9017107,0.045296473,0.045559862395748496,-0.005781171888988803,IN BAND,False,True,0.0,28275.122387097,2934063.127876871,1.0,624223.478479297,572075.485512041,-0.0011390409750780188,3347.744286303292,ACCUMULATING_PRE_EMA,0.0,,,,,-0.498046381247831,-0.07033759131603043,-0.498046381247831,-0.07033759131603043,,0.8956862499075328,0.5648144574033774,1,0.451002516731096,MINER_BURN_ONLY,3247.218120463891,3247.218120463891,0.0,0.00963684868210633,-0.7872494690236406,5D5UhUuc...,459353.291916063,,,,False,5403674,1.0,0,5ExqqyEB...,0.179995422293431,2.3456586285113366,1.9234508131162082,0.0,,COUNTER,1052718.757801696,14658.86980412,0.0,DIVERGENT,-1.0,2.5056332599162747,1295.967040512703,9024.997700073,0.003075938487596078,9024.997700073,0.003075938487596078,0.0,EXPOSED,True,True,0.030759384875960777,,UNDEFENDED_BURNER,15492.331012628998,0.005280162810893393,30.0
76,97,97,80,122,CookingTAO,2026-09-07,9017107,0.004586349,0.004613950382918119,-0.005982158590241015,IN BAND,False,True,0.0,1428.393031518,681481.911834715,1.0,311444.438984055,46509.441484645,0.0003625880589275153,2404.725556219055,,0.0,,,0.07905810458984158,,-0.21549461043622328,-0.07278292951459901,-0.21549461043622328,-0.07278292951459901,,3.8563019125845686,2.9568414216344894,1,0.4510025167315325,MINER_BURN_ONLY,3247.218120467034,3247.218120467034,0.0,0.0020960101900172503,-0.5429893821823741,5F3uH1G4...,394808.037569752,,,ENTRY_REPEATED,True,8238082,1.0,0,5CfPqfaz...,0.179995422293431,3.558425398439343,2.917925116147583,0.3038668131599829,,COUNTER,323365.063501993,4689.8056909,0.0,DIVERGENT,-1.0,2.5056332599187,1295.967040512703,117878.355128666,0.1729735640544131,117878.355128666,0.1729735640544131,0.0,FORTRESS,False,True,1.7297356405441389,0,,38045.93213273497,0.055828234722042826,30.0
77,50,42,8,89,InfiniteQuant,2026-09-07,9017107,0.003364148,0.003372836159542203,-0.002575921014610515,IN BAND,False,False,0.000156754,6473.681276196,2876662.410445177,1.0,1924314.927106337,186963.770049428,0.00022740814707736934,7202.845620557433,,0.0,,0.06759754537474848,0.06759754537474848,0.06363450630706145,-1.3416574389975737,-0.031340372344427936,-1.4011209610188384,-0.0908038943656926,-0.05946352202126466,0.9135587097247552,0.12309802832832611,1,0.0,,0.0,0.0,0.0007934691386282111,0.002250413970262909,-0.3310597600750892,5Dc5NmEU...,112049.76111876,,,,False,5313364,0.08872531802147121,191,5GCNwrsH...,0.179995422293431,17.869477306853934,14.653053192843878,0.0,,COUNTER,601037.833009041,0.0,0.0,OK,0.0,0.0,1295.967040512703,6094.632142656,0.002118646984966452,6094.632142656,0.002118646984966452,0.0,NEITHER,True,True,0.02118646984966452,,,12656.497959483995,0.004399716113204032,30.0
78,98,98,81,63,Enigma,2026-09-07,9017107,0.007159271,0.007222686195746064,-0.008780001515698372,IN BAND,False,True,0.0,14396.224318436,3879577.697558006,1.0,2010850.57017348,1224424.884808563,-0.0023243817583002914,24408.275919570122,ACCUMULATING_PRE_EMA,0.0,,,,,-6.997466200092607,-0.1068233517743302,-6.997466200092607,-0.1068233517743302,,0.6773933156833515,-1.548335477877273,1,0.0,,0.0,0.0,0.00016784924086366004,0.00371077097579401,-0.4816831244697945,5CqTmNfg...,5077.567233043,,,,False,4885578,0.9998168609974971,147,5EZ52JMq...,0.0,0.2835435825485789,0.2835435825485789,0.5672516404700138,,COUNTER,725439.396179942,0.0,0.0,OK,0.0,0.0,1295.967040512703,72397.992373783,0.01866130749729637,72397.992373783,0.01866130749729637,0.0,DORMITORY,True,True,0.18661307497296367,,,9036.289712820006,0.0023291941590724897,30.0
79,99,99,82,39,deprecated,2026-09-07,9017107,0.007668056,0.007760647684335709,-0.011930922276319502,IN BAND,False,True,0.0,18485.090793596,3586264.513264952,1.0,2410661.914322854,1091351.868292478,-0.008167090216750057,77654.71149782743,ACCUMULATING_PRE_EMA,0.0,,,,,-4.416207731179182,-0.14515955436188727,-4.416207731179182,-0.14515955436188727,,0.7327959190627176,-6.9658620510445814,1,0.451002516731387,MINER_BURN_ONLY,3247.2181204659864,3247.2181204659864,0.0,0.005154413659456225,-0.3278069879176385,5DkwfxC9...,547550.048377754,,,ENTRY_REPEATED,False,3280104,1.0,136,5GP7c3fF...,0.0009918364232852674,2.347918920769164,2.3455901692646246,0.19316343659392646,,COUNTER,1530636.822576486,0.0,0.0,DIVERGENT,-1.0,2.5056332599178917,1295.967040512703,488540.844796869,0.13622554694162786,486965.900387891,0.13578638680629693,1574.9444089779863,FORTRESS,True,True,1.3578638680629695,0,,9326.941311992003,0.002600739927992849,30.0
80,100,100,83,31,rec4ll,2026-09-07,9017107,0.004352236,0.004406748106703162,-0.012370143557841062,IN BAND,False,True,0.0,1880.786782008,1754956.578982115,1.0,432142.547810689,52940.279397113,-3.4653599990985635e-05,3427.065492077323,ACCUMULATING_PRE_EMA,0.0,,,,,-4.276140135618229,-0.15050341328706623,-4.276140135618229,-0.15050341328706623,,1.4974729468943644,0.9287150666421261,1,0.4510025167336183,MINER_BURN_ONLY,3247.2181204820517,3247.2181204820517,0.0,0.0010716998953323776,-0.7537587816165352,5H3mfhC8...,886592.318426284,,,ENTRY_REPEATED,False,7173591,1.0,0,5CDZ527X...,0.179995422293431,1.7691192678733008,1.4506858981650004,0.455728848736418,,COUNTER,737746.259644216,729.248648798,0.0,DIVERGENT,-1.0,2.505633259930288,1295.967040512703,414498.668158384,0.23618742088695757,414498.668158384,0.23618742088695757,0.0,FORTRESS,False,True,2.3618742088695757,0,,20953.572238681005,0.011939652803737285,30.0
81,101,101,84,107,Minos,2026-09-07,9017107,0.052002511,0.05266340542584658,-0.01254940542683205,IN BAND,False,True,0.0,20846.491161214,1570173.242875139,1.0,400874.992278196,515116.843497716,0.001226016808458981,5043.284844041162,,0.0,,,0.02357610786254112,,-7.34317708728896,-0.15268443269312326,-7.34317708728896,-0.15268443269312326,,1.6737006645125845,0.6564773168969038,1,0.3637283952962511,MINER_BURN_ONLY,2619.339937092038,2618.844446133008,0.00016784924086366004,0.013276554836103346,-0.7446939661028417,5DA2vLrS...,1337727.346559983,,,,False,7457580,0.8024082778829131,0,5E4WJ2tA...,0.179995422293431,1.2892893471888551,1.057223166683175,0.7984465367535974,,COUNTER,404302.158067053,11728.725039684,0.0,DIVERGENT,-1.0,2.020764698689371,1295.967040512703,41164.694002343,0.026216657422442422,41164.694002343,0.026216657422442422,0.0,FORTRESS,False,True,0.2621665742244242,,,26953.36638083799,0.01716585510748086,30.0
82,102,102,85,121,sundae_bar,2026-09-07,9017107,0.00440524,0.004468869650736451,-0.014238421728403932,IN BAND,False,True,0.0,6170.378312211,2901425.02133464,1.0,1400690.32145086,551248.20475139,-0.0014768339828714987,26608.61295549129,ACCUMULATING_PRE_EMA,0.0,,,,,-1.8880737322752772,-0.1732341310289145,-1.8880737322752772,-0.1732341310289145,,0.9057618172711331,-2.3403446156916137,1,0.4264377776848657,MINER_BURN_ONLY,3070.351999331033,3070.351999331033,0.0,0.002126671641293235,-0.5172404587960622,5CXGaDJs...,1876600.268789337,,,,False,5766528,1.0,0,5EL9y2gd...,0.179995422293431,0.9949956048556917,0.8159009507795837,0.7329548922663737,,COUNTER,1293047.719037502,0.0,0.0,DIVERGENT,-1.0,2.369159016664774,1295.967040512703,202885.709556554,0.069926228685802,202885.709556554,0.069926228685802,0.0,FORTRESS,True,True,0.69926228685802,,,12500.351407879998,0.004308348937492068,30.0
83,103,103,86,116,Memo,2026-09-07,9017107,0.00600398,0.0060962524730712175,-0.015135933670531182,IN BAND,False,True,0.0,1438.117320237,680277.146244947,1.0,239527.330107812,107178.485147879,0.0001614247536338362,5048.348905535764,,0.0,,,0.02688629103258775,,-6.018774895623988,-0.18415385965812936,-6.018774895623988,-0.18415385965812936,,3.863131393589015,1.5261891014742606,1,0.45100251684236153,MINER_BURN_ONLY,3247.218121265003,3247.218121265003,0.0,0.002114016806496066,-0.6478974269574406,5F48aA3P...,98922.543080018,,,,True,8294730,1.0,0,5CXN6pP6...,0.179995422293431,10.892219095121995,8.931669519382938,0.0,,COUNTER,206697.323465652,1764.319155568,0.0,DIVERGENT,-1.0,2.5056332605344322,1295.967040512703,30.45052749,4.4761943948997066e-05,30.45052749,4.4761943948997066e-05,0.0,EXPOSED,False,True,0.0004476194394899707,,,37189.12917330002,0.05466761507215083,30.0
84,104,104,87,35,OxMarkets,2026-09-07,9017107,0.002318483,0.002354429801926017,-0.015267731446743841,IN BAND,False,True,0.0,6971.582099343,2916226.337461062,1.0,3006958.193570356,794189.981090085,-0.005304274305624786,39226.48886602465,ACCUMULATING_PRE_EMA,0.0,,,,,-2.3600672448574547,-0.18575739926871673,-2.3600672448574547,-0.18575739926871673,,0.9011646202633233,-3.8815466529776836,1,0.0,,0.0,0.0,1.5259021896696368e-05,0.002390617631350463,0.031112857566979343,5EqZVDbW...,9313.3478951,,,ENTRY_REPEATED,False,3037158,0.0,133,5FntQXN2...,,0.3185492982656451,0.3185492982656451,0.007340037539485129,,COUNTER,266886.343998939,0.0,0.0,OK,0.0,0.0,1295.967040512703,90621.384599702,0.031074880380718047,90621.384599702,0.031074880380718047,0.0,DORMITORY,True,True,0.31074880380718123,,,9120.955491286002,0.0031276569222767974,30.0
85,105,105,88,46,Instant,2026-09-07,9017107,0.003353508,0.003405527910217643,-0.015275138418794642,IN BAND,False,True,0.0,8242.346519812,3255068.674955942,1.0,2457827.629088103,1442727.68342734,-0.006844200137852545,61339.8693574653,ACCUMULATING_PRE_EMA,0.0,,,,,-4.558599334645549,-0.18584751742866815,-4.558599334645549,-0.18584751742866815,,0.8073562380479025,-5.897633516611373,1,0.4510025168841659,MINER_BURN_ONLY,3247.218121565995,3247.218121565995,0.0,0.002532157488174519,-0.2449227828964418,5Ft9E2ov...,685339.80351218,,,ENTRY_REPEATED,False,3919107,1.0,238,5CDnZ6oe...,0.179995422293431,1.9252867475363993,1.5787439463776387,0.22460284759419494,,COUNTER,997354.763688707,28041.129768459,0.0,DIVERGENT,-1.0,2.505633260766685,1295.967040512703,169097.066032586,0.0519488474493936,169097.066032586,0.0519488474493936,0.0,FORTRESS,True,True,0.5194884744939384,,,9562.559852459,0.0029377444248817365,30.0
86,106,106,89,16,trav,2026-09-07,9017107,0.001546813,0.0015718606300652027,-0.015935019674208482,IN BAND,False,True,0.0,417.859777599,423305.138886504,1.0,270142.367645858,51231.03118721,0.000900611716787907,7586.095327723946,,0.0,,,0.5822369716235298,,-7.740152037613734,-0.19387607270286986,-7.740152037613734,-0.19387607270286986,,6.208287494248011,0.25447730962230475,1,0.0,,0.0,0.0,0.0,0.0009871360850902309,-0.36182584120366784,5FkKY8WJ...,671978.038354616,,,ENTRY_PRE_EMA_PATTERN,True,8460646,1.0,1,5E2LP6En...,0.0,0.9515045070479132,0.9515045070479132,0.40806299020355846,,COUNTER,63578.799840379,0.04568655,0.0,OK,0.0,0.0,1295.967040512703,7333.737256624,0.01732494265464212,0.0,0.0,7333.737256624,NEITHER,False,False,0.13411712937026718,,,43816.56576483599,0.10351059257181386,30.0
87,107,107,90,69,Herald,2026-09-07,9017107,0.007910407,0.008039003936573863,-0.015996625650200907,IN BAND,False,True,0.0,4186.406092073,1259207.26014264,1.0,529227.583345552,73713.016732566,0.0011393261345515797,9002.786103007267,,0.0,,,0.14402876293869327,,-2.472591712587851,-0.19462561207744436,-2.472591712587851,-0.19462561207744436,,2.0870273569597324,-0.32487332965915733,1,0.4510025169405546,MINER_BURN_ONLY,3247.2181219719932,3247.2181219719932,0.0,0.0033246362410575474,-0.5797136302774879,5HBPFVcJ...,513059.267003639,,,,False,8138182,1.0,0,5FWB5CFZ...,0.179995422293431,2.6954447664869705,2.2102770474745297,0.2834798266495758,,COUNTER,358578.928095957,4110.268380516,0.0,DIVERGENT,-1.0,2.5056332610799634,1295.967040512703,485.813350565,0.00038580888622733025,485.813350565,0.00038580888622733025,0.0,EXPOSED,False,True,0.003858088862273302,,,25379.266961963993,0.020154956030899226,30.0
88,108,108,91,110,Green Compute,2026-09-07,9017107,0.012253316,0.012474125251173973,-0.017701381598135862,IN BAND,False,True,0.0,7123.965252012,2877657.835067439,1.0,581390.853810602,391284.169110559,0.0008840356011466324,9818.33233523171,,0.0,,,0.07214664186793456,,-5.991472613809341,-0.2153668094439863,-5.991472613809341,-0.2153668094439863,,0.9132426961867799,-0.2455668231419377,1,0.0,,0.0,0.0,0.0,0.002475612341814449,-0.7979638865255374,5D53sX6A...,1599394.704730723,,,ENTRY_REPEATED,False,5606062,1.0,155,5FmpATto...,0.179995422293431,10.459754610657113,8.577046662426223,0.0,,COUNTER,653602.202903777,0.0,0.0,OK,0.0,0.0,1295.967040512703,9205.92186508,0.0031991023230405207,9205.92186508,0.0031991023230405207,0.0,NEITHER,True,True,0.03199102323040521,,,17607.867155344,0.006118818902224125,30.0
89,109,109,92,37,Aurelius,2026-09-07,9017107,0.003642477,0.0037218057550489902,-0.021314587667927924,IN BAND,False,True,0.0,8323.06223536,3695171.106228066,1.0,2285000.333511252,355036.222028794,-0.0011818962588911177,37556.50085100159,ACCUMULATING_PRE_EMA,0.0,,,,,-2.803534243277036,-0.25932748329312305,-2.803534243277036,-0.25932748329312305,,0.7111984599496919,-2.90790364574935,1,0.451002516731387,MINER_BURN_ONLY,3247.2181204659864,3247.2181204659864,0.0,0.0022524159223186726,-0.38162521758718787,5GRBbS3a...,28346.28454927,,,,False,3212175,1.0,9,5FeKsRjZ...,0.09999237048905166,0.6734597964446148,0.6061189549690437,0.010163594188743743,,COUNTER,1286181.474208223,0.0,0.0,DIVERGENT,-1.0,2.5056332599178917,1295.967040512703,45507.151093348,0.012315302806045295,45507.151093348,0.012315302806045295,0.0,FORTRESS,True,True,0.12315302806045295,,,8895.408341444998,0.002407306207404614,30.0
90,110,110,93,113,TensorUSD,2026-09-07,9017107,0.002502225,0.0025677622761577368,-0.025523108882105485,IN BAND,False,True,0.0,1819.376440254,1584261.707467875,1.0,727103.216839017,66104.714049663,-0.0004889739469761811,24120.54355294106,ACCUMULATING_PRE_EMA,0.0,,,,,-3.1092211486410277,-0.3105311580656167,-3.1092211486410277,-0.3105311580656167,,1.6588168404324635,-3.7034794989299678,1,0.4464880183562572,MINER_BURN_ONLY,3214.7137321650516,3214.7137321650516,0.0,0.001148406498546196,-0.5410458697574375,5GndoVhM...,574234.587502473,,,,False,7119664,1.0,0,5FRumLA6...,0.179995422293431,2.4360109788990645,1.9975401540406932,0.32188100979883394,,COUNTER,759186.632272319,0.0,0.0,DIVERGENT,-1.0,2.4805520755321564,1295.967040512703,66686.970895381,0.04209340576814595,66686.970895381,0.04209340576814595,0.0,FORTRESS,False,True,0.42093405768146175,,,20092.40761960799,0.012682505374520274,30.0
91,111,111,94,87,Provenonce,2026-09-07,9017107,0.003762043,0.0038650070782750845,-0.026640074957129525,IN BAND,False,True,0.0,1605.458364673,1703852.715785162,1.0,426751.657768165,99692.374273243,-0.0004810604927689679,8237.795444487652,ACCUMULATING_PRE_EMA,0.0,,,,,-0.5719344611757802,-0.3241209119784092,-0.5719344611757802,-0.3241209119784092,,1.542386836405033,-0.07640556282828188,1,0.45100251672930125,MINER_BURN_ONLY,3247.218120450969,3247.218120450969,0.0,0.0009422518447747284,-0.7495371943450067,5HartH15...,4229.10805332,,,,False,7208725,1.0,1,5E2LP6En...,0.0,0.6428295763669017,0.6428295763669017,0.41773871110500693,,COUNTER,724302.931549105,811.040088965,0.0,DIVERGENT,-1.0,2.5056332599063036,1295.967040512703,165146.809780919,0.09692551958918395,165146.809780919,0.09692551958918395,0.0,FORTRESS,False,True,0.969255195891843,,,23161.992826326994,0.013593893774822893,30.0
92,112,112,95,99,Thirty Spokes,2026-09-07,9017107,0.00300476,0.003090853802859783,-0.027854375635666014,IN BAND,False,True,0.0,679.680737215,371041.488133822,1.0,226201.324561137,31258.829385253,,6257.25192333982,,,,,,,-7.191568832535542,-0.3388949035672698,-7.191568832535542,-0.3388949035672698,,7.082765900971619,1.8636293630077525,1,0.06150034319111203,MINER_BURN_ONLY,442.8024709760066,442.8024709760066,0.0,0.0018318187020904314,-0.39036105975504487,5DebFXsw...,1080091.043726465,,,,True,8572056,1.0,0,5FWbrcGF...,0.179995422293431,1.946276282591021,1.5959554612063611,0.9509872737815485,,COUNTER,72298.573447863,0.012273672,0.0,DIVERGENT,-1.0,0.3416772627186781,1295.967040512703,0.0,0.0,0.0,0.0,0.0,EXPOSED,False,,,,,51546.64015428799,0.13892419527946934,30.0
93,52,69,96,101,Tag101,2026-09-07,9017107,0.004340045,0.004361314466223121,-0.004876847654037686,IN BAND,False,True,4.7e-08,3875.463027528,2460459.060312236,1.0,892954.484241089,165937.341511679,0.0003527464605012477,5990.55960990442,,0.0,,,0.08127714355525062,3.187128844286403e-05,-1.0187260964247142,-0.059334979790791845,-1.298508942881839,-0.3391178262479167,-0.27978284645712487,1.0680933661487149,0.2798147177455677,1,0.4048569827014257,MINER_BURN_ONLY,2924.1460157729452,2915.0019553472184,0.0030975814450293626,0.0015750975458361,-0.6370780612099414,5H8dNvi1...,1332959.984277943,,,ENTRY_REPEATED,False,5481350,0.9023908651196964,0,5H6Dezn7...,0.179995422293431,1.1918105293052406,0.9772900897891862,0.574827181028826,,COUNTER,875818.576740869,6970.543419914,0.0,DIVERGENT,-1.0,2.2492871070193283,1295.967040512703,13574.61335476,0.005517105963566555,13574.61335476,0.005517105963566555,0.0,FORTRESS,True,True,0.055171059635665556,,,15470.266503854004,0.0062875529015674015,30.0
94,113,113,97,90,KubeTEE,2026-09-07,9017107,0.026859062,0.027632734505459666,-0.027998405489214423,IN BAND,False,True,0.0,2010.990397876,262775.912088432,1.0,74871.950140993,63020.05006699,,1689.4560267704364,,,,,,,-9.5538579745878,-0.3406472667854421,-9.5538579745878,-0.3406472667854421,,10.000916671219084,5.25953250591319,1,0.0,,0.0,0.0,1.5259021896696368e-05,0.007652871916202278,-0.7150730015738346,5C9y6fnL...,549305.677069558,,,,True,8618670,0.73894466994232,0,5EKtGWqs...,0.179995422293431,2.3206762581548537,1.9029651550619315,0.4441494231825673,,COUNTER,0.0,93350.046558101,2458.8155538890132,DIVERGENT,-0.2769626208533105,0.0,1295.967040512703,57595.683126337,0.21918174565008955,57595.683126337,0.21918174565008955,0.0,DORMITORY,False,True,2.1918174565008957,0,,54959.99290660001,0.2091515636642689,30.0
95,114,114,98,78,Umi,2026-09-07,9017107,0.004780985,0.004931159783154726,-0.03045425209455522,IN BAND,False,True,0.0,1606.21576005,957399.128095723,1.0,335959.240033959,150877.153993388,0.0001379181554245564,7888.767814802995,,0.0,,,0.028847226131133313,,-4.282076716211901,-0.3705267338170885,-4.282076716211901,-0.3705267338170885,,2.7449366965970814,-0.0031875263585263614,1,0.45100251672930525,MINER_BURN_ONLY,3247.218120450998,3247.218120450998,0.0,0.0016776866751955165,-0.6490918345915085,5GvYz1tB...,1130770.122288389,,,,False,7966145,1.0,0,5Fk765B4...,0.179995422293431,1.568482180600689,1.2861625681437465,0.6460660440700726,,COUNTER,73720.624206794,8107.779671713,0.0,DIVERGENT,-1.0,2.5056332599063262,1295.967040512703,69360.947488857,0.07244726410688994,69360.947488857,0.07244726410688994,0.0,FORTRESS,False,True,0.7244726410689003,,,34545.94802250299,0.03608312041312932,30.0
96,54,48,99,7,Allways,2026-09-07,9017107,0.003105975,0.0031145813409239054,-0.002763241662955712,IN BAND,False,False,0.000107972,6267.736683528,3195312.989828544,1.0,2017960.576304845,324081.028435875,-0.001063203871299582,4567.3012450935785,ACCUMULATING_PRE_EMA,0.0,,,,0.04527159169684229,-1.7598820759842475,-0.03361944023262783,-2.102130016140742,-0.3758673803891222,-0.3422479401564944,0.8224546416471754,0.3875195318533367,1,0.0,,0.0,0.0,3.0518043793392735e-05,0.0019615407640752956,-0.3684621530838801,5CAc19iE...,0.340322265,,,,False,2627691,0.50371568522729,26,5DCaForB...,,0.2615239828925486,0.2615239828925486,0.00714176712955898,,COUNTER,36084.978602376,217946.249594023,126.97452063797391,DIVERGENT,-1.0,0.0,1295.967040512703,3211.260531444,0.0010049909169042974,3211.260531444,0.0010049909169042974,0.0,NEITHER,True,True,0.010049909169042973,,,10955.271009504,0.0034285439468300237,30.0
97,55,6,100,4,Targon,2026-09-07,9017107,0.057363771,0.057412706315517426,-0.0008523429508529973,IN BAND,False,False,0.007658648,139047.91340714,3728287.300243272,1.0,2423967.448838677,2300970.837755743,-0.0046476622979413,3504.7746899188496,ACCUMULATING_PRE_EMA,0.0,,,,0.14474814077265036,1.1557321759594272,-0.010370172568711467,0.7681777222116368,-0.39792462631650183,-0.38755445374779035,0.704881300276543,0.5323025945204407,1,0.018023321803939268,MINER_BURN_ONLY,147.18335536902305,147.09326610374495,3.0518043793392735e-05,0.037295385845953204,-0.34984424496860217,5CXGPMnq...,,,,,False,1411451,0.12264050173195185,238,5CdBXrFk...,0.0,0.27931608797683904,0.27931608797683904,0.02456852482031405,,COUNTER,558699.300263186,0.0,0.0,DIVERGENT,-1.0,0.11350077703021888,1295.967040512703,183019.057563734,0.04908931174692249,183019.057563734,0.04908931174692249,0.0,DORMITORY,True,True,0.4908931174692249,,,12868.040083031996,0.0034514615014224767,30.0
98,115,115,101,40,Ralph,2026-09-07,9017107,0.004002714,0.004138680640608072,-0.03285265339731441,IN BAND,False,True,0.0,1813.275601749,415122.408313775,1.0,453011.542606355,79242.897779142,-1.8552276038102824e-06,-1393.1222707057605,,0.0,,,,,-12.607503365871146,-0.39970728300065866,-12.607503365871146,-0.39970728300065866,,6.33066282948907,8.340629929985221,1,0.0,,0.0,0.0,0.0,0.004368050400156705,0.09127217187056197,5HeKCDfd...,766785.26308694,3.002924836904829,BUYBACK_GAMING,,True,8409860,1.0,6,5E2LP6En...,0.0,0.871070622909377,0.871070622909377,0.2257980833791125,,COUNTER,22349.634720453,0.042920633,0.0,OK,0.0,0.0,1295.967040512703,22427.898380107,0.05402719277720757,22427.898380107,0.05402719277720757,0.0,DORMITORY,False,True,0.5402719277720758,,,42194.36766956999,0.10164319445188055,30.0
99,116,116,102,70,SN70,2026-09-07,9017107,0.007773056,0.008038559928536415,-0.033028792581851804,IN BAND,False,True,0.0,636.102046911,211193.564739103,1.0,81834.227128372,11276.091988763,,2349.2019079175952,,,,,,,-17.05888446397425,-0.4018503097458636,-17.05888446397425,-0.4018503097458636,,12.443560973301851,9.81759787760344,1,0.4510025167302774,MINER_BURN_ONLY,3247.2181204579974,3247.2181204579974,0.0,0.0030119385867500544,-0.6125155168379008,5EP42hSo...,566362.600837174,,,ENTRY_REPEATED,True,8825571,1.0,1,5E2LP6En...,0.0,1.9845566691863994,1.9845566691863994,0.9730674153874325,,COUNTER,76309.625830784,0.0,0.0,DIVERGENT,-1.0,2.5056332599117273,1295.967040512703,0.0,0.0,0.0,0.0,0.0,EXPOSED,False,,,,,34476.10706903899,0.1632441173651711,30.0
100,117,117,103,94,pending...,2026-09-07,9017107,0.003493692,0.003613532753661275,-0.03316442988924087,IN BAND,False,True,0.0,2022.568075418,1781902.172986555,1.0,578919.977379117,114013.298114564,-7.290167659344193e-05,19783.539100086433,ACCUMULATING_PRE_EMA,0.0,,,,,-10.445156498124192,-0.4035005636524306,-10.445156498124192,-0.4035005636524306,,1.4748284388672943,-2.421918974929771,1,0.45100251672902636,MINER_BURN_ONLY,3247.21812044899,3247.21812044899,0.0,0.00113506123180044,-0.6751112485587052,5CnwnkkC...,731903.876507706,,,ENTRY_REPEATED,False,6962737,1.0,0,5EeKtCKE...,0.179995422293431,2.01744450065876,1.6543137258091265,0.3704218044194848,,COUNTER,757096.789229443,0.075116968,0.0,DIVERGENT,-1.0,2.5056332599047764,1295.967040512703,273.723032556,0.0001536128283053984,273.723032556,0.0001536128283053984,0.0,EXPOSED,False,True,0.001536128283053984,,,20034.386085588005,0.011243258125674428,30.0
101,118,118,104,47,Feval,2026-09-07,9017107,0.003002751,0.003110321471467614,-0.03458500108570984,IN BAND,False,True,0.0,1303.709285831,1496423.164713102,1.0,434171.587406221,46597.146404566,1.9567391779975152e-05,16579.504456474388,,0.0,,,0.006516488306880974,,-4.068326328339037,-0.42078417987613637,-4.068326328339037,-0.42078417987613637,,1.7561877294941814,-2.1491840959213464,1,0.4117766852065835,MINER_BURN_ONLY,2964.8371781200403,2964.7921334874013,1.5259021896696368e-05,0.0008712169903363869,-0.7098603945727145,5GBmFsPk...,924187.792996331,,,ENTRY_REPEATED,False,7340355,0.9038666951506088,0,5GjN9n3n...,0.179995422293431,1.7238712130909142,1.4135822861111258,0.5747924551336833,,COUNTER,665270.83336116,52.790049364,0.0,DIVERGENT,-1.0,2.28770643141857,1295.967040512703,92140.265274181,0.06157366943183239,1082.01056104,0.0007230645625881138,91058.254713141,EXPOSED,False,False,0.6586222447528733,,,23480.873303076,0.015691332409691623,30.0
102,119,119,105,127,Astrid,2026-09-07,9017107,0.002633273,0.0027284196112304926,-0.034872426088295896,IN BAND,False,True,0.0,3227.084578789,2909970.1613426,1.0,1225503.003284974,598135.76601715,-0.0011311304522673383,50916.01567351562,ACCUMULATING_PRE_EMA,0.0,,,,,-4.850526322315496,-0.42428118407426674,-4.850526322315496,-0.42428118407426674,,0.9031020437637393,-5.319235035830516,1,0.4510025167301582,MINER_BURN_ONLY,3247.218120457139,3247.218120457139,0.0,0.0011089751440269374,-0.5788605495795774,5FU4uxAd...,1536189.387949314,,,ENTRY_PRE_EMA_PATTERN,False,5848837,1.0,0,5EKrpcqV...,0.179995422293431,1.1129364501021475,0.9126129837802595,0.5867604645129786,,COUNTER,1227722.076529537,203.185912805,0.0,DIVERGENT,-1.0,2.5056332599110647,1295.967040512703,5535.674552263,0.0019023131665752045,5535.674552263,0.0019023131665752045,0.0,EXPOSED,True,True,0.019023131665752046,,UNDEFENDED_BURNER,13133.043635599,0.004513119691076037,30.0
103,120,120,106,25,UR,2026-09-07,9017107,0.008590339,0.008904876420274377,-0.03532192985387715,IN BAND,False,True,0.0,14984.212815928,4162386.335394572,1.0,1744309.816456299,702711.782054344,-0.00189072698649151,43805.878604859114,ACCUMULATING_PRE_EMA,0.0,,,,,-3.368516046091522,-0.4297501465555053,-3.368516046091522,-0.4297501465555053,,0.6313685920148687,-3.1233002243710315,1,0.45100251673250263,MINER_BURN_ONLY,3247.218120474019,3247.218120474019,0.0,0.003599909188753277,-0.5809351425184411,5HTeZ516...,62335.493489573,,,ENTRY_REPEATED,False,2998801,1.0,1,5F6aRdsB...,0.179995422293431,17.285272841692247,14.174002857094678,0.0,,COUNTER,949591.487981095,0.0,0.0,DIVERGENT,-1.0,2.50563325992409,1295.967040512703,323519.372769362,0.07772449424464442,323519.372769362,0.07772449424464442,0.0,FORTRESS,True,True,0.7772449424464443,,,8794.467036544997,0.0021128425686394938,30.0
104,51,45,107,54,Yanez,2026-09-07,9017107,0.004640238,0.00470407260581851,-0.013570072396321605,IN BAND,False,False,0.000139978,8581.779438547,3963629.680457936,1.0,1849426.453182069,876957.413266763,-0.0018134332739084883,4648.792252674699,ACCUMULATING_PRE_EMA,0.0,,,,0.042865490383924794,5.639395588242861,-0.16510254748857953,5.364373680735926,-0.4401244549955148,-0.2750219075069353,0.6630286408836193,0.31788739789086007,1,0.13203191727267996,MINER_BURN_ONLY,981.6491319430061,979.3068110457756,0.0007934691386282111,0.0021651314906783897,-0.5334007672282349,5FUfruyV...,3562678.254844916,,,,False,4742549,0.30406365010766156,59,5DUB7kNL...,0.01998931868467231,0.34291872713705973,0.33606401541737485,0.8300778269494888,,COUNTER,586859.217883501,0.0,0.0,DIVERGENT,-1.0,0.7556571891352637,1295.967040512703,644081.425659809,0.16249788138265112,644081.425659809,0.16249788138265112,0.0,FORTRESS,True,True,1.6249788138265109,0,,11184.370683627,0.0028217496550623313,30.0
105,48,68,108,2,DSperse,2026-09-07,9017107,0.003271735,0.0034085423685610294,-0.04013661963626547,IN BAND,False,True,1.63e-07,7994.487846925,3254701.308182329,1.0,2443500.95049123,708262.833989154,-0.002026472196230547,,,,,,,5.3582419312172186e-05,3.674228658721693,-0.48832887224122984,3.674282241141005,-0.48827528982191765,5.3582419312172186e-05,0.8074473664889616,,,,,,,0.00016784924086366004,0.002456289253587367,-0.249239546116245,5EcYQ3W7...,2873849018183410.0,,,,False,2734060,0.8247207130211831,14,5CFxLBvp...,0.179995422293431,0.6548493823708919,0.5369794912524507,0.922038088262223,,,703020.157122605,0.0,,NO_ESTIMATE,,,,1144508.261830867,0.35164771002290435,1144508.261830867,0.35164771002290435,0.0,,True,True,3.5164771002290434,0,,9931.511229414997,0.003051435535558101,30.0
106,121,121,109,58,greevils,2026-09-07,9017107,0.008352413,0.008702801074832678,-0.040261528652648766,IN BAND,False,True,0.0,992.67406202,481902.428001008,1.0,118848.76269955,22003.13319106,,4582.008830617124,,,,,,,-1.8832809857688528,-0.4898485986072266,-1.8832809857688528,-0.4898485986072266,,5.4533860949845705,2.5159363527556367,1,0.0,,0.0,0.0,0.0,0.002059906745308873,-0.7533758513487212,5CLUzEqe...,759411.46064018,,,ENTRY_REPEATED,True,8511017,0.0,1,5E2LP6En...,0.0,0.7959818623109893,0.7959818623109893,0.36743880852102795,,COUNTER,78931.873767343,0.045668707,0.0,OK,0.0,0.0,1295.967040512703,32808.027617922,0.06808022892520761,32808.027617922,0.06808022892520761,0.0,DORMITORY,False,True,0.6808022892520761,,,46216.44884834699,0.09590416267471123,30.0
107,122,122,110,92,MicroTensor,2026-09-07,9017107,0.003568823,0.0037260730750858784,-0.04220262778454876,IN BAND,False,True,0.0,950.83245601,577075.70106862,1.0,266427.444345675,77062.666453157,-2.6195570558567144e-05,16877.86399648394,ACCUMULATING_PRE_EMA,0.0,,,,,-16.45914577611569,-0.5134653047120099,-16.45914577611569,-0.5134653047120099,,4.553995247302061,-5.603141881438823,1,0.16092408678033035,MINER_BURN_ONLY,1158.6984694510174,1158.6534248183784,1.5259021896696368e-05,0.0016476737007800933,-0.5383145365348483,5E9LPDS2...,626683.055089992,,,,True,8352006,0.5,0,5FeHbWK1...,0.179995422293431,1.7120141449952437,1.4038594359944976,0.4957349732195993,,COUNTER,210826.946371391,0.041020142,0.0,DIVERGENT,-1.0,0.8940454414334477,1295.967040512703,50000.0,0.08664374519220054,50000.0,0.08664374519220054,0.0,FORTRESS,False,True,0.8664374519220054,,,41026.40745885798,0.07109363188033374,30.0
108,123,123,111,100,Cortex,2026-09-07,9017107,0.005723414,0.00598785444162786,-0.04416280392346505,IN BAND,False,True,0.0,3029.408065285,1959591.376959958,1.0,529300.809292478,375449.465393659,-0.001453934361040321,18679.151725503383,ACCUMULATING_PRE_EMA,0.0,,,,,-2.252529615429298,-0.537314114402158,-2.252529615429298,-0.537314114402158,,1.3410959197406696,-2.0002984977522376,1,0.4510025167283311,MINER_BURN_ONLY,3247.218120443984,3247.218120443984,0.0,0.0015459386588977126,-0.7298922183686672,5FX6kmhY...,1198910.260683661,,,,False,6693448,1.0,147,5E2LP6En...,0.0,1.3553159971294282,1.3553159971294282,0.5187767994750737,,COUNTER,708932.357269395,1077.059572996,0.0,DIVERGENT,-1.0,2.5056332599009137,1295.967040512703,270749.761926994,0.138166438733276,270749.761926994,0.138166438733276,0.0,FORTRESS,False,True,1.3816643873327643,0,,23634.782017715002,0.012061076761003705,30.0
109,53,40,112,79,MVTRX,2026-09-07,9017107,0.00350147,0.0035990357864648104,-0.02710886811176872,IN BAND,False,False,0.000200812,7407.809203381,2968387.988579205,1.0,2115628.168282143,485017.449231172,-0.0051205686723918425,4531.232592488639,ACCUMULATING_PRE_EMA,0.0,,,,0.07124021711562668,-24.123466042499597,-0.32982456202651944,-24.436184925370377,-0.6425434448972986,-0.3127188828707792,0.8853290102611793,0.38395909998640587,1,0.0,,0.0,0.0,0.001831082627603564,0.002495566358536132,-0.2872803826575318,5Fxp7QBG...,3284365.641833208,,,,False,5173967,0.0,0,5EWwdZB7...,0.179995422293431,0.3280651838837555,0.2690149525708268,1.0,,COUNTER,444229.939659842,37317.847662374,0.0,OK,0.0,0.0,1295.967040512703,1355085.827207694,0.4565056294599464,1355085.827207694,0.4565056294599464,0.0,DORMITORY,True,True,4.565056294599463,0,,12261.172837853004,0.004130582957830158,30.0
110,56,54,113,98,NeverPlayAlone,2026-09-07,9017107,0.00277631,0.0027768199797719717,-0.00018365604385107891,IN BAND,False,True,7.3844e-05,5175.631395338,2914013.874791002,1.0,1864212.26798485,206184.667681056,-0.001032365332540136,427.7890843190253,ACCUMULATING_PRE_EMA,0.0,,,,0.03749533480587571,-1.6558648205329614,-0.002234481866854793,-2.523835898462357,-0.8702055597962507,-0.8679710779293959,0.9018488287700706,0.9054664127352716,1,0.0,,0.0,0.0,0.0,0.0017761176225385012,-0.3602596170677982,5EWzZCNs...,1661195.552615491,,,,False,5445992,1.0,153,5E2LP6En...,0.0,0.4212174982731098,0.4212174982731098,0.23334808417133354,,COUNTER,1255490.393926426,0.0,0.0,OK,0.0,0.0,1295.967040512703,483137.994757555,0.16579811061888183,483137.994757555,0.16579811061888183,0.0,DORMITORY,True,True,1.657981106188821,0,,11998.894536910004,0.004117651820642269,30.0
111,57,49,114,32,ItsAI,2026-09-07,9017107,0.003056322,0.0030564400367438793,-3.861902817006062e-05,IN BAND,False,False,0.000107243,7269.961601517,3587772.440146604,1.0,2378662.860537528,305127.681110192,-0.0011755096356559623,-1146.9114227755927,,0.0,,,,0.03876700035680938,-0.7285892509578648,-0.00046986484273573754,-1.6105902150408684,-0.8824708289257394,-0.8820009640830037,0.7324879277718668,0.920767964439813,1,0.0,,0.0,0.0,0.0018463416495002605,0.002026316251322766,-0.3370082565505971,5DWgkCSv...,56073.43837374,0.5663934926026466,BUYBACK_GAMING,,False,2515294,0.07452533096890568,190,5HpBQ3Kw...,0.179995422293431,6.22250028483395,5.102478718344269,0.0,,COUNTER,17419.272873098,0.0,0.0,OK,0.0,0.0,1295.967040512703,634410.218859858,0.17682565699008898,634410.218859858,0.17682565699008898,0.0,DORMITORY,True,True,1.76825656990089,0,,11717.546956523998,0.003265967157060049,30.0
112,58,52,115,128,ByteLeap,2026-09-07,9017107,0.002888101,0.002888554008677602,-0.0001568288757076353,IN BAND,False,True,8.6119e-05,4084.531657988,2859286.324563163,1.0,1414261.640522839,91113.956577964,-0.00022424396803000932,655.3191395935137,ACCUMULATING_PRE_EMA,0.0,,,,0.055409224594303516,0.0732953182999994,-0.0019080846544428961,-0.8245833085200249,-0.8997867114744672,-0.8978786268200243,0.9191104708275417,0.9532878514143278,1,0.0,,0.0,0.0,9.15541313801782e-05,0.0014285143893772263,-0.505379351561034,5GgMeLFN...,875947.129651511,,,ENTRY_REPEATED,False,5856038,1.0,96,5HQTcjYx...,,7.0151483574209434,7.0151483574209434,0.0,,COUNTER,186014.794503201,289.843039317,0.0,OK,0.0,0.0,1295.967040512703,3774.579570467,0.001320112483328746,3774.573941721,0.0013201105147445048,0.00562874599972929,NEITHER,True,True,0.013201105147445047,,,12878.820943887005,0.004504208212115522,30.0
113,59,1,1,51,lium.io,2026-09-07,9017107,0.08672874,0.08639388112351298,0.0038759559372993605,IN BAND,False,False,0.012126419,155504.188952122,4038836.088946741,1.0,1792994.925496028,1974275.67917943,0.015805744069074572,-5186.784437456867,DISTRIBUTING_PRE_EMA,0.0,,0.18224344166737086,0.18224344166737086,0.20493485961212188,2.302314676422495,0.047157463903808886,1.2231542894623693,-1.0320029230563168,-1.0791603869601256,0.6506825090506055,1.2840952465722475,1,0.0,,0.0,0.0,0.0005340657663844839,0.03850222824781058,-0.5560614826433478,5FqACMtc...,216.588029224,0.0,,,False,3966206,0.7410076335877862,61,5FUY2npW...,,3.9318761094509083,3.9318761094509083,0.0,,COUNTER,1171146.945421614,47834.295633396,0.0,OK,0.0,0.0,1295.967040512703,489373.612807796,0.12116699019974743,489373.612807796,0.12116699019974743,0.0,DORMITORY,True,True,1.2116699019974742,0,,12290.349900762998,0.0030430425078151933,30.0
114,124,124,116,103,Capcomp,2026-09-07,9017107,0.010743551,0.011945013189688325,-0.10058274282405155,IN BAND,False,True,0.0,982.285865176,279590.830741803,1.0,91430.278677811,28716.135932283,,6800.0340261614765,,,,,,,-21.61330541216446,-1.2237567043592938,-21.61330541216446,-1.2237567043592938,,9.399449878336354,1.1935501284960806,1,0.0,,0.0,0.0,9.15541313801782e-05,0.0035132978523287946,-0.6729854168022478,5H3SQ4du...,750742.598289173,,,ENTRY_REPEATED,True,8762380,0.9000747760533504,103,5H6VKx1U...,,0.9394686106390756,0.9394686106390756,0.019532144110600766,,COUNTER,58515.647633786,0.014698804,0.0,OK,0.0,0.0,1295.967040512703,0.0,0.0,0.0,0.0,0.0,NEITHER,False,,,,,56885.700523564,0.20346053685893908,30.0
115,60,13,5,68,NOVA,2026-09-07,9017107,0.022782041,0.022608354222029448,0.0076824158125279405,IN BAND,False,False,0.003237642,45248.79231261,3736245.776045298,1.0,1986160.568865513,1681014.649988848,0.0020257665134935203,-14438.075677863788,DISTRIBUTING_PRE_EMA,0.0,,0.0889194481518807,0.0889194481518807,0.1880386799545329,1.6538843542319477,0.0934693923857566,-0.4302247833472077,-1.9906397451933988,-2.0841091375791554,0.7033798517349299,2.272147817533688,1,0.0,,0.0,0.0,0.0,0.012110764394226887,-0.46840740062635794,5EcdJLAe...,3157494.257768503,0.37747238249285164,BUYBACK_GAMING,,False,4972413,0.0,11,5E2LP6En...,0.0,0.16981510463649152,0.16981510463649152,0.06317909901110975,,COUNTER,682309.357738917,6247.123951755,0.0,OK,0.0,0.0,1295.967040512703,567565.662462552,0.15190801046908184,567565.662462552,0.15190801046908184,0.0,DORMITORY,True,True,1.5190801046908189,0,,20193.77025963,0.00540482919756004,30.0
116,62,39,117,26,Perturb,2026-09-07,9017107,0.003711637,0.003709986340254545,0.0004449234024245412,IN BAND,False,False,0.000225293,2069.150648348,940905.355016944,1.0,557476.469804827,66440.080137018,-0.00014188253281285655,1790.289260476944,ACCUMULATING_PRE_EMA,0.0,,,,0.28614156464281904,-2.8248608518248477,0.005413234729498584,-5.08915895877974,-2.2588848722253942,-2.2642981069548926,2.7930545681214394,2.5504396715977116,1,0.0,,0.0,0.0,6.103608758678547e-05,0.002199106039002975,-0.40751047610448565,5FsVAEPM...,1573226.244659813,,,,False,8123781,0.1607178282034457,126,5C5hoeGp...,,7.396137030368239,7.396137030368239,0.0,,COUNTER,93577.704880545,1668.571827101,0.0,OK,0.0,0.0,1295.967040512703,40627.068742591,0.04317869860763985,37181.771420233,0.039517015417096256,3445.2973223579975,DORMITORY,False,True,0.3951701541709719,,,30835.751121575988,0.03277242600135982,30.0
117,61,50,118,106,Nodexo,2026-09-07,9017107,0.002901965,0.0029256860725581646,-0.008107866657554103,IN BAND,False,True,9.0507e-05,6555.854878182,2527310.01364545,1.0,2259108.636970035,359119.411839054,-0.0008091572467977437,-7508.610317272134,,0.0,,,,0.03628091231725964,0.25612977047123503,-0.09864571100024158,-1.9767534936511353,-2.331528975122612,-2.2328832641223704,1.0398407737123283,2.26916417643963,1,0.0,,0.0,0.0,0.0001373311970702673,0.0025940050262079576,-0.10612118815769393,5CTdHCps...,1181633.848752646,0.34595567442965725,BUYBACK_GAMING,,False,5558480,0.3301437597289626,31,5E4vCZrj...,0.0,0.4309064891694799,0.4309064891694799,0.03694603833475766,,COUNTER,838637.534343767,0.0,0.0,OK,0.0,0.0,1295.967040512703,308601.04659489,0.12210652627841123,308601.04659489,0.12210652627841123,0.0,DORMITORY,True,True,1.2210652627841145,0,,11984.209478922003,0.004741883431085569,30.0
118,63,11,119,93,Bitcast,2026-09-07,9017107,0.020905671,0.02043427270837128,0.023069002668032416,IN BAND,False,False,0.003319311,24668.177800677,3842443.993317986,1.0,1179975.448743497,998663.09057735,-0.0033716791650470626,-37665.62604467338,,0.0,,,,0.35361952465579355,10.206392141227976,0.2806728657943944,6.05967852403883,-3.8660407513947517,-4.146713617189146,0.6839397020672506,4.50033314184494,1,0.014114445398007176,SKIN_IN_GAME,117.80448570707813,117.75944107443908,1.5259021896696368e-05,0.006419918636049084,-0.6929101851813757,5EbY1Seb...,2351853.522684016,0.2714317571590666,BUYBACK_GAMING,,False,5370681,0.7836848048341318,158,5HVydkt4...,0.179995422293431,5.566654128029069,4.564681867493006,0.0,,COUNTER,1086944.744092382,0.0,0.0,DIVERGENT,-1.0,0.09086607714024252,1295.967040512703,427930.957620956,0.11136947171256846,427930.957620956,0.11136947171256846,0.0,DORMITORY,True,True,1.1136947171256844,0,,22393.056622357002,0.005827816010148372,30.0
119,64,28,120,11,TrajectoryRL,2026-09-07,9017107,0.00911539,0.009176656138151884,-0.00667630313586354,IN BAND,False,False,0.001267417,21807.799003096,3477386.104140627,1.0,2392415.28237819,994867.218295353,-0.004553696919034271,-40441.42341239657,,0.0,,,,0.15273306010969465,10.026747215850124,-0.08122835481967307,4.91747024298465,-5.190505327685147,-5.109276972865474,0.7557400648926393,5.2620100329751684,1,0.0,,0.0,0.0,0.0,0.006271319419241022,-0.3120075587285873,5D2Jhtbn...,2349781.694220883,0.7769834262210631,BUYBACK_GAMING,,False,2918568,1.0,189,5GgqDcxk...,0.0,0.3489729695579298,0.3489729695579298,0.03378502105841421,,COUNTER,1145934.992162841,47996.465498293,0.0,OK,0.0,0.0,1295.967040512703,46180.459268605,0.013280221949934336,46180.459268605,0.013280221949934336,0.0,DORMITORY,True,True,0.13280221949934337,,,10406.103674062999,0.002992507407121729,30.0
120,65,9,121,3,Teutonic,2026-09-07,9017107,0.029841072,0.029200748773291707,0.021928315320940008,IN BAND,False,False,0.004082501,81151.163605175,3261649.22165479,1.0,2719445.321725104,3449519.344926272,-0.03954664999786193,-44814.46276338259,,0.0,,,,0.13220774849512848,2.202264211562471,0.26679450307143676,-3.784088713553434,-5.719558422044468,-5.986352925115905,0.8057273549074938,6.118560673611033,1,0.0,,0.0,0.0,7.629510948348184e-05,0.024880408066690615,-0.16623611689651716,5GsGUrd2...,3180211.119218755,0.7877428139728819,BUYBACK_GAMING,,False,4165565,0.0,217,5FeKsRjZ...,0.09999237048905166,0.34397814042058283,0.3095829507635129,0.0029755546739097262,,COUNTER,578475.334942498,0.0,0.0,OK,0.0,0.0,1295.967040512703,387744.070639832,0.11887975814980832,387621.49464278,0.11884217716279163,122.57599705201574,DORMITORY,True,True,1.1884217716279175,0,,16705.99975572899,0.005121948627956148,30.0
121,66,51,122,21,AdTAO,2026-09-07,9017107,0.003801172,0.0036138086579740047,0.051846503165730924,IN BAND,False,True,8.9084e-05,7894.276323449,3838987.87832757,1.0,2076800.641511425,588164.277558306,-0.0017317969702688176,-61400.35336359008,,0.0,,,,0.02965601182525068,-0.07744396888266808,0.6307991218497262,-6.777234146695044,-6.068991055962649,-6.699790177812376,0.6845554305695988,6.729446189637626,1,0.06715067130142151,SKIN_IN_GAME,495.26621284603607,494.8157665196456,0.00015259021896696368,0.0020563431231484094,-0.45902392126733293,5HjCYVfr...,1965164.871060666,0.2385498648287216,BUYBACK_GAMING,,False,3156578,0.9160473101869515,133,5FW5NUrU...,,6.122260458975549,6.122260458975549,0.0,,COUNTER,831379.168542776,0.0,0.0,DIVERGENT,-1.0,0.3818119991106328,1295.967040512703,5839.628796876,0.0015211375971887664,5839.628796876,0.0015211375971887664,0.0,EXPOSED,True,True,0.015211375971887663,,UNDEFENDED_BURNER,10063.97874312,0.0026215187601749622,30.0
122,67,5,123,97,Albedo,2026-09-07,9017107,0.024716218,0.024226897628977895,0.02019740119084949,IN BAND,False,False,0.009044819,12915.329419447,1119906.90715998,1.0,522544.948421504,516479.780684712,-0.0002017478056674679,-16304.127427970001,,0.0,,,,1.8404319053766545,4.49967506304022,0.24573504782200212,-2.5142361026997246,-6.7681761179179425,-7.013911165739945,2.346623619515356,8.854343071116599,1,0.0,,0.0,0.0,7.629510948348184e-05,0.011532502690066926,-0.5334034240162906,5GnW8owm...,1364743.189123091,0.5538526395818418,BUYBACK_GAMING,,False,7735450,0.19999999999999996,28,5E2LP6En...,0.0,0.6283675350837846,0.6283675350837846,0.18590633726519465,,COUNTER,70872.776437572,4583.298014649,0.0,OK,0.0,0.0,1295.967040512703,9448.685951711,0.008437028016616426,9448.685951711,0.008437028016616426,0.0,DORMITORY,False,True,0.08437028016617135,,,32194.999480714992,0.02874792473810138,30.0
123,69,66,124,10,Pareton,2026-09-07,9017107,0.007462433,0.007204782217741013,0.03576107847153933,IN BAND,False,True,2.68e-07,17803.080524395,3502316.241075959,1.0,2385693.590318824,961697.484864129,0.0019830543029549486,-64715.25923883356,DISTRIBUTING_PRE_EMA,0.0,,,0.2657383058521193,3.956079393310132e-05,1.2917287143320884,0.4350931214037285,-6.434121285552535,-7.290756878480895,-7.725849999884623,0.750360566866641,7.7258895606785565,1,0.4112661577776804,SKIN_IN_GAME,2961.2679808200337,2961.2229361873947,1.5259021896696368e-05,0.005083230439215179,-0.3188239761462275,5HK5714c...,1110141.199097842,1.382902746813111,BUYBACK_GAMING,,False,2869647,0.9061098055970946,201,5GKbzKzG...,0.179995422293431,1.1713821908508322,0.9605387587416322,0.3007935296810621,,COUNTER,794250.802453301,0.0,0.0,DIVERGENT,-1.0,2.2849523511152663,1295.967040512703,64893.744010244,0.01852880766424101,20420.796487145,0.005830654652953742,44472.94752309901,FORTRESS,True,True,0.05830654652953749,,,20288.609831086014,0.005792912014379683,30.0
124,68,33,4,96,Verathos,2026-09-07,9017107,0.008850559,0.008785219630226493,0.007437420181130037,IN BAND,False,False,0.000792353,3627.947389154,862108.271386794,1.0,409911.713916758,91189.697123494,0.0007914143622985852,-10005.849072524521,DISTRIBUTING_PRE_EMA,0.0,,0.08941970358014507,0.08941970358014507,0.5739619296093408,11.436561234463975,0.09048861220374878,4.028234741992614,-7.317837880267612,-7.40832649247136,3.048341011474787,7.9822884220807016,1,0.16667641582794224,SKIN_IN_GAME,1309.3993031019927,1307.5074285311528,0.0006408789196612474,0.004208227098109215,-0.5245241460896181,5CGq1JQh...,747602.79013496,0.8353183879190881,BUYBACK_GAMING,,False,7692872,0.4035545783518849,0,5GpKXttD...,0.179995422293431,1.385509208277315,1.1361238932420024,0.5580327168406275,,COUNTER,255488.192971755,7897.141864024,0.0,DIVERGENT,-1.0,1.0089048468500281,1295.967040512703,180945.438644192,0.20988713906331252,180945.438644192,0.20988713906331252,0.0,FORTRESS,False,True,2.0988713906331284,0,,33221.97790275099,0.03853573733761985,30.0
125,125,125,125,36,SN36,2026-09-07,9017107,0.005281295,0.0,,N/A,False,True,0.0,503.143267211,0.0,0.0,95268.915526717,1.994240421,,,,,,,,,0.0,,0,,,,,,,,,,0.0,,,5DCjvVt6...,383002.815788425,,,,True,8884359,1.0,0,5EFY7fKV...,,0.0,0.0,0.0,,,0.0,0.0,,NO_ESTIMATE,,,,0.0,,0.0,,0.0,,False,,,,,0.0,,30.0
126,126,126,126,59,SN59,2026-09-07,9017107,0.005121077,0.0,,N/A,False,True,0.0,530.274704661,0.0,0.0,103547.483500943,1.213992187,,,,,,,,,0.0046230423803576524,,0.0046230423803576524,,,,,,,,,,0.0,,,5GzrQ2fe...,533579.387283593,,,,True,8938771,1.0,0,5FKjMupT...,,0.0,0.0,0.0,,,0.0,0.0,,NO_ESTIMATE,,,,0.0,,0.0,,0.0,,False,,,,,0.0,,30.0
127,127,127,127,76,SN76,2026-09-07,9017107,0.004977563,0.0,,N/A,False,True,0.0,462.475432488,0.0,0.0,92912.006849454,1.899086429,,,,,,,,,35.954270203306905,,35.954270203306905,,,,,,,,,,0.0,,,5CLWmDjL...,670774.306858409,,,,True,9003844,1.0,0,5CqaQ34d...,,0.0,0.0,0.0,,,0.0,0.0,,NO_ESTIMATE,,,,0.0,,0.0,,0.0,,False,,,,,0.0,,30.0
128,128,128,128,86,SN86,2026-09-07,9017107,0.005989978,0.0,,N/A,False,True,0.0,709.206653217,0.0,0.0,118398.856999575,2.080993178,,,,,,,,,0.0,,0,,,,,,,,,,0.0,,,5F4XAWGz...,286587.622715163,,,,True,8693284,1.0,0,5F1N5GEH...,,0.0,0.0,0.0,,,0.0,0.0,,NO_ESTIMATE,,,,0.0,,0.0,,0.0,,False,,,,,0.0,,30.0
