combined_apy_rank,real_apy_rank,emission_rank,epr_rank,netuid,name,date,block,spot_price,moving_price,momentum_30d,ema_band,ema_lag_flag,low_emission,tao_emission,tao_reserves,alpha_outstanding,alpha_out_emission,alpha_in_pool,volume,ema_tao_inflow,pool_growth_real,pool_ema_divergence,flow_momentum,flow_price_divergence,emission_price_ratio,emission_price_ratio_raw,emission_apy,price_apy_7d,price_apy_30d,combined_apy_7d,combined_apy_30d,real_apy,gross_emission_rate,net_supply_delta,supply_days_gap,supply_defence,supply_defence_quality,burned_tokens,manual_burn,miner_burn_rate,liquidation_price,liquidation_haircut,owner_coldkey,owner_stake,owner_inflow_pct,owner_inflow_flag,large_entry_anomaly,immune,registered_at,vali_miner_share,best_validator_uid,best_validator_hotkey,best_validator_take,best_validator_raw_apy,best_validator_apy,best_validator_div_pct,best_validator_trust,burned_source,alpha_burned_cum,alpha_recycled_cum,recycled_tokens,recon_flag,recon_gap_relative,burn_coverage,owner_cut_emission,total_locked_alpha,locked_float_ratio,owner_locked_alpha,owner_lock_ratio,community_locked_alpha,commitment_class,gate_eligible,leader_is_owner,leader_pct_of_threshold,leader_blocks_to_threshold,governance_flag,basket_alpha,basket_share,ema_halving_days
1,1,73,14,47,Feval,2026-09-15,9074314,0.00125399,0.0019369982182979584,-0.3526116915575267,DISCOUNT,True,True,1.8994e-05,843.0061075,1315704.849191624,1.0,672258.71052306,51286.760197825,1.9567391779975152e-05,193638.30793392152,,0.0,,,0.015604105120435691,0.05921218310983589,-28.27493674202349,-4.290108913949908,17.150540661314846,41.135368489388426,45.425477403338334,1.9974084625550002,-45.3662652202285,1,0.0,,0.0,0.0,0.0,0.0006407258497359399,-0.48905027174384175,5GBmFsPk...,722340.446591185,,,ENTRY_PRE_EMA_PATTERN,False,7340355,1.0,28,5G9hfkx9...,0.009994659342336155,1.2447832955938303,1.2323421105993395,0.04062199569669316,,COUNTER,682725.854146639,52.790049364,0.0,DIVERGENT,1.0,0.0,1295.967040512703,86735.22348363,0.06592300966050295,1082.01056104,0.0008223809175019709,85653.21292259,NEITHER,False,False,0.735942149109695,,,23278.105545733997,0.017692498100950367,30.0
2,2,77,15,16,kenju,2026-09-15,9074314,0.001002928,0.0012296701315790415,-0.1843926478785639,IN BAND,True,True,3.117e-06,336.674764713,415134.349993397,1.0,335691.776821351,53400.843594072,0.000900611716787907,52169.88254175539,,0.0,,,0.8979824242497039,0.02433053159473613,-17.549024481126136,-2.2434438825225276,18.422526075533302,33.72810667413691,35.97155055665944,6.330480722787214,-35.9472200250647,1,0.0,,0.0,0.0,0.0,0.0008110019436318749,-0.191365737488758,5FkKY8WJ...,610407.45728621,,,ENTRY_REPEATED,True,8460646,1.0,1,5E2LP6En...,0.0,0.9347329778988346,0.9347329778988346,0.4716940824610126,,COUNTER,63578.799840379,0.04568655,0.0,DIVERGENT,1.0,0.0,1295.967040512703,7333.737256624,0.017665936959301604,0.0,0.0,7333.737256624,NEITHER,False,False,0.14344903719694768,,,44288.68916975802,0.1066851952156271,30.0
3,86,86,16,35,SN35,2026-09-15,9074314,0.004854282,0.002233873587101698,1.173033437535786,PREMIUM,False,True,0.0,590.022430746,27750.592965632,1.0,121546.791714404,6626.489248178,,-81.04038621675863,,,,,,,56.86232311857621,14.271906823352063,56.86232311857621,14.271906823352063,,94.70067912619643,120.20672965882927,1,0.0,,0.0,0.0,0.0,0.021261615255454874,3.3799711791475806,5FjUeckL...,768637.064284159,,,,True,9046691,1.0,1,5E2LP6En...,0.0,1.0625018790205887,1.0625018790205887,0.2378002258369701,,COUNTER,0.0,0.0,0.0,DIVERGENT,1.0,0.0,1295.967040512703,0.0,0.0,0.0,0.0,0.0,NEITHER,False,,,,,2714.1528908600026,0.09780522146756908,30.0
4,3,41,3,96,Verathos,2026-09-15,9074314,0.00609254,0.006831726059317589,-0.10819901923752274,IN BAND,False,False,0.000554701,3051.38050677,834244.332743485,1.0,500838.834492129,97706.498831731,0.0007914143622985852,32412.83038077707,,0.0,,0.12989891938314482,0.12989891938314482,0.4777359705765071,-14.409071083138631,-1.3164214007231934,-3.278049130830361,9.814600551585077,11.13102195230827,3.1501562514156896,-10.653285981731763,1,0.11315490954520224,MINER_BURN_ONLY,890.7387514889997,888.8919215507988,0.0006256198977645511,0.003657658058922942,-0.3996497259069383,5CGq1JQh...,709777.675418853,,,ENTRY_PRE_EMA_PATTERN,False,7692872,0.34616911472806666,211,5FA9tyak...,,17.89078664044803,17.89078664044803,0.0,,COUNTER,262734.912947772,7897.141864024,0.0,DIVERGENT,-0.41179383362843264,0.6858908396305669,1295.967040512703,190872.239451412,0.22879656709649085,190872.239451412,0.22879656709649085,0.0,FORTRESS,False,True,2.2879656709649168,0,,33666.79992355499,0.04035604271093912,30.0
5,4,25,17,118,Ditto,2026-09-15,9074314,0.007670711,0.008140039397403598,-0.057656772220696845,IN BAND,False,False,0.001839159,6391.197917711,2193134.70606492,1.0,833195.05504594,761670.966870465,-0.0019519015973399523,36811.49115637201,ACCUMULATING_PRE_EMA,0.0,,,,0.7562447469520774,-1.6873596036580822,-0.701490728685145,3.732926855910711,4.718795730883649,5.420286459568794,1.1982848079201422,-4.664041712616716,1,0.0,,0.0,0.0,4.57770656900891e-05,0.002914183930442899,-0.6200894636177926,5HGXqHbQ...,1422891.848762904,,,ENTRY_REPEATED,False,5724794,0.3130836843069035,28,5DPQjF6B...,0.0,0.4298136997826859,0.4298136997826859,0.10976819423461368,,COUNTER,320927.826926128,1788.13704218,0.0,DIVERGENT,1.0,0.0,1295.967040512703,108391.319935905,0.04942301065053524,85333.392962523,0.03890932587339074,23057.92697338201,DORMITORY,True,True,0.3890932587339089,,,30736.847961037005,0.01401502966326554,30.0
6,7,37,18,102,ConnitoAI,2026-09-15,9074314,0.006812669,0.0068198577500879765,-0.0010540909138293034,IN BAND,False,False,0.000739792,3681.191242241,981488.743842563,1.0,540344.929250023,230444.906007908,-9.995717380745074e-05,17520.16576094617,ACCUMULATING_PRE_EMA,0.0,,,,0.5281370208890438,-5.080108569937929,-0.01282477278492319,-0.6513522953308009,4.415931501822205,4.428756274607128,2.6775650933206707,-3.9006192537180846,1,0.08786936462088728,MINER_BURN_ONLY,701.5855453870026,701.3603222238074,7.629510948348184e-05,0.0037506199284864,-0.4494639430616107,5HBc11rC...,969908.099901371,,,ENTRY_REPEATED,False,7840965,0.25016023195482984,0,5EEinUEy...,0.179995422293431,0.9412845843790127,0.7718576681154157,0.597180046694032,,COUNTER,145016.818986057,7309.092357836,0.0,DIVERGENT,0.3404973381196954,0.5411868514390145,1295.967040512703,2002.340459168,0.0020401053723028617,2002.340459168,0.0020401053723028617,0.0,EXPOSED,False,True,0.02040105372302862,,,31660.979000058,0.032258117272037326,30.0
7,6,72,19,99,Thirty Spokes,2026-09-15,9074314,0.002208888,0.0023167524486780167,-0.04655846969734129,IN BAND,False,True,2.0269e-05,583.073267112,390020.938656119,1.0,263966.858411351,31872.650280108,,11754.042865184398,,,,,,0.09135546938009109,-12.327876546536238,-0.5664613813176523,-7.71313878451502,4.048276380703566,4.614737762021218,6.738099777553494,-4.523382292641127,1,0.05788786883957195,MINER_BURN_ONLY,420.6623459830007,420.6173013503617,1.5259021896696368e-05,0.0014949793955193135,-0.3231981904382144,5DebFXsw...,1072554.812575753,,,,True,8572056,1.0,229,5E2LP6En...,0.0,1.0006219878718412,1.0006219878718412,0.0022583697012237927,,COUNTER,90999.64104372,0.012273672,0.0,OK,-0.034380909969849105,0.32455864092342923,1295.967040512703,0.0,0.0,0.0,0.0,0.0,EXPOSED,False,,,,,52262.997750291026,0.13400049220529478,30.0
8,10,64,20,6,Numinous,2026-09-15,9074314,0.002679482,0.002704936545342207,-0.009410403872888889,IN BAND,False,True,7.0483e-05,8039.804626085,2780928.107623072,1.0,3000506.147510355,697782.005999809,-0.004023880888700968,38371.59838071512,ACCUMULATING_PRE_EMA,0.0,,,,0.023039032988317505,-1.2517269878527184,-0.11449324712014815,2.866888667052086,4.0041224077846564,4.118615654904804,0.9450082484319297,-4.095576621916487,1,0.0,,0.0,0.0,0.0020141908903639205,0.0028910508704077286,0.07895886981428822,5CfSg4e2...,80490.31402337,,,ENTRY_REPEATED,False,3219949,0.3253367582526795,37,5G6UKAFt...,,19.596203672053736,19.596203672053736,0.0,,COUNTER,185360.665463109,0.0,0.0,DIVERGENT,1.0,0.0,1295.967040512703,662466.459537209,0.23821775820858437,662466.459537209,0.23821775820858437,0.0,DORMITORY,True,True,2.3821775820858435,0,,9442.578170206998,0.0033954772668603086,30.0
9,5,23,5,61,RedTeam,2026-09-15,9074314,0.015373948,0.016858332557603717,-0.08805049684075698,IN BAND,False,False,0.002086502,16146.321066961,5027945.446864507,1.0,1050239.102237207,709149.320147711,0.001606769924520486,73012.20215247781,,0.0,,0.10451251197938786,0.10451251197938786,0.3396022681117199,7.010954736356266,-1.0712810448958765,12.081392275270922,3.999156494018779,5.070437538914655,0.522678702021092,-4.7308352708029355,1,0.0,,0.0,0.0,0.0008392462043183002,0.003211315881923512,-0.7911196342069382,5ECEsYL8...,,,,,False,4457976,0.012889431887599168,69,5HbLhpEA...,,8.85733186734638,8.85733186734638,0.0,,COUNTER,808370.14496251,0.0,0.0,DIVERGENT,1.0,0.0,1295.967040512703,1021287.884224886,0.20312230811131304,1021287.884224886,0.20312230811131304,0.0,DORMITORY,True,True,2.0312230811131307,0,,28029.09277243099,0.0055746612743999245,30.0
10,8,20,21,91,cascade,2026-09-15,9074314,0.007278406,0.007534277159720659,-0.03396094333887574,IN BAND,False,False,0.002386857,3835.143707057,1176287.72751818,1.0,526920.826781986,180717.00926202,-0.00013977869327964234,17282.511545298505,ACCUMULATING_PRE_EMA,0.0,,,,1.6355737033941535,-5.63076174353648,-0.41319147728965483,-1.3638778393228064,3.853692426924019,4.266883904213674,2.2341472571041368,-2.63131020081952,1,0.0,,0.0,0.0,1.5259021896585345e-05,0.0032603789169412434,-0.552047671297638,5HEe7NjS...,544584.808552237,,,,False,7633645,0.0,1,5E2LP6En...,0.0,0.6621958177443221,0.6621958177443221,0.513611670634194,,COUNTER,399376.775480423,9542.545852108,0.0,DIVERGENT,1.0,0.0,1295.967040512703,58149.686998343,0.049434917697417084,58149.686998343,0.049434917697417084,0.0,DORMITORY,False,True,0.4943491769741755,,,36721.19189027202,0.03121786534978916,30.0
11,9,21,22,58,greevils,2026-09-15,9074314,0.007295655,0.0075015954207628965,-0.027452882915132336,IN BAND,False,False,0.002359716,1038.988648152,530112.103351307,1.0,142411.972508818,23359.043673899,,6324.49868988854,,,,,,5.968625026875913,0.32795086587705186,-0.3340100754674434,4.463161280573391,3.801200339228895,4.135210414696338,4.9574419889417545,1.8334146121795751,1,0.0,,0.0,0.0,0.0,0.0019599413814241078,-0.7313549802692003,5CLUzEqe...,752270.854782845,,,,True,8511017,0.0,1,5E2LP6En...,0.0,0.7688757245100261,0.7688757245100261,0.37888359885246903,,COUNTER,78931.873767343,0.045668707,0.0,DIVERGENT,1.0,0.0,1295.967040512703,32808.027617922,0.061888848435101694,32808.027617922,0.061888848435101694,0.0,DORMITORY,False,True,0.6188884843510168,,,46250.72434039102,0.08724706349468221,30.0
12,11,67,23,106,Nodexo,2026-09-15,9074314,0.002512423,0.0024860715493559837,0.01059963485396982,IN BAND,False,True,5.072e-05,6103.772833845,2415637.502778712,1.0,2429436.12922018,360398.847974459,-0.0008091572467977437,30904.727603816893,ACCUMULATING_PRE_EMA,0.0,,,,0.02183766723114336,-6.491598915422538,0.1289622240566328,-2.883060861543452,3.737500277935719,3.6085380538790863,1.0879115748853074,-3.586700386647943,1,0.0,,0.0,0.0,0.00015259021896696368,0.0025267751584514726,0.005712476940177851,5CTdHCps...,1154688.196880277,,,,False,5558480,0.27224723388019845,31,5E4vCZrj...,0.0,0.48582195167228914,0.48582195167228914,0.02427969722866561,,COUNTER,838637.534343767,0.0,0.0,DIVERGENT,1.0,0.0,1295.967040512703,318794.42514099,0.1319711358903313,318794.42514099,0.1319711358903313,0.0,DORMITORY,True,True,1.319711358903316,0,,12155.654276218998,0.005032068868874708,30.0
13,87,87,24,36,Epago,2026-09-15,9074314,0.025401633,0.02089514723047614,0.21567140541374252,PREMIUM,False,True,0.0,1103.449010434,93863.324041085,1.0,43440.080177029,12916.118887555,,622.0054300109987,,,,,,,198.65050333298936,2.624002099200534,198.65050333298936,2.624002099200534,,27.998156115264955,25.16595224463814,1,0.3895021735425002,MINER_BURN_ONLY,2804.4156495060015,2804.4156495060015,0.0,0.011755912351356835,-0.5371985591888193,5DCjvVt6...,579320.230390807,,,,True,8884359,1.0,0,5EFY7fKV...,0.179995422293431,2.8845732414303717,2.3653632627027807,0.5509201330607013,,COUNTER,17359.90687352,0.0,0.0,DIVERGENT,-0.8132406286923657,2.163955997211576,1295.967040512703,61530.768831226,0.6555357959014249,61530.768831226,0.6555357959014249,0.0,FORTRESS,False,True,6.555357959014334,0,,4264.219634781999,0.04543009400472014,30.0
14,12,15,25,93,Bitcast,2026-09-15,9074314,0.022644178,0.023985764710232615,-0.05593262197140946,IN BAND,False,False,0.003576385,25878.093890404,3945891.446034041,1.0,1142814.462470893,1053801.813801107,-0.0033716791650470626,39498.770995705156,ACCUMULATING_PRE_EMA,0.0,,,,0.363192892792046,5.930767140485472,-0.6805135673188151,9.196607894520824,2.5853271867165377,3.2658407540353527,0.6660091986669743,-2.902647861243307,1,0.003888749334903512,MINER_BURN_ONLY,32.466160773066804,32.421116140427756,1.5259021896696368e-05,0.00655823766171107,-0.7103786385307929,5EbY1Seb...,2416218.722820536,,,,False,5370681,0.6029999694814905,158,5HVydkt4...,0.179995422293431,15.132746878754851,12.408921713853772,0.0,,COUNTER,1087472.831977912,0.0,0.0,DIVERGENT,0.93084452604455,0.025016929541357393,1295.967040512703,427930.957620956,0.10844975425035154,427930.957620956,0.10844975425035154,0.0,DORMITORY,True,True,1.0844975425035153,0,,30859.470084237993,0.007820658653763628,30.0
15,22,8,26,80,OpenRoboto,2026-09-15,9074314,0.020544415,0.018633705796673894,0.10254048358256072,IN BAND,False,False,0.006081786,3941.816236364,2077819.684311929,1.0,191868.072193387,261005.932451421,-0.0002903473733555673,-8697.841867009382,,0.0,,,,4.054713017962231,14.088375993429437,1.2475758835878221,15.041816563439252,2.201016453597637,0.953440570009815,1.2647873248300001,3.1012724479524163,1,0.0028756840522316898,MINER_BURN_ONLY,26.8792905290029,26.834245896363853,1.5259021896696368e-05,0.001897092546637094,-0.907658964899361,5CG1eFia...,301892.737533193,0.03151636129902962,,,False,7151800,0.8500015259254738,197,5Gmw9JeE...,0.0,0.4977735297416649,0.4977735297416649,0.007843496307147653,,COUNTER,258120.559383905,2501.379452446,0.0,DIVERGENT,0.9486574196118074,0.02070596323633959,1295.967040512703,345703.970244697,0.16637823428801382,345703.970244697,0.16637823428801382,0.0,DORMITORY,False,True,1.6637823428801426,0,,22000.043158519016,0.01058804251621302,30.0
16,15,79,27,45,AlphaRidge.ai,2026-09-15,9074314,0.00244027,0.002416033996269107,0.010031317344176007,IN BAND,False,True,2.566e-06,6259.59529837,3153813.042916194,1.0,2565123.944507607,747571.675979057,-0.0007759101295867152,19993.326028823387,ACCUMULATING_PRE_EMA,0.0,,,,0.001077297761047906,-3.1270814335126325,0.12204769435414141,-1.5157159609528186,1.7334131669139552,1.6113654725598139,0.8332770409148929,-1.610288174798766,1,0.20516974342627411,MINER_BURN_ONLY,1483.9558947328478,1478.7757619793574,0.0017547875181200823,0.001984770566039014,-0.18665944094751233,5FbcZiAH...,917.231765369,,,,False,3633154,0.5161265667991439,48,5G9hfkx9...,0.009994659342336155,0.3653442975599092,0.36169280576313284,0.014329096152965771,,COUNTER,1075282.055759989,0.0,0.0,OK,-0.19885644113209366,1.141059699631198,1295.967040512703,111021.389540489,0.03520227357479388,111019.200205241,0.035201579388037016,2.189335248011048,FORTRESS,True,True,0.3520157938803702,,,14316.54871054,0.004539441151306201,30.0
17,14,7,28,90,KubeTEE,2026-09-15,9074314,0.0345806,0.034409350249916315,0.004976837657203493,IN BAND,False,False,0.006607177,2427.78434391,311687.927526175,1.0,70206.542420221,75271.405379244,,1590.53299723292,,,,,,7.152060766664077,14.711651665752326,0.06055152482930916,16.33034101785942,1.6792408769364036,1.6186893521070944,8.431510392006778,5.533371414556982,1,0.0,,0.0,0.0,3.0518043793392735e-05,0.007789151036997156,-0.7747537336831299,5C9y6fnL...,594844.536575227,0.5129398899080779,BUYBACK_GAMING,,True,8618670,0.6450185402774176,0,5EKtGWqs...,0.179995422293431,2.0082927632012,1.6468092591999586,0.4637265374637571,,COUNTER,0.0,110596.12442566,1768.8076103860076,OK,0.2410310907251764,0.0,1295.967040512703,67833.822729697,0.21763378282914225,67833.822729697,0.21763378282914225,0.0,DORMITORY,False,True,2.1763378282914227,0,,55525.96343268998,0.17814601891511186,30.0
18,13,75,29,22,Desearch,2026-09-15,9074314,0.003114938,0.003162798937410116,-0.015132462846123153,IN BAND,False,True,7.133e-06,7659.470826888,3597852.132285971,1.0,2458948.087403458,269928.260916862,-0.0015173520545156394,24526.28071338311,ACCUMULATING_PRE_EMA,0.0,,,,0.002447365415140069,-0.8723889070770697,-0.18411163129449837,0.9187272115581856,1.607004487340757,1.7911161186352553,0.7304357998532433,-1.7886687532201153,1,0.20101705558554533,MINER_BURN_ONLY,1453.7003665480297,1450.6373315285746,0.001037613488975353,0.0021289009512521,-0.3165510994915147,5DFuaMas...,1856221.2079479499,,,,False,2009702,0.5219576275069882,131,5E2LP6En...,0.0,0.4032882213617609,0.4032882213617609,0.1276475614966734,,COUNTER,1233309.861989697,0.0,0.0,DIVERGENT,-0.7194942832719258,1.1193473955592896,1295.967040512703,763677.586285475,0.21225930310822871,763677.586285475,0.21225930310822871,0.0,FORTRESS,True,True,2.122593031082287,0,,9297.420117483003,0.002584158485572805,30.0
19,16,42,30,50,Synth,2026-09-15,9074314,0.004491459,0.004554056096822023,-0.013745350406576253,IN BAND,False,False,0.00049576,10763.39251825,3338938.600631454,1.0,2396413.23601058,1224891.167525323,-0.0056701551055483215,19018.55610186234,ACCUMULATING_PRE_EMA,0.0,,,,0.12104522600945053,-3.4781472672028264,-0.1672350966133444,-2.04358553296679,1.2673266376226917,1.4345617342360362,0.7870764678041691,-1.3135165082265856,1,0.0,,0.001270843029487878,0.0,0.0019684138246738314,0.003223597018589814,-0.28228287988606504,5DxyiWpG...,2246658.122441063,,,,False,4763204,0.15874690395376567,220,5Ff9fYuf...,,19.27416651279551,19.27416651279551,0.0,,COUNTER,467621.611599253,0.0,0.0,DIVERGENT,0.9999987729042598,0.0,1295.967040512703,212500.00519846,0.0636429807838552,212500.00519846,0.0636429807838552,0.0,DORMITORY,True,True,0.6364298078385521,,,25246.951810906994,0.0075613704924470115,30.0
20,17,19,31,75,Hippius,2026-09-15,9074314,0.016633584,0.01680032745935023,-0.009925012459053428,IN BAND,False,False,0.00243186,32542.431967108,3617402.703255386,1.0,1956429.310723541,1529861.955670209,-0.01292806119265099,19479.91290684743,ACCUMULATING_PRE_EMA,0.0,,,,0.19638753755280428,-5.028382256982271,-0.12075431825181669,-3.6501106002206622,1.2575173385097915,1.3782716567616082,0.7264880953494619,-1.1818841192088039,1,0.0,,0.0,0.0,0.0018616006713969568,0.008996076643007509,-0.45916185934387266,5DAQpczE...,1521306.0404960508,,,,False,5102795,0.0,157,5E2LP6En...,0.0,0.2952131348213668,0.2952131348213668,0.42033298234369515,,COUNTER,784604.879643725,0.0,0.0,DIVERGENT,1.0,0.0,1295.967040512703,552610.191844312,0.1527643553058124,552609.767120331,0.1527642378945049,0.4247239810647443,DORMITORY,True,True,1.527642378945049,0,,34921.987090270995,0.009653884279691579,30.0
21,18,81,32,23,Trishool,2026-09-15,9074314,0.003894639,0.00393516244366765,-0.010297781666639782,IN BAND,False,True,5.24e-07,7133.975161388,4175603.998876931,1.0,1831742.210765421,605081.612586389,3.250270980840306e-05,22492.45079323044,,0.0,,,0.008345500008705058,0.00019303010857863348,-3.2877809833232763,-0.12528967694411736,-1.9205543929619242,1.2419369134172347,1.367226590361352,0.6293700266373022,-1.3670335602527734,1,0.3115525760869375,MINER_BURN_ONLY,2243.525674584089,2243.48062995145,1.5259021896696368e-05,0.0017084893977749689,-0.5613227829909347,5CqTRwoF...,1471791.343850041,,,,False,2063528,0.7999969481490524,188,5HKsvivb...,0.0899977111467155,0.8793245629108432,0.8001873648937812,0.4011506355964535,,COUNTER,1169333.601752741,0.055431535,0.0,DIVERGENT,-0.8189918539646723,1.7311247584382214,1295.967040512703,896809.085050707,0.21477349990370553,896809.085050707,0.21477349990370553,0.0,FORTRESS,True,True,2.1477349990370564,0,,10607.031250128002,0.0025402387901201514,30.0
22,19,5,33,97,Albedo,2026-09-15,9074314,0.022397381,0.022752154851332307,-0.015592978056385341,IN BAND,False,False,0.00799913,12767.895268984,1147917.986707646,1.0,570062.226930384,523164.072752058,-0.0002017478056674679,8043.69520898629,ACCUMULATING_PRE_EMA,0.0,,,,1.6464509770115614,-4.347302720512968,-0.1897145663526883,-3.0028107889006415,1.1547773652596387,1.344491931612327,2.2893621586481023,0.30195904539923457,1,0.0,,0.0,0.0,7.629510948348184e-05,0.011122654594518305,-0.5033948569916141,5GnW8owm...,1373599.552626133,,,,False,7735450,0.19999999999999996,28,5E2LP6En...,0.0,0.6248952598390969,0.6248952598390969,0.18401135288552506,,COUNTER,70872.776437572,4583.298014649,0.0,DIVERGENT,1.0,0.0,1295.967040512703,9359.152969391,0.008153154735587054,9359.152969391,0.008153154735587054,0.0,DORMITORY,False,True,0.08153154735587514,,,36548.83740300199,0.031839240979077296,30.0
23,21,50,34,21,AdTAO,2026-09-15,9074314,0.003585924,0.0035959871020168066,-0.0027984255035739245,IN BAND,False,False,0.000209489,7673.940906162,3834685.635985114,1.0,2140017.628117278,595957.556242773,-0.0017317969702688176,16525.909836495295,ACCUMULATING_PRE_EMA,0.0,,,,0.0717411169478685,-1.958801072203745,-0.03404751029348275,-0.9914667561687156,0.9332868057415467,0.9673343160350294,0.685323452681116,-0.895593199087161,1,0.01742417911444045,MINER_BURN_ONLY,133.32364886603318,132.7831132743646,0.0001831082627603564,0.0020011916580980954,-0.44193138000189197,5HjCYVfr...,2000353.432751041,,,,False,3156578,1.0,199,5CyRmxMU...,,14.163120126306676,14.163120126306676,0.0,,COUNTER,834653.38669571,0.0,0.0,DIVERGENT,0.7469249357606736,0.10245871162111786,1295.967040512703,5839.628796876,0.0015228442045095633,5839.628796876,0.0015228442045095633,0.0,NEITHER,True,True,0.015228442045095634,,,10036.505948241,0.0026172956275886915,30.0
24,20,83,35,28,SayGM,2026-09-15,9074314,0.021737297,0.022606182377785444,-0.038435741305850826,IN BAND,False,True,8.2e-08,22600.541693506,5046274.526154656,1.0,1039712.631729502,6536262.106066041,-0.0018433106521580824,25646.007336173905,ACCUMULATING_PRE_EMA,0.0,,,,9.534992697184788e-06,1.51930192629585,-0.46763485255451837,2.8123730667874023,0.8254362879370338,1.2930711404915523,0.5207802283405654,-1.293061605498855,1,0.043616816855794285,MINER_BURN_ONLY,314.98821734194644,314.04228005652647,0.0003204394598306237,0.004478658776166104,-0.7939643196591506,5CA6rwAy...,2554638.365860163,,,,False,4878363,0.9783557712855268,3,5Evgh9QT...,0.179995422293431,0.6615794943937335,0.5424982139196589,0.5905629568587953,,COUNTER,1397175.614583465,33762.848582854,0.0,DIVERGENT,-1.0,0.24232273679760163,1295.967040512703,418519.667212909,0.08293636524206856,418514.004958696,0.08293524317584255,5.662254212948028,DORMITORY,True,True,0.8293524317584257,,,30826.19264027201,0.006108703060148825,30.0
25,31,66,36,98,NeverPlayAlone,2026-09-15,9074314,0.002599763,0.002552364021539688,0.01857061847773543,IN BAND,False,True,5.6213e-05,5012.256900638,2907328.7675174,1.0,1927966.594904626,206617.096818109,-0.001032365332540136,9783.114741774276,ACCUMULATING_PRE_EMA,0.0,,,,0.02947330253187861,-3.4609616407612434,0.22594252481244775,-3.0270651277359555,0.6598390378377358,0.43389651302528803,0.90392253857278,-0.4044232104934094,1,0.0,,0.0,0.0,0.0,0.0017240076033499373,-0.3368597047692666,5EWzZCNs...,1645910.177011072,,,,False,5445992,1.0,153,5E2LP6En...,0.0,0.41082889240746007,0.41082889240746007,0.24212598425196852,,COUNTER,1255490.393926426,0.181595662,0.0,DIVERGENT,1.0,0.0,1295.967040512703,454999.359071936,0.15650082789242475,454999.359071936,0.15650082789242475,0.0,DORMITORY,True,True,1.565008278924248,0,,12153.533510957,0.004180309308924507,30.0
26,23,38,37,111,Claims,2026-09-15,9074314,0.005013821,0.005085723474621773,-0.014138101487541117,IN BAND,False,False,0.000726121,5946.715513365,3591106.259791269,1.0,1186064.504547629,210013.666793527,-0.0020882893709760026,11228.280494535575,ACCUMULATING_PRE_EMA,0.0,,,,0.32089074779368465,-6.715813639184083,-0.17201356809841692,-5.898710489351488,0.6450895817341783,0.8171031498325952,0.7318079193102882,-0.4962124020389106,1,0.0,,0.0,0.0,1.5259021896696368e-05,0.0016559564332442366,-0.6697216687144921,5CGTryXj...,2731832.167959632,,,,False,5615562,0.0,145,5E2LP6En...,0.0,0.3343758846309936,0.3343758846309936,0.10522942639586162,,COUNTER,734491.272679149,0.371911999,0.0,DIVERGENT,1.0,0.0,1295.967040512703,1221.604957048,0.00034017510724369517,1221.604957048,0.00034017510724369517,0.0,NEITHER,True,True,0.003401751072436952,,,12484.881674628,0.003476611598609081,30.0
27,24,14,38,53,engy,2026-09-15,9074314,0.026475224,0.026842194376513362,-0.013671400011709123,IN BAND,False,False,0.003639483,32947.099655271,4744167.640384321,1.0,1244450.294539249,1526126.485756864,-0.0011223092088040443,13783.599778128555,ACCUMULATING_PRE_EMA,0.0,,,,0.2903005552560019,5.443295040322399,-0.16633536680912767,6.198865318690854,0.5892349115593273,0.7555702783684549,0.5539433256172009,-0.465269723112453,1,0.0,,0.0,0.0,0.0002441443503471419,0.006944758733821215,-0.7376883861748926,5H8SFVCx...,2598839.033442278,,,,False,4203869,0.38372075275874173,45,5E2LP6En...,0.0,0.2219310691329528,0.2219310691329528,0.24256436081734803,,COUNTER,527930.609686226,0.0,0.0,DIVERGENT,1.0,0.0,1295.967040512703,131593.145715246,0.027737878525849427,117460.166413623,0.024758856625080736,14132.97930162301,DORMITORY,True,True,0.24758856625080736,,,27067.730556637012,0.0057054751451498615,30.0
28,25,24,39,124,Swarm,2026-09-15,9074314,0.011087788,0.01120946230366826,-0.010854606614667287,IN BAND,False,False,0.001855929,12906.757658469,3583601.832018785,1.0,1164051.66440865,301971.356195589,-7.80977163950547e-05,10920.073523889296,ACCUMULATING_PRE_EMA,0.0,,,,0.37789362294252266,-1.1057694732876704,-0.13206438047845198,-0.40562783741791275,0.5680772553913056,0.7001416358697576,0.7333403997395389,-0.32224801292723493,1,0.0,,0.0,0.0,0.00019836728465705278,0.0036016159895749665,-0.6751727224965912,5HKYqfJr...,2300188.564635698,,,ENTRY_REPEATED,False,5813454,0.019108085833765776,105,5HgiWPLV...,,0.34195647915860855,0.34195647915860855,0.007324777586180587,,COUNTER,897004.632666029,6243.286010635,0.0,DIVERGENT,1.0,0.0,1295.967040512703,1000000.110795789,0.27904888926581706,1000000.110795789,0.27904888926581706,0.0,DORMITORY,True,True,2.7904888926581704,0,,21372.898785732006,0.0059640830057539635,30.0
29,88,88,40,116,Memo,2026-09-15,9074314,0.005851457,0.005591652123257518,0.046462990010030916,IN BAND,False,True,0.0,1419.733184378,734375.348473093,1.0,242628.971632776,107698.243806579,0.0001614247536338362,-2325.76017588345,DISTRIBUTING_PRE_EMA,0.0,,,0.027587104140701403,,-0.5790626275118089,0.5652997117887094,-0.5790626275118089,0.5652997117887094,,3.578551493407445,4.587900318862925,1,0.3895021736840257,,2804.415650524985,2804.415650524985,0.0,0.0019332527805159816,-0.669611725675164,5F48aA3P...,101915.031050944,0.17618267207623042,,,True,8294730,1.0,0,5CXN6pP6...,0.179995422293431,10.572395475736055,8.669412687427785,0.0,,COUNTER,230165.854435778,1764.319155568,0.0,DIVERGENT,-0.8539563013787461,2.163955997997849,1295.967040512703,30.45052749,4.1464528395884306e-05,30.45052749,4.1464528395884306e-05,0.0,EXPOSED,False,True,0.0004146452839588431,,,36832.172616224,0.050154424018732574,30.0
30,26,31,41,17,404—GEN,2026-09-15,9074314,0.009711651,0.00981301604770124,-0.01032965269887488,IN BAND,False,False,0.001336149,26618.79020549,3241925.134306567,1.0,2740912.990448507,672709.762401122,-0.008483605846616416,12049.097360223997,ACCUMULATING_PRE_EMA,0.0,,,,0.13191431860324707,-1.3218438668655725,-0.12567744116964435,-0.7041984361056569,0.49196798959027127,0.6176454307599156,0.8106294535275003,-0.48573111215666853,1,0.0,,0.0,0.0,0.0,0.008210797320334678,-0.1545415583473214,5E7a4a7Q...,1027955.604854247,,,,False,2840556,1.0,42,5CcEPLdb...,0.0,0.30417339920461806,0.30417339920461806,0.0212879597131085,,COUNTER,340475.604612198,0.0,0.0,DIVERGENT,1.0,0.0,1295.967040512703,535239.344997638,0.16509923049537764,528569.063742147,0.1630417242362401,6670.281255491078,DORMITORY,True,True,1.6304172423624033,0,,24381.470654414992,0.007520676648700612,30.0
31,29,1,13,107,Minos,2026-09-15,9074314,0.05419562,0.05420829472132027,-0.00023381516399715454,IN BAND,False,False,0.017250656,22190.88733749,1634632.475912214,1.0,409459.369344206,549381.971833662,0.001226016808458981,1905.9148598373868,,0.0,,0.02262206444836282,0.02262206444836282,2.0429432711962834,-3.381993909543925,-0.0028447511619653803,-2.8997013486734033,0.4794478097085566,0.48229256087052197,1.6077008371765236,1.5606507103257614,1,0.0,,0.0,0.0,0.00015259021896696368,0.013575459722287896,-0.7495100208782943,5DA2vLrS...,1327538.187822125,1.0032737578312183,BUYBACK_GAMING,,False,7457580,0.0,2,5G9hfkx9...,0.009994659342336155,0.6420027297734117,0.6355861311924765,0.01379499778730677,,COUNTER,406798.248425295,11728.725039684,0.0,DIVERGENT,1.0,0.0,1295.967040512703,41164.694002343,0.025182843610990206,41164.694002343,0.025182843610990206,0.0,DORMITORY,False,True,0.2518284361099021,,,28592.614430142985,0.017491769465908077,30.0
32,89,89,42,122,CookingTAO,2026-09-15,9074314,0.004492066,0.004332804819568992,0.036757063164191,IN BAND,False,True,0.0,1413.634788714,735420.138552933,1.0,314695.896322046,47068.973412211,0.0003625880589275153,-1306.4763058830285,DISTRIBUTING_PRE_EMA,0.0,,,0.08071743801794437,,-0.883009788399211,0.4472109351643238,-0.883009788399211,0.4472109351643238,,3.573467549000014,4.064141747528202,1,0.38950217353930283,SKIN_IN_GAME,2804.4156494829804,2804.4156494829804,0.0,0.0019222138674303538,-0.572086904459918,5F3uH1G4...,412235.958376012,0.7415567900203619,BUYBACK_JUSTIFIED,,True,8238082,1.0,0,5CfPqfaz...,0.179995422293431,3.4248771428918023,2.808414935253873,0.31033219904475606,,COUNTER,346833.594463479,4689.8056909,0.0,DIVERGENT,-0.8545123622340968,2.1639559971938125,1295.967040512703,121755.524707941,0.1655591386816197,121755.524707941,0.1655591386816197,0.0,FORTRESS,False,True,1.6555913868162015,0,,38817.63590602299,0.052782938447135046,30.0
33,27,82,43,65,True Performance Network,2026-09-15,9074314,0.002438294,0.0024585823994129896,-0.008252072176972198,IN BAND,False,True,1.3e-07,5983.958804159,3437675.286031597,1.0,2454157.221536595,300571.157522455,-0.00012719120635281114,11739.185686882585,ACCUMULATING_PRE_EMA,0.0,,,,5.709263903397058e-05,-4.157929862363856,-0.10040021148649507,-3.6250743664348275,0.4324552844425335,0.5328554959290286,0.7644701088198838,-0.5327984032899946,1,0.30148137295820515,MINER_BURN_ONLY,2170.916915389942,2170.781781492025,4.57770656900891e-05,0.0017406992534966257,-0.2860995214290707,5GxEEHxL...,1550840.209136639,,,,False,4950813,0.7870048220716597,45,5G8vMPBi...,,5.713478371338236,5.713478371338236,0.0,,COUNTER,1025820.567048498,0.0,0.0,DIVERGENT,-0.7756889239924193,1.6750285413379284,1295.967040512703,171794.150223016,0.04997393177915088,171794.150223016,0.04997393177915088,0.0,FORTRESS,True,True,0.49973931779150876,,,17244.860736968996,0.005016430960492553,30.0
34,90,90,44,100,Cortex,2026-09-15,9074314,0.004859255,0.004706457257270813,0.03246555410508315,IN BAND,False,True,0.0,2791.354781667,1971656.675870978,1.0,574440.823293623,393450.126252851,-0.001453934361040321,-14154.790762237273,,0.0,,,,,-4.427388057396696,0.39499757494517834,-4.427388057396696,0.39499757494517834,,1.3328892561069654,3.9195491345625886,1,0.38950217353736255,MINER_BURN_ONLY,2804.4156494690105,2804.4156494690105,0.0,0.001415740790892979,-0.7086506489383704,5FX6kmhY...,1237150.563592439,0.0,,,False,6693448,1.0,0,5ExuWpCM...,0.179995422293431,1.4150674467176867,1.1603617840720495,0.6247787340535922,,COUNTER,732400.888230874,1077.059572996,0.0,DIVERGENT,-0.8548063808315197,2.163955997183033,1295.967040512703,345758.856476299,0.1753646366061983,345758.856476299,0.1753646366061983,0.0,FORTRESS,False,True,1.7536463660619845,0,,26600.893753805998,0.013491645923626673,30.0
35,30,29,45,62,Ridges,2026-09-15,9074314,0.010834669,0.010921799810603261,-0.007977697093355574,IN BAND,False,False,0.001602951,30083.019742683,2720298.256073616,1.0,2776551.651774997,4385743.783495729,-0.02595581615076601,10202.52353091212,ACCUMULATING_PRE_EMA,0.0,,,,0.1400309963571595,-0.7806254799233217,-0.09706198130249281,-0.31255586685854886,0.37100763176227997,0.4680696130647728,0.9660705380862038,-0.3280386167076133,1,0.048486755765291746,MINER_BURN_ONLY,401.1138105110149,400.7534534499025,0.00012207217517357094,0.011058721107333202,0.020679183400360637,5DhsVYew...,14730.916709413,,,ENTRY_REPEATED,False,4474225,0.5504753765623331,107,5Hj8LMru...,,11.934223084765806,11.934223084765806,0.0,,COUNTER,188348.958937184,170981.9854291,0.0,OK,0.21317193092188144,0.30923120798763426,1295.967040512703,148204.318766094,0.05448090790603489,148204.318766094,0.05448090790603489,0.0,FORTRESS,True,True,0.5448090790603506,,,16318.189281257,0.005998676521893636,30.0
36,91,91,46,87,Provenonce,2026-09-15,9074314,0.0041213,0.004006648436188698,0.028615329155348472,IN BAND,False,True,0.0,1680.367435719,1780083.870163218,1.0,407727.503390109,101248.504610425,-0.0004810604927689679,-2546.8031480769278,,0.0,,,,,3.609257112999618,0.34815317139007307,3.609257112999618,0.34815317139007307,,1.4763349323304837,1.9253891537955259,1,0.38950217354069333,MINER_BURN_ONLY,2804.415649492992,2804.415649492992,0.0,0.000943982170663074,-0.7709503868529168,5HartH15...,4229.405821233,1.938231741004003e-05,,,False,7208725,1.0,1,5E2LP6En...,0.0,0.6253566491975046,0.6253566491975046,0.41598632708183914,,COUNTER,747771.46251058,811.040088965,0.0,DIVERGENT,-0.8552283075178724,2.163955997201538,1295.967040512703,167912.766680056,0.09432857040868523,167912.766680056,0.09432857040868523,0.0,FORTRESS,False,True,0.9432857040868533,,,24108.679752178,0.013543563961380902,30.0
37,92,92,47,57,SN57,2026-09-15,9074314,0.002810382,0.0027342704124748707,0.027836159575833096,IN BAND,False,True,0.0,1352.492986275,941431.808718233,1.0,481248.651916227,34502.334442355,-0.00013780237056893412,-4536.238766091061,,0.0,,,,,-22.480057938191553,0.33867327483930265,-22.480057938191553,0.33867327483930265,,2.79149267707243,4.446371173361074,1,0.38950217365583134,SKIN_IN_GAME,2804.4156503219856,2804.4156503219856,0.0,0.0014366340437513261,-0.48881182566949044,5HdpnCSY...,774480.502268916,0.5295625498723204,BUYBACK_GAMING,,False,8057320,1.0,0,5Ejcqsbx...,0.179995422293431,2.237969503412591,1.8351452375660213,0.608643237551693,,COUNTER,417964.880302115,6427.093693354,0.0,DIVERGENT,-0.8552283075608333,2.1639559978412097,1295.967040512703,1254.306998862,0.0013323397268356048,1254.306998862,0.0013323397268356048,0.0,EXPOSED,False,True,0.01332339726835605,,,31704.077744524,0.03367644629268407,30.0
38,93,93,48,127,Astrid,2026-09-15,9074314,0.002586227,0.0025180799420922995,0.027063103425968436,IN BAND,False,True,0.0,3198.126806987,2956080.334819916,1.0,1236599.4480161,600563.15509351,-0.0011311304522673383,4998.2990554566495,ACCUMULATING_PRE_EMA,0.0,,,,,3.9189298898686777,0.3292677583492826,3.9189298898686777,0.3292677583492826,,0.8890150815742621,0.2218199640878815,1,0.38950217353846206,MINER_BURN_ONLY,2804.415649476927,2804.415649476927,0.0,0.0010818808843981668,-0.5816759764714517,5FU4uxAd...,1494758.000230344,,,ENTRY_REPEATED,False,5848837,1.0,0,5EKrpcqV...,0.179995422293431,1.1309488578350426,0.9273832405767506,0.5689955132313891,,COUNTER,1251190.607491012,203.185912805,0.0,DIVERGENT,-0.8552283075172091,2.1639559971891416,1295.967040512703,5535.674552263,0.0018726400927125792,5535.674552263,0.0018726400927125792,0.0,EXPOSED,True,True,0.01872640092712579,,UNDEFENDED_BURNER,13122.188231867995,0.004439049939644958,30.0
39,33,17,49,38,ChronoLLM,2026-09-15,9074314,0.010306379,0.010322237620130181,-0.001536354879028847,IN BAND,False,False,0.003074399,5645.267955783,1697420.079030061,1.0,547745.176368975,200290.156806039,-0.0014355570088288021,3647.1372311495943,ACCUMULATING_PRE_EMA,0.0,,,,1.4312023158658673,21.372241773075928,-0.018692317694850972,21.686980852401238,0.29604676163045923,0.3147390793253102,1.5482319506328044,1.1164632365405571,1,0.0,,0.0,0.0,6.103608758678547e-05,0.0033257930818214525,-0.6773073179414949,5GeWgtBA...,1602640.137620811,6.087466348663736,BUYBACK_GAMING,,False,7284230,0.0,9,5DkrZxTv...,0.179995422293431,1.187537385134261,0.9737860920077829,0.011750164044498024,,COUNTER,485297.062238848,10641.406258159,0.0,DIVERGENT,1.0,0.0,1295.967040512703,29674.764436217,0.01748227489636728,29674.764436217,0.01748227489636728,0.0,DORMITORY,False,True,0.17482274896367758,,,22154.803494477,0.013052045140844976,30.0
40,34,4,50,120,Affine,2026-09-15,9074314,0.049159146,0.04921369510702789,-0.0011084131542908207,IN BAND,False,False,0.009033909,78316.042823776,2646179.038010631,1.0,1593112.39991165,1495376.665541481,-0.0050901304439632976,,,,,,,0.3031449495657156,-3.462571246352923,-0.013485693377204984,-3.1594262967872075,0.28965925618851057,0.3031449495657156,0.993130080108148,,,,,,,1.5259021896696368e-05,0.029595897215878922,-0.39795745809174715,5EfNFhH2...,3094190.821570876,,,,False,5749344,0.5,0,5HmYnmUY...,0.179995422293431,0.34514451934416274,0.2830200858325469,0.9911647566874705,,,181441.01409672,0.0,,NO_ESTIMATE,,,,55603.871067828,0.02101289076404686,55603.871067828,0.02101289076404686,0.0,,True,True,0.2101289076404712,,,21528.405615996006,0.008135657227555104,30.0
41,94,94,51,95,Actual,2026-09-15,9074314,0.040697701,0.0397991850040853,0.02257624109193366,IN BAND,False,True,0.0,26801.385045095,2956945.728222865,1.0,658547.878133303,581735.417735877,-0.0011390409750780188,-9802.441141310264,,0.0,,,,,-1.8048720792966548,0.27467759995185953,-1.8048720792966548,0.27467759995185953,,0.8887548983117243,2.0601976163102043,1,0.38950217354124306,MINER_BURN_ONLY,2804.41564949695,2804.41564949695,0.0,0.00906387452068751,-0.7772878000974182,5D5UhUuc...,469656.229871343,0.028388612990563614,,,False,5403674,1.0,0,5ExqqyEB...,0.179995422293431,2.294201469395317,1.8812557070852969,0.0,,COUNTER,1076187.288763159,14658.86980412,0.0,DIVERGENT,-0.8552283075182427,2.163955997204592,1295.967040512703,9024.997700073,0.0030521350506818585,9024.997700073,0.0030521350506818585,0.0,EXPOSED,True,True,0.03052135050681859,,UNDEFENDED_BURNER,17754.87958694601,0.006004465830225688,30.0
42,36,61,52,117,glyph,2026-09-15,9074314,0.002883871,0.002839853288605809,0.015499994866213961,IN BAND,False,True,8.5127e-05,3069.741006939,1871944.549634713,1.0,1064451.371438971,230041.936853644,-0.0007537834211656891,6876.965104991803,ACCUMULATING_PRE_EMA,0.0,,,,0.07287707839010064,-5.665222739762437,0.18858327087226986,-5.583852010125192,0.2699540005095156,0.08137072963724576,1.403887738294824,-0.008493651247145122,1,0.0,,0.0,0.0,0.0,0.0016398674883494932,-0.4313658661051437,5HdThE9W...,1961951.85788019,,,,False,5710859,1.0,125,5EsLkLnu...,,7.32918065639639,7.32918065639639,0.0,,COUNTER,289424.602021989,152557.380436716,147.6008236539783,DIVERGENT,0.7463704987671936,0.0,1295.967040512703,184995.455974437,0.09882528625676257,154144.143623114,0.08234439618053502,30851.312351322995,DORMITORY,True,True,0.8234439618053501,,,19370.453799157003,0.010347771146819978,30.0
43,28,63,53,55,NIOME,2026-09-15,9074314,0.002761851,0.0028177585918456316,-0.019841157438903263,IN BAND,False,True,7.6354e-05,6669.704444745,3084881.325015632,1.0,2414939.332490204,563993.566428129,-0.002858824195392448,10691.552370674442,ACCUMULATING_PRE_EMA,0.0,,,,0.030085038049639048,-3.9403891129694544,-0.2414007488399897,-3.4318616005200098,0.2671267636094548,0.5085275124494445,0.8518966284664721,-0.4784424743998054,1,0.007584898457101671,MINER_BURN_ONLY,56.30123820703011,56.12105967647392,6.103608758678547e-05,0.002162061921364577,-0.21716923854162412,5GeWUxaF...,1235782.604351046,,,,False,4703386,0.020051578642169443,142,5E2LP6En...,0.0,0.32166866523085946,0.32166866523085946,0.5925592467687049,,COUNTER,321304.112021738,0.0,0.0,DIVERGENT,0.9256366817546418,0.04330438809174624,1295.967040512703,14841.866940702,0.004811163016336388,14841.866940702,0.004811163016336388,0.0,NEITHER,True,True,0.04811163016336388,,,13561.882779674002,0.004396241330160498,30.0
44,32,54,54,88,Investing,2026-09-15,9074314,0.003381235,0.003414723789319396,-0.009807173694148488,IN BAND,False,False,0.000172429,6507.322370919,3320263.311657007,1.0,1924539.795329785,719296.146568869,-0.0006446650318909965,9337.430122062098,ACCUMULATING_PRE_EMA,0.0,,,,0.06963592491207787,4.095196293991386,-0.1193206132788066,4.411821164257819,0.19730425698762544,0.31662487026643205,0.7915034903326608,-0.24698894535435414,1,0.0,,0.0,0.0,0.0005951018539711583,0.0019598814190647617,-0.42036521594483617,5FhMsGJS...,3108089.633606958,,,,False,5299805,0.4299651887138146,36,5FYoKjj4...,0.179995422293431,12.79679233441132,10.493428294177614,0.0,,COUNTER,175269.313011837,0.0,0.0,DIVERGENT,1.0,0.0,1295.967040512703,1171271.541411536,0.35276465492943165,1171271.541411536,0.35276465492943165,0.0,DORMITORY,True,True,3.527646549294318,0,,10285.664511339995,0.0030978460278220654,30.0
45,95,95,55,42,Unknown,2026-09-15,9074314,0.002451796,0.002414513612166047,0.01544095160453748,IN BAND,False,True,0.0,7321.338962781,2683808.205966698,1.0,2986112.056604879,368570.349136253,-0.0007519273179352004,215.90410215500742,ACCUMULATING_PRE_EMA,0.0,,,,,-0.6925800294361166,0.18786491118853935,-0.6925800294361166,0.18786491118853935,,0.9792055908307367,0.895251128501759,1,0.3895021735968152,MINER_BURN_ONLY,2804.4156498970697,2804.4156498970697,0.0,0.0027279665314771926,0.11264009382395297,5EC5HHfL...,107426.408246345,,,,False,3613591,1.0,11,5Gbdb5s2...,0.179995422293431,10.02999198018202,8.22463933810943,0.0,,COUNTER,531011.117307101,0.0,0.0,DIVERGENT,-0.851305499731804,2.163955997513334,1295.967040512703,5444.016612431,0.002028467086555496,5444.016612431,0.002028467086555496,0.0,EXPOSED,True,True,0.02028467086555496,,UNDEFENDED_BURNER,9531.673232865,0.0035515478385057422,30.0
46,35,45,11,67,Harnyx,2026-09-15,9074314,0.004415248,0.004386504180729389,0.006552785107760086,IN BAND,False,False,0.00037039,2965.0597033,939954.127952414,1.0,671549.950446777,68561.153462954,0.00015566218436049352,5943.915348001989,,0.0,,0.03525559251949008,0.03525559251949008,0.3282850995940012,-4.33709767741979,0.07972555214441437,-4.236648953934251,0.18017427562995306,0.10044872348553868,2.7958811199912565,0.22783637610846252,1,0.04076183111805404,MINER_BURN_ONLY,320.132381102012,318.1053726332549,0.0006866559853513365,0.003154472771728823,-0.28555026314969784,5HEAv3TU...,1072546.925755388,,,,False,7236936,0.04316689570926857,7,5G9hfkx9...,0.009994659342336155,0.7251052289499504,0.717858049199249,0.014588292742476958,,COUNTER,279830.770893806,6279.314248273,0.0,DIVERGENT,0.7486799170647934,0.24545791882747872,1295.967040512703,522.283347221,0.0005556476977857807,522.283347221,0.0005556476977857807,0.0,NEITHER,False,True,0.005556476977857807,,,29909.898709291007,0.03182059402669619,30.0
47,96,96,56,109,Finsight,2026-09-15,9074314,0.002489392,0.0024559868033975363,0.013601537498594047,IN BAND,False,True,0.0,1304.9714684,1598321.034017426,1.0,524212.903186829,68583.901371408,-0.000708007104294364,4826.713213145034,ACCUMULATING_PRE_EMA,0.0,,,,,-6.991091572563639,0.1654853728995609,-6.991091572563639,0.1654853728995609,,1.6442253740441908,0.44978314935755004,1,0.38950217353679667,MINER_BURN_ONLY,2804.415649464936,2804.415649464936,0.0,0.0008164639272248809,-0.6720227560685978,5FqZqKFx...,698543.05201845,,,,False,7257480,1.0,0,5DyQkk4x...,0.179995422293431,2.150004844928344,1.7630138149325443,0.3938926870955927,,COUNTER,727288.392902897,1308.746301495,0.0,DIVERGENT,-0.8552283075164241,2.163955997179889,1295.967040512703,203447.097723266,0.12728800622231434,203447.097723266,0.12728800622231434,0.0,FORTRESS,False,True,1.2728800622231484,0,,22460.82054322999,0.014052759154882716,30.0
48,97,97,57,108,Prometheon,2026-09-15,9074314,0.002263453,0.0022339727729558945,0.013196323339741736,IN BAND,False,True,0.0,1677.246860841,1668567.667992781,1.0,741012.383397823,58230.870169654,0.0005111478403079943,13608.528974761954,,0.0,,,0.22582657572655332,,-3.020169392813366,0.16055526730019112,-3.020169392813366,0.16055526730019112,,1.5750035496980337,-1.4846067678335062,1,0.3895021735399981,MINER_BURN_ONLY,2804.4156494879862,2804.4156494879862,0.0,0.0010052015827794745,-0.5558990697931547,5GpmtjiG...,1409239.688228735,,,,False,7105263,1.0,0,5CAxp9fh...,0.179995422293431,1.283454560536709,1.0524386149184741,0.6786559033129359,,COUNTER,491651.777887191,0.238163524,0.0,DIVERGENT,-0.85522830751778,2.163955997197675,1295.967040512703,470851.954813305,0.28218930753927457,470851.954813305,0.28218930753927457,0.0,FORTRESS,False,True,2.8218930753927456,0,,20012.950952778992,0.011994090102952647,30.0
49,37,16,6,68,NOVA,2026-09-15,9074314,0.021947944,0.02191438153386116,0.0015315269603653164,IN BAND,False,False,0.003108136,44590.955302477,3753657.014679003,1.0,2031668.888409509,1689050.571198006,0.0020257665134935203,6289.480249419808,,0.0,,0.09229869155368359,0.09229869155368359,0.18318022909785614,-1.2090361893178516,0.018633578017778017,-1.1362910152675567,0.09137875206807282,0.0727451740502948,0.7001172429241609,0.11043505504756133,1,0.0,,0.0,0.0,0.0,0.01187933663840361,-0.4587494556026018,5EcdJLAe...,3148912.108017549,,,,False,4972413,0.0,11,5E2LP6En...,0.0,0.17036714626153898,0.17036714626153898,0.06218715663533146,,COUNTER,682309.357738917,6247.123951755,0.0,DIVERGENT,1.0,0.0,1295.967040512703,558020.955301114,0.14866061366793087,558020.955301114,0.14866061366793087,0.0,DORMITORY,True,True,1.4866061366793104,0,,30433.531150783998,0.008107701644495226,30.0
50,98,98,58,27,Orion,2026-09-15,9074314,0.002360903,0.002343591768294573,0.007386624214858312,IN BAND,False,True,0.0,6265.930976886,3415487.465426801,1.0,2654039.349751331,830922.065839733,-0.002571603639063033,-3086.3918245169334,,0.0,,,,,-1.9795251336614423,0.08987059461410946,-1.9795251336614423,0.08987059461410946,,0.7694362888465773,1.0590105593800545,1,0.38950217356847133,SKIN_IN_GAME,2804.4156496929936,2804.4156496929936,0.0,0.0018345641845601115,-0.22293961905249332,5GLT9wjW...,67744.708005529,0.3102682107296678,BUYBACK_JUSTIFIED,,False,1727132,1.0,203,5H6Bqkzj...,0.179995422293431,15.905094942523935,13.042250661727225,0.0,,COUNTER,1325856.954375768,0.0,0.0,DIVERGENT,-0.8552283075283631,2.1639559973558637,1295.967040512703,29259.979274079,0.008566853068635888,29259.979274079,0.008566853068635888,0.0,FORTRESS,True,True,0.08566853068635887,,,9055.688850685998,0.0026513605868421462,30.0
51,99,99,59,71,Leadpoet,2026-09-15,9074314,0.004520651,0.004493131767958403,0.0061247329174370655,IN BAND,False,True,0.0,5353.19666012,4535337.511229512,1.0,1184164.828980778,1408849.843813097,-0.0022417272015353455,2345.512379701715,ACCUMULATING_PRE_EMA,0.0,,,,,1.5807560478711336,0.07451758382881762,1.5807560478711336,0.07451758382881762,,0.5794497087577413,0.35837738037609057,1,0.3895021736147303,MINER_BURN_ONLY,2804.415650026058,2804.415650026058,0.0,0.001180330382659607,-0.7389025645510775,5DwHzMhB...,2480622.001682452,,,,False,5048438,1.0,0,5FNVgRnr...,0.0,0.677371969750028,0.677371969750028,0.5594994658934839,,COUNTER,972123.665529998,0.0,0.0,DIVERGENT,-0.8552283075458889,2.1639559976128644,1295.967040512703,63565.086413894,0.01401551400673194,63565.086413894,0.01401551400673194,0.0,FORTRESS,True,True,0.1401551400673194,,,15791.812218956,0.0034819486267241226,30.0
52,43,85,60,101,Tag101,2026-09-15,9074314,0.004118536,0.004014137666672468,0.026007661419861824,IN BAND,False,True,3.4e-08,3775.271246651,2493967.166675913,1.0,916653.707697714,166379.296951784,0.0003527464605012477,5016.600864642067,,0.0,,,0.08564850726113543,2.366770336813895e-05,-2.064076453287258,0.3164265472749855,-2.3243605150495488,0.05614248551269474,-0.26028406176229074,1.0537428219244493,0.2603077294656589,1,0.34991927599455747,MINER_BURN_ONLY,2524.710416681017,2519.4401946622484,0.001785305561913475,0.0015137614067641774,-0.6324515782394089,5H8dNvi1...,1363408.73312936,,,,False,5481350,0.9019688770674738,0,5H6Dezn7...,0.179995422293431,1.176338020123441,0.9646025614315037,0.588149120263692,,COUNTER,896944.278071029,6970.543419914,0.0,DIVERGENT,-0.8391886107189379,1.9440619366874654,1295.967040512703,13574.61335476,0.005442979978302176,13574.61335476,0.005442979978302176,0.0,FORTRESS,True,True,0.05442979978302176,,,15537.564599135,0.006230059804614132,30.0
53,100,100,61,72,StreetVision by NATIX,2026-09-15,9074314,0.002275362,0.002265564166009426,0.00432467733095893,IN BAND,False,True,0.0,6397.345999594,2571012.297317489,1.0,2811571.865501867,239447.517867578,-0.000693472829379333,-2026.1197625114582,,0.0,,,,,-2.559800205578371,0.052616907526666985,-2.559800205578371,0.052616907526666985,,1.0221654726202476,1.2565026159763963,1,0.3895021735391654,MINER_BURN_ONLY,2804.415649481991,2804.415649481991,0.0,0.0024882595879719377,0.09356646897150331,5FjP8fFb...,0.053606887,7.07966684713821e-07,,,False,5064327,1.0,119,5EAHFCo6...,,0.3897386376310567,0.3897386376310567,0.0615748512131848,,COUNTER,483642.285200187,0.0,0.0,DIVERGENT,-0.8552283075174705,2.163955997193049,1295.967040512703,393528.826915214,0.15306376687727602,387540.520458867,0.1507346039780573,5988.306456346996,FORTRESS,True,True,1.5073460397805758,0,,9429.781485474003,0.003667730992696041,30.0
54,101,101,62,126,Poker44,2026-09-15,9074314,0.003955716,0.003938879119232297,0.004274536043894736,IN BAND,False,True,0.0,2334.259698302,1294214.548330377,1.0,590097.932596587,64258.821740168,-0.0001583244541660852,9297.285022497294,ACCUMULATING_PRE_EMA,0.0,,,,,-3.115412142248816,0.05200685520071928,-3.115412142248816,0.05200685520071928,,2.030575226797052,-0.7046036834181841,1,0.3895021735404185,MINER_BURN_ONLY,2804.415649491013,2804.415649491013,0.0,0.001803611079255252,-0.5440494011058297,5DqrUa2z...,551125.071617667,,,ENTRY_PRE_EMA_PATTERN,False,7525773,1.0,1,5E2LP6En...,0.0,0.7565345860570496,0.7565345860570496,0.4408905708748531,,COUNTER,430786.149347974,5493.154491675,0.0,DIVERGENT,-0.8552283075179362,2.1639559972000106,1295.967040512703,171439.094523612,0.1324657451461814,1096.553699538,0.0008472735072810202,170342.540824074,EXPOSED,False,False,1.143965373393282,0,,26461.711150496005,0.020446154916612065,30.0
55,102,102,63,25,UR,2026-09-15,9074314,0.010097067,0.010060937376692891,0.0035910792358976465,IN BAND,False,True,0.0,16245.250315818,4354994.740422995,1.0,1608907.773191653,719369.984255218,-0.00189072698649151,-14654.889807427302,,0.0,,,,,8.71667649690938,0.043691464036754696,8.71667649690938,0.043691464036754696,,0.6034450456637626,1.8065649327782702,1,0.3895021735380578,,2804.4156494740164,2804.4156494740164,0.0,0.00373025716082498,-0.6305603240203338,5HTeZ516...,740520.049063059,0.05060145435388025,,,False,2998801,1.0,1,5CyQFykV...,0.179995422293431,1.7059415169900753,1.3988798532315505,0.17245063028416202,,COUNTER,973060.018942566,0.0,0.0,DIVERGENT,-0.8552283075170588,2.163955997186896,1295.967040512703,1160726.729106123,0.266527699409663,1160726.729106123,0.266527699409663,0.0,FORTRESS,True,True,2.66527699409663,0,,8713.078005502,0.002000709191363044,30.0
56,103,103,64,119,CapabilityForge Next,2026-09-15,9074314,0.002511835,0.002503173891454935,0.003460050687901191,IN BAND,False,True,0.0,3236.501748427,1610700.580593935,1.0,1288500.556517595,72802.439509134,-0.0008647727937628405,8128.111115494277,ACCUMULATING_PRE_EMA,0.0,,,,,-2.0597626796455963,0.042097283369464486,-2.0597626796455963,0.042097283369464486,,1.631588162109523,-0.3028156318352261,1,0.3895021736623635,MINER_BURN_ONLY,2804.4156503690174,2804.4156503690174,0.0,0.0020093751671918826,-0.2000369581633019,5GbLENPL...,93152.922089988,,,,False,5740660,1.0,0,5HMwvi1d...,0.179995422293431,12.208800050303891,10.01127192955338,0.05550214408887668,,COUNTER,876906.445845802,0.0,0.0,DIVERGENT,-0.8539335774732797,2.1639559978775003,1295.967040512703,20722.542632217,0.012865546136809425,20722.542632217,0.012865546136809425,0.0,FORTRESS,True,True,0.12865546136809425,,,18102.711321786996,0.011239029488095015,30.0
57,104,104,65,115,MoirAI,2026-09-15,9074314,0.002442103,0.002435550559312105,0.00269033244366138,IN BAND,False,True,0.0,3435.986233245,1668849.952964091,1.0,1406977.990953545,159720.061850226,-0.0010310414951094963,12801.737196460599,ACCUMULATING_PRE_EMA,0.0,,,,,-7.075865207482542,0.032732378064546784,-7.075865207482542,0.032732378064546784,,1.5747371387897011,-1.311638010286981,1,0.38950217380513397,MINER_BURN_ONLY,2804.4156513969647,2804.4156513969647,0.0,0.0020588946460658427,-0.15691735931455694,5EkNnrTj...,90680.35169819,,,,False,5683635,1.0,0,5EhTo9AX...,0.179995422293431,12.534718303754525,10.27852638934103,0.05491033956505151,,COUNTER,957863.13305836,0.0,0.0,DIVERGENT,-0.85129996255235,2.1639559986706898,1295.967040512703,2942.008322496,0.001762895649947808,2942.008322496,0.001762895649947808,0.0,EXPOSED,True,True,0.01762895649947808,,UNDEFENDED_BURNER,18921.510786548988,0.011338053941243768,30.0
58,105,105,66,30,Endure Network,2026-09-15,9074314,0.003620128,0.003611445426940918,0.0024041822684930957,IN BAND,False,True,0.0,8773.835945841,3509478.417928479,1.0,2423625.755419156,414568.641366529,-0.0016359655505931488,-10937.443222658243,,0.0,,,,,-2.5971827495058504,0.029250884266665996,-2.5971827495058504,0.029250884266665996,,0.7488292239025124,1.8533408991292841,1,0.3895021735413886,MINER_BURN_ONLY,2804.415649497998,2804.415649497998,0.0,0.00250003986376411,-0.30940567190880813,5HTogQKF...,388.802995057,0.0,,,False,3250216,1.0,116,5E2LP6En...,0.0,0.31942289446161143,0.31942289446161143,0.691409647931387,,COUNTER,810602.659603918,18187.150616168,0.0,DIVERGENT,-0.8547337960296953,2.1639559972054005,1295.967040512703,4962.596266974,0.0014140552173286323,4962.596266974,0.0014140552173286323,0.0,EXPOSED,True,True,0.014140552173286323,,UNDEFENDED_BURNER,9076.241370365,0.002586208059863888,30.0
59,42,62,67,128,ByteLeap,2026-09-15,9074314,0.00284827,0.002785788383334875,0.022428701705736867,IN BAND,False,True,7.9017e-05,4061.142748636,2906630.365125181,1.0,1425827.487415447,91491.680889258,-0.00022424396803000932,4558.836946793133,ACCUMULATING_PRE_EMA,0.0,,,,0.051132572493233545,-0.7730886213990602,0.2728825374197985,-1.026616642266836,0.019354516552022805,-0.2535280208677757,0.9041397322245406,0.30466059336100926,1,0.0,,0.0,0.0,9.15541313801782e-05,0.0013971995880050943,-0.5094567621731457,5GgMeLFN...,901919.475871552,,,ENTRY_REPEATED,False,5856038,1.0,96,5HQTcjYx...,,6.085335492544275,6.085335492544275,0.0,,COUNTER,186014.794503201,289.843039317,0.0,DIVERGENT,1.0,0.0,1295.967040512703,3774.579236356,0.0012986099923969652,3774.573941721,0.0012986081708254772,0.005294634999700065,NEITHER,True,True,0.01298608170825477,,,12880.045695793004,0.004431263723909487,30.0
60,106,106,68,104,TAOstatus,2026-09-15,9074314,0.004304141,0.0042995307594537735,0.0010722659760229846,IN BAND,False,True,0.0,6023.888334112,3199590.578680357,1.0,1399556.140785626,75887.662003832,-0.0017383027949343672,-634.4271478008013,,0.0,,,,,-0.08333604785358255,0.013045902708279647,-0.08333604785358255,0.013045902708279647,,0.821355087588705,0.5286739789919503,1,0.0,,0.0,0.0,0.0,0.0018827059856503577,-0.5625826417744313,5HBb3F1b...,1108283.548822188,1.680856079313413,BUYBACK_GAMING,,False,5528520,1.0,25,5Coeuhim...,0.179995422293431,1.3727489253431036,1.125660402823118,0.4119846186712241,,COUNTER,340321.172598343,192243.539774799,2800.9248850659933,OK,0.12660103180529525,0.0,1295.967040512703,3017.92106809,0.0009432210134006318,3017.92106809,0.0009432210134006318,0.0,NEITHER,True,True,0.009432210134006318,,,9622.317770226995,0.003007359077234074,30.0
61,107,107,69,39,deprecated,2026-09-15,9074314,0.007751808,0.00774910650216043,0.00034862055887561544,IN BAND,False,True,0.0,18585.765509991,3656529.434881219,1.0,2397603.926516136,1102498.946863788,-0.008167090216750057,1454.7012611464597,ACCUMULATING_PRE_EMA,0.0,,,,,0.8653016710831835,0.004241550132986654,0.8653016710831835,0.004241550132986654,,0.7187143018542033,0.5337588082833138,1,0.3895021735387531,MINER_BURN_ONLY,2804.4156494790222,2804.4156494790222,0.0,0.005082897824558262,-0.3442951857736592,5DkwfxC9...,570289.955720421,,,,False,3280104,1.0,136,5GP7c3fF...,0.0009918364232852674,2.263980031760126,2.261734533903036,0.1982786247310351,,COUNTER,1554105.353538038,0.0,0.0,DIVERGENT,-0.8552283075176493,2.1639559971907585,1295.967040512703,470247.778042928,0.128604948057311,468672.833633949,0.12817422694948813,1574.944408979034,FORTRESS,True,True,1.2817422694948837,0,,9266.988818221998,0.002534367351133612,30.0
62,108,108,70,29,hoτfloaτ,2026-09-15,9074314,0.002752068,0.0027520719449967146,-1.433464238421716e-06,IN BAND,False,True,0.0,8274.56565773,2971103.624337037,1.0,3006671.107340773,208544.056622285,-0.011022358310089313,299.0388398594223,ACCUMULATING_PRE_EMA,0.0,,,,,-0.756345206229273,-1.7440481567464212e-05,-0.756345206229273,-1.7440481567464212e-05,,0.8845198055272824,0.7997231996568969,1,0.0,,0.0,0.0,0.0,0.002785014157685719,0.011971418469935673,5HHHHHzg...,42027.514861305,,,,False,3379782,1.0,19,5GRRRRhL...,0.179995422293431,11.282843894568604,9.251983643094869,0.0,,COUNTER,610829.352749762,0.0,0.0,DIVERGENT,1.0,0.0,1295.967040512703,3165.974907187,0.0010655888543414389,3165.974907187,0.0010655888543414389,0.0,NEITHER,True,True,0.010655888543414389,,,9223.466077853003,0.003104390571335626,30.0
63,109,109,71,12,Compute Horde,2026-09-15,9074314,0.004771909,0.004773112712427974,-0.00025218604723898356,IN BAND,False,True,0.0,12649.201874441,3561196.128583446,1.0,2650763.055583518,424698.465686104,-0.0016389071287063602,1251.2042608638294,ACCUMULATING_PRE_EMA,0.0,,,,,-0.9239437062888737,-0.0030682635747409665,-0.9239437062888737,-0.0030682635747409665,,0.7379543010582099,0.5689888043002012,1,0.3871972890977494,MINER_BURN_ONLY,2788.045704666991,2787.8204815037957,7.629510948348184e-05,0.00355195316902485,-0.25565362436189587,5ELzhHvg...,1598564.31870712,,,,False,2256433,0.005859911490920133,136,5EHcd8Jp...,,3.762616363622928,3.762616363622928,0.0,,COUNTER,1621904.053593289,0.0,0.0,DIVERGENT,-0.8543782839282782,2.151150757970584,1295.967040512703,3870.537061652,0.0010868643348749235,3870.537061652,0.0010868643348749235,0.0,EXPOSED,True,True,0.010868643348749235,,UNDEFENDED_BURNER,8901.222573334,0.002499503608321253,30.0
64,110,110,72,73,Parked,2026-09-15,9074314,0.003234329,0.0032378165051341057,-0.001077116361775121,IN BAND,False,True,0.0,6990.14316735,3511519.039961817,1.0,2161233.869543976,580419.152098219,-0.0012004820451322843,1844.0364503306337,ACCUMULATING_PRE_EMA,0.0,,,,,-6.2087030183008975,-0.013104915734930639,-6.2087030183008975,-0.013104915734930639,,0.7483940625389791,0.5152673859507613,1,0.3895021735401436,MINER_BURN_ONLY,2804.415649489034,2804.415649489034,0.0,0.00199063228414846,-0.38453005734776524,5GHtVze5...,1479297.680518368,,,,False,5160047,1.0,0,5Dnkprjf...,0.179995422293431,1.0998911929610082,0.901915813207166,0.5101025515810035,,COUNTER,1569322.629133777,0.0,0.0,DIVERGENT,-0.8552283075181661,2.1639559971984834,1295.967040512703,996969.976683037,0.2839141594669746,928918.806647299,0.26453474865891646,68051.17003573803,FORTRESS,True,True,2.6453474865891673,0,,9634.204408565001,0.0027436002194280453,30.0
65,111,111,73,20,Witness,2026-09-15,9074314,0.00257584,0.0025797602720558643,-0.0015196264933331864,IN BAND,False,True,0.0,6791.620799041,3272184.562037337,1.0,2636662.054692933,287420.564218319,-0.0009316292818717833,2974.871656711679,ACCUMULATING_PRE_EMA,0.0,,,,,-1.1622750950211151,-0.018488789002220434,-1.1622750950211151,-0.018488789002220434,,0.803133182183265,0.41787938992852547,1,0.36701806291472167,MINER_BURN_ONLY,2642.530052985996,2642.530052985996,0.0,0.0020755616531643256,-0.194219496100563,5CFVA7aP...,1280743.327841667,,,,False,1970929,1.0,240,5ED4s3B3...,0.179995422293431,1.277990036352739,1.0479576800726305,0.5191136748615117,,COUNTER,1402241.085156344,0.0,0.0,DIVERGENT,-0.8170920424709454,2.0390410947029745,1295.967040512703,569456.157561412,0.17402935157387805,563414.352618566,0.17218293832049966,6041.804942845949,FORTRESS,True,True,1.7218293832049987,0,,9467.004553807,0.002893175606180547,30.0
66,112,112,74,52,Dojo,2026-09-15,9074314,0.006186049,0.006197296781465411,-0.0018149496243347009,IN BAND,False,True,0.0,17719.148065548,3089997.217178247,1.0,2864372.040083168,766144.286914935,-0.001055169699966047,1001.5288182958029,ACCUMULATING_PRE_EMA,0.0,,,,,-1.502093356580293,-0.022081887096072193,-1.502093356580293,-0.022081887096072193,,0.8504862028322026,0.6855193965982096,1,0.3895021735387531,MINER_BURN_ONLY,2804.4156494790222,2804.4156494790222,0.0,0.005734357289075147,-0.07301780359723187,5Fv1ZvNP...,28007.554662786,,,,False,3989825,1.0,140,5G9hfkx9...,0.009994659342336155,0.41551245220776534,0.41135954679545,0.012253929497939875,,COUNTER,1177530.620975882,0.0,0.0,DIVERGENT,-0.8552283075173173,2.1639559971907585,1295.967040512703,167638.354572778,0.054251943542481106,167638.354572778,0.054251943542481106,0.0,FORTRESS,True,True,0.5425194354248112,,,8766.865884505001,0.002837175980537229,30.0
67,113,113,75,69,Herald,2026-09-15,9074314,0.007620113,0.007645716890692711,-0.0033487887478384944,IN BAND,False,True,0.0,4111.637862414,1306418.461663865,1.0,539577.010565659,77558.766800423,0.0011393261345515797,12440.41595853737,,0.0,,,0.14951564819991248,,-1.6373419853441171,-0.04074359643203501,-1.6373419853441171,-0.04074359643203501,,2.0116066001187383,-1.5369728317568518,1,0.36900205927402974,MINER_BURN_ONLY,2656.814826773014,2656.814826773014,0.0,0.003147259460171272,-0.5869799489625321,5HBPFVcJ...,679612.776453117,,,,False,8138182,1.0,0,5FWB5CFZ...,0.179995422293431,2.1659028592965894,1.7760502594909502,0.3661320596358975,,COUNTER,381604.656595667,4110.268380516,0.0,DIVERGENT,-0.8931043296860189,2.0500635770196287,1295.967040512703,485.813350565,0.0003718665686538632,485.813350565,0.0003718665686538632,0.0,EXPOSED,False,True,0.003718665686538632,,,25202.173104878995,0.019291041763740316,30.0
68,114,114,76,46,Instant,2026-09-15,9074314,0.004125578,0.004143525147810578,-0.0043313717596383215,IN BAND,False,True,0.0,9142.049172015,3554128.349122254,1.0,2215943.784476603,1458929.990604384,-0.006844200137852545,29930.15681011509,ACCUMULATING_PRE_EMA,0.0,,,,,13.319531335620367,-0.05269835640893291,13.319531335620367,-0.05269835640893291,,0.7394218052505123,-2.3606883689602443,1,0.3895021736573674,MINER_BURN_ONLY,2804.415650333045,2804.415650333045,0.0,0.0025722338289422687,-0.3765155260808865,5Ft9E2ov...,677129.941939294,,,,False,3919107,1.0,238,5CDnZ6oe...,0.179995422293431,1.91407559603382,1.569550750824162,0.2028810791838977,,COUNTER,1020823.294657906,28041.129768459,0.0,DIVERGENT,-0.8552283075614043,2.1639559978497434,1295.967040512703,167796.295602104,0.04721165898343087,167796.295602104,0.04721165898343087,0.0,FORTRESS,True,True,0.4721165898343089,,,9723.188479732999,0.0027357448928748695,30.0
69,115,115,77,24,Quasar,2026-09-15,9074314,0.005119254,0.005141958594322205,-0.0044155537050171965,IN BAND,False,True,0.0,9799.488396453,4010991.671848011,1.0,1914241.303606367,1587104.054908577,-0.003987432863262727,-172.9876359589398,,0.0,,,,,11.389045718728967,-0.053722570077709225,11.389045718728967,-0.053722570077709225,,0.6551995653456901,0.6346145280142799,1,0.3895021735398687,MINER_BURN_ONLY,2804.415649487055,2804.415649487055,0.0,0.0024431584999871155,-0.5227510688105893,5ELutYW7...,320095.276000455,,,,False,2538424,1.0,155,5ELpkVn8...,0.179995422293431,3.3661415630968836,2.76025149094779,0.0,,COUNTER,681979.941210513,0.0,0.0,DIVERGENT,-0.8533535328702446,2.1639559971969566,1295.967040512703,700000.000065042,0.17452043218592034,0.0,0.0,700000.000065042,EXPOSED,True,False,0.9458048841517951,21877,TAKEOVER_IMMINENT,8813.194064663,0.002197260624229229,30.0
70,116,116,78,31,rec4ll,2026-09-15,9074314,0.004049859,0.004067979054525495,-0.0044543136241904525,IN BAND,False,True,0.0,1814.275725553,1796321.30223111,1.0,447984.824561694,54008.274807652,-3.4653599990985635e-05,7545.259402672236,ACCUMULATING_PRE_EMA,0.0,,,,,-3.570571112992545,-0.05419414909431717,-3.570571112992545,-0.05419414909431717,,1.4629899432445124,-0.15257747875679095,1,0.38950217353915734,MINER_BURN_ONLY,2804.4156494819326,2804.4156494819326,0.0,0.001009995106832831,-0.7506098096667486,5H3mfhC8...,890901.608815647,,,ENTRY_REPEATED,False,7173591,1.0,0,5CDZ527X...,0.179995422293431,1.7619436410821654,1.4448018513483556,0.4568803699238482,,COUNTER,761214.790605797,729.248648798,0.0,DIVERGENT,-0.8552283075174675,2.163955997193004,1295.967040512703,424801.606113664,0.23648420000700418,424801.606113664,0.23648420000700418,0.0,FORTRESS,False,True,2.3648420000700416,0,,21107.99049579501,0.011750676490657856,30.0
71,39,27,4,83,CliqueAI,2026-09-15,9074314,0.00892823,0.00895116594620049,-0.0025623417483646473,IN BAND,False,False,0.001811818,8285.539874369,2820833.232271745,1.0,928015.950103445,152921.172538469,0.000950791968390149,3420.5087240788853,,0.0,,0.10649277274332639,0.10649277274332639,0.5746707850298792,-1.9237939275844316,-0.03117515793843654,-1.9617741076978512,-0.06915533805185617,-0.03798018011341964,0.9316396197883533,0.6126509651432989,1,0.0,,0.0,0.0,0.001953154802777135,0.0029372668258365203,-0.6710135350638906,5DqEjRLy...,1111407.105383029,,,,False,5231190,0.0,198,5E2LP6En...,0.0,0.402540845840055,0.402540845840055,0.09183299761948362,,COUNTER,345172.824104195,26063.92679357,0.0,DIVERGENT,1.0,0.0,1295.967040512703,8057.340853611,0.002856369090320897,8057.340853611,0.002856369090320897,0.0,NEITHER,True,True,0.028563690903208972,,,15883.596212002005,0.005630817174970044,30.0
72,117,117,79,121,sundae_bar,2026-09-15,9074314,0.004046022,0.0040735602378845215,-0.006760238286993593,IN BAND,False,True,0.0,5913.683976657,2897773.219647388,1.0,1461604.19642885,552095.603398582,-0.0014768339828714987,1601.0887566907331,ACCUMULATING_PRE_EMA,0.0,,,,,-4.2608157855317454,-0.08224956582508872,-4.2608157855317454,-0.08224956582508872,,0.9069032670264601,0.6553068329242332,1,0.38950217354027294,MINER_BURN_ONLY,2804.4156494899653,2804.4156494899653,0.0,0.0020407683860701148,-0.4956111494030149,5CXGaDJs...,1872098.654875589,,,,False,5766528,1.0,0,5EL9y2gd...,0.179995422293431,1.002885646349802,0.8223708209230488,0.7425188078924478,,COUNTER,1312926.986111197,0.0,0.0,DIVERGENT,-0.8552283075178821,2.1639559971992024,1295.967040512703,202885.709556554,0.07001435039186465,202885.709556554,0.07001435039186465,0.0,FORTRESS,True,True,0.7001435039186465,,,12516.086136083002,0.004319208298020646,30.0
73,118,118,80,113,TensorUSD,2026-09-15,9074314,0.002114619,0.002129216678440571,-0.006855891459230084,IN BAND,False,True,0.0,1672.53581008,1577632.098715954,1.0,790939.396071433,67340.383321973,-0.0004889739469761811,9836.677905626828,ACCUMULATING_PRE_EMA,0.0,,,,,-6.165529081599465,-0.08341334608729935,-6.165529081599465,-0.08341334608729935,,1.6657876079847436,-0.7026376814933368,1,0.38601778463082154,MINER_BURN_ONLY,2779.328049341915,2779.328049341915,0.0,0.0010601557938896456,-0.49865399209519745,5GndoVhM...,590683.602324283,,,,False,7119664,1.0,0,5FRumLA6...,0.179995422293431,2.3973947052428346,1.965874632868615,0.33763240636161057,,COUNTER,782511.394319688,0.0,0.0,DIVERGENT,-0.8539215260695361,2.1445977887233716,1295.967040512703,62749.257918415,0.039774328862532064,62749.257918415,0.039774328862532064,0.0,FORTRESS,False,True,0.39774328862532093,,,20252.414008487,0.01283722233147423,30.0
74,119,119,81,49,Nepher Robotics,2026-09-15,9074314,0.006926511,0.0069782298523932695,-0.007411457273155332,IN BAND,False,True,0.0,3928.596317286,2257351.568864472,1.0,567182.645183175,153389.255667139,-3.683535129229573e-05,-187.49693548493087,,0.0,,,,,-4.63465085174782,-0.09017273015672321,-4.63465085174782,-0.09017273015672321,,1.164196147488881,1.1323649376938256,1,0.38560071798361767,MINER_BURN_ONLY,2776.3702252199873,2776.3251805873483,1.5259021896696368e-05,0.0017403564298414638,-0.7487398157829441,5FL781vf...,1726400.823558975,0.0,,,False,6783158,0.9900051881466109,7,5E2LP6En...,0.0,1.3082340589452885,1.3082340589452885,0.004425453990538684,,COUNTER,789046.617603206,837.682351088,0.0,DIVERGENT,-0.853765900176953,2.1422807014358902,1295.967040512703,462097.602286592,0.2047078570570394,462097.602286592,0.2047078570570394,0.0,FORTRESS,False,True,2.0470785705703944,0,,19697.774281862006,0.008726055149562142,30.0
75,120,120,82,94,pending...,2026-09-15,9074314,0.003923903,0.003954555373638868,-0.007751155501120878,IN BAND,False,True,0.0,2143.482707314,1871766.255848751,1.0,546262.894516921,115840.729939177,-7.290167659344193e-05,2603.1212411542656,ACCUMULATING_PRE_EMA,0.0,,,,,7.889545001438961,-0.09430572526363735,7.889545001438961,-0.09430572526363735,,1.404021464639737,0.8190512039824424,1,0.38950217353888245,MINER_BURN_ONLY,2804.4156494799536,2804.4156494799536,0.0,0.0011451658029501335,-0.7081564445017796,5CnwnkkC...,761718.771480764,,,,False,6962737,1.0,0,5EeKtCKE...,0.179995422293431,1.944807715877736,1.5947512297787998,0.3748931754364547,,COUNTER,780565.32019095,0.075116968,0.0,DIVERGENT,-0.8552283075173653,2.163955997191477,1295.967040512703,273.723032556,0.00014623782841510866,273.723032556,0.00014623782841510866,0.0,EXPOSED,False,True,0.0014623782841510864,,,20652.987600370016,0.01103395658289872,30.0
76,121,121,83,37,Aurelius,2026-09-15,9074314,0.003385756,0.0034229953307658434,-0.010879164932285044,IN BAND,False,True,0.0,8024.400150562,3667332.12717471,1.0,2370046.312564608,358059.462805438,-0.0011818962588911177,-22547.69870079821,,0.0,,,,,1.4747325023177287,-0.13236317334280137,1.4747325023177287,-0.13236317334280137,,0.716597218050331,2.9438758975127044,1,0.38950217353458155,MINER_BURN_ONLY,2804.415649448987,2804.415649448987,0.0,0.0021880756561702386,-0.3537408909058306,5GRBbS3a...,38649.22250455,0.03562298891538758,,,False,3212175,1.0,110,5E2LP6En...,0.0,0.5767845159320646,0.5767845159320646,0.48546400720313765,,COUNTER,1309650.005169675,0.0,0.0,DIVERGENT,-0.8552283075157667,2.1639559971675824,1295.967040512703,45507.151093348,0.012408789145696065,45507.151093348,0.012408789145696065,0.0,FORTRESS,True,True,0.12408789145696064,,,8827.527626370002,0.002407070677062095,30.0
77,38,43,12,78,Umi,2026-09-15,9074314,0.00446538,0.004522332455962896,-0.012593602199193097,IN BAND,False,False,0.000483671,1570.311318732,1000521.849549251,1.0,351663.63222413,156661.430441203,0.0001379181554245564,5024.269806790282,,0.0,,0.030886096015245376,0.030886096015245376,0.8094492938039712,-3.576901786569103,-0.15322216009018266,-3.585225536160141,-0.16154590968122054,-0.008323749591037877,2.626629294686518,0.8177730433950091,1,0.0,,0.0,0.0,0.001998931868467224,0.0015694922798931848,-0.6485198841099336,5GvYz1tB...,848169.481352264,,,ENTRY_PRE_EMA_PATTERN,False,7966145,0.0,54,5FLKx6h7...,,0.6568249128481594,0.6568249128481594,0.20085757011627553,,COUNTER,82861.627752537,8107.779671713,0.0,DIVERGENT,1.0,0.0,1295.967040512703,65274.998512563,0.06524095255088161,65274.998512563,0.06524095255088161,0.0,DORMITORY,False,True,0.6524095255088211,,,34509.39388063098,0.0344913945619258,30.0
78,122,122,84,15,ORO,2026-09-15,9074314,0.030668865,0.031082836678251624,-0.01331833649987539,IN BAND,False,True,0.0,14775.515528931,1576160.209631665,1.0,481775.972399392,570627.036111181,-0.0009198017926109515,2866.5547296348377,ACCUMULATING_PRE_EMA,0.0,,,,,-0.04800819058475446,-0.1620397607484839,-0.04800819058475446,-0.1620397607484839,,1.6673431951528208,0.8364687235523425,1,0.3895021737013869,MINER_BURN_ONLY,2804.4156506499858,2804.4156506499858,0.0,0.009374374152221436,-0.6943357978124903,5EHdase3...,216.588029224,,,,False,7366897,1.0,134,5E2LP6En...,0.0,0.6262434052047986,0.6262434052047986,0.24349153059667328,,COUNTER,367937.441187638,2797.563389807,0.0,DIVERGENT,-0.7398332693817864,2.1639559980943024,1295.967040512703,1010.651574802,0.0006412111970763306,1010.651574802,0.0006412111970763306,0.0,EXPOSED,False,True,0.0064121119707633055,,,27393.983984288006,0.017380202733762545,30.0
79,40,49,8,18,Zeus,2026-09-15,9074314,0.003932495,0.003945007221773267,-0.0031716600426506523,IN BAND,False,False,0.000273402,10041.284940766,3188044.985886842,1.0,2553412.765049237,876308.415565885,0.00033872464815844845,5363.4075526637025,,0.0,,0.08613479436298035,0.08613479436298035,0.07155463272265125,-0.6104744142823726,-0.03858853051891627,-0.7348825589709287,-0.16299667520747235,-0.12440814468855607,0.8243296476787167,0.19596277741120732,1,0.041094224479725515,MINER_BURN_ONLY,316.6743022640003,316.4490791008051,7.629510948348184e-05,0.003149668522626804,-0.19906610876128167,5GgvCi6h...,2166522.679389841,,,,False,1604679,0.020845414314054622,10,5E4z3h9y...,0.0899977111467155,0.3363866533321084,0.30611262447191495,0.09867236380283839,,COUNTER,340399.561877021,30745.295806132,0.0,DIVERGENT,0.49464976164930147,0.2441798820559613,1295.967040512703,472285.796249436,0.1481427640890258,375000.0,0.11762694744273926,97285.79624943598,DORMITORY,True,True,1.1762694744273927,0,,13080.959455263996,0.004103128880919843,30.0
80,123,123,85,112,for sale,2026-09-15,9074314,0.002964591,0.0030053856316953897,-0.013573842659378412,IN BAND,False,True,0.0,3900.833353673,2230203.965770332,1.0,1315808.220904706,160074.529525739,-0.0010482548438311206,16638.137967613293,ACCUMULATING_PRE_EMA,0.0,,,,,-1.0942103845873676,-0.16514841902243735,-1.0942103845873676,-0.16514841902243735,,1.1783675575575732,-1.6040504306558792,1,0.38950217353778294,MINER_BURN_ONLY,2804.4156494720373,2804.4156494720373,0.0,0.0017490926451319523,-0.41000541216918207,5GQjr3Qt...,758195.438713411,,,ENTRY_REPEATED,False,5633022,1.0,0,5C4xjnQk...,0.179995422293431,2.028924405043364,1.6637272999561354,0.42770597121972803,,COUNTER,1015865.935869085,0.0,0.0,DIVERGENT,-0.8552283075169567,2.1639559971853686,1295.967040512703,109192.016768061,0.04896055178986516,109192.016768061,0.04896055178986516,0.0,FORTRESS,True,True,0.4896055178986516,,,16582.925394018002,0.007435609320284799,30.0
81,41,6,86,4,Targon,2026-09-15,9074314,0.057050776,0.05720476992428303,-0.0026919769887521357,IN BAND,False,False,0.007592764,139107.478610927,3778795.021484679,1.0,2438310.016181523,2313813.677806538,-0.0046476622979413,4160.03173352452,ACCUMULATING_PRE_EMA,0.0,,,,0.1434414884896966,-0.7665599492446894,-0.032752386696484316,-0.9652397527051697,-0.23143219015696465,-0.19867980346048034,0.6954597920919948,0.34212129195017693,1,0.015565821142988759,MINER_BURN_ONLY,127.12472797499504,126.9895940770779,4.57770656900891e-05,0.03681265530943566,-0.35473874519365595,5CXGPMnq...,,,,,False,1411451,0.12015503875968991,31,5E4z3h9y...,0.0899977111467155,0.30767610706121934,0.2799859616511778,0.28622657632912163,,COUNTER,560119.65754334,0.0,0.0,DIVERGENT,0.7233921520173157,0.09798828990808207,1295.967040512703,183019.057563734,0.04843317949853398,183019.057563734,0.04843317949853398,0.0,DORMITORY,True,True,0.4843317949853398,,,16758.011663679,0.004434750117008152,30.0
82,44,3,7,64,Chutes,2026-09-15,9074314,0.069210687,0.06939711049199104,-0.00268632931067859,IN BAND,False,False,0.009232442,200123.607300746,3309014.92277474,1.0,2891513.094501933,5007253.511465066,0.006078987608972017,3811.7797585804947,,0.0,,0.08783307712249723,0.08783307712249723,0.12123935753135687,-3.222541001653542,-0.032683673279922845,-3.530778132619925,-0.3409208042463061,-0.3082371309663833,0.7941940611728393,0.42947648849774017,1,0.0,,0.0,0.0,0.0001373311970702673,0.060478303051270145,-0.12617103408798502,5FRYKhbm...,693562.971115967,,,,False,4531295,0.29460061654915604,194,5FEm1mew...,,11.04475481837476,11.04475481837476,0.0,,COUNTER,274207.517615115,0.0,0.0,DIVERGENT,1.0,0.0,1295.967040512703,768824.686721079,0.23234246585880886,768824.253782098,0.2323423350225959,0.4329389811027795,DORMITORY,True,True,2.323423350225961,0,,14436.748059315001,0.00436285371817218,30.0
83,45,36,87,77,Liquidity,2026-09-15,9074314,0.005470491,0.0054743411019444466,-0.0007032996067926725,IN BAND,False,False,0.000804031,12029.987277289,3340372.313916232,1.0,2199068.64903128,409597.286968354,-0.006935415302332664,2608.5386812421493,ACCUMULATING_PRE_EMA,0.0,,,,0.17564386555828268,-1.1539150722098248,-0.008556811882644183,-1.5456963904126277,-0.4003381300854471,-0.39178131820280293,0.7867386485786517,0.5674251837610856,1,0.0,,0.0,0.0,7.629510948348184e-05,0.0036013911464812484,-0.3416694869836641,5GxxsUeY...,2779314.435548298,,,,False,5128460,0.15367007477491224,148,5C8dR6A6...,0.179995422293431,1.7680503269820518,1.4498093617408785,0.0,,COUNTER,140886.89655137,14115.257752168,0.0,DIVERGENT,1.0,0.0,1295.967040512703,369577.913917543,0.11063973688736875,369577.913917543,0.11063973688736875,0.0,DORMITORY,True,True,1.1063973688736874,0,,13395.366793054003,0.004010141844742258,30.0
84,46,59,88,32,ItsAI,2026-09-15,9074314,0.002896095,0.0028982958756387234,-0.0007593688612755386,IN BAND,False,True,9.2102e-05,7082.378499576,3577123.152980101,1.0,2445492.011771968,305533.100006245,-0.0011755096356559623,2348.3788667791523,ACCUMULATING_PRE_EMA,0.0,,,,0.03417553241675666,-2.8900227422991387,-0.009238987812185719,-3.282619269241151,-0.401835514754198,-0.39259652694201225,0.7346685835545286,0.4267720593587689,1,0.0,,0.0,0.0,0.0018463416495002605,0.001979909048889097,-0.31635217460439075,5DWgkCSv...,66376.37632902,,,,False,2515294,0.2525606139358547,10,5E4d8SJc...,,5.2361268885712775,5.2361268885712775,0.0,,COUNTER,17419.272873098,0.0,0.0,DIVERGENT,1.0,0.0,1295.967040512703,634410.218859858,0.17735207643922768,634410.218859858,0.17735207643922768,0.0,DORMITORY,True,True,1.7735207643922766,0,,11566.110195796002,0.0032333553252591476,30.0
85,48,22,89,56,Gradients,2026-09-15,9074314,0.016064926,0.016079797176644206,-0.000924836083492777,IN BAND,False,False,0.002203646,51065.118750657,2824945.561861826,1.0,3178671.25768412,2850422.735919133,-0.009019599530651996,3283.335964315571,ACCUMULATING_PRE_EMA,0.0,,,,0.11340777872812627,-1.3901872690808732,-0.011252172349162119,-1.8517404823711185,-0.47280538563940744,-0.46155321329024535,0.9302834134148674,0.5749609920183716,1,0.0,,0.0,0.0,0.0001373311970702673,0.018076496566893738,0.12521505339605907,5EJ1zbdw...,16321.084236215,,,,False,4312927,0.0,50,5G9hfkx9...,0.009994659342336155,0.5097982933230825,0.5047030330480139,0.030795525645134218,,COUNTER,841047.343861356,0.0,0.0,DIVERGENT,1.0,0.0,1295.967040512703,264724.185506575,0.09370948208010926,264724.185506575,0.09370948208010926,0.0,DORMITORY,True,True,0.9370948208010926,,,23521.817945845014,0.008326467689643754,30.0
86,47,39,90,63,Enigma,2026-09-15,9074314,0.00483894,0.004846202442422509,-0.0014985842025367292,IN BAND,False,False,0.000615753,11865.277491762,3501508.468030857,1.0,2452040.660364647,1234813.638916033,-0.0023243817583002914,1889.6001735893078,ACCUMULATING_PRE_EMA,0.0,,,,0.13638103998187207,-16.873413029065446,-0.018232774464196872,-17.33379304833977,-0.47861279373852306,-0.4603800192743262,0.750533669700907,0.5967610592561983,1,0.0,,0.1101870620623231,0.0,0.00010681315327687457,0.0033886188196011065,-0.2997187773353035,5CqTmNfg...,15380.505188323,,,,False,4885578,3.052130387004581e-05,147,5EZ52JMq...,0.0,0.35645830219379976,0.35645830219379976,0.7882038760872883,,COUNTER,725439.901927337,0.0,0.0,DIVERGENT,0.9997843488485497,0.0,1295.967040512703,72397.992373783,0.020676229412204577,72397.992373783,0.020676229412204577,0.0,DORMITORY,True,True,0.2067622941220458,,,8915.387908057002,0.0025461563178999676,30.0
87,124,124,91,10,Pareton,2026-09-15,9074314,0.007051069,0.00734024285338819,-0.039395679293459634,IN BAND,False,True,0.0,17305.44209109,3490917.695000513,1.0,2454300.216175085,981297.276530251,0.0019830543029549486,42381.381529786624,,0.0,,,0.2812416532805095,,-0.9538015445065853,-0.4793140980704255,-0.9538015445065853,-0.4793140980704255,,0.7528106445372995,-3.6833667301096673,1,0.3895021735399981,MINER_BURN_ONLY,2804.4156494879862,2804.4156494879862,0.0,0.0049572758807444346,-0.2969469053920144,5HK5714c...,865535.584282853,,,ENTRY_REPEATED,False,2869647,1.0,201,5GKbzKzG...,0.179995422293431,1.5525109643001895,1.273066097665795,0.24713476887389932,,COUNTER,816081.347243641,0.0,0.0,DIVERGENT,-0.85522830751778,2.163955997197675,1295.967040512703,61936.21417596,0.01774210095662278,20103.094757064,0.0057586848254413065,41833.119418896,FORTRESS,True,True,0.05758684825441329,,,20933.861532991,0.005996664304910781,30.0
88,49,56,9,89,InfiniteQuant,2026-09-15,9074314,0.003216922,0.003224852727726102,-0.0024592526839803527,IN BAND,False,False,0.000138759,6338.577829737,2889870.704872745,1.0,1970385.507770496,187321.892108686,0.00022740814707736934,2871.140309022041,,0.0,,0.07069122194363722,0.07069122194363722,0.05753004251036078,-1.5846157436567565,-0.02992090765509429,-2.0540547868008145,-0.49935995079915235,-0.46943904314405804,0.9093832452672734,0.5269690856544188,1,0.0,,0.0,0.0,0.0010528725108720494,0.002193377654941181,-0.3181750583504415,5Dc5NmEU...,112317.529923389,,,,False,5313364,0.1525371948797849,191,5GCNwrsH...,0.179995422293431,6.60300066722927,5.414490773727531,0.0,,COUNTER,601037.833009041,0.0,0.0,DIVERGENT,1.0,0.0,1295.967040512703,6094.632142656,0.0021089636060117006,6094.632142656,0.0021089636060117006,0.0,NEITHER,True,True,0.021089636060117007,,,12666.021910815,0.004382902629331558,30.0
89,50,12,92,8,Vanta,2026-09-15,9074314,0.027530061,0.02749047870747745,0.001439854610890595,IN BAND,False,False,0.003753902,78825.989663711,3181925.264633077,1.0,2863269.636256305,1403416.507919175,-0.008329727580013033,1637.6413465756923,ACCUMULATING_PRE_EMA,0.0,,,,0.1251523069749881,-0.08695566425720004,0.017518231099168904,-0.6609546743949708,-0.5564807790386018,-0.5739990101377708,0.8259150613026881,0.6991513171127589,1,0.01697138178502022,MINER_BURN_ONLY,142.4594612159999,138.8558906048761,0.0012207217517357094,0.02477304873871725,-0.10014551952074323,5F6tnxzA...,17069.16413866,0.0,,,False,1477264,0.9424490107707585,114,5G9hfkx9...,0.009994659342336155,0.8407276665306035,0.832324879903953,0.020540210590569204,,COUNTER,790394.870358348,0.0,0.0,DIVERGENT,0.6909014502802996,0.1071446157688877,1295.967040512703,607572.456735044,0.19094491737068062,607571.159893335,0.19094450980557423,1.2968417090596631,DORMITORY,True,True,1.9094450980557425,0,,18426.26278604501,0.0057909162703637,30.0
90,51,65,93,7,Allways,2026-09-15,9074314,0.003044152,0.003047005273401737,-0.0009364189247207,IN BAND,False,True,6.7836e-05,6208.865727671,3228549.461753219,1.0,2039604.031810224,326485.608715931,-0.001063203871299582,971.0193688557483,ACCUMULATING_PRE_EMA,0.0,,,,0.02871265313493448,-0.9091509151689782,-0.011393096917435184,-1.5225997289350712,-0.6248419106835282,-0.6134488137660931,0.8139878391619564,0.6421614669010275,1,0.0,,0.0,0.0,3.0518043793392735e-05,0.0019231130887799259,-0.36825983433812576,5CAc19iE...,0.340323109,,,,False,2627691,0.6849678787786306,26,5DCaForB...,,0.2498254655257158,0.2498254655257158,0.0066994261994872415,,COUNTER,36084.978602376,221226.786396644,261.5753011839988,DIVERGENT,0.6362251064956819,0.0,1295.967040512703,3211.260531444,0.0009946449851507525,3211.260531444,0.0009946449851507525,0.0,NEITHER,True,True,0.009946449851507524,,,10952.745544303001,0.003392466392122506,30.0
91,52,32,94,14,Cacheon,2026-09-15,9074314,0.009186899,0.009198295883834362,-0.0012390212250501195,IN BAND,False,False,0.001279322,25022.924171849,3175735.792599605,1.0,2723761.760982726,2660958.935194914,-0.012349965626037119,1244.5185887780972,ACCUMULATING_PRE_EMA,0.0,,,,0.13435912577245243,-0.9591684682951834,-0.015074758238109786,-1.5729510250527747,-0.6288573149957012,-0.6137825567575914,0.8275247601277191,0.7481416825300439,1,0.0,,0.0,0.0,9.15541313801782e-05,0.007879409940260065,-0.1423210443197357,5CKhH8nK...,1727545.069686317,18.997732860112137,BUYBACK_GAMING,,False,4848444,0.0,4,5E2LP6En...,0.0,0.4901322712786417,0.4901322712786417,0.21606238173716658,,COUNTER,1226611.25981397,526.080568229,0.0,DIVERGENT,1.0,0.0,1295.967040512703,52222.587185823,0.016444248072373317,52222.587185823,0.016444248072373317,0.0,DORMITORY,True,True,0.16444248072373524,,,14022.076073582002,0.0044153786679161245,30.0
92,53,78,95,74,Gittensor,2026-09-15,9074314,0.003380869,0.003384024603292346,-0.0009325001033609506,IN BAND,False,True,3.027e-06,6099.058641841,3409864.925245493,1.0,1803991.463825006,353189.181407915,-0.0012658894502273344,-1108.8838397634681,,0.0,,,,0.0013042924272652669,-1.738575297475067,-0.011345417924224898,-2.392810014484601,-0.6655801349337587,-0.6542347170095337,0.7707050154811622,0.655539009436799,1,0.0,,0.0,0.0,9.155413138028923e-05,0.0017886510977856106,-0.47094930392582185,5D1VXeeS...,216.588029224,0.0,,,False,5086205,0.7832257473790231,195,5E2LP6En...,0.0,0.29678223674776405,0.29678223674776405,0.07675873645658478,,COUNTER,531791.422968235,158403.849813279,1795.1235861640016,OK,0.18477197167030507,0.0,1295.967040512703,378229.609193408,0.11092216773547925,378229.609193408,0.11092216773547925,0.0,DORMITORY,True,True,1.1092216773547925,0,,15383.408925965005,0.00451144231904068,30.0
93,54,26,96,5,Hone,2026-09-15,9074314,0.012906819,0.012897996930405498,0.0006839875712565411,IN BAND,False,False,0.001827745,33581.584075714,3183631.357025032,1.0,2601848.085978943,976184.246969746,-0.015845505017582865,275.40307825477794,ACCUMULATING_PRE_EMA,0.0,,,,0.14303416566563124,0.48642090497479173,0.008321848783621251,-0.21161595020700885,-0.6897150063981793,-0.6980368551818006,0.8254724574819348,0.8410710208474318,1,0.0,,0.0,0.0,0.0019226367589837423,0.01054820119220542,-0.18274199148485618,5GurNtB3...,,,,,False,2491604,0.0,176,5HbScNss...,0.0899977111467155,0.6064912389229608,0.5519084155893585,0.00787413590514413,,COUNTER,1488567.694632255,0.0,0.0,DIVERGENT,1.0,0.0,1295.967040512703,6649.821324041,0.0020887535579040706,6649.821324041,0.0020887535579040706,0.0,NEITHER,True,True,0.020887535579040706,,,16866.858867487997,0.005297993698381386,30.0
94,56,13,1,9,iota,2026-09-15,9074314,0.027137447,0.027022762456908822,0.0042439977509351745,IN BAND,False,False,0.003684609,55675.688688637,4023508.101183472,1.0,2051618.502395127,1102236.792548624,0.01301328860220348,-3154.040959859034,DISTRIBUTING_PRE_EMA,0.0,,0.4795325294307707,0.4795325294307707,0.1739206587304642,-3.160232451122861,0.05163530596971129,-3.975165367716185,-0.7632976106236128,-0.8149329165933241,0.6531613541990885,0.9888535753237884,1,0.06930432453593696,,566.787161444081,566.742116811442,1.5259021896696368e-05,0.013837598257167814,-0.4900921130433598,5Fsbubec...,27926.625878508,0.12587233478587986,,,False,1489797,0.260002441480758,254,5E2LP6En...,0.0,0.30520725573425206,0.30520725573425206,0.32685792766671756,,COUNTER,1193772.643493884,46681.104420658,0.0,OK,-0.18725115685137786,0.43731213765068494,1295.967040512703,566487.003304132,0.14079429916830685,566487.003304132,0.14079429916830685,0.0,FORTRESS,True,True,1.4079429916830686,0,,15070.112538548005,0.0037455156444485076,30.0
95,55,80,97,43,Graphite,2026-09-15,9074314,0.00443472,0.004434738541021943,-4.180860218015301e-06,IN BAND,False,True,7.28e-07,13012.822826611,3069901.580151712,1.0,2934305.250187796,157930.901706224,-0.0008349041341164327,328.1388979391195,ACCUMULATING_PRE_EMA,0.0,,,,0.00014702298075461163,-2.7291567192207276,-5.0867132652519495e-05,-3.4994966512231316,-0.7703907991350566,-0.770339932002404,0.8560535024937596,0.7704869549831587,1,0.31181672782852654,MINER_BURN_ONLY,2245.584198510973,2245.4490646130557,4.57770656900891e-05,0.00423884039499661,-0.044169554110155725,5HjMs5JD...,2896615.942917789,,,,False,3408582,1.0,108,5ERVu5z1...,,12.002758855687258,12.002758855687258,0.0,,COUNTER,939250.285946284,0.0,0.0,DIVERGENT,-0.8192021271360627,1.7326436509718055,1295.967040512703,3451.069241962,0.0011241628279794725,3451.069241962,0.0011241628279794725,0.0,EXPOSED,True,True,0.011241628279794726,,UNDEFENDED_BURNER,9808.602833146,0.0031950870661662275,30.0
96,57,28,98,34,BitMind,2026-09-15,9074314,0.011751267,0.011744413757696748,0.0005835320897784438,IN BAND,False,False,0.001698469,34608.930333227,2703995.784416808,1.0,2945123.329171036,633828.874722692,-0.0033068888932364145,-308.46039803978056,,0.0,,,,0.12897181418273,-0.28046804037917905,0.0070996404256377325,-1.211433594998434,-0.9238659141936172,-0.9309655546192549,0.9718950063255375,1.0599373688019849,1,0.0,,0.0,0.0,0.001327534905012584,0.012799180580339322,0.08917451882757177,5DthmKBR...,2907144.704778591,0.0,,,False,3493948,0.36325021391028,5,5GegxVFf...,,18.52634941136616,18.52634941136616,0.0,,COUNTER,359469.273754254,70171.661546406,0.0,DIVERGENT,1.0,0.0,1295.967040512703,127404.598828577,0.04711715882207093,127404.598828577,0.04711715882207093,0.0,DORMITORY,True,True,0.47117158822071115,,,12660.233218233003,0.004682046211460176,30.0
97,58,18,10,110,Green Compute,2026-09-15,9074314,0.013996051,0.013953899033367634,0.0030208020375932084,IN BAND,False,False,0.002981652,7744.241211872,2972460.960419203,1.0,553316.203807153,407090.81421382,0.0008840356011466324,-8087.555426644511,DISTRIBUTING_PRE_EMA,0.0,,0.06316321662064767,0.06316321662064767,1.0118204278022316,8.452844434689988,0.036753091457384035,7.448341033356169,-0.9677503098764347,-1.0045034013338188,0.8841159009299069,2.0163238291360503,1,0.0,,0.0,0.0,0.0,0.002605329831070292,-0.8138525051766179,5D53sX6A...,1594568.302199301,0.0004539502716399006,,,False,5606062,1.0,155,5FmpATto...,0.179995422293431,8.51894994884109,6.985577955302835,0.0,,COUNTER,653602.202903777,0.0,0.0,DIVERGENT,1.0,0.0,1295.967040512703,9205.92186508,0.003097070739587341,9205.92186508,0.003097070739587341,0.0,NEITHER,True,True,0.03097070739587341,,,19782.83846356099,0.006655373687656788,30.0
98,60,10,99,114,SOMA,2026-09-15,9074314,0.014963383,0.014538961695507169,0.029191995507078485,IN BAND,False,False,0.004567715,6957.797772506,1707235.087672993,1.0,464988.45876879,224237.061508162,-0.00033109223172571404,-5445.017942559905,,0.0,,,,1.725252071486481,7.1001228728631505,0.3551692786694549,5.738830311628597,-1.0061232825650983,-1.3612925612345532,1.539331061653632,3.086544632721034,1,0.0,,0.0,0.0,3.0518043793392735e-05,0.004075477257200508,-0.7276366409119844,5FHrQMjz...,1090283.848088897,0.13241638069400516,,,False,7312241,0.09999542215372403,3,5G9hfkx9...,0.009994659342336155,0.5564504865701687,0.5508889535160227,0.02664387846973188,,COUNTER,373811.447473431,13816.272943106,0.0,DIVERGENT,1.0,0.0,1295.967040512703,146039.760277138,0.08554168159476741,146039.760277138,0.08554168159476741,0.0,DORMITORY,False,True,0.855416815947674,,,35284.86672763699,0.020667842983318252,30.0
99,125,125,100,70,SN70,2026-09-15,9074314,0.003398394,0.0037333895452320576,-0.08972959857882584,IN BAND,False,True,0.0,420.598546065,226430.096311261,1.0,123763.907569644,13973.780748077,,7728.530319410318,,,,,,,-23.782264730424647,-1.091710116042381,-23.782264730424647,-1.091710116042381,,11.606230986129304,-1.565460801322566,1,0.3895021735386116,MINER_BURN_ONLY,2804.4156494780036,2804.4156494780036,0.0,0.001857520501545105,-0.45341225839466964,5Cz1mjiJ...,509734.945150158,,,,True,8825571,1.0,0,5DFxKepZ...,0.179995422293431,3.0461400713561,2.497848802847417,0.44106022919750354,,COUNTER,99778.156792244,0.0,0.0,DIVERGENT,-0.8406841059194631,2.1639559971899724,1295.967040512703,0.0,0.0,0.0,0.0,0.0,EXPOSED,False,,,,,35353.88110428001,0.15613596284338885,30.0
100,59,30,101,19,blockmachine,2026-09-15,9074314,0.009831193,0.009834801778197289,-0.0003669395966158228,IN BAND,False,False,0.001353176,31839.85250193,2741211.51649606,1.0,3238656.064180475,1678433.009476923,-0.008205630128196056,-1877.197151384782,,0.0,,,,0.11168853649006197,-1.968239494807617,-0.004464431758825844,-3.140193076397843,-1.176418013349052,-1.1719535815902262,0.9587001893816746,1.2836421180802882,1,0.0,,0.0,0.0,0.0002746623941405346,0.011615248334659389,0.18146885476252866,5FWh37Lf...,1337636.334226175,11.932380184762847,BUYBACK_GAMING,,False,1956072,0.06515866111085666,100,5GNNB5kZ...,0.179995422293431,1.7159320370990194,1.4070721254545542,0.000427291733431,,COUNTER,1006514.180053119,0.0,0.0,DIVERGENT,1.0,0.0,1295.967040512703,169492.989899939,0.06183141610195502,169492.989899939,0.06183141610195502,0.0,DORMITORY,True,True,0.6183141610195502,,,31882.79980299099,0.01163091560469767,30.0
101,62,71,102,82,Compelle,2026-09-15,9074314,0.002137924,0.0020919388625770807,0.021982065654762746,IN BAND,False,True,2.5735e-05,1289.92847522,688429.573436706,1.0,603355.564898863,120059.812075448,0.0004909697292762227,3888.022102845949,,0.0,,,0.22964788705128095,0.05243048843344999,-16.759689250769465,0.26744846546628004,-18.294092085630048,-1.2669543693943006,-1.5344028348605807,3.8173839436919796,1.5868333232940306,1,0.0,,0.0,0.0,0.0,0.0018737261224565853,-0.12357683320053219,5H6h1PUD...,365486.369032774,,,,False,8026517,0.0,48,5G9hfkx9...,0.009994659342336155,0.8362992731730842,0.8279407468294759,0.022142530138867696,,COUNTER,51466.221683119,7195.897335065,0.0,DIVERGENT,1.0,0.0,1295.967040512703,744.314271862,0.001081177073998016,744.314271862,0.001081177073998016,0.0,NEITHER,False,True,0.010811770739980159,,,36166.72106605499,0.0525351066566,30.0
102,61,2,2,51,lium.io,2026-09-15,9074314,0.091352169,0.09142805030569434,-0.0008299565116026393,IN BAND,False,False,0.012725901,160334.4484912,4141866.938951874,1.0,1755124.727327003,2055398.8511841,0.015805744069074572,-10412.309704185696,DISTRIBUTING_PRE_EMA,0.0,,0.1730199101137333,0.1730199101137333,0.20858691405818236,2.32888072542179,-0.010097804224498777,0.9316610266812164,-1.4073175029650724,-1.3972196987405736,0.6344964815950925,1.605806612798756,1,0.0,,0.0,0.0,0.000579842832074462,0.03871067102212937,-0.5762479266132218,5FqACMtc...,216.588029224,0.0,,,False,3966206,0.8267401560376811,189,5GP7c3fF...,0.0009918364232852674,0.3015743589130959,0.301275246479597,0.17536738337580685,,COUNTER,1211884.876759297,47834.295633396,0.0,DIVERGENT,1.0,0.0,1295.967040512703,499675.003015293,0.12064004237223008,499675.003015293,0.12064004237223008,0.0,DORMITORY,True,True,1.206400423722301,0,,14858.989401286002,0.0035875100818777545,30.0
103,63,46,103,85,Vidaio,2026-09-15,9074314,0.005287026,0.0051522480789572,0.0261590511515274,IN BAND,False,False,0.000346766,12896.773622674,2771597.296236021,1.0,2439324.792890243,1433179.0685197,-0.006693889346863315,-7260.140995841473,,0.0,,,,0.07066116492870966,5.1898595162162255,0.3182684556769167,3.359421003681648,-1.5121700568576608,-1.8304385125345775,0.9481896968109206,1.9010996774632871,1,0.08538888753723384,SKIN_IN_GAME,655.3488227829803,655.1235996197851,7.629510948348184e-05,0.004653191731781712,-0.11988484040333611,5GTPBjA4...,3139394.599108202,1.4768768984741463,BUYBACK_GAMING,,False,5258781,0.2960018312223409,98,5GsAAHbe...,,8.647119683162149,8.647119683162149,0.0,,COUNTER,506138.213727444,0.0,0.0,OK,-0.12873012647964946,0.5055094606114433,1295.967040512703,143874.406841709,0.05191028546502705,143874.406841709,0.05191028546502705,0.0,FORTRESS,True,True,0.5191028546502705,,,23234.939135123004,0.008383230553254366,30.0
104,64,55,104,79,MVTRX,2026-09-15,9074314,0.003391405,0.0033668242394924164,0.0073008742836215106,IN BAND,False,False,0.000163449,7300.065860014,2985800.690790606,1.0,2152519.314403524,488035.549967961,-0.0051205686723918425,-12221.221068106126,,0.0,,,,0.05884110914023675,-1.6561704851080612,0.0888273037840617,-3.8407535866806692,-2.0957557977885464,-2.184583101572608,0.8801659159989461,2.2434242107128446,1,0.0,,0.0,0.0,0.0018921187151903496,0.0024449273799588495,-0.2790812716384951,5Fxp7QBG...,3310235.285114627,0.9924823902892403,BUYBACK_GAMING,,False,5173967,0.0,0,5EWwdZB7...,0.179995422293431,0.32550133930252895,0.2669125882776929,1.0,,COUNTER,444229.939659842,37317.847662374,0.0,DIVERGENT,1.0,0.0,1295.967040512703,1355085.827207694,0.4538433631512366,1355085.827207694,0.4538433631512366,0.0,DORMITORY,True,True,4.5384336315123655,0,,12915.487871459,0.004325636306299844,30.0
105,65,74,105,13,Data Universe,2026-09-15,9074314,0.00557666,0.005564595805481076,0.0021680271021734254,IN BAND,False,True,1.038e-05,19952.571498678,2470986.728762036,1.0,3577871.164481927,970101.340276758,-0.0029832593986156373,-8486.618625820614,,0.0,,,,0.0013671741510515277,-1.1312873446162466,0.02637766307644334,-3.4026959019210494,-2.2450308942283597,-2.271408557304803,1.0635427416142487,2.2727757314558543,1,0.27231562315594965,SKIN_IN_GAME,1971.484324168996,1964.3222275793873,0.0024261844815747224,0.00807473842996892,0.4479524356817378,5HBswBt1...,27832.277865769,0.21000584727467742,BUYBACK_JUSTIFIED,,False,1907637,0.7027655408712677,77,5D4aUZhf...,0.179995422293431,0.5754580292369429,0.47187821825229376,0.05803448802075385,,COUNTER,664407.031449362,0.0,0.0,DIVERGENT,-0.7927441572433784,1.5157192784797007,1295.967040512703,93697.039216446,0.0379188759396487,93697.039216446,0.0379188759396487,0.0,FORTRESS,True,True,0.37918875939648694,,,10228.602171842,0.004139480820670585,30.0
106,66,9,106,44,Score,2026-09-15,9074314,0.037367855,0.036954529117792845,0.0111847151641325,IN BAND,False,False,0.00515723,66958.122573092,4169340.240379422,1.0,1791864.249453342,2215646.987011531,-0.0010141890605900883,-24416.959593723062,,0.0,,,,0.20241308924403043,-2.870924025369837,0.1360807011636121,-5.499240097502568,-2.4922353709691194,-2.6283160721327317,0.6303155531775081,2.830729161376762,1,0.0,,0.0,0.0,0.0,0.016059644623053985,-0.5702283520674659,5CaCekux...,276610.295313765,0.02040701003573867,,,False,3550319,1.0,65,5E2LP6En...,0.0,0.3028405363383982,0.3028405363383982,0.23941340739497338,,COUNTER,507145.080105123,2206.282255223,0.0,DIVERGENT,1.0,0.0,1295.967040512703,245862.449528441,0.05896914987827111,245862.449528441,0.05896914987827111,0.0,DORMITORY,True,True,0.589691498782711,,,21092.586405319,0.005058974607310896,30.0
107,67,57,107,1,Apex,2026-09-15,9074314,0.007097896,0.007067804224789143,0.004257584711432124,IN BAND,False,False,0.00012453,23933.539236811,2540268.363503382,1.0,3371919.893780963,836254.052446573,-0.002493990990679855,-11832.956503040157,,0.0,,,,0.013673900744970055,-0.8679797981817099,0.05180061398909084,-3.5662754820221023,-2.6464950698513015,-2.698295683840392,1.034536365431731,2.711969584585362,1,0.21398248798971387,,1567.8396735989954,1567.7045397010784,4.57770656900891e-05,0.009421657798313613,0.3273874114686398,5HCFWvRq...,31414.065319096,0.13584526581289594,,,False,1497824,0.5564762253555515,248,5HCFWvRq...,0.179995422293431,19.086482088248683,15.651002684678355,0.0,,COUNTER,885603.491166711,0.0,0.0,DIVERGENT,-0.729477210150542,1.2096793287897754,1295.967040512703,192837.392404226,0.0759122127310504,192824.591394465,0.07590717349584797,12.80100976099493,FORTRESS,True,True,0.7590717349584797,,,10587.684244986001,0.004167939260710281,30.0
108,68,53,108,40,Ralph,2026-09-15,9074314,0.003436773,0.0034375067334622145,-0.00021344931635240496,IN BAND,False,False,0.000176815,1689.089140712,436126.344858645,1.0,491475.245408801,80241.702951682,-1.8552276038102824e-06,3546.448716726911,ACCUMULATING_PRE_EMA,0.0,,,,0.2751008273039564,-5.7319921234634466,-0.0025969666822875936,-8.47905682301262,-2.74966166623146,-2.7470646995491723,6.025776775424502,3.022165526853129,1,0.0,,0.0,0.0,0.0,0.0038729353560593978,0.12691043489325526,5HeKCDfd...,792483.847130683,,,,True,8409860,1.0,6,5E2LP6En...,0.0,0.8635148602419701,0.8635148602419701,0.23348898248184094,,COUNTER,22349.634720453,0.042920633,0.0,DIVERGENT,1.0,0.0,1295.967040512703,22427.898380107,0.05142523180381642,22427.898380107,0.05142523180381642,0.0,DORMITORY,False,True,0.5142523180381642,,,43181.98985415998,0.09901256909429744,30.0
109,69,69,109,60,Bitsec.ai,2026-09-15,9074314,0.004617348,0.0046140148770064116,0.0007223910374019588,IN BAND,False,True,3.7836e-05,7487.406571581,4046554.666309867,1.0,1621581.616018687,947714.135896947,0.00042835187573598795,-24769.81131301797,DISTRIBUTING_PRE_EMA,0.0,,,0.09277010867190169,0.013280033219700565,5.238291521271562,0.008789090955057165,2.3778411094739997,-2.8516613208425055,-2.8604504117975624,0.6494413684509852,2.873730445017263,1,0.19316197155564024,MINER_BURN_ONLY,1402.2078247430036,1402.1627801103646,1.5259021896696368e-05,0.0018503164269392939,-0.5992685786431315,5CXLwkK1...,134931.939765216,0.020145923579057937,,,False,4796992,1.0,113,5CXLwkK1...,0.179995422293431,3.9927018562915686,3.2740337995766016,0.0,,COUNTER,679176.527561504,0.0,0.0,DIVERGENT,-0.7018142785027595,1.0819432410531435,1295.967040512703,1058133.370810608,0.26148994838009704,1058133.370810608,0.26148994838009704,0.0,FORTRESS,True,True,2.6148994838009716,0,,9462.310438398003,0.002338362191712801,30.0
110,71,47,110,48,Quantum Compute,2026-09-15,9074314,0.004092265,0.0040467234794050455,0.011253924521091908,IN BAND,False,False,0.000324338,10575.787731675,3253673.945757636,1.0,2584335.907209053,692037.621843056,-0.0027008449742481964,-19956.765844548587,,0.0,,,,0.08059543985051246,-0.7641522469306519,0.13692274833995155,-3.7666256209348505,-2.8655506256642473,-3.002473374004199,0.8077023216867096,3.0830688138547115,1,0.0,,0.0,0.0,4.57770656900891e-05,0.0032504141189268337,-0.20571758697766798,5GNH5YMk...,15742.250369284,0.04702902496306738,,,False,3856677,0.9900048831105415,10,5F7SXJdP...,,13.983760196651906,13.983760196651906,0.0,,COUNTER,695492.461656953,0.0,0.0,DIVERGENT,1.0,0.0,1295.967040512703,101862.559282014,0.03130693516934277,101862.559282014,0.03130693516934277,0.0,DORMITORY,True,True,0.3130693516934277,,,9256.159704649994,0.0028448332128419972,30.0
111,72,35,111,105,Beam,2026-09-15,9074314,0.005534873,0.005282962927594781,0.04768348289733473,IN BAND,False,False,0.000824826,4670.265304072,2044446.217104362,1.0,843789.076675818,545465.28302054,-0.0010888053840733777,-13991.194458079059,,0.0,,,,0.4641369572966303,-8.366863863141742,0.5801490419175724,-11.832618880968228,-2.8856059759089137,-3.465755017826486,1.2854336680581162,3.9298919751231165,1,0.0,,0.0,0.0,0.0018616006713969568,0.002284366918043312,-0.5872774464665563,5G3ic2pA...,1999877.832772647,0.8420382872901936,BUYBACK_GAMING,,False,6841399,0.0,170,5E2LP6En...,0.0,1.2417928758808374,1.2417928758808374,0.004455838369041079,,COUNTER,452240.813141888,1869.377328683,0.0,DIVERGENT,1.0,0.0,1295.967040512703,182234.963343212,0.08913658956571589,182234.963343212,0.08913658956571589,0.0,DORMITORY,False,True,0.8913658956571608,,,16736.421581364997,0.008186286066781212,30.0
112,70,84,112,2,DSperse,2026-09-15,9074314,0.003122714,0.0031213676556944847,0.0004313315360524855,IN BAND,False,True,7.7e-08,7810.304735211,3254282.835140139,1.0,2501126.538634828,711384.117979765,-0.002026472196230547,-19388.226644707378,,0.0,,,,2.5908848228126562e-05,-2.3607002054764754,0.005247867021971907,-5.321115921610709,-2.955167849112262,-2.960415716134234,0.8075511973398681,2.960441624982462,1,0.32814286587587777,MINER_BURN_ONLY,2363.497719016974,2362.686915629471,0.0002746623941405346,0.0024000079682301692,-0.23143522966555077,5EcYQ3W7...,2340108121805375.0,0.0,,,False,2734060,0.8441625837568876,14,5CFxLBvp...,0.179995422293431,0.7399252604110265,0.6067421006977668,0.7630892249469716,,COUNTER,723543.295437925,0.0,0.0,DIVERGENT,-0.8280732154501449,1.8231072564119828,1295.967040512703,1144508.261830867,0.3516929289219513,1144508.261830867,0.3516929289219513,0.0,FORTRESS,True,True,3.516929289219513,0,,10241.711798681,0.003147148639967541,30.0
113,73,51,113,66,conjectures,2026-09-15,9074314,0.003701352,0.0035782386548817158,0.034406130220052115,IN BAND,False,False,0.000205631,7455.85729575,3768866.840506916,1.0,2014360.190933276,1383904.97020118,-0.005772511456838813,-38515.18637474626,,0.0,,,,0.07247969570287226,19.296685675705003,0.4186079176773007,14.90313890928024,-3.974938848747461,-4.393546766424762,0.6972918150768446,4.466026462127634,1,0.0,,0.0,0.0,0.0,0.001978275596159609,-0.4655262195652808,5CJCRGep...,1141228.86473945,0.10970396914390526,,,False,4958013,1.0,121,5Gn2SyG6...,0.179995422293431,18.57099244562013,15.228298817962619,0.0,,COUNTER,876389.726869251,0.0,0.0,DIVERGENT,1.0,0.0,1295.967040512703,392806.591766313,0.10422405682910256,392806.591766313,0.10422405682910256,0.0,DORMITORY,True,True,1.0422405682910254,0,,11396.182434752,0.003023768924990516,30.0
114,74,70,114,84,SN84,2026-09-15,9074314,0.002253517,0.002209477825090289,0.019931937949144735,IN BAND,False,True,3.1924e-05,1413.5229819,752167.208767264,1.0,627251.739874485,68844.436677479,-0.004139727322791386,-3940.8349622238893,,0.0,,,,0.059352605563745456,-0.9984154888745052,0.24250524504792761,-5.967976725901809,-4.727055991979377,-4.969561237027304,3.493903974233417,5.02891384259105,1,0.0,,6.949994713068008e-07,0.0,0.0002746623941405346,0.001879266957431766,-0.16607376051222783,5G1hDNpP...,183217.45105983195,1.2588212148991635,BUYBACK_GAMING,,False,8085297,0.6666819298807943,54,5FvdSQPG...,0.179995422293431,2.4548206735558167,2.0129641897644928,1.0,,COUNTER,43139.508395224,58286.525382649,604.3861443950009,DIVERGENT,0.4077352609414911,0.0,1295.967040512703,660.436412233,0.0008780446748209049,660.436412233,0.0008780446748209049,0.0,NEITHER,False,True,0.008780446748209048,,,3697.4097132080005,0.004915675225017759,30.0
115,75,33,115,11,TrajectoryRL,2026-09-15,9074314,0.008678659,0.008488893741741776,0.02235453335045362,IN BAND,False,False,0.001202352,21348.29246364,3474948.90224694,1.0,2459860.596416152,1006139.66728357,-0.004553696919034271,-41408.13820085814,,0.0,,,,0.1480109503550075,-1.6741847377646806,0.27198015576385237,-6.756782186063147,-4.810617292534614,-5.082597448298467,0.75627011329597,5.230608398653474,1,0.0,,0.0,0.0,0.0,0.006143483850895177,-0.2921159996152427,5D2Jhtbn...,2538279.984176608,0.6797910154619589,BUYBACK_GAMING,,False,2918568,0.0,235,5D7ekpEm...,,0.3515863572546573,0.3515863572546573,0.007935054629799182,,COUNTER,1145934.992162841,48146.465498293,50.0,DIVERGENT,0.902298550011643,0.0,1295.967040512703,46180.459268605,0.013289536211235858,46180.459268605,0.013289536211235858,0.0,DORMITORY,True,True,0.13289536211235858,,,12132.044809376997,0.00349128725361466,30.0
116,77,58,116,125,Refinery,2026-09-15,9074314,0.003073741,0.002983815735206008,0.030137673628087995,IN BAND,False,False,0.000103028,5745.710853125,2516619.140247553,1.0,1869288.753672165,241743.638259828,-0.00024021262101779379,-28637.1976647228,,0.0,,,,0.0471234266605566,-7.375297689791944,0.3666750291417373,-12.572668998003712,-4.830696279070031,-5.197371308211768,1.0442581310660661,5.244494734872324,1,0.0,,0.0,0.0,0.0,0.0022831070308715084,-0.2572220525829898,5DTzv2rL...,5119.06980168,0.03194680615734255,,,False,5834408,1.0,12,5E2LP6En...,0.0,0.6148359252758134,0.6148359252758134,0.1485861653263341,,COUNTER,1305773.13013795,0.0,0.0,DIVERGENT,1.0,0.0,1295.967040512703,225923.662897553,0.08977268720738152,225923.662897553,0.08977268720738152,0.0,DORMITORY,True,True,0.8977268720738152,,,11611.394252782997,0.004613886172558004,30.0
117,76,11,117,3,Teutonic,2026-09-15,9074314,0.030524011,0.030014956602826715,0.016960024427466424,IN BAND,False,False,0.004161712,82310.625963553,3349338.023422243,1.0,2696586.162519716,3477962.171191009,-0.03954664999786193,-40400.97427172493,,0.0,,,,0.13287444978055293,0.4674949653378924,0.20634696386750814,-4.7202271552099,-4.981375156680285,-5.187722120547793,0.7846326592365844,5.3205965703283455,1,0.0,,0.0,0.0,7.629510948348184e-05,0.024575192288131827,-0.19488981025030339,5GsGUrd2...,3237776.276097826,0.0,,,False,4165565,0.6,244,5EtUYRu7...,0.09999237048905166,0.3011213668812472,0.2710115276018879,0.01152073732718894,,COUNTER,578475.334942498,0.0,0.0,DIVERGENT,1.0,0.0,1295.967040512703,387698.119756448,0.11575365551199603,387582.819633381,0.11571923076231094,115.30012306704884,DORMITORY,True,True,1.1571923076231108,0,,24118.96301398199,0.007201113427583529,30.0
118,78,34,118,81,Reliquary,2026-09-15,9074314,0.006345182,0.006297439336776733,0.0075812819576446325,IN BAND,False,False,0.000947342,18267.704384284,2559332.319246314,1.0,2878988.010258207,909159.313253973,-0.010295262693937652,-30237.599817972165,,0.0,,,,0.1362850374424635,-2.0353488792525085,0.09223893048467635,-7.406936224526216,-5.279348414789031,-5.371587345273707,1.0268303104826604,5.507872382716171,1,0.006912655017857908,MINER_BURN_ONLY,58.14793301303871,57.20199572761871,0.0003204394598306237,0.007137683624322601,0.12489817066281167,5GnpQR4N...,69144.92833848,0.0,,,False,5203057,0.14535824403944198,237,5H47sFL6...,0.179995422293431,1.7105367884079297,1.4026479968299952,0.033311969724714646,,COUNTER,853682.10996426,0.0,0.0,DIVERGENT,0.8752288191390666,0.04413846489875914,1295.967040512703,497213.424904122,0.1942746634210223,492823.951481343,0.19255957804904072,4389.473422779003,DORMITORY,True,True,1.9255957804904094,0,,14010.689529763991,0.005474353378966407,30.0
119,79,76,119,123,MANTIS,2026-09-15,9074314,0.002451364,0.002365526743233204,0.03628674121412545,IN BAND,False,True,6.889e-06,5815.397643989,1988788.481800869,1.0,2372311.008461612,551106.620792528,-0.0026115959502149458,-28497.290969133843,,0.0,,,,0.003113164930125325,-2.309769285757448,0.44148868477185965,-8.904138466318392,-6.152880495789084,-6.5943691805609435,1.3214074920729217,6.597482345491069,1,0.14008791612917942,SKIN_IN_GAME,1016.7828997379984,1011.4676330865908,0.0018005645838101714,0.002924090569311371,0.19284225815153144,5HVuEdEG...,1718590.982867849,1.1398488115814684,BUYBACK_GAMING,,False,5794330,0.3907241236987328,158,5Dszzjqs...,0.179995422293431,6.59291651488163,5.406221722640176,0.0,,COUNTER,303119.396754922,8560.983387542,0.0,DIVERGENT,-0.5991771788158133,0.7804732693560168,1295.967040512703,350656.879907587,0.1763168296258753,350656.879907587,0.1763168296258753,0.0,FORTRESS,True,True,1.763168296258753,0,,11946.621642134001,0.006006984529252808,30.0
120,80,40,120,41,Almanac,2026-09-15,9074314,0.004854227,0.004811982624232769,0.008778995907942733,IN BAND,False,False,0.000600946,12335.79225406,3190904.551030942,1.0,2541247.552806076,1587412.872783915,-0.002647854639532984,-50405.53988131508,,0.0,,,,0.12802469881739617,1.88235792748828,0.10681111687996991,-4.733707115657265,-6.509253926265575,-6.616065043145545,0.8235909153568777,6.744089741962941,1,0.0,,0.0,0.0,0.0006408789196612474,0.003865923300674869,-0.20359651481587718,5FCSevLk...,52259.747098432,0.019283353881528385,,,False,3394182,0.0,228,5HbScNss...,0.0899977111467155,0.4790652800040768,0.4359505013138495,0.011628084418061681,,COUNTER,1013973.827095004,0.0,0.0,DIVERGENT,1.0,0.0,1295.967040512703,271111.945633162,0.08496397848866055,271111.945633162,0.08496397848866055,0.0,DORMITORY,True,True,0.8496397848866055,,,9670.661721888997,0.003030696019648888,30.0
121,81,68,121,103,Capcomp,2026-09-15,9074314,0.002339713,0.0023357151076197624,0.0017116352791466452,IN BAND,False,True,3.9719e-05,462.929288786,232208.132410011,1.0,197857.267540945,35092.023569933,,2188.461331199098,,,,,,0.22548050972046582,-25.92641368660689,0.020824895896284182,-33.2752241140746,-7.327985531571425,-7.3488104274677095,11.317433083522364,7.5742909371881755,1,0.0,,0.0,0.0,0.0,0.0019935963653874254,-0.14793123541758102,5H3SQ4du...,1058856.400395578,,,,True,8762380,1.0,103,5H6VKx1U...,,0.9688728376205785,0.9688728376205785,0.01965422001129202,,COUNTER,60139.256694016,0.014698804,0.0,DIVERGENT,1.0,0.0,1295.967040512703,0.0,0.0,0.0,0.0,0.0,NEITHER,False,,,,,61666.340962358,0.26556494952327275,30.0
122,82,60,122,92,MicroTensor,2026-09-15,9074314,0.002857125,0.002857271349057555,-5.1219866675811106e-05,IN BAND,False,True,8.7165e-05,852.559606552,602640.611258925,1.0,298397.671361643,78997.771981128,-2.6195570558567144e-05,-5575.729767357465,,0.0,,,,0.26868458022122865,-8.496696939593438,-0.0006231750445557018,-15.983715453799244,-7.487641689250362,-7.487018514205806,4.36080800215251,7.755703094427035,1,0.0,,0.0,0.0,6.103608758678547e-05,0.0014147065276118556,-0.5048496206459795,5E9LPDS2...,776345.928559595,10.163106297893085,BUYBACK_GAMING,,True,8352006,0.0,15,5G3eBqKj...,,0.823639916137133,0.823639916137133,0.012833424891655985,,COUNTER,217395.839189358,0.041020142,0.0,DIVERGENT,1.0,0.0,1295.967040512703,50000.0,0.08296818877763526,50000.0,0.08296818877763526,0.0,DORMITORY,False,True,0.8296818877763527,,,41800.304483087,0.06936191106630792,30.0
123,83,48,123,54,Yanez,2026-09-15,9074314,0.006023425,0.005738525418564677,0.04964682747830047,IN BAND,False,False,0.000310565,9786.629065507,4247183.287440069,1.0,1624761.371866534,900429.387288457,-0.0018134332739084883,-89635.59742555348,,0.0,,,,0.08339590828843968,18.535057841570442,0.6040364009859891,10.11277430995199,-7.8182471306324635,-8.422283531618453,0.6187630300231264,8.505679439906892,1,0.11143546042121677,SKIN_IN_GAME,846.3160469959257,843.7034583028607,0.0008850232700085003,0.0023042634148727204,-0.6174496378932716,5FUfruyV...,3718797.059157593,0.27079559902293054,BUYBACK_GAMING,,False,4742549,0.30338897628174777,59,5DUB7kNL...,0.01998931868467231,0.3243193754605713,0.31783645210887607,0.8162673584617732,,COUNTER,593994.746874142,0.0,0.0,DIVERGENT,-0.4238645573448908,0.6510223114694951,1295.967040512703,644081.425659809,0.15164907706350017,644081.425659809,0.15164907706350017,0.0,FORTRESS,True,True,1.5164907706350017,0,,13301.349487495998,0.0031318049133483954,30.0
124,84,52,124,26,Perturb,2026-09-15,9074314,0.003637304,0.0034675789065659046,0.048946281543217035,IN BAND,False,False,0.000182715,2058.913602911,992423.003817117,1.0,566054.829642324,68112.330753539,-0.00014188253281285655,-17098.662266104715,,0.0,,,,0.23321766358777918,1.6906175982903264,0.5955130921091406,-7.195079248551775,-8.290183754732961,-8.885696846842102,2.6480643736511835,9.118914510429882,1,0.0,,0.0,0.0,6.103608758678547e-05,0.0020746330899141623,-0.42962339966245267,5FsVAEPM...,1621764.998221419,0.9439611336488402,BUYBACK_GAMING,,False,8123781,0.8125314736536906,136,5FCDcRLj...,,11.38753165830412,11.38753165830412,0.0,,COUNTER,93577.704880545,1668.571827101,0.0,DIVERGENT,1.0,0.0,1295.967040512703,38258.029204694,0.038550123342106814,35017.238064306,0.03528458926246227,3240.791140387999,DORMITORY,False,True,0.3528458926246292,,,30920.297383696,0.03115636907323641,30.0
125,85,44,125,33,ReadyAI,2026-09-15,9074314,0.004820045,0.004516613204032183,0.06718126663955426,IN BAND,False,False,0.000481473,14821.783213114,2280128.865322127,1.0,3075029.733177387,904851.834984812,-0.0054386194078304825,-123888.63433155837,,0.0,,,,0.08536834102933577,2.9304918092110226,0.8173720774479101,-19.006377846245222,-21.119497578008335,-21.936869655456245,1.1525664360328718,22.022237996485583,1,0.0,,0.0,0.0,0.005325398641947032,0.0065004147083678274,0.34862116606127685,5HinUfk5...,49745.819317101,0.013803739721251165,,,False,2943950,0.0,52,5G9hfkx9...,0.009994659342336155,0.5255662044577989,0.5203133492823986,0.06148329009613917,,COUNTER,588076.249106669,0.0,0.0,DIVERGENT,1.0,0.0,1295.967040512703,138809.800536348,0.06087805064330762,138808.045342108,0.06087728086478033,1.755194239987759,DORMITORY,True,True,0.6087728086478033,,,13346.525434073003,0.0058534083915417045,30.0
126,126,126,126,59,SN59,2026-09-15,9074314,0.005122738,0.0,,N/A,False,True,0.0,530.360661489,0.0,0.0,103530.701311333,1.299992187,,,,,,,,,0.016912318583432145,,0.016912318583432145,,,,,,,,,,0.0,,,5GzrQ2fe...,376274.712984912,,,,True,8938771,1.0,0,5FKjMupT...,,0.0,0.0,0.0,,,0.0,0.0,,NO_ESTIMATE,,,,0.0,,0.0,,0.0,,False,,,,,0.0,,30.0
127,127,127,127,76,Ormas,2026-09-15,9074314,0.004978279,0.0,,N/A,False,True,0.0,462.508676047,0.0,0.0,92905.32864875,1.93234669,,,,,,,,,0.003802365717478853,,0.003802365717478853,,,,,,,,,,0.0,,,5CLWmDjL...,508299.33262461,,,,True,9003844,1.0,0,5CqaQ34d...,,0.0,0.0,0.0,,,0.0,0.0,,NO_ESTIMATE,,,,0.0,,0.0,,0.0,,False,,,,,0.0,,30.0
128,128,128,128,86,SN86,2026-09-15,9074314,0.005989978,0.0,,N/A,False,True,0.0,709.206653217,0.0,0.0,118398.856999575,2.080993178,,,,,,,,,0.0,,0,,,,,,,,,,0.0,,,5F4XAWGz...,281032.960454854,,,,True,8693284,1.0,0,5F1N5GEH...,,0.0,0.0,0.0,,,0.0,0.0,,NO_ESTIMATE,,,,0.0,,0.0,,0.0,,False,,,,,0.0,,30.0
