combined_apy_rank,real_apy_rank,emission_rank,epr_rank,netuid,name,date,block,spot_price,moving_price,momentum_30d,ema_band,ema_lag_flag,low_emission,tao_emission,tao_reserves,alpha_outstanding,alpha_out_emission,alpha_in_pool,volume,ema_tao_inflow,pool_growth_real,pool_ema_divergence,flow_momentum,flow_price_divergence,emission_price_ratio,emission_price_ratio_raw,emission_apy,price_apy_7d,price_apy_30d,combined_apy_7d,combined_apy_30d,real_apy,gross_emission_rate,net_supply_delta,supply_days_gap,supply_defence,supply_defence_quality,burned_tokens,manual_burn,miner_burn_rate,liquidation_price,liquidation_haircut,owner_coldkey,owner_stake,owner_inflow_pct,owner_inflow_flag,large_entry_anomaly,immune,registered_at,vali_miner_share,best_validator_uid,best_validator_hotkey,best_validator_take,best_validator_raw_apy,best_validator_apy,best_validator_div_pct,best_validator_trust,burned_source,alpha_burned_cum,alpha_recycled_cum,recycled_tokens,recon_flag,recon_gap_relative,burn_coverage,owner_cut_emission,total_locked_alpha,locked_float_ratio,owner_locked_alpha,owner_lock_ratio,community_locked_alpha,commitment_class,gate_eligible,leader_is_owner,leader_pct_of_threshold,leader_blocks_to_threshold,governance_flag,basket_alpha,basket_share,ema_halving_days
1,1,77,14,99,Thirty Spokes,2026-10-02,9196710,0.001032797,0.001146799186244607,-0.09940902261879599,IN BAND,False,True,2.325e-06,399.333947133,388902.611854916,1.0,386652.938791519,33484.778882586,,22277.066188068362,,,,,,0.015300727733935936,-16.60815289359655,-1.2094764418620179,-2.8336710466648025,12.56500540506973,13.774481846931748,6.7574758304282145,-13.759181119197812,1,0.0,,0.0,0.0,1.5259021896696368e-05,0.001026822487070299,-0.005784789198362363,5DebFXsw...,1083010.208651059,,,ENTRY_REPEATED,True,8572056,0.14999847407452627,18,5CkCPddn...,,10.580763197205128,10.580763197205128,0.0,,COUNTER,94717.016826704,0.012273672,0.0,DIVERGENT,1.0,0.0,1295.967040512703,0.0,0.0,0.0,0.0,0.0,NEITHER,False,,,,,58451.880351666994,0.15029953147620684,30.0
2,2,14,15,3,Teutonic,2026-10-02,9196710,0.025567729,0.02612972049973905,-0.02150775014010052,IN BAND,False,False,0.003518692,75801.888269307,3219556.875533484,1.0,2964748.593254116,3563587.034576122,-0.03954664999786193,103692.57710383879,ACCUMULATING_PRE_EMA,0.0,,,,0.12199066259599048,-7.343484832865025,-0.2616776267045563,3.318643950038398,10.400451156198868,10.662128782903423,0.8162613991916318,-10.540138120307432,1,0.0,,0.0,0.0,1.5259021896696368e-05,0.023544199155278646,-0.0791439022496427,5GsGUrd2...,3087110.33018126,,,ENTRY_PRE_EMA_PATTERN,False,4165565,0.40165410321359907,204,5E6yHkmZ...,0.179995422293431,0.3439613047120844,0.28204984441783326,0.9855034867929136,,COUNTER,578475.334942498,0.0,0.0,DIVERGENT,1.0,0.0,1295.967040512703,387249.673944886,0.12028042644244896,387148.522897492,0.12024900875010666,101.15104739402886,DORMITORY,True,True,1.202490087501067,0,,22022.01265178099,0.006840075669771146,30.0
3,3,27,16,105,Beam,2026-10-02,9196710,0.006367181,0.0066881251987069845,-0.04798716967335364,IN BAND,False,False,0.001564197,5129.568343651,2224789.77076011,1.0,805626.378883384,578105.411251603,-0.0010888053840733777,34132.75523180445,ACCUMULATING_PRE_EMA,0.0,,,,0.8013753674006376,14.367859857351268,-0.5838438976924692,19.289866361867745,4.338162606824007,4.922006504516476,1.1812352045749164,-4.120631137115839,1,0.0,,0.0,0.0,0.0018921187151903496,0.0023056418233613407,-0.6378865586887917,5G3ic2pA...,2231608.727454498,,,,False,6841399,0.0,131,5GbBrQUY...,0.0,0.4278649419364476,0.4278649419364476,0.007385704693890008,,COUNTER,452240.813141888,1869.377328683,0.0,DIVERGENT,1.0,0.0,1295.967040512703,174725.648178639,0.07853580166315811,174725.648178639,0.07853580166315811,0.0,DORMITORY,False,True,0.7853580166315828,,,17634.862046245988,0.007926529633503732,30.0
4,5,61,17,40,Ralph,2026-10-02,9196710,0.002478556,0.0025595882907509804,-0.03165832999150257,IN BAND,False,True,5.6048e-05,1444.580016792,470589.22996059,1.0,582831.302905536,81142.069002633,-1.8552276038102824e-06,11422.301052899682,ACCUMULATING_PRE_EMA,0.0,,,,0.10196329887429724,-7.15987332190104,-0.38517634822994795,-3.802747452071834,2.9719495215992584,3.3571258698292064,5.584488196255755,-3.255162570954909,1,0.0,,0.0,0.0,0.0,0.003069726047306645,0.2385138957145392,5HeKCDfd...,832503.737076228,,,,True,8409860,0.0,6,5E2LP6En...,0.0,0.8272103972316486,0.8272103972316486,0.22445865315652136,,COUNTER,22349.634720453,0.042920633,0.0,DIVERGENT,1.0,0.0,1295.967040512703,22427.898380107,0.0476591833221199,22427.898380107,0.0476591833221199,0.0,DORMITORY,False,True,0.4765918332211991,,,42707.73621332001,0.09075374763017124,30.0
5,4,15,11,110,Green Compute,2026-10-02,9196710,0.015931665,0.016661909641698003,-0.04382718772345851,IN BAND,False,False,0.003373449,8663.051880127,3130672.916155398,1.0,543763.198048495,458490.15553415,0.0008840356011466324,29834.252625697933,,0.0,,0.05548921604531807,0.05548921604531807,1.023360369379438,2.4197404354920997,-0.5332307839687452,5.911604574841812,2.9586333553809667,3.491864139349712,0.8394361437244291,-2.468503769970274,1,0.0,,0.0,0.0,0.0,0.002767153296475827,-0.8263111045533642,5D53sX6A...,1631437.742471128,,,,False,5606062,1.0,155,5FmpATto...,0.179995422293431,6.099022446592458,5.001226325740934,0.0,,COUNTER,653602.202903777,0.0,0.0,DIVERGENT,1.0,0.0,1295.967040512703,9205.92186508,0.0029405569063360574,9205.92186508,0.0029405569063360574,0.0,NEITHER,True,True,0.029405569063360573,,,24240.64725399301,0.0077429510853409675,30.0
6,6,87,18,65,True Performance Network,2026-10-02,9196710,0.002000061,0.0020277739968150854,-0.013666708843595334,IN BAND,False,True,8.9e-08,5419.612809306,3304511.573309651,1.0,2709723.745450519,307227.707484825,-0.00012719120635281114,34889.71421987517,ACCUMULATING_PRE_EMA,0.0,,,,4.3156588529421294e-05,-5.319487593500371,-0.16627829093040988,-2.2675162680902345,2.885693034479727,3.0519713254101366,0.7952763794886373,-3.051928168821607,1,0.3074728494240383,MINER_BURN_ONLY,2214.038164051948,2213.903030154031,4.57770656900891e-05,0.0016400647082249306,-0.1799926561115233,5GxEEHxL...,1495310.839556957,,,ENTRY_REPEATED,False,4950813,0.7500305194408838,0,5DAmVrUg...,0.179995422293431,0.8715324422627246,0.7146605922752203,0.4595287510682456,,COUNTER,1063521.893003763,0.0,0.0,DIVERGENT,-0.9218588476137433,1.7083019559495736,1295.967040512703,171794.150223016,0.0519877586783437,171794.150223016,0.0519877586783437,0.0,FORTRESS,True,True,0.519877586783437,,,19769.301430158,0.00598251844231187,30.0
7,7,21,19,49,Nepher Robotics,2026-10-02,9196710,0.009075976,0.009315523551777005,-0.025714878014699478,IN BAND,False,False,0.002259958,4748.968435301,2453301.496998143,1.0,523246.128506845,197959.570061233,-3.683535129229573e-05,20827.00852860749,ACCUMULATING_PRE_EMA,0.0,,,,1.2506230995034107,14.890717909321687,-0.31286434917884365,17.924934352200925,2.7213520937003945,3.034216442879238,1.0712095530107564,-1.7835933433758273,1,0.0,,0.0,0.0,3.0518043793392735e-05,0.00193574594933066,-0.7867175993710582,5FL781vf...,1794796.693938049,,,,False,6783158,0.9800100712618071,7,5E2LP6En...,0.0,0.45350499953760426,0.45350499953760426,0.0027773115014268056,,COUNTER,790361.79236287,837.682351088,0.0,DIVERGENT,1.0,0.0,1295.967040512703,466379.245096928,0.19010270269169488,466379.245096928,0.19010270269169488,0.0,DORMITORY,False,True,1.901027026916949,0,,20409.598579154994,0.008319237812445049,30.0
8,8,45,20,33,ReadyAI,2026-10-02,9196710,0.003899392,0.003911598119884729,-0.003120494363334365,IN BAND,False,False,0.00028287,13376.962129394,2045454.688772282,1.0,3430524.954279421,914062.268787836,-0.0054386194078304825,20951.205206821673,ACCUMULATING_PRE_EMA,0.0,,,,0.05557183707401858,-5.895647720615632,-0.03796601475390144,-3.33245398292042,2.525227722941311,2.5631937376952125,1.2847999099786327,-2.507621900621194,1,0.0,,0.0,0.0,0.0018005645838101714,0.006539847693924273,0.6771454867641604,5HinUfk5...,47089.357966457,,,,False,2943950,0.0,209,5E2LP6En...,0.0,0.48738456257683443,0.48738456257683443,0.4049686407959592,,COUNTER,588076.249106669,0.0,0.0,DIVERGENT,1.0,0.0,1295.967040512703,138809.800536348,0.06786256439621455,138808.045342108,0.0678617063013129,1.755194239987759,DORMITORY,True,True,0.6786170630131291,,,13700.127394748999,0.00669783959036123,30.0
9,10,6,21,80,OpenRoboto,2026-10-02,9196710,0.027644417,0.02678493200801313,0.03208837684298558,IN BAND,False,False,0.0079888,5510.326156211,2228878.488632126,1.0,199328.886116742,358922.101919758,-0.0002903473733555673,-2743.0269720465294,,0.0,,,,3.8100406046447617,3.446669592961221,0.3904085849229912,5.313270016941212,2.257009008902982,1.8666004239799907,1.1790683132362307,1.943440180664771,1,0.010482294424690055,MINER_BURN_ONLY,97.41810262401123,97.28296872609408,4.57770656900891e-05,0.0024722416158238915,-0.9105699492297525,5CG1eFia...,231490.034694574,0.012200231747182502,,,False,7151800,0.6500335713849723,21,5FnDM5Hk...,,11.557177115763967,11.557177115763967,0.0,,COUNTER,259118.103941443,2501.379452446,0.0,DIVERGENT,0.5550168536978962,0.0750659281331781,1295.967040512703,315966.316902292,0.14176022538411331,315966.316902292,0.14176022538411331,0.0,DORMITORY,False,True,1.4176022538411341,0,,24823.052935792006,0.01113701489892616,30.0
10,11,30,22,19,blockmachine,2026-10-02,9196710,0.009001833,0.009045240934938192,-0.004798980508139248,IN BAND,False,False,0.001250266,30624.879618195,2716776.121899251,1.0,3402071.382771976,1683426.99943096,-0.008205630128196056,20146.946069685277,ACCUMULATING_PRE_EMA,0.0,,,,0.10728855391313556,-1.6751095506961047,-0.05838759618236085,0.056261935249904305,1.6729838897636482,1.731371485946009,0.9673229894860865,-1.6240829320328733,1,0.0,,0.0,0.0,0.00021362630655374915,0.01127250765027546,0.25224580930077894,5FWh37Lf...,1274292.920965441,,,,False,1956072,0.0,124,5HQLnZYK...,,0.42727902604179596,0.42727902604179596,0.008515183885243399,,COUNTER,1013639.146969995,0.0,0.0,DIVERGENT,1.0,0.0,1295.967040512703,169418.081687792,0.06235997155678576,169418.081687792,0.06235997155678576,0.0,DORMITORY,True,True,0.6235997155678599,,,26585.643013080997,0.009785731992702967,30.0
11,9,80,23,23,Trishool,2026-10-02,9196710,0.005167919,0.005294688977301121,-0.02394285629327743,IN BAND,False,True,1.691e-06,8217.942950509,4539476.607841894,1.0,1590184.171672865,627487.738173107,3.250270980840306e-05,31458.25444558682,,0.0,,,0.006289322609043033,0.0005407616026008982,-3.762858320110608,-0.2913047515682087,-1.8071151041048086,1.6644384644375907,1.9557432160057993,0.5789213662782533,-1.9552024544031983,1,0.327166938549692,MINER_BURN_ONLY,2356.41796715511,2356.372922522471,1.5259021896696368e-05,0.0018103282956261073,-0.6496987867599885,5CqTRwoF...,1468050.255738824,,,,False,2063528,0.7999969481490524,188,5HKsvivb...,0.0899977111467155,0.8671101863720995,0.7890722542866087,0.38144361361208606,,COUNTER,1209519.162664944,0.055431535,0.0,DIVERGENT,-0.9186009995401535,1.8182352242463329,1295.967040512703,841678.080688974,0.1854130229980665,841678.080688974,0.1854130229980665,0.0,FORTRESS,True,True,1.8541302299806661,0,,10814.26393172,0.0023822710999410112,30.0
12,13,9,24,114,SOMA,2026-10-02,9196710,0.020366684,0.020580657059326768,-0.010396804082102902,IN BAND,False,False,0.00605809,8825.005293726,1897698.494543632,1.0,433306.135141613,270221.202097107,-0.00033109223172571404,8646.842066306795,ACCUMULATING_PRE_EMA,0.0,,,,1.8040397699612198,8.571065619461487,-0.1264944496655853,10.283791260695548,1.5862311915684744,1.7127256412340597,1.3848353716652941,0.0913141287271602,1,0.0,,0.0,0.0,0.000457770656900891,0.004650372711524062,-0.7716676552980317,5FHrQMjz...,1200497.177520934,,,,False,7312241,0.4995649187084955,5,5E2LP6En...,0.0,0.4938160748309791,0.4938160748309791,0.2831374942774302,,COUNTER,373811.447473431,13816.272943106,0.0,DIVERGENT,1.0,0.0,1295.967040512703,146039.760277138,0.07695625026685726,146039.760277138,0.07695625026685726,0.0,DORMITORY,False,True,0.7695625026685726,,,30672.887318467,0.016163203694717253,30.0
13,16,60,25,1,Apex,2026-10-02,9196710,0.006628703,0.00664342031814158,-0.0022153224448843768,IN BAND,False,True,5.7531e-05,23140.910460551,2545336.510929045,1.0,3491016.119377651,840459.552054551,-0.002493990990679855,18268.015753842425,ACCUMULATING_PRE_EMA,0.0,,,,0.006533514239110886,-0.9650941858685603,-0.02695308974609325,0.6354941257809005,1.5736352219033676,1.6005883116494608,1.032476448090859,-1.5940547974103498,1,0.23355156655605394,MINER_BURN_ONLY,1696.255981199909,1696.165891934631,3.0518043793392735e-05,0.009091493545623401,0.37153430250584496,5HCFWvRq...,18094.557912489,,,ENTRY_REPEATED,False,1497824,0.6121343445287107,138,5E2LP6En...,0.0,0.38936229949923007,0.38936229949923007,0.0004730513336995666,,COUNTER,913718.223161261,0.0,0.0,DIVERGENT,-0.9060469857752564,1.308803263440715,1295.967040512703,192837.392404149,0.07576106010979412,192824.591394465,0.07575603090849636,12.801009683986194,FORTRESS,True,True,0.7575603090849635,,,10777.460084022001,0.004234198518642331,30.0
14,14,75,26,10,Pareton,2026-10-02,9196710,0.006126403,0.006239222828298807,-0.01808235278712891,IN BAND,False,True,2.455e-06,16131.219881675,3434601.14955598,1.0,2633065.054577295,1034663.844680123,0.0019830543029549486,22773.234171804506,,0.0,,,0.32368982304215843,0.0003999536332233094,-3.237510939603939,-0.2200019589100684,-1.5717004314436829,1.4458085492501878,1.665810508160256,0.7651543470599909,-1.6654105545270328,1,0.33206737769566713,MINER_BURN_ONLY,2391.8883112530457,2391.8432666204067,1.5259021896696368e-05,0.004696679229773279,-0.23337083280788432,5HK5714c...,811407.252105768,,,ENTRY_REPEATED,False,2869647,0.8136692403942991,201,5GKbzKzG...,0.179995422293431,1.3930608329156993,1.1423162600145993,0.23539555609815652,,COUNTER,857907.600830141,0.0,0.0,DIVERGENT,-0.9277283548739325,1.8456050129748356,1295.967040512703,56184.834545799,0.016358474273806867,19485.274021098,0.0056732275954711735,36699.560524700995,FORTRESS,True,False,0.07392965684636259,,,23270.215350203005,0.00677523075807837,30.0
15,12,12,27,53,engy,2026-10-02,9196710,0.034233663,0.0351371793076396,-0.025713968094278897,IN BAND,False,False,0.004748528,38029.183873398,5017236.607513613,1.0,1110871.082109187,1747919.2017339,-0.0011223092088040443,27183.100179507164,ACCUMULATING_PRE_EMA,0.0,,,,0.3281461844025884,-1.963834610415345,-0.31285327848039324,-0.24566911165117022,1.4053122202837816,1.7181654987641748,0.5237943126031593,-1.3900193143615864,1,0.0,,0.0,0.0,0.00012207217517357094,0.007579707087452685,-0.7785890721815926,5H8SFVCx...,1967644.397303373,,,,False,4203869,0.541517237169411,45,5E2LP6En...,0.0,0.21373958891141506,0.21373958891141506,0.23473576584413008,,COUNTER,534620.11590158,0.0,0.0,DIVERGENT,1.0,0.0,1295.967040512703,153624.585368046,0.03061936228759552,139491.606066423,0.027802477136024628,14132.97930162301,DORMITORY,True,True,0.2780247713602463,,,28250.221802460008,0.005630633755672117,30.0
16,17,32,28,17,404—GEN,2026-10-02,9196710,0.008415603,0.008469773922115564,-0.006395793159734418,IN BAND,False,False,0.00116827,24927.184202255,3160321.895394972,1.0,2962019.857583253,683005.176771306,-0.008483605846616416,17095.313646256458,ACCUMULATING_PRE_EMA,0.0,,,,0.12316728335975699,-1.7402593300416251,-0.07781548344343542,-0.5700776029244821,1.0923662436737076,1.170181727117143,0.8315608621480493,-1.047014443757386,1,0.0,,0.0,0.0,0.0,0.007887545961244444,-0.06274737992697091,5E7a4a7Q...,837254.73851749,,,ENTRY_PRE_EMA_PATTERN,False,2840556,1.0,42,5CcEPLdb...,0.0,0.30776300193264383,0.30776300193264383,0.07352245502128764,,COUNTER,340475.604612198,0.0,0.0,DIVERGENT,1.0,0.0,1295.967040512703,557277.497117348,0.17633567578333673,550332.406957622,0.17413808630049135,6945.09015972598,DORMITORY,True,True,1.7413808630049146,0,,36656.21762809399,0.011598887341668324,30.0
17,15,39,9,122,CookingTAO,2026-10-02,9196710,0.004599818,0.004831256112083793,-0.04790433516967282,IN BAND,False,False,0.000415802,1436.793072695,861480.93427647,1.0,312358.615686283,55483.725701883,0.0003625880589275153,9433.745165906497,,0.0,,0.07882660986315443,0.07882660986315443,0.7605323805956032,6.353930894058964,-0.5828360778976859,7.966537857978442,1.029770886021792,1.612606963919478,3.050560837085933,-0.8520745833238748,1,0.09192326222183836,MINER_BURN_ONLY,721.7655589159695,721.6754696506914,3.0518043793392735e-05,0.001667817609802028,-0.6374166087001644,5F3uH1G4...,592634.802024531,,,,False,8238082,1.0,1,5E2LP6En...,0.0,0.7807102522904905,0.7807102522904905,0.4601803671432713,,COUNTER,388026.70104078,4689.8056909,0.0,DIVERGENT,-0.400144683442228,0.5568625181742171,1295.967040512703,131291.052090483,0.15240157601485413,131291.052090483,0.15240157601485413,0.0,FORTRESS,False,True,1.5240157601485487,0,,38870.053858244006,0.04512003958728316,30.0
18,18,48,29,21,AdTAO,2026-10-02,9196710,0.00343424,0.0034716310910880566,-0.01077046785991821,IN BAND,False,False,0.000181167,7528.624844795,3909836.943185703,1.0,2192224.406948463,602678.932840159,-0.0017317969702688176,18651.47602304956,ACCUMULATING_PRE_EMA,0.0,,,,0.0632395538116316,1.0415770269280045,-0.13104069229567156,2.155366943776923,0.9827492245532472,1.1137899168489187,0.6721507925235182,-1.0505503630372872,1,0.0,,0.0,0.0,0.00016784924086366004,0.0019255598006245086,-0.4393054065456961,5HjCYVfr...,2104530.151891769,,,,False,3156578,1.0,160,5CyUYf13...,,16.478674987877394,16.478674987877394,0.0,,COUNTER,834653.38669571,0.0,0.0,DIVERGENT,1.0,0.0,1295.967040512703,9636.776924499,0.0024647516161241836,9636.776924499,0.0024647516161241836,0.0,NEITHER,True,True,0.02464751616124251,,,11509.049592184003,0.002943613700372508,30.0
19,19,33,30,41,Almanac,2026-10-02,9196710,0.007857292,0.00785965588875115,-0.00030076237237463703,IN BAND,False,False,0.001130871,15812.87691965,3857697.301941054,1.0,2012509.736151898,1650378.304817525,-0.002647854639532984,16084.471547431778,ACCUMULATING_PRE_EMA,0.0,,,,0.18794359831555435,11.966796725201169,-0.0036592755305580836,12.916679015805503,0.9462230150737757,0.9498822906043338,0.6812354091850819,-0.7619386922887794,1,0.0,,0.0,0.0,0.0008545052262149966,0.004099045539859628,-0.4783131974909895,5FCSevLk...,20962.186751232,,,,False,3394182,0.0,228,5HbScNss...,0.0899977111467155,0.40060353114107183,0.3645501302610834,0.009476575614222493,,COUNTER,1037853.710465702,0.0,0.0,DIVERGENT,1.0,0.0,1295.967040512703,271111.945633162,0.0702781800678732,271111.945633162,0.0702781800678732,0.0,DORMITORY,True,True,0.7027818006787321,,,34548.884739912995,0.008955830910457709,30.0
20,21,31,31,14,Cacheon,2026-10-02,9196710,0.008781903,0.00882373470813036,-0.004740816617232891,IN BAND,False,False,0.001233546,24618.838090232,3235843.715467873,1.0,2803360.291016642,2664198.718840251,-0.012349965626037119,13759.400113943499,ACCUMULATING_PRE_EMA,0.0,,,,0.13167798074460024,-0.6462653236316563,-0.05767993550966684,0.13220564699374726,0.7207910351157367,0.7784709706254036,0.8121529440490965,-0.6467929898808034,1,0.0,,0.0,0.0,9.15541313801782e-05,0.007608166603519769,-0.13365399236136305,5CKhH8nK...,1701741.702184472,,,ENTRY_PRE_EMA_PATTERN,False,4848444,0.0055242716965007155,215,5C9xFZGA...,,4.371141864408833,4.371141864408833,0.0,,COUNTER,1226611.25981397,526.080568229,0.0,DIVERGENT,1.0,0.0,1295.967040512703,56069.656660646,0.01732767759846487,50300.911780615,0.015544913847405006,5768.744880030994,DORMITORY,True,True,0.15544913847405084,,,17070.509792825007,0.0052754432209519645,30.0
21,22,79,32,45,AlphaRidge.ai,2026-10-02,9196710,0.002438114,0.002448887098580599,-0.004399181402377892,IN BAND,False,True,1.772e-06,6256.981327111,3270030.266418452,1.0,2566319.658627723,752359.795621179,-0.0007759101295867152,13191.70244051516,ACCUMULATING_PRE_EMA,0.0,,,,0.0007442592132762788,0.4766177808813849,-0.05352337372893101,1.1724078098391795,0.6422666552288635,0.6957900289577945,0.803662286244939,-0.6950457697445183,1,0.2578072972455754,MINER_BURN_ONLY,1863.3275136230513,1857.5618006452532,0.001953154802777135,0.0019134322368104713,-0.2151998484031217,5FbcZiAH...,982.030117289,,,,False,3633154,0.563578821838641,55,5E2LP6En...,0.0,0.3445888857995828,0.3445888857995828,0.22528956645149475,,COUNTER,1107344.544227164,0.0,0.0,DIVERGENT,-0.8643449126618218,1.4333403108078855,1295.967040512703,111021.120875814,0.0339510988677825,111019.200205241,0.033950511512187434,1.920670573003008,FORTRESS,True,True,0.33950511512187437,,,15585.133186543997,0.004766051662149855,30.0
22,24,40,33,54,Yanez,2026-10-02,9196710,0.006238476,0.006214968161657453,0.0037824551519951666,IN BAND,False,False,0.000391167,9993.561185836,4398033.884324309,1.0,1601923.357215348,956491.047814487,-0.0018134332739084883,12897.100844372064,ACCUMULATING_PRE_EMA,0.0,,,,0.10286492041065187,-2.5751774007765342,0.04601987101594119,-2.0193927043471427,0.6018045674453327,0.5557846964293915,0.5975397345997828,-0.45291977601873973,1,0.12498833536682714,MINER_BURN_ONLY,958.9555260479683,956.3429373549036,0.0008850232700083893,0.0022722792612979966,-0.6357637247786163,5FUfruyV...,3710127.713263766,,,,False,4742549,0.3124150465048796,59,5DUB7kNL...,0.01998931868467231,0.31533256479562755,0.30902928166627264,0.7737032458911322,,COUNTER,610235.483225976,0.0,0.0,DIVERGENT,-0.7720444675138974,0.7379377001567576,1295.967040512703,644081.425659809,0.14644758148759973,644081.425659809,0.14644758148759973,0.0,FORTRESS,True,True,1.4644758148759973,0,,31973.474108318,0.007269947196696106,30.0
23,20,59,34,60,Bitsec.ai,2026-10-02,9196710,0.003964491,0.0040309077594429255,-0.016476874045886037,IN BAND,False,True,6.1397e-05,6943.489524246,4040490.321815759,1.0,1751419.933205285,977690.854360745,0.00042835187573598795,15584.189585624728,,0.0,,,0.10804713032164481,0.023237784897143815,-0.44437712272422636,-0.20046863422494676,0.3403899328763572,0.5842984213756368,0.7847670556005836,0.650416110591994,-0.7615292707034398,1,0.14130725184067713,MINER_BURN_ONLY,1033.2136563049862,1033.1686116723472,1.5259021896696368e-05,0.0017184769597779063,-0.5665327630260968,5CXLwkK1...,156744.189287134,,,,False,4796992,0.8505050813318278,113,5CXLwkK1...,0.179995422293431,2.405977448171696,1.97291252135956,0.0,,COUNTER,700014.682186226,0.0,0.0,DIVERGENT,-0.8305917828174478,0.7972182774521881,1295.967040512703,1051861.767481756,0.2603302281909833,1051861.767481756,0.2603302281909833,0.0,FORTRESS,True,True,2.603302281909834,0,,10666.318425349002,0.002639857437043843,30.0
24,23,1,3,51,lium.io,2026-10-02,9196710,0.093135241,0.09363158489577472,-0.0053010305905558455,IN BAND,False,False,0.013087044,163473.735071037,4281370.979308351,1.0,1755229.680986142,2202002.157155326,0.015805744069074572,12170.575748674339,,0.0,,0.16970744800106946,0.16970744800106946,0.21038701793321563,2.992052228890872,-0.06449587218509611,3.5563042696855316,0.4997561686095635,0.5642520407946596,0.6138220707107586,-0.35386502286144406,1,0.0,,0.0,0.0,0.0005951018539711583,0.03818256718726251,-0.5900309401973576,5FqACMtc...,216.588029224,,,,False,3966206,0.7601685599120557,189,5GP7c3fF...,0.0009918364232852674,0.2998886087526583,0.2995911683075691,0.17295367148873833,,COUNTER,1233976.156315166,47834.295633396,0.0,DIVERGENT,1.0,0.0,1295.967040512703,523967.998012652,0.12238322736921485,521703.432830298,0.12185429278417224,2264.565182353952,DORMITORY,True,True,1.218542927841723,0,,15458.172504699005,0.0036105660031348764,30.0
25,25,82,35,112,for sale,2026-10-02,9196710,0.005949801,0.0059588945005089045,-0.0015260381784117218,IN BAND,False,True,8.82e-07,5526.260995451,2739604.714523775,1.0,928814.364375613,198266.206515801,-0.0010482548438311206,10690.809314779588,ACCUMULATING_PRE_EMA,0.0,,,,0.000419432958723448,-1.737656684064533,-0.018566797837342615,-1.2498875260670652,0.4692023601601254,0.487769157997468,0.9592624753738697,-0.4873497250387446,1,0.34868684930416877,MINER_BURN_ONLY,2510.962600687053,2510.917556054414,1.5259021896696368e-05,0.0020171745822139997,-0.660967722750055,5GQjr3Qt...,1325306.109225048,,,,False,5633022,1.0,0,5C4xjnQk...,0.179995422293431,1.1710213663440256,0.9602428809943022,0.5913689704109506,,COUNTER,1060586.374626558,0.0,0.0,DIVERGENT,-0.9310723703202678,1.9374856594046244,1295.967040512703,109192.016768061,0.039856850949769894,109192.016768061,0.039856850949769894,0.0,FORTRESS,True,True,0.39856850949769895,,,14760.121014084005,0.005387682732415561,30.0
26,26,43,36,63,Enigma,2026-10-02,9196710,0.00398595,0.003995648585259914,-0.0024272868479206498,IN BAND,False,False,0.000305852,10814.959669739,3373703.126821379,1.0,2713270.172579223,1243314.759452822,-0.0023243817583002914,11002.190081005916,ACCUMULATING_PRE_EMA,0.0,,,,0.07432104053508669,-1.8352169586340366,-0.029531989983034572,-1.3901173721465727,0.41556759650442926,0.44509958648746384,0.7789659911410277,-0.37077854595237714,1,9.92608890949334e-07,MINER_BURN_ONLY,0.0977844400331378,0.007695174755042444,3.0518043793392735e-05,0.003205664299196531,-0.19575902878949042,5CqTmNfg...,37411.944841123,,,,False,4885578,3.051897517281077e-05,147,5EZ52JMq...,0.0,0.33451560766917693,0.33451560766917693,0.9063329772623226,,COUNTER,725441.567666798,0.0,0.0,DIVERGENT,0.9994589837982575,5.9377858498609064e-06,1295.967040512703,72397.992373783,0.021459503000785553,72397.992373783,0.021459503000785553,0.0,DORMITORY,True,True,0.2145950300078556,,,10581.977924899997,0.003136606134894293,30.0
27,90,90,37,118,Ditto,2026-10-02,9196710,0.007241445,0.007012659450992942,0.03262464840990728,IN BAND,False,True,0.0,6317.786060191,2291115.184495534,1.0,872448.319565153,785221.556656289,-0.0019519015973399523,-7740.6126350464765,,0.0,,,,,-0.5501224433914148,0.39693322232053857,-0.5501224433914148,0.39693322232053857,,1.1470396677496784,2.367900578456228,1,0.4100022879374996,MINER_BURN_ONLY,2952.016473149997,2952.016473149997,0.0,0.0027575156862233766,-0.6192036691263448,5HGXqHbQ...,1515666.178969278,0.0,,,False,5724794,1.0,0,5HEouuDa...,0.179995422293431,1.1319932687690308,0.9282396623236278,0.5923699069128644,,COUNTER,346019.966947856,1788.13704218,0.0,DIVERGENT,-0.9413959909866636,2.27784841810648,1295.967040512703,125841.282843379,0.05492577749690363,105612.913592207,0.04609672805056339,20228.369251172,FORTRESS,True,True,0.46096728050563446,,,42939.78243474102,0.01874186977823014,30.0
28,28,18,38,93,Bitcast,2026-10-02,9196710,0.019231303,0.019183658761903644,0.002483584528253473,IN BAND,False,False,0.00305258,24227.479604067,3970902.219449325,1.0,1259793.989926275,1159392.197959938,-0.0033716791650470626,8433.87726736255,ACCUMULATING_PRE_EMA,0.0,,,,0.33111905865162045,-0.6067158834507155,0.03021694509375059,-0.2489588161618702,0.3879740123825959,0.35775706728884527,0.6618143320498193,-0.02663800863722482,1,0.0062396627791420365,MINER_BURN_ONLY,52.146693187067285,52.05660392178919,3.0518043793392735e-05,0.006101253132197954,-0.6827436428931543,5EbY1Seb...,2324323.184976927,,,,False,5370681,0.9009506660766331,158,5HVydkt4...,0.179995422293431,0.565943612461609,0.4640763529423118,0.0,,COUNTER,1088070.687023617,0.0,0.0,DIVERGENT,0.737727362427592,0.04016815420027569,1295.967040512703,427930.957620956,0.10776668222273689,427930.957620956,0.10776668222273689,0.0,DORMITORY,True,True,1.0776668222273689,0,,36043.38288165102,0.009076874949252573,30.0
29,27,23,39,5,Hone,2026-10-02,9196710,0.012665008,0.012712608790025115,-0.0037443762182365406,IN BAND,False,False,0.00180984,33490.047972236,3275119.710157267,1.0,2644297.380386746,979092.498724387,-0.015845505017582865,9416.41010593623,ACCUMULATING_PRE_EMA,0.0,,,,0.1420200868013998,-0.6520645124597574,-0.04555657732187791,-0.271973051688049,0.3345348834498305,0.3800914607717084,0.8024134176988013,-0.23807137397030861,1,0.0,,0.0,0.0,0.001998931868467224,0.010225595073173022,-0.19261045289722503,5GurNtB3...,,,,ENTRY_PRE_EMA_PATTERN,False,2491604,0.0,1,5E2LP6En...,0.0,0.4251026054643773,0.4251026054643773,0.0665028765011979,,COUNTER,1488567.694632255,0.0,0.0,DIVERGENT,1.0,0.0,1295.967040512703,6649.821324041,0.0020304055767542263,6649.821324041,0.0020304055767542263,0.0,NEITHER,True,True,0.020304055767542264,,,16587.28172379,0.005064633720821613,30.0
30,29,5,40,120,Affine,2026-10-02,9196710,0.046364423,0.0466580088250339,-0.006292292200784631,IN BAND,False,False,0.008529795,76993.863218155,2716948.585655298,1.0,1660623.846912126,1550399.131137472,-0.0050901304439632976,8282.2149716313,ACCUMULATING_PRE_EMA,0.0,,,,0.29114399931440615,0.13143430093068567,-0.076556221776213,0.48730340352939283,0.27931288082249417,0.3558691025987072,0.967261586720882,-0.06472510328430102,1,0.0,,0.0,0.0,0.0003356984817273201,0.028338358563227996,-0.38879087175897786,5EfNFhH2...,3117558.727679934,,,,False,5749344,0.0,60,5E2LP6En...,0.0,0.30439187657996786,0.30439187657996786,0.010391552476577044,,COUNTER,187640.248690342,0.0,0.0,DIVERGENT,1.0,0.0,1295.967040512703,48782.566883517,0.017954909835642394,48782.566883517,0.017954909835642394,0.0,DORMITORY,True,True,0.17954909835642394,,,18820.193513385,0.00692695975652619,30.0
31,30,53,10,89,InfiniteQuant,2026-10-02,9196710,0.003013707,0.003030481282621622,-0.005535187667323554,IN BAND,False,False,0.000107897,6148.131484835,2945933.199905644,1.0,2040056.032775587,189320.985251589,0.00022740814707736934,8923.497438507387,,0.0,,0.07545794832655243,0.07545794832655243,0.046120242662248435,-0.5875380172554213,-0.0673447832857699,-0.3276178742764907,0.19257535969316072,0.2599201429789306,0.8920772541903437,-0.2137999003166822,1,0.0,,0.0,0.0,0.001495384145876244,0.0020869894419302923,-0.30750088116386487,5Dc5NmEU...,110433.780238497,,,ENTRY_REPEATED,False,5313364,0.04515793816953706,137,5FFQKsXc...,0.0,0.23650395491554468,0.23650395491554468,0.0009004196871423123,,COUNTER,601037.833009041,0.0,0.0,DIVERGENT,1.0,0.0,1295.967040512703,6094.632142656,0.00206882903619512,6094.632142656,0.00206882903619512,0.0,NEITHER,True,True,0.020688290361951203,,,14540.476618419001,0.0049357794735076545,30.0
32,91,91,41,87,Provenonce,2026-10-02,9196710,0.004804875,0.004734204150736332,0.014927714778137827,IN BAND,False,True,0.0,1814.379778038,1932552.850028303,1.0,377612.244620212,120285.512319514,-0.0004810604927689679,-10671.432584091846,,0.0,,,,,6.360906516771441,0.1816205298006769,6.360906516771441,0.1816205298006769,,1.3598593176696367,3.3718043177677144,1,0.4100022879356887,MINER_BURN_ONLY,2952.0164731369587,2952.0164731369587,0.0,0.0009388513116272229,-0.8046044253748073,5HartH15...,4248.698452455,0.0,,,False,7208725,1.0,1,5E2LP6En...,0.0,0.5280284976934533,0.5280284976934533,0.3774149244620784,,COUNTER,797955.742554016,811.040088965,0.0,DIVERGENT,-0.9382611631900792,2.2778484180964194,1295.967040512703,168003.38182715,0.08693339580580657,168003.38182715,0.08693339580580657,0.0,FORTRESS,False,True,0.8693339580580667,,,23405.58903123399,0.012111228435947408,30.0
33,92,92,42,31,rec4ll,2026-10-02,9196710,0.004157398,0.004097352037206292,0.014654821516056205,IN BAND,False,True,0.0,1838.205866998,1924549.260259975,1.0,442152.866532829,57503.752215938,-3.4653599990985635e-05,-3747.319345533382,,0.0,,,,,1.839240846310502,0.1783003284453505,1.839240846310502,0.1783003284453505,,1.3655145411268925,2.0549172727381952,1,0.4100022879334736,SKIN_IN_GAME,2952.0164731210098,2952.0164731210098,0.0,0.0009551357842353635,-0.7702563516325924,5H3mfhC8...,968618.648779246,4.350912916583623,BUYBACK_GAMING,,False,7173591,1.0,0,5CDZ527X...,0.179995422293431,1.6281303491996015,1.335074339446668,0.46367146367146367,,COUNTER,811399.070649221,729.248648798,0.0,DIVERGENT,-0.9413959909860882,2.2778484180841128,1295.967040512703,540119.045766464,0.28064703612393,540119.045766464,0.28064703612393,0.0,FORTRESS,False,True,2.8064703612393003,0,,19698.860108665,0.01023557074657783,30.0
34,31,29,4,61,RedTeam,2026-10-02,9196710,0.010855298,0.010860902490094304,-0.0005160243450685916,IN BAND,False,False,0.00148798,13758.58829794,4945533.35507174,1.0,1267453.803887583,859808.069412606,0.001606769924520486,6061.987524181604,,0.0,,0.14801711795664071,0.14801711795664071,0.28421603694511927,1.1045179216075542,-0.00627829619833453,1.2778776800700185,0.16708146226412973,0.17335975846246426,0.5313885907381325,0.11085627848265502,1,0.0,,0.0,0.0,0.0008545052262149966,0.002782023153039763,-0.7437174775819362,5ECEsYL8...,,,,,False,4457976,0.0016646558438583314,250,5DeeFuir...,,1.328066416755969,1.328066416755969,0.0,,COUNTER,808370.14496251,0.0,0.0,DIVERGENT,1.0,0.0,1295.967040512703,1021287.884224886,0.20650712691635886,1021287.884224886,0.20650712691635886,0.0,DORMITORY,True,True,2.065071269163589,0,,36190.86275039699,0.0073178887193799955,30.0
35,93,93,43,117,everyframe.studio,2026-10-02,9196710,0.002760131,0.0027240540366619825,0.013243850104466185,IN BAND,False,True,0.0,3003.73769324,1923273.249678734,1.0,1088259.062180451,238774.887306081,-0.0007537834211656891,-14361.483141143108,,0.0,,,,,-2.4478834270639807,0.1611335096043386,-2.4478834270639807,0.1611335096043386,,1.366420502359186,3.532715955840371,1,0.0,,0.0,0.0,0.0,0.0015617841582009984,-0.4341630313195285,5FFDV7LG...,1508195.752338174,0.15422668559350217,,,False,5710859,1.0,21,5ENf2ZAo...,0.013550011444266423,1.4180147941111252,1.3988006774227804,0.03593609326598812,,COUNTER,289424.602021989,199929.198956421,2952.0164733179845,OK,0.05535970817355636,0.0,1295.967040512703,184995.455974437,0.09618781730850719,154144.143623114,0.08014677251340258,30851.312351322995,DORMITORY,True,True,0.8014677251340256,,,21592.611142610993,0.011227011630415933,30.0
36,94,94,44,72,StreetVision by NATIX,2026-10-02,9196710,0.002117354,0.002090270398184657,0.012956984818262931,IN BAND,False,True,0.0,6171.224206397,2590388.365887319,1.0,2914591.567032869,247534.729010812,-0.000693472829379333,-36035.22042395966,,0.0,,,,,2.4918769070587543,0.15764331528886566,2.4918769070587543,0.15764331528886566,,1.0145196892512283,6.170371825071233,1,0.41000228793638394,MINER_BURN_ONLY,2952.0164731419645,2952.0164731419645,0.0,0.002382354818939704,0.1251565958926584,5FjP8fFb...,0.016757741,4.160337063512477e-08,,,False,5064327,1.0,228,5E2LP6En...,0.0,0.3863332521523639,0.3863332521523639,0.3347270757351482,,COUNTER,533826.565243666,0.0,0.0,DIVERGENT,-0.9413959909865042,2.2778484181002816,1295.967040512703,345971.650874761,0.1335597609342454,339983.414670492,0.13124804726106507,5988.236204268993,FORTRESS,True,True,1.312480472610653,0,,10295.100752763998,0.003974346429415607,30.0
37,95,95,45,58,SN58,2026-10-02,9196710,0.006316107,0.006264419294893742,0.008250997047466114,IN BAND,False,True,0.0,998.550557362,641691.753321824,1.0,158095.880600284,25914.415113064,,-952.4122188062174,,,,,,,3.7709202593021955,0.10038713074417105,3.7709202593021955,0.10038713074417105,,4.095424300523922,4.595915718021292,1,0.3895021735420839,SKIN_IN_GAME,2804.415649503004,2804.415649503004,0.0,0.0015561218485243685,-0.7536264270816868,5DCsuLti...,839561.86794202,0.32638108077776196,BUYBACK_JUSTIFIED,,True,8511017,1.0,0,5DsnuvVc...,0.179995422293431,2.010229995400593,1.6483977984715412,0.5663731668981092,,COUNTER,121440.910984341,0.045668707,0.0,DIVERGENT,-0.938311569459877,2.1639559972092632,1295.967040512703,213417.539421567,0.33258575993345035,213417.539421567,0.33258575993345035,0.0,FORTRESS,False,True,3.3258575993345034,0,,46964.124210756,0.07318798156223515,30.0
38,96,96,46,12,Compute Horde,2026-10-02,9196710,0.004886293,0.0048475482035428286,0.007992658315157074,IN BAND,False,True,0.0,12799.905809109,3714801.7659425,1.0,2619553.418224464,426164.859844472,-0.0016389071287063602,-30545.12973459158,,0.0,,,,,1.9423229920330713,0.09724400950107773,1.9423229920330713,0.09724400950107773,,0.7074401719342452,3.729389414226244,1,0.40745637872921914,MINER_BURN_ONLY,2933.8661053809337,2933.6859268503777,6.103608758678547e-05,0.0034456497588805993,-0.2948335765209742,5ELzhHvg...,1625137.716943599,0.0,,,False,2256433,0.006241320901558045,136,5EHcd8Jp...,,3.24331546233569,3.24331546233569,0.0,,COUNTER,1671805.395318681,0.0,0.0,DIVERGENT,-0.9410334371828677,2.2637041183468445,1295.967040512703,3870.537061652,0.0010419229088177166,3870.537061652,0.0010419229088177166,0.0,EXPOSED,True,True,0.010419229088177166,,UNDEFENDED_BURNER,10448.661933534995,0.0028127105002826486,30.0
39,97,97,47,121,sundae_bar,2026-10-02,9196710,0.004055558,0.004033442586660385,0.00548301181049559,IN BAND,False,True,0.0,5920.845820036,3021878.429714408,1.0,1459933.505878766,554109.019217015,-0.0014768339828714987,-4712.58077120455,,0.0,,,,,2.300986366150069,0.06670997702769635,2.300986366150069,0.06670997702769635,,0.8696577513372593,1.425072562669115,1,0.27085127665874703,SKIN_IN_GAME,1950.1291919429787,1950.1291919429787,0.0,0.0019593262792492842,-0.5168787428883315,5CXGaDJs...,1901580.234136747,0.6481057886963949,BUYBACK_GAMING,,False,5766528,1.0,0,5EL9y2gd...,0.179995422293431,0.9795424605816819,0.8032293017349356,0.7287695899650547,,COUNTER,1358989.223770661,0.0,0.0,DIVERGENT,-0.9178948354464526,1.504767583573329,1295.967040512703,202885.709556554,0.06713893833767773,202885.709556554,0.06713893833767773,0.0,FORTRESS,True,True,0.6713893833767771,,,12352.421838613003,0.004087663394116225,30.0
40,33,55,48,88,Investing,2026-10-02,9196710,0.002886053,0.0029114708304405212,-0.008730237024794583,IN BAND,False,True,9.2456e-05,6025.064189298,3283352.311703813,1.0,2087648.433748951,727810.624667702,-0.0006446650318909965,8263.327272565104,ACCUMULATING_PRE_EMA,0.0,,,,0.040327266293956235,-2.8438480609969465,-0.10621788380166743,-2.688027479342315,0.049602697852964214,0.15582058165463164,0.8004014648785179,-0.11549331536067539,1,0.0,,0.0,0.0,0.0005188067444876765,0.0018350343238589116,-0.3641716476243119,5FhMsGJS...,2962093.218017597,,,,False,5299805,0.4073678264453978,252,5FWKTXUk...,0.179995422293431,2.425996270282946,1.9893280471310784,0.0,,COUNTER,175269.313011837,0.0,0.0,DIVERGENT,1.0,0.0,1295.967040512703,1239139.888434855,0.37740083024834903,1239139.888434855,0.37740083024834903,0.0,DORMITORY,True,True,3.7740083024834914,0,,11730.501740159,0.0035727209956557334,30.0
41,34,89,49,26,Perturb,2026-10-02,9196710,0.002287379,0.0022995402105152607,-0.005288540056681916,IN BAND,False,True,3e-09,1638.437462672,966356.156635967,1.0,716294.604533483,72214.618887663,-0.00014188253281285655,7271.93389770051,ACCUMULATING_PRE_EMA,0.0,,,,4.811901692691156e-06,-17.653249982577425,-0.0643439040229633,-17.560820859978406,0.028085218576055282,0.09242912259901859,2.7194942381786738,-0.0924243106973259,1,0.3693101589348286,MINER_BURN_ONLY,2659.082488619999,2659.03744398736,1.5259021896696368e-05,0.0016954799236501483,-0.25876738238387764,5FsVAEPM...,1405948.998875094,,,,False,8123781,0.9960020752586444,0,5EHfTi6R...,0.179995422293431,1.286941658587892,1.0552980512833559,0.7788256119147897,,COUNTER,122579.225344855,1668.571827101,0.0,DIVERGENT,-0.9349398936585911,2.0517786030541383,1295.967040512703,33651.061057369,0.034822628102783006,30807.964194007,0.031880548369717245,2843.0968633619996,FORTRESS,False,True,0.3188054836971774,,,30577.145055285,0.03164169322595171,30.0
42,98,98,50,109,Finsight,2026-10-02,9196710,0.002419907,0.002414789516478777,0.00211922550031819,IN BAND,False,True,0.0,1286.630125459,1713244.20306028,1.0,531685.734143975,70671.590042874,-0.000708007104294364,-80.24312804127112,,0.0,,,,,0.3180292479642106,0.02578391025387131,0.3180292479642106,0.02578391025387131,,1.5339319376103762,1.520465283717485,1,0.4100022879366588,MINER_BURN_ONLY,2952.0164731439436,2952.0164731439436,0.0,0.0007509905027904129,-0.689661419719678,5FqZqKFx...,721146.566123041,,,,False,7257480,1.0,0,5DyQkk4x...,0.179995422293431,2.0716987266297213,1.6988024394652412,0.3865921958216973,,COUNTER,777472.672946382,1308.746301495,0.0,DIVERGENT,-0.9413959909863857,2.277848418101809,1295.967040512703,225400.962721119,0.13156382628845137,225400.962721119,0.13156382628845137,0.0,FORTRESS,False,True,1.3156382628845154,0,,22458.60526261901,0.013108817308415437,30.0
43,99,99,51,15,ORO,2026-10-02,9196710,0.024359691,0.024325636215507984,0.0013999545249428935,IN BAND,False,True,0.0,13988.721461454,1631895.172070061,1.0,574257.206471335,600089.018085895,-0.0009198017926109515,-5448.734760246356,,0.0,,,,,-0.20243375813533826,0.01703278005347187,-0.20243375813533826,0.01703278005347187,,1.6103975579916563,2.8889468071777475,1,0.26650148728194634,MINER_BURN_ONLY,1918.8107084300136,1918.8107084300136,0.0,0.00857207111147298,-0.6481042755643748,5EHdase3...,216.588029224,0.0,,,False,7366897,1.0,134,5E2LP6En...,0.0,0.6189087166050814,0.6189087166050814,0.23492339620338154,,COUNTER,374864.278323029,2797.563389807,0.0,DIVERGENT,-1.0,1.4806014724501826,1295.967040512703,1010.651574802,0.000619311578402421,1010.651574802,0.000619311578402421,0.0,EXPOSED,False,True,0.006193115784024211,,,26828.165885530994,0.016439883115469626,30.0
44,100,100,52,27,Orion,2026-10-02,9196710,0.002226622,0.0022237561643123627,0.0012887364782296904,IN BAND,False,True,0.0,6085.128902268,3459017.062934488,1.0,2732896.483566494,834394.133130325,-0.002571603639063033,-7010.5194204365835,,0.0,,,,,-2.1398713005364383,0.015679627151794565,-2.1398713005364383,0.015679627151794565,,0.7597534074522642,1.4873187368107448,1,0.41000228793706306,,2952.016473146854,2952.016473146854,0.0,0.0017592075412040976,-0.20992088409972706,5GLT9wjW...,89776.147658329,0.14642392133437593,,,False,1727132,1.0,203,5H6Bqkzj...,0.179995422293431,12.001918558230049,9.841628159010064,0.0,,COUNTER,1376041.234421844,0.0,0.0,DIVERGENT,-0.9413959909869167,2.2778484181040546,1295.967040512703,29259.979274079,0.008459044503601272,29259.979274079,0.008459044503601272,0.0,FORTRESS,True,True,0.08459044503601273,,,10428.695870271999,0.0030149304500466157,30.0
45,101,101,53,30,Endure Network,2026-10-02,9196710,0.00322254,0.0032196822576224804,0.0008875852176884452,IN BAND,False,True,0.0,8278.024794519,3486711.22818193,1.0,2568788.485611101,417898.125599631,-0.0016359655505931488,-3059.0992092080414,,0.0,,,,,-0.5654161800606687,0.010798953481876082,-0.5654161800606687,0.010798953481876082,,0.7537188565427352,1.0589435200157091,1,0.4100022879374996,,2952.016473149997,2952.016473149997,0.0,0.002374164148613878,-0.26326309413882276,5HTogQKF...,62611.454309122,0.11097472419525489,,,False,3250216,1.0,176,5HW12NvE...,0.179995422293431,17.538276414791984,14.38146694521258,0.019121596874618486,,COUNTER,860786.939647362,18187.150616168,0.0,DIVERGENT,-0.9413959909863481,2.27784841810648,1295.967040512703,4962.596266974,0.0014232885783207342,4962.596266974,0.0014232885783207342,0.0,EXPOSED,True,True,0.014232885783207342,,UNDEFENDED_BURNER,10397.620820663005,0.002982071109480615,30.0
46,102,102,54,37,Aurelius,2026-10-02,9196710,0.002751402,0.002750588580965996,0.00029572544568572166,IN BAND,False,True,0.0,7233.721102783,3530628.880616716,1.0,2629103.295613471,360294.726230688,-0.0011818962588911177,342.96285186335444,ACCUMULATING_PRE_EMA,0.0,,,,,-1.9427047121309158,0.0035979929225096133,-1.9427047121309158,0.0035979929225096133,,0.744343313574479,0.6917161140735042,1,0.41000228793499344,MINER_BURN_ONLY,2952.016473131953,2952.016473131953,0.0,0.002048847768310172,-0.2553440870108505,5GRBbS3a...,1417731.136449742,,,,False,3212175,1.0,9,5FeKsRjZ...,0.09999237048905166,0.8316855395054725,0.7485233309088545,0.01805280024416298,,COUNTER,1359834.285213678,0.0,0.0,DIVERGENT,-0.9394554463257608,2.2778484180925567,1295.967040512703,45507.151093348,0.012889247958963899,45507.151093348,0.012889247958963899,0.0,FORTRESS,True,True,0.12889247958963898,,,10280.898066876998,0.0029119169458221767,30.0
47,103,103,55,119,CapabilityForge Next,2026-10-02,9196710,0.002234253,0.0022338887210935354,0.00016306940584135334,IN BAND,False,True,0.0,3052.434921695,1655397.143194453,1.0,1366199.251725581,73743.98209808,-0.0008647727937628405,1296.9365557064302,ACCUMULATING_PRE_EMA,0.0,,,,,-3.493657785275282,0.0019840111044031323,-3.493657785275282,0.0019840111044031323,,1.5875344540758936,1.2678169770898597,1,0.41000228808903355,MINER_BURN_ONLY,2952.0164742410416,2952.0164742410416,0.0,0.0018439290742067217,-0.17469996718960573,5GbLENPL...,105815.87701815,,,,False,5740660,1.0,0,5HMwvi1d...,0.179995422293431,10.820352972494009,8.872738969845967,0.06262971554144793,,COUNTER,927090.725911541,0.0,0.0,DIVERGENT,-0.9413959910083232,2.2778484189483565,1295.967040512703,20722.542632217,0.012518169864802529,20722.542632217,0.012518169864802529,0.0,FORTRESS,True,True,0.12518169864802528,,,20423.555848068998,0.012337556538642595,30.0
48,104,104,56,95,Actual,2026-10-02,9196710,0.031137375,0.03114207834005356,-0.00015102845745239602,IN BAND,False,True,0.0,23443.006034768,2985000.014084578,1.0,752889.59227159,682786.224020803,-0.0011390409750780188,2034.8778364469763,ACCUMULATING_PRE_EMA,0.0,,,,,-14.029526955558572,-0.0018375128990041514,-14.029526955558572,-0.0018375128990041514,,0.8804020058961171,0.6114506627699446,1,0.4100022879334736,MINER_BURN_ONLY,2952.0164731210098,2952.0164731210098,0.0,0.007853603324674477,-0.7477756771508683,5D5UhUuc...,491687.669524143,,,,False,5403674,1.0,0,5ExqqyEB...,0.179995422293431,2.191403363241536,1.796960789459631,0.0,,COUNTER,1126371.568806612,14658.86980412,0.0,DIVERGENT,-0.9413959909860882,2.2778484180841128,1295.967040512703,9024.997700073,0.0030234498015038473,9024.997700073,0.0030234498015038473,0.0,EXPOSED,True,True,0.030234498015038476,,UNDEFENDED_BURNER,18831.45056956199,0.006308693628377454,30.0
49,105,105,57,73,Parked,2026-10-02,9196710,0.003100194,0.003100745379924774,-0.00017782173549103861,IN BAND,False,True,0.0,6843.659358218,3587655.318943289,1.0,2207493.590562504,582077.348150162,-0.0012004820451322843,199.5799292451702,ACCUMULATING_PRE_EMA,0.0,,,,,-2.2977325301348097,-0.0021634977818076363,-2.2977325301348097,-0.0021634977818076363,,0.7325118402885072,0.6959056381289556,1,0.4100022879548487,MINER_BURN_ONLY,2952.016473274911,2952.016473274911,0.0,0.0019075576525098674,-0.38469732780920574,5GHtVze5...,1522307.586460865,,,,False,5160047,1.0,0,5Dnkprjf...,0.179995422293431,1.070777276347499,0.878042268309121,0.5128643369449107,,COUNTER,1619506.909177514,0.0,0.0,DIVERGENT,-0.9413959909891434,2.277848418202866,1295.967040512703,1003218.380313338,0.2796306476311182,935167.2102776,0.26066250158976945,68051.17003573803,FORTRESS,True,True,2.6066250158976954,0,,10997.282529836002,0.0030653118965383638,30.0
50,106,106,58,24,Quasar,2026-10-02,9196710,0.00490091,0.004907486727461219,-0.0013401416705657641,IN BAND,False,True,0.0,9588.230015663,4091210.906189043,1.0,1956417.963234504,1604242.423936823,-0.003987432863262727,-2753.889293510001,,0.0,,,,,4.889118352453371,-0.016305056991883463,4.889118352453371,-0.016305056991883463,,0.6423526091076,0.8747303276776845,1,0.4100022879370792,SKIN_IN_GAME,2952.0164731469704,2952.0164731469704,0.0,0.0023436166542180107,-0.5217996955222579,5ELutYW7...,336971.841249942,0.22025578391398107,BUYBACK_JUSTIFIED,,False,2538424,1.0,155,5ELpkVn8...,0.179995422293431,3.1975550500636536,2.6220097785209533,0.0,,COUNTER,732164.221253976,0.0,0.0,DIVERGENT,-0.9413959909866035,2.2778484181041443,1295.967040512703,700000.000065042,0.17109848798215369,0.0,0.0,700000.000065042,EXPOSED,True,False,1.181826631449888,0,TAKEOVER_IMMINENT,15136.151198393003,0.003699675119533817,30.0
51,107,107,59,115,MoirAI,2026-10-02,9196710,0.002315554,0.0023194339592009783,-0.0016728043433126402,IN BAND,False,True,0.0,3345.776315645,1753284.322267206,1.0,1444913.39328655,162040.576035853,-0.0010310414951094963,111.23177636694163,ACCUMULATING_PRE_EMA,0.0,,,,,-3.4359890529918187,-0.020352452843637122,-3.4359890529918187,-0.020352452843637122,,1.4989012144942255,1.4455032542775652,1,0.4100022883069404,MINER_BURN_ONLY,2952.016475809971,2952.016475809971,0.0,0.0019082907849871788,-0.17588154498354228,5EkNnrTj...,108524.970015543,,,,False,5683635,1.0,0,5EhTo9AX...,0.179995422293431,10.56525880492742,8.66356058469512,0.06414345669591759,,COUNTER,1008047.413135658,0.0,0.0,DIVERGENT,-0.9413959910394699,2.277848420158981,1295.967040512703,2942.008322496,0.0016779984199548604,2942.008322496,0.0016779984199548604,0.0,EXPOSED,True,True,0.016779984199548605,,UNDEFENDED_BURNER,21007.100618622004,0.011981571016078735,30.0
52,37,84,60,127,Astrid,2026-10-02,9196710,0.002293893,0.002297254977747798,-0.001463476096629916,IN BAND,False,True,2.79e-07,3011.989831484,3002036.321422656,1.0,1313046.811139625,601407.739486947,-0.0011311304522673383,6998.90870928904,ACCUMULATING_PRE_EMA,0.0,,,,0.0002434311007081814,-1.1582100644007254,-0.017805625842330645,-1.1614918259000078,-0.021087387341613015,-0.0032817614992823683,0.8754057974736956,0.0035251925999905498,1,0.2895025754135178,MINER_BURN_ONLY,2084.7626186420675,2084.67252937679,3.051804379328171e-05,0.0010033155861540767,-0.5626144784634346,5FU4uxAd...,1540082.401104834,,,ENTRY_PRE_EMA_PATTERN,False,5848837,0.8825019455846673,0,5EKrpcqV...,0.179995422293431,0.9029223579189144,0.7404004668071189,0.5843888295437205,,COUNTER,1288585.196592378,203.185912805,0.0,DIVERGENT,-0.9170072299213967,1.6085845273904988,1295.967040512703,5535.674552263,0.0018439732100375321,5535.674552263,0.0018439732100375321,0.0,EXPOSED,True,True,0.01843973210037532,,UNDEFENDED_BURNER,14645.414373262001,0.004878493397548762,30.0
53,108,108,61,104,TAOstatus,2026-10-02,9196710,0.004143331,0.00415110751055181,-0.0018733580212130978,IN BAND,False,True,0.0,5910.285387149,3244908.103611183,1.0,1426457.329697767,76188.802706015,-0.0017383027949343672,2461.1867794361897,ACCUMULATING_PRE_EMA,0.0,,,,,-0.3536211026379086,-0.022792522591426022,-0.3536211026379086,-0.022792522591426022,,0.8098842605358715,0.18160737204894756,1,0.0,,0.0,0.0,0.0,0.0018214030100179356,-0.5604012785804621,5HBb3F1b...,1151998.176486681,,,ENTRY_PRE_EMA_PATTERN,False,5528520,1.0,25,5Coeuhim...,0.179995422293431,1.320847201422278,1.0831007516171787,0.4121829889828181,,COUNTER,340321.172598343,242420.825933272,2952.0164731279947,OK,0.055359708176922026,0.0,1295.967040512703,3017.92106809,0.0009300482391878604,3017.92106809,0.0009300482391878604,0.0,NEITHER,True,True,0.009300482391878603,,,12076.37754786,0.0037216393075725257,30.0
54,109,109,62,25,UR,2026-10-02,9196710,0.006668024,0.006684184307232499,-0.0024176932426913083,IN BAND,False,True,0.0,13201.624825538,4106434.790305412,1.0,1979840.350055085,765832.52704631,-0.00189072698649151,4282.057475249516,ACCUMULATING_PRE_EMA,0.0,,,,,-1.82194551354615,-0.029415267786077583,-1.82194551354615,-0.029415267786077583,,0.6399711998846925,0.24415878590817858,1,0.410002287933894,MINER_BURN_ONLY,2952.0164731240366,2952.0164731240366,0.0,0.00321486289194334,-0.5178687281354506,5HTeZ516...,772711.055761278,,,,False,2998801,1.0,1,5CyQFykV...,0.179995422293431,1.6669452960223163,1.3669027735247312,0.1954401867875292,,COUNTER,1023244.298985981,0.0,0.0,DIVERGENT,-0.9413959909861482,2.2778484180864482,1295.967040512703,1141104.509037295,0.2778820478852475,1141104.509037295,0.2778820478852475,0.0,FORTRESS,True,True,2.7788204788524764,0,,9926.644509976994,0.0024173388880817243,30.0
55,110,110,63,84,SN84,2026-10-02,9196710,0.002464746,0.0024723003152757883,-0.003055581568756848,IN BAND,False,True,0.0,1478.864267431,899188.551107034,1.0,600006.538513019,70966.533326846,-0.004139727322791386,1543.49760219187,ACCUMULATING_PRE_EMA,0.0,,,,,-4.437960938113128,-0.03717624241987498,-4.437960938113128,-0.03717624241987498,,2.9226350766638918,2.2395347991075765,1,0.4100022879361111,MINER_BURN_ONLY,2952.01647314,2952.01647314,0.0,0.0016446653659127437,-0.3327241971737681,5FRdKaxK...,996887.4063696079,,,,False,8085297,1.0,0,5DvbToTj...,0.179995422293431,2.2782431180085956,1.8681697858955355,1.0,,COUNTER,84615.339843217,61159.068233539,0.0,DIVERGENT,-0.9413959909864651,2.277848418098766,1295.967040512703,660.436412233,0.0007344804506462023,660.436412233,0.0007344804506462023,0.0,EXPOSED,False,True,0.007344804506462022,,,15844.603058349,0.017621001778594658,30.0
56,111,111,64,69,Herald,2026-10-02,9196710,0.00592155,0.005943958647549152,-0.003769987121022753,IN BAND,False,True,0.0,3781.292117752,1354350.197969973,1.0,638564.527108785,80374.089273312,0.0011393261345515797,1043.5941630823072,,0.0,,,0.19240336306399164,,-3.9388860798825194,-0.04586817663911016,-3.9388860798825194,-0.04586817663911016,,1.9404139372070035,1.6197099719700316,1,0.41000228806777966,MINER_BURN_ONLY,2952.0164740880136,2952.0164740880136,0.0,0.0027919603979973235,-0.528508515845121,5HBPFVcJ...,900516.793982936,,,,False,8138182,1.0,0,5FWB5CFZ...,0.179995422293431,1.7764550477815004,1.456701271270772,0.4847018968121958,,COUNTER,391936.714255566,4110.268380516,0.0,DIVERGENT,-0.9413959910053642,2.2778484188302763,1295.967040512703,485.813350565,0.0003587058585683249,485.813350565,0.0003587058585683249,0.0,EXPOSED,False,True,0.0035870585856832495,,,22495.17587676899,0.016609571077323183,30.0
57,112,112,65,126,Attelier,2026-10-02,9196710,0.004312712,0.004332199692726135,-0.004498336666902901,IN BAND,False,True,0.0,2437.316097177,1441511.14871187,1.0,565146.981229868,69074.654568229,-0.0001583244541660852,-820.6058364603668,,0.0,,,,,-1.8572969587861836,-0.05472976278065196,-1.8572969587861836,-0.05472976278065196,,1.823086836580052,1.9979389367821403,1,0.41000228793597165,SKIN_IN_GAME,2952.016473138996,2952.016473138996,0.0,0.0016908062760076315,-0.6079482525131213,5DqrUa2z...,577920.4055687119,0.8177148976782054,BUYBACK_JUSTIFIED,,False,7525773,1.0,1,5E2LP6En...,0.0,0.639009664714785,0.639009664714785,0.40852420991591765,,COUNTER,480970.429391238,5493.154491675,0.0,DIVERGENT,-0.9413959909863663,2.277848418097991,1295.967040512703,171439.094523612,0.11893012043424671,1096.553699538,0.0007606973421730919,170342.540824074,EXPOSED,False,False,1.0772962643160906,0,,39451.233358677986,0.027367969643475522,30.0
58,113,113,66,39,deprecated,2026-10-02,9196710,0.006915871,0.006951183546334505,-0.005080076809815564,IN BAND,False,True,0.0,17555.062934236,3638155.985842766,1.0,2538373.375554589,1112922.266291605,-0.008167090216750057,12256.77516847942,ACCUMULATING_PRE_EMA,0.0,,,,,0.37802679673245243,-0.061807601186089356,0.37802679673245243,-0.061807601186089356,,0.7223439594746329,-0.5239363162312435,1,0.4100022879383242,MINER_BURN_ONLY,2952.0164731559344,2952.0164731559344,0.0,0.004825263953098326,-0.3022912149318103,5DkwfxC9...,443988.207881868,,,,False,3280104,1.0,136,5GP7c3fF...,0.0009918364232852674,2.808024657023138,2.8052395558908194,0.15707069936365994,,COUNTER,1604289.633581434,0.0,0.0,DIVERGENT,-0.9413959909867815,2.2778484181110614,1295.967040512703,434674.046788498,0.11947647337825933,433099.102379519,0.1190435770387105,1574.9444089789758,FORTRESS,True,True,1.190435770387107,0,,9030.138869932001,0.002482064789159996,30.0
59,114,114,67,52,Dojo,2026-10-02,9196710,0.00602728,0.006065467372536659,-0.006295866450385086,IN BAND,False,True,0.0,17490.28242393,3174912.041442717,1.0,2901853.215818698,767148.459081052,-0.001055169699966047,21798.37960619852,ACCUMULATING_PRE_EMA,0.0,,,,,-0.49867268342510884,-0.07659970847968521,-0.49867268342510884,-0.07659970847968521,,0.8277394666989912,-1.690305713122815,1,0.4100022879354138,MINER_BURN_ONLY,2952.0164731349796,2952.0164731349796,0.0,0.005508902985539786,-0.08600513240802064,5Fv1ZvNP...,50038.994315586,,,,False,3989825,1.0,130,5E2LP6En...,0.0,0.38628833375798133,0.38628833375798133,0.7408249530756437,,COUNTER,1227714.901019304,0.0,0.0,DIVERGENT,-0.9413959909863655,2.277848418094892,1295.967040512703,167638.354572778,0.05280094452525405,167638.354572778,0.05280094452525405,0.0,FORTRESS,True,True,0.5280094452525406,,,9697.237109672995,0.0030543325242063895,30.0
60,115,115,68,29,hoτfloaτ,2026-10-02,9196710,0.002537237,0.0025536438915878534,-0.006424894105987397,IN BAND,False,True,0.0,7945.041322205,2968796.340246397,1.0,3131374.209837998,210139.613603992,-0.011022358310089313,1317.4166575875133,ACCUMULATING_PRE_EMA,0.0,,,,,-4.964294298305545,-0.07816954495617999,-4.964294298305545,-0.07816954495617999,,0.8852072351254271,0.7033588395027316,1,0.0,,0.0,0.0,0.0,0.0026761826719126163,0.05476259092572605,5HHHHHzg...,6058.954514105,,,,False,3379782,1.0,37,5E2LP6En...,0.0,0.36108516193817786,0.36108516193817786,0.07955135052647642,,COUNTER,610829.352749762,0.0,0.0,DIVERGENT,1.0,0.0,1295.967040512703,3165.974907187,0.0010664170068749943,3165.974907187,0.0010664170068749943,0.0,NEITHER,True,True,0.010664170068749944,,,10597.732347432999,0.0035697067541364032,30.0
61,40,19,69,28,SayGM,2026-10-02,9196710,0.021502467,0.02121854294091463,0.013380940429132562,IN BAND,False,False,0.002942506,22836.371936284,5163003.823773035,1.0,1062035.026782932,6610482.588948508,-0.0018433106521580824,-233.61885660723783,,0.0,,,,0.3386223428824711,-2.67191796457592,0.1628014418877795,-2.9152597027406784,-0.08054029627697856,-0.24334173816475807,0.5090060146574718,0.5819640810472292,1,0.10429748146821091,,855.2811885951087,853.704626452742,0.0005340657663843729,0.004423078640990734,-0.794299015039031,5CA6rwAy...,3237790.211865285,0.06622380003694772,,,False,4878363,0.2614198473282442,219,5FHBJCMk...,0.179995422293431,2.6506579050415735,2.1735516160681945,0.0,,COUNTER,1416786.449460206,33762.848582854,0.0,DIVERGENT,-0.7661655191720635,0.6587394584626197,1295.967040512703,369025.338483941,0.07147493030796626,369020.371074288,0.07147396819175977,4.967409653007053,FORTRESS,True,True,0.7147396819175988,,,37117.24335984303,0.007189079192414462,30.0
62,116,116,70,113,LongShort,2026-10-02,9196710,0.001883823,0.0018982449546456337,-0.0075975203360021774,IN BAND,False,True,0.0,1578.62641872,1652894.550031035,1.0,837990.831149723,68859.663363516,-0.0004889739469761811,280.84141958516557,ACCUMULATING_PRE_EMA,0.0,,,,,-2.3030331606662253,-0.09243649742135981,-2.3030331606662253,-0.09243649742135981,,1.589938087672112,1.495755607374429,1,0.4100022879361091,MINER_BURN_ONLY,2952.0164731399855,2952.0164731399855,0.0,0.0009550678345998294,-0.4930161514113431,5GndoVhM...,579246.897869881,,,,False,7119664,1.0,0,5FRumLA6...,0.179995422293431,2.4140512521263666,1.9795330775618953,0.3241807719898045,,COUNTER,832607.982249026,0.0,0.0,DIVERGENT,-0.9413959909864649,2.277848418098755,1295.967040512703,55091.758764015,0.0333304739633757,55091.758764015,0.0333304739633757,0.0,FORTRESS,False,True,0.3333047396337608,,,23290.600772126007,0.01409079651916615,30.0
63,35,47,12,67,Harnyx,2026-10-02,9196710,0.003580171,0.003617094364017248,-0.010208017900931942,IN BAND,False,False,0.000194994,2699.732744077,980629.94741197,1.0,754079.315628053,69114.4016336,0.00015566218436049352,6443.934468688676,,0.0,,0.04347898029465451,0.04347898029465451,0.18981294838322874,-3.097556004003605,-0.12419755112800529,-3.0690926235851363,-0.09573417070953663,0.02846338041846866,2.679909997584397,0.16134956796476008,1,0.01320106214409367,MINER_BURN_ONLY,102.02621540700784,100.22443010144593,0.0006103608758678547,0.0027530596543599356,-0.23102565370203393,5HEAv3TU...,1104436.899486608,,,,False,7236936,0.021314604168257145,246,5HGnF3Wr...,0.0,0.6964036145376682,0.6964036145376682,0.00834719445758496,,COUNTER,281034.266095485,6279.314248273,0.0,DIVERGENT,0.8572888355292902,0.07733563197856924,1295.967040512703,522.283347221,0.0005325998340142317,522.283347221,0.0005325998340142317,0.0,NEITHER,False,True,0.005325998340142317,,,27072.876614178007,0.027607638014347208,30.0
64,38,25,5,83,CliqueAI,2026-10-02,9196710,0.008174319,0.008189775282517076,-0.0018872657654076452,IN BAND,False,False,0.001652276,8137.598639448,2900175.84644647,1.0,995507.77461329,154876.945750446,0.000950791968390149,3492.051765816752,,0.0,,0.11631451725705212,0.11631451725705212,0.5335949240542226,-1.4261485696063572,-0.022961733479126348,-1.5056063357624725,-0.10241949963524168,-0.07945776615611533,0.906151950482602,0.6130526902103379,1,0.0,,0.0,0.0,0.0018005645838101714,0.002805898355928605,-0.6567422489960808,5DqEjRLy...,1153930.349175108,,,,False,5231190,0.0,198,5E2LP6En...,0.0,0.393027317504837,0.393027317504837,0.09543429164377708,,COUNTER,345172.824104195,26063.92679357,0.0,DIVERGENT,1.0,0.0,1295.967040512703,8057.340853611,0.0027782249353891786,8057.340853611,0.0027782249353891786,0.0,NEITHER,True,True,0.027782249353891786,,,14660.68005914,0.00505510039231016,30.0
65,117,117,71,42,Unknown,2026-10-02,9196710,0.001999575,0.0020215949043631554,-0.010892342632854098,IN BAND,False,True,0.0,6611.761676623,2485733.294133674,1.0,3306582.968437903,372268.151829191,-0.0007519273179352004,34012.45472713001,ACCUMULATING_PRE_EMA,0.0,,,,,-3.53110587798361,-0.13252350203305818,-3.53110587798361,-0.13252350203305818,,1.0572332945783345,-3.919951536896365,1,0.4100022880965359,MINER_BURN_ONLY,2952.0164742950583,2952.0164742950583,0.0,0.00265988378247447,0.3302245639570758,5EC5HHfL...,129457.847899145,,,,False,3613591,1.0,11,5Gbdb5s2...,0.179995422293431,8.323064462068169,6.824950959442761,0.0,,COUNTER,581195.397357205,0.0,0.0,DIVERGENT,-0.9413959910093955,2.2778484189900374,1295.967040512703,5444.016612431,0.002190104877815681,5444.016612431,0.002190104877815681,0.0,EXPOSED,True,True,0.02190104877815681,,UNDEFENDED_BURNER,10878.740840018005,0.004376471468476451,30.0
66,118,118,72,116,for sale,2026-10-02,9196710,0.001964408,0.0019882156047970057,-0.011974357680105034,IN BAND,False,True,0.0,822.603663853,680646.528356063,1.0,418753.791749806,115525.730087916,0.0001614247536338362,3512.041045289312,,0.0,,,0.08217475882496722,,-2.0576560808685023,-0.1456880184412779,-2.0576560808685023,-0.1456880184412779,,3.861034899196942,1.8947821056288876,1,0.4100022880426372,MINER_BURN_ONLY,2952.016473906988,2952.016473906988,0.0,0.0012085621972388518,-0.38477027316176077,5F48aA3P...,112756.912896806,,,,False,8294730,1.0,0,5CXN6pP6...,0.179995422293431,9.555831083652533,7.835825232385801,0.0,,COUNTER,280350.134497698,1764.319155568,0.0,DIVERGENT,-0.9413959910016126,2.2778484186905925,1295.967040512703,30.45052749,4.473765195504028e-05,30.45052749,4.473765195504028e-05,0.0,EXPOSED,False,True,0.0004473765195504028,,,38290.02077181901,0.05625536776673098,30.0
67,36,62,73,55,NIOME,2026-10-02,9196710,0.002370672,0.002415688708424568,-0.01863514461427718,IN BAND,False,True,4.1276e-05,6184.849361825,3010415.262098762,1.0,2608901.106582098,573816.092693069,-0.002858824195392448,,,,,,,0.017538556180451925,-2.7368780675139615,-0.22672759280703902,-2.7193395113335095,-0.2091890366265871,0.017538556180451925,0.8729692654321202,,,,,,,6.103608758678547e-05,0.002054483791552773,-0.13337492847902482,5GeWUxaF...,1261881.73340892,,,,False,4703386,0.020051578642169443,142,5E2LP6En...,0.0,0.31200370965638113,0.31200370965638113,0.5502975736303983,,,322765.905523151,0.0,,NO_ESTIMATE,,,,14841.866940702,0.004930172633510615,14841.866940702,0.004930172633510615,0.0,,True,True,0.04930172633510615,,,14638.825660599,0.004862726363668942,30.0
68,39,3,13,107,Minos,2026-10-02,9196710,0.040307964,0.040454001165926456,-0.0036099560418626467,IN BAND,False,False,0.012467533,20766.778445088,1688623.549865948,1.0,515203.291179136,608128.882399001,0.001226016808458981,1020.0494485680247,,0.0,,0.030416242518698813,0.030416242518698813,1.5777448009394968,-2.9174736516058233,-0.0439211318426622,-3.1015201293882946,-0.2279676096251335,-0.1840464777824713,1.5562971392934941,1.761791278721968,1,0.0,,0.0,0.0,0.0001831082627603564,0.012298050946130993,-0.6948977391631344,5DA2vLrS...,1221798.560735561,0.0,,,False,7457580,0.0,33,5CAQAgXx...,0.0899977111467155,0.5904538637024658,0.5373143674315092,0.039508019105461534,,COUNTER,406798.248425295,11728.725039684,0.0,DIVERGENT,1.0,0.0,1295.967040512703,41164.694002343,0.024377661916186632,41164.694002343,0.024377661916186632,0.0,DORMITORY,False,True,0.2437766191618663,,,28764.120277626003,0.017034063204856672,30.0
69,119,119,74,94,Cathedral,2026-10-02,9196710,0.005135834,0.00523896049708128,-0.019684534200770112,IN BAND,False,True,0.0,2452.259082914,2062930.379874601,1.0,477480.166611251,136118.361778054,-7.290167659344193e-05,12281.486257727083,ACCUMULATING_PRE_EMA,0.0,,,,,11.851148328816734,-0.2394951661093697,11.851148328816734,-0.2394951661093697,,1.2739159913674585,-0.9281846471302635,1,0.4100022879380493,MINER_BURN_ONLY,2952.0164731539553,2952.0164731539553,0.0,0.001188726050494765,-0.7685427429128814,5CnwnkkC...,850008.426950128,,,,False,6962737,1.0,0,5EeKtCKE...,0.179995422293431,1.761266388307157,1.4442465009725842,0.3894552113535785,,COUNTER,830749.600234423,0.075116968,0.0,DIVERGENT,-0.93975020940076,2.277848418109534,1295.967040512703,273.723032556,0.00013268651003755093,273.723032556,0.00013268651003755093,0.0,EXPOSED,False,True,0.0013268651003755093,,,21182.665823618994,0.010268240765791923,30.0
70,120,120,75,57,SN57,2026-10-02,9196710,0.002384332,0.0024494437966495752,-0.026582278286457234,IN BAND,False,True,0.0,1245.763805834,1022585.382202296,1.0,522478.999731264,35610.311170845,-0.00013780237056893412,8326.07697899465,ACCUMULATING_PRE_EMA,0.0,,,,,-4.02495417559417,-0.3234177191518963,-4.02495417559417,-0.3234177191518963,,2.569956549095387,-0.4631077928933458,1,0.4100022880191682,MINER_BURN_ONLY,2952.016473738011,2952.016473738011,0.0,0.0012182491824311577,-0.4890605912133219,5HdpnCSY...,807035.161545825,,,ENTRY_PRE_EMA_PATTERN,False,8057320,1.0,0,5Ejcqsbx...,0.179995422293431,2.0669633786307853,1.6949194324290802,0.5481749374351462,,COUNTER,468149.160359879,6427.093693354,0.0,DIVERGENT,-0.9413959909983369,2.2778484185602057,1295.967040512703,1254.306998862,0.0012266036858072972,1254.306998862,0.0012266036858072972,0.0,EXPOSED,False,True,0.012266036858072973,,,33941.82286818498,0.033192165132544735,30.0
71,32,81,76,103,Capcomp,2026-10-02,9196710,0.00100478,0.001048100646585226,-0.04133252538901416,IN BAND,False,True,1.623e-06,304.338587041,250300.062838041,1.0,302890.580635689,37032.242152885,,7147.0371798347915,,,,,,0.014014798588209892,-14.088055776745259,-0.5028790588996723,-13.91650932282815,-0.3313326049825623,0.17154645391711004,10.499398083253666,-0.15753165532890015,1,0.0,,0.0,0.0,0.0,0.0012158949685838678,0.21011063972597754,5H3SQ4du...,1103246.355495059,,,,True,8762380,1.0,103,5H6VKx1U...,,0.9250316762090753,0.9250316762090753,0.01817404971541056,,COUNTER,60139.256694016,0.014698804,0.0,DIVERGENT,1.0,0.0,1295.967040512703,0.0,0.0,0.0,0.0,0.0,NEITHER,False,,,,,64772.51396320001,0.25877945546147013,30.0
72,43,76,77,71,Leadpoet,2026-10-02,9196710,0.0038385,0.0038237585686147213,0.0038552202291943223,IN BAND,False,True,2.327e-06,4932.941223401,4556811.621018115,1.0,1285122.147820578,1434012.012373512,-0.0022417272015353455,1516.9678135162685,ACCUMULATING_PRE_EMA,0.0,,,,0.0012396977225250189,-0.35767325653101234,0.046905179455197586,-0.7986271162933828,-0.3940486803071729,-0.44095385976237045,0.5767190348353337,0.44219355748489547,1,0.2882803744734675,MINER_BURN_ONLY,2076.922308843001,2076.877264210362,1.5259021896696368e-05,0.0010825422759738414,-0.7179777840370348,5DwHzMhB...,2799918.570535848,,,,False,5048438,0.7000030518509477,0,5FNVgRnr...,0.0,0.5149618799235504,0.5149618799235504,0.6381767686015992,,COUNTER,1014651.088199266,0.0,0.0,DIVERGENT,-0.9165154427496268,1.6025695093207921,1295.967040512703,63565.086413894,0.013949465481676382,63565.086413894,0.013949465481676382,0.0,FORTRESS,True,True,0.13949465481676382,,,21989.171849449995,0.004825560869803307,30.0
73,41,38,78,111,Claims,2026-10-02,9196710,0.004357947,0.004369677975773811,-0.002684631645363731,IN BAND,False,False,0.000423221,5601.321179056,3611157.992257092,1.0,1285311.644133028,212732.87857363,-0.0020882893709760026,1322.5781710862648,ACCUMULATING_PRE_EMA,0.0,,,,0.19856472293692773,-1.9994882739938609,-0.032663018351925394,-2.4039329528022186,-0.4371076971602833,-0.4044446788083579,0.727744398233159,0.6030094017452856,1,0.0,,0.0,0.0,4.57770656900891e-05,0.001551114958433317,-0.6440720921036173,5CGTryXj...,2762073.047338561,,,,False,5615562,0.0,145,5E2LP6En...,0.0,0.3250947367620807,0.3250947367620807,0.0672943402560542,,COUNTER,734491.272679149,0.371911999,0.0,DIVERGENT,1.0,0.0,1295.967040512703,1221.604957048,0.0003382862116992164,1221.604957048,0.0003382862116992164,0.0,NEITHER,True,True,0.0033828621169921646,,,13769.671418575996,0.0038130902741171676,30.0
74,42,26,79,124,Swarm,2026-10-02,9196710,0.009329238,0.009353498229756951,-0.0025937065642211185,IN BAND,False,False,0.00156864,12040.547095212,3592013.358269244,1.0,1290624.917199231,313072.130920823,-7.80977163950547e-05,113.53897015121765,ACCUMULATING_PRE_EMA,0.0,,,,0.34237529967714614,-2.4982078530109653,-0.031556763198023606,-2.9258114277759293,-0.45916033796298755,-0.42760357476496397,0.7316231143600928,0.7699788744421101,1,0.0,,0.0,0.0,0.0002441443503471419,0.003352032939268787,-0.6406959561682544,5HKYqfJr...,2334303.321541583,0.1988775452880748,,,False,5813454,0.0352416856179123,105,5HgiWPLV...,,0.338787338382731,0.338787338382731,0.0072332178663533295,,COUNTER,897004.632666029,6243.286010635,0.0,DIVERGENT,1.0,0.0,1295.967040512703,1000000.110795789,0.2783954320475088,1000000.110795789,0.2783954320475088,0.0,DORMITORY,True,True,2.783954320475088,0,,21807.502382252987,0.006071108374931154,30.0
75,44,37,80,77,Liquidity,2026-10-02,9196710,0.005085841,0.0050855951849371195,4.8335554431935154e-05,IN BAND,False,False,0.000718916,11687.182147541,3380828.2574418,1.0,2297984.124618799,410601.615349222,-0.006935415302332664,2174.5482463804074,ACCUMULATING_PRE_EMA,0.0,,,,0.16165669569867308,-1.545505909332519,0.0005880825789218776,-2.0153503012899754,-0.4692563093785347,-0.4698443919574566,0.7773243122348223,0.6315010876561297,1,0.0,,0.0,0.0,6.103608758678547e-05,0.0034568990961949776,-0.3202895851059878,5GxxsUeY...,2678741.631478819,,,,False,5128460,0.13022844150096902,42,5E7F9Awq...,,5.087167632710813,5.087167632710813,0.0,,COUNTER,140886.89655137,14115.257752168,0.0,DIVERGENT,1.0,0.0,1295.967040512703,369577.913917543,0.10931579062143626,369577.913917543,0.10931579062143626,0.0,DORMITORY,True,True,1.0931579062143626,0,,10438.500583926994,0.003087557186896439,30.0
76,45,85,81,2,DSperse,2026-10-02,9196710,0.003064456,0.003065737895667553,-0.00041813609355332567,IN BAND,False,True,1.75e-07,7737.122513,3353012.629531926,1.0,2524794.60941023,712673.76483776,-0.002026472196230547,2193.856690139044,ACCUMULATING_PRE_EMA,0.0,,,,5.94407028229514e-05,-0.22264425319958472,-0.005087322471565462,-0.7494707860688651,-0.5319138553408459,-0.5268265328692804,0.7837727710458591,0.5268859735721033,1,0.3300259125022731,MINER_BURN_ONLY,2377.6292313339654,2376.322936987433,0.00044251163500419466,0.0023075136803406815,-0.2470070771645338,5EcYQ3W7...,2985638981640009.0,,,ENTRY_REPEATED,False,2734060,0.8042927365432174,14,5CFxLBvp...,0.179995422293431,0.6170547721712573,0.505987737876115,0.9058809167760247,,COUNTER,764362.465427551,0.159820748,0.0,DIVERGENT,-0.9272293876777,1.833629145419721,1295.967040512703,1144508.261830867,0.34133729522833267,1144508.261830867,0.34133729522833267,0.0,FORTRESS,True,True,3.4133729522833263,0,,11580.545294277996,0.0034537732403037854,30.0
77,68,2,82,90,KubeTEE,2026-10-02,9196710,0.023913056,0.02287321793846786,0.04546094320132162,IN BAND,False,False,0.012833483,3710.491412262,412689.670050809,1.0,155165.9229196,98383.489683343,,-824.5578997627017,,,,,,9.089468099170084,6.374879886577724,0.5531081422827464,5.282374926556199,-0.5393968177387789,-1.0925049600215253,6.367981053842344,10.181973059191609,1,0.0,,0.0,0.0,1.5259021896696368e-05,0.008990996580566643,-0.6240130671476434,5C9y6fnL...,474389.944035523,0.20617573776476486,BUYBACK_GAMING,,True,8618670,0.14041566209906298,0,5EKtGWqs...,0.179995422293431,1.088392763029431,0.8924870480268343,0.33879139325499774,,COUNTER,0.0,117572.559460524,592.2123239590001,OK,0.1401219461578933,0.0,1295.967040512703,89865.262382497,0.2177550564118387,89865.262382497,0.2177550564118387,0.0,DORMITORY,False,True,2.1775505641183868,0,,56461.592121192014,0.13681367918475074,30.0
78,47,83,83,43,Graphite,2026-10-02,9196710,0.003962593,0.003962821094319224,-5.7558570976360736e-05,IN BAND,False,True,6.39e-07,12300.736352198,3022387.045253677,1.0,3104213.728080253,159339.493242,-0.0008349041341164327,2525.6166979451664,ACCUMULATING_PRE_EMA,0.0,,,,0.00013651963198934263,-1.1779215346313279,-0.0007002959468790556,-1.7223499857933482,-0.5451287471088995,-0.5444284511620204,0.8695114029577986,0.5445649707940098,1,0.3251894751930149,MINER_BURN_ONLY,2341.8774575130083,2341.742323615091,4.57770656900891e-05,0.004069874628239603,0.027073592528832145,5HjMs5JD...,2805021.908565855,,,,False,3408582,0.2094854422266984,108,5ERVu5z1...,,7.7002742823042105,7.7002742823042105,0.0,,COUNTER,979059.485690113,0.0,0.0,DIVERGENT,-0.9260915764720292,1.8069458947726513,1295.967040512703,3451.069241962,0.0011418356386160141,3451.069241962,0.0011418356386160141,0.0,EXPOSED,True,True,0.011418356386160141,,UNDEFENDED_BURNER,11697.271033756004,0.0038702094928990873,30.0
79,46,63,84,6,Numinous,2026-10-02,9196710,0.00229394,0.0022976913023740053,-0.0016326398459747258,IN BAND,False,True,3.6713e-05,7444.002832149,2659147.570497779,1.0,3245072.703553088,704792.708507572,-0.004023880888700968,3033.212047189474,ACCUMULATING_PRE_EMA,0.0,,,,0.012961005815757702,-1.2675469299962652,-0.019863784792692497,-1.8070921063035439,-0.5594089610999712,-0.5395451763072787,0.9882866333394394,0.5525061821230364,1,0.0,,0.0,0.0,0.0019684138246738314,0.0027993944054618674,0.22034334178830633,5CfSg4e2...,102521.75367617,,,,False,3219949,0.16311959147478827,163,5DydwY1R...,,0.33510133967953776,0.33510133967953776,0.008118542935189,,COUNTER,185360.665463109,0.0,0.0,DIVERGENT,1.0,0.0,1295.967040512703,662466.459537209,0.24912737709144836,662466.459537209,0.24912737709144836,0.0,DORMITORY,True,True,2.491273770914484,0,,10679.935966706003,0.004016300593918063,30.0
80,48,58,85,32,ItsAI,2026-10-02,9196710,0.002733407,0.0027335286140441895,-4.448976446210689e-05,IN BAND,False,True,7.241e-05,6889.340932793,3618835.889554787,1.0,2520422.092226972,307311.120938633,-0.0011755096356559623,436.30202133674175,ACCUMULATING_PRE_EMA,0.0,,,,0.027621434598222642,-0.40811930023608556,-0.0005412921342889672,-0.9925800711417869,-0.5850020630399904,-0.5844607709057014,0.7262003805105718,0.612082205503924,1,0.0,,0.0,0.0,0.0018463416495002605,0.0019037450558833085,-0.30352667718956294,5DWgkCSv...,88407.81598182,,,,False,2515294,0.0,82,5E7sa41c...,0.013550011444266423,0.25362030863267154,0.25018375054820047,0.8535524629188793,,COUNTER,17419.272873099,0.0,0.0,DIVERGENT,1.0,0.0,1295.967040512703,634410.218859858,0.17530781671835008,634410.218859858,0.17530781671835008,0.0,DORMITORY,True,True,1.753078167183501,0,,12353.20365109,0.003413584928442216,30.0
81,49,64,86,20,Witness,2026-10-02,9196710,0.002275165,0.0022757751867175102,-0.00026812258129518194,IN BAND,False,True,3.5355e-05,6383.503781698,3223985.259653679,1.0,2805731.124161305,288559.64381456,-0.0009316292818717833,873.1131757739931,ACCUMULATING_PRE_EMA,0.0,,,,0.014555163304890427,-0.2487316036441796,-0.0032621580724247136,-0.8606058998429772,-0.6151364542712223,-0.6118742961987976,0.8151402033030077,0.626429459503688,1,0.06055926004098336,MINER_BURN_ONLY,442.8024709711317,442.8024709711317,0.0,0.0019800040222217757,-0.12973168002242663,5CFVA7aP...,1575438.074335098,,,,False,1970929,0.0,154,5G9hfkx9...,0.009994659342336155,1.5496094449807822,1.5341216264645328,0.011734545953946867,,COUNTER,1435722.253812141,0.0,0.0,DIVERGENT,0.5165892067202283,0.3416772627149165,1295.967040512703,500316.662319871,0.15518577847766435,494274.857377025,0.15331176093221968,6041.804942846007,FORTRESS,True,True,1.5331176093221996,0,,11018.738084064998,0.0034177383569206,30.0
82,50,22,87,56,Gradients,2026-10-02,9196710,0.014942399,0.014962253626435995,-0.0013269810104618686,IN BAND,False,False,0.002068302,49510.122331,2829671.477865727,1.0,3313398.503777658,2866764.954000764,-0.009019599530651996,2380.663175336551,ACCUMULATING_PRE_EMA,0.0,,,,0.10978558323207066,-2.45802667533437,-0.01614493562728607,-3.0746372984356336,-0.6327555587285494,-0.6166106231012634,0.9287297202366978,0.726396206333334,1,0.0,,0.0,0.0,6.103608758678547e-05,0.01749677399594913,0.17094811856845266,5EJ1zbdw...,15204.878990387,,,,False,4312927,0.0,101,5E2LP6En...,0.0,0.39320895931677896,0.39320895931677896,0.09585215480405324,,COUNTER,841047.343861356,0.0,0.0,DIVERGENT,1.0,0.0,1295.967040512703,264724.185506575,0.09355297516948595,264724.185506575,0.09355297516948595,0.0,DORMITORY,True,True,0.9355297516948596,,,22476.830840493003,0.007943265151559607,30.0
83,53,46,8,18,Zeus,2026-10-02,9196710,0.004023757,0.004015249432995915,0.002118814072713037,IN BAND,False,False,0.000211291,10181.905977086,3338649.030078001,1.0,2530447.509239175,887547.296367082,0.00033872464815844845,340.0874903560616,,0.0,,0.08418118891335845,0.08418118891335845,0.05453524607766175,4.780908984146541,0.02577890455134195,4.049502702242782,-0.7056273773524182,-0.7314062819037601,0.7871447331912579,0.7859415279814219,1,0.019998823215899218,MINER_BURN_ONLY,152.04815604398027,151.55266508495075,0.00016784924086366004,0.0030497083956285516,-0.24207441064941262,5GgvCi6h...,2185777.115196858,0.0,,,False,1604679,0.09930712410719744,84,5DCSySUE...,0.179995422293431,0.34202575577123717,0.2804626854259634,0.5945492278581457,,COUNTER,342967.934230721,30745.295806132,0.0,DIVERGENT,-0.5789802342667169,0.11694175881586799,1295.967040512703,472285.796249436,0.14146015109542737,375000.0,0.11232088087774798,97285.79624943598,DORMITORY,True,True,1.1232088087774799,0,,13889.400777710996,0.004160185947244205,30.0
84,52,65,88,7,Allways,2026-10-02,9196710,0.002493252,0.002491375897079706,0.0007530388820462451,IN BAND,False,True,3.4878e-05,5623.150001275,3131401.770102526,1.0,2255347.63083354,329115.560611577,-0.001063203871299582,626.931386271026,ACCUMULATING_PRE_EMA,0.0,,,,0.016300362604450714,0.548842815697601,0.009161973064895981,-0.17035342913666351,-0.7100342717693685,-0.7191962448342645,0.8392407595509394,0.7354966074387151,1,0.0,,0.0,0.0,3.0518043793392735e-05,0.001795729329581011,-0.27976420771706556,5CAc19iE...,,,,,False,2627691,1.0,26,5DCaForB...,,0.25898338269915466,0.25898338269915466,0.007004425453990539,,COUNTER,36084.978602376,226655.597762527,209.0158085580042,DIVERGENT,0.44391041744849247,0.0,1295.967040512703,3211.260531444,0.0010255025599410258,3211.260531444,0.0010255025599410258,0.0,NEITHER,True,True,0.010255025599410257,,,13074.455351425002,0.004175272389590853,30.0
85,51,28,89,62,Ridges,2026-10-02,9196710,0.010403588,0.01041999226436019,-0.0015743067695258624,IN BAND,False,False,0.001550321,29672.267708823,2783798.694154414,1.0,2852118.506115939,4396780.420459211,-0.02595581615076601,1205.9959748140536,ACCUMULATING_PRE_EMA,0.0,,,,0.1373081298666138,-1.3468886200383714,-0.019154065695897993,-2.0397521118736845,-0.712017557531211,-0.692863491835313,0.9440337785625199,0.8301716217019268,1,0.06115486324609593,MINER_BURN_ONLY,506.60552800798905,505.92985851840336,0.0002288853284504455,0.010658912862891485,0.024542000595514275,5DhsVYew...,1447.448391213,0.0,,,False,4474225,0.15914224664224663,39,5DyBQppB...,,18.33778225378434,18.33778225378434,0.0,,COUNTER,193544.532858102,170981.9854291,0.0,DIVERGENT,0.32437678148401394,0.39038790548118435,1295.967040512703,147832.854267886,0.0531047214650665,147832.854267886,0.0531047214650665,0.0,FORTRESS,True,True,0.531047214650668,,,14894.172185800007,0.0053503050407616316,30.0
86,121,121,90,92,Available,2026-10-02,9196710,0.001340596,0.0014240900054574013,-0.05862972504366665,IN BAND,False,True,0.0,585.326888826,587139.984077877,1.0,436616.818820087,81517.913728965,-2.6195570558567144e-05,12175.279506453662,ACCUMULATING_PRE_EMA,0.0,,,,,-6.545870666682688,-0.7133283213646109,-6.545870666682688,-0.7133283213646109,,4.475934310839624,-3.1685499279724016,1,0.3075017159538887,MINER_BURN_ONLY,2214.0123548679985,2214.0123548679985,0.0,0.000996911988110085,-0.25636658015533026,5E9LPDS2...,773307.008186912,,,ENTRY_REPEATED,True,8352006,1.0,1,5E2LP6En...,0.0,3.004118267009655,3.004118267009655,0.9743339335306863,,COUNTER,233189.127320904,0.041020142,0.0,DIVERGENT,-0.9249019521637437,1.7083863135841044,1295.967040512703,45958.176702902,0.07827464991177675,45958.176702902,0.07827464991177675,0.0,FORTRESS,False,True,0.7827464991177843,,,43854.529858170004,0.07469177887287817,30.0
87,122,122,91,35,SN35,2026-10-02,9196710,0.002985894,0.003175972495228052,-0.05984891100714765,IN BAND,False,True,0.0,462.74658363,116433.459544449,1.0,154977.554161688,8589.711793578,,-1187.4198642348929,,,,,,,-20.63249533922743,-0.728161750586963,-20.63249533922743,-0.728161750586963,,22.570831531435765,27.705389537493833,1,0.0,,0.0,0.0,0.0,0.0039743436761264005,0.3310397743946707,5FjUeckL...,794060.331474304,7.1818043148585815,BUYBACK_GAMING,,True,9046691,1.0,1,5E2LP6En...,0.0,0.979347293031557,0.979347293031557,0.27071856927044385,,COUNTER,0.0,0.11136414,0.0,DIVERGENT,1.0,0.0,1295.967040512703,0.0,0.0,0.0,0.0,0.0,NEITHER,False,,,,,27366.717624428995,0.23504169447083745,30.0
88,54,56,92,128,ByteLeap,2026-10-02,9196710,0.002783188,0.002783865435048938,-0.00024334331696103728,IN BAND,False,True,7.7727e-05,4023.42053919,3012439.849573877,1.0,1445615.793649742,91650.169833304,-0.00022424396803000932,728.2546781003475,ACCUMULATING_PRE_EMA,0.0,,,,0.05076937745143668,-0.3141171870440176,-0.0029606770230259536,-1.0519949246522051,-0.7408384146312135,-0.7378777376081875,0.8723825640441392,0.7886471150596243,1,0.0,,0.0,0.0,6.103608758678547e-05,0.001335601950611273,-0.5201179544424333,5GgMeLFN...,959324.176933384,,,,False,5856038,1.0,96,5HQTcjYx...,,4.712592739728406,4.712592739728406,0.0,,COUNTER,186014.794503201,289.843039317,0.0,DIVERGENT,1.0,0.0,1295.967040512703,3774.578586624,0.0012529971634646683,3774.573941721,0.0012529956215573666,0.0046449029996438185,NEITHER,True,True,0.012529956215573667,,,14356.239300227997,0.004765651769697161,30.0
89,55,10,93,97,Albedo,2026-10-02,9196710,0.016239501,0.016261263052001595,-0.0013382756266842922,IN BAND,False,False,0.005586485,11613.052264603,1166874.512223399,1.0,715111.718842987,540420.097883439,-0.0002017478056674679,2983.8249480692903,ACCUMULATING_PRE_EMA,0.0,,,,1.2642053308197947,-2.850571819638679,-0.01628235345799222,-3.597611830906969,-0.7633223647262822,-0.74704001126829,2.252170196941338,2.0112453420880847,1,0.0,,0.0,0.0,7.629510948348184e-05,0.009952271767831426,-0.38715655315816505,5GnW8owm...,1391935.629056398,1.4772768183092935,BUYBACK_GAMING,,False,7735450,0.0,28,5E2LP6En...,0.0,0.6284012535669444,0.6284012535669444,0.17314676351207006,,COUNTER,70872.776437572,4583.298014649,0.0,DIVERGENT,1.0,0.0,1295.967040512703,9185.042071605,0.007871490871887788,9185.042071605,0.007871490871887788,0.0,DORMITORY,False,True,0.07871490871888608,,,31557.723271213,0.02704465899343532,30.0
90,56,72,94,13,Data Universe,2026-10-02,9196710,0.004715006,0.004717412870377302,-0.0005102098212382631,IN BAND,False,True,5.059e-06,18347.277852262,2280079.078754178,1.0,3891251.892520616,972100.652019437,-0.0029832593986156373,2299.155454645399,ACCUMULATING_PRE_EMA,0.0,,,,0.0007246334909764764,-3.6798629309810553,-0.006207552825065534,-4.437282838681615,-0.7636274605256255,-0.7574199077005599,1.1525916028473557,0.7581445411915364,1,0.287551460485722,MINER_BURN_ONLY,2078.402960792999,2072.5922031825617,0.0019684138246738314,0.008046772598030612,0.7066304047185967,5HBswBt1...,14873.717518569,,,,False,1907637,0.7059444087698377,3,5HEU7ksV...,0.179995422293431,0.6612613863776754,0.5422373638902861,0.04217915458568595,,COUNTER,699753.033791925,0.0,0.0,DIVERGENT,-0.9121418565134081,1.5992630509820793,1295.967040512703,93697.039216446,0.04109376735636798,93697.039216446,0.04109376735636798,0.0,FORTRESS,True,True,0.4109376735636797,,,10256.393370464999,0.004498262128728023,30.0
91,57,68,95,47,GPUForge,2026-10-02,9196710,0.001971836,0.0019851902034133673,-0.006726913819343874,IN BAND,False,True,2.0626e-05,1059.580975377,1574188.308054982,1.0,537357.468116602,54590.439144289,1.9567391779975152e-05,3540.639152895543,,0.0,,,0.009923437740245717,0.05115713594302102,-1.082710157315054,-0.08184411813535046,-1.8590896053308437,-0.8582235661511403,-0.7763794480157898,1.669431786878836,0.8275365839588109,1,0.0,,0.0,0.0,0.0,0.0006730967127345681,-0.658644677988145,5D7yqC9y...,1032829.253419119,,,ENTRY_REPEATED,False,7340355,1.0,14,5GEjD3RL...,0.179995422293431,0.9519821529259286,0.7806297232942164,0.012803296200213643,,COUNTER,682725.854146639,52.790049364,0.0,DIVERGENT,1.0,0.0,1295.967040512703,76224.27380732,0.04842131873123892,1082.01056104,0.000687345062533782,75142.26324628,NEITHER,False,False,0.5802532420753174,,,22134.993049208006,0.0140612104256811,30.0
92,59,7,96,4,Targon,2026-10-02,9196710,0.051545602,0.05153187643736601,0.0002663509187498096,IN BAND,False,False,0.006927904,133102.042931966,3773839.142614901,1.0,2582219.231995948,2340917.764472013,-0.0046476622979413,-2604.134410089813,,0.0,,,,0.13678626797115442,-2.3007032007815957,0.0032406028447893504,-3.1897691921585096,-0.8858253885321248,-0.8890659913769141,0.6963730834004369,1.0258522593480686,1,5.839583842844645e-07,MINER_BURN_ONLY,0.09485886502079666,0.004769599742701303,3.0518043793392735e-05,0.03526966516112271,-0.31575801246588003,5CXGPMnq...,,,,,False,1411451,3.051897517281077e-05,50,5E7vw1mZ...,,0.28352799899818165,0.28352799899818165,0.04146129312844302,,COUNTER,561137.408833153,0.0,0.0,DIVERGENT,0.9995134248092451,3.6803403123696577e-06,1295.967040512703,183019.057563734,0.04849678289067714,183019.057563734,0.04849678289067714,0.0,DORMITORY,True,True,0.4849678289067713,,,16482.087537444,0.004367458949515142,30.0
93,58,4,7,64,Chutes,2026-10-02,9196710,0.070398559,0.0704680064227432,-0.0009855170632553612,IN BAND,False,False,0.009483117,202992.508010826,3456043.765746631,1.0,2883475.36105203,5071878.314745992,0.006078987608972017,-1443.262780203484,DISTRIBUTING_PRE_EMA,0.0,,0.08635102330676991,0.08635102330676991,0.12277118855377106,2.1039700420831493,-0.011990457602940228,1.229356018606244,-0.8866044810798456,-0.8746140234769053,0.7604070371001961,0.9973852120306763,1,0.0,,0.0,0.0,0.00016784924086366004,0.05873551429606165,-0.16567163972686358,5FRYKhbm...,725206.885982688,0.47776524223926403,BUYBACK_GAMING,,False,4531295,0.41720590928514734,194,5FEm1mew...,,13.426662134472513,13.426662134472513,0.0,,COUNTER,274207.517615115,0.0,0.0,DIVERGENT,1.0,0.0,1295.967040512703,790709.518282231,0.22879036605932823,790709.138471436,0.22879025616176304,0.3798107949551195,DORMITORY,True,True,2.2879025616176314,0,,13571.897843930003,0.003927004043884837,30.0
94,60,16,1,9,iota,2026-10-02,9196710,0.024245198,0.024170564021915197,0.003087804571590958,IN BAND,False,False,0.003322843,53041.315418337,4026469.464934973,1.0,2187703.908676203,1136826.903976346,0.01301328860220348,-4050.5298630059697,DISTRIBUTING_PRE_EMA,0.0,,0.5367367427646282,0.5367367427646282,0.16463451811342325,-1.0248667510783347,0.037568288954356654,-1.9551094716074606,-0.8926744315747692,-0.9302427205291259,0.6526809709812221,1.0948772386425492,1,0.054447086846150995,,445.83596488507465,445.74587561979655,3.0518043793392735e-05,0.013173157248615472,-0.45666943002010246,5Fsbubec...,14958.065531308,0.11805545700874973,,,False,1489797,0.35997131216333755,209,5Fsbubec...,0.179995422293431,16.960446893236448,13.907644092403043,0.0,,COUNTER,1206840.730597849,46681.104420658,0.0,DIVERGENT,-0.5617771012880519,0.3439484660377266,1295.967040512703,566487.003304132,0.14069074861673656,566487.003304132,0.14069074861673656,0.0,FORTRESS,True,True,1.4069074861673654,0,,15389.579604068002,0.003822102648012144,30.0
95,63,34,97,11,TrajectoryRL,2026-10-02,9196710,0.007664048,0.007662544958293438,0.0001961543736112037,IN BAND,False,False,0.001073293,20195.207334881,3425316.059106986,1.0,2635057.342848538,1019597.772475283,-0.004553696919034271,-4802.404603767209,,0.0,,,,0.1396674942340531,-2.040601618763264,0.0023865448789363113,-2.9918363654497333,-0.948848201807533,-0.9512347466864693,0.7672284702057963,1.0909022409205225,1,0.0,,0.0,0.0,0.0,0.00589586682991995,-0.2307111294292585,5D2Jhtbn...,2055584.43039016,0.0,,,False,2918568,0.0,189,5GgqDcxk...,0.0,0.3578313339740009,0.3578313339740009,0.15717512055179148,,COUNTER,1146672.996281127,61754.263369892,2608.0,OK,0.0698665099282596,0.0,1295.967040512703,46180.459268605,0.013482101643094713,46180.459268605,0.013482101643094713,0.0,DORMITORY,True,True,0.1348210164309471,,,12490.245935569004,0.003646450639893749,30.0
96,61,88,98,101,Tag101,2026-10-02,9196710,0.003735573,0.003736886428669095,-0.00035147674251448326,IN BAND,False,True,1.8e-08,3595.47051157,2570316.390660646,1.0,962494.954226179,167129.104655807,0.0003527464605012477,369.3023208985105,,0.0,,,0.09442901008794305,1.3156553460187944e-05,-2.1239317203463863,-0.004276300367259546,-3.0694688726057637,-0.949813452626637,-0.9455371522593774,1.0224422213346769,0.9455503088128376,1,0.37170256891262327,MINER_BURN_ONLY,2683.028569682967,2676.27187478711,0.002288853284504455,0.0013988435527370463,-0.6255344085801438,5H8dNvi1...,1422541.262341765,,,,False,5481350,0.9102699395885907,0,5H6Dezn7...,0.179995422293431,1.1445113994522895,0.938504586788229,0.6028841751869373,,COUNTER,942280.095083616,6970.543419914,0.0,DIVERGENT,-0.9294038736899327,2.0650771131712875,1295.967040512703,13574.61335476,0.00528130054497724,13574.61335476,0.00528130054497724,0.0,FORTRESS,True,True,0.05281300544977239,,,15263.856175506004,0.0059385125624875894,30.0
97,64,57,99,125,Refinery,2026-10-02,9196710,0.002758719,0.002759607508778572,-0.00032196925676766124,IN BAND,False,True,7.5131e-05,5453.369411256,2535076.229856154,1.0,1976775.82546289,243543.792064039,-0.00024021262101779379,348.1396895884536,ACCUMULATING_PRE_EMA,0.0,,,,0.036205922084146025,-2.2442896003912005,-0.0039172926240065445,-3.1999262968991053,-0.9595539891319114,-0.9556366965079048,1.036655217326194,0.9918426185920509,1,0.0,,0.0,0.0,0.0,0.0021511658493856955,-0.22023016864505035,5DTzv2rL...,27150.50945448,,,,False,5834408,1.0,12,5E2LP6En...,0.0,0.5224156546414732,0.5224156546414732,0.11228444987028842,,COUNTER,1305773.13013795,0.0,0.0,DIVERGENT,1.0,0.0,1295.967040512703,226023.662897553,0.08915852716207201,226023.662897553,0.08915852716207201,0.0,DORMITORY,True,True,0.89158527162072,,,13070.817511837999,0.005155985984918358,30.0
98,62,74,100,123,MANTIS,2026-10-02,9196710,0.002265973,0.0022678514942526817,-0.0008283144894814322,IN BAND,False,True,2.846e-06,5591.620874601,2015704.784594431,1.0,2467645.916990737,552083.535972708,-0.0026115959502149458,1793.166740840301,ACCUMULATING_PRE_EMA,0.0,,,,0.001337588539661802,-2.4030579855733665,-0.010077826288690759,-3.3536267686677843,-0.9606466093831088,-0.950568783094418,1.3037623465922197,0.9519063716340798,1,0.19061205130046208,MINER_BURN_ONLY,1379.4008578010253,1374.1306357822566,0.001785305561913475,0.00277402768368487,0.22421038718681552,5HVuEdEG...,1674215.009363129,,,,False,5794330,0.49351860344247767,158,5Dszzjqs...,0.179995422293431,4.71129447165148,3.863283033677865,0.0,,COUNTER,325537.953275168,8560.983387542,0.0,DIVERGENT,-0.8744915946268033,1.0603129499640909,1295.967040512703,350656.879907587,0.17396241879643143,350656.879907587,0.17396241879643143,0.0,FORTRESS,True,True,1.7396241879643144,0,,13709.960628092997,0.006801571704782902,30.0
99,65,66,101,98,NeverPlayAlone,2026-10-02,9196710,0.002128158,0.0021270608995109797,0.0005157823592509089,IN BAND,False,True,2.7092e-05,4539.091146492,2824661.128472091,1.0,2132872.336186036,207922.345962787,-0.001032365332540136,-495.64239906845614,,0.0,,,,0.01568546955815695,-0.2033981739358599,0.0062753520375527245,-1.1739872854145716,-0.964313759441159,-0.9705891114787117,0.9303770896658076,0.9862745810368687,1,0.0,,0.0,0.0,0.0,0.001606950688965396,-0.24491006355477546,5EWzZCNs...,1524432.085752973,3.5370283158761433,BUYBACK_GAMING,,False,5445992,1.0,153,5E2LP6En...,0.0,0.4426341332969407,0.4426341332969407,0.2054384813757954,,COUNTER,1255490.393926426,0.181595662,0.0,DIVERGENT,1.0,0.0,1295.967040512703,400279.378151795,0.1417088138881683,400279.378151795,0.1417088138881683,0.0,DORMITORY,True,True,1.4170881388816856,0,,13562.578151241996,0.004801488580181734,30.0
100,123,123,102,76,Ormas,2026-10-02,9196710,0.005429475,0.005908551160246134,-0.08108183330449105,IN BAND,False,True,0.0,484.70520401,97012.652482209,1.0,89272.939635811,9560.717284498,,3919.5910243126273,,,,,,,-7.733176449296831,-0.9864956385379744,-7.733176449296831,-0.9864956385379744,,27.089250038616818,12.078167849428299,1,0.3895021735381943,MINER_BURN_ONLY,2804.4156494749986,2804.4156494749986,0.0,0.00499630915770383,-0.07978042854901618,5CLWmDjL...,514768.527879932,,,,True,9003844,1.0,0,5CqaQ34d...,0.179995422293431,3.127690829648069,2.5647207979622735,0.49426234511383754,,COUNTER,24007.683970295,0.0,0.0,DIVERGENT,-0.938311569459261,2.1639559971876534,1295.967040512703,0.0,0.0,0.0,0.0,0.0,EXPOSED,False,,,,,22066.111090352002,0.22745601244537328,30.0
101,66,52,103,79,MVTRX,2026-10-02,9196710,0.003099922,0.0030963330063968897,0.001159110985703343,IN BAND,False,False,0.000117186,6993.243866255,2996991.009706881,1.0,2255941.516455435,490057.317225766,-0.0051205686723918425,-2784.739455784671,,0.0,,,,0.04403747586810816,0.5291117360009882,0.014102516992724006,-0.5054366359832655,-1.0204458549915296,-1.0345483719842536,0.8768795073085756,1.0785858478523618,1,0.0,,0.0,0.0,0.003524834058136861,0.002333421703169864,-0.24726438175868173,5Fxp7QBG...,3329613.565082363,1.263863896558937,BUYBACK_GAMING,,False,5173967,0.0,0,5EWwdZB7...,0.179995422293431,0.32360693071604146,0.2653591645647265,1.0,,COUNTER,444229.939659843,37317.847662374,0.0,DIVERGENT,1.0,0.0,1295.967040512703,1355085.827207694,0.4521487794987505,1355085.827207694,0.4521487794987505,0.0,DORMITORY,True,True,4.521487794987504,0,,12774.925741386,0.004262583938360044,30.0
102,67,24,104,34,BitMind,2026-10-02,9196710,0.011866973,0.01186275971122086,0.00035516936039373906,IN BAND,False,False,0.001729429,34991.1157581,2836509.506648076,1.0,2948613.444689274,639037.624883851,-0.0033068888932364145,-1463.0727737764828,,0.0,,,,0.12988838205160416,1.0757611857762084,0.004321227218123825,0.009814016032114736,-1.0616259425259698,-1.0659471697440936,0.9264908133889974,1.1958355517956978,1,0.0,,0.0,0.0,0.0007934691386282111,0.012335976902629617,0.039521780544172276,5DthmKBR...,3028070.064764129,1.4857839777752644,BUYBACK_GAMING,,False,3493948,0.4017378556266512,128,5D4YQmRt...,,10.801503392871105,10.801503392871105,0.0,,COUNTER,360192.773797759,70194.435210903,0.0,DIVERGENT,1.0,0.0,1295.967040512703,132076.184473912,0.04656292678179224,132076.184473912,0.04656292678179224,0.0,DORMITORY,True,True,0.4656292678179226,,,12509.410424745998,0.0044101422524504275,30.0
103,69,50,2,96,Verathos,2026-10-02,9196710,0.004535813,0.004568283446133137,-0.00710780023087709,IN BAND,False,False,0.000129858,2655.746673273,876544.714135158,1.0,585506.262244778,100677.074010925,0.0007914143622985852,3520.5968760438263,,0.0,,0.17448125888315616,0.17448125888315616,0.12850127138798798,-1.725648995594485,-0.08647823614233792,-3.1461421999701322,-1.506971440517985,-1.420493204375647,2.9981356998917206,1.5489944757636351,1,0.12226635950416655,MINER_BURN_ONLY,907.3227330959635,905.5209477904016,0.0006103608758678547,0.0030297903009925626,-0.33202927435664503,5CGq1JQh...,720617.810107444,,,,False,7692872,0.34567524238491487,38,5HHTmtVG...,,6.429783033865264,6.429783033865264,0.0,,COUNTER,278275.871388105,7897.141864024,0.0,DIVERGENT,-0.8000948637647057,0.6987222047191606,1295.967040512703,210749.561821896,0.24043218608628752,210749.561821896,0.24043218608628752,0.0,FORTRESS,False,True,2.4043218608628774,0,,31649.105485014992,0.03610666401227638,30.0
104,124,124,105,36,Epago,2026-10-02,9196710,0.003075277,0.0035460698418319225,-0.13276468395464766,IN BAND,False,True,0.0,383.940229912,134572.635312244,1.0,124847.332689073,19061.83898668,,6974.970843594594,,,,,,,-25.17228889440566,-1.6153036547815465,-25.17228889440566,-1.6153036547815465,,19.528487302803775,0.14123249402878651,1,0.0,,0.0,0.0,0.0,0.0028530334493424864,-0.07226781543825597,5DCjvVt6...,652946.201825495,,,,True,8884359,1.0,1,5E2LP6En...,0.0,0.9957635489579993,0.9957635489579993,0.38785039598370286,,COUNTER,34545.255833249,0.0,0.0,DIVERGENT,1.0,0.0,1295.967040512703,53980.009289784,0.40112173745082824,53980.009289784,0.40112173745082824,0.0,DORMITORY,False,True,4.011217374508355,0,,28373.72820865699,0.21084322338506978,30.0
105,70,44,106,48,Quantum Compute,2026-10-02,9196710,0.004031841,0.0039827292785048485,0.012331172434996361,IN BAND,False,False,0.000302267,10532.540623669,3356800.376318176,1.0,2612340.126647023,693118.660880307,-0.0027008449742481964,-10238.819508680142,,0.0,,,,0.0754193792725469,0.5704558469370952,0.15002926462578905,-1.3000864063729467,-1.7205129886842527,-1.8705422533100418,0.7828883774382965,1.9459616325825886,1,0.0,,0.0,0.0,4.57770656900891e-05,0.003137672617643519,-0.22177669763179683,5GNH5YMk...,37773.690022084,0.08957649650026968,,,False,3856677,0.9900048831105415,146,5FH19r4S...,,18.435621506627037,18.435621506627037,0.0,,COUNTER,695492.461656953,0.0,0.0,DIVERGENT,1.0,0.0,1295.967040512703,101862.559282014,0.030345134611114245,101862.559282014,0.030345134611114245,0.0,DORMITORY,True,True,0.30345134611114244,,,10371.134609296996,0.003089589325139531,30.0
106,72,17,6,68,NOVA,2026-10-02,9196710,0.02153167,0.021258809603750706,0.012835168164879403,IN BAND,False,False,0.003077875,44542.579800775,3848512.421576868,1.0,2068700.66542576,1711836.810548308,0.0020257665134935203,-18029.604552530684,DISTRIBUTING_PRE_EMA,0.0,,0.09408311169052472,0.09408311169052472,0.1815937814149522,1.9720318690281677,0.1561612126726994,-0.2863129986642099,-2.102183655019678,-2.2583448676923776,0.6828612492624405,2.43993864910733,1,0.0,,0.0,0.0,0.0,0.01157397324510242,-0.4624674609492705,5EcdJLAe...,2554003.49756196,0.3432460120066151,BUYBACK_GAMING,,False,4972413,0.0,39,5EvbeQ75...,,0.1685276827416074,0.1685276827416074,0.041464456856820195,,COUNTER,682309.357738917,6247.123951755,0.0,DIVERGENT,1.0,0.0,1295.967040512703,538670.22415452,0.13996842549719724,538670.22415452,0.13996842549719724,0.0,DORMITORY,True,True,1.3996842549719728,0,,32254.62539951899,0.008381063087826325,30.0
107,74,49,107,66,conjectures,2026-10-02,9196710,0.003410422,0.0033607911318540573,0.014767614587986274,IN BAND,False,False,0.000160223,7178.116074014,3805183.01475977,1.0,2104758.747893854,1423537.246220157,-0.005772511456838813,-17685.138587095775,,0.0,,,,0.05865968725754249,3.972704024236366,0.179672644153833,1.6183754958141416,-2.1746558842683914,-2.3543285284222244,0.6906369522323519,2.412988215679767,1,0.0,,0.0,0.0,0.0003204394598306237,0.0018864049498200472,-0.44687051930228955,5CJCRGep...,1198488.411870459,0.0,,,False,4958013,0.8011264767835883,53,5GP7c3fF...,0.0009918364232852674,0.2963028836590925,0.296008999666755,0.0365781080709893,,COUNTER,876389.726869251,0.0,0.0,DIVERGENT,1.0,0.0,1295.967040512703,392806.591766313,0.10322935591866973,392806.591766313,0.10322935591866973,0.0,DORMITORY,True,True,1.0322935591866973,0,,19737.936594831997,0.0051871188634741916,30.0
108,73,67,108,106,Nodexo,2026-10-02,9196710,0.002132604,0.0021229444537311792,0.004550070187584898,IN BAND,False,True,2.6885e-05,5627.646056137,2330464.688631149,1.0,2638860.745574269,365864.571733469,-0.0008091572467977437,-7306.763078715187,,0.0,,,,0.012554766112725123,-4.754674983864041,0.05535918728228292,-7.014573721539287,-2.204539550392963,-2.2598987376752455,1.1276720959645241,2.2724535037879705,1,0.0,,0.0,0.0,7.629510948348184e-05,0.0024148171322186072,0.13233264695114846,5CTdHCps...,971604.52964478,0.0,,,False,5558480,0.3440256371127728,31,5E4vCZrj...,0.0,0.4630949752868604,0.4630949752868604,0.03538999191173104,,COUNTER,838637.534343767,0.0,0.0,DIVERGENT,1.0,0.0,1295.967040512703,340608.781592004,0.14615487771757155,340608.781592004,0.14615487771757155,0.0,DORMITORY,True,True,1.4615487771757163,0,,13808.90533150101,0.005925387069311049,30.0
109,71,51,109,100,Cortex,2026-10-02,9196710,0.003693193,0.003687333781272173,0.0015890122986928431,IN BAND,False,False,0.000129227,2439.825091457,2009579.802340839,1.0,660627.543342681,406705.229646502,-0.001453934361040321,-5633.266599251772,,0.0,,,,0.1391938123716871,-3.1297100985560204,0.01933298296742959,-5.372632910653692,-2.223589829130242,-2.2429228120976714,1.3077360734511763,2.3821166244693583,1,0.014696379302842856,,110.0569751659641,109.51643957429553,0.0001831082627603564,0.001214097140414625,-0.6712608465318154,5FX6kmhY...,1255311.149188786,0.18546533339164858,,,False,6693448,0.13857729346946868,0,5ExuWpCM...,0.179995422293431,0.6191928992139503,0.5077410118388415,0.5828386565137111,,COUNTER,765018.958957115,1077.059572996,0.0,DIVERGENT,-0.5007984047202882,0.08450557471814195,1295.967040512703,304768.90129009,0.1516580236998217,304768.90129009,0.1516580236998217,0.0,DORMITORY,False,True,1.5165802369982215,0,,23368.913321887983,0.011628756068640288,30.0
110,75,71,110,46,Instant,2026-10-02,9196710,0.00349601,0.0034509259276092052,0.013064340799116725,IN BAND,False,True,9.502e-06,8415.68388578,3484924.056809007,1.0,2407225.331181125,1479762.447223967,-0.006844200137852545,-16417.029516997747,,0.0,,,,0.0029672283725145606,-1.4921769405900152,0.1589494797225868,-3.958596022888515,-2.307469602575913,-2.4664190822984997,0.7541053857013874,2.4693863106710143,1,0.2791190011110061,MINER_BURN_ONLY,2015.2092127969954,2015.1191235317174,3.0518043793392735e-05,0.002414883007087929,-0.3092459669486275,5Ft9E2ov...,673725.289018555,0.0,,,False,3919107,0.5268643278958693,238,5CDnZ6oe...,0.179995422293431,1.1854625552780815,0.9720847220277534,0.2144056157485121,,COUNTER,1068279.601041247,28041.129768459,0.0,DIVERGENT,-0.8918587614572873,1.5549154110697965,1295.967040512703,170266.743923311,0.048858093073975574,170266.743923311,0.048858093073975574,0.0,FORTRESS,True,True,0.4885809307397563,,,11236.722788370002,0.0032243809636009623,30.0
111,76,86,111,22,Desearch,2026-10-02,9196710,0.003052324,0.0029693369287997484,0.027948014385082313,IN BAND,False,True,1.53e-07,7582.537605389,3694909.00530076,1.0,2484184.695815812,273295.895345864,-0.0015173520545156394,-20966.044377064332,,0.0,,,,5.30276301846804e-05,1.0853602107345723,0.34003417501850147,-1.6851360313645933,-2.430462067080664,-2.7704962420991657,0.7112489093046244,2.7705492697293503,1,0.3285440728866471,SKIN_IN_GAME,2369.870120194042,2365.6359247259716,0.0014343480582894585,0.002052158143681212,-0.3276735550743591,5DFuaMas...,1936257.610471894,0.5685521627506793,BUYBACK_GAMING,,False,2009702,0.8056417230788038,131,5E2LP6En...,0.0,0.4009011788464599,0.4009011788464599,0.1298184037845262,,COUNTER,1267549.43924877,0.0,0.0,DIVERGENT,-0.8601835547224604,1.8253827842643993,1295.967040512703,763677.586285475,0.2066837329931249,763677.586285475,0.2066837329931249,0.0,FORTRESS,True,True,2.066837329931249,0,,10514.978588962,0.0028458017704568878,30.0
112,77,8,112,38,ChronoLLM,2026-10-02,9196710,0.022080911,0.021345780696719885,0.03443913875649819,IN BAND,False,False,0.006427616,8941.161385911,1998537.152490083,1.0,404927.322998341,276961.036043423,-0.0014355570088288021,-17922.751964049006,,0.0,,,,1.8892148479298392,-0.961536346364056,0.4190095215373946,-4.0644557692754395,-2.6839099013739887,-3.1029194229113832,1.314961794293209,4.992134270841222,1,0.0,,0.0,0.0,6.103608758678547e-05,0.004473852975297825,-0.7973882067049758,5GeWgtBA...,1972861.746693451,0.15586573041769936,,,False,7284230,0.5203186278249988,10,5HbScNss...,0.0899977111467155,0.5364164066269619,0.48814015780898945,0.012116218030885674,,COUNTER,485297.062238849,10641.406258159,0.0,DIVERGENT,1.0,0.0,1295.967040512703,26078.342509653,0.013048715395238272,26078.342509653,0.013048715395238272,0.0,DORMITORY,False,True,0.13048715395238727,,,26626.725368225005,0.013323107521443554,30.0
113,79,20,113,75,Hippius,2026-10-02,9196710,0.016534569,0.016129379393532872,0.02512121493214977,IN BAND,False,False,0.0024363,32745.950768335,3730617.419535273,1.0,1980453.79950223,1577416.063995195,-0.01292806119265099,-27732.881744805258,,0.0,,,,0.19552330134787982,-0.7767497257307627,0.30564144834115553,-4.092906909546027,-3.0105157354741094,-3.316157183815265,0.7044410360168674,3.5116804851631445,1,0.0,,0.0,0.0,0.002487220569161508,0.008777622330518736,-0.46913509928690994,5DAQpczE...,1543646.910375541,0.0,,,False,5102795,0.0,0,5G1Qj93F...,0.0,0.2942574221495841,0.2942574221495841,0.4107889516252098,,COUNTER,784604.879643725,0.0,0.0,DIVERGENT,1.0,0.0,1295.967040512703,553128.854343567,0.14826737564863213,552609.767120331,0.14812823320520765,519.0872232360998,DORMITORY,True,True,1.4812823320520767,0,,44166.861032737,0.011839021820210904,30.0
114,78,69,114,81,Reliquary,2026-10-02,9196710,0.006039902,0.006030078744515777,0.001629042654402676,IN BAND,False,True,1.0932e-05,17830.547242827,2609829.547084354,1.0,2952125.222886384,947217.59192431,-0.010295262693937652,-15866.726849136408,,0.0,,,,0.0016112402838088676,0.41522428200826883,0.019820018961899222,-2.814489663240711,-3.2098939262870805,-3.22971394524898,1.006962314046887,3.2313251855327887,1,0.3003258821471705,SKIN_IN_GAME,2167.5217118759174,2166.260462162024,0.0004272526131074983,0.006832073482632959,0.13115634701241166,5GnpQR4N...,90792.230756386,0.21258617320514409,BUYBACK_JUSTIFIED,,False,5203057,0.7198009373044102,237,5H47sFL6...,0.179995422293431,8.966241815032634,7.352359333150815,0.03602819996337667,,COUNTER,890729.551374703,0.0,0.0,DIVERGENT,-0.9179693911483421,1.6715397802902614,1295.967040512703,461160.966632168,0.17670156549011687,457310.148242611,0.1752260597836775,3850.818389557011,FORTRESS,True,True,1.7522605978367765,0,,13969.058215874005,0.005352479142356228,30.0
115,80,42,115,50,Synth,2026-10-02,9196710,0.004058314,0.00399774918332696,0.015149728983907445,IN BAND,False,False,0.000306471,10269.650935748,3332197.528655493,1.0,2530521.169667135,1232974.929038443,-0.0056701551055483215,-26297.530520660337,,0.0,,,,0.07842581924536829,1.855053273412642,0.18432170263754058,-1.7910021624214594,-3.4617337331965605,-3.6460554358341013,0.7886687320905524,3.7244812550794695,1,0.0,,0.005140936002135277,0.0,0.0018921187151903496,0.0030819454271342962,-0.24058477802991687,5DxyiWpG...,2242725.1364910128,0.4485843302158229,BUYBACK_GAMING,,False,4763204,0.1240311262631667,220,5Ff9fYuf...,,12.516364199853669,12.516364199853669,0.0,,COUNTER,467621.664264373,0.0,0.0,DIVERGENT,0.9999865744598632,0.0,1295.967040512703,212500.00519846,0.06377173122873107,212500.00519846,0.06377173122873107,0.0,DORMITORY,True,True,0.6377173122873107,,,27975.957477121003,0.008395647988013786,30.0
116,81,70,116,74,Gittensor,2026-10-02,9196710,0.003346259,0.003312866436317563,0.010079658906971968,IN BAND,False,True,9.681e-06,6068.139042784,3491237.16122951,1.0,1813409.725633716,361799.068084294,-0.0012658894502273344,-35789.62532126624,,0.0,,,,0.00419266398159651,1.4873621163611297,0.1226358500348256,-2.8652169995676013,-4.229943265893906,-4.352579115928731,0.752741758475811,4.356771779910328,1,0.0,,0.0,0.0,0.00012207217517357094,0.0017381056521084295,-0.48058244980187437,5D1VXeeS...,216.588029224,0.0,,,False,5086205,0.790239138065225,195,5E2LP6En...,0.0,0.2921193324155179,0.2921193324155179,0.07234854265222036,,COUNTER,531791.422968235,189624.465773838,1604.558234245982,OK,0.12290570522921707,0.0,1295.967040512703,378229.609193408,0.10833684213541275,378229.609193408,0.10833684213541275,0.0,DORMITORY,True,True,1.0833684213541275,0,,17523.435545454005,0.005019262437984239,30.0
117,82,41,117,102,ConnitoAI,2026-10-02,9196710,0.005766816,0.005690690828487277,0.013377140633197782,IN BAND,False,False,0.000342739,3444.149510297,1052062.079669828,1.0,597235.856434814,241286.830029656,-9.995717380745074e-05,-7105.00031108479,,0.0,,,,0.2615211939281719,-6.0455222407730975,0.16275521103723967,-10.798127234256594,-4.589849782446255,-4.752604993483495,2.497951452470137,5.014126187411668,1,0.0977785282667672,SKIN_IN_GAME,745.9367212620273,745.8466319967492,3.0518043793392735e-05,0.00327371319321564,-0.4323187711874907,5HBc11rC...,847373.090055618,1.1671529544750432,BUYBACK_GAMING,,False,7840965,0.2756779027360261,0,5EEinUEy...,0.179995422293431,0.9801407997682422,0.8037199426069362,0.49515511269131585,,COUNTER,157618.663518848,7309.092357836,0.0,DIVERGENT,-0.36144468479183517,0.5755135807324866,1295.967040512703,2002.340459168,0.0019032531424347135,2002.340459168,0.0019032531424347135,0.0,EXPOSED,False,True,0.019032531424347136,,,30097.71438267299,0.028608306452903094,30.0
118,84,13,118,8,Vanta,2026-10-02,9196710,0.029422069,0.029074816266074777,0.01194341971922984,IN BAND,False,False,0.004048998,81979.81141072,3398210.898390649,1.0,2786337.404179342,1441278.840912398,-0.008329727580013033,-44031.274392895866,,0.0,,,,0.12979740451816374,1.5696363219229885,0.14531160658396303,-3.9756070303339213,-5.399931745672947,-5.54524335225691,0.7733481171650025,5.675040756775074,1,0.0695335758374891,MINER_BURN_ONLY,574.0884671000531,569.5389592035093,0.0015411612115663331,0.02412440365297652,-0.18005753936011365,5F6tnxzA...,23484.20097874,0.023490323076688257,,,False,1477264,0.9667756823669652,174,5CM9pBQo...,,5.913696930876356,5.913696930876356,0.0,,COUNTER,799516.104097298,0.0,0.0,DIVERGENT,-0.6595193805658608,0.43947024993644246,1295.967040512703,607572.297592876,0.17879181597605223,607571.159893335,0.1787914811823696,1.1376995410537347,FORTRESS,True,True,1.787914811823696,0,,17430.786735809004,0.005129401104582418,30.0
119,83,73,119,70,SN70,2026-10-02,9196710,0.001296594,0.0013928578700870275,-0.06911248602918313,IN BAND,False,True,5.047e-06,261.202917015,271989.46493095,1.0,201453.135009025,15109.396855403,,3162.846863824321,,,,,,0.0507785906511845,-13.036686967978849,-0.840868580021728,-18.280087081394207,-6.084268693437088,-5.24340011341536,9.662138938606208,5.294178704066544,1,0.0,,0.0,0.0,0.0,0.0009603420378113234,-0.2593348127391278,5Cz1mjiJ...,630192.333765577,,,,True,8825571,1.0,1,5E2LP6En...,0.0,0.9514069509855646,0.9514069509855646,0.4435560167241432,,COUNTER,114390.63833428,0.0,0.0,DIVERGENT,1.0,0.0,1295.967040512703,0.0,0.0,0.0,0.0,0.0,NEITHER,False,,,,,49844.510803607984,0.18325897591754892,30.0
120,85,54,120,78,Umi,2026-10-02,9196710,0.004626777,0.004230583319440484,0.09364989426846104,IN BAND,False,True,9.5403e-05,1615.927927756,1129167.172860518,1.0,349255.708289641,183706.063648015,0.0001379181554245564,-22252.669985106913,DISTRIBUTING_PRE_EMA,0.0,,,0.02980868873182269,0.1551548677967139,5.2319900621189,1.1394070469329427,-4.369645676613567,-8.462228691799524,-9.601635738732467,2.3273790304605564,9.756790606529181,1,0.12236056591212953,SKIN_IN_GAME,903.8467144599999,899.162072665539,0.0015869382772564222,0.0014310794420832934,-0.6906962574415638,5GvYz1tB...,837346.130698184,0.6705243124434034,BUYBACK_GAMING,,False,7966145,0.30664363986489585,200,5E2LP6En...,0.0,1.5900772716658593,1.5900772716658593,0.9198113927334319,,COUNTER,90368.160230602,8107.779671713,0.0,DIVERGENT,-0.7750551432224063,0.6938155404861358,1295.967040512703,57329.231257837,0.05077125215445726,57329.231257837,0.05077125215445726,0.0,FORTRESS,False,True,0.5077125215445737,,,31266.08381510501,0.027689508308941242,30.0
121,86,11,121,44,Score,2026-10-02,9196710,0.0366283,0.03553491923958063,0.030769192214780867,IN BAND,False,False,0.005100578,66905.399864844,4273758.952950854,1.0,1826604.047149849,2322865.987274945,-0.0010141890605900883,-115129.03646564111,,0.0,,,,0.20034734133684493,2.3274550848158335,0.3743585052798339,-8.29417044254458,-10.24726702208058,-10.621625527360413,0.6149153541253127,10.821972868697259,1,0.2121128971613187,MINER_BURN_ONLY,1739.8810209439835,1739.8810209439835,0.0,0.015654930612932345,-0.5726001312391691,5CaCekux...,298472.312431356,0.005525149335750111,,,False,3550319,0.0,124,5FLoWCDo...,0.179995422293431,0.3995021988427213,0.32759363185487145,0.008560964443766216,,COUNTER,509954.845573839,2206.282255223,0.0,DIVERGENT,-0.8467020010897279,1.3425349307152608,1295.967040512703,245862.449528441,0.0575283847861104,245862.449528441,0.0575283847861104,0.0,FORTRESS,True,True,0.575283847861104,,,21055.327502379983,0.004926653031716295,30.0
122,87,35,122,85,Vidaio,2026-10-02,9196710,0.006544524,0.006167120765894651,0.061196018114719024,IN BAND,False,False,0.001025927,14412.198482012,3141759.201412004,1.0,2202176.540975941,1493591.516685248,-0.006693889346863315,-90636.4455340025,,0.0,,,,0.18707320464432078,20.184181710253878,0.7445515537290814,8.5252672835994,-10.914362872925397,-11.658914426654478,0.8364740362084069,11.845987631298799,1,0.0,,0.0,0.0,3.0518043793392735e-05,0.004587302068068969,-0.2990625341019501,5GTPBjA4...,3506469.090732425,0.688790494009569,BUYBACK_GAMING,,False,5258781,0.9000350968214488,0,5FR392L6...,0.179995422293431,0.3071682766294176,0.2518793929623601,0.999633777886288,,COUNTER,513164.203276716,0.0,0.0,DIVERGENT,1.0,0.0,1295.967040512703,140754.958455859,0.044801319716864164,140754.958455859,0.044801319716864164,0.0,DORMITORY,True,True,0.4480131971686426,,,32939.103898515015,0.010484286600867171,30.0
123,88,78,123,16,kenju,2026-10-02,9196710,0.001099389,0.0010738219134509563,0.023809428946070257,IN BAND,False,True,1.788e-06,352.790439827,552582.380005068,1.0,320896.854791813,81207.494896532,0.000900611716787907,-14005.778249659052,DISTRIBUTING_PRE_EMA,0.0,,,0.8191929487996578,0.013319136432110266,-0.659077644635314,0.28968138551052147,-15.096045364282066,-14.147286334136231,-14.436967719646752,4.7558519690329195,14.450286856078863,1,0.0,,0.0,0.0,0.0,0.000638439538777484,-0.4192778545378534,5FkKY8WJ...,607312.043101676,0.06467539777332161,,,True,8460646,1.0,1,5E2LP6En...,0.0,0.7483899855705717,0.7483899855705717,0.4676727755481971,,COUNTER,63578.799840379,0.04568655,0.0,DIVERGENT,1.0,0.0,1295.967040512703,7333.737256624,0.013271753718525622,0.0,0.0,7333.737256624,NEITHER,False,False,0.11587192881438296,,,50025.71937849003,0.09053078995756474,30.0
124,89,36,124,91,cascade,2026-10-02,9196710,0.005795591,0.005298185860738158,0.09388216124085576,IN BAND,False,False,0.00082494,3557.165698547,1231053.532315727,1.0,613771.026144188,191167.103306305,-0.00013977869327964234,-44399.430891542346,,0.0,,,,0.6094577828875226,1.728830624495401,1.142232961763745,-13.850649130406437,-14.437246793138094,-15.579479754901838,2.134756881820148,16.18893753778936,1,0.0,,0.0,0.0,1.5259021896585345e-05,0.0028895296631460355,-0.501426228464701,5HEe7NjS...,412384.147159083,0.0965813994258633,,,False,7633645,0.0,46,5GvF67op...,0.0,0.68661678559058,0.68661678559058,0.00598199298031436,,COUNTER,399376.775480423,9542.545852108,0.0,DIVERGENT,1.0,0.0,1295.967040512703,152159.491459508,0.1236010355888275,152159.491459508,0.1236010355888275,0.0,DORMITORY,False,True,1.2360103558882751,0,,33160.097557386005,0.026936357101391646,30.0
125,125,125,125,59,SN59,2026-10-02,9196710,0.005122747,0.0,,N/A,False,True,0.0,530.361161239,0.0,0.0,103530.603756369,1.345483354,,,,,,,,,0.0,,0,,,,,,,,,,0.0,,,5GzrQ2fe...,369125.424464573,,,,True,8938771,1.0,0,5FKjMupT...,,0.0,0.0,0.0,,,0.0,0.0,,NO_ESTIMATE,,,,0.0,,0.0,,0.0,,False,,,,,0.0,,30.0
126,126,126,126,82,SN82,2026-10-02,9196710,0.004456112,0.0,,N/A,False,True,0.0,629.701453104,211.283296268,0.0,141311.845162495,0.99,,0.0,,,,,,,66.45535313697596,,66.45535313697596,,,0.0,0.0,1,,,0.0,,0.0,2.980365529252545,667.8264409091479,5GGrRdUa...,712818.740879918,,,,True,9155260,1.0,0,5Hn6PHyj...,,0.0,0.0,0.0,,COUNTER,0.0,0.0,0.0,OK,0.0,,,0.0,0.0,0.0,0.0,0.0,,False,,,,,0.0,0.0,30.0
127,127,127,127,86,SN86,2026-10-02,9196710,0.005989978,0.0,,N/A,False,True,0.0,709.206653218,0.0,0.0,118398.856999575,2.125984345,,,,,,,,,0.0,,0,,,,,,,,,,0.0,,,5DGneGQE...,283441.583630417,,,,True,8693284,1.0,0,5F1N5GEH...,,0.0,0.0,0.0,,,0.0,0.0,,NO_ESTIMATE,,,,0.0,,0.0,,0.0,,False,,,,,0.0,,30.0
128,128,128,128,108,ChipForge,2026-10-02,9196710,0.004459556,0.0,,N/A,False,True,0.0,510.726832647,0.0,0.0,114524.1309144,2.049812107,,,,,,,,,0.20469225330284652,,0.20469225330284652,,,,,,,,,,0.0,,,5FBwsAvv...,601051.719497473,,,,True,9111253,1.0,0,5HjH8Zqf...,0.0,0.0,0.0,0.3140659810174871,,,0.0,0.0,,NO_ESTIMATE,,,,0.0,,0.0,,0.0,,False,,,,,0.0,,30.0
