combined_apy_rank,real_apy_rank,emission_rank,epr_rank,netuid,name,date,block,spot_price,moving_price,momentum_30d,ema_band,ema_lag_flag,low_emission,tao_emission,tao_reserves,alpha_outstanding,alpha_out_emission,alpha_in_pool,volume,ema_tao_inflow,pool_growth_real,pool_ema_divergence,flow_momentum,flow_price_divergence,emission_price_ratio,emission_price_ratio_raw,emission_apy,price_apy_7d,price_apy_30d,combined_apy_7d,combined_apy_30d,real_apy,gross_emission_rate,net_supply_delta,supply_days_gap,supply_defence,supply_defence_quality,burned_tokens,manual_burn,miner_burn_rate,liquidation_price,liquidation_haircut,owner_coldkey,owner_stake,owner_inflow_pct,owner_inflow_flag,large_entry_anomaly,immune,registered_at,vali_miner_share,best_validator_uid,best_validator_hotkey,best_validator_take,best_validator_raw_apy,best_validator_apy,best_validator_div_pct,best_validator_trust,burned_source,alpha_burned_cum,alpha_recycled_cum,recycled_tokens,recon_flag,recon_gap_relative,burn_coverage,owner_cut_emission,total_locked_alpha,locked_float_ratio,owner_locked_alpha,owner_lock_ratio,community_locked_alpha,commitment_class,gate_eligible,leader_is_owner,leader_pct_of_threshold,leader_blocks_to_threshold,governance_flag,basket_alpha,basket_share,ema_halving_days
1,1,50,11,55,NIOME,2026-09-08,9023940,0.002987623,0.0031244629062712193,-0.043796297276105615,IN BAND,False,False,0.000117876,6932.428204815,3129473.785401896,1.0,2320382.510279809,557880.573388123,-0.002858824195392448,95098.64159531938,ACCUMULATING_PRE_EMA,0.0,,,,0.044685371250558346,-4.68915407980932,-0.5328549501926183,5.41240890156009,9.568708031176792,10.10156298136941,0.8397577932299263,-10.056877610118852,1,0.007489714289987923,MINER_BURN_ONLY,56.32385611801874,56.05358832218445,9.15541313801782e-05,0.00221520571194838,-0.2585390753959318,5GeWUxaF...,1240252.558818933,,,,False,4703386,0.019991148956950422,142,5E2LP6En...,0.0,0.3182126823164741,0.3182126823164741,0.5985411484640857,,COUNTER,320883.849497964,0.0,0.0,DIVERGENT,0.9466108950862603,0.04325232553754519,1295.967040512703,14841.866940702,0.004742607849899585,14841.866940702,0.004742607849899585,0.0,NEITHER,True,True,0.04742607849899584,,,13583.669813211995,0.004340560344865628,30.0
2,3,35,12,50,Synth,2026-09-08,9023940,0.004812471,0.0049521231558173895,-0.02820046097870907,IN BAND,False,False,0.000691332,11114.779296511,3370849.573801941,1.0,2309578.483733912,1220188.754128968,-0.0056701551055483215,64721.22082154965,ACCUMULATING_PRE_EMA,0.0,,,,0.1634598805367473,-8.54482996912041,-0.3431056085742937,-2.321128292059652,5.880596068486465,6.223701677060759,0.7796254156295412,-6.060241796524012,1,0.0,,0.002833537000697106,0.0,0.0018768596932936532,0.0032973228419608098,-0.31483787809613606,5DxyiWpG...,2278370.223537839,,,ENTRY_PRE_EMA_PATTERN,False,4763204,0.00849996942457043,205,5CZbbBSr...,,6.5143141649184315,6.5143141649184315,0.0,,COUNTER,467621.588370999,0.0,0.0,DIVERGENT,0.9999933388909334,0.0,1295.967040512703,212500.00519846,0.0630404889170963,212500.00519846,0.0630404889170963,0.0,DORMITORY,True,True,0.6304048891709628,,,17563.837203515002,0.005210507564627086,30.0
3,2,15,13,91,cascade,2026-09-08,9023940,0.008159531,0.00884494069032371,-0.07749172259272959,IN BAND,False,False,0.003003282,3918.302639506,1155794.774607169,1.0,480211.755511299,170611.326500262,-0.00013977869327964234,23276.915986069245,ACCUMULATING_PRE_EMA,0.0,,,,2.014296960225375,-3.3567992678394547,-0.9428159582115433,3.0596846077938085,5.47366791742172,6.416483875633263,2.273760063410222,-4.4021869154078885,1,0.0,,0.0,0.0,1.5259021896585345e-05,0.0033901370083955873,-0.5845181532620456,5HEe7NjS...,392875.143245139,,,,False,7633645,0.0,46,5GvF67op...,0.0,0.7685588837788089,0.7685588837788089,0.006561679790026247,,COUNTER,399376.775480423,9542.545852108,0.0,DIVERGENT,1.0,0.0,1295.967040512703,60995.478757955,0.052773623914925655,60995.478757955,0.052773623914925655,0.0,DORMITORY,False,True,0.5277362391492649,,,32058.384132755997,0.027737090387566415,30.0
4,4,67,14,10,Pareton,2026-09-08,9023940,0.007182451,0.007417211774736643,-0.03165081190431266,IN BAND,False,True,3.06e-07,17465.913187713,3463094.686806065,1.0,2431748.260366445,964034.521356985,0.0019830543029549486,46054.47349568596,,0.0,,,0.27609715721763345,4.604213884251525e-05,1.7977573818353783,-0.38508487816913733,5.885346159439277,3.7025038994347614,4.087588777603899,0.7588588351373511,-4.087542735465056,1,0.35521814637503507,MINER_BURN_ONLY,2557.7247686909977,2557.6797240583587,1.5259021896696368e-05,0.005043440843317345,-0.29781061599761066,5HK5714c...,1108471.343254892,,,,False,2869647,0.9079256569109164,201,5GKbzKzG...,0.179995422293431,1.183060253774867,0.9701148237980861,0.3091760899754307,,COUNTER,796808.527221992,0.0,0.0,DIVERGENT,-0.8564383165974352,1.9735684968087646,1295.967040512703,64530.895555251,0.018633881366601157,20381.818830665,0.005885435044071145,44149.076724586004,FORTRESS,True,True,0.05885435044071285,,,20231.763072633996,0.005842105082980939,30.0
5,5,46,15,88,Investing,2026-09-08,9023940,0.003135017,0.0032091722823679447,-0.02310729242408513,IN BAND,False,False,0.0001412,6259.418915117,3195942.909823671,1.0,1996613.926947391,714930.318779352,-0.0006446650318909965,41355.50171788456,ACCUMULATING_PRE_EMA,0.0,,,,0.05928243580307868,-10.013941833161088,-0.28113872449303573,-6.085160641827397,3.6476424668406553,3.928781191333691,0.8222925359279945,-3.8694987555306124,1,0.0,,0.0,0.0,0.0007934691386282111,0.0019585515422934604,-0.37526605364709015,5FhMsGJS...,2950074.163894521,,,,False,5299805,0.39110914283096365,153,5E2LP6En...,0.0,0.2823895739133124,0.2823895739133124,0.10305360985212654,,COUNTER,175269.313011837,0.0,0.0,DIVERGENT,1.0,0.0,1295.967040512703,1137346.245889051,0.3558718907002633,1137346.245889051,0.3558718907002633,0.0,DORMITORY,True,True,3.5587189070026355,0,,10084.136772352002,0.003155293150373694,30.0
6,8,65,16,23,Trishool,2026-09-08,9023940,0.004156735,0.0042873036582022905,-0.030454726003018722,IN BAND,False,True,7.6e-07,7370.085904265,4183943.925785402,1.0,1773046.532972879,601115.714545098,3.250270980840306e-05,47010.99950734363,,0.0,,,0.007819288409870503,0.0002709981981138365,0.18317165878814265,-0.3705324997033944,3.6550444905111985,3.1013403320196615,3.471872831723056,0.6281154926106417,-3.471601833524942,1,0.31153751435333665,MINER_BURN_ONLY,2243.5256746669766,2243.4806300343375,1.5259021896696368e-05,0.001761516414893515,-0.5762259526061886,5CqTRwoF...,1438448.53717153,,,,False,2063528,1.0,188,5HKsvivb...,0.0899977111467155,0.8879539267784657,0.8080401057646656,0.3854359005661443,,COUNTER,1152792.067422454,0.055431535,0.0,DIVERGENT,-0.83637453108383,1.7311247585021796,1295.967040512703,920649.230957664,0.22004339620417868,920649.230957664,0.22004339620417868,0.0,FORTRESS,True,True,2.200433962041789,0,,10518.232295786005,0.002513951544848093,30.0
7,6,58,17,108,Prometheon,2026-09-08,9023940,0.002402615,0.0025268092285841703,-0.04915061540034004,IN BAND,False,True,5.5844e-05,1727.088087965,1639974.031658403,1.0,718836.648809832,56219.855976503,0.0005111478403079943,23227.531223661383,,0.0,,,0.21274646179599907,0.08497425986703587,-11.170151287305904,-0.5979991540374705,-7.498147547193275,3.074004586075158,3.6720037401126286,1.6024643983798135,-3.587029480245593,1,0.0,,0.0,0.0,9.15541313801782e-05,0.0010531191681239635,-0.561677935031637,5GpmtjiG...,1378032.493000595,,,,False,7105263,0.8435654443071007,162,5CJxEXJR...,,18.84589703785761,18.84589703785761,0.0,,COUNTER,479696.11117097,0.238163524,0.0,DIVERGENT,1.0,0.0,1295.967040512703,484077.253864016,0.29517373111969275,484077.253864016,0.29517373111969275,0.0,DORMITORY,False,True,2.951737311196933,0,,19412.238237745005,0.011836918062729702,30.0
8,7,33,18,111,Claims,2026-09-08,9023940,0.005755051,0.005981121677905321,-0.03779737147639751,IN BAND,False,False,0.000964996,6326.350267093,3630779.869559783,1.0,1099269.140231791,205032.43141318,-0.0020882893709760026,37372.06521963072,ACCUMULATING_PRE_EMA,0.0,,,,0.4008645397317391,-5.4354447722748835,-0.45986801962950297,-1.942149699656262,3.0334270529891185,3.4932950726186216,0.7238114384275889,-3.0924305328868824,1,0.0,,0.0,0.0,3.0518043793392735e-05,0.00174242187474176,-0.6972360671101333,5CGTryXj...,2755238.085147913,,,ENTRY_PRE_EMA_PATTERN,False,5615562,0.0,0,5EyBH8Ek...,0.0,0.32822225530969007,0.32822225530969007,0.8393047883541368,,COUNTER,734491.272679149,0.371911999,0.0,DIVERGENT,1.0,0.0,1295.967040512703,1221.604957048,0.0003364580065263264,1221.604957048,0.0003364580065263264,0.0,NEITHER,True,True,0.003364580065263264,,,11559.850153943004,0.0031838477046928727,30.0
9,9,41,19,26,Perturb,2026-09-08,9023940,0.003523076,0.0036274271551519632,-0.02876726414857301,IN BAND,False,False,0.000224994,2017.439548456,932951.759081913,1.0,572635.798596832,66967.446510215,-0.00014188253281285655,15159.263903610641,ACCUMULATING_PRE_EMA,0.0,,,,0.2930864681682906,-3.2623659487923655,-0.3500017138076383,0.11611322206069197,3.0284774570454194,3.3784791708530575,2.8168659037484725,-3.085392702684767,1,0.0,,0.0,0.0,6.103608758678547e-05,0.00216242643718395,-0.38621067578901225,5FsVAEPM...,1567086.314559573,,,ENTRY_REPEATED,False,8123781,0.9500389128809266,119,5H1HKMon...,0.179995422293431,0.6024594230118483,0.4940194847521739,0.022629820090641354,,COUNTER,93577.704880545,1668.571827101,0.0,DIVERGENT,1.0,0.0,1295.967040512703,40336.41999708,0.04323526870968519,36916.212785836,0.039569262211546746,3420.207211243993,DORMITORY,False,True,0.39569262211547757,,,30447.140158723,0.03263527815059272,30.0
10,10,48,20,54,Yanez,2026-09-08,9023940,0.004443801,0.004524512682110071,-0.017838756962535535,IN BAND,False,False,0.000130205,8399.088161269,3930025.875286968,1.0,1890068.206147192,878079.064497453,-0.0018134332739084883,40641.903055337025,ACCUMULATING_PRE_EMA,0.0,,,,0.04073998670211612,6.140851944858442,-0.217038209710849,9.276075996980692,2.9181858424114018,3.135224052122251,0.6686978873410356,-3.0944840654201347,1,0.11378562371988069,MINER_BURN_ONLY,845.333169511985,843.2611164105889,0.0007019150072480329,0.0021371584889770486,-0.5190697132979067,5FUfruyV...,3464244.415738392,,,,False,4742549,0.30574600314556644,59,5DUB7kNL...,0.01998931868467231,0.3509719742150599,0.34395628357308644,0.8229360598199298,,COUNTER,587704.551053013,0.0,0.0,DIVERGENT,-0.5587351514194971,0.6506809896006173,1295.967040512703,644081.425659809,0.16388732443467147,644081.425659809,0.16388732443467147,0.0,FORTRESS,True,True,1.6388732443467144,0,,11290.948341541995,0.0028729959292488213,30.0
11,11,28,4,96,Verathos,2026-09-08,9023940,0.008419045,0.008679258869960904,-0.02998111634410511,IN BAND,False,False,0.00135285,3547.106083683,858527.898158929,1.0,421319.339919047,91738.11401114,0.0007914143622985852,11407.626089116151,,0.0,,0.09400286639382319,0.09400286639382319,1.002307152964679,3.5855430591755577,-0.36477024885327886,6.103711121430168,2.153397813401331,2.51816806225461,3.0610537009171366,-1.5158609092899311,1,0.103836931989048,MINER_BURN_ONLY,869.5181000470184,867.7613593740955,0.0005951018539711583,0.004131614233258576,-0.509253812842362,5CGq1JQh...,748522.249125066,,,,False,7692872,0.3038811530475144,0,5GpKXttD...,0.179995422293431,1.1685274500200686,0.9581978581922402,0.5080801452747554,,COUNTER,256357.711071802,7897.141864024,0.0,DIVERGENT,-0.3908006663145523,0.6695859788461879,1295.967040512703,182046.033980242,0.21204440108542869,182046.033980242,0.21204440108542869,0.0,FORTRESS,False,True,2.1204440108542872,0,,32799.062648366,0.03820384022313309,30.0
12,12,59,21,60,Bitsec.ai,2026-09-08,9023940,0.004195833,0.004238898167386651,-0.010159519216098799,IN BAND,False,True,2.7958e-05,7136.228640213,3916678.808906371,1.0,1700789.433989306,935303.447336263,0.00042835187573598795,29851.627288639545,,0.0,,,0.10208982953706401,0.010295861820622242,-11.428187405423166,-0.12360748379586872,-9.28965394261338,2.014925979013917,2.138533462809786,0.6709766432784923,-2.1282376009891637,1,0.19345576535582767,MINER_BURN_ONLY,1402.207824743935,1402.162780111296,1.5259021896696368e-05,0.0018220101745349917,-0.5657572228124924,5CXLwkK1...,125640.980365534,,,,False,4796992,1.0,113,5CXLwkK1...,0.179995422293431,4.287956085424567,3.516143619052885,0.0,,COUNTER,668844.469905554,0.0,0.0,DIVERGENT,-0.7380134453049136,1.081943241053862,1295.967040512703,1060962.746268686,0.270883265652547,1060962.746268686,0.270883265652547,0.0,FORTRESS,True,True,2.708832656525472,0,,9323.747937812,0.002380524008404818,30.0
13,15,24,22,105,Beam,2026-09-08,9023940,0.006592748,0.006654205499216914,-0.009235888375275881,IN BAND,False,False,0.001661319,5039.627771519,2064173.243281691,1.0,764419.913673888,536934.034165762,-0.0010888053840733777,13846.063403860084,ACCUMULATING_PRE_EMA,0.0,,,,0.8663231750316464,-3.58707834957978,-0.1123699752325232,-1.7869293691690444,1.6877790051782122,1.8001489804107353,1.2731489513069738,-0.9338258053790891,1,0.0,,0.0,0.0,0.0015716792553597259,0.0024414751949341385,-0.6296726046658937,5G3ic2pA...,2031213.060602951,,,ENTRY_PRE_EMA_PATTERN,False,6841399,0.0,170,5E2LP6En...,0.0,1.515056912030418,1.515056912030418,0.006241320901558042,,COUNTER,452240.813141888,1869.377328683,0.0,DIVERGENT,1.0,0.0,1295.967040512703,185622.720973844,0.08992594084725894,185622.720973844,0.08992594084725894,0.0,DORMITORY,False,True,0.8992594084725942,,,16415.550829187,0.007952603243267029,30.0
14,13,2,23,15,ORO,2026-09-08,9023940,0.030697128,0.031683164183050394,-0.03112177108806245,IN BAND,False,False,0.009932351,14591.993427401,1528961.128707733,1.0,475353.904566795,533873.442336371,-0.0009198017926109515,8698.082119099621,ACCUMULATING_PRE_EMA,0.0,,,,1.7888041519388969,-5.927598255880712,-0.3786482149047598,-3.9987273085922093,1.5502227323837425,1.9288709472885024,1.7188141350729869,-0.1400667953496056,1,0.0,,0.0,0.0,0.0005951018539711583,0.0095437308074235,-0.6891002048327289,5EHdase3...,216.588029224,,,,False,7366897,0.9258886038842067,134,5E2LP6En...,0.0,0.6350871043609069,0.6350871043609069,0.2555470776743476,,COUNTER,354654.991781899,2797.563389807,0.0,DIVERGENT,1.0,0.0,1295.967040512703,1010.651574802,0.0006610054080682846,1010.651574802,0.0006610054080682846,0.0,NEITHER,False,True,0.006610054080682845,,,24080.347294215993,0.015749482993441782,30.0
15,17,47,24,21,AdTAO,2026-09-08,9023940,0.003725891,0.003707515075802803,0.004956399049359978,IN BAND,False,False,0.000131322,7816.513705295,3824945.410540236,1.0,2097891.19208005,589295.817926345,-0.0017317969702688176,21090.528002843494,ACCUMULATING_PRE_EMA,0.0,,,,0.04415193640180218,1.6128928083359864,0.0603028551005464,2.9921624645180644,1.4395725112826243,1.3792696561820779,0.6870686292039971,-1.3351177197802757,1,0.0577377199493154,MINER_BURN_ONLY,430.859242160921,430.3637512018915,0.00016784924086366004,0.0020435621600651795,-0.4515239012453183,5HjCYVfr...,1946336.5365084,,,ENTRY_REPEATED,False,3156578,0.9934833038276052,42,5FWwbaQD...,,17.693470614063457,17.693470614063457,0.0,,COUNTER,831810.027784937,0.0,0.0,OK,-0.058420178539622857,0.3320792410211555,1295.967040512703,5839.628796876,0.001526722128055472,5839.628796876,0.001526722128055472,0.0,EXPOSED,True,True,0.01526722128055472,,UNDEFENDED_BURNER,9903.888185452995,0.0025892887668831246,30.0
16,16,30,25,11,TrajectoryRL,2026-09-08,9023940,0.008966554,0.009035417577251792,-0.007621515736601697,IN BAND,False,False,0.001250904,21637.596917443,3464438.231690421,1.0,2413145.197107408,996925.989451838,-0.004553696919034271,20729.864129340276,ACCUMULATING_PRE_EMA,0.0,,,,0.15192887290315982,8.32861842674161,-0.0927284414619873,9.83960646155319,1.4182595933495925,1.5109880348115798,0.7585645418529245,-1.35905916190842,1,0.0,,0.0,0.0,0.0,0.006245629296985693,-0.30345266453693437,5D2Jhtbn...,2421259.992156972,,,,False,2918568,0.0,235,5D7ekpEm...,,0.36656307417947637,0.36656307417947637,0.012131477751327596,,COUNTER,1145934.992162841,47996.465498293,0.0,DIVERGENT,1.0,0.0,1295.967040512703,46180.459268605,0.013329854995299465,46180.459268605,0.013329854995299465,0.0,DORMITORY,True,True,0.13329854995299462,,,10457.175480062,0.0030184332294934807,30.0
17,14,20,26,118,Ditto,2026-09-08,9023940,0.007927239,0.008251935010775924,-0.039347863301384865,IN BAND,False,False,0.001928643,6399.054978727,2156561.082231465,1.0,807223.686465973,755506.313537318,-0.0019519015973399523,14716.849296122324,ACCUMULATING_PRE_EMA,0.0,,,,0.7920659880012939,-11.616513211830863,-0.47873233683351585,-9.7741132453552,1.363667629642146,1.8423999664756618,1.2186068002677308,-1.050333978474368,1,0.0,,0.0,0.0,3.0518043793392735e-05,0.002967249586135389,-0.6256894000375934,5HGXqHbQ...,1451703.249066939,,,,False,5724794,0.6531976256237315,34,5CaJhaYX...,0.009994659342336155,0.4467734968158576,0.4423081479119988,0.03123903123903124,,COUNTER,320927.826926128,1788.13704218,0.0,DIVERGENT,1.0,0.0,1295.967040512703,110891.390380674,0.05142047275838393,86556.934781891,0.040136556063752986,24334.455598782995,DORMITORY,True,True,0.40136556063753187,,,24526.241084034,0.01137284785769012,30.0
18,18,13,27,93,Bitcast,2026-09-08,9023940,0.020331642,0.020368904806673527,-0.0018293966723884818,IN BAND,False,False,0.003238061,24349.326629861,3832731.047609619,1.0,1197607.511212335,1002657.507237363,-0.0033716791650470626,17632.07006660127,ACCUMULATING_PRE_EMA,0.0,,,,0.3494808886240062,8.666049912268107,-0.02225765951405986,9.938179300055438,1.2498717282732708,1.2721293877873305,0.6856729489639038,-0.9226484991633243,1,0.013092709532959717,MINER_BURN_ONLY,109.32584424200468,109.28079960936563,1.5259021896696368e-05,0.006352996421454379,-0.6875315618160905,5EbY1Seb...,2339179.881262226,,,,False,5370681,0.7253486739707633,158,5HVydkt4...,0.179995422293431,7.082903466025681,5.8080132655947825,0.0,,COUNTER,1087054.069936624,0.0,0.0,DIVERGENT,0.7443113783227125,0.0843237491334136,1295.967040512703,427930.957620956,0.11165170535194378,427930.957620956,0.11165170535194378,0.0,DORMITORY,True,True,1.116517053519438,0,,23154.107449249008,0.006041151116953448,30.0
19,19,40,6,18,Zeus,2026-09-08,9023940,0.003979081,0.004012479213997722,-0.008323585548109675,IN BAND,False,False,0.000268414,10091.096341604,3152653.394823085,1.0,2536036.707684169,873398.141408337,0.00033872464815844845,17593.914987506345,,0.0,,0.08512635157677073,0.08512635157677073,0.0699024137835034,-7.1134491898446415,-0.10127029083533438,-5.853770257654771,1.1584086413545358,1.2596789321898703,0.8335835472162564,-1.189776518406367,1,0.013622915441647543,MINER_BURN_ONLY,105.60233883699402,104.70144618421307,0.00030518043793392735,0.003200826439777492,-0.1955865085989724,5GgvCi6h...,2128554.286970907,,,,False,1604679,0.05243074105166745,15,5Ef3siiB...,0.013550011444266423,0.29924831228718424,0.2951934942310155,0.015611170456279567,,COUNTER,338056.628337938,30745.295806132,0.0,DIVERGENT,0.737328268416073,0.0807902075524943,1295.967040512703,472285.796249436,0.14980581025017464,375000.0,0.11894742397492243,97285.79624943598,DORMITORY,True,True,1.1894742397492242,0,,13090.529433710994,0.004152226012287527,30.0
20,21,23,28,5,Hone,2026-09-08,9023940,0.012787529,0.012828096747398376,-0.003162413583028462,IN BAND,False,False,0.001823453,33334.225317134,3122863.570394381,1.0,2606776.010224412,974838.649504086,-0.015845505017582865,16142.49553159764,ACCUMULATING_PRE_EMA,0.0,,,,0.14375718764752168,0.32274838974886894,-0.03847603192684629,1.4769474861197396,1.1157230644440244,1.1541990963708706,0.8415353219122904,-1.010441908723349,1,0.0,,0.0,0.0,0.0018158236057068677,0.010674249632020997,-0.16526096386401187,5GurNtB3...,,,,,False,2491604,0.0,1,5E2LP6En...,0.0,0.4648802960437033,0.4648802960437033,0.10456279566610713,,COUNTER,1488567.694632255,0.0,0.0,DIVERGENT,1.0,0.0,1295.967040512703,6649.821324041,0.0021293986029627308,6649.821324041,0.0021293986029627308,0.0,NEITHER,True,True,0.021293986029627305,,,12877.579421704002,0.004123644575378525,30.0
21,20,63,29,74,Gittensor,2026-09-08,9023940,0.003497484,0.0035212989896535873,-0.006763126256407511,IN BAND,False,True,3.651e-06,6203.204773971,3403148.687731299,1.0,1773618.866404407,352359.839841183,-0.0012658894502273344,16215.590547712054,ACCUMULATING_PRE_EMA,0.0,,,,0.001546753387903692,-7.315201867632776,-0.08228470278629138,-6.119174103277498,1.1137430615689872,1.1960277643552786,0.7722260298159203,-1.194481010967375,1,0.0,,0.0,0.0,6.103608758689649e-05,0.001822783940159356,-0.47882994170685095,5D1VXeeS...,216.588029224,,,ENTRY_REPEATED,False,5086205,0.743281805557675,195,5E2LP6En...,0.0,0.2971790344015455,0.2971790344015455,0.07414924462078437,,COUNTER,531791.422968235,145163.476787593,1797.7765849340067,OK,0.169805089385862,0.0,1295.967040512703,378229.609193408,0.11114107666143552,378229.609193408,0.11114107666143552,0.0,DORMITORY,True,True,1.1114107666143553,0,,12534.999311878,0.003683353406528478,30.0
22,25,7,10,107,Minos,2026-09-08,9023940,0.057954562,0.05634621134959161,0.028544077975884093,IN BAND,False,False,0.006065343,22039.794925591,1598118.466866636,1.0,380294.670903082,524763.603622597,0.001226016808458981,,,,,0.02115479379274717,0.02115479379274717,0.7232245788953309,-4.237891062272787,0.3472862820399231,-3.5146664833774564,1.070510860935254,0.7232245788953309,1.6444337854080429,,,,,,,0.0001373311970702673,0.013791089573480434,-0.762036169413541,5DA2vLrS...,1363328.99829214,,,,False,7457580,0.8065500717272533,0,5E4WJ2tA...,0.179995422293431,1.2704941489174852,1.0418110180617492,0.801135323200879,,,406560.643455847,11728.725039684,,NO_ESTIMATE,,,,41164.694002343,0.025758224346817602,41164.694002343,0.025758224346817602,0.0,,False,True,0.257582243468176,,,26713.862185715,0.016715820972954373,30.0
23,23,14,5,68,NOVA,2026-09-08,9023940,0.022468931,0.022533379262313247,-0.002860124154615127,IN BAND,False,False,0.003203836,44958.648939338,3729020.872178034,1.0,2000925.138581478,1682321.605368461,0.0020257665134935203,14764.537460294785,,0.0,,0.09015856221613393,0.09015856221613393,0.1872761127533112,0.3417195815039163,-0.03479817721448404,1.2348084457788207,0.8582906870604202,0.8930888642749043,0.7047426362258591,-0.7058127515215931,1,0.0,,0.0,0.0,0.0,0.012056421908166663,-0.46341809015450436,5EcdJLAe...,3144089.149570182,,,,False,4972413,0.0,37,5CMC7cxY...,0.0,0.17042811785442077,0.17042811785442077,0.0018923208399462825,,COUNTER,682309.357738917,6247.123951755,0.0,DIVERGENT,1.0,0.0,1295.967040512703,566750.857517693,0.15198382549858644,566750.857517693,0.15198382549858644,0.0,DORMITORY,True,True,1.5198382549858651,0,,21021.426498268003,0.00563725096180271,30.0
24,24,53,30,106,Nodexo,2026-09-08,9023940,0.002869689,0.002877830294892192,-0.002828969764701484,IN BAND,False,True,9.2732e-05,6519.912288252,2521473.62490184,1.0,2271992.172939055,359333.284044378,-0.0008091572467977437,12883.768250726629,ACCUMULATING_PRE_EMA,0.0,,,,0.03737775682030477,-2.8501325125255854,-0.03441913213720139,-1.9698498964217428,0.8458634839666412,0.8802826161038426,1.0422476658276794,-0.8429048592835379,1,0.0,,0.0,0.0,0.00016784924086366004,0.002585754704654433,-0.09894253187211821,5CTdHCps...,1177129.570555718,,,,False,5558480,0.0,31,5E4vCZrj...,0.0,0.4284535844544654,0.4284535844544654,0.03841164710729928,,COUNTER,838637.534343767,0.0,0.0,DIVERGENT,1.0,0.0,1295.967040512703,309818.835176587,0.12287213005793313,309818.835176587,0.12287213005793313,0.0,DORMITORY,True,True,1.2287213005793336,0,,11849.113490634996,0.0046992811559138465,30.0
25,22,43,8,89,InfiniteQuant,2026-09-08,9023940,0.003317748,0.0033355862833559513,-0.005347870461322313,IN BAND,False,False,0.000163688,6429.96541265,2870069.961887483,1.0,1938050.897319077,187013.735142171,0.00022740814707736934,13735.932846742216,,0.0,,0.06854292341593435,0.06854292341593435,0.06690114742354608,-2.094844895047285,-0.06506575727942147,-1.1914730811940537,0.8383060565738097,0.9033718138532312,0.9156571215677658,-0.8364706664296852,1,0.0,,0.0,0.0,0.0008239871824216038,0.0022403514541580634,-0.32473730549816826,5Dc5NmEU...,112084.023019705,,,,False,5313364,0.03750706311754548,191,5GCNwrsH...,0.179995422293431,16.625608971479952,13.633075463772963,0.0,,COUNTER,601037.833009041,0.0,0.0,DIVERGENT,1.0,0.0,1295.967040512703,6094.632142656,0.0021235134416890326,6094.632142656,0.0021235134416890326,0.0,NEITHER,True,True,0.021235134416890327,,,12518.907424875,0.004361882320332714,30.0
26,28,9,31,80,OpenRoboto,2026-09-08,9023940,0.01617431,0.016031909035518765,0.008882346086529392,IN BAND,False,False,0.00488167,3245.932666933,2003639.959958275,1.0,200684.472174581,240792.516706099,-0.0002903473733555673,-8827.521839734603,,0.0,,,,3.952339766838672,2.711997254852189,0.10806854405277427,3.4072752947736,0.8033465839741853,0.6952780399214111,1.3116128907983682,3.257061726917261,1,0.0,,0.0,0.0,1.5259021896696368e-05,0.0016200179332621191,-0.8998400591269663,5CG1eFia...,288236.214343755,0.006847971376706783,,,False,7151800,0.8500015259254738,197,5Gmw9JeE...,0.0,0.5049638202259555,0.5049638202259555,0.01162826186479475,,COUNTER,257607.34770837,2501.379452446,0.0,DIVERGENT,1.0,0.0,1295.967040512703,359119.835715776,0.17923371608303046,359119.835715776,0.17923371608303046,0.0,DORMITORY,False,True,1.792337160830307,0,,21377.45394966101,0.010669309045975598,30.0
27,27,60,32,13,Data Universe,2026-09-08,9023940,0.005700334,0.005715193459764123,-0.0025999924357305365,IN BAND,False,True,1.118e-05,20172.144543287,2459646.638116283,1.0,3538765.222756799,969762.183343303,-0.0029832593986156373,11544.624986567069,ACCUMULATING_PRE_EMA,0.0,,,,0.0014565154407332258,-1.778516879477124,-0.03163324130138819,-1.0810221752452638,0.665861462930472,0.6974947042318602,1.0684461577833189,-0.696038188791127,1,0.27325408996260464,MINER_BURN_ONLY,1976.378399468027,1971.2883559798147,0.0017242694743266895,0.008201236808038333,0.4387291706132191,5HBswBt1...,18760.508596969,,,,False,1907637,0.7069181620861484,247,5E2LP6En...,0.0,0.39213413602590025,0.39213413602590025,0.15711647922357358,,COUNTER,649733.859807845,0.0,0.0,DIVERGENT,-0.813298289849494,1.5210945142555052,1295.967040512703,93697.039216446,0.03809369921860148,93697.039216446,0.03809369921860148,0.0,FORTRESS,True,True,0.38093699218601473,,,9736.394403483997,0.003958452508015786,30.0
28,26,5,33,97,Albedo,2026-09-08,9023940,0.024434562,0.02459494350478053,-0.00652091372965982,IN BAND,False,False,0.008940565,12902.931523302,1123310.853959252,1.0,528060.904772237,517520.474414472,-0.0002017478056674679,5515.9557126273285,ACCUMULATING_PRE_EMA,0.0,,,,1.82096640422898,2.463795310813364,-0.07933778371086114,3.1753475541054956,0.6322144595812704,0.7115522432921315,2.3395126920898877,1.1094141609368484,1,0.0,,0.0,0.0,7.629510948348184e-05,0.011486519050202336,-0.529906897852217,5GnW8owm...,1361514.376965828,,,,False,7735450,0.19999999999999996,28,5E2LP6En...,0.0,0.628832960462849,0.628832960462849,0.18617816705832088,,COUNTER,70872.776437572,4583.298014649,0.0,DIVERGENT,1.0,0.0,1295.967040512703,9437.701479491,0.008401682798867847,9437.701479491,0.008401682798867847,0.0,DORMITORY,False,True,0.08401682798868139,,,32292.873139929015,0.02874794009699869,30.0
29,29,29,34,14,Cacheon,2026-09-08,9023940,0.009359059,0.009392788633704185,-0.003591013810654043,IN BAND,False,False,0.001312462,25191.707514694,3150498.33875698,1.0,2691692.229601477,2659896.302345919,-0.012349965626037119,12224.223213622347,ACCUMULATING_PRE_EMA,0.0,,,,0.1369160916935922,-0.48547368061309853,-0.04369066802962419,0.1645980625289853,0.6063810751124596,0.6500717431420838,0.8341537488437051,-0.5131556514484916,1,0.0,,0.0,0.0,0.00010681315327687457,0.00799610245934404,-0.1456296557865443,5CKhH8nK...,1746631.568622263,,,ENTRY_REPEATED,False,4848444,0.0,99,5DZYnuVE...,,0.47986517111061094,0.47986517111061094,0.010880346706139079,,COUNTER,1226319.247799996,526.080568229,0.0,DIVERGENT,1.0,0.0,1295.967040512703,53023.098139091,0.016830067004577794,53023.098139091,0.016830067004577794,0.0,DORMITORY,True,True,0.16830067004578023,,,10841.763757111006,0.00344128534325417,30.0
30,30,55,35,6,Numinous,2026-09-08,9023940,0.002745387,0.0027654184959828854,-0.007243567659644798,IN BAND,False,True,7.9432e-05,8134.638184357,2767148.487076221,1.0,2963019.991769667,695888.659295021,-0.004023880888700968,11047.540613506455,ACCUMULATING_PRE_EMA,0.0,,,,0.025661534203380226,-3.378726881941032,-0.08813007319234505,-2.822661247338709,0.467935561409978,0.5560656346023231,0.9497141235007429,-0.5304041003989428,1,0.0,,0.0,0.0,0.001953154802777135,0.0029397187112832125,0.07078481514016505,5CfSg4e2...,71418.54475457,,,,False,3219949,0.40743345513477147,48,5EEbEga4...,0.0,0.32347068064623186,0.32347068064623186,0.005676962519838847,,COUNTER,185360.665463109,0.0,0.0,DIVERGENT,1.0,0.0,1295.967040512703,662466.459537209,0.239404015589049,662466.459537209,0.239404015589049,0.0,DORMITORY,True,True,2.3940401558904902,0,,9275.011892275006,0.003351830209182239,30.0
31,71,71,36,73,Parked,2026-09-08,9023940,0.003671498,0.0035642150323837996,0.030100026693520805,IN BAND,False,True,0.0,7447.587370238,3593891.909323575,1.0,2028487.000182218,578695.071310985,-0.0012004820451322843,-65432.99582281732,,0.0,,,,,6.219438711101669,0.3662169914378364,6.219438711101669,0.3662169914378364,,0.7312406901226558,7.490008892613334,1,0.3895021735365218,SKIN_IN_GAME,2804.415649462957,2804.415649462957,0.0,0.0020722903075957423,-0.4355736248267758,5Fvs6HPW...,1537195.687707263,0.3480420967393902,BUYBACK_GAMING,,False,5160047,1.0,0,5Dnkprjf...,0.179995422293431,1.058473360873007,0.8679530012963229,0.5101100276213585,,COUNTER,1548658.513821833,0.0,0.0,DIVERGENT,-0.8691349479274657,2.1639559971783617,1295.967040512703,995018.577188038,0.27686380177619635,926967.4071523,0.2579285717379211,68051.17003573803,FORTRESS,True,True,2.5792857173792125,0,,9425.689325497997,0.00262269694340141,30.0
32,31,34,37,77,Liquidity,2026-09-08,9023940,0.005594292,0.005607607075944543,-0.0023744666422264005,IN BAND,False,False,0.000828472,12124.00153271,3314423.691942547,1.0,2167209.117482783,409401.722084028,-0.006935415302332664,8951.06551018916,ACCUMULATING_PRE_EMA,0.0,,,,0.17957968828409895,-1.5510016593171252,-0.02888934414708787,-1.2494404061575326,0.2726719090125047,0.3015612531595926,0.7928980251947687,-0.12198156487549361,1,0.0,,0.0,0.0,7.629510948348184e-05,0.003657951625853923,-0.3461278700050117,5GxxsUeY...,2738849.029508289,,,,False,5128460,0.3554555165573021,42,5E7F9Awq...,,8.590281207105969,8.590281207105969,0.0,,COUNTER,140886.89655137,14115.257752168,0.0,DIVERGENT,1.0,0.0,1295.967040512703,369577.913917543,0.11150593535038893,369577.913917543,0.11150593535038893,0.0,DORMITORY,True,True,1.1150593535038893,0,,11954.432403066996,0.0036067906562846936,30.0
33,36,19,38,38,ChronoLLM,2026-09-08,9023940,0.007310118,0.007235266733914614,0.010345336093074246,IN BAND,False,False,0.002223431,4631.878130443,1546403.130221484,1.0,633625.769064234,191609.709034272,-0.0014355570088288021,3751.1700307495194,ACCUMULATING_PRE_EMA,0.0,,,,1.2615134732487336,-4.861024329669028,0.12586825579907,-4.821176138447738,0.1657164470203598,0.0398481912212898,1.6994274963887352,1.2216652820274438,1,0.0,,0.0,0.0,6.103608758678547e-05,0.0029952591532711125,-0.5902584399771506,5GeWgtBA...,1563811.369693019,8.634411662281881,BUYBACK_GAMING,,False,7284230,0.0,4,5E2LP6En...,0.0,0.8237646517852765,0.8237646517852765,0.12570957700054936,,COUNTER,485297.062238848,10641.406258159,0.0,DIVERGENT,1.0,0.0,1295.967040512703,31297.256708505,0.02023874376406781,31297.256708505,0.02023874376406781,0.0,DORMITORY,False,True,0.20238743764068012,,,21644.49087027099,0.013996667781687013,30.0
34,72,72,39,115,MoirAI,2026-09-08,9023940,0.002825532,0.002795601962134242,0.010706115631321298,IN BAND,False,True,0.0,3695.894240091,1717453.56700664,1.0,1308034.454305294,158900.177140201,-0.0010310414951094963,-1906.6286358188372,,0.0,,,,,1.56837688429806,0.13025774018107578,1.56837688429806,0.13025774018107578,,1.5301723729162338,1.8666704057334498,1,0.3895021737980521,SKIN_IN_GAME,2804.4156513459748,2804.4156513459748,0.0,0.0021519616664412047,-0.23838708376291448,5EkNnrTj...,106027.574530651,0.6194010310457734,BUYBACK_JUSTIFIED,,False,5683635,1.0,0,5EhTo9AX...,0.179995422293431,10.796046782748862,8.852807782988343,0.062356927021335044,,COUNTER,937199.017731634,0.0,0.0,DIVERGENT,-0.868815685029319,2.163955998631345,1295.967040512703,2942.008322496,0.0017130060334752712,2942.008322496,0.0017130060334752712,0.0,EXPOSED,True,True,0.01713006033475271,,UNDEFENDED_BURNER,17736.230576381997,0.010327050999867542,30.0
35,34,21,40,124,Swarm,2026-09-08,9023940,0.011328016,0.011384268058463931,-0.004941209937700759,IN BAND,False,False,0.001912604,12950.067272252,3547789.975762548,1.0,1143189.389078864,296181.21116043,-7.80977163950547e-05,5558.726192339091,ACCUMULATING_PRE_EMA,0.0,,,,0.3881310580347224,-2.1183926503321224,-0.0601180542420259,-1.9302340623792071,0.12804053371088941,0.18815858795291532,0.7407428336946997,0.1999724700818071,1,0.0,,0.0,0.0,0.00015259021896696368,0.0036501786635406916,-0.6777742312916321,5HKYqfJr...,2291595.650842553,,,,False,5813454,0.0,105,5HgiWPLV...,,0.3425505927784951,0.3425505927784951,0.0074928657540936075,,COUNTER,897004.632666029,6243.286010635,0.0,DIVERGENT,1.0,0.0,1295.967040512703,1000000.110795789,0.2818656452686022,1000000.110795789,0.2818656452686022,0.0,DORMITORY,True,True,2.8186564526860214,0,,15707.114350496002,0.004427295431184586,30.0
36,73,73,41,87,Provenonce,2026-09-08,9023940,0.003854497,0.003815938252955675,0.010104656964629583,IN BAND,False,True,0.0,1625.065961786,1715834.783378398,1.0,421602.590174929,99813.812001656,-0.0004810604927689679,-5149.130348797946,,0.0,,,,,-0.12988073357932395,0.12293999306965991,-0.12988073357932395,0.12293999306965991,,1.5316159955829731,2.5668032401003504,1,0.3895021735397232,MINER_BURN_ONLY,2804.415649486007,2804.415649486007,0.0,0.0009470993230399033,-0.7542871811704865,5HartH15...,4227.454770755,0.0,,,False,7208725,1.0,1,5E2LP6En...,0.0,0.6389175005755331,0.6389175005755331,0.4176407752174577,,COUNTER,727107.347198591,811.040088965,0.0,DIVERGENT,-0.8691349479285413,2.163955997196148,1295.967040512703,165537.659591238,0.09647645635514053,165537.659591238,0.09647645635514053,0.0,FORTRESS,False,True,0.9647645635514075,,,22893.15872313599,0.013342286183323804,30.0
37,74,74,42,24,Quasar,2026-09-08,9023940,0.004201551,0.004163009813055396,0.009258010111755526,IN BAND,False,True,0.0,8877.790435752,3761898.511826437,1.0,2112979.072521273,1575258.172886438,-0.003987432863262727,-8113.7198419636115,,0.0,,,,,3.1314630501603262,0.1126391230263589,3.1314630501603262,0.1126391230263589,,0.6985834391167776,1.456009809330693,1,0.3895021735394483,,2804.415649484028,2804.415649484028,0.0,0.002359922897399417,-0.43832101588213096,5ELutYW7...,322353.228369987,0.08944749261782896,,,False,2538424,1.0,155,5ELpkVn8...,0.179995422293431,3.342563119748859,2.7409170594672148,0.0,,COUNTER,661315.825898524,0.0,0.0,DIVERGENT,-0.8690930222451244,2.1639559971946207,1295.967040512703,700000.000065042,0.18607625853393517,0.0,0.0,700000.000065042,EXPOSED,True,False,0.8588896379519778,47307,TAKEOVER_IMMINENT,8829.847101398005,0.0023471784455745544,30.0
38,35,32,43,81,Reliquary,2026-09-08,9023940,0.006602921,0.0066293771378695965,-0.003990742617201299,IN BAND,False,False,0.000993347,18591.471519459,2565557.15005244,1.0,2815643.241371726,902466.833097097,-0.010295262693937652,7835.170622135047,ACCUMULATING_PRE_EMA,0.0,,,,0.14041470107773182,-2.618257336359441,-0.04855403517594913,-2.481162321202728,0.08854097998076399,0.13709501515671313,1.0243389042985396,0.003319685921018694,1,0.0007666343067183314,MINER_BURN_ONLY,7.341146401013248,6.350164482954199,0.0003356984817273201,0.007246563000586048,0.09747837367523365,5GnpQR4N...,70229.983104805,,,,False,5203057,0.021293483736052443,221,5EkCFpEJ...,,15.378449162787186,15.378449162787186,0.0,,COUNTER,852006.445761387,0.0,0.0,DIVERGENT,0.9827205894553916,0.004899942887777442,1295.967040512703,506296.242895346,0.19734358397940865,501663.760268787,0.195537940076109,4632.482626559038,DORMITORY,True,True,1.955379400761093,0,,12294.698648141999,0.004792213904839616,30.0
39,33,44,44,117,glyph,2026-09-08,9023940,0.00323539,0.00328051601536572,-0.013755767432426071,IN BAND,False,False,0.000153603,3246.113648946,1881290.792069391,1.0,1003314.477864348,228867.716396275,-0.0007537834211656891,7698.703062381246,ACCUMULATING_PRE_EMA,0.0,,,,0.12435445201712812,-1.7329416338250068,-0.16736183709451719,-1.500881357557624,0.06469843917286539,0.23206027626738257,1.3969132316377524,-0.10770582425025445,1,0.0,,0.0,0.0,0.0,0.0017254715021356823,-0.4666882502153736,5HdThE9W...,1989005.642452917,,,,False,5710859,1.0,125,5EsLkLnu...,,8.507974416472894,8.507974416472894,0.0,,COUNTER,289424.602021989,152262.178789407,0.0,DIVERGENT,1.0,0.0,1295.967040512703,184995.455974437,0.09833432277151839,154144.143623114,0.08193530966765526,30851.312351322995,DORMITORY,True,True,0.8193530966765527,,,18608.135208950993,0.00989115307819177,30.0
40,75,75,45,109,Finsight,2026-09-08,9023940,0.002874838,0.0028597537893801928,0.005274653599838851,IN BAND,False,True,0.0,1402.365127839,1584353.396869909,1.0,487806.540334346,68122.034494443,-0.000708007104294364,-5581.02816869627,,0.0,,,,,-2.062972033243609,0.06417495213137268,-2.062972033243609,0.06417495213137268,,1.6587208416960175,2.8825246848880566,1,0.3895021735399981,,2804.4156494879862,2804.4156494879862,0.0,0.0008851340430800035,-0.6921099404279463,5FqZqKFx...,679994.740570258,0.1783141633759531,,,False,7257480,1.0,0,5DyQkk4x...,0.179995422293431,2.189360927581439,1.79528598286868,0.38172412214439405,,COUNTER,706624.277590934,1308.746301495,0.0,DIVERGENT,-0.8691349479285506,2.163955997197675,1295.967040512703,194410.325537886,0.12270641507252628,194410.325537886,0.12270641507252628,0.0,FORTRESS,False,True,1.2270641507252682,0,,21914.328734346007,0.013831717581216754,30.0
41,76,76,46,30,Endure Network,2026-09-08,9023940,0.003809895,0.003801190061494708,0.0022900561046582295,IN BAND,False,True,0.0,9000.860712446,3520236.960118147,1.0,2362495.704360361,409705.021519817,-0.0016359655505931488,2827.5223958292045,ACCUMULATING_PRE_EMA,0.0,,,,,-0.8488384303984942,0.02786234927334179,-0.8488384303984942,0.02786234927334179,,0.7465406533064178,0.4157385339864566,1,0.3895021735404185,MINER_BURN_ONLY,2804.415649491013,2804.415649491013,0.0,0.0025568905770888533,-0.3288816156117549,5HTogQKF...,518.403726257,,,ENTRY_REPEATED,False,3250216,1.0,78,5G9hfkx9...,0.009994659342336155,0.3839864717863503,0.3801486578087802,0.01358135844104317,,COUNTER,789938.544291856,18187.150616168,0.0,DIVERGENT,-0.868962628019215,2.1639559972000106,1295.967040512703,4962.596266974,0.001409733584186743,4962.596266974,0.001409733584186743,0.0,EXPOSED,True,True,0.01409733584186743,,UNDEFENDED_BURNER,8928.144872054001,0.002536234058446552,30.0
42,37,38,47,33,ReadyAI,2026-09-08,9023940,0.004563567,0.004574189893901348,-0.0023223552471031443,IN BAND,False,False,0.000527725,14399.389107183,2154512.785515389,1.0,3155292.026457325,902151.629602234,-0.0054386194078304825,6114.057485900354,ACCUMULATING_PRE_EMA,0.0,,,,0.09631389843532857,-3.9616345497460346,-0.028255322173088255,-3.9225093116972456,0.010869915875700912,0.03912523804878917,1.219765330550752,0.05718866038653941,1,0.0,,0.0,0.0,0.005096513313496587,0.006683362105803642,0.46450399562527334,5HinUfk5...,40674.050048301,,,,False,2943950,0.0,209,5E2LP6En...,0.0,0.503402753318978,0.503402753318978,0.41544588903131296,,COUNTER,584226.582883127,0.0,0.0,DIVERGENT,1.0,0.0,1295.967040512703,138809.800536348,0.06442746660384417,138808.045342108,0.06442665194437601,1.755194239987759,DORMITORY,True,True,0.64426651944376,,,12499.526764413997,0.00580155608657664,30.0
43,77,77,48,104,TAOstatus,2026-09-08,9023940,0.004311031,0.00430866121314466,0.0005500053817436983,IN BAND,False,True,0.0,6028.707878623,3170993.444890142,1.0,1398437.289950679,75306.57325031,-0.0017383027949343672,-2514.0570825899485,,0.0,,,,,0.18799398366572845,0.006691732144548329,0.18799398366572845,0.006691732144548329,,0.8287623565525997,0.7546644122023931,1,0.0,,0.0,0.0,0.0,0.0019012047749067053,-0.5589906973745479,5HBb3F1b...,1099703.593743655,0.39647131895338933,BUYBACK_GAMING,,False,5528520,1.0,25,5Coeuhim...,0.179995422293431,1.3848538344803307,1.1355864837283665,0.41340372936185793,,COUNTER,340321.172598343,171585.524398881,2804.415649493021,OK,0.11572119222468515,0.0,1295.967040512703,3017.92106809,0.0009517273121309006,3017.92106809,0.0009517273121309006,0.0,NEITHER,True,True,0.009517273121309006,,,9840.709881391998,0.0031033523255147967,30.0
44,78,78,49,29,hoτfloaτ,2026-09-08,9023940,0.002792575,0.002791185863316059,0.0004976869158725102,IN BAND,False,True,0.0,8335.044789913,2942619.1485157,1.0,2984715.949958072,204828.856245028,-0.011022358310089313,-2446.045084230136,,0.0,,,,,0.019743737994875984,0.006055190809782208,0.019743737994875984,0.006055190809782208,,0.8930819339382066,1.1546671471585908,1,0.0,,0.0,0.0,0.0,0.0028325258449151728,0.014306095598210595,5HHHHHzg...,32955.745592505,0.5108467245526265,BUYBACK_GAMING,,False,3379782,1.0,19,5GRRRRhL...,0.179995422293431,14.398422090688033,11.806772026115574,0.0,,COUNTER,610829.352749762,0.0,0.0,DIVERGENT,1.0,0.0,1295.967040512703,3165.974907187,0.0010759037263738205,3165.974907187,0.0010759037263738205,0.0,NEITHER,True,True,0.010759037263738204,,,8901.230337682,0.003024934552666087,30.0
45,79,79,50,12,Compute Horde,2026-09-08,9023940,0.00485799,0.004855617647990584,0.000488578834125826,IN BAND,False,True,0.0,12762.782078662,3534412.142983334,1.0,2627173.04118363,424477.08753672,-0.0016389071287063602,-2053.241192879621,,0.0,,,,,-0.2790806447598154,0.005944375815197549,-0.2790806447598154,0.005944375815197549,,0.7435465626772525,0.920024497280681,1,0.38716584753483685,SKIN_IN_GAME,2787.8193254140206,2787.5941022508255,7.629510948348184e-05,0.003611005610649912,-0.2566873108734452,5ELzhHvg...,1610667.219035273,0.852200401417917,BUYBACK_JUSTIFIED,,False,2256433,0.006119334655882769,157,5Hdt5YNb...,,3.189657001736023,3.189657001736023,0.0,,COUNTER,1601363.558858282,0.0,0.0,DIVERGENT,-0.8683558878244391,2.1509760781786653,1295.967040512703,3870.537061652,0.0010951006574985759,3870.537061652,0.0010951006574985759,0.0,EXPOSED,True,True,0.010951006574985761,,UNDEFENDED_BURNER,8775.829041465,0.002482967092246769,30.0
46,80,80,51,52,Dojo,2026-09-08,9023940,0.006369538,0.006369649665430188,-1.7530859003770343e-05,IN BAND,False,True,0.0,17980.01817833,3081182.077338227,1.0,2822813.179923188,765878.969018385,-0.001055169699966047,-1155.9672132562846,,0.0,,,,,-0.1930113456878677,-0.00021329211787920584,-0.1930113456878677,-0.00021329211787920584,,0.8529194101603621,0.9488645785688733,1,0.38950217354027294,SKIN_IN_GAME,2804.4156494899653,2804.4156494899653,0.0,0.0058354286527145405,-0.08385370293504169,5Fv1ZvNP...,18935.785393986,0.9759817765867871,BUYBACK_JUSTIFIED,,False,3989825,1.0,130,5E2LP6En...,0.0,0.3885276983217053,0.3885276983217053,0.7292426485174955,,COUNTER,1156866.505663943,0.0,0.0,DIVERGENT,-0.869134947928726,2.1639559971992024,1295.967040512703,167638.354572778,0.05440715620337422,167638.354572778,0.05440715620337422,0.0,FORTRESS,True,True,0.5440715620337423,,,8621.782749070997,0.002798206186022991,30.0
47,81,81,52,43,Graphite,2026-09-08,9023940,0.004679653,0.004679953679442406,-6.424838000571e-05,IN BAND,False,True,0.0,13367.310362345,3097372.65876544,1.0,2856474.632376897,157525.812347562,-0.0008349041341164327,-70.42943353950977,,0.0,,,,,-0.0820241419002835,-0.000781688623402805,-0.0820241419002835,-0.000781688623402805,,0.8484610311784299,0.8152752572805654,1,0.31140000711348337,MINER_BURN_ONLY,2242.2151851149974,2242.0800512170804,4.57770656900891e-05,0.0043156932778224315,-0.07777493805151114,5HjMs5JD...,2933580.325615534,,,,False,3408582,0.20141305011292188,123,5FNx9hg4...,,16.62180915564103,16.62180915564103,0.0,,COUNTER,922699.33141966,0.0,0.0,DIVERGENT,-0.8363225784767052,1.7300440374857693,1295.967040512703,3451.069241962,0.0011141924534639424,3451.069241962,0.0011141924534639424,0.0,EXPOSED,True,True,0.011141924534639424,,UNDEFENDED_BURNER,9692.202451239002,0.0031291689825602544,30.0
48,82,82,53,72,StreetVision by NATIX,2026-09-08,9023940,0.002392831,0.0023936338257044554,-0.0003354003840662177,IN BAND,False,True,0.0,6560.403406438,2590519.308077467,1.0,2741690.854741889,237086.454224853,-0.000693472829379333,-740.4076317250729,,0.0,,,,,-3.959230046899662,-0.004080704672805649,-3.959230046899662,-0.004080704672805649,,1.0144684086336144,1.0702309758711979,1,0.3895021735383327,MINER_BURN_ONLY,2804.4156494759955,2804.4156494759955,0.0,0.0025324665158765985,0.05835577852200941,5FjP8fFb...,0.044002188,1.8571513923673235e-06,,,False,5064327,1.0,119,5EAHFCo6...,,0.3938290026909442,0.3938290026909442,0.06615189757519342,,COUNTER,462978.169888195,0.0,0.0,DIVERGENT,-0.8691349479280741,2.1639559971884226,1295.967040512703,413146.717070043,0.1594841296035954,407158.378920125,0.15717249342653783,5988.3381499180105,FORTRESS,True,True,1.5717249342653783,0,,9350.986605698998,0.003609695776650573,30.0
49,32,22,3,61,RedTeam,2026-09-08,9023940,0.013551816,0.013856965117156506,-0.022021352769279662,IN BAND,False,False,0.001850942,15059.258447306,4912618.292806425,1.0,1111235.498377865,635518.370237829,0.001606769924520486,6743.805900005158,,0.0,,0.1185649159138883,0.1185649159138883,0.32300897106060267,7.207296359153983,-0.26792645869290255,7.4699024218602315,-0.005320395986654458,0.2626060627062481,0.5349489505114198,0.06040290835435455,1,0.0,,0.0,0.0,0.0003356984817273201,0.0030654240874682563,-0.7737997558800785,5ECEsYL8...,,,,,False,4457976,0.03165783890220264,217,5G9hfkx9...,0.009994659342336155,0.28136350133401905,0.2785513689868186,0.012864533260083322,,COUNTER,808370.14496251,0.0,0.0,DIVERGENT,1.0,0.0,1295.967040512703,1021287.884224886,0.2078907465129875,1021287.884224886,0.2078907465129875,0.0,DORMITORY,True,True,2.078907465129875,0,,22736.93434191999,0.0046282721324418415,30.0
50,83,83,54,42,Unknown,2026-09-08,9023940,0.0024848,0.0024871942587196827,-0.0009626343866341404,IN BAND,False,True,0.0,7370.451836535,2653366.542199385,1.0,2966214.151916506,367183.768002865,-0.0007519273179352004,2865.813602682203,ACCUMULATING_PRE_EMA,0.0,,,,,-2.830499181654264,-0.011712051704048708,-2.830499181654264,-0.011712051704048708,,0.9904398650559758,0.5466059714091407,1,0.38950217360819,MINER_BURN_ONLY,2804.415649978968,2804.415649978968,0.0,0.0027777737147562007,0.1179063565503061,5EC5HHfL...,98354.638977545,,,ENTRY_REPEATED,False,3613591,1.0,11,5Gbdb5s2...,0.179995422293431,10.955111257411021,8.983241380361804,0.0,,COUNTER,510347.001992938,0.0,0.0,DIVERGENT,-0.8691349479512127,2.1639559975765286,1295.967040512703,5444.016612431,0.0020517393755626525,5444.016612431,0.0020517393755626525,0.0,EXPOSED,True,True,0.02051739375562652,,UNDEFENDED_BURNER,9358.125874882999,0.0035268877202039397,30.0
51,84,84,55,25,UR,2026-09-08,9023940,0.008650903,0.008667758433148265,-0.001944612702149685,IN BAND,False,True,0.0,15036.941274775,4175335.865153999,1.0,1738193.228894157,703561.246359184,-0.00189072698649151,-6116.577897852054,,0.0,,,,,-1.904704150241436,-0.023659454542821166,-1.904704150241436,-0.023659454542821166,,0.629410443823798,1.135545329370015,1,0.3895021735391735,SKIN_IN_GAME,2804.415649482049,2804.415649482049,0.0,0.0036013728620656466,-0.5836997753800214,5HTeZ516...,613566.662176053,37.649288734051346,BUYBACK_GAMING,,False,2998801,1.0,1,5CyQFykV...,,1.7561026032314524,1.7561026032314524,0.0,,COUNTER,952395.903630577,0.0,0.0,DIVERGENT,-0.8691143366062017,2.163955997193094,1295.967040512703,323519.372769362,0.07748343683423169,323519.372769362,0.07748343683423169,0.0,FORTRESS,True,True,0.7748343683423169,,,8647.265979013,0.0020710348240917053,30.0
52,85,85,56,63,Enigma,2026-09-08,9023940,0.007153959,0.007168082054704428,-0.001970269675576476,IN BAND,False,True,0.0,14390.88251239,3885664.282330451,1.0,2011596.985401035,1224464.31942407,-0.0023243817583002914,746.416395612061,ACCUMULATING_PRE_EMA,0.0,,,,,-7.375875025407786,-0.023971614386180458,-7.375875025407786,-0.023971614386180458,,0.6763322328052079,0.5726405333603463,1,0.0,,0.0,0.0,0.00016784924086366004,0.003703583600320453,-0.48230293180035655,5CqTmNfg...,6308.735919523,,,,False,4885578,0.0,147,5EZ52JMq...,0.0,0.27950943830574476,0.27950943830574476,0.5595452464520068,,COUNTER,725439.396179942,0.0,0.0,DIVERGENT,1.0,0.0,1295.967040512703,72397.992373783,0.018632076039868748,72397.992373783,0.018632076039868748,0.0,DORMITORY,True,True,0.1863207603986875,,,8888.149903815001,0.002287420955081657,30.0
53,86,86,57,8,Vanta,2026-09-08,9023940,0.027576048,0.02764347824268043,-0.0024392821369462097,IN BAND,False,True,0.0,78724.449123383,3133929.209170227,1.0,2854812.564705926,1399211.326044659,-0.008329727580013033,4826.876114509068,ACCUMULATING_PRE_EMA,0.0,,,,,-1.3696211237650184,-0.029677932666178884,-1.3696211237650184,-0.029677932666178884,,0.8385639319197697,0.23379797892638648,1,0.044896428990117795,MINER_BURN_ONLY,324.11013674899004,323.2542887288481,0.000289921416037231,0.025120047030107277,-0.08906283343765291,5F6tnxzA...,18689.12293666,,,,False,1477264,0.000335795836131636,1,5FeNwZ5o...,0.0,0.36852081122284,0.36852081122284,0.5356325347169235,,COUNTER,789210.992975297,0.0,0.0,OK,0.11695312637935135,0.24943094895450743,1295.967040512703,607572.528530551,0.1938692574014518,607571.159893335,0.19386882068539196,1.3686372160445899,DORMITORY,True,True,1.9386882068539197,0,,14728.310499771,0.004699630884027093,30.0
54,87,87,58,34,BitMind,2026-09-08,9023940,0.011814817,0.011844645952805877,-0.0025183490435026915,IN BAND,False,True,0.0,34627.771074042,2665452.716575069,1.0,2930876.462686453,632733.838582268,-0.0033068888932364145,13262.584669981152,ACCUMULATING_PRE_EMA,0.0,,,,,-1.2453391781884111,-0.030639913362616077,-1.2453391781884111,-0.030639913362616077,,0.9859488347543478,-1.2561065162174008,1,0.0,,0.0,0.0,0.0010986495765621385,0.012991328211793007,0.09957930044900455,5DthmKBR...,2882222.891775957,,,ENTRY_PRE_EMA_PATTERN,False,3493948,0.8016589523853169,135,5HjBSeeo...,0.179995422293431,0.665797993404657,0.5459574024196667,0.9802386620277116,,COUNTER,359469.273754254,68043.177700235,2775.010401168998,OK,0.11680419640346026,0.0,1295.967040512703,130490.393269041,0.04895618386234687,130490.393269041,0.04895618386234687,0.0,DORMITORY,True,True,0.48956183862346875,,,10927.271861164005,0.004099593211019263,30.0
55,88,88,59,48,Quantum Compute,2026-09-08,9023940,0.004153129,0.004164414247497916,-0.0027099243320225608,IN BAND,False,True,0.0,10640.15091169,3222280.79235779,1.0,2561959.901662667,690355.455892755,-0.0027008449742481964,8617.165827695746,ACCUMULATING_PRE_EMA,0.0,,,,,-1.807273710752005,-0.03297074603960782,-1.807273710752005,-0.03297074603960782,,0.8155713823055917,-0.2020059157030602,1,0.0,,0.0,0.0,3.0518043793392735e-05,0.0033020557789144272,-0.20492337731035393,5GNH5YMk...,6670.481100484,,,,False,3856677,0.9002487296476585,141,5EZ52JMq...,0.0,0.32540231472181014,0.32540231472181014,0.7199450633297726,,COUNTER,695492.461656953,0.0,0.0,DIVERGENT,1.0,0.0,1295.967040512703,101862.559282014,0.031611943789504354,101862.559282014,0.031611943789504354,0.0,DORMITORY,True,True,0.3161194378950435,,,9099.742709676004,0.0028240067505158634,30.0
56,89,89,60,126,Poker44,2026-09-08,9023940,0.004207079,0.004218627233058214,-0.0027374386074501917,IN BAND,False,True,0.0,2407.28183758,1261740.490725705,1.0,572197.990201259,63791.318963484,-0.0001583244541660852,978.0920486508403,ACCUMULATING_PRE_EMA,0.0,,,,,-2.4401818639903534,-0.03330550305731066,-2.4401818639903534,-0.03330550305731066,,2.082837175565694,1.701612597608177,1,0.3895021735395777,MINER_BURN_ONLY,2804.4156494849594,2804.4156494849594,0.0,0.0019079056709953273,-0.546501106588365,5DqrUa2z...,537268.36844604,,,,False,7525773,1.0,144,5E71dFFn...,,0.7637674020026946,0.7637674020026946,0.015366772977674687,,COUNTER,410122.03403596,5493.154491675,0.0,DIVERGENT,-0.8691349479284924,2.1639559971953397,1295.967040512703,171439.094523612,0.13587508349280825,1096.553699538,0.0008690802170478846,170342.540824074,EXPOSED,False,False,1.142414643788677,0,,26032.721090855008,0.020632389371828735,30.0
57,90,90,61,121,sundae_bar,2026-09-08,9023940,0.00440606,0.004419623874127865,-0.003069010964319128,IN BAND,False,True,0.0,6170.952153264,2908388.159013302,1.0,1400560.070349096,551320.244609382,-0.0014768339828714987,-130.4397236877121,,0.0,,,,,-2.6776735676987204,-0.03733963339921605,-2.6776735676987204,-0.03733963339921605,,0.9035932813354507,0.8759644774630356,1,0.38950217354124306,MINER_BURN_ONLY,2804.41564949695,2804.41564949695,0.0,0.002121777361161295,-0.5184411103885795,5CXGaDJs...,1858675.366622049,,,,False,5766528,1.0,0,5EL9y2gd...,0.179995422293431,1.0035973614631817,0.8229544305740432,0.7312681214710819,,COUNTER,1295852.134686999,0.0,0.0,DIVERGENT,-0.8690945034601215,2.163955997204592,1295.967040512703,202885.709556554,0.06975881432050146,202885.709556554,0.06975881432050146,0.0,FORTRESS,True,True,0.6975881432050146,,,12314.718995910998,0.0042342075137896595,30.0
58,91,91,62,9,iota,2026-09-08,9023940,0.028888285,0.028997629415243864,-0.00377080531922319,IN BAND,False,True,0.0,57275.356675758,4036098.352532625,1.0,1982649.914357336,1097197.639739405,0.01301328860220348,7165.894390510395,,0.0,,,0.4504694066194473,,-1.4445215198130323,-0.045878131383882144,-1.4445215198130323,-0.045878131383882144,,0.6511238752026316,-0.03010539019608444,1,0.08305264636059147,MINER_BURN_ONLY,598.0240984288976,597.9790537962585,1.5259021896696368e-05,0.014190773284753601,-0.5087706561758997,5Fsbubec...,18854.856609708,,,ENTRY_REPEATED,False,1489797,0.3199255348368786,209,5Fsbubec...,0.179995422293431,15.810481778536136,12.964667434145928,0.0,,COUNTER,1178993.596400251,46681.104420658,0.0,DIVERGENT,-0.3861969885355574,0.46141532546976616,1295.967040512703,566487.003304132,0.14035510382165617,566487.003304132,0.14035510382165617,0.0,FORTRESS,True,True,1.4035510382165617,0,,11587.618324656001,0.002870995033454734,30.0
59,92,92,63,122,CookingTAO,2026-09-08,9023940,0.004569447,0.004588004434481263,-0.0040447725686127015,IN BAND,False,True,0.0,1425.758531185,687739.428311499,1.0,312019.922507271,46540.137850324,0.0003625880589275153,575.4600264513865,,0.0,,,0.0793505338671212,,-0.6583935928234239,-0.04921139958478787,-0.6583935928234239,-0.04921139958478787,,3.8212146807579797,3.3515101052015566,1,0.38950217354152605,MINER_BURN_ONLY,2804.4156494989875,2804.4156494989875,0.0,0.0020731086113318325,-0.5463108311942708,5F3uH1G4...,397078.062389622,,,ENTRY_REPEATED,True,8238082,1.0,0,5CfPqfaz...,0.179995422293431,3.5425797417076477,2.904931605090826,0.3055254604550379,,COUNTER,326169.479151492,4689.8056909,0.0,DIVERGENT,-0.869134947929147,2.163955997206164,1295.967040512703,118321.169932675,0.17204360410623948,118321.169932675,0.17204360410623948,0.0,FORTRESS,False,True,1.720436041062404,0,,37609.00871726,0.05468496812752997,30.0
60,93,93,64,27,Orion,2026-09-08,9023940,0.002454068,0.002464613178744912,-0.004278634406346241,IN BAND,False,True,0.0,6388.366964825,3415979.349437554,1.0,2603173.465740578,828176.99408352,-0.002571603639063033,6534.031441795174,ACCUMULATING_PRE_EMA,0.0,,,,,-3.5327145427296784,-0.052056718610545935,-3.5327145427296784,-0.052056718610545935,,0.7693254938536745,0.0319571414748347,1,0.3895021735399819,MINER_BURN_ONLY,2804.41564948787,2804.41564948787,0.0,0.0018701421499743123,-0.23794200080262143,5GLT9wjW...,58672.938736729,,,,False,1727132,1.0,203,5H6Bqkzj...,0.179995422293431,18.364275523214904,15.058789995300918,0.0,,COUNTER,1305192.839063247,0.0,0.0,DIVERGENT,-0.8691349479286282,2.1639559971975855,1295.967040512703,29259.979274079,0.008565619484466935,29259.979274079,0.008565619484466935,0.0,FORTRESS,True,True,0.08565619484466937,,,8863.898586696,0.0025948337738503757,30.0
61,94,94,65,31,rec4ll,2026-09-08,9023940,0.004347566,0.004368483554571867,-0.004788287356599023,IN BAND,False,True,0.0,1879.777287963,1761557.506057438,1.0,432374.620735366,52984.972306945,-3.4653599990985635e-05,231.99466387421126,ACCUMULATING_PRE_EMA,0.0,,,,,-7.01664344184419,-0.05825749617195478,-7.01664344184419,-0.05825749617195478,,1.491861600295841,1.3728763499609244,1,0.38950217354193833,MINER_BURN_ONLY,2804.415649501956,2804.415649501956,0.0,0.001067110941027495,-0.7545498007327559,5H3mfhC8...,888711.636381643,,,,False,7173591,1.0,0,5CDZ527X...,0.179995422293431,1.7666766207450224,1.4486829163380903,0.45719387132218287,,COUNTER,740550.675293718,729.248648798,0.0,DIVERGENT,-0.8691349479292856,2.1639559972084546,1295.967040512703,415729.836844864,0.23600128602972134,415729.836844864,0.23600128602972134,0.0,FORTRESS,False,True,2.3600128602972132,0,,20666.144408669003,0.011731745536324919,30.0
62,95,95,66,35,OxMarkets,2026-09-08,9023940,0.002322056,0.002335457131266594,-0.005738119140438346,IN BAND,False,True,0.0,6976.952294489,2925373.808103572,1.0,3004643.722927846,794431.135702975,-0.005304274305624786,-2314.185133745428,,0.0,,,,,-4.042831842898269,-0.0698137828753332,-4.042831842898269,-0.0698137828753332,,0.8983467318672856,1.1449134594344064,1,0.0,,0.0,0.0,1.5259021896696368e-05,0.0023849780411522655,0.027097555421689058,5EqZVDbW...,9248.54954318,0.0,,,False,3037158,0.0,22,5E2LP6En...,0.0,0.3216825919218893,0.3216825919218893,0.1439318795684485,,COUNTER,266886.343998939,0.0,0.0,DIVERGENT,1.0,0.0,1295.967040512703,90000.981214865,0.030765634451759106,90000.981214865,0.030765634451759106,0.0,DORMITORY,True,True,0.30765634451759133,,,8993.273020974995,0.0030742303756404557,30.0
63,96,96,67,83,CliqueAI,2026-09-08,9023940,0.009270253,0.009326815837994218,-0.006064538956993375,IN BAND,False,True,0.0,8359.63562109,2787799.040660078,1.0,901769.902415894,152152.497922011,0.000950791968390149,6261.9611116043525,,0.0,,,0.10256375617689713,,-2.856464587800146,-0.07378522397675272,-2.856464587800146,-0.07378522397675272,,0.942679139231556,0.06916610574672807,1,0.0,,0.0,0.0,0.0018005645838101714,0.0029986507273891076,-0.6765297853910667,5DqEjRLy...,942057.395006437,,,,False,5231190,0.0,198,5E2LP6En...,0.0,0.43335690864478704,0.43335690864478704,0.09931026063602515,,COUNTER,345172.824104195,26063.92679357,0.0,DIVERGENT,1.0,0.0,1295.967040512703,8057.340853611,0.0028902158068406653,8057.340853611,0.0028902158068406653,0.0,NEITHER,True,True,0.028902158068406653,,,15025.17680384501,0.005389619762652419,30.0
64,97,97,68,119,Satori,2026-09-08,9023940,0.002615139,0.0026349311228841543,-0.007511438425187502,IN BAND,False,True,0.0,3302.384888109,1586036.197679964,1.0,1262794.75092372,71895.685693322,-0.0008647727937628405,8547.622892305488,ACCUMULATING_PRE_EMA,0.0,,,,,-1.7383708579203738,-0.09138916750644793,-1.7383708579203738,-0.09138916750644793,,1.656960921726887,-0.3941119481310619,1,0.38950217372417684,MINER_BURN_ONLY,2804.415650814073,2804.415650814073,0.0,0.002082162369900316,-0.20380432172044544,5GbLENPL...,107066.948382831,,,ENTRY_REPEATED,False,5740660,1.0,0,5HMwvi1d...,0.179995422293431,10.707142063019058,8.779905505830184,0.06394018007019685,,COUNTER,856242.33052464,0.0,0.0,DIVERGENT,-0.869134947990514,2.163955998220916,1295.967040512703,20722.542632217,0.013065617709437972,20722.542632217,0.013065617709437972,0.0,FORTRESS,True,True,0.1306561770943797,,,17537.511653421003,0.011057447288450718,30.0
65,98,98,69,78,Umi,2026-09-08,9023940,0.004794257,0.004832056351006031,-0.00782262214267463,IN BAND,False,True,0.0,1608.443597115,964696.943319782,1.0,335493.906887462,151995.124246158,0.0001379181554245564,-465.3511608837289,DISTRIBUTING_PRE_EMA,0.0,,,0.028767368003958987,,-4.008872131228711,-0.095175236069208,-4.008872131228711,-0.095175236069208,,2.724171583830611,2.7822278907645166,1,0.38950217353986066,SKIN_IN_GAME,2804.4156494869967,2804.4156494869967,0.0,0.001667304543932639,-0.6522287929218982,5GvYz1tB...,1163548.710311835,24.531367043749384,BUYBACK_GAMING,,False,7966145,1.0,211,5FeKsRjZ...,0.09999237048905166,2.297246407718257,2.06753929381305,0.032580000305199065,,COUNTER,76525.039856281,8107.779671713,0.0,DIVERGENT,-0.8689502668745942,2.163955997196912,1295.967040512703,68859.65744064,0.07137957460886667,68859.65744064,0.07137957460886667,0.0,FORTRESS,False,True,0.7137957460886674,,,34103.12284914701,0.035351125641373944,30.0
66,99,99,70,57,SN57,2026-09-08,9023940,0.00494024,0.004983282880857587,-0.008637454843859724,IN BAND,False,True,0.0,1793.189997646,1009330.185647195,1.0,362976.274987265,32720.379859012,-0.00013780237056893412,3231.923997496313,ACCUMULATING_PRE_EMA,0.0,,,,,-2.002804937005004,-0.10508903393362665,-2.002804937005004,-0.10508903393362665,,2.603706930963225,1.306890591737828,1,0.3895021736938927,MINER_BURN_ONLY,2804.4156505960273,2804.4156505960273,0.0,0.0017766138605041168,-0.6403790381633045,5HdpnCSY...,894601.004467019,,,ENTRY_REPEATED,False,8057320,1.0,0,5Ejcqsbx...,0.179995422293431,1.9933923981928015,1.634590891683573,0.6550792754574171,,COUNTER,397300.764983043,6427.093693354,0.0,DIVERGENT,-0.8691349479803392,2.163955998052667,1295.967040512703,1254.306998862,0.0012427122627445477,1254.306998862,0.0012427122627445477,0.0,EXPOSED,False,True,0.012427122627445476,,,30918.223574985997,0.030632417433508988,30.0
67,100,100,71,69,Herald,2026-09-08,9023940,0.00786715,0.007935772417113185,-0.008647225941762583,IN BAND,False,True,0.0,4174.943843163,1264587.273315395,1.0,530680.570172797,73781.249238693,0.0011393261345515797,1452.9469329533167,,0.0,,,0.14482069549348617,,-3.35288677712017,-0.10520791562477809,-3.35288677712017,-0.10520791562477809,,2.078148385211973,1.559477037825479,1,0.3895021737222285,MINER_BURN_ONLY,2804.415650800045,2804.415650800045,0.0,0.0033014280083789407,-0.5803527315001061,5HBPFVcJ...,515029.357300614,,,,False,8138182,1.0,0,5FWB5CFZ...,0.179995422293431,2.68724572022751,2.203553792008944,0.2844869681987426,,COUNTER,361383.343746757,4110.268380516,0.0,DIVERGENT,-0.8691349479898595,2.163955998210092,1295.967040512703,485.813350565,0.0003841675152173032,485.813350565,0.0003841675152173032,0.0,EXPOSED,False,True,0.003841675152173032,,,24937.80877497499,0.01972011683273944,30.0
68,101,101,72,100,Cortex,2026-09-08,9023940,0.005310132,0.0053575977217406034,-0.00885951581396114,IN BAND,False,True,0.0,2917.98342851,1946212.764870218,1.0,549512.421382218,379289.967434739,-0.001453934361040321,20211.529469220666,ACCUMULATING_PRE_EMA,0.0,,,,,-5.379841169177826,-0.10779077573652719,-5.379841169177826,-0.10779077573652719,,1.3503148512003755,-2.4919447340755077,1,0.3895021735422132,MINER_BURN_ONLY,2804.415649503935,2804.415649503935,0.0,0.0014993136830569417,-0.7176503930491857,5FX6kmhY...,1206548.989278656,,,ENTRY_REPEATED,False,6693448,1.0,0,5ExuWpCM...,0.179995422293431,1.3253771229186913,1.0868153079808889,0.48414515046084355,,COUNTER,711736.772918899,1077.059572996,0.0,DIVERGENT,-0.8691349479293778,2.1639559972099818,1295.967040512703,268863.497675589,0.1381470220156109,268863.497675589,0.1381470220156109,0.0,FORTRESS,False,True,1.3814702201561104,0,,23604.159892312997,0.012128252531468226,30.0
69,102,102,73,46,Instant,2026-09-08,9023940,0.003286153,0.0033171409741044044,-0.009341771828907847,IN BAND,False,True,0.0,8159.152674014,3236840.723343261,1.0,2482888.580700784,1443218.375978823,-0.006844200137852545,25060.662842463702,ACCUMULATING_PRE_EMA,0.0,,,,,-8.070351529651386,-0.1136582239183788,-8.070351529651386,-0.1136582239183788,,0.8119027856537832,-2.0439514501852014,1,0.3895021736620725,MINER_BURN_ONLY,2804.415650366922,2804.415650366922,0.0,0.0025207149104286455,-0.23292831757114002,5Ft9E2ov...,690257.76238132,,,,False,3919107,1.0,238,5CDnZ6oe...,0.179995422293431,1.916276985751716,1.5713559004701527,0.22760220353725719,,COUNTER,1000159.179339074,28041.129768459,0.0,DIVERGENT,-0.8691349479696483,2.1639559978758833,1295.967040512703,168937.479293839,0.05219208905631514,168937.479293839,0.05219208905631514,0.0,FORTRESS,True,True,0.5219208905631517,,,9444.283384033,0.002917747331811313,30.0
70,38,39,74,85,Vidaio,2026-09-08,9023940,0.004808435,0.00484150112606585,-0.006829725988873131,IN BAND,False,False,0.000287597,12286.904409592,2602705.419307613,1.0,2555280.947896077,1411592.65075304,-0.006693889346863315,6374.332783254795,ACCUMULATING_PRE_EMA,0.0,,,,0.06151304598821221,-2.156605593139294,-0.08309499953128975,-2.2117730944616745,-0.13826250085367006,-0.05516750132238031,1.009718572261288,0.11668054731059252,1,0.08276519893530271,MINER_BURN_ONLY,631.7315832930035,631.5514047624473,6.103608758678547e-05,0.004720820235146179,-0.018221056300817346,5GTPBjA4...,2970274.626633479,,,,False,5258781,0.4133616151134577,0,5FR392L6...,0.179995422293431,0.435167530565785,0.35683936713320696,0.99961851863155,,COUNTER,501910.834896442,0.0,0.0,DIVERGENT,-0.32729333064982064,0.48732057607930873,1295.967040512703,143874.406841709,0.05527879020591708,143874.406841709,0.05527879020591708,0.0,FORTRESS,True,True,0.5527879020591708,,,16557.550173982007,0.006361668920021976,30.0
71,103,103,75,116,Memo,2026-09-08,9023940,0.005917169,0.005996855907142162,-0.013288114367940132,IN BAND,False,True,0.0,1427.682651588,685359.485222388,1.0,241277.991130371,107191.890574616,0.0001614247536338362,1750.6579085319536,,0.0,,,0.027280740778881964,,-7.667582867056147,-0.1616720581432716,-7.667582867056147,-0.1616720581432716,,3.8344840286951847,2.7269087856407306,1,0.3895021736234695,MINER_BURN_ONLY,2804.4156500889803,2804.4156500889803,0.0,0.002083115040167191,-0.6479541077553825,5F48aA3P...,100148.430364639,,,,True,8294730,1.0,0,5CXN6pP6...,0.179995422293431,10.75889066631388,8.822339597421859,0.0,,COUNTER,209501.739115741,1764.319155568,0.0,DIVERGENT,-0.8691349479566784,2.163955997661417,1295.967040512703,30.45052749,4.443000811482065e-05,30.45052749,4.443000811482065e-05,0.0,EXPOSED,False,True,0.0004443000811482065,,,36736.945983045,0.05360244773022214,30.0
72,104,104,76,110,Green Compute,2026-09-08,9023940,0.012043661,0.012227336643263698,-0.015021721297326662,IN BAND,False,True,0.0,7062.756645189,2879452.275354291,1.0,586429.41352375,391607.432442996,0.0008840356011466324,5038.574431781424,,0.0,,,0.07340256431550443,,-8.389535883200269,-0.18276427578414103,-8.389535883200269,-0.18276427578414103,,0.9126735742396175,0.2276054841265079,1,0.0,,0.0,0.0,0.0,0.0024528125385651655,-0.7963399552208282,5D53sX6A...,1601193.9480975969,,,,False,5606062,1.0,155,5FmpATto...,0.179995422293431,10.182544819594513,8.34973336476981,0.0,,COUNTER,653602.202903777,0.0,0.0,DIVERGENT,1.0,0.0,1295.967040512703,9205.92186508,0.0031971086806595163,9205.92186508,0.0031971086806595163,0.0,NEITHER,True,True,0.03197108680659516,,,17653.307988245997,0.006130786795580391,30.0
73,105,105,77,39,deprecated,2026-09-08,9023940,0.007625268,0.007742563262581825,-0.015149409646891536,IN BAND,False,True,0.0,18433.445828681,3586343.564431481,1.0,2417415.863156325,1092426.314539293,-0.008167090216750057,6754.180758015718,ACCUMULATING_PRE_EMA,0.0,,,,,-2.5802275577749754,-0.18431781737051367,-2.5802275577749754,-0.18431781737051367,,0.732779766574483,0.008045607254094199,1,0.3895021735390118,MINER_BURN_ONLY,2804.415649480885,2804.415649480885,0.0,0.00513989959341866,-0.32593849902473454,5DkwfxC9...,563791.487957336,,,,False,3280104,1.0,136,5GP7c3fF...,0.0009918364232852674,2.2836389284169702,2.2813739321501343,0.19491835800396765,,COUNTER,1533441.238225967,0.0,0.0,DIVERGENT,-0.8691349479283023,2.1639559971921956,1295.967040512703,486296.535734685,0.13559675111934635,484721.591325706,0.13515760066410304,1574.944408979034,FORTRESS,True,True,1.351576006641031,0,,9168.068416959002,0.0025563831942610757,30.0
74,106,106,78,16,trav,2026-09-08,9023940,0.001511701,0.001540712546557188,-0.018829954115721304,IN BAND,False,True,0.0,413.089932262,427018.872901831,1.0,273261.633630531,51264.947199952,0.000900611716787907,3119.26409006177,,0.0,,,0.595760482256681,,-10.07562095525572,-0.22909777507460918,-10.07562095525572,-0.22909777507460918,,6.1542947320835655,3.202212283933069,1,0.0,,0.0,0.0,0.0,0.0009673809718404807,-0.3600712231846902,5FkKY8WJ...,670589.406395776,,,,True,8460646,1.0,1,5E2LP6En...,0.0,0.9520260121857581,0.9520260121857581,0.4076052125614185,,COUNTER,63578.799840379,0.04568655,0.0,DIVERGENT,1.0,0.0,1295.967040512703,7333.737256624,0.017174269621356947,0.0,0.0,7333.737256624,NEITHER,False,False,0.13379206978032487,,,43239.828706720014,0.10125976028385186,30.0
75,107,107,79,49,Nepher Robotics,2026-09-08,9023940,0.007602225,0.007748521864414215,-0.018880615809590322,IN BAND,False,True,0.0,4115.764341143,2232820.385392133,1.0,541389.51692584,149363.943925835,-3.683535129229573e-05,9204.7337967864,ACCUMULATING_PRE_EMA,0.0,,,,,-4.893653230909873,-0.22971415901668224,-4.893653230909873,-0.22971415901668224,,1.1769867460872652,-0.3927075742363983,1,0.3856007194721462,MINER_BURN_ONLY,2776.3702248320915,2776.3251801994525,1.5259021896696368e-05,0.0018433029222008736,-0.7575311277684003,5FL781vf...,1733025.256997804,,,,False,6783158,0.9900051881466109,7,5E2LP6En...,0.0,1.932386207077765,1.932386207077765,0.0057986937679301714,,COUNTER,768579.105501258,837.682351088,0.0,DIVERGENT,-0.8558818193596133,2.1422807011365803,1295.967040512703,462097.602286592,0.20695690764460542,462097.602286592,0.20695690764460542,0.0,FORTRESS,False,True,2.0695690764460544,0,,18051.438921484005,0.008084590699539752,30.0
76,108,108,80,90,KubeTEE,2026-09-08,9023940,0.026970975,0.027551963226869702,-0.0210869992125679,IN BAND,False,True,0.0,2015.175618708,267693.847680358,1.0,74716.452217415,63811.204594435,,-155.4976755520329,,,,,,,-8.93013364414777,-0.2565584904195761,-8.93013364414777,-0.2565584904195761,,9.817184902725089,6.831092229065869,1,0.0,,0.0,0.0,1.5259021896696368e-05,0.007527911590684881,-0.7208884146500124,5C9y6fnL...,553739.649561176,7.975338519109678,BUYBACK_GAMING,,True,8618670,0.7378765221106601,0,5EKtGWqs...,0.179995422293431,2.304535858582071,1.8897299535262366,0.446477347290678,,COUNTER,0.0,95420.608889753,2070.5623316519923,OK,0.15056025244339608,0.0,1295.967040512703,58826.851812817,0.21975421670153467,58826.851812817,0.21975421670153467,0.0,DORMITORY,False,True,2.1975421670153463,0,,54275.46380344702,0.20275200298310583,30.0
77,109,109,81,84,SN84,2026-09-08,9023940,0.002297509,0.002349738497287035,-0.0222277914531077,IN BAND,False,True,0.0,1425.786499148,714961.894835345,1.0,620579.136817996,67291.657610478,-0.004139727322791386,1498.4338987256633,ACCUMULATING_PRE_EMA,0.0,,,,,-10.29254889642928,-0.2704381293461437,-10.29254889642928,-0.2704381293461437,,3.6757203691327156,2.2352132981121593,1,0.0,,4.0500162867829204e-07,0.0,0.0002746623941405346,0.0019942132712909926,-0.13201068144194755,5G1hDNpP...,213338.49652244902,,,,False,8085297,0.999542103576171,53,5ER6FGBV...,0.179995422293431,2.7159258040587932,2.2270715920396045,1.0,,COUNTER,43139.508393593,51148.796179279,982.9662610910018,DIVERGENT,0.27185864578461927,0.0,1295.967040512703,660.436412233,0.0009237365193918453,660.436412233,0.0009237365193918453,0.0,NEITHER,False,True,0.009237365193918452,,,3179.689025478,0.0044473545351815975,30.0
78,110,110,82,40,Ralph,2026-09-08,9023940,0.003861233,0.003949807025492191,-0.022424899474969676,IN BAND,False,True,0.0,1780.941040777,413730.58318549,1.0,461236.36773464,79294.785272079,-1.8552276038102824e-06,8224.82445447828,ACCUMULATING_PRE_EMA,0.0,,,,,-16.49918237178495,-0.27283627694546436,-16.49918237178495,-0.27283627694546436,,6.351959721628254,-1.2237743895531883,1,0.0,,0.0,0.0,0.0,0.004304591231967353,0.11482296768088156,5HeKCDfd...,763062.631598687,,,,True,8409860,1.0,6,5E2LP6En...,0.0,0.8759849578598559,0.8759849578598559,0.22767502899346884,,COUNTER,22349.634720453,0.042920633,0.0,DIVERGENT,1.0,0.0,1295.967040512703,22427.898380107,0.054208944882500464,22427.898380107,0.054208944882500464,0.0,DORMITORY,False,True,0.5420894488250046,,,41725.76385928,0.10085250052827946,30.0
79,39,70,83,101,Tag101,2026-09-08,9023940,0.004288288,0.004309715935960412,-0.004972006572780419,IN BAND,False,True,4.8e-08,3852.285852065,2461919.549804124,1.0,898327.068861602,165968.316801032,0.0003527464605012477,5372.650891207508,,0.0,,,0.08225810871407135,3.2745233568890295e-05,-2.454650398029416,-0.060492746635495094,-2.6712758663535316,-0.2771182149596105,-0.21662546832411536,1.0674597389703857,0.21665821355768425,1,0.3492852729646572,MINER_BURN_ONLY,2524.4319786020787,2514.8825164826007,0.00323491264209963,0.0015647488775055614,-0.6351110565555388,5H8dNvi1...,1335567.753153174,,,ENTRY_REPEATED,False,5481350,0.9028672902346799,0,5H6Dezn7...,0.179995422293431,1.1907893217484729,0.9764526949178481,0.5761025484510911,,COUNTER,878343.008719471,6970.543419914,0.0,DIVERGENT,-0.8546177388378848,1.940545120258365,1295.967040512703,13574.61335476,0.0055138330396864626,13574.61335476,0.0055138330396864626,0.0,FORTRESS,True,True,0.055138330396864624,,,15245.777983024998,0.006192638579208645,30.0
80,111,111,84,112,parked,2026-09-08,9023940,0.003028136,0.0030992161482572556,-0.022934879291083114,IN BAND,False,True,0.0,3942.418055117,2193709.135872729,1.0,1301929.050802309,154243.299731097,-0.0010482548438311206,34041.64674199396,ACCUMULATING_PRE_EMA,0.0,,,,,-6.116275010073409,-0.27904103137484454,-6.116275010073409,-0.27904103137484454,,1.1979710331809763,-4.471682458901192,1,0.3895021735384782,MINER_BURN_ONLY,2804.415649477043,2804.415649477043,0.0,0.001797147119756411,-0.4065170389452749,5GyUNPbb...,673970.102953742,,,,False,5633022,1.0,0,5C4xjnQk...,0.179995422293431,2.168173124492282,1.777911887344026,0.35620765427577367,,COUNTER,995201.8205571,0.0,0.0,DIVERGENT,-0.869134947928123,2.1639559971892313,1295.967040512703,109192.016768061,0.04977506588384647,109192.016768061,0.04977506588384647,0.0,FORTRESS,True,True,0.4977506588384647,,,16346.889725248,0.007451712470871702,30.0
81,112,112,85,113,TensorUSD,2026-09-08,9023940,0.002398188,0.0024545721244066954,-0.022971060351434702,IN BAND,False,True,0.0,1781.15203446,1575490.711841721,1.0,742707.212465171,66176.775243144,-0.0004889739469761811,15603.971103458316,ACCUMULATING_PRE_EMA,0.0,,,,,-6.361656314093405,-0.27948123427578886,-6.361656314093405,-0.27948123427578886,,1.6680517252481382,-2.0207604516699376,1,0.3877387302166608,MINER_BURN_ONLY,2791.7188575599575,2791.7188575599575,0.0,0.0011305379467314437,-0.5285866050820687,5GndoVhM...,573667.518996875,,,ENTRY_PRE_EMA_PATTERN,False,7119664,1.0,0,5FRumLA6...,0.179995422293431,2.441693418255445,2.0021997803254648,0.3263633449838978,,COUNTER,761978.351129879,0.0,0.0,DIVERGENT,-0.8685397711140697,2.154158840687425,1295.967040512703,66203.86737658,0.042021109282954036,66203.86737658,0.042021109282954036,0.0,FORTRESS,False,True,0.4202110928295435,,,19806.804020931995,0.01257183166619763,30.0
82,113,113,86,94,pending...,2026-09-08,9023940,0.003408218,0.003492496907711029,-0.02413141942229091,IN BAND,False,True,0.0,1997.67380604,1781520.887352455,1.0,586134.263013217,114074.191159355,-7.290167659344193e-05,7214.425932684098,ACCUMULATING_PRE_EMA,0.0,,,,,-15.080051814058105,-0.29359893630453937,-15.080051814058105,-0.29359893630453937,,1.4751440854030684,-0.07810151340308158,1,0.3895021735397232,MINER_BURN_ONLY,2804.415649486007,2804.415649486007,0.0,0.001121330555382246,-0.6709921268585971,5CnwnkkC...,734550.925948003,,,,False,6962737,1.0,0,5EeKtCKE...,0.179995422293431,2.0125123058210463,1.6502693034640605,0.3720032352088388,,COUNTER,759901.204878929,0.075116968,0.0,DIVERGENT,-0.8691349479285413,2.163955997196148,1295.967040512703,273.723032556,0.00015364570491384133,273.723032556,0.00015364570491384133,0.0,EXPOSED,False,True,0.001536457049138413,,,19820.36004873201,0.011125527738373782,30.0
83,114,114,87,95,Actual,2026-09-08,9023940,0.04215692,0.043218942591920495,-0.024573081344175064,IN BAND,False,True,0.0,27277.636324824,2918069.581898554,1.0,647050.024457614,573997.636529769,-0.0011390409750780188,22826.541012055473,ACCUMULATING_PRE_EMA,0.0,,,,,-3.982174149914551,-0.29897248968746326,-3.982174149914551,-0.29897248968746326,,0.9005953854911749,-1.989611002783621,1,0.38950217353930283,MINER_BURN_ONLY,2804.4156494829804,2804.4156494829804,0.0,0.009347836149635825,-0.7782609320216984,5D5UhUuc...,460584.460602543,,,ENTRY_REPEATED,False,5403674,1.0,0,5ExqqyEB...,0.179995422293431,2.3393885483815886,1.918309318707228,0.0,,COUNTER,1055523.173451179,14658.86980412,0.0,DIVERGENT,-0.869134947928566,2.1639559971938125,1295.967040512703,9024.997700073,0.003092797291763398,9024.997700073,0.003092797291763398,0.0,EXPOSED,True,True,0.030927972917633988,,UNDEFENDED_BURNER,15433.099700522995,0.005288804556360823,30.0
84,115,115,88,92,MicroTensor,2026-09-08,9023940,0.003413328,0.0035001239739358425,-0.02479797132392468,IN BAND,False,True,0.0,929.887686677,577850.982948959,1.0,272428.450077067,77358.416927625,-2.6195570558567144e-05,6000.99637327611,ACCUMULATING_PRE_EMA,0.0,,,,,-18.34273247033819,-0.30170865110775025,-18.34273247033819,-0.30170865110775025,,4.5478853156716506,0.49036527755323983,1,0.19474631754741148,MINER_BURN_ONLY,1402.2185309740016,1402.1734863413626,1.5259021896696368e-05,0.0016092171063402624,-0.5285489392345939,5E9LPDS2...,601893.259382963,,,,True,8352006,0.5,0,5FeHbWK1...,0.179995422293431,1.7287542756315388,1.4175864197476655,0.4657114081670024,,COUNTER,212229.164902365,0.041020142,0.0,DIVERGENT,-0.6978271368482144,1.081951502243948,1295.967040512703,50000.0,0.08652749839557936,50000.0,0.08652749839557936,0.0,FORTRESS,False,True,0.8652749839557935,,,40543.623091279005,0.07016276563963236,30.0
85,116,116,89,125,Refinery,2026-09-08,9023940,0.003580129,0.003680565394461155,-0.027288305925035485,IN BAND,False,True,0.0,6199.489973517,2603445.277382524,1.0,1731638.559578668,240221.032184173,-0.00024021262101779379,23914.488649802282,ACCUMULATING_PRE_EMA,0.0,,,,,7.435530956666682,-0.3320077220879317,7.435530956666682,-0.3320077220879317,,1.0094316261727472,-2.3839507051797915,1,0.3895021735909783,MINER_BURN_ONLY,2804.4156498550437,2804.4156498550437,0.0,0.0023812637920125213,-0.3348664832991992,5DTzv2rL...,72136.757508262,,,,False,5834408,1.0,0,5CFFokuo...,0.179995422293431,14.936712571688476,12.24817268467181,0.0,,COUNTER,1290865.446942277,0.0,0.0,DIVERGENT,-0.8568266695754143,2.1639559974809055,1295.967040512703,225923.662897553,0.08677872542982513,225923.662897553,0.08677872542982513,0.0,FORTRESS,True,True,0.8677872542982514,,,11553.836847987,0.004437902708522878,30.0
86,117,117,90,47,Feval,2026-09-08,9023940,0.002739519,0.0028371447697281837,-0.034409865428734095,IN BAND,False,True,0.0,1245.254896323,1482875.409530234,1.0,454552.342589089,46772.763595347,1.9567391779975152e-05,20380.758846789133,,0.0,,,0.007142637733111233,,-9.947462552766163,-0.4186533627162648,-9.947462552766163,-0.4186533627162648,,1.7722325038976365,-3.3045001964366323,1,0.35492240948046205,MINER_BURN_ONLY,2555.486392891966,2555.441348259327,1.5259021896696368e-05,0.0008397569265225655,-0.693465558544195,5GBmFsPk...,941545.912929929,,,ENTRY_REPEATED,False,7340355,0.9320352793969543,0,5GjN9n3n...,0.179995422293431,1.7164186154762389,1.407471121951287,0.5678859741488501,,COUNTER,667826.319754052,52.790049364,0.0,DIVERGENT,-0.856387417667023,1.9718413110632487,1295.967040512703,91477.140581357,0.06168902659889438,1082.01056104,0.000729670580607156,90395.130020317,EXPOSED,False,False,0.663493899903879,,,23031.061526996014,0.015531353058374685,30.0
87,41,8,91,44,Score,2026-09-08,9023940,0.039545165,0.03954797447659075,-7.103970880772694e-05,IN BAND,False,False,0.005495617,68610.527880517,4168985.81469921,1.0,1734991.595895934,2192112.159145037,-0.0010141890605900883,354.9895965321921,ACCUMULATING_PRE_EMA,0.0,,,,0.21049949507969262,2.637418581953838,-0.0008643164571606778,2.1969109031859833,-0.4413719952250154,-0.44050767876785474,0.6303691393561647,0.6510071738475474,1,0.015708378077955193,SKIN_IN_GAME,128.81797538301907,128.81797538301907,0.0,0.016457366594677943,-0.583833659698273,5CaCekux...,267538.526044965,0.33367909704147786,BUYBACK_GAMING,,False,3550319,1.0,124,5FLoWCDo...,0.179995422293431,1.9149573192573617,1.5702737679037362,0.008087898672363803,,COUNTER,507044.837883963,2206.282255223,0.0,DIVERGENT,0.6955395226001264,0.09939911383244503,1295.967040512703,245862.449528441,0.058974163131370556,245862.449528441,0.058974163131370556,0.0,DORMITORY,True,True,0.5897416313137056,,,15637.732210015994,0.0037509679584132255,30.0
88,40,51,92,7,Allways,2026-09-08,9023940,0.003098171,0.0031048189848661423,-0.002141182754468716,IN BAND,False,False,0.000110134,6260.579045803,3199522.375191208,1.0,2020733.443200274,324090.14137459,-0.001063203871299582,2772.774836745346,ACCUMULATING_PRE_EMA,0.0,,,,0.046230891724629054,-2.0981746915611352,-0.026051056846036043,-2.5327810956704644,-0.46065746095536503,-0.434606404109329,0.8213725962278814,0.48083729583395807,1,0.0,,0.0,0.0,3.0518043793392735e-05,0.001956723007892345,-0.36842640128890725,5CAc19iE...,0.340322265,,,,False,2627691,1.0,93,5CsvRJXu...,0.0899977111467155,0.5462092032382649,0.4970516251395499,0.0043492858014894395,,COUNTER,36084.978602376,218029.65250186,83.40290783700766,DIVERGENT,0.8239311373399171,0.0,1295.967040512703,3211.260531444,0.0010036687214141113,3211.260531444,0.0010036687214141113,0.0,NEITHER,True,True,0.010036687214141112,,,10788.939988941998,0.003372047050709322,30.0
89,44,11,93,114,SOMA,2026-09-08,9023940,0.013170059,0.013033490162342787,0.01047830135720641,IN BAND,False,False,0.004101647,6323.300684635,1626654.131158177,1.0,480127.150480289,216669.818071994,-0.00033109223172571404,-1225.6155677070492,,0.0,,,,1.7046679975526426,-2.2170340032274476,0.1274859998460113,-2.8122010263991672,-0.4676810233257086,-0.5951670231717199,1.6155862206115477,2.2998350207243625,1,0.0,,0.0,0.0,3.051804379328171e-05,0.003887304967610301,-0.704837695289725,5FHrQMjz...,1040356.638212688,0.13551261207221174,,,False,7312241,0.0,74,5DUtdSu5...,,0.5469125530896138,0.5469125530896138,0.011414619258354951,,COUNTER,373811.447473431,13816.272943106,0.0,DIVERGENT,1.0,0.0,1295.967040512703,146039.760277138,0.08977923301566126,146039.760277138,0.08977923301566126,0.0,DORMITORY,False,True,0.8977923301566128,,,29322.950161106994,0.018026542704704576,30.0
90,43,37,94,41,Almanac,2026-09-08,9023940,0.004685095,0.004691700916737318,-0.0014080003935782984,IN BAND,False,False,0.00057749,12092.001539407,3095229.084477723,1.0,2580950.924760323,1583813.235560121,-0.002647854639532984,2554.5520305121318,ACCUMULATING_PRE_EMA,0.0,,,,0.1255080653979495,-2.2115139936757537,-0.01713067145520263,-2.6671046830909417,-0.4727213608703906,-0.45559068941518793,0.8490486255699676,0.5810987548131374,1,0.006763732126287649,MINER_BURN_ONLY,56.59342222905252,54.70154765821252,0.0006408789196612474,0.003906658024133731,-0.1661518018025823,5FCSevLk...,43187.977829632,,,,False,3394182,0.0,239,5HisenFt...,,0.3476819254687771,0.3476819254687771,0.006928018800262471,,COUNTER,1013973.827095004,0.0,0.0,DIVERGENT,0.9076951528472043,0.0422090577524038,1295.967040512703,258549.369288686,0.08353157786778571,258549.369288686,0.08353157786778571,0.0,DORMITORY,True,True,0.8353157786778571,,,9459.607903592005,0.00305618991209117,30.0
91,118,118,95,127,Astrid,2026-09-08,9023940,0.00240544,0.002505130134522915,-0.03979439357225256,IN BAND,False,True,0.0,3084.321405116,2860078.627702596,1.0,1282227.536924978,598380.208929395,-0.0011311304522673383,56724.30189488223,ACCUMULATING_PRE_EMA,0.0,,,,,-9.836253653160439,-0.4841651217957395,-9.836253653160439,-0.4841651217957395,,0.9188558575087088,-6.257936943999271,1,0.3895021735419222,MINER_BURN_ONLY,2804.4156495018397,2804.4156495018397,0.0,0.0010784044100191506,-0.5516810188492955,5FU4uxAd...,1520259.587709591,,,ENTRY_PRE_EMA_PATTERN,False,5848837,1.0,0,5EKrpcqV...,0.179995422293431,1.126939290933236,0.9240953773626486,0.59007462344916,,COUNTER,1230526.492179039,203.185912805,0.0,DIVERGENT,-0.8691349479294461,2.163955997208365,1295.967040512703,5535.674552263,0.0019354973316623883,5535.674552263,0.0019354973316623883,0.0,EXPOSED,True,True,0.01935497331662388,,UNDEFENDED_BURNER,12938.159715506994,0.004523707701665453,30.0
92,119,119,96,20,ChronoSeek,2026-09-08,9023940,0.002634565,0.002757091773673892,-0.04444058585348501,IN BAND,False,True,0.0,6868.601303292,3251766.784355587,1.0,2607110.011211802,286443.98560652,-0.0009316292818717833,67259.37924179994,ACCUMULATING_PRE_EMA,0.0,,,,,-4.184380772306961,-0.5406937945507343,-4.184380772306961,-0.5406937945507343,,0.8081760391438402,-6.659473798014837,1,0.3895021735422132,MINER_BURN_ONLY,2804.415649503935,2804.415649503935,0.0,0.002112267502189021,-0.19824809705244667,5CFVA7aP...,1240295.623407889,,,ENTRY_REPEATED,False,1970929,1.0,240,5ED4s3B3...,0.179995422293431,1.2873628770945835,1.0556434523870577,0.4819240336339636,,COUNTER,1382520.650733956,0.0,0.0,DIVERGENT,-0.8674089589328385,2.1639559972099818,1295.967040512703,600647.797204883,0.18471429134913045,594605.992262037,0.18285628450438582,6041.804942845949,FORTRESS,True,True,1.8285628450438598,0,,9266.985496700994,0.0028498309107790037,30.0
93,42,16,97,28,SayGM,2026-09-08,9023940,0.021121863,0.021346978610381484,-0.010545549067632665,IN BAND,False,False,0.002882792,22133.157406487,4981024.423317618,1.0,1047879.038260062,6507281.018969543,-0.0018433106521580824,-3018.5021393846255,,0.0,,,,0.3422908551574101,8.801674280543375,-0.1283041803228641,8.352850154411765,-0.5771283064544737,-0.4488241261316096,0.5276023116244062,0.7911149812890197,1,0.024143176056541298,MINER_BURN_ONLY,198.4569410670083,197.55604841422735,0.00030518043793392735,0.004443495057537819,-0.789625798749958,5CA6rwAy...,2547699.202948785,0.0,,,False,4878363,0.10072502480348022,219,5FHBJCMk...,0.179995422293431,5.453226838049657,4.4716709704730375,0.0,,COUNTER,1395006.388559485,33762.848582854,0.0,DIVERGENT,0.536845240322098,0.15243909932776636,1295.967040512703,434350.478378031,0.08720103365578989,434344.502651163,0.08719983395742262,5.975726867967751,DORMITORY,True,True,0.8719983395742261,,,21661.802690200995,0.004348864982230528,30.0
94,120,120,98,99,Thirty Spokes,2026-09-08,9023940,0.002892824,0.003071736078709364,-0.058244612858972096,IN BAND,False,True,0.0,666.900469679,373535.78579048,1.0,230536.173796812,31350.278802787,,4334.7972828281345,,,,,,,-9.301190962406329,-0.7086427897841605,-9.301190962406329,-0.7086427897841605,,7.03547049565439,2.4536842207570304,1,0.38950217354124916,MINER_BURN_ONLY,2804.415649496994,2804.415649496994,0.0,0.001785372366044391,-0.38282717301695823,5DebFXsw...,1076687.735718924,,,,True,8572056,1.0,0,5FWbrcGF...,0.179995422293431,1.9971563661951586,1.6376773626758467,0.9956968245006332,,COUNTER,75102.98909736,0.012273672,0.0,DIVERGENT,-0.8677610047806348,2.1639559972046256,1295.967040512703,0.0,0.0,0.0,0.0,0.0,EXPOSED,False,,,,,50942.89247905701,0.13638021955848534,30.0
95,46,26,99,19,blockmachine,2026-09-08,9023940,0.010216849,0.010237928247079253,-0.0020589367858938412,IN BAND,False,False,0.00141595,32387.736531787,2752800.108031956,1.0,3170031.611597596,1674872.296394595,-0.008205630128196056,1501.3655684120022,ACCUMULATING_PRE_EMA,0.0,,,,0.1148927649311925,-1.739124672791011,-0.0250503975617084,-2.4453419682660056,-0.731267693036703,-0.7062172954749947,0.954664304295898,0.8211100604061872,1,0.0,,0.0,0.0,0.0002288853284504455,0.01176537898167324,0.15156629814860131,5FWh37Lf...,1275751.665038106,0.17017019585573923,,,False,1956072,0.0,124,5HQLnZYK...,,0.4271758080066725,0.4271758080066725,0.008515183885243399,,COUNTER,1006514.180053119,0.0,0.0,DIVERGENT,1.0,0.0,1295.967040512703,169492.989899939,0.06157112149385728,169492.989899939,0.06157112149385728,0.0,DORMITORY,True,True,0.6157112149385728,,,24540.570482890005,0.008914766608475127,30.0
96,45,25,100,62,Ridges,2026-09-08,9023940,0.010999339,0.01107724872417748,-0.0070333099957782565,IN BAND,False,False,0.001639382,30228.309631705,2692366.501619029,1.0,2748193.133287218,4379708.709391587,-0.02595581615076601,1817.5679269162938,ACCUMULATING_PRE_EMA,0.0,,,,0.14252520066425542,0.2858537427129539,-0.08557193828196878,-0.39109786591829615,-0.7625235469132188,-0.67695160863125,0.9760929644681277,0.8194768092955055,1,0.0006725275579294364,SKIN_IN_GAME,5.834166490007192,5.563898694172906,9.15541313801782e-05,0.011227412617683178,0.020735211241618944,5DhsVYew...,5659.147440613,5.749321534021665,BUYBACK_GAMING,,False,4474225,0.36785240122693774,148,5E2LP6En...,0.0,0.3323666787614069,0.3323666787614069,0.6070839946282505,,COUNTER,185974.977063064,170778.551517578,0.0,DIVERGENT,0.9862563603897382,0.004293240892894736,1295.967040512703,148371.901516412,0.05510835966321449,148371.901516412,0.05510835966321449,0.0,DORMITORY,True,True,0.551083596632146,,,12712.961832384999,0.004721854110404427,30.0
97,48,42,101,79,MVTRX,2026-09-08,9023940,0.003502657,0.0035173241049051285,-0.004169961160154141,IN BAND,False,False,0.000200263,7410.396284471,2974920.360012843,1.0,2115649.992477388,485498.657360192,-0.0051205686723918425,21.649347039870918,ACCUMULATING_PRE_EMA,0.0,,,,0.07102065042093358,-24.49195594983046,-0.05073452744854204,-25.22417112385413,-0.7829497014722144,-0.7322151740236724,0.8833849925275495,0.8032358244446061,1,0.0,,0.0,0.0,0.0016021972991531186,0.0024909561896436817,-0.28883810500323565,5Fxp7QBG...,3292628.251616782,7.955606441002525,BUYBACK_GAMING,,False,5173967,0.0,0,5EWwdZB7...,0.179995422293431,0.32724192828972454,0.2683398792150989,1.0,,COUNTER,444229.939659842,37317.847662374,0.0,DIVERGENT,1.0,0.0,1295.967040512703,1355085.827207694,0.4555032280601435,1355085.827207694,0.4555032280601435,0.0,DORMITORY,True,True,4.555032280601434,0,,12296.223591973001,0.004133295047911776,30.0
98,47,69,102,2,DSperse,2026-09-08,9023940,0.003270795,0.003298670519143343,-0.008450531504001869,IN BAND,False,True,1.57e-07,7993.339674801,3261183.19995188,1.0,2443852.179787622,708523.42574602,-0.002026472196230547,351.2047821721062,ACCUMULATING_PRE_EMA,0.0,,,,5.161747364505335e-05,-3.025551371340049,-0.10281479996535607,-3.7524145370873203,-0.8296779657126273,-0.7268631657472713,0.8058424930064576,0.7269147832209163,1,0.3642351086659071,MINER_BURN_ONLY,2623.0692657240434,2622.6188193976527,0.00015259021896696368,0.0024510550878953825,-0.25062405687443495,5EcYQ3W7...,2871689892880723.0,,,,False,2734060,0.8248912628767646,14,5CFxLBvp...,0.179995422293431,0.655083454464537,0.5371714314407531,0.9211682841970334,,COUNTER,705643.226388329,0.0,0.0,DIVERGENT,-0.8600018036675319,2.023677097806521,1295.967040512703,1144508.261830867,0.35094877891182397,1144508.261830867,0.35094877891182397,0.0,FORTRESS,True,True,3.5094877891182397,0,,9815.745954776003,0.0030098725992826277,30.0
99,49,52,103,128,ByteLeap,2026-09-08,9023940,0.002891135,0.0028895586729049683,0.0005455252076425142,IN BAND,False,True,9.4206e-05,4087.285270056,2866861.608158702,1.0,1413730.039930832,91120.511344457,-0.00022424396803000932,-531.7147105499171,,0.0,,,,0.0605715901000979,-0.31090547684283953,0.006637223359650589,-1.2173508967633184,-0.8998081965608284,-0.906445419920479,0.9166818490718442,0.9670170100205769,1,0.0,,0.0,0.0,9.15541313801782e-05,0.0014257002355551928,-0.5068717871855888,5GgMeLFN...,877908.63305128,1.0155809133724774,BUYBACK_GAMING,,False,5856038,1.0,96,5HQTcjYx...,,6.889358090319889,6.889358090319889,0.0,,COUNTER,186014.794503201,289.843039317,0.0,DIVERGENT,1.0,0.0,1295.967040512703,3774.579529477,0.0013166242551559011,3774.573941721,0.0013166223060712351,0.005587755999840738,NEITHER,True,True,0.013166223060712353,,,12696.114136466007,0.004428575868585556,30.0
100,50,18,104,56,Gradients,2026-09-08,9023940,0.016504967,0.016484228195622563,0.0012580998110025407,IN BAND,False,False,0.002279636,51646.481842859,2817157.920390593,1.0,3129147.809562544,2847646.438298649,-0.009019599530651996,-655.4117618375458,,0.0,,,,0.11599789945475909,2.153063731979189,0.015306881033864244,1.173539788565388,-0.9642170623799371,-0.9795239434138013,0.9328550525969923,1.0955218428685605,1,0.0,,0.0,0.0,6.103608758678547e-05,0.01833283163469172,0.11074633682646692,5EJ1zbdw...,16271.098276434,0.0019965821283878756,,,False,4312927,0.15429338786223312,101,5E2LP6En...,0.0,0.3796915008734384,0.3796915008734384,0.10732816505921132,,COUNTER,841047.343861356,0.0,0.0,DIVERGENT,1.0,0.0,1295.967040512703,264724.185506575,0.09396852891721155,264724.185506575,0.09396852891721155,0.0,DORMITORY,True,True,0.9396852891721155,,,15780.831350254995,0.005601685030162248,30.0
101,51,49,105,32,ItsAI,2026-09-08,9023940,0.00306603,0.003064744872972369,0.0004193259409499836,IN BAND,False,False,0.000118284,7282.259822204,3598142.608765606,1.0,2375142.962227368,305149.096626524,-0.0011755096356559623,-3520.462820458226,,0.0,,,,0.04268597380337909,-2.733414494672207,0.0051017989482248,-3.745731760087916,-1.0072154664674842,-1.0123172654157089,0.7303768320904804,1.055003239219088,1,0.0,,0.0,0.0,0.004333562218661768,0.002023894162633616,-0.33989746915926594,5DWgkCSv...,57304.60706022,0.20261102652176885,BUYBACK_GAMING,,False,2515294,0.24211123201176998,197,5Cd5x6Y7...,,7.07709917707253,7.07709917707253,0.0,,COUNTER,17419.272873098,0.0,0.0,DIVERGENT,1.0,0.0,1295.967040512703,634410.218859858,0.17631602964105458,634410.218859858,0.17631602964105458,0.0,DORMITORY,True,True,1.7631602964105455,0,,11592.742734244996,0.0032218686124344726,30.0
102,55,1,1,51,lium.io,2026-09-08,9023940,0.087446505,0.08711470500566065,0.003808771370089362,IN BAND,False,False,0.012267656,156229.823681951,4053038.882439946,1.0,1786575.98617047,1978817.997790039,0.015805744069074572,-6418.94445390231,DISTRIBUTING_PRE_EMA,0.0,,0.18074757898071026,0.18074757898071026,0.2063588065850488,2.407982787105933,0.04634005166942057,1.330798634567915,-1.0308441008685973,-1.077184152538018,0.6484023657868127,1.2835429591230667,1,0.0,,0.0,0.0,0.0005493247882810692,0.03854634219247855,-0.5592008829572027,5FqACMtc...,216.588029224,0.0,,,False,3966206,0.7876456129101208,61,5FUY2npW...,,1.8877988821447644,1.8877988821447644,0.0,,COUNTER,1171146.945421614,47834.295633396,0.0,DIVERGENT,1.0,0.0,1295.967040512703,490604.591606794,0.12104611029821852,490604.591606794,0.12104611029821852,0.0,DORMITORY,True,True,1.2104611029821861,0,,12431.817585738,0.003067283079765076,30.0
103,52,56,106,1,Apex,2026-09-08,9023940,0.007218049,0.007224372122436762,-0.0008752487177569784,IN BAND,False,True,7.6968e-05,24131.665178759,2518075.112924413,1.0,3343239.03816861,834462.54385439,-0.002493990990679855,-258.9631850672886,,0.0,,,,0.008382011871192474,-1.6793441199508645,-0.01064885939937657,-2.7117652273494084,-1.0430699667979202,-1.0324211073985436,1.043654332037746,1.040803119269736,1,0.23932810834318022,SKIN_IN_GAME,1741.6270925910212,1741.5370033257432,3.0518043793392735e-05,0.00958337781700771,0.327696420044767,5HCFWvRq...,22342.56005148,4.063483607480785,BUYBACK_JUSTIFIED,,False,1497824,0.6202981703874384,226,5CAQAgXx...,0.0899977111467155,0.41709288930139143,0.3795554839286958,0.03299151559543429,,COUNTER,872851.022086935,0.0,0.0,DIVERGENT,-0.7841296438052304,1.3438127273952634,1295.967040512703,192837.392404261,0.07658127091383932,192824.591394465,0.07657618726493215,12.801009795977734,FORTRESS,True,True,0.7657618726493214,,,9831.650673714004,0.0039044310565842636,30.0
104,54,3,7,64,Chutes,2026-09-08,9023940,0.073769821,0.07374723721295595,0.00030623231320291535,IN BAND,False,False,0.00990595,206123.148420125,3349269.281672376,1.0,2794139.214583822,4985423.598960662,0.006078987608972017,-3203.7802304513752,DISTRIBUTING_PRE_EMA,0.0,,0.08240480357098896,0.08240480357098896,0.12629749157013292,-0.8481339185855202,0.0037258264773021364,-1.9193263971855035,-1.067466652122681,-1.0711924785999831,0.7846487633528744,1.197489970170116,1,0.0,,0.0,0.0,0.00010681315327687457,0.061542722034342495,-0.1657466264647369,5FRYKhbm...,680250.306556315,0.2941166417808986,BUYBACK_GAMING,,False,4531295,0.05834147234769871,194,5FEm1mew...,,8.395164010959384,8.395164010959384,0.0,,COUNTER,274207.517615115,0.0,0.0,DIVERGENT,1.0,0.0,1295.967040512703,759797.000457631,0.2268545573851992,759796.543550363,0.22685442096521338,0.45690726791508496,DORMITORY,True,True,2.268544209652136,0,,11691.229059185001,0.0034906805263944826,30.0
105,121,121,107,37,Aurelius,2026-09-08,9023940,0.003292632,0.003625414567068219,-0.0917915898752875,IN BAND,False,True,0.0,7913.276328644,3583676.261333333,1.0,2403328.178405985,356046.069411564,-0.0011818962588911177,118327.87212895323,ACCUMULATING_PRE_EMA,0.0,,,,,-8.07134252309269,-1.116797676815998,-8.07134252309269,-1.116797676815998,,0.733325169004589,-11.013189164092232,1,0.3895021735365218,MINER_BURN_ONLY,2804.415649462957,2804.415649462957,0.0,0.0022081448634257515,-0.3293678542194356,5GRBbS3a...,29577.45323575,,,ENTRY_PRE_EMA_PATTERN,False,3212175,1.0,45,5GKmm4Qb...,0.179995422293431,0.8209797792664543,0.673207177203021,0.03441277011353925,,COUNTER,1288985.889857686,0.0,0.0,DIVERGENT,-0.8691349479271336,2.1639559971783617,1295.967040512703,45507.151093348,0.012698454819804715,45507.151093348,0.012698454819804715,0.0,FORTRESS,True,True,0.12698454819804714,,,8742.315441469,0.002439482476638768,30.0
106,57,54,108,98,NeverPlayAlone,2026-09-08,9023940,0.002784589,0.0027825292199850082,0.0007402545857192948,IN BAND,False,True,8.136e-05,5183.867672721,2923548.741104693,1.0,1861627.014678175,206196.430077399,-0.001032365332540136,-2584.7752326366026,,0.0,,,,0.04124605285068349,-1.5831253985830576,0.009006430792918086,-2.736186014827048,-1.1440541854510726,-1.1530606162439907,0.8989075376273641,1.1943066690946742,1,0.0,,0.0,0.0,0.0,0.0017731422089314038,-0.36323018983002386,5EWzZCNs...,1664346.793383545,0.6784130446935938,BUYBACK_GAMING,,False,5445992,1.0,153,5E2LP6En...,0.0,0.4182799146721329,0.4182799146721329,0.2332448269547702,,COUNTER,1255490.393926426,0.0,0.0,DIVERGENT,1.0,0.0,1295.967040512703,479685.769063734,0.16407654242921216,479685.769063734,0.16407654242921216,0.0,DORMITORY,True,True,1.640765424292122,0,,11847.248929959002,0.0040523521169284135,30.0
107,53,36,9,67,Harnyx,2026-09-08,9023940,0.004815814,0.004861211404204369,-0.009338701905682478,IN BAND,False,False,0.000630906,3075.005637377,921928.47301079,1.0,638522.47507346,68110.323504458,0.00015566218436049352,3182.5351578559494,,0.0,,0.03232313049476029,0.03232313049476029,0.5391928222331009,-8.297812996048894,-0.11362087318580348,-9.350402854280105,-1.166210731417016,-1.0525898582312125,2.8505465195337805,1.5917826804643136,1,0.011218938157630084,MINER_BURN_ONLY,92.16944161703577,91.35863822953291,0.0002746623941405346,0.003335405866503714,-0.307405587818858,5HEAv3TU...,1035804.703911338,,,,False,7236936,0.010317932750278591,246,5HGnF3Wr...,0.0,0.7234155535057263,0.7234155535057263,0.007813096091925958,,COUNTER,278630.385972161,6279.314248273,0.0,DIVERGENT,0.9037544562339561,0.07049456920863523,1295.967040512703,522.283347221,0.0005665117875309263,522.283347221,0.0005665117875309263,0.0,NEITHER,False,True,0.005665117875309263,,,29199.769803030005,0.03167248941522632,30.0
108,122,122,109,58,greevils,2026-09-08,9023940,0.007250056,0.008082981454208493,-0.10304681000781228,IN BAND,False,True,0.0,924.850152426,480019.650917441,1.0,127564.539783117,22233.831069278,,8715.77690072039,,,,,,,-8.274001603121786,-1.2537361884283826,-8.274001603121786,-1.2537361884283826,,5.474775865898857,-1.4260431065944235,1,0.0,,0.0,0.0,0.0,0.001926692273240009,-0.7342513943009532,5CLUzEqe...,760288.303550367,,,ENTRY_REPEATED,True,8511017,0.0,1,5E2LP6En...,0.0,0.8022200645591828,0.8022200645591828,0.3662582210489371,,COUNTER,78931.873767343,0.045668707,0.0,DIVERGENT,1.0,0.0,1295.967040512703,32808.027617922,0.06834725944076961,32808.027617922,0.06834725944076961,0.0,DORMITORY,False,True,0.683472594407696,,,45669.527611642,0.09514095417626296,30.0
109,58,62,110,22,Desearch,2026-09-08,9023940,0.00316794,0.003165855770930648,0.0006583461850947262,IN BAND,False,True,7.659e-06,7723.986087066,3568136.927388595,1.0,2438172.889421372,267308.389093139,-0.0015173520545156394,-5929.117748405319,,0.0,,,,0.0026058892096795165,-1.1232104210678657,0.008009878585319168,-2.4322964400751426,-1.301076140421958,-1.309086019007277,0.736518820179737,1.3116919082169565,1,0.20230545258661176,MINER_BURN_ONLY,1463.2741369430441,1460.1210126583107,0.0010681315327687457,0.002164711232850287,-0.3166817449666702,5DFuaMas...,1820417.639406207,0.0,,,False,2009702,0.517452073627129,131,5E2LP6En...,0.0,0.39991823402598853,0.39991823402598853,0.13061193346558828,,COUNTER,1222594.648841464,0.0,0.0,DIVERGENT,-0.7476328846654147,1.126665236857155,1295.967040512703,763677.586285475,0.21402698434120523,763677.586285475,0.21402698434120523,0.0,FORTRESS,True,True,2.1402698434120526,0,,9116.539350452,0.0025549858472287113,30.0
110,59,66,111,45,AlphaRidge.ai,2026-09-08,9023940,0.002595953,0.0025942581705749035,0.0006533002167323731,IN BAND,False,True,5.49e-07,6456.068087043,3186566.888137604,1.0,2486973.855507915,746471.803753941,-0.0007759101295867152,-5151.96103610564,,0.0,,,,0.0002234753383248188,-4.727136991246601,0.007948485970243873,-6.044642529816235,-1.3095570525993896,-1.3175055385696335,0.8247120152359144,1.3177290139079583,1,0.2603467897975988,MINER_BURN_ONLY,1880.1187187170144,1874.893541330885,0.0017700465400167786,0.0020260262262425826,-0.21954433449196392,5FbcZiAH...,917.231765369,0.0,,,False,3633154,0.6965560464085357,48,5G9hfkx9...,0.009994659342336155,0.3538696430725338,0.3503328365384298,0.014726079658171829,,COUNTER,1063481.607001476,0.0,0.0,DIVERGENT,-0.5262704511295418,1.4467139076231061,1295.967040512703,111021.510746057,0.03484047711640654,111019.200205241,0.03483975202859351,2.3105408160045044,FORTRESS,True,True,0.3483975202859351,,,12517.626649143001,0.003928248515900118,30.0
111,60,4,112,120,Affine,2026-09-08,9023940,0.052655778,0.05248294887132943,0.003293052932187415,IN BAND,False,False,0.009771921,80590.937412761,2651280.544316322,1.0,1530524.151215754,1483072.000389112,-0.0050901304439632976,-4267.240091351094,,0.0,,,,0.3186537992041479,0.14872417644991137,0.040065477341613545,-1.2196853179990834,-1.3283440171073813,-1.3684094944489948,0.9912191320657372,1.6870632936531427,1,0.0,,0.0,0.0,7.629510948348184e-05,0.030396985934033907,-0.4227226889699758,5EfNFhH2...,2959497.662498928,0.2880049887487121,BUYBACK_GAMING,,False,5749344,0.19999999999999996,116,5E2LP6En...,0.0,0.3561887700723242,0.3561887700723242,0.01347392193365276,,COUNTER,180555.409154778,0.0,0.0,DIVERGENT,1.0,0.0,1295.967040512703,58681.238949561,0.022133168470367573,58681.238949561,0.022133168470367573,0.0,DORMITORY,True,True,0.22133168470367845,,,17065.507792748005,0.006436703889873954,30.0
112,56,45,2,82,Compelle,2026-09-08,9023940,0.003150579,0.0032356141600757837,-0.026280995158517888,IN BAND,False,False,0.000145712,1562.438814758,744389.700587196,1.0,495921.229927662,116428.346139135,0.0004909697292762227,4419.389322494506,,0.0,,0.1558347622060017,0.1558347622060017,0.24508552423495103,-6.985852148795684,-0.3197521077619676,-8.087060581283062,-1.4209605402493455,-1.1012084324873779,3.530408867730112,1.3462939567223289,1,0.0,,0.0,0.0,0.0,0.0020989527575751023,-0.33378824731101736,5H6h1PUD...,391869.772701895,,,,False,8026517,0.0,48,5G9hfkx9...,0.009994659342336155,0.8749851181648225,0.8662399399791514,0.03386183638278067,,COUNTER,51466.221683119,7195.897335065,0.0,DIVERGENT,1.0,0.0,1295.967040512703,744.314271862,0.0009998986703803983,744.314271862,0.0009998986703803983,0.0,NEITHER,False,True,0.009998986703803983,,,35304.436684134984,0.04742735781578631,30.0
113,61,6,113,4,Targon,2026-09-08,9023940,0.057902002,0.05762303131632507,0.004841305243792301,IN BAND,False,False,0.00775705,139751.463532663,3746415.144442088,1.0,2413586.046811964,2302202.176489121,-0.0046476622979413,-10381.407817051746,,0.0,,,,0.1458698670102689,1.5939034274047452,0.05890254713280633,-0.03494592642831962,-1.5699468067002584,-1.6288493538330648,0.7014705788542179,1.7747192208433338,1,0.015608578342018797,MINER_BURN_ONLY,127.57254162803292,127.43740773011578,4.57770656900891e-05,0.037302716902580385,-0.35576118935265166,5CXGPMnq...,,,,,False,1411451,0.12459561740828906,238,5CdBXrFk...,0.0,0.27858884856951144,0.27858884856951144,0.024476965100486792,,COUNTER,558826.872804814,0.0,0.0,DIVERGENT,0.6948994470331015,0.09833383392196435,1295.967040512703,183019.057563734,0.04885178243934016,183019.057563734,0.04885178243934016,0.0,DORMITORY,True,True,0.4885178243934015,,,13121.239832963996,0.0035023453960861023,30.0
114,62,64,114,71,Leadpoet,2026-09-08,9023940,0.004387636,0.004344936227425933,0.009827479700286423,IN BAND,False,True,3.568e-06,5273.808651225,4467158.322241908,1.0,1201970.192859717,1393110.608733109,-0.0022417272015353455,-14599.654625883326,,0.0,,,,0.0017779757704750967,-5.141736444007814,0.11956766968681813,-6.897833256437291,-1.6365291427426591,-1.7560968124294773,0.5882934542335854,1.7578747881999524,1,0.27595998234914293,SKIN_IN_GAME,1989.563648251933,1988.527621701235,0.00035095750362401645,0.001180573481124856,-0.7309317634542027,5DwHzMhB...,2438021.488067104,2.448890321596952,BUYBACK_GAMING,,False,5048438,0.7096409818048601,0,5FNVgRnr...,0.0,0.5624939039707736,0.5624939039707736,0.5633822160504189,,COUNTER,952489.202820372,0.0,0.0,DIVERGENT,-0.8016743395173431,1.5343967551169704,1295.967040512703,63565.086413894,0.014229423232528939,63565.086413894,0.014229423232528939,0.0,FORTRESS,True,True,0.14229423232528937,,,12802.438252989,0.0028659020633421185,30.0
115,123,123,115,70,SN70,2026-09-08,9023940,0.006248176,0.007538343779742718,-0.17114737897861573,IN BAND,True,True,0.0,570.305462323,208585.286301289,1.0,91275.505566186,11627.16450528,,9441.282536956016,,,,,,,-25.120861055232236,-2.0822931109064915,-25.120861055232236,-2.0822931109064915,,12.59916289686901,-4.507815524484317,1,0.38950217353763744,MINER_BURN_ONLY,2804.4156494709896,2804.4156494709896,0.0,0.0027341595969488847,-0.5624067572762219,5EP42hSo...,563282.507650123,,,,True,8825571,1.0,1,5E2LP6En...,0.0,2.0047096656460597,2.0047096656460597,0.9730674153874325,,COUNTER,79114.041480255,0.0,0.0,DIVERGENT,-0.8691349479278198,2.16395599718456,1295.967040512703,0.0,0.0,0.0,0.0,0.0,EXPOSED,False,,,,,34013.402546841004,0.16306712304582538,30.0
116,64,57,116,66,conjectures,2026-09-08,9023940,0.002701572,0.0026951446197927,0.0023847997469593043,IN BAND,False,True,7.1851e-05,6366.190494856,3375080.391018889,1.0,2356476.310798612,1365162.493899765,-0.005772511456838813,-13093.091094367206,,0.0,,,,0.029660505470669413,-5.704150730457749,0.029015063588004868,-7.861073105092963,-2.1279073110472098,-2.1569223746352146,0.7786481196101656,2.186582880105884,1,0.0,,0.0,0.0,0.0,0.0018862337358826994,-0.30180141936520694,5CJCRGep...,983360.719167193,0.6491961059409568,BUYBACK_GAMING,,False,4958013,1.0,121,5Gn2SyG6...,,10.479903986475652,10.479903986475652,0.0,,COUNTER,876389.726869251,0.0,0.0,DIVERGENT,1.0,0.0,1295.967040512703,392806.591766313,0.11638436607660485,392806.591766313,0.11638436607660485,0.0,DORMITORY,True,True,1.1638436607660485,0,,11227.830011275,0.0033266852076034486,30.0
117,63,68,117,65,True Performance Network,2026-09-08,9023940,0.002649574,0.0026495028287172318,2.6862127489304766e-05,IN BAND,False,True,2.71e-07,6237.785145898,3487423.551575606,1.0,2354259.314499152,298440.88067289,-0.00012719120635281114,-13495.513700384647,,0.0,,,,0.00011417321747100226,-5.263059159044069,0.0003268225511198746,-7.395112997821073,-2.1317270162258843,-2.1320538387770043,0.7535649057633618,2.1321680119944753,1,0.29208139525518456,SKIN_IN_GAME,2103.336275251,2103.201141353083,4.57770656900891e-05,0.0017886514366973836,-0.32492867279895427,5GxEEHxL...,1556613.872684706,0.46813403335462295,BUYBACK_GAMING,,False,4950813,0.7500305194408838,0,5DAmVrUg...,0.179995422293431,0.8530229926738248,0.6994827588814934,0.482381308468265,,COUNTER,1011503.757299821,0.0,0.0,DIVERGENT,-0.7895835761910821,1.6228816594911446,1295.967040512703,171794.150223016,0.04926105122659965,171794.150223016,0.04926105122659965,0.0,FORTRESS,True,True,0.49261051226599645,,,13602.597132702997,0.0039004717756629787,30.0
118,66,61,118,123,MANTIS,2026-09-08,9023940,0.002564985,0.00257334066554904,-0.003247011039347566,IN BAND,False,True,1.093e-05,5948.205757205,1991549.387944176,1.0,2319002.040292492,549120.711513246,-0.0026115959502149458,-6005.51782599045,,0.0,,,,0.0048290259571479805,-2.1293029617107804,-0.03950530097872872,-4.487120038320473,-2.397322377588422,-2.357817076609693,1.319575610782525,2.362646102566841,1,0.13500713354630012,MINER_BURN_ONLY,982.184722741018,976.1937866000247,0.002029449912260617,0.002986722696013668,0.16442111591828718,5HVuEdEG...,1654562.47667584,0.0,,,False,5794330,0.3813491942142442,158,5Dszzjqs...,0.179995422293431,7.59444382967765,6.22747870547108,0.0,,COUNTER,295843.116157567,8560.983387542,0.0,DIVERGENT,-0.5646124160509386,0.7532551030108208,1295.967040512703,350656.879907587,0.17607239972570346,350656.879907587,0.17607239972570346,0.0,FORTRESS,True,True,1.7607239972570345,0,,11505.404380961996,0.005777112257727498,30.0
119,65,12,119,53,engy,2026-09-08,9023940,0.02397267,0.02419843594543636,-0.00932977428563662,IN BAND,False,False,0.0033267,31180.007408618,4630643.507945686,1.0,1300648.113151507,1473587.680948941,-0.0011223092088040443,-24858.245529745705,,0.0,,,,0.2803901707086701,-8.816901778141238,-0.11351225380857886,-11.12715427563608,-2.42376475130342,-2.3102524974948415,0.567523713602793,2.5906426682035115,1,0.0,,0.0,0.0,0.0004119935912108019,0.006733406999505892,-0.7191215246567908,5H8SFVCx...,1775675.744705465,0.06275435440245294,,,False,4203869,0.7602888196861453,45,5E2LP6En...,0.0,0.23914775131575386,0.23914775131575386,0.2526590468633166,,COUNTER,526171.923754839,0.0,0.0,DIVERGENT,1.0,0.0,1295.967040512703,122521.376446446,0.02645882289064414,108388.397144823,0.023406767754598292,14132.979301622996,DORMITORY,True,True,0.2340676775459829,,,18694.637750732003,0.004037157625857836,30.0
120,67,10,120,3,Teutonic,2026-09-08,9023940,0.030252775,0.030042416416108608,0.007002052730305594,IN BAND,False,False,0.004152839,81737.311499393,3287050.980565602,1.0,2701811.975846538,3453443.579515161,-0.03954664999786193,-17633.28826904623,,0.0,,,,0.13352116300131853,4.321772116922381,0.08519164155205139,1.6126693886450343,-2.6239110867252955,-2.709102728277347,0.7995008338896529,2.8426238912786657,1,0.0,,0.0,0.0,7.629510948348184e-05,0.024866456888760664,-0.17804376991001106,5GsGUrd2...,3198828.263436422,0.7898047892811748,BUYBACK_GAMING,,False,4165565,0.19999999999999996,244,5EtUYRu7...,0.09999237048905166,0.5807603031234376,0.5226887037281849,0.027146214178899505,,COUNTER,578475.334942498,0.0,0.0,DIVERGENT,1.0,0.0,1295.967040512703,387717.443817643,0.11795297551208912,387595.760470804,0.11791595651008446,121.68334683898138,DORMITORY,True,True,1.1791595651008446,0,,17279.359316198,0.005256796873051462,30.0
121,68,17,121,75,Hippius,2026-09-08,9023940,0.018408835,0.018152326811105013,0.014130871020791781,IN BAND,False,False,0.002711463,34101.679546069,3664153.100429803,1.0,1852462.660973169,1515586.51909428,-0.01292806119265099,-23226.88993523107,,0.0,,,,0.2089552438135383,1.9081293801382884,0.17192559741963334,-0.9928551184255043,-2.7290589011441595,-2.9009844985637927,0.7172189392664124,3.109939742377331,1,0.0,,0.0,0.0,0.0014801251239795477,0.009306838063635739,-0.4944363364854028,5DAQpczE...,1547941.813684353,0.15330215150239782,,,False,5102795,0.0,173,5GP7c3fF...,0.0009918364232852674,0.29115506951744996,0.2908662913146784,0.01014817866898625,,COUNTER,784604.879643725,0.0,0.0,DIVERGENT,1.0,0.0,1295.967040512703,552610.215357802,0.15081526350331298,552609.767120331,0.15081514117287023,0.4482374710496515,DORMITORY,True,True,1.5081514117287025,0,,23948.54709715701,0.0065359024147620525,30.0
122,69,31,122,102,ConnitoAI,2026-09-08,9023940,0.007548051,0.007473261561244726,0.010007603526567476,IN BAND,False,False,0.001060391,3831.62836764,962013.225069593,1.0,507631.502600426,228099.812581457,-9.995717380745074e-05,-3637.986738383246,,0.0,,,,0.7272906661656245,-4.948660714285712,0.12175917623990429,-8.441711739551952,-3.3712918490263353,-3.4930510252662397,2.7317711768566255,4.220341691431864,1,0.08540901164883553,SKIN_IN_GAME,701.4708203559858,701.3356864580686,4.57770656900891e-05,0.003982926915960865,-0.472323793789832,5HBc11rC...,960135.834827651,1.3440853221487166,BUYBACK_GAMING,,False,7840965,0.2501525972044192,171,5G9hfkx9...,0.009994659342336155,0.941564154725597,0.93215354175016,0.03308206427198095,,COUNTER,138738.037650188,7309.092357836,0.0,OK,0.1778654033100853,0.5411678418770667,1295.967040512703,2002.340459168,0.0020814063746609603,2002.340459168,0.0020814063746609603,0.0,EXPOSED,False,True,0.020814063746609605,,,29679.640512066002,0.030851593032849362,30.0
123,70,27,123,17,404—GEN,2026-09-08,9023940,0.009964249,0.00991171645000577,0.005300045684236595,IN BAND,False,False,0.001380405,26893.097461267,3226547.698662434,1.0,2698958.769450522,667315.12575672,-0.008483605846616416,-39371.386118723545,,0.0,,,,0.1348935110663556,2.7259489704763613,0.0644838891582119,-2.5519267231612526,-5.213391804479402,-5.277875693637614,0.8144928404713924,5.412769204703969,1,0.0,,0.0,0.0,0.0,0.00833494495445257,-0.16351498698471206,5E7a4a7Q...,1072672.124179345,0.4643277003389361,BUYBACK_GAMING,,False,2840556,1.0,42,5CcEPLdb...,0.0,0.3100799899617456,0.3100799899617456,0.012543681616334254,,COUNTER,340475.604612198,0.0,0.0,DIVERGENT,1.0,0.0,1295.967040512703,525637.28423613,0.16291012355218956,519618.243685277,0.16104464964230497,6019.040550852951,DORMITORY,True,True,1.6104464964230507,0,,17338.829167118998,0.00537380221414573,30.0
124,124,124,124,103,Capcomp,2026-09-08,9023940,0.004653542,0.008567394223064184,-0.45683111120622266,DISCOUNT,True,True,0.0,646.481051929,238931.755193652,1.0,138922.354225962,30393.053465691,,47492.08422733909,,,,,,,-40.34363720688657,-5.558111853009042,-40.34363720688657,-5.558111853009042,,10.998956575989784,-53.07957537699116,1,0.0,,0.0,0.0,0.0,0.002705714237963192,-0.41856885830982254,5H3SQ4du...,943222.598802524,,,,True,8762380,0.0,0,5E529AKM...,0.179995422293431,1.1389014794473833,0.9339044267036382,0.9970091404330643,,COUNTER,58515.647633786,0.014698804,0.0,DIVERGENT,1.0,0.0,1295.967040512703,0.0,0.0,0.0,0.0,0.0,NEITHER,False,,,,,56911.73843831798,0.23819244282615987,30.0
125,125,125,125,36,SN36,2026-09-08,9023940,0.005281295,0.0,,N/A,False,True,0.0,503.143267211,0.0,0.0,95268.915526717,1.994240421,,,,,,,,,0.0,,0,,,,,,,,,,0.0,,,5DCjvVt6...,379509.117958824,,,,True,8884359,1.0,0,5EFY7fKV...,,0.0,0.0,0.0,,,0.0,0.0,,NO_ESTIMATE,,,,0.0,,0.0,,0.0,,False,,,,,0.0,,30.0
126,126,126,126,59,SN59,2026-09-08,9023940,0.005121077,0.0,,N/A,False,True,0.0,530.274704661,0.0,0.0,103547.483500943,1.213992187,,,,,,,,,0.0,,0,,,,,,,,,,0.0,,,5GzrQ2fe...,537509.276487911,,,,True,8938771,1.0,0,5FKjMupT...,,0.0,0.0,0.0,,,0.0,0.0,,NO_ESTIMATE,,,,0.0,,0.0,,0.0,,False,,,,,0.0,,30.0
127,127,127,127,76,SN76,2026-09-08,9023940,0.004977916,0.0,,N/A,False,True,0.0,462.491825768,0.0,0.0,92908.713531711,1.915487945,,,,,,,,,31.509485557748857,,31.509485557748857,,,,,,,,,,0.0,,,5CLWmDjL...,674929.233118239,,,,True,9003844,1.0,0,5CqaQ34d...,,0.0,0.0,0.0,,,0.0,0.0,,NO_ESTIMATE,,,,0.0,,0.0,,0.0,,False,,,,,0.0,,30.0
128,128,128,128,86,SN86,2026-09-08,9023940,0.005989978,0.0,,N/A,False,True,0.0,709.206653217,0.0,0.0,118398.856999575,2.080993178,,,,,,,,,0.0,,0,,,,,,,,,,0.0,,,5F4XAWGz...,282820.368148257,,,,True,8693284,1.0,0,5F1N5GEH...,,0.0,0.0,0.0,,,0.0,0.0,,NO_ESTIMATE,,,,0.0,,0.0,,0.0,,False,,,,,0.0,,30.0
