combined_apy_rank,real_apy_rank,emission_rank,epr_rank,netuid,name,date,block,spot_price,moving_price,momentum_30d,ema_band,ema_lag_flag,low_emission,tao_emission,tao_reserves,alpha_outstanding,alpha_out_emission,alpha_in_pool,volume,ema_tao_inflow,pool_growth_real,pool_ema_divergence,flow_momentum,flow_price_divergence,emission_price_ratio,emission_price_ratio_raw,emission_apy,price_apy_7d,price_apy_30d,combined_apy_7d,combined_apy_30d,real_apy,gross_emission_rate,net_supply_delta,supply_days_gap,supply_defence,supply_defence_quality,burned_tokens,manual_burn,miner_burn_rate,liquidation_price,liquidation_haircut,owner_coldkey,owner_stake,owner_inflow_pct,owner_inflow_flag,large_entry_anomaly,immune,registered_at,vali_miner_share,best_validator_uid,best_validator_hotkey,best_validator_take,best_validator_raw_apy,best_validator_apy,best_validator_div_pct,best_validator_trust,burned_source,alpha_burned_cum,alpha_recycled_cum,recycled_tokens,recon_flag,recon_gap_relative,burn_coverage,owner_cut_emission,total_locked_alpha,locked_float_ratio,owner_locked_alpha,owner_lock_ratio,community_locked_alpha,commitment_class,gate_eligible,leader_is_owner,leader_pct_of_threshold,leader_blocks_to_threshold,governance_flag,basket_alpha,basket_share,ema_halving_days
1,1,54,4,82,Compelle,2026-08-29,8952040,0.003145572,0.003421841189265251,-0.08073699917224167,IN BAND,False,False,0.000156046,1549.920225743,672281.976662616,1.0,492730.874095311,112498.228169581,0.0004909697292762227,27592.120016945584,,0.0,,0.15608281396077492,0.15608281396077492,0.2645870937024593,-2.26109616039479,-0.9823001565956069,9.417024607125892,10.695820610925077,11.678120767520683,3.9090740064847207,-11.413533673818224,1,0.0,,0.0,0.0,0.0,0.0023054615169622876,-0.2670771748469634,5H6h1PUD...,344847.90856263,,,,False,8026517,0.0,48,5G9hfkx9...,0.009994659342336155,0.926747298213301,0.9174847746712287,0.03187804245319009,,COUNTER,51466.221683119,7195.897335065,0.0,DIVERGENT,1.0,0.0,1295.967040512703,744.314271862,0.0011071459561610908,744.314271862,0.0011071459561610908,0.0,NEITHER,False,True,0.011071459561610906,,,31925.906598954003,0.04748886286888513,30.0
2,2,51,14,88,Investing,2026-08-29,8952040,0.003686552,0.003719787346199155,-0.008934743603855305,IN BAND,False,False,0.00021389,6771.157259632,3279672.635232837,1.0,1836718.076948114,706575.307518116,-0.0006446650318909965,41050.97305869544,ACCUMULATING_PRE_EMA,0.0,,,,0.08301430589289685,-9.906105656769164,-0.10870604718023953,-5.957698350005096,3.839701259583829,3.9484073067640684,0.8012994869573097,-3.8653930008711717,1,0.0,,0.0,0.0,0.0008545052262149966,0.0020645832717847735,-0.43996903562332135,5FhMsGJS...,2963026.606064431,,,,False,5299805,0.0,170,5DjtmV76...,0.179995422293431,0.34261028196721216,0.2809419995824523,0.005859911490920189,,COUNTER,175269.312981134,0.0,0.0,DIVERGENT,1.0,0.0,1295.967040512703,1134366.776649529,0.34587805028564866,1134366.776649529,0.34587805028564866,0.0,DORMITORY,True,True,3.4587805028564875,0,,9259.969620514998,0.0028234432671837674,30.0
3,3,80,15,112,minotaur,2026-08-29,8952040,0.003306719,0.003385125193744898,-0.02316197755101593,IN BAND,False,True,2.55e-07,4119.723049406,2177859.006375282,1.0,1245864.107326865,140166.013127679,-0.0010482548438311206,27204.802369153127,ACCUMULATING_PRE_EMA,0.0,,,,0.00016266627439837824,24.133089076373754,-0.28180406020402715,27.728141893300723,3.3132487567229427,3.59505281692697,1.2066896857450427,-3.5948901506525717,1,0.24670051597227793,MINER_BURN_ONLY,1776.426192938001,1776.3811483053619,1.5259021896696368e-05,0.001891639007551117,-0.4279408055080831,5GyUNPbb...,1537906.629865161,,,,False,5633022,0.7999969481490524,0,5E1ohAsz...,0.179995422293431,1.132421994084774,0.9285912190451159,0.8163866379770789,,COUNTER,965917.605610918,0.0,0.0,OK,-0.06606688657423652,1.3706993255033708,1295.967040512703,109192.016768061,0.05013732130887327,109192.016768061,0.05013732130887327,0.0,FORTRESS,True,True,0.5013732130887327,,,14898.379095014,0.006840837286253027,30.0
4,5,33,3,61,RedTeam,2026-08-29,8952040,0.009300482,0.00937153771519661,-0.007582076427157424,IN BAND,False,False,0.001297083,12369.893635797,4613595.603556917,1.0,1330027.191810292,583253.473708133,0.001606769924520486,41446.94454137259,,0.0,,0.17276200572405667,0.17276200572405667,0.27556697125798474,16.777317047941256,-0.09224859653041532,19.815970483170588,2.9464048386989155,3.038653435229331,0.5696207959739484,-2.763086463971346,1,0.0,,0.0,0.0,0.0003204394598306237,0.0026811828991384194,-0.7117157047195598,5ECEsYL8...,,,,,False,4457976,0.0,67,5E2LP6En...,0.0,0.29155984885983643,0.29155984885983643,0.397994842135783,,COUNTER,808370.14496251,0.0,0.0,DIVERGENT,1.0,0.0,1295.967040512703,1021287.884224886,0.22136484685339772,1021287.884224886,0.22136484685339772,0.0,DORMITORY,True,True,2.2136484685339775,0,,9266.721004284,0.002008568110551278,30.0
5,4,66,16,60,Bitsec.ai,2026-08-29,8952040,0.005050863,0.005203490843996406,-0.029331817537932615,IN BAND,False,True,5.4149e-05,7826.093977635,3995398.519460916,1.0,1549456.544072755,911744.125052925,0.00042835187573598795,38991.847619853914,,0.0,,,0.08480766073757849,0.018183217887066994,4.130637815523761,-0.35687044671151347,7.172689756623441,2.6851814943881673,3.0420519410996807,0.6577566636217771,-3.0238687232126136,1,0.1521138205367059,MINER_BURN_ONLY,1107.0061774159549,1106.9611327833159,1.5259021896696368e-05,0.001958776812754825,-0.6121896767433952,5CXLwkK1...,112489.880527374,,,,False,4796992,1.0,113,5CXLwkK1...,0.179995422293431,4.789257520866501,3.927213090926145,0.0,,COUNTER,654074.717328809,0.0,0.0,DIVERGENT,0.33404319211912314,0.8541583992331983,1295.967040512703,1065274.648283556,0.2666253799451499,1065274.648283556,0.2666253799451499,0.0,FORTRESS,True,True,2.6662537994514994,0,,8629.38959890899,0.00215983200596303,30.0
6,6,43,17,85,Vidaio,2026-08-29,8952040,0.004866914,0.004956898046657443,-0.018153297850885094,IN BAND,False,False,0.000605721,12326.426905494,2546285.987960147,1.0,2532698.72418259,1402043.350009902,-0.006693889346863315,23951.634442495648,ACCUMULATING_PRE_EMA,0.0,,,,0.12914000141358928,-3.4749891742555534,-0.22086512385243529,-0.8356827111966805,2.4184413392064377,2.639306463058873,1.0320914510099137,-2.5101664616452837,1,0.0,,0.0,0.0,0.00012207217517357094,0.0048409436189722,-0.005336108471980345,5GTPBjA4...,2938830.598940378,,,,False,5258781,0.6800097669662888,244,5FCm8AUA...,,14.674902927611823,14.674902927611823,0.0,,COUNTER,496360.999970373,0.0,0.0,DIVERGENT,1.0,0.0,1295.967040512703,143874.406841709,0.056503632161510685,143874.406841709,0.056503632161510685,0.0,DORMITORY,True,True,0.565036321615107,,,9586.073802359995,0.0037647278615547367,30.0
7,7,3,18,15,ORO,2026-08-29,8952040,0.034833748,0.03498638165183365,-0.004362658972642178,IN BAND,False,False,0.011647288,14737.883741775,1494488.472253075,1.0,423092.248564697,503860.99745399,-0.0009198017926109515,6470.86634938285,ACCUMULATING_PRE_EMA,0.0,,,,2.0768974298011056,0.7975110629756549,-0.05307901750047983,2.7890520217897095,1.9384619413135749,1.9915409588140547,1.7584612051493813,0.08535647098705086,1,0.0,,0.0,0.0,0.000579842832074462,0.009861490413208957,-0.7168983821893367,5GMtrkkv...,216.588029224,,,ENTRY_REPEATED,False,7366897,0.0,134,5E2LP6En...,0.0,0.5823467539070699,0.5823467539070699,0.24766134078041785,,COUNTER,354654.991781899,2797.563389807,0.0,DIVERGENT,1.0,0.0,1295.967040512703,1010.651574802,0.0006762525061691191,1010.651574802,0.0006762525061691191,0.0,NEITHER,False,True,0.006762525061691191,,,21122.50284360801,0.014133600382854708,30.0
8,9,11,19,114,SOMA,2026-08-29,8952040,0.012595688,0.012389436597004533,0.01664735933555966,IN BAND,False,False,0.004077524,5893.774840729,1544385.31781358,1.0,467920.17367275,205825.257371688,-0.00033109223172571404,6652.402169309265,ACCUMULATING_PRE_EMA,0.0,,,,1.8181442897934954,9.25678607507702,0.20254287191597586,10.912829929960786,1.8585867267997418,1.656043854883766,1.7016478787304952,0.1621004349097294,1,0.0,,0.0,0.0,0.0001373311970702673,0.003816259305723617,-0.6970185903522208,5FHrQMjz...,991992.556174357,,,,False,7312241,0.9995574275859964,5,5E2LP6En...,0.0,0.5624361936619239,0.5624361936619239,0.29884022585075537,,COUNTER,373811.447473431,13816.272943106,0.0,DIVERGENT,1.0,0.0,1295.967040512703,146039.760277138,0.09456173831274807,146039.760277138,0.09456173831274807,0.0,DORMITORY,False,True,0.9456173831274807,,,21967.04953367501,0.014223814018624732,30.0
9,8,6,20,97,Albedo,2026-08-29,8952040,0.022879291,0.02319702529348433,-0.01369719994113112,IN BAND,False,False,0.008739229,11866.862026653,1039883.772723731,1.0,518672.835593513,501057.06917236,-0.0002017478056674679,6495.005036571238,ACCUMULATING_PRE_EMA,0.0,,,,1.9353636842171713,1.4181079500469602,-0.16664926595042862,3.081679635437961,1.4969224194405726,1.6635716853910012,2.5272055098201713,0.27179199882617006,1,0.0,,0.0,0.0,7.629510948348184e-05,0.011411719595903055,-0.501220575589381,5GnW8owm...,1312821.790511164,,,ENTRY_REPEATED,False,7735450,0.0,28,5E2LP6En...,0.0,0.6457454414475797,0.6457454414475797,0.19367341644667574,,COUNTER,70872.776437572,4583.298014649,0.0,DIVERGENT,1.0,0.0,1295.967040512703,7940.331821389,0.007635787796352633,7940.331821389,0.007635787796352633,0.0,DORMITORY,False,True,0.07635787796352633,,,24847.332096193993,0.023894335836313948,30.0
10,10,19,21,75,Hippius,2026-08-29,8952040,0.017686503,0.017814935417845845,-0.00720925531490789,IN BAND,False,False,0.002663038,33236.846084559,3554999.461760705,1.0,1879220.868321389,1504224.966732855,-0.01292806119265099,19349.48652581335,ACCUMULATING_PRE_EMA,0.0,,,,0.21056341646240945,0.22095740710746134,-0.08771260633137933,1.7586636995064313,1.4499936860675906,1.53770629239897,0.7392406182527003,-1.3271428759365604,1,0.0,,0.0,0.0,0.0008545052262149966,0.009349325208645067,-0.47138644600093826,5DAQpczE...,1526817.7249674832,,,ENTRY_REPEATED,False,5102795,0.0,157,5E2LP6En...,0.0,0.2945313523785634,0.2945313523785634,0.425292618535305,,COUNTER,784604.879643725,0.0,0.0,DIVERGENT,1.0,0.0,1295.967040512703,552610.251191809,0.15544594510799575,552609.767120331,0.15544580894159593,0.4840714780148119,DORMITORY,True,True,1.5544580894159596,0,,10068.067492237,0.0028320869244943658,30.0
11,11,28,22,62,Ridges,2026-08-29,8952040,0.010843837,0.010888779303058982,-0.004127395900691641,IN BAND,False,False,0.001652464,29895.484403519,2600969.53678711,1.0,2756910.152133074,4367186.582777046,-0.02595581615076601,13619.819511065725,ACCUMULATING_PRE_EMA,0.0,,,,0.14526191759879373,-3.542885423665776,-0.05021665012508163,-2.3853326868220948,1.1073360867185995,1.157552736843681,1.0103924566707074,-1.0122908192448874,1,0.008507383523107006,MINER_BURN_ONLY,70.8125996159797,70.58737645278447,7.629510948348184e-05,0.011493977142249765,0.059954805872659694,5DhsVYew...,6716.477056613,,,,False,4474225,0.11631313902029605,148,5E2LP6En...,0.0,0.33670917647983284,0.33670917647983284,0.5714416517877581,,COUNTER,185712.517403082,170778.551517578,0.0,DIVERGENT,0.9629406688539898,0.05446695343799723,1295.967040512703,148627.29370789,0.057143035166603406,148627.29370789,0.057143035166603406,0.0,DORMITORY,True,True,0.5714303516660356,,,9847.136174417006,0.003785948291643908,30.0
12,15,75,23,22,Desearch,2026-08-29,8952040,0.003193112,0.0032008723355829716,-0.0024244439544503327,IN BAND,False,True,7.036e-06,7754.060445885,3505874.435616065,1.0,2428370.365644435,264915.817078965,-0.0015173520545156394,15108.021783288568,ACCUMULATING_PRE_EMA,0.0,,,,0.0023846355247092222,-1.3116785818631498,-0.02949740144581238,-0.3175161280010874,0.96466505241625,0.9941624538620624,0.7495990082537564,-0.9917778183373531,1,0.1579865332710757,MINER_BURN_ONLY,1143.072580718901,1140.0095456994459,0.001037613488975353,0.002211733645424306,-0.30734229008431085,5DFuaMas...,1780525.89129456,,,ENTRY_PRE_EMA_PATTERN,False,2009702,0.5154199825866468,128,5HQhXWGt...,0.013550011444266423,0.5228768595615175,0.5157918721305169,0.005249423936762754,,COUNTER,1207298.343808445,0.0,0.0,DIVERGENT,0.31155626173047285,0.8796593663743499,1295.967040512703,763677.586285475,0.21782799136423686,763677.586285475,0.21782799136423686,0.0,FORTRESS,True,True,2.1782799136423687,0,,8360.233379299996,0.0023846357115271033,30.0
13,12,29,24,102,ConnitoAI,2026-08-29,8952040,0.008896569,0.008984997868537903,-0.009841835227089769,IN BAND,False,False,0.001631913,4054.884330359,932655.837824786,1.0,455780.69296636,224682.283362852,-9.995717380745074e-05,,,,,,,1.0576546738684163,-8.514474026196934,-0.11974232859625886,-7.456819352328518,0.9379123452721574,1.0576546738684163,2.8177596637675375,,,,,,,4.57770656900891e-05,0.004347674850581672,-0.5113088146023852,5HBc11rC...,897442.412414633,,,,False,7840965,0.2501678569248611,0,5EEinUEy...,0.179995422293431,0.9622712726613488,0.789066848577832,0.5513336995666239,,,131326.822109463,7309.092357836,,NO_ESTIMATE,,,,2002.340459168,0.002146923203566728,2002.340459168,0.002146923203566728,0.0,,False,True,0.02146923203566728,,,25894.956023490995,0.02776474983943195,30.0
14,14,23,25,91,cascade,2026-08-29,8952040,0.007361221,0.0074329860508441925,-0.009654942220164884,IN BAND,False,False,0.002158708,3522.86475121,1065051.202092422,1.0,478570.733108382,151777.746379754,-0.00013977869327964234,5467.451162661833,ACCUMULATING_PRE_EMA,0.0,,,,1.6103611761000654,-6.807416183799048,-0.11746846367867275,-5.810007031542811,0.8799406885775645,0.9974091522562372,2.467487004227568,0.6129520238438282,1,0.0,,0.0,0.0,1.5259021896585345e-05,0.0033076952021545126,-0.5506594351460835,5HEe7NjS...,340040.533617457,,,,False,7633645,0.7741935483870968,1,5E2LP6En...,0.0,0.7794677219018222,0.7794677219018222,0.5600860661366376,,COUNTER,399376.775480423,9542.545852108,0.0,DIVERGENT,1.0,0.0,1295.967040512703,65332.398832362,0.061342026283814896,65332.398832362,0.061342026283814896,0.0,DORMITORY,False,True,0.61342026283815,,,27565.938888186007,0.025882266349288547,30.0
15,16,58,26,54,Yanez,2026-08-29,8952040,0.004329218,0.0043512394186109304,-0.00506095309689034,IN BAND,False,True,9.9213e-05,8282.785014983,3833277.962486388,1.0,1913228.65849102,861758.868291289,-0.0018134332739084883,14946.696052924497,ACCUMULATING_PRE_EMA,0.0,,,,0.03147875545826118,-8.083768961697901,-0.06157492934549914,-7.173680154898876,0.8485138774535255,0.9100888067990246,0.6855751202282743,-0.8786100513407634,1,0.09083087190429597,MINER_BURN_ONLY,671.3119660549564,668.969645157726,0.0007934691386282111,0.002160757736861461,-0.5008895978762306,5FUfruyV...,3442621.854076502,,,,False,4742549,0.30146755646503676,59,5DUB7kNL...,0.01998931868467231,0.3516311387438254,0.34460227185202086,0.8222825838152935,,COUNTER,578765.070417983,0.0,0.0,DIVERGENT,0.597523806269681,0.5161934094350671,1295.967040512703,644081.425659809,0.16802366850590636,644081.425659809,0.16802366850590636,0.0,FORTRESS,True,True,1.6802366850590635,0,,8398.745172776004,0.0021910086497688537,30.0
16,83,83,27,47,Feval,2026-08-29,8952040,0.003538371,0.003402038011699915,0.040073916820218776,IN BAND,False,True,0.0,1415.216270059,1466200.527923423,1.0,399962.564937616,42785.197619119,1.9567391779975152e-05,-35418.05466033757,DISTRIBUTING_PRE_EMA,0.0,,,0.005530056565570754,,14.315169501991416,0.48756598797932843,14.315169501991416,0.48756598797932843,,1.7923878418745567,10.489480535602349,1,0.30750171594805176,MINER_BURN_ONLY,2214.0123548259726,2214.0123548259726,0.0,0.0009652269543671273,-0.7272114895902302,5GBmFsPk...,2639.093556,0.00814904290168371,,,False,7340355,1.0,28,5G9hfkx9...,0.009994659342336155,0.6471182709158504,0.6406505442438449,0.04916831985350221,,COUNTER,638837.465220907,52.790049364,0.0,DIVERGENT,-0.2506816882101808,1.7083863135516761,1295.967040512703,98703.711317897,0.06731938056091882,1082.01056104,0.0007379690161293623,97621.700756857,EXPOSED,False,False,0.6791189444841506,,,21738.942509486005,0.01482671851187697,30.0
17,18,26,28,105,Beam,2026-08-29,8952040,0.007039097,0.007062271703034639,-0.0032814799556183903,IN BAND,False,False,0.001831524,5082.007044982,2016877.662757473,1.0,721968.624080532,521870.564856015,-0.0010888053840733777,4348.661706691608,ACCUMULATING_PRE_EMA,0.0,,,,0.9471149940165122,-0.12419570636711233,-0.03992467279335708,0.3452145668766611,0.4294856004504163,0.4694102732437734,1.3030041675443027,0.47770472077273884,1,0.0,,0.0,0.0,0.0018158236057068677,0.002519739862671633,-0.6420364909488202,5G3ic2pA...,2035111.047186188,,,,False,6841399,0.0,42,5CFqNvdc...,,0.4614263208306534,0.4614263208306534,0.009552730768643849,,COUNTER,451650.409847256,1869.377328683,0.0,DIVERGENT,1.0,0.0,1295.967040512703,190785.584358309,0.09459452493388575,190785.584358309,0.09459452493388575,0.0,DORMITORY,False,True,0.9459452493388584,,,15540.773863937,0.007705362675636791,30.0
18,19,7,29,4,Targon,2026-08-29,8952040,0.056104694,0.05619073682464659,-0.001531263505497495,IN BAND,False,False,0.007674814,137018.281941114,3636223.068054305,1.0,2442189.285357244,2284926.416458841,-0.0046476622979413,9109.697284093127,ACCUMULATING_PRE_EMA,0.0,,,,0.14720233611357175,-1.0045476361951027,-0.01863037265021952,-0.5755144811745283,0.4104027823703549,0.4290331550205744,0.7227279379771957,-0.2818308189070026,1,0.007068269055793006,MINER_BURN_ONLY,57.988357404014096,57.85322350609728,4.577706568997808e-05,0.03768148415999975,-0.32837198684303043,5CXGPMnq...,,,,ENTRY_REPEATED,False,1411451,0.10384239760727587,238,5CdBXrFk...,0.0,0.2822089235426375,0.2822089235426375,0.023668187575346018,,COUNTER,557816.199887056,0.0,0.0,DIVERGENT,0.9692379234649547,0.04464096824808887,1295.967040512703,183019.057563734,0.050332186485375636,183019.057563734,0.050332186485375636,0.0,DORMITORY,True,True,0.5033218648537563,,,8341.044819211003,0.002293875998007511,30.0
19,84,84,30,94,pending...,2026-08-29,8952040,0.003623193,0.003508586436510086,0.03266459742799165,IN BAND,False,True,0.0,2059.712373977,1727275.556331027,1.0,568479.890214375,108708.956567596,-7.290167659344193e-05,-20775.37548764667,,0.0,,,,,3.9878903395971372,0.39741926870723177,3.9878903395971372,0.39741926870723177,,1.5214711922295923,5.647093104635741,1,0.30750171595207776,MINER_BURN_ONLY,2214.01235485496,2214.01235485496,0.0,0.0011924631055117312,-0.6708806002021611,5CnwnkkC...,697230.677440486,0.0,,,False,6962737,1.0,0,5EeKtCKE...,0.179995422293431,2.105153929377248,1.7262358588663147,0.36225182743518136,,COUNTER,730381.040147536,0.075116968,0.0,DIVERGENT,-0.25068168821999137,1.7083863135740436,1295.967040512703,273.723032556,0.00015847096981875072,273.723032556,0.00015847096981875072,0.0,EXPOSED,False,True,0.001584709698187507,,,17844.721961978004,0.010331137898971181,30.0
20,85,85,31,90,KubeTEE,2026-08-29,8952040,0.038150581,0.037093844730407,0.028488183882614978,IN BAND,False,True,0.0,2396.708147159,230073.712607371,1.0,62822.322689547,52081.480268178,,-2136.720267861856,,,,,,,-5.315665714872123,0.3466062372384822,-5.315665714872123,0.3466062372384822,,11.422426187753034,9.318452766053047,1,0.0,,0.0,0.0,1.5259021896696368e-05,0.010417131622720704,-0.7269469730298287,5C9y6fnL...,477348.520406606,0.0,,,True,8618670,0.8028199102755822,0,5EKtGWqs...,0.179995422293431,2.6958428156395122,2.210603449601766,0.39150338765793813,,COUNTER,0.0,73034.905161825,1950.1619415339956,DIVERGENT,0.4596634971981595,0.0,1295.967040512703,45867.181428817,0.19935863558254904,45867.181428817,0.19935863558254904,0.0,DORMITORY,False,True,1.9935863558254905,0,,48948.03937180495,0.21274937852346706,30.0
21,22,5,32,120,Affine,2026-08-29,8952040,0.05255593,0.05257960641756654,-0.00045029659177188143,IN BAND,False,False,0.010001128,79805.530803321,2580193.318512172,1.0,1518487.674210293,1462957.502876618,-0.0050901304439632976,,,,,,,0.32933763010453243,-2.3212323669022226,-0.005478608533224557,-1.9918947367976902,0.32385902157130786,0.32933763010453243,1.0185283331852806,,,,,,,0.0,0.030930058701702092,-0.41148299151585577,5EfNFhH2...,2899669.625360428,,,,False,5749344,0.0,0,5HmYnmUY...,0.179995422293431,0.3694842867715758,0.30297880654333886,0.9943388164922026,,,180555.409154778,0.0,,NO_ESTIMATE,,,,63371.075617174,0.024560592093043607,63371.075617174,0.024560592093043607,0.0,,True,True,0.24560592093043812,,,11826.140309938006,0.004583431878956017,30.0
22,21,64,33,98,NeverPlayAlone,2026-08-29,8952040,0.002836776,0.002842651680111885,-0.0020669715368200696,IN BAND,False,True,7.6464e-05,5226.317592452,2871339.576335145,1.0,1842343.838412877,205909.07541523,-0.001032365332540136,7962.699372101808,ACCUMULATING_PRE_EMA,0.0,,,,0.03844913525542613,-1.0716263607262473,-0.025148153697977512,-0.7393573499532443,0.30712085707502546,0.33226901077300297,0.9152522472992437,-0.2938198755175768,1,0.0,,0.0,0.0,0.0,0.0018201670173482749,-0.35836773247225906,5EWzZCNs...,1558743.71328883,,,ENTRY_PRE_EMA_PATTERN,False,5445992,1.0,153,5E2LP6En...,0.0,0.4280236360409142,0.4280236360409142,0.25774800482199806,,COUNTER,1255490.393926426,0.0,0.0,DIVERGENT,1.0,0.0,1295.967040512703,517307.280439896,0.1801623481609113,517307.280439896,0.1801623481609113,0.0,DORMITORY,True,True,1.801623481609116,0,,10265.855720471003,0.003575284443915861,30.0
23,17,46,5,96,Verathos,2026-08-29,8952040,0.007259651,0.007413034327328205,-0.020691031574311826,IN BAND,False,False,0.000401697,3254.031368768,754668.58223254,1.0,448235.260973471,83756.343601301,0.0007914143622985852,6330.019064514956,,0.0,,0.10901548329232151,0.10901548329232151,0.3244159617304736,-7.341770073771748,-0.2517408841541272,-6.788830556495372,0.3011986331222487,0.5529395172763759,3.482323316316646,-0.22852355554590228,1,0.11865664499648194,MINER_BURN_ONLY,903.311948980001,901.6002529397172,0.000579842832074462,0.004311868077430204,-0.40605022508241734,5CGq1JQh...,932557.722885347,,,,False,7692872,0.4047971662824251,0,5GpKXttD...,0.179995422293431,1.2355955328499968,1.0131939931307847,0.6648863116130016,,COUNTER,244464.19368654,7897.141864024,0.0,DIVERGENT,0.4812113370062862,0.6956969002722717,1295.967040512703,169796.888051974,0.22499530528972464,169796.888051974,0.22499530528972464,0.0,FORTRESS,False,True,2.249953052897254,0,,29934.613223482003,0.03966590623784321,30.0
24,20,8,34,44,Score,2026-08-29,8952040,0.038472673,0.03880338091403246,-0.00852265720776064,IN BAND,False,False,0.005461706,67282.697809939,4073185.876541885,1.0,1748843.85272534,2158643.416374837,-0.0010141890605900883,8353.42639781232,ACCUMULATING_PRE_EMA,0.0,,,,0.21332918915566615,-2.4213234425766674,-0.10369232936108778,-2.0266348490766712,0.2909962641389084,0.3946885934999962,0.6451952058301742,-0.18135940434433007,1,0.0,,0.0,0.0,0.0,0.01651844522918303,-0.570644721535646,5CaCekux...,254578.855660965,,,,False,3550319,1.0,65,5E2LP6En...,0.0,0.2715647512766841,0.2715647512766841,0.22458415992675113,,COUNTER,506457.808183131,2206.282255223,0.0,DIVERGENT,1.0,0.0,1295.967040512703,245862.449528441,0.06036121526994418,245862.449528441,0.06036121526994418,0.0,DORMITORY,True,True,0.6036121526994418,,,9142.637157258,0.0022445911957791756,30.0
25,86,86,35,71,Leadpoet,2026-08-29,8952040,0.005023203,0.0049144315999001265,0.02213305809406004,IN BAND,False,True,0.0,5642.761462696,4473939.571738441,1.0,1123339.27786821,1377172.729119789,-0.0022417272015353455,-15639.931207960239,,0.0,,,,,-9.070636273524554,0.26928554014439715,-9.070636273524554,0.26928554014439715,,0.5874017647893346,1.7362281287235246,1,0.30750171598055104,SKIN_IN_GAME,2214.0123550599674,2214.0123550599674,0.0,0.0012612511573336673,-0.7489149537986685,5DwHzMhB...,2301015.197803641,0.25538324186730216,BUYBACK_GAMING,,False,5048438,1.0,0,5FNVgRnr...,0.0,0.7112369212427331,0.7112369212427331,0.5188915339070989,,COUNTER,926622.627812292,0.0,0.0,DIVERGENT,-0.25068168828895415,1.7083863137322324,1295.967040512703,63565.086413894,0.014207855379949732,63565.086413894,0.014207855379949732,0.0,FORTRESS,True,True,0.1420785537994973,,,8727.022700966003,0.0019506349071172055,30.0
26,24,1,13,107,Minos,2026-08-29,8952040,0.059122585,0.05869891005568206,0.0072177650984666525,IN BAND,False,False,0.019899872,21745.439570196,1530787.247505309,1.0,367802.843279796,469071.826045081,0.001226016808458981,-2036.6190087049617,DISTRIBUTING_PRE_EMA,0.0,,0.020736860684609462,0.020736860684609462,2.404957758944425,-10.157185841797988,0.08781614203134427,-9.994130209039549,0.25087177478978406,0.16305563275843982,1.7167637137576073,2.2419021261859853,1,0.0,,0.0,0.0,0.00015259021896696368,0.014205396344680864,-0.7597297827102644,5DA2vLrS...,1336834.824858379,0.23560130206641927,BUYBACK_GAMING,,False,7457580,0.0,2,5G9hfkx9...,0.009994659342336155,0.6333191668367518,0.6269893575092463,0.002090581700543246,,COUNTER,389715.783508211,11728.725039684,0.0,DIVERGENT,1.0,0.0,1295.967040512703,41164.694002343,0.026891192142754136,41164.694002343,0.026891192142754136,0.0,DORMITORY,False,True,0.2689119214275414,,,23482.545583040996,0.015340175861348462,30.0
27,87,87,36,84,SN84,2026-08-29,8952040,0.002950037,0.002892186166718602,0.020002458329656494,IN BAND,False,True,0.0,1615.62146312,728128.881800011,1.0,547661.302322058,63902.121767439,-0.004139727322791386,-27625.424040797516,,0.0,,,,,14.628403911856969,0.24336324301082066,14.628403911856969,0.24336324301082066,,3.6092511445272,16.89509963631484,1,0.0,,0.0,0.0,0.0002746623941405346,0.0022188674333670356,-0.24785098174462367,5G1hDNpP...,242369.57953459802,0.011159805754993141,,,False,8085297,0.9989926278675764,12,5FnzfRne...,0.179995422293431,3.0312630446900197,2.485649572878568,1.0,,COUNTER,43139.508392941,38999.643710551,953.996355987998,DIVERGENT,0.6349032964390277,0.0,1295.967040512703,660.436412233,0.0009070322970850049,660.436412233,0.0009070322970850049,0.0,NEITHER,False,True,0.00907032297085005,,,3105.7268143499996,0.004265353142801198,30.0
28,88,88,37,27,Orion,2026-08-29,8952040,0.002470455,0.0024249341804534197,0.018771981488614507,IN BAND,False,True,0.0,6409.660120526,3352728.03641754,1.0,2594525.615238351,823865.111260277,-0.002571603639063033,-30991.870743568055,,0.0,,,,,3.9955454906263883,0.22839244144480983,3.9955454906263883,0.22839244144480983,,0.7838393008482946,4.021051797033082,1,0.307501715953727,MINER_BURN_ONLY,2214.0123548668344,2214.0123548668344,0.0,0.0019117745462512538,-0.22614476027644545,5CopvHeT...,45713.268352729,0.024559553189746147,,,False,1727132,1.0,69,5G9hfkx9...,0.009994659342336155,0.36892115129656694,0.3652339100651753,0.2531322966105575,,COUNTER,1275672.674331792,0.0,0.0,DIVERGENT,-0.25068168822401016,1.708386313583206,1295.967040512703,29259.979274079,0.008727215257621641,29259.979274079,0.008727215257621641,0.0,FORTRESS,True,True,0.08727215257621641,,,8153.840670184996,0.0024320018151241236,30.0
29,89,89,38,72,StreetVision by NATIX,2026-08-29,8952040,0.002437236,0.002399217104539275,0.015846375631781696,IN BAND,False,True,0.0,6620.995969043,2543710.566469128,1.0,2716600.055657699,231494.806635663,-0.000693472829379333,-27709.406462430023,,0.0,,,,,4.5305249022938225,0.1927975701866773,4.5305249022938225,0.1927975701866773,,1.0331364089303103,4.834286940013919,1,0.30750171595278114,MINER_BURN_ONLY,2214.012354860024,2214.012354860024,0.0,0.002602888888508046,0.06796752079324524,5FjP8fFb...,,,,,False,5064327,1.0,41,5GP7c3fF...,0.0009918364232852674,0.41338003272545704,0.41297002735234106,0.34748969937433233,,COUNTER,433458.005156802,0.0,0.0,DIVERGENT,-0.2506816882217053,1.7083863135779511,1295.967040512703,444468.0194295,0.17473215124724542,438479.632979321,0.17237795791679458,5988.386450178979,FORTRESS,True,True,1.7237795791679462,0,,8806.955183773001,0.003462247356230373,30.0
30,23,22,39,49,Nepher Robotics,2026-08-29,8952040,0.008616529,0.008610534248873591,0.000696211286447447,IN BAND,False,False,0.002268781,4318.04281222,2193945.295275046,1.0,501134.888533381,142091.644709391,-3.683535129229573e-05,-1242.3026057311217,,0.0,,,,1.3808006838483897,-2.8186839727607964,0.008470570651777271,-2.655562931785113,0.17159161162746087,0.16312104097568358,1.1978420818694744,1.2176796428727061,1,0.16063209334432427,MINER_BURN_ONLY,1461.1227925360436,1461.0777479034045,1.5259021896696368e-05,0.001968163391092513,-0.771582804271591,5FL781vf...,1729067.434199705,0.0,,,False,6783158,0.989303262428663,109,5CwD7HgZ...,0.0,0.48004079386152276,0.48004079386152276,0.014039157040179457,,COUNTER,736441.481591718,837.682351088,0.0,DIVERGENT,0.5198697895437628,1.1274034772715988,1295.967040512703,462097.602286592,0.2106240311833576,462097.602286592,0.2106240311833576,0.0,FORTRESS,False,True,2.106240311833576,0,,15670.636047175005,0.007142674013305533,30.0
31,90,90,40,111,Claims,2026-08-29,8952040,0.007015609,0.006945549743250012,0.0100869275060731,IN BAND,False,True,0.0,6927.328516541,3675971.095765141,1.0,987416.473432973,197976.892322381,-0.0020882893709760026,1698.3311890413752,ACCUMULATING_PRE_EMA,0.0,,,,,1.1269671079341368,0.12272428465722272,1.1269671079341368,0.12272428465722272,,0.7149131294931987,0.34204096385545346,1,0.0,,0.0,0.0,3.051804379350376e-05,0.0018844893869055573,-0.7313862008407883,5CGTryXj...,2012988.193269045,,,,False,5615562,0.0,15,5GpySket...,0.0,0.524083161895418,0.524083161895418,0.007355073016648101,,COUNTER,734491.272679149,0.371911999,0.0,DIVERGENT,1.0,0.0,1295.967040512703,1221.604957048,0.00033232169819162496,1221.604957048,0.00033232169819162496,0.0,NEITHER,True,True,0.003323216981916249,,,10047.313605036004,0.0027332406439786465,30.0
32,91,91,41,30,Endure Network,2026-08-29,8952040,0.003708586,0.003673445200547576,0.009566169504089967,IN BAND,False,True,0.0,8880.384476861,3416286.768757462,1.0,2394546.634720397,405379.183643561,-0.0016359655505931488,-14966.952211779077,,0.0,,,,,0.7371517608883336,0.1163883956330946,0.7371517608883336,0.1163883956330946,,0.7692562650283102,2.2043640192957996,1,0.3075017159519484,MINER_BURN_ONLY,2214.0123548540287,2214.0123548540287,0.0,0.0025994259492714907,-0.29907896182763705,5HTogQKF...,842.403342257,0.0,,,False,3250216,1.0,116,5E2LP6En...,0.0,0.3227819872996075,0.3227819872996075,0.6975629854572645,,COUNTER,760418.379560399,18187.150616168,0.0,DIVERGENT,-0.2506816882196762,1.708386313573325,1295.967040512703,4962.596266974,0.0014526287173424104,4962.596266974,0.0014526287173424104,0.0,EXPOSED,True,True,0.014526287173424106,,UNDEFENDED_BURNER,8261.232388568998,0.0024181905524206597,30.0
33,92,92,42,25,UR,2026-08-29,8952040,0.009049177,0.008968522306531668,0.00899308611961557,IN BAND,False,True,0.0,15379.18518765,4142118.798521782,1.0,1699511.982216523,690657.741989498,-0.00189072698649151,-35480.123513255734,,0.0,,,,,-12.358712307184732,0.10941588112198943,-12.358712307184732,0.10941588112198943,,0.6344579013373222,3.6508995855601962,1,0.3075017159519484,MINER_BURN_ONLY,2214.0123548540287,2214.0123548540287,0.0,0.003712878827410369,-0.5896998337627424,5F6aRdsB...,50606.991792053,0.011474810259211848,,,False,2998801,1.0,204,5E2LP6En...,0.0,0.2643369208958163,0.2643369208958163,0.5966272415108737,,COUNTER,922875.738899127,0.0,0.0,DIVERGENT,-0.2506816882196762,1.708386313573325,1295.967040512703,323519.372769362,0.07810480300198487,323519.372769362,0.07810480300198487,0.0,FORTRESS,True,True,0.7810480300198486,,,8113.808547828001,0.0019588546206650605,30.0
34,93,93,43,116,Memo,2026-08-29,8952040,0.006776277,0.006730164401233196,0.006851630364089495,IN BAND,False,True,0.0,1527.813337343,629273.03365331,1.0,225464.978773095,106592.348367102,0.0001614247536338362,-2034.1411547127645,DISTRIBUTING_PRE_EMA,0.0,,,0.023822041754467272,,-6.9570091561708285,0.08336150276308885,-6.9570091561708285,0.08336150276308885,,4.176247605499433,4.447381717292563,1,0.3075017159874996,,2214.012355109997,2214.012355109997,0.0,0.0024279021277506855,-0.6417055961923214,5F48aA3P...,87729.261888611,0.17201291376758238,,,True,8294730,1.0,0,5CXN6pP6...,0.179995422293431,12.281945493195575,10.071251527562936,0.0,,COUNTER,179981.574378863,1764.319155568,0.0,DIVERGENT,-0.250681688306307,1.7083863137708364,1295.967040512703,30.45052749,4.839000856784899e-05,30.45052749,4.839000856784899e-05,0.0,EXPOSED,False,True,0.00048390008567848996,,,33959.91459107101,0.05396689954106756,30.0
35,94,94,44,113,TensorUSD,2026-08-29,8952040,0.002629091,0.002612246200442314,0.006448396615462089,IN BAND,False,True,0.0,1864.928592083,1536955.074268145,1.0,709343.224647809,65757.742938402,-0.0004889739469761811,-3872.817623362993,,0.0,,,,,-0.7652824502975799,0.07845549215478874,-0.7652824502975799,0.07845549215478874,,1.7098743118769297,2.249407752816932,1,0.3075017159534683,SKIN_IN_GAME,2214.0123548649717,2214.0123548649717,0.0,0.001213391740139852,-0.5384748035956717,5GndoVhM...,547852.168549779,0.2263872233455585,BUYBACK_JUSTIFIED,,False,7119664,1.0,0,5FRumLA6...,0.179995422293431,2.5273757523721287,2.0724596865297293,0.30800695991941146,,COUNTER,732658.52215913,0.0,0.0,DIVERGENT,-0.2506816882235901,1.708386313581769,1295.967040512703,71468.611382442,0.04650013040652692,71468.611382442,0.04650013040652692,0.0,FORTRESS,False,True,0.4650013040652725,,,18247.6992674,0.011872630223813824,30.0
36,95,95,45,16,trav,2026-08-29,8952040,0.001897394,0.0018881561700254679,0.004892513723802556,IN BAND,False,True,0.0,462.79689012,384468.692012366,1.0,243911.814519996,50717.513643777,0.000900611716787907,-2048.0017471231113,DISTRIBUTING_PRE_EMA,0.0,,,0.47465719654848015,,-1.0242610580368157,0.059525583639597764,-1.0242610580368157,0.059525583639597764,,6.835407029489604,7.349785173420815,1,0.0,,0.0,0.0,0.0,0.001203731018246642,-0.36558721159303653,5FkKY8WJ...,664557.058203663,1.1322793349713067,BUYBACK_GAMING,,True,8460646,1.0,1,5E2LP6En...,0.0,0.9463061919738357,0.9463061919738357,0.4166386913663137,,COUNTER,63578.799840379,0.04568655,0.0,DIVERGENT,1.0,0.0,1295.967040512703,7333.737256624,0.01907499208384988,0.0,0.0,7333.737256624,NEITHER,False,False,0.1376603705796338,,,39875.027343359,0.10371462793146356,30.0
37,96,96,46,42,Unknown,2026-08-29,8952040,0.002520921,0.0025087108369916677,0.0048671065745362315,IN BAND,False,True,0.0,7423.829126172,2602794.224442547,1.0,2944887.088187832,364454.295413538,-0.0007519273179352004,-8243.697350719012,,0.0,,,,,1.2568928440125275,0.05921646332352415,1.2568928440125275,0.05921646332352415,,1.0096841215186156,1.943422333582438,1,0.3075017159730568,,2214.012355006009,2214.012355006009,0.0,0.002852253572893184,0.13143314403473333,5EC5HHfL...,85394.968593545,0.13376984206957576,,,False,3613591,1.0,11,5Gbdb5s2...,0.179995422293431,12.617675613346934,10.346551762961028,0.0,,COUNTER,480826.837258809,0.0,0.0,DIVERGENT,-0.2506816882711129,1.7083863136905966,1295.967040512703,5444.016612431,0.0020916046921062195,5444.016612431,0.0020916046921062195,0.0,EXPOSED,True,True,0.020916046921062196,,UNDEFENDED_BURNER,8647.670580608996,0.0033224564967140684,30.0
38,97,97,47,46,Instant,2026-08-29,8952040,0.003590545,0.003578286385163665,0.0034258339095389655,IN BAND,False,True,0.0,8528.670704522,3272570.014736836,1.0,2375313.54084218,1433656.168979824,-0.006844200137852545,-9829.055058307014,,0.0,,,,,-1.1432129012258385,0.041680979232724076,-1.1432129012258385,0.041680979232724076,,0.8030385868494034,1.7223641409463908,1,0.3075017160473605,MINER_BURN_ONLY,2214.0123555409955,2214.0123555409955,0.0,0.0026061079415004764,-0.2741748281944729,5Ft9E2ov...,700112.643988087,0.0,,,False,3919107,1.0,238,5CDnZ6oe...,0.179995422293431,1.8832242196550515,1.5442524809650233,0.2236651355846851,,COUNTER,970639.014597521,28041.129768459,0.0,DIVERGENT,-0.2506816884521757,1.7083863141034055,1295.967040512703,170676.616546083,0.052153694428996956,170676.616546083,0.052153694428996956,0.0,FORTRESS,True,True,0.5215369442899698,,,8558.546781124001,0.0026152371813540063,30.0
39,98,98,48,52,Dojo,2026-08-29,8952040,0.006563636,0.006544481962919235,0.002926746102944595,IN BAND,False,True,0.0,18251.912670272,3051332.868085785,1.0,2780762.38917563,765542.442103906,-0.001055169699966047,-4611.00545968581,,0.0,,,,,-0.0586733412743945,0.03560874425249257,-0.0586733412743945,0.03560874425249257,,0.8612629672385244,1.218416707400071,1,0.3075017159519161,,2214.012354853796,2214.012354853796,0.0,0.0059816196591236225,-0.08867285463063121,5Fv1ZvNP...,5976.115009986,0.19242783954166295,,,False,3989825,1.0,130,5E2LP6En...,0.0,0.3853018951625409,0.3853018951625409,0.730764535327331,,COUNTER,1127346.340932523,0.0,0.0,DIVERGENT,-0.25068168821959735,1.7083863135731452,1295.967040512703,167638.354572778,0.05493938610438913,167638.354572778,0.05493938610438913,0.0,FORTRESS,True,True,0.5493938610438913,,,8127.167867592002,0.002663481245391126,30.0
40,99,99,49,87,Provenonce,2026-08-29,8952040,0.003612846,0.0036033703945577145,0.0026296506894202994,IN BAND,False,True,0.0,1573.301265575,1630067.228269931,1.0,435474.141419822,98006.13073335,-0.0004810604927689679,-7456.132242003514,,0.0,,,,,-11.11695030845292,0.03199408338794697,-11.11695030845292,0.03199408338794697,,1.6122034443875197,2.933672960777553,1,0.30750171595291853,MINER_BURN_ONLY,2214.0123548610136,2214.0123548610136,0.0,0.0009651756923208748,-0.7328489251075538,5HartH15...,4226.278263943,9.756246918948552e-06,,,False,7208725,1.0,1,5E2LP6En...,0.0,0.6524434727607776,0.6524434727607776,0.4226067847823101,,COUNTER,697587.182467135,811.040088965,0.0,DIVERGENT,-0.25068168822193504,1.7083863135787147,1295.967040512703,161846.956985352,0.09928851655838024,161846.956985352,0.09928851655838024,0.0,FORTRESS,False,True,0.9928851655838065,,,20600.719348540006,0.012637956883781134,30.0
41,100,100,50,108,Prometheon,2026-08-29,8952040,0.002754196,0.0027513972017914057,0.0010172279766701958,IN BAND,False,True,0.0,1843.945786179,1615822.804941403,1.0,669504.194528618,54475.45931913,0.0005111478403079943,-3130.067972241086,DISTRIBUTING_PRE_EMA,0.0,,,0.18558876721482215,,-7.576031545007668,0.012376273716154048,-7.576031545007668,0.012376273716154048,,1.6264159609353348,1.9692641745881407,1,0.06598782300218785,SKIN_IN_GAME,475.20241488103056,475.11232561575247,3.0518043793392735e-05,0.0011411806916822602,-0.5856574144751281,5GpmtjiG...,1562803.420636337,0.7355603262579223,BUYBACK_GAMING,,False,7105263,0.7304564112737094,5,5G9hfkx9...,0.009994659342336155,0.5953081406564669,0.589358238586886,0.014130501129219313,,COUNTER,477857.883416738,0.238163524,0.0,DIVERGENT,0.7135609313556175,0.36660834015330457,1295.967040512703,403782.798962644,0.2498929942861445,403782.798962644,0.2498929942861445,0.0,FORTRESS,False,True,2.498929942861449,0,,18092.071262209996,0.011196816387837833,30.0
42,101,101,51,122,CookingTAO,2026-08-29,8952040,0.004657354,0.004652817267924547,0.0009750505584493565,IN BAND,False,True,0.0,1439.407636262,618798.14078838,1.0,309061.21003039,45916.44059189,0.0003625880589275153,-616.6198761197156,DISTRIBUTING_PRE_EMA,0.0,,,0.07785280202611082,,2.8450819180561298,0.011863115127800503,2.8450819180561298,0.011863115127800503,,4.246942301170775,3.6686107386820144,1,0.30750171595583703,SKIN_IN_GAME,2214.0123548820266,2214.0123548820266,0.0,0.0023261343908178556,-0.5005459342755875,5F3uH1G4...,362769.946684754,2.049783859267335,BUYBACK_GAMING,,True,8238082,1.0,0,5CfPqfaz...,0.179995422293431,3.8130190510523163,3.126693076745257,0.28378069064440814,,COUNTER,296649.314420001,4689.8056909,0.0,DIVERGENT,-0.2506816882291519,1.7083863135949289,1295.967040512703,112274.463795541,0.1814395622658104,112274.463795541,0.1814395622658104,0.0,FORTRESS,False,True,1.8143956226581106,0,,33663.72089721101,0.0544017809334749,30.0
43,102,102,52,43,Graphite,2026-08-29,8952040,0.004909551,0.004909307463094592,4.960718130582054e-05,IN BAND,False,True,0.0,13691.722751485,3093218.113448715,1.0,2788793.173896947,157116.667286033,-0.0008349041341164327,-60.95475686620921,,0.0,,,,,-1.075487703568954,0.0006035540392208166,-1.075487703568954,0.0006035540392208166,,0.8496006112772855,0.6621894629285215,1,0.2530916657372093,MINER_BURN_ONLY,1822.6203503690194,1822.259993307907,0.00012207217517357094,0.004426368348211862,-0.09841687188668327,5HjMs5JD...,2979987.894487318,,,,False,3408582,0.1418499244586202,108,5ERVu5z1...,,12.900800102938966,12.900800102938966,0.0,,COUNTER,898549.504390571,0.0,0.0,OK,-0.0897720418489569,1.4061005691834532,1295.967040512703,3451.069241962,0.0011156889412219002,3451.069241962,0.0011156889412219002,0.0,EXPOSED,True,True,0.011156889412219,,UNDEFENDED_BURNER,9026.032936074998,0.0029180072678455975,30.0
44,103,103,53,29,hoτfloaτ,2026-08-29,8952040,0.002791857,0.002791863866150379,-2.4593428291434765e-06,IN BAND,False,True,0.0,8333.973822463,2870335.594517263,1.0,2985099.503956509,204751.565075148,-0.011022358310089313,263.73025996796787,ACCUMULATING_PRE_EMA,0.0,,,,,-4.288419466935835,-2.992200442124563e-05,-4.288419466935835,-2.992200442124563e-05,,0.9155723829017912,0.672360515988245,1,0.0,,0.0,0.0,0.0,0.0029034841216413997,0.039983108605275854,5HHHHHzg...,19996.075208505,,,,False,3379782,1.0,37,5E2LP6En...,0.0,0.37992807314518334,0.37992807314518334,0.0824520441331319,,COUNTER,610829.352749762,0.0,0.0,DIVERGENT,1.0,0.0,1295.967040512703,3165.974907187,0.0011029981697033785,3165.974907187,0.0011029981697033785,0.0,NEITHER,True,True,0.011029981697033784,,,7980.791108424995,0.0027804383305106927,30.0
45,104,104,54,73,Parked,2026-08-29,8952040,0.003271526,0.003271545050665736,-5.823140272043796e-06,IN BAND,False,True,0.0,7030.223424418,3401566.528309388,1.0,2148912.381196405,574684.672003149,-0.0012004820451322843,-91.05246762279421,,0.0,,,,,1.177704366120648,-7.084820664319951e-05,1.177704366120648,-7.084820664319951e-05,,0.7725852127625861,0.6053256129337449,1,0.30750171595498815,MINER_BURN_ONLY,2214.0123548759148,2214.0123548759148,0.0,0.0020667605251607677,-0.3682579551069538,5Fvs6HPW...,1415862.47041659,,,,False,5160047,1.0,0,5Dnkprjf...,0.179995422293431,1.1379876129676816,0.9331550520068702,0.4954065437675498,,COUNTER,1519138.349090508,0.0,0.0,DIVERGENT,-0.25068168822708337,1.7083863135902129,1295.967040512703,983055.84770822,0.28900091752631646,915004.677672482,0.2689950850754779,68051.17003573803,FORTRESS,True,True,2.6899508507547796,0,,8653.955535940993,0.0025441088580566715,30.0
46,105,105,55,12,Compute Horde,2026-08-29,8952040,0.004926711,0.004927196307107806,-9.849559009975585e-05,IN BAND,False,True,0.0,12852.736190472,3480899.663357306,1.0,2608785.904107333,424212.647435292,-0.0016389071287063602,192.82900483859703,ACCUMULATING_PRE_EMA,0.0,,,,,0.01763841751699724,-0.0011983630128803628,0.01763841751699724,-0.0011983630128803628,,0.7549772340939327,0.5616833930005587,1,0.3056670353887868,MINER_BURN_ONLY,2200.982833329821,2200.802654799265,6.103608758678547e-05,0.0036923604336459434,-0.25054251535234295,5ELzhHvg...,1619840.218963412,,,,False,2256433,0.006103981321817109,136,5EHcd8Jp...,,5.033496158077388,5.033496158077388,0.0,,COUNTER,1572019.901157216,0.0,0.0,OK,-0.24624582487536556,1.6981933845544375,1295.967040512703,3870.537061652,0.0011119358315312344,3870.537061652,0.0011119358315312344,0.0,EXPOSED,True,True,0.011119358315312343,,UNDEFENDED_BURNER,8204.695305409003,0.002357061707861934,30.0
47,106,106,56,20,ChronoSeek,2026-08-29,8952040,0.002707472,0.0027080124709755182,-0.00019958215898603317,IN BAND,False,True,0.0,6962.990892096,3215222.237740941,1.0,2571768.295208659,280624.695097102,-0.0009316292818717833,-2702.1084136641584,,0.0,,,,,-0.37071721399183977,-0.0024282496009967367,-0.37071721399183977,-0.0024282496009967367,,0.8173618511193393,0.9381371464883012,1,0.30750171595152803,SKIN_IN_GAME,2214.012354851002,2214.012354851002,0.0,0.0021656328481319204,-0.20012733349341358,5CFVA7aP...,1242873.039462934,0.5998839129746649,BUYBACK_JUSTIFIED,,False,1970929,1.0,240,5ED4s3B3...,0.179995422293431,1.2921646363330705,1.0595809169436619,0.49053868457195177,,COUNTER,1353000.486002437,0.0,0.0,DIVERGENT,-0.2506816882186518,1.7083863135709894,1295.967040512703,648183.126403333,0.2015982344221267,642141.321460487,0.19971910928050318,6041.804942846065,FORTRESS,True,True,1.997191092805033,0,,8530.728571492002,0.0026532313913970092,30.0
48,107,107,57,119,Satori,2026-08-29,8952040,0.00271232,0.002713538706302643,-0.0004491206629234143,IN BAND,False,True,0.0,3363.184804549,1536965.518528316,1.0,1239965.848558005,71323.508461785,-0.0008647727937628405,463.757876184769,ACCUMULATING_PRE_EMA,0.0,,,,,-1.5428567544114407,-0.005464301398901541,-1.5428567544114407,-0.005464301398901541,,1.7098626926363174,1.2097445242352542,1,0.30750171609541416,MINER_BURN_ONLY,2214.012355886982,2214.012355886982,0.0,0.002188197954999886,-0.19323754018704062,5GbLENPL...,102607.43018893,,,,False,5740660,1.0,0,5HMwvi1d...,0.179995422293431,11.145229617141096,9.13913930564653,0.06134688458545071,,COUNTER,826722.165780165,0.0,0.0,DIVERGENT,-0.2506816885692726,1.708386314370377,1295.967040512703,20722.542632217,0.013482763524883347,20722.542632217,0.013482763524883347,0.0,FORTRESS,True,True,0.13482763524883348,,,15717.581466767999,0.01022637221023539,30.0
49,108,108,58,104,Masx.ai,2026-08-29,8952040,0.004342156,0.004346064757555723,-0.0008993785812620351,IN BAND,False,True,0.0,6050.431799605,3133634.663380628,1.0,1393416.236191635,74700.139105483,-0.0017383027949343672,716.7191419620067,ACCUMULATING_PRE_EMA,0.0,,,,,-0.19298051704599262,-0.01094243940535476,-0.19298051704599262,-0.01094243940535476,,0.8386427526828737,0.3043047343335059,1,0.0,,0.0,0.0,0.0,0.0019308031884858183,-0.5553353706117841,5HBb3F1b...,1861154.911511445,,,ENTRY_PRE_EMA_PATTERN,False,5528520,1.0,25,5Coeuhim...,0.179995422293431,0.9860891486094945,0.8085976158865587,0.7032837916196174,,COUNTER,340321.172598343,142065.359667439,2214.0123548610136,DIVERGENT,0.4283487497576204,0.0,1295.967040512703,3017.92106809,0.0009630736803358583,3017.92106809,0.0009630736803358583,0.0,NEITHER,True,True,0.009630736803358584,,,9723.850674863996,0.0031030581798497563,30.0
50,109,109,59,95,Actual,2026-08-29,8952040,0.044943588,0.04499356308951974,-0.0011107164244873987,IN BAND,False,True,0.0,28164.767378613,2866550.323853999,1.0,626669.306798481,561370.207850236,-0.0011390409750780188,-903.0785685265437,,0.0,,,,,-4.318667941375129,-0.013513716497930017,-4.318667941375129,-0.013513716497930017,,0.9167813933462453,0.8223783417578568,1,0.30750171595152803,SKIN_IN_GAME,2214.012354851002,2214.012354851002,0.0,0.009825317610592734,-0.781385553583467,5D5UhUuc...,447624.135136608,0.23563128277159606,BUYBACK_JUSTIFIED,,False,5403674,1.0,0,5ExqqyEB...,0.179995422293431,2.4071222441284763,1.9738512592846598,0.0,,COUNTER,1026003.008719725,14658.86980412,0.0,DIVERGENT,-0.2506816882186518,1.7083863135709894,1295.967040512703,9024.997700073,0.003148382787830892,9024.997700073,0.003148382787830892,0.0,EXPOSED,True,True,0.031483827878308925,,UNDEFENDED_BURNER,12772.771537677005,0.004455798815526936,30.0
51,110,110,60,2,DSperse,2026-08-29,8952040,0.003068548,0.0030728685669600964,-0.0014060370191396245,IN BAND,False,True,0.0,7742.259540286,3110034.221756071,1.0,2523101.849454037,701513.316283583,-0.002026472196230547,-248.34181688306853,,0.0,,,,,-1.684749868315703,-0.017106783732865432,-1.684749868315703,-0.017106783732865432,,0.8450067789016509,0.6806945441112188,1,0.26030021410888166,MINER_BURN_ONLY,1874.1615415839478,1874.1615415839478,0.0,0.002489445127685559,-0.18872211623036073,5EcYQ3W7...,2788245547538322.0,,,,False,2734060,1.0,14,5CFxLBvp...,0.179995422293431,0.7194777234545653,0.5899750267906444,0.8618405993926724,,COUNTER,679023.160606146,0.0,0.0,OK,-0.1149167468975866,1.4461490786389928,1295.967040512703,1144508.261830867,0.3680050379589148,1144508.261830867,0.3680050379589148,0.0,FORTRESS,True,True,3.6800503795891477,0,,8853.539789618002,0.002846766034818382,30.0
52,111,111,61,10,Pareton,2026-08-29,8952040,0.007258647,0.007269298657774925,-0.0014652937341531108,IN BAND,False,True,0.0,17558.302806418,3403995.890125034,1.0,2418949.612155412,942646.029349679,0.0019830543029549486,12889.430074426811,,0.0,,,0.2731988899522113,,5.961176183086187,-0.01782774043219618,5.961176183086187,-0.01782774043219618,,0.7720338345953378,-0.7862364349799935,1,0.3075017159500082,MINER_BURN_ONLY,2214.012354840059,2214.012354840059,0.0,0.005158144537528527,-0.28937933783961023,5HK5714c...,20935.492223298,,,,False,2869647,1.0,168,5E2LP6En...,0.0,0.31108479127725547,0.31108479127725547,0.6866835551214748,,COUNTER,769139.05040541,0.0,0.0,DIVERGENT,-0.2506816882149482,1.7083863135625454,1295.967040512703,68485.129283885,0.020119039944366514,20806.587799069,0.006112400975403276,47678.54148481601,FORTRESS,True,True,0.061124009754033176,,,8225.322594470004,0.002416372657303025,30.0
53,112,112,62,125,8 Ball,2026-08-29,8952040,0.003092666,0.003098459914326668,-0.0018699336079443457,IN BAND,False,True,0.0,5761.998602838,2400101.643743545,1.0,1863116.710746132,234807.36708398,-0.00024021262101779379,2629.2404169477522,ACCUMULATING_PRE_EMA,0.0,,,,,-2.0623635353319143,-0.022750858896656206,-2.0623635353319143,-0.022750858896656206,,1.0949536270059763,0.4433753069280659,1,0.3075017160593092,MINER_BURN_ONLY,2214.0123556270264,2214.0123556270264,0.0,0.002400731076476726,-0.22373412567774012,5DTzv2rL...,59177.087124262,,,,False,5834408,1.0,0,5CFFokuo...,0.179995422293431,18.207824439010647,14.930499390066272,0.0,,COUNTER,1261345.28220136,0.0,0.0,DIVERGENT,-0.2506816884812923,1.708386314169789,1295.967040512703,45923.662897553,0.01913404918381866,45923.662897553,0.01913404918381866,0.0,FORTRESS,True,True,0.1913404918381866,,,10725.906776066002,0.004468938556842255,30.0
54,113,113,63,39,deprecated,2026-08-29,8952040,0.008796532,0.008819184266030788,-0.002568521684940841,IN BAND,False,True,0.0,19798.609780716,3681130.786440034,1.0,2250728.958238013,1082277.599877885,-0.008167090216750057,4079.0527328080498,ACCUMULATING_PRE_EMA,0.0,,,,,4.242213579815198,-0.031250347166780226,4.242213579815198,-0.031250347166780226,,0.713911064958792,0.14501639997007496,1,0.3075017159508166,MINER_BURN_ONLY,2214.0123548458796,2214.0123548458796,0.0,0.005378404335332768,-0.38857673281552674,5DkwfxC9...,651289.643555062,,,,False,3280104,1.0,136,5GP7c3fF...,0.0009918364232852674,2.0335342107917755,2.0315172774935157,0.22919273615138103,,COUNTER,1503921.073494531,0.0,0.0,DIVERGENT,-0.2506561207289827,1.708386313567037,1295.967040512703,510754.46705294,0.13874933999475822,509179.522643962,0.13832149743758,1574.9444089779863,FORTRESS,True,True,1.3832149743758002,0,,8587.671046239002,0.002332889414815932,30.0
55,114,114,64,83,CliqueAI,2026-08-29,8952040,0.010005668,0.01003967970609665,-0.0033877282037189723,IN BAND,False,True,0.0,8684.895609143,2750474.260336131,1.0,867997.513628151,151736.84507399,0.000950791968390149,2126.2308200754924,,0.0,,,0.095025336478299,,-2.771476406149713,-0.04121735981191416,-2.771476406149713,-0.04121735981191416,,0.9554715846273132,0.4417902594642859,1,0.0,,0.0,0.0,0.0017700465400167786,0.003157599303649412,-0.6844189409793118,5DqEjRLy...,934386.38539112,,,,False,5231190,0.007367890062520033,180,5G9hfkx9...,0.009994659342336155,0.4523395448376795,0.44781856517995955,0.4316146063815177,,COUNTER,345172.824104195,26063.92679357,0.0,DIVERGENT,1.0,0.0,1295.967040512703,8057.340853611,0.002929436922862287,8057.340853611,0.002929436922862287,0.0,NEITHER,True,True,0.029294369228622868,,,13686.900241531004,0.004976196446884165,30.0
56,115,115,65,24,Quasar,2026-08-29,8952040,0.003921831,0.003944397438317537,-0.005721137048289727,IN BAND,False,True,0.0,8577.179580732,3615943.74950864,1.0,2187034.235057865,1566928.48156062,-0.003987432863262727,21909.599094993435,ACCUMULATING_PRE_EMA,0.0,,,,,-0.9191665830215288,-0.06960716742085833,-0.9191665830215288,-0.06960716742085833,,0.7267812173121088,-1.6448221479427392,1,0.3075017159507034,MINER_BURN_ONLY,2214.0123548450647,2214.0123548450647,0.0,0.0023720445269364405,-0.3951691118417799,5ELutYW7...,325194.988598557,,,,False,2538424,1.0,155,5ELpkVn8...,0.179995422293431,3.313353681509596,2.716965186398782,0.0,,COUNTER,631795.661167111,0.0,0.0,DIVERGENT,-0.2506816882162217,1.7083863135664081,1295.967040512703,700000.000065042,0.19358708225485063,0.0,0.0,700000.000065042,EXPOSED,True,False,0.6230602468041977,105468,TAKEOVER_WATCH,8071.036926627997,0.002232069270359846,30.0
57,116,116,66,100,Cortex,2026-08-29,8952040,0.004654343,0.004685634281486273,-0.006678131413266693,IN BAND,False,True,0.0,2730.671791183,1836906.986567897,1.0,586693.266040503,353708.585738143,-0.001453934361040321,-2470.502688400098,,0.0,,,,,-1.4412508950492535,-0.08125059886141142,-1.4412508950492535,-0.08125059886141142,,1.4306657981143576,1.6148504341168866,1,0.2665014871569454,MINER_BURN_ONLY,1918.8107075300068,1918.8107075300068,0.0,0.0014865596413703155,-0.6806080597475701,5FX6kmhY...,1468409.900917955,0.0,,,False,6693448,1.0,0,5CUPbFKU...,,1.2972906649576155,1.2972906649576155,0.7679794912486838,,COUNTER,682659.410658462,1077.059572996,0.0,OK,-0.1769411397557309,1.4806014717557152,1295.967040512703,289419.544205138,0.1575580834094891,289419.544205138,0.1575580834094891,0.0,FORTRESS,False,True,1.5755808340948962,0,,19061.400343631998,0.010376900127777611,30.0
58,117,117,67,37,Aurelius,2026-08-29,8952040,0.00369726,0.003723232774063945,-0.006975866307600028,IN BAND,False,True,0.0,8385.418113803,3647096.174939866,1.0,2268008.550327858,353155.339938069,-0.0011818962588911177,7932.219384627882,ACCUMULATING_PRE_EMA,0.0,,,,,-2.6929258341117563,-0.08487304007580034,-2.6929258341117563,-0.08487304007580034,,0.7205732653988295,-0.23914429231925652,1,0.30750171595249814,MINER_BURN_ONLY,2214.012354857987,2214.012354857987,0.0,0.0022992039999990567,-0.3781329957863237,5GRBbS3a...,16617.78285175,,,ENTRY_REPEATED,False,3212175,1.0,110,5E2LP6En...,0.0,0.5654426466336862,0.5654426466336862,0.4986036716568237,,COUNTER,1259465.725126298,0.0,0.0,DIVERGENT,-0.2506816882210158,1.708386313576379,1295.967040512703,45507.151093348,0.01247763944533169,45507.151093348,0.01247763944533169,0.0,FORTRESS,True,True,0.1247763944533169,,,8151.654261844,0.0022351081163847855,30.0
59,118,118,68,57,SN57,2026-08-29,8952040,0.005123716,0.005165599752217531,-0.008108207028535383,IN BAND,False,True,0.0,1826.185212828,943988.38190691,1.0,356418.07872755,31371.495915966,-0.00013780237056893412,1749.2465862106183,ACCUMULATING_PRE_EMA,0.0,,,,,-1.1582622543906607,-0.09864985218051382,-1.1582622543906607,-0.09864985218051382,,2.783932567783611,1.4720363467544757,1,0.30750171607430576,MINER_BURN_ONLY,2214.0123557350016,2214.0123557350016,0.0,0.0019345420429211242,-0.6224337877194747,5HdpnCSY...,859791.782279048,,,ENTRY_REPEATED,False,8057320,1.0,0,5Ejcqsbx...,0.179995422293431,2.051035452642373,1.6818584602052107,0.6366757717721383,,COUNTER,367780.600242008,6427.093693354,0.0,DIVERGENT,-0.25068168851783584,1.7083863142531053,1295.967040512703,1254.306998862,0.0013287313942659219,1254.306998862,0.0013287313942659219,0.0,EXPOSED,False,True,0.013287313942659218,,,28651.906358576005,0.030351969269682675,30.0
60,119,119,69,69,Herald,2026-08-29,8952040,0.008454286,0.008535898057743907,-0.00956103941164891,IN BAND,False,True,0.0,4327.931683835,1211446.274500166,1.0,511921.568988026,73027.720686059,0.0011393261345515797,1514.2441994436085,,0.0,,,0.13476314079646462,,-6.462593133538397,-0.11632597950839506,-6.462593133538397,-0.11632597950839506,,2.1693079217105966,1.2172729229113677,1,0.3075017160170844,MINER_BURN_ONLY,2214.012355323008,2214.012355323008,0.0,0.0035725329095759304,-0.5774293761086472,5HBPFVcJ...,503394.099794989,,,,True,8138182,1.0,0,5FWB5CFZ...,0.179995422293431,2.1404422760408086,1.7551724646701305,0.0,,COUNTER,331863.179006662,4110.268380516,0.0,DIVERGENT,-0.25068168837839916,1.7083863139352007,1295.967040512703,485.813350565,0.00040101931120754245,485.813350565,0.00040101931120754245,0.0,EXPOSED,False,True,0.004010193112075425,,,23442.525092197,0.019350858214384467,30.0
61,120,120,70,31,rec4ll,2026-08-29,8952040,0.00448508,0.004544919123873115,-0.01316615813003087,IN BAND,False,True,0.0,1909.274679467,1696894.984937803,1.0,425694.63672256,50371.526972386,-3.4653599990985635e-05,5533.923470858834,ACCUMULATING_PRE_EMA,0.0,,,,,-1.6772837127769777,-0.16018825724870892,-1.6772837127769777,-0.16018825724870892,,1.5487110418305146,0.0015169448063377744,1,0.30750171595235265,MINER_BURN_ONLY,2214.012354856939,2214.012354856939,0.0,0.0011251578302808065,-0.7491331636713712,5H3mfhC8...,829050.328562811,,,ENTRY_REPEATED,False,7173591,1.0,0,5CDZ527X...,0.179995422293431,1.8573261574446616,1.5230159513987742,0.4291273692885267,,COUNTER,711030.510562234,729.248648798,0.0,DIVERGENT,-0.25068168822066117,1.7083863135755706,1295.967040512703,402770.166460864,0.23735715529598725,402770.166460864,0.23735715529598725,0.0,FORTRESS,False,True,2.373571552959872,0,,19015.57524315698,0.011206100207700223,30.0
62,121,121,71,58,greevils,2026-08-29,8952040,0.009819469,0.009955976391211152,-0.013711100332826827,IN BAND,False,True,0.0,1076.328087408,426072.553505004,1.0,109611.637195554,21220.250088312,,1884.9232948236604,,,,,,,5.391397679788017,-0.1668183873827264,5.391397679788017,-0.1668183873827264,,6.167963597704811,3.159129136405459,1,0.0,,0.0,0.0,0.0,0.0025261615153423845,-0.7427394989135987,5CLUzEqe...,748624.003526436,,,,True,8511017,0.0,1,5E2LP6En...,0.0,0.8252240688496448,0.8252240688496448,0.36553134346578775,,COUNTER,78931.873767343,0.045668707,0.0,DIVERGENT,1.0,0.0,1295.967040512703,32808.027617922,0.07700103503037938,32808.027617922,0.07700103503037938,0.0,DORMITORY,False,True,0.7700103503037937,,,42277.44586039999,0.09922593115330407,30.0
63,28,14,72,103,Capcomp,2026-08-29,8952040,0.009201773,0.009083473356440663,0.01302361320578497,IN BAND,False,False,0.003576464,795.121972149,212628.905660069,1.0,86409.641356741,13587.083359697,,1050.2447862594126,,,,,,11.820761746272943,-6.653413048675029,0.1584539606703838,-6.985633117582353,-0.17376610823694,-0.3322200689073238,12.359561329828777,12.152981815180267,1,0.0,,0.0,0.0,9.15541313801782e-05,0.0037394820317617865,-0.5936128796307204,5H3SQ4du...,1013493.941179239,0.2494004692428781,BUYBACK_GAMING,,True,8762380,0.9520517633414214,1,5E2LP6En...,0.0,0.9509174154852523,0.9509174154852523,0.09163182470168156,,COUNTER,58456.632985645,0.014698804,0.0,DIVERGENT,1.0,0.0,1295.967040512703,0.0,0.0,0.0,0.0,0.0,NEITHER,False,,,,,49293.92342315301,0.2318307723502066,30.0
64,25,18,73,28,gm,2026-08-29,8952040,0.020031753,0.020094409119337797,-0.003118087173685583,IN BAND,False,False,0.002792235,21356.185299709,4881156.889563199,1.0,1066116.672012448,6464266.019938758,-0.0018433106521580824,-651.0317634954117,,0.0,,,,0.3436003891621969,7.5573898570922715,-0.03793672727984126,7.38056058819918,-0.21476599617293246,-0.1768292688930912,0.5383969537261016,0.5204296580552881,1,0.15089605522488425,,1238.8385435070377,1237.8926062216176,0.0003204394598306237,0.004375230254403911,-0.7815852534521611,5CA6rwAy...,2644160.200020957,0.1824980893287349,,,False,4878363,0.5574686326586684,219,5FHBJCMk...,,1.4755151751254563,1.4755151751254563,0.0,,COUNTER,1389711.566901912,33762.848582854,0.0,DIVERGENT,0.3496174722152361,0.9551883400768353,1295.967040512703,434350.956103024,0.08898524795049004,434344.502651163,0.0889839258352606,6.453451860987116,FORTRESS,True,True,0.889839258352606,,,9412.163572933006,0.0019282649146266787,30.0
65,26,34,74,63,Enigma,2026-08-29,8952040,0.008265626,0.00827596290037036,-0.0012490269101975984,IN BAND,False,False,0.001173521,15436.090222199,3953917.928274053,1.0,1867503.967350421,1220021.193176481,-0.0023243817583002914,1974.9929169374518,ACCUMULATING_PRE_EMA,0.0,,,,0.19979237900312408,0.30485900551860373,-0.015196494074070779,0.10230144120566514,-0.21775405838700937,-0.2025575643129386,0.6646571951348427,0.40234994331606266,1,0.0,,0.0,0.0,1.5259021896696368e-05,0.003903998641908355,-0.5276826411080836,5CqTmNfg...,292156.901722736,,,,False,4885578,0.0,141,5E2LP6En...,0.0,0.2962110935072605,0.2962110935072605,0.40542643939509543,,COUNTER,725439.396179942,0.0,0.0,DIVERGENT,1.0,0.0,1295.967040512703,72397.992373783,0.01831044389062113,72397.992373783,0.01831044389062113,0.0,DORMITORY,True,True,0.1831044389062113,,,8260.681138602,0.0020892394046752296,30.0
66,27,78,75,23,Trishool,2026-08-29,8952040,0.004197476,0.004178722854703665,0.004487769576588835,IN BAND,False,True,5.93e-07,7406.066546796,4120715.900160404,1.0,1764409.540897282,583062.908290339,3.250270980840306e-05,2451.17306166701,,0.0,,,0.007743393841537881,0.00021042262990118475,-0.8732074364478039,0.05460119651516415,-1.1469530071354272,-0.2191443741724592,-0.27374557068762334,0.6377532602763762,0.2739559933175245,1,0.245959570874935,MINER_BURN_ONLY,1771.2044801029842,1771.1594354703452,1.5259021896696368e-05,0.0017972766689661158,-0.5718196675892571,5CqTRwoF...,1420504.261629444,,,,False,2063528,1.0,188,5HKsvivb...,0.0899977111467155,0.8988740933294594,0.817977482320729,0.38506027773538837,,COUNTER,1129160.0904807,0.055431535,0.0,OK,-0.06328705094133324,1.3666701236241696,1295.967040512703,956777.80272342,0.23218727665408243,956777.80272342,0.23218727665408243,0.0,FORTRESS,True,True,2.3218727665408263,0,,8767.415128570003,0.002127643676728289,30.0
67,13,68,76,92,MicroTensor,2026-08-29,8952040,0.006769208,0.007560979342088103,-0.10471809355181248,IN BAND,False,True,4.7814e-05,1293.044142894,585062.28144218,1.0,191018.507594994,69765.145203369,-2.6195570558567144e-05,7097.912596950395,ACCUMULATING_PRE_EMA,0.0,,,,0.09717780532903342,49.92549817564594,-1.2740701382137185,50.97486423402415,-0.22470407983550578,1.0493660583782127,4.491829474157816,-0.9521882530491793,1,0.20354567173680996,MINER_BURN_ONLY,1476.0157538570056,1475.8806199590886,4.57770656900891e-05,0.002210096572465145,-0.6735073626833235,5E9LPDS2...,766572.093574572,,,,True,8352006,0.6666971861075506,0,5FeHbWK1...,0.179995422293431,1.7517689344101686,1.4364585453004965,0.5796404809863883,,COUNTER,205616.134919553,0.041020142,0.0,OK,0.12310081579881901,1.1388257369378847,1295.967040512703,50000.0,0.08546098695125222,50000.0,0.08546098695125222,0.0,FORTRESS,False,True,0.8546098695125223,,,36706.994160472,0.06274031897935578,30.0
68,122,122,77,115,HashiChain,2026-08-29,8952040,0.00260318,0.0026526369620114565,-0.018644451811435935,IN BAND,False,True,0.0,3547.492836879,1590836.713343214,1.0,1362753.14011122,155648.685342924,-0.0010310414951094963,27783.76895852317,ACCUMULATING_PRE_EMA,0.0,,,,,-1.2891681122728047,-0.22684083037247052,-1.2891681122728047,-0.22684083037247052,,1.6519608693698935,-5.032898070503675,1,0.30750171618236993,MINER_BURN_ONLY,2214.0123565130634,2214.0123565130634,0.0,0.002229954090903388,-0.14337307028196752,5EkNnrTj...,91591.579883031,,,,False,5683635,1.0,0,5EhTo9AX...,0.179995422293431,12.42448829256554,10.188137275565415,0.0561439384690514,,COUNTER,907678.852978592,0.0,0.0,DIVERGENT,-0.25068168878116587,1.7083863148534768,1295.967040512703,2942.008322496,0.001849346509179587,2942.008322496,0.001849346509179587,0.0,EXPOSED,True,True,0.01849346509179587,,UNDEFENDED_BURNER,15512.977981501002,0.009751458368659214,30.0
69,123,123,78,127,Astrid,2026-08-29,8952040,0.002975225,0.0030335797928273678,-0.019236280834063563,IN BAND,False,True,0.0,3430.222755557,2917477.760724952,1.0,1152928.579267803,596944.605567364,-0.0011311304522673383,20490.444287399994,ACCUMULATING_PRE_EMA,0.0,,,,,-1.4219199977805155,-0.23404141681444,-1.4219199977805155,-0.23404141681444,,0.900778074602008,-1.860757738816206,1,0.3075017159519484,MINER_BURN_ONLY,2214.0123548540287,2214.0123548540287,0.0,0.0011757494098959774,-0.6048200018835627,5FU4uxAd...,773726.640214943,,,ENTRY_PRE_EMA_PATTERN,False,5848837,1.0,0,5EKrpcqV...,0.179995422293431,1.8032855210968264,1.4787023822113734,0.2949336181901419,,COUNTER,1201006.327447605,203.185912805,0.0,DIVERGENT,-0.2506816882196762,1.708386313573325,1295.967040512703,5535.674552263,0.0018974179089843218,5535.674552263,0.0018974179089843218,0.0,EXPOSED,True,True,0.01897417908984322,,UNDEFENDED_BURNER,11516.508736887003,0.003947419545719284,30.0
70,32,16,9,110,Green Compute,2026-08-29,8952040,0.013394082,0.013178977649658918,0.01632177821825569,IN BAND,False,False,0.002964617,7376.874501898,2837979.628054441,1.0,550756.280988243,379047.818334521,0.0008840356011466324,-4794.416955998866,DISTRIBUTING_PRE_EMA,0.0,,0.06600195527746003,0.06600195527746003,1.0561401680339615,6.628790471627079,0.19858163498877754,6.191624424491309,-0.2385844121469928,-0.43716604713577034,0.9260108754908889,1.4933062151697318,1,0.0,,0.0,0.0,0.0,0.0025993401886944376,-0.8059336811067427,5D53sX6A...,1551684.329245057,0.0,,,False,5606062,1.0,155,5FmpATto...,0.179995422293431,14.122295767136263,11.580347176777838,0.0,,COUNTER,653602.202903777,0.0,0.0,DIVERGENT,1.0,0.0,1295.967040512703,9205.92186508,0.0032438294391109006,9205.92186508,0.0032438294391109006,0.0,NEITHER,True,True,0.032438294391109006,,,13630.873514233997,0.0048030202118041826,30.0
71,29,31,79,17,404—GEN,2026-08-29,8952040,0.009710202,0.009675873443484306,0.0035478509218007342,IN BAND,False,False,0.001374127,26451.046830352,3119538.51630814,1.0,2724046.972229898,658371.533889371,-0.008483605846616416,2078.9365834770724,ACCUMULATING_PRE_EMA,0.0,,,,0.13652411487382873,2.011053713728313,0.0431655195485756,1.649968104960521,-0.31792008921921633,-0.36108560876779194,0.8424322976816911,0.49760972364162065,1,0.0,,0.0,0.0,0.0,0.008479153788957172,-0.1267788467266518,5E7a4a7Q...,1099845.091561481,,,,False,2840556,1.0,42,5CcEPLdb...,0.0,0.3050456043497582,0.3050456043497582,0.004166030825576072,,COUNTER,340475.604612198,0.0,0.0,DIVERGENT,1.0,0.0,1295.967040512703,512144.93004522,0.16417329914917186,506752.919382637,0.1624448349438431,5392.010662582994,DORMITORY,True,True,1.624448349438431,0,,9914.459908478,0.0031781815985434288,30.0
72,124,124,80,70,SN70,2026-08-29,8952040,0.009188274,0.009462056681513786,-0.028934796179004234,IN BAND,False,True,0.0,691.588665627,152694.458572016,1.0,75268.612437376,6245.261943441,,1153.1993475180498,,,,,,,-1.4192256435080872,-0.3520400201778848,-1.4192256435080872,-0.3520400201778848,,17.21084068522725,10.798879757154696,1,0.30750171595361075,MINER_BURN_ONLY,2214.0123548659976,2214.0123548659976,0.0,0.0045292322465050215,-0.5070638678706119,5EP42hSo...,600715.747138845,,,,True,8825571,1.0,1,5E2LP6En...,0.0,2.1800742108416253,2.1800742108416253,0.9791863765373698,,COUNTER,49593.876748823,0.0,0.0,DIVERGENT,-0.250681688223727,1.7083863135825605,1295.967040512703,0.0,0.0,0.0,0.0,0.0,EXPOSED,False,,,,,33515.57498717599,0.21949437655177828,30.0
73,30,38,81,77,Liquidity,2026-08-29,8952040,0.005836062,0.005837791133671999,-0.0002961965634613201,IN BAND,False,False,0.000883592,12321.282148262,3287783.189164011,1.0,2111231.934249747,408985.421051253,-0.006935415302332664,1403.3942674570717,ACCUMULATING_PRE_EMA,0.0,,,,0.18846088808440647,-1.9384576406205025,-0.003603724855446061,-2.3034592836577072,-0.36860536789265097,-0.3650016430372049,0.7993227803650353,0.5534625311216114,1,0.0,,0.0,0.0,0.00010681315327687457,0.0037475957018306156,-0.35785539944047623,5GxxsUeY...,2704983.247367527,7.276466701068788,BUYBACK_GAMING,,False,5128460,0.31330118422659015,148,5C8dR6A6...,0.179995422293431,1.208814949385429,0.9912337920961862,0.0,,COUNTER,140886.89655137,14115.257752168,0.0,DIVERGENT,1.0,0.0,1295.967040512703,369577.913917543,0.11240945422910205,369577.913917543,0.11240945422910205,0.0,DORMITORY,True,True,1.1240945422910202,0,,9227.157214090994,0.0028064980818997363,30.0
74,31,13,82,8,Vanta,2026-08-29,8952040,0.027962894,0.027969560120254755,-0.0002383348263646467,IN BAND,False,False,0.003917165,79168.03974785,3081855.998651563,1.0,2831181.889198211,1392768.513528204,-0.008329727580013033,2057.1519352584146,ACCUMULATING_PRE_EMA,0.0,,,,0.13003112938993247,0.3563474700848261,-0.0028997403874365347,-0.018972011411475698,-0.3782192218837383,-0.3753194814963018,0.8527328989900425,0.5053506108862342,1,0.010852754639452336,MINER_BURN_ONLY,91.47337655106094,89.08601102119141,0.0008087281605249075,0.025688429239552144,-0.08133867547643153,5F6tnxzA...,22577.02405186,,,,False,1477264,0.9643108029687548,97,5FjZ1w2U...,0.179995422293431,12.647666157732878,10.371144146645413,0.0,,COUNTER,786407.498329794,0.0,0.0,DIVERGENT,0.9516139163898282,0.06874095423441302,1295.967040512703,607572.637945225,0.19714504448327977,607571.159893335,0.19714456488530677,1.4780518900370225,DORMITORY,True,True,1.9714456488530678,0,,8782.413704650002,0.0028497157909041382,30.0
75,33,4,8,64,Chutes,2026-08-29,8952040,0.075688858,0.07570428750477731,-0.0002038128260085778,IN BAND,False,False,0.010378309,208057.603484108,3312943.07471694,1.0,2748853.789014696,4962197.730858577,0.006078987608972017,1004.6418556729332,,0.0,,0.08031548856202873,0.08031548856202873,0.1310896386157946,-0.8561039500283539,-0.0024797227164376962,-1.309542815572208,-0.45591858826029186,-0.45343886554385415,0.793252386391981,0.5845285041596487,1,0.0032366668132845565,SKIN_IN_GAME,26.859758929989766,26.499401868877385,0.00012207217517357094,0.06280144234047383,-0.170268332751515,5FRYKhbm...,660928.130063878,2.2177780157336753,BUYBACK_GAMING,,False,4531295,0.2964121659773833,252,5E2LP6En...,0.0,0.2855224759379068,0.2855224759379068,0.23721959407904775,,COUNTER,274026.749491443,0.0,0.0,DIVERGENT,0.9857552789639612,0.020447589360292562,1295.967040512703,746903.74211894,0.22545021911756088,746903.248684564,0.225450070176162,0.4934343759668991,DORMITORY,True,True,2.2545007017616205,0,,8346.309260448998,0.0025193035534309964,30.0
76,34,27,83,34,BitMind,2026-08-29,8952040,0.012142726,0.012152139330282807,-0.0007746233010470891,IN BAND,False,False,0.001800821,35054.629472441,2645022.304466512,1.0,2886883.050650357,630435.235525558,-0.0033068888932364145,2003.9232257832773,ACCUMULATING_PRE_EMA,0.0,,,,0.1350052092754427,-0.20381710480932924,-0.009424583496072916,-0.6600355739896318,-0.4656430526763754,-0.4562184691803025,0.9935644004068445,0.5912236784557452,1,0.0,,0.0,0.0,0.0009002822919050857,0.013253056283588258,0.09143995208228024,5DthmKBR...,2896436.445650307,,,,False,3493948,0.845561732543222,72,5E2LP6En...,0.0,0.3532056768890335,0.3532056768890335,0.0016938031220911603,,COUNTER,359469.273754254,58226.411706465,0.0,DIVERGENT,1.0,0.0,1295.967040512703,135193.071815049,0.051112261543789436,135193.071815049,0.051112261543789436,0.0,DORMITORY,True,True,0.5111226154378963,,,8839.280900670998,0.0033418549574211766,30.0
77,35,72,84,121,sundae_bar,2026-08-29,8952040,0.00444592,0.0044465446844697,-0.00014048761769599837,IN BAND,False,True,1.2004e-05,6198.167348639,2842787.900756269,1.0,1394124.811758818,549106.361104447,-0.0014768339828714987,1752.4133462698665,ACCUMULATING_PRE_EMA,0.0,,,,0.005089651541423291,-0.99594470957068,-0.0017092660153013135,-1.4799777710732105,-0.4857423275178318,-0.4840330615025305,0.9244446268048597,0.48912271304395377,1,0.18616816514964726,MINER_BURN_ONLY,1344.075042031007,1344.0299973983679,1.5259021896696368e-05,0.002180312976212575,-0.5095923956768059,5CXGaDJs...,1837097.978319457,,,,False,5766528,0.6005737479781488,0,5EL9y2gd...,0.179995422293431,0.7848782743084947,0.6436037778753978,0.7376661427416031,,COUNTER,1273278.478954211,0.0,0.0,OK,0.19154441597178756,1.03708655805525,1295.967040512703,202885.709556554,0.07136857079720234,202885.709556554,0.07136857079720234,0.0,FORTRESS,True,True,0.7136857079720235,,,11046.659908582993,0.0038858544127207805,30.0
78,38,49,85,80,OpenRoboto,2026-08-29,8952040,0.013532402,0.013477870030328631,0.0040460376564441175,IN BAND,False,False,0.000244526,2915.352386435,1913254.708016992,1.0,215434.955524067,212245.746513193,-0.0002903473733555673,1555.2971104376775,ACCUMULATING_PRE_EMA,0.0,,,,0.22042423790347088,-12.29615547198063,0.04922679148673676,-12.859834871348644,-0.5144526078812787,-0.5636793993680155,1.373575608615024,0.7841036372714864,1,0.21562237609169563,MINER_BURN_ONLY,1580.669094108016,1580.533960210099,4.57770656900891e-05,0.0015237659545375638,-0.8873987075954761,5CG1eFia...,275692.695962236,,,,False,7151800,0.7139718000366233,0,5HTwtytU...,0.179995422293431,3.2584755298009536,2.6719648507816194,0.11979428955119108,,COUNTER,237894.195798705,2501.379452446,0.0,OK,0.055468472868765474,1.219578824770742,1295.967040512703,379565.300876929,0.19838722951338375,379565.300876929,0.19838722951338375,0.0,FORTRESS,False,True,1.9838722951338408,0,,18952.980207237,0.009906145861196373,30.0
79,37,10,1,9,iota,2026-08-29,8952040,0.02925215,0.029224650701507926,0.000940962435203928,IN BAND,False,False,0.004079987,57522.112751963,3976584.46526496,1.0,1966423.400196192,1091133.561214018,0.01301328860220348,-1615.1784792004619,DISTRIBUTING_PRE_EMA,0.0,,0.4448660560746297,0.4448660560746297,0.1864014606388757,-2.6013622553631572,0.011448376294981123,-3.1442843231866533,-0.531473691528515,-0.5429220678234961,0.6608686481967877,0.7293235284623718,1,0.0,,0.0,0.0,1.5259021896696368e-05,0.014465205820324577,-0.5054993967853789,5Fsbubec...,5895.186225708,0.15216152763771992,,,False,1489797,0.9900051881466109,254,5E2LP6En...,0.0,0.30408259420564154,0.30408259420564154,0.10541736609186632,,COUNTER,1143713.917070747,46681.104420658,0.0,DIVERGENT,1.0,0.0,1295.967040512703,566487.003304132,0.14245566974682303,566487.003304132,0.14245566974682303,0.0,DORMITORY,True,True,1.4245566974682302,0,,8607.702494098006,0.002164596922128869,30.0
80,36,53,10,89,InfiniteQuant,2026-08-29,8952040,0.00347575,0.003477921476587653,-0.0006243604412206533,IN BAND,False,False,0.000165971,6569.393441774,2843041.843561369,1.0,1890064.60900138,186658.32438346,0.00022740814707736934,1128.770166303264,,0.0,,0.06542707245267046,0.06542707245267046,0.06639452970291518,-0.9912730348170218,-0.007596385368184615,-1.5306965204290737,-0.5470198709802365,-0.5394234856120519,0.9243620546604427,0.605818015314967,1,0.0,,0.0,0.0,0.0005951018539711583,0.002310691788322318,-0.33519620561826424,5Dc5NmEU...,112264.309598519,,,,False,5313364,0.15462012947355563,137,5FFQKsXc...,0.0,0.2572574544700668,0.2572574544700668,0.000991972652077038,,COUNTER,600426.954984618,0.0,0.0,DIVERGENT,1.0,0.0,1295.967040512703,6094.632142656,0.0021437011757173044,6094.632142656,0.0021437011757173044,0.0,NEITHER,True,True,0.02143701175717305,,,11184.511571060999,0.003933994709360518,30.0
81,39,37,86,81,Reliquary,2026-08-29,8952040,0.006607532,0.006609944626688957,-0.00036499953104230184,IN BAND,False,False,0.001016467,18525.152839441,2494772.401960424,1.0,2803641.416723139,898681.880720255,-0.010295262693937652,1263.0748701025732,ACCUMULATING_PRE_EMA,0.0,,,,0.14419720577488127,0.39975930713220786,-0.004440827627681339,-0.20837957288382825,-0.6125797076437175,-0.6081388800160361,1.0534027063690796,0.7523360857909174,1,0.0004918737524859888,SKIN_IN_GAME,4.852053896058351,4.08629514119454,0.00025940337224383825,0.0074255883321796,0.12380663948045956,5GnpQR4N...,42765.406064027,2.4018923038445825,BUYBACK_GAMING,,False,5203057,0.0021826063066637813,161,5E2LP6En...,0.0,0.4810830911268638,0.4810830911268638,0.8271405246211831,,COUNTER,851937.12045932,0.0,0.0,DIVERGENT,0.9974638768860888,0.003153085698520499,1295.967040512703,530507.217466362,0.21264754133462543,525504.394497584,0.2106422189393453,5002.822968778084,DORMITORY,True,True,2.106422189393455,0,,10164.406846455004,0.004074282222485579,30.0
82,40,15,6,68,NOVA,2026-08-29,8952040,0.021748251,0.021737703820690513,0.00048520208925875404,IN BAND,False,False,0.003167467,44005.092044765,3627240.543917112,1.0,2023385.288799262,1673683.531717066,0.0020257665134935203,-1889.8814424369484,DISTRIBUTING_PRE_EMA,0.0,,0.09314618051325232,0.09314618051325232,0.18916227393711962,-1.5026314621039987,0.005903292085981508,-2.122709581984272,-0.6141748277942914,-0.620078119880273,0.724517706554411,0.8092403938173925,1,0.0,,0.0,0.0,0.0,0.012131837277393032,-0.4421695207861528,5EcdJLAe...,3106100.165625082,0.7750057655770969,BUYBACK_GAMING,,False,4972413,0.0,37,5CMC7cxY...,0.0,0.17222524984248494,0.17222524984248494,0.0019839150273932883,,COUNTER,681206.505097183,6247.123951755,0.0,DIVERGENT,1.0,0.0,1295.967040512703,578390.876637234,0.15945754620745967,578390.876637234,0.15945754620745967,0.0,DORMITORY,True,True,1.594575462074599,0,,9971.220991607994,0.0027489825587469646,30.0
83,42,32,87,14,Cacheon,2026-08-29,8952040,0.009488285,0.009481498738750815,0.0007157371884098897,IN BAND,False,False,0.001359386,25268.53522874,3097016.722968988,1.0,2663129.725637979,2654575.873380592,-0.012349965626037119,-423.3939673784189,,0.0,,,,0.1413800355129702,-1.0620167278562145,0.008708135792320324,-1.7189983689676396,-0.6482735053191047,-0.656981641111425,0.8485585436169811,0.7983616766243952,1,0.0,,0.0,0.0,0.0,0.008158992181519784,-0.14009832319330803,5CKhH8nK...,1578366.620712186,0.9752171044770019,BUYBACK_GAMING,,False,4848444,0.0,75,5G1CLuQ8...,0.0,0.458042843506545,0.458042843506545,0.004318566785185637,,COUNTER,1226319.247799996,526.080568229,0.0,DIVERGENT,1.0,0.0,1295.967040512703,54243.058106746,0.017514615825110984,54243.058106746,0.017514615825110984,0.0,DORMITORY,True,True,0.17514615825111288,,,8325.936212073997,0.0026883730237311247,30.0
84,41,71,88,41,Almanac,2026-08-29,8952040,0.004909019,0.004914776189252734,-0.0011714041557627521,IN BAND,False,True,3.3685e-05,12355.869132582,3083033.453445521,1.0,2516973.189568617,1582376.630827184,-0.002647854639532984,133.59225665824488,ACCUMULATING_PRE_EMA,0.0,,,,0.007164544966453618,-0.37235805803297806,-0.014252083895113484,-1.011460268297618,-0.6533542941597532,-0.6391022102646398,0.8524072280380263,0.6462667552310933,1,0.16475587172487183,MINER_BURN_ONLY,1196.5444844610756,1194.3823420944013,0.0007324330510414256,0.004007698689994229,-0.18360497484441818,5FCSevLk...,30228.307445632,,,,False,3394182,0.5313115580191488,210,5FCSevLk...,0.179995422293431,18.92523672455784,15.518780748317903,0.0,,COUNTER,1007522.859619362,0.0,0.0,DIVERGENT,0.2820214049966348,0.9216147515772366,1295.967040512703,258549.369288686,0.08386200577867155,258549.369288686,0.08386200577867155,0.0,FORTRESS,True,True,0.8386200577867154,,,8663.113960433997,0.002809931871077272,30.0
85,43,47,89,48,Quantum Compute,2026-08-29,8952040,0.004291834,0.0042891285847872496,0.0006307610413792735,IN BAND,False,False,0.000362054,10806.213912164,3192121.215357777,1.0,2517854.494984091,689604.705300826,-0.0027008449742481964,-519.3249882496893,,0.0,,,,0.08804914651272729,-0.23127672903767102,0.00767425933678116,-0.9002944568835716,-0.6613434685091194,-0.6690177278459005,0.823277006949578,0.7570668743586279,1,0.0,,0.0,0.0,1.5259021896696368e-05,0.003385276805960147,-0.2112283918809191,5GNH5YMk...,2393.789873764,0.4754649121480774,BUYBACK_GAMING,,False,3856677,1.0,230,5CFKbodp...,,5.252176750777924,5.252176750777924,0.0,,COUNTER,695492.461656953,0.0,0.0,DIVERGENT,1.0,0.0,1295.967040512703,101862.559282014,0.0319106175517201,101862.559282014,0.0319106175517201,0.0,DORMITORY,True,True,0.3191061755172011,,,8456.387519183003,0.0026491436097407723,30.0
86,45,82,90,7,Allways,2026-08-29,8952040,0.003200854,0.0031956415623426437,0.0016311083567003978,IN BAND,False,True,8e-09,6358.260550303,3170134.493119341,1.0,1986425.969336589,322596.827403869,-0.001063203871299582,-2490.667860843707,,0.0,,,,3.306564717452183e-06,-1.1244953455545599,0.01984515167318817,-1.8184185535803405,-0.6740780563525927,-0.6939232080257808,0.8289869107143487,0.6939265145904983,1,0.0,,0.0,0.0,1.5259021896696368e-05,0.0020056753314735914,-0.3733936844749584,5CAc19iE...,0.340321952,0.0,,,False,2627691,0.9106112857448042,26,5DCaForB...,,0.26203669716038613,0.26203669716038613,0.007294368991301694,,COUNTER,36084.978602376,208224.98151543,2016.334017243993,DIVERGENT,0.4513877815676451,0.0,1295.967040512703,3211.260531444,0.0010129729632650985,3211.260531444,0.0010129729632650985,0.0,NEITHER,True,True,0.010129729632650984,,,9507.450490085994,0.0029990684971636255,30.0
87,44,61,91,128,ByteLeap,2026-08-29,8952040,0.002930329,0.0029289715457707644,0.0004634576362463817,IN BAND,False,True,8.587e-05,4108.387003038,2804432.826434108,1.0,1402022.294448291,90956.075291159,-0.00022424396803000932,84.65800517727621,ACCUMULATING_PRE_EMA,0.0,,,,0.054928213878860016,-0.17829115653106242,0.005638734574330977,-0.8599842963699502,-0.6760544052645568,-0.6816931398388878,0.9370878757476085,0.7366213537177478,1,0.0,,0.0,0.0,0.00015259021896696368,0.0014649618148500623,-0.5000691680524397,5GgMeLFN...,847341.072854723,,,,False,5856038,1.0,96,5HQTcjYx...,,5.324145129607081,5.324145129607081,0.0,,COUNTER,186014.794503201,289.843039317,0.0,DIVERGENT,1.0,0.0,1295.967040512703,3774.579976186,0.0013459334595599685,3774.573941721,0.0013459313078004603,0.006034464999629563,NEITHER,True,True,0.013459313078004602,,,11219.762711134994,0.004000724355163516,30.0
88,53,17,92,93,Bitcast,2026-08-29,8952040,0.017325426,0.017192457569763064,0.007734114200798898,IN BAND,False,False,0.002823735,22272.517591012,3661429.58690677,1.0,1285539.34781232,964236.444380666,-0.0033716791650470626,-5284.984146690229,,0.0,,,,0.33318081575989544,5.942567842783353,0.09409838944305325,5.102627390723231,-0.7458420626170689,-0.8399404520601221,0.7177524345675519,1.1731212678200176,1,0.0,,0.0,0.0,3.0518043793392735e-05,0.006083011310843794,-0.6488968692115396,5EbY1Seb...,2409010.41469938,0.6426241552256672,BUYBACK_GAMING,,False,5370681,0.9698777715044329,160,5HnKxxLZ...,0.179995422293431,0.5360204511158487,0.4395392236593361,0.0,,COUNTER,1085835.159306595,0.0,0.0,DIVERGENT,1.0,0.0,1295.967040512703,427930.957620956,0.11687537544112064,427930.957620956,0.11687537544112064,0.0,DORMITORY,True,True,1.1687537544112063,0,,10758.967526639995,0.0029384608583253764,30.0
89,46,44,93,33,ReadyAI,2026-08-29,8952040,0.004939236,0.004941595019772649,-0.0004773802311217558,IN BAND,False,False,0.000599242,14935.454947961,2212754.710297371,1.0,3023839.109551483,900343.005515063,-0.0054386194078304825,634.0278622307815,ACCUMULATING_PRE_EMA,0.0,,,,0.10544091100586087,-2.921368529179077,-0.005808126145314695,-3.667489731713706,-0.7519293286799433,-0.7461212025346287,1.187659882846583,0.8515621135404895,1,0.0,,0.0,0.0,0.011657892729076025,0.006749711063072975,0.36654961679761316,5HinUfk5...,59033.595124548,0.0,,,False,2943950,0.0,209,5E2LP6En...,0.0,0.49831927431076456,0.49831927431076456,0.42829457364341084,,COUNTER,584226.582883127,0.0,0.0,DIVERGENT,1.0,0.0,1295.967040512703,138809.800536348,0.06273167102091196,138808.045342108,0.06273087780409861,1.755194239987759,DORMITORY,True,True,0.6273087780409862,,,11127.314173416,0.005028715619328907,30.0
90,47,73,94,13,Data Universe,2026-08-29,8952040,0.005954088,0.005956810200586915,-0.00045698964634580103,IN BAND,False,True,1.1373e-05,20615.382639796,2464539.833189536,1.0,3462390.860777879,968847.18540277,-0.0029832593986156373,491.54247513366863,ACCUMULATING_PRE_EMA,0.0,,,,0.001449803019532785,-1.6585962794852285,-0.0055600406972072455,-2.408337630336112,-0.7553013915480911,-0.7497413508508838,1.066324822431017,0.7511911538704166,1,0.2160812734711066,MINER_BURN_ONLY,1564.5676723041106,1558.7569146936735,0.0019684138246738314,0.008364799936350052,0.4048834911996686,5HBswBt1...,5800.838212969,,,,False,1907637,0.7072592728495857,77,5D4aUZhf...,0.0,0.3883686638098057,0.3883686638098057,0.06590974988173176,,COUNTER,628943.342032263,0.0,0.0,OK,0.05773360034452524,1.2027751215625107,1295.967040512703,93697.039216446,0.038018066478230146,93697.039216446,0.038018066478230146,0.0,FORTRESS,True,True,0.3801806647823014,,,8348.463652405,0.003387433037185145,30.0
91,50,42,12,78,Vocence,2026-08-29,8952040,0.005113122,0.005097666522487998,0.0030318730038188186,IN BAND,False,False,0.000667179,1642.795995819,903397.489266843,1.0,321290.270251264,139648.995597981,0.0001379181554245564,1778.7361396552878,,0.0,,0.026973374667093097,0.026973374667093097,1.067294062356103,-0.8795463378925656,0.03688778821312896,-1.6877390294413652,-0.7713049033356706,-0.8081926915487996,2.9090184898928237,1.8754867539049025,1,0.0,,0.0,0.0,0.0,0.0018184642035614022,-0.6443534491135939,5FnQCJW2...,1103441.850907043,,,,False,7966145,1.0,200,5E2LP6En...,0.0,0.6998971097253993,0.6998971097253993,0.2459751873159268,,COUNTER,67226.187965887,8107.779671713,0.0,DIVERGENT,1.0,0.0,1295.967040512703,74322.593796598,0.08227009116099591,74322.593796598,0.08227009116099591,0.0,DORMITORY,False,True,0.8227009116099683,,,30833.081192059988,0.03413013823746924,30.0
92,52,24,95,124,Swarm,2026-08-29,8952040,0.011616316,0.011572688352316618,0.0037698801138672726,IN BAND,False,False,0.002007628,12971.475353811,3493599.138784875,1.0,1116660.03964717,285795.882298789,-7.80977163950547e-05,-5566.782562675886,,0.0,,,,0.4067421970200102,-1.6116266125576406,0.04586687471871848,-2.437997622597895,-0.7805041353215363,-0.8263710100402548,0.7522328394304725,1.233113207060265,1,0.0,,0.0,0.0,0.0001831082627603564,0.003712926079528022,-0.6803697420483378,5HKYqfJr...,2263771.935385989,0.44720561519627805,BUYBACK_GAMING,,False,5813454,0.0,105,5HgiWPLV...,,0.3308771632819074,0.3308771632819074,0.0074469708530444075,,COUNTER,897004.632666029,6243.286010635,0.0,DIVERGENT,1.0,0.0,1295.967040512703,1000000.110795789,0.28623779405430116,1000000.110795789,0.28623779405430116,0.0,DORMITORY,True,True,2.862377940543012,0,,10440.964242185006,0.002988598241358774,30.0
93,51,25,96,5,Hone,2026-08-29,8952040,0.012619954,0.012608329532667994,0.0009219672837615703,IN BAND,False,False,0.001838145,32983.887520242,3036475.74184772,1.0,2613629.743786587,971276.972296917,-0.015845505017582865,-1752.909413825255,,0.0,,,,0.14645469115899282,-1.6572191114159986,0.011217268619099104,-2.469420743182041,-0.8009843631469434,-0.8122016317660425,0.8654770277864432,0.9586563229250353,1,0.0,,0.0,0.0,0.012039368276493434,0.010862555911667201,-0.1392555066629243,5GurNtB3...,,,,,False,2491604,0.0,1,5E2LP6En...,0.0,0.47403568279948727,0.47403568279948727,0.10584465130474592,,COUNTER,1488567.694632255,0.0,0.0,DIVERGENT,1.0,0.0,1295.967040512703,6649.821324041,0.002189980058920059,6649.821324041,0.002189980058920059,0.0,NEITHER,True,True,0.02189980058920059,,,10197.736307836994,0.0033584119139485006,30.0
94,49,59,97,1,Apex,2026-08-29,8952040,0.007456885,0.007476025028154254,-0.002560187811326725,IN BAND,False,True,9.4141e-05,24522.276975103,2500158.083627406,1.0,3288541.284982932,833328.681073608,-0.002493990990679855,191.9071340970695,ACCUMULATING_PRE_EMA,0.0,,,,0.010088889716529307,-2.196187012283678,-0.031148951704475156,-2.980181147496045,-0.8151430869168422,-0.783994135212367,1.0511335331992735,0.7940830249288964,1,0.1891411504583247,MINER_BURN_ONLY,1379.098983115051,1379.008893849773,3.0518043793392735e-05,0.009808290577979911,0.31533349085843637,5HCFWvRq...,9380.849720057,,,,False,1497824,0.5987975523781911,226,5CAQAgXx...,0.0899977111467155,0.41811885115023867,0.38048911155942294,0.03323617829729441,,COUNTER,854341.397257871,0.0,0.0,OK,0.17496664718210486,1.0640771337087533,1295.967040512703,192837.392404314,0.07713007976060933,192824.591394465,0.07712495968043007,12.801009849004913,FORTRESS,True,True,0.7712495968043007,,,8394.149319164004,0.003357447424678514,30.0
95,125,125,98,109,Finsight,2026-08-29,8952040,0.002956636,0.003181800711899996,-0.07076644085780595,IN BAND,False,True,0.0,1422.176021928,1520100.774042203,1.0,481011.400703368,66443.604848753,-0.000708007104294364,23563.542392095376,ACCUMULATING_PRE_EMA,0.0,,,,,4.588766070585481,-0.8609916971033057,4.588766070585481,-0.8609916971033057,,1.72883274903657,-4.27676027628327,1,0.30750171595763987,MINER_BURN_ONLY,2214.012354895007,2214.012354895007,0.0,0.0009355800919344283,-0.6835660216765174,5FqZqKFx...,585081.524374016,,,,False,7257480,1.0,0,5DyQkk4x...,0.179995422293431,2.443255423771309,2.0034806319988765,0.32673055792943473,,COUNTER,677104.112859433,1308.746301495,0.0,DIVERGENT,-0.250681688233545,1.7083863136049446,1295.967040512703,181503.989890455,0.11940260342595935,181503.989890455,0.11940260342595935,0.0,FORTRESS,False,True,1.1940260342595945,0,,20110.037197995007,0.013229410537381046,30.0
96,54,81,99,101,Tag101,2026-08-29,8952040,0.004454809,0.004457773407921195,-0.0006649974437749072,IN BAND,False,True,4.7e-08,3926.365123501,2407160.89720773,1.0,881376.6228258,165566.828356587,0.0003527464605012477,-504.0800861440366,DISTRIBUTING_PRE_EMA,0.0,,,0.07918329618649143,3.1458103389494546e-05,-1.6844870093238136,-0.008090802232594703,-2.5685972878199514,-0.8922010807287325,-0.8841102784961378,1.091742559896366,0.8841417365995272,1,0.2759333336161576,SKIN_IN_GAME,1993.5879765530117,1986.7411923918764,0.002319371328297848,0.0016311186876022804,-0.6338521612032568,5H8dNvi1...,1290558.828307237,3.6842133922149882,BUYBACK_GAMING,,False,5481350,0.9023905296483795,0,5H6Dezn7...,0.179995422293431,1.221143405029127,1.001343182160071,0.5623531207080726,,COUNTER,851749.571517843,6970.543419914,0.0,OK,-0.05327783883645819,1.5330183023835955,1295.967040512703,13574.61335476,0.005639262988405281,13574.61335476,0.005639262988405281,0.0,FORTRESS,True,True,0.0563926298840528,,,13665.696787543995,0.005677101519635017,30.0
97,55,30,100,19,blockmachine,2026-08-29,8952040,0.010333478,0.01033981959335506,-0.0006133176017050602,IN BAND,False,False,0.001462863,32468.267560385,2699055.088663056,1.0,3142046.249359545,1668818.676712855,-0.008205630128196056,-1140.404615800362,,0.0,,,,0.11840496130106469,-2.6484668215095497,-0.007462030820744899,-3.5426320026900395,-0.9016272120012347,-0.8941651811804898,0.9736740872902108,1.0125701424815545,1,0.0,,0.0,0.0,0.00016784924086366004,0.01202949420957086,0.16412830312996848,5FWh37Lf...,1258307.206895106,0.27751455929302443,BUYBACK_GAMING,,False,1956072,0.0,124,5HQLnZYK...,,0.4185877896918159,0.4185877896918159,0.008622005188463299,,COUNTER,1006514.180053119,0.0,0.0,DIVERGENT,1.0,0.0,1295.967040512703,169492.989899939,0.06279715838771387,169492.989899939,0.06279715838771387,0.0,DORMITORY,True,True,0.6279715838771386,,,9293.408957146996,0.0034432083273077513,30.0
98,56,45,101,56,Gradients,2026-08-29,8952040,0.015867843,0.015869382303208113,-9.699830646855131e-05,IN BAND,False,False,0.000496377,50569.999715781,2683126.936818073,1.0,3186948.562659234,2833585.73900961,-0.009019599530651996,-1104.1470384872518,,0.0,,,,0.025795506492615642,-2.2142734169716825,-0.0011801460620340409,-3.1223404977009324,-0.9092472267912838,-0.9080670807292497,0.9794542196041428,0.9338625872218653,1,0.21016781036835414,MINER_BURN_ONLY,1560.7245417300146,1560.5443631994585,6.103608758678547e-05,0.018847412331431508,0.18777406175694508,5EJ1zbdw...,16394.935774147,0.0001757140719005559,,,False,4312927,0.7049182829500542,101,5E2LP6En...,0.0,0.800503758366767,0.800503758366767,0.2087657184714931,,COUNTER,809749.064811625,0.0,0.0,OK,0.07209843330315917,1.2041543607328817,1295.967040512703,264724.185506575,0.0986625648880079,264724.185506575,0.0986625648880079,0.0,FORTRESS,True,True,0.986625648880079,,,9009.891964135997,0.0033579820024545134,30.0
99,58,21,102,118,Ditto,2026-08-29,8952040,0.010118873,0.010031549260020256,0.00870491064902253,IN BAND,False,False,0.002540001,7056.873783563,2176791.997138742,1.0,697397.22292717,739199.785979531,-0.0019519015973399523,-4823.87723816873,,0.0,,,,0.9459036441246573,-2.6291757188095786,0.10590974622977412,-3.6655138357492048,-0.9304283707098523,-1.0363381169396264,1.2072811749833439,1.9822417610642837,1,0.0,,0.0,0.0,4.57770656900891e-05,0.003241868673184587,-0.6796215672254622,5HGXqHbQ...,1902526.612550057,0.712620677390684,BUYBACK_GAMING,,False,5724794,0.6695660135506318,28,5DPQjF6B...,0.0,0.846627350289262,0.846627350289262,0.09677714704266618,,COUNTER,320927.826926128,1788.13704218,0.0,DIVERGENT,1.0,0.0,1295.967040512703,114697.239126815,0.05269095038826742,114697.239126815,0.05269095038826742,0.0,DORMITORY,True,True,0.5269095038826775,,,17458.450030025004,0.008020265626193524,30.0
100,48,20,103,38,ChronoLLM,2026-08-29,8952040,0.008282901,0.008420740952715278,-0.01636910023586826,IN BAND,False,False,0.002615579,4755.090732679,1513071.023056979,1.0,574085.330506264,184843.293802054,-0.0014355570088288021,-1837.4760855211644,,0.0,,,,1.4455542487887207,-9.157633196504248,-0.1991573862030638,-9.92819727337398,-0.9697214630727964,-0.7705640768697326,1.7368649322821874,2.2161183256584533,1,0.0,,0.0,0.0,6.103608758678547e-05,0.0031426751687253307,-0.6205827923422808,5GeWgtBA...,1513056.842592126,0.0,,,False,7284230,0.7687506676229571,10,5HbScNss...,0.0899977111467155,0.8649798177867676,0.7871336139978554,0.013856037600524942,,COUNTER,485297.062238848,10641.406258159,0.0,DIVERGENT,1.0,0.0,1295.967040512703,33769.896978997,0.02231877847397339,33769.896978997,0.02231877847397339,0.0,DORMITORY,False,True,0.22318778473973735,,,19670.406134161014,0.013000319108893718,30.0
101,57,36,104,79,MVTRX,2026-08-29,8952040,0.006525597,0.006520214723423123,0.0008254753570525212,IN BAND,False,False,0.001051101,10053.044751005,3476446.934073201,1.0,1540555.387554871,472946.269526675,-0.0051205686723918425,-6141.843553624582,,0.0,,,,0.27477182250918103,-5.591036330639636,0.010043283510805674,-6.594927778820536,-0.9938481646700948,-1.0038914481809005,0.7559442297946678,1.2786632706900816,1,0.0,,0.0,0.0,0.001785305561913475,0.0028917584366019034,-0.5568591752445173,5Fxp7QBG...,3817938.240372242,0.5419675606018087,BUYBACK_GAMING,,False,5173967,0.0,0,5EWwdZB7...,0.179995422293431,0.28221672297494976,0.23141900474480545,1.0,,COUNTER,444229.939659842,37317.847662374,0.0,DIVERGENT,1.0,0.0,1295.967040512703,1355085.827207694,0.38979045355943326,1355085.827207694,0.38979045355943326,0.0,DORMITORY,True,True,3.8979045355943316,0,,9707.890733003998,0.0027924748794107687,30.0
102,60,76,105,74,Gittensor,2026-08-29,8952040,0.003678629,0.0036683620419353247,0.0027987853835874043,IN BAND,False,True,4.102e-06,6361.475110958,3395652.218372123,1.0,1729305.647188627,344069.141168829,-0.0012658894502273344,-6307.674032178475,,0.0,,,,0.0016945843239142358,2.260333752962357,0.03405188883364675,1.1600210803201911,-1.0662607838085192,-1.100312672642166,0.7739308477414876,1.1020072569660802,1,0.0,,0.0,0.0,9.15541313801782e-05,0.0018734177418227166,-0.490729360905186,5D1VXeeS...,216.588029224,0.0,,,False,5086205,0.6308352027346671,202,5HbuCiVz...,,0.35321398111710056,0.35321398111710056,0.0,,COUNTER,531791.422968235,125155.971439626,1634.9614571569982,DIVERGENT,0.5037541707025672,0.0,1295.967040512703,378229.609193408,0.11138643914915745,378229.609193408,0.11138643914915745,0.0,DORMITORY,True,True,1.1138643914915745,0,,9287.320838443,0.002735062439019549,30.0
103,59,57,106,32,ItsAI,2026-08-29,8952040,0.003063268,0.0030590861570090055,0.0013670236065149864,IN BAND,False,False,0.000101576,7270.526345003,3528108.724647009,1.0,2373454.191139362,304327.53584826,-0.0011755096356559623,-5254.674620594364,,0.0,,,,0.03671559875214095,-1.2868774173347346,0.016632120545932334,-2.3728823264055454,-1.0693727885248785,-1.0860049090708108,0.7448750038911951,1.1227205078229519,1,0.0,,0.0,0.0,0.005035477225909801,0.0020607432798801927,-0.32727293861320894,5DWgkCSv...,44344.93667622,0.1152371611830549,,,False,2515294,0.26626792423893875,170,5FEK3SoF...,,5.838338510238741,5.838338510238741,0.0,,COUNTER,17419.272873098,0.0,0.0,DIVERGENT,1.0,0.0,1295.967040512703,634410.218859858,0.1798159491026829,634410.218859858,0.1798159491026829,0.0,DORMITORY,True,True,1.798159491026829,0,,11174.375044919994,0.003167242258396672,30.0
104,62,2,2,51,lium.io,2026-08-29,8952040,0.083433344,0.08284756890498102,0.007070516404540762,IN BAND,False,False,0.011957974,151750.775367267,3938798.395865944,1.0,1818826.488702569,1926949.515580176,0.015805744069074572,-9630.322119571734,DISTRIBUTING_PRE_EMA,0.0,,0.1894415746907444,0.1894415746907444,0.20708662341885184,1.992166899834858,0.08602461625524593,0.7142193316276799,-1.1919229519519323,-1.2779475682071781,0.6672085585183231,1.48503419162603,1,0.0,,0.0,0.0,0.0004119935912108019,0.03852717507109287,-0.538228084552228,5FqACMtc...,216.588029224,0.0,,,False,3966206,0.6854277340172192,61,5FUY2npW...,,6.112983947368226,6.112983947368226,0.0,,COUNTER,1171146.945421614,47834.295633396,0.0,DIVERGENT,1.0,0.0,1295.967040512703,477646.990570131,0.12126718419288895,477646.990570131,0.12126718419288895,0.0,DORMITORY,True,True,1.2126718419288909,0,,8723.740649657999,0.002214822840086002,30.0
105,63,62,107,6,Numinous,2026-08-29,8952040,0.002938098,0.0029256343841552734,0.004260141291826291,IN BAND,False,True,8.5491e-05,8409.03022169,2795472.148512765,1.0,2862065.647674959,691614.298747831,-0.004023880888700968,-4247.979313836899,,0.0,,,,0.02671774771607932,1.5272076587431023,0.051831719050553206,0.2465625069137365,-1.2288134327788125,-1.2806451518293658,0.9400916411913234,1.3073628995454452,1,0.0,,0.0,0.0,0.001907377737087046,0.0030080894299604225,0.023822020218666105,5CfSg4e2...,58458.87437057,0.21553573199297413,BUYBACK_GAMING,,False,3219949,0.5905519033786883,48,5EEbEga4...,0.0,0.31838534107854405,0.31838534107854405,0.0053412281772677326,,COUNTER,185360.665463109,0.0,0.0,DIVERGENT,1.0,0.0,1295.967040512703,662466.459537209,0.23697837944465003,662466.459537209,0.23697837944465003,0.0,DORMITORY,True,True,2.3697837944465,0,,8486.375533417997,0.003035757497327556,30.0
106,61,77,108,45,AlphaRidge.ai,2026-08-29,8952040,0.002514687,0.002514029387384653,0.0002615771393312346,IN BAND,False,True,2.107e-06,6354.08604498,3082172.964113781,1.0,2526789.250779681,741250.493591747,-0.0007759101295867152,-5537.192620468792,,0.0,,,,0.0008714386240291193,-6.298006914931719,0.0031825218618633543,-7.551674494035694,-1.2504850572421118,-1.253667579103975,0.8526452053788715,1.2545390177280042,1,0.16825147332235763,MINER_BURN_ONLY,1217.831350038061,1212.4259941213752,0.001831082627603564,0.002061560502593985,-0.18019200695991777,5FbcZiAH...,917.231765369,0.0,,,False,3633154,0.5445081403347856,55,5E2LP6En...,0.0,0.3609976563151142,0.3609976563151142,0.23087135663055092,,COUNTER,1045159.496835096,0.0,0.0,DIVERGENT,0.4429103600824959,0.9355376766694021,1295.967040512703,111021.695460506,0.03602059220983016,111019.200205241,0.03601978263317951,2.4952552650065627,FORTRESS,True,True,0.36019782633179515,,,9011.944389653003,0.002923893141163871,30.0
107,64,12,109,3,Teutonic,2026-08-29,8952040,0.028749143,0.028552344301715493,0.006892558320427789,IN BAND,False,False,0.004030817,79394.932785327,3145404.01420929,1.0,2761645.144038647,3426251.067587499,-0.03954664999786193,-7423.701819013804,,0.0,,,,0.13342145026612698,3.0990235392308465,0.08385945956520477,1.6308104735219415,-1.3843536061437003,-1.468213065708905,0.8355047517355706,1.601634515975032,1,0.0,,0.0,0.0,7.629510948348184e-05,0.025241569104211166,-0.12200620713420346,5GsGUrd2...,3120950.697480672,1.398124687534409,BUYBACK_GAMING,,False,4165565,0.0,217,5FeKsRjZ...,0.09999237048905166,0.3273964457933278,0.29465929908876265,0.003555406353953673,,COUNTER,578475.334942498,0.0,0.0,DIVERGENT,1.0,0.0,1295.967040512703,387850.447406268,0.12330703644242919,387719.036175712,0.12326525763437708,131.41123055596836,DORMITORY,True,True,1.2326525763437712,0,,9128.233285342003,0.002902086105347809,30.0
108,67,9,110,53,engy,2026-08-29,8952040,0.030203571,0.029306861106306314,0.030597268347538183,IN BAND,False,False,0.004270583,34704.535820718,4700357.864925713,1.0,1149020.963495036,1409856.646584741,-0.0011223092088040443,-29207.11790158041,,0.0,,,,0.32338977769297833,1.271540329160944,0.3722667648950479,-1.1853122350574685,-2.0845857993233645,-2.4568525642184125,0.559106364987708,2.7802423419113906,1,0.0,,0.0,0.0,0.0010986495765621385,0.00738338161008651,-0.7555460706918891,5H8SFVCx...,1891648.365102805,0.12503839800371036,,,False,4203869,0.5321326550876067,45,5E2LP6En...,0.0,0.2187356435237471,0.2187356435237471,0.22472150160231955,,COUNTER,523133.925353082,0.0,0.0,DIVERGENT,1.0,0.0,1295.967040512703,109561.706062446,0.02330922649102965,95428.726760823,0.020302438559607675,14132.979301622996,DORMITORY,True,True,0.20302438559607675,,,9547.675459978995,0.0020312656470742765,30.0
109,65,69,111,66,conjectures,2026-08-29,8952040,0.002438126,0.002428109524771571,0.004125215574602737,IN BAND,False,True,4.1308e-05,6042.362191497,3179303.306158438,1.0,2478281.284705014,1354777.835074623,-0.005772511456838813,-14393.415731092915,,0.0,,,,0.017966057074957437,0.1638199939694722,0.05019012282433329,-2.1340347945032234,-2.2476646656483625,-2.2978547884726956,0.8265961900865069,2.315820845547653,1,0.0,,0.0,0.0,0.0,0.0019005302764894126,-0.22049546393852798,5CJCRGep...,1035214.45411182,0.0,,,False,4958013,1.0,121,5Gn2SyG6...,,14.700810301582779,14.700810301582779,0.0,,COUNTER,876389.726869251,0.0,0.0,DIVERGENT,1.0,0.0,1295.967040512703,392806.591766313,0.12355115380323448,392806.591766313,0.12355115380323448,0.0,DORMITORY,True,True,1.2355115380323445,0,,9777.779925801005,0.003075447349380304,30.0
110,66,56,7,18,Zeus,2026-08-29,8952040,0.003866196,0.003823185572400689,0.011249892735994896,IN BAND,False,False,0.000104571,9927.768903619,3044457.159650716,1.0,2567838.451012744,859999.877250056,0.00033872464815844845,-14366.85098521877,DISTRIBUTING_PRE_EMA,0.0,,0.08761186658887662,0.08761186658887662,0.027681203165378046,-4.843475403383015,0.13687369495460455,-7.259159149445402,-2.278810051107783,-2.4156837460623874,0.8632080736197664,2.4433649492277656,1,0.02561776060812681,SKIN_IN_GAME,190.3376305300044,189.43673787722378,0.00030518043793381633,0.0032609323708657446,-0.15655275343884673,5GgvCi6h...,2092299.695537823,3.671716808128775,BUYBACK_GAMING,,False,1604679,0.193848736930474,15,5Ef3siiB...,0.013550011444266423,0.7693422072209901,0.7589176115085885,0.014939494285147488,,COUNTER,335431.656102221,30745.295806132,0.0,DIVERGENT,0.8745670148247326,0.14617403989092184,1295.967040512703,472285.796249436,0.15512972312726525,375000.0,0.12317466803935022,97285.79624943598,DORMITORY,True,True,1.2317466803935022,0,,12042.948470508998,0.003955696480186523,30.0
111,68,48,112,126,Poker44,2026-08-29,8952040,0.004330287,0.00427219714038074,0.013597186110677282,IN BAND,False,False,0.00035688,2431.894799977,1198135.049891462,1.0,561601.311812096,63040.892120687,-0.0001583244541660852,-4705.275848485297,,0.0,,,,0.38565839279267766,0.4076459480227907,0.16543243101324026,-2.5213020124033263,-2.7635155294128766,-2.928947960426117,2.193408831698954,3.3146063532187946,1,0.0,,0.0,0.0,1.5259021896696368e-05,0.0020297334596774404,-0.5312704539728106,5DqrUa2z...,595253.3068672849,0.0,,,False,7525773,1.0,145,5DUYX7X2...,,3.658871035794532,3.658871035794532,0.0,,COUNTER,393147.939315364,5493.154491675,0.0,DIVERGENT,1.0,0.0,1295.967040512703,171439.094523612,0.14308828920341035,1096.553699538,0.0009152171114911761,170342.540824074,NEITHER,False,False,1.1463138332341918,0,,24102.682491281994,0.0201168328173568,30.0
112,69,67,113,117,glyph,2026-08-29,8952040,0.002572353,0.0025281477719545364,0.017485223188234734,IN BAND,False,True,4.8394e-05,2885.513993238,1688200.43832576,1.0,1121740.803125797,222667.640508031,-0.0007537834211656891,-9484.00154402107,,0.0,,,,0.044075139575838515,1.224904201536225,0.2127368821235226,-2.0358611389108394,-3.0480284583235417,-3.2607653404470645,1.556687192076711,3.3048404800229028,1,0.0,,0.0,0.0,0.0,0.001709224762493044,-0.33554035449526404,5HdThE9W...,1920378.41087106,0.6040125590618903,BUYBACK_GAMING,,False,5710859,1.0,125,5EsLkLnu...,,11.060294948161076,11.060294948161076,0.0,,COUNTER,289424.602021989,151966.977142099,0.0,DIVERGENT,1.0,0.0,1295.967040512703,184995.455974437,0.10958145240022722,154144.143623114,0.09130677858132975,30851.312351322995,DORMITORY,True,True,0.9130677858132975,,,16471.856473233987,0.009757050228922835,30.0
113,70,55,114,21,AdTAO,2026-08-29,8952040,0.003998156,0.00391571456566453,0.02105399485916801,IN BAND,False,False,0.000139952,8088.275359663,3825789.705255272,1.0,2023001.213505592,580646.62970176,-0.0017317969702688176,-29105.75064227893,,0.0,,,,0.04547246967310522,6.175282436933111,0.2561569374532108,2.865464622321981,-3.0536608771579195,-3.3098178146111303,0.6869170034071826,3.3552902842842354,1,0.04499976135666433,SKIN_IN_GAME,335.79003652499523,335.33959019860475,0.00015259021896696368,0.00211414530928153,-0.47121990505584826,5HjCYVfr...,1963458.845348372,0.3792895799812269,BUYBACK_GAMING,,False,3156578,0.29057611598626476,32,5FqU7dAz...,0.179995422293431,2.702864739192435,2.2163614590594687,0.0,,COUNTER,827319.449089373,0.0,0.0,DIVERGENT,0.8035612488831081,0.25875626440772725,1295.967040512703,5839.628796876,0.0015263852032573642,5839.628796876,0.0015263852032573642,0.0,EXPOSED,True,True,0.015263852032573643,,UNDEFENDED_BURNER,9233.869139270995,0.00241358512899623,30.0
114,71,63,115,55,NIOME,2026-08-29,8952040,0.002975883,0.0029533375054597855,0.0076339038455763945,IN BAND,False,True,8.1966e-05,6909.821251546,3055186.23868704,1.0,2321939.885651769,546755.651692995,-0.002858824195392448,-23984.99694948783,,0.0,,,,0.031173982677454214,1.9498874442817666,0.09287916345451279,-1.5893356437844404,-3.446343924611694,-3.539223088066207,0.860176694540683,3.5703970707436614,1,0.005991305745789136,,44.59582758799661,44.32555979216232,9.15541313801782e-05,0.002261669407923061,-0.24000056187590008,5GeWUxaF...,1228315.71054214,0.06486584018082789,,,False,4703386,0.020082711471257064,142,5E2LP6En...,0.0,0.32042504712392633,0.32042504712392633,0.5837173813520525,,COUNTER,319995.24579363,0.0,0.0,DIVERGENT,0.9750403856903471,0.03420269065996192,1295.967040512703,14841.866940702,0.00485792543602195,14841.866940702,0.00485792543602195,0.0,NEITHER,True,True,0.0485792543602195,,,13162.010608134997,0.0043080878152263954,30.0
115,73,70,116,35,OxMarkets,2026-08-29,8952040,0.002379647,0.0023525028955191374,0.011538393654079875,IN BAND,False,True,3.6479e-05,7061.850431548,2890060.960132437,1.0,2967603.065082607,787230.137378655,-0.005304274305624786,-24011.131922101136,,0.0,,,,0.01357531045570239,0.06564327955526576,0.1403837894579718,-3.7046949849482673,-3.6299544750455612,-3.770338264503533,0.9093233797669001,3.7839135749592354,1,0.0,,0.0,0.0,1.5259021896696368e-05,0.0024434953203286034,0.026831004904762562,5EqZVDbW...,9248.54954318,0.0,,,False,3037158,0.0,133,5FntQXN2...,,0.32417573158761637,0.32417573158761637,0.00766049655888053,,COUNTER,266886.343998939,0.0,0.0,DIVERGENT,1.0,0.0,1295.967040512703,91095.04645782,0.03152011245245345,91095.04645782,0.03152011245245345,0.0,DORMITORY,True,True,0.31520112452453786,,,8266.959293863005,0.002860479210612973,30.0
116,72,41,117,40,Ralph,2026-08-29,8952040,0.005331264,0.005343017866834998,-0.0021998554240210797,IN BAND,False,False,0.000782786,2071.241705808,410552.966831701,1.0,388508.518659876,78273.759306767,-1.8552276038102824e-06,1204.157025422668,ACCUMULATING_PRE_EMA,0.0,,,,0.9932020981575846,-2.1916449634678594,-0.026764907658923136,-5.958203683001647,-3.793323627192711,-3.766558719533788,6.4011229057255905,4.759760817691372,1,0.0,,0.0,0.0,0.0,0.00504500484259579,-0.05369442545036412,5HeKCDfd...,739761.365666297,7.009519252704303,BUYBACK_GAMING,,True,8409860,1.0,6,5E2LP6En...,0.0,0.885801001864491,0.885801001864491,0.21869039080740413,,COUNTER,22349.634720453,0.042920633,0.0,DIVERGENT,1.0,0.0,1295.967040512703,22427.898380107,0.054628513716966816,22427.898380107,0.054628513716966816,0.0,DORMITORY,False,True,0.5462851371696681,,,37200.428785339005,0.09061054672779571,30.0
117,74,60,118,106,Nodexo,2026-08-29,8952040,0.003007695,0.002950499299913645,0.019385091902251635,IN BAND,False,True,8.8337e-05,6667.942906029,2502279.914770136,1.0,2216960.67344779,356197.730218536,-0.0008091572467977437,-23494.58000835497,,0.0,,,,0.034815780409591636,2.277585339730485,0.23585195147739488,-2.0016168511698647,-4.043350239422955,-4.2792021909003495,1.0502422149048072,4.314017971309941,1,0.0,,0.0,0.0,0.00015259021896696368,0.002664747003990371,-0.11402352831973624,5CTdHCps...,1209308.242284642,0.8586728353969207,BUYBACK_GAMING,,False,5558480,0.20244181610072498,31,5E4vCZrj...,0.0,0.43277155985775173,0.43277155985775173,0.03326872892090283,,COUNTER,838637.534343767,0.0,0.0,DIVERGENT,1.0,0.0,1295.967040512703,297004.977902434,0.11869374651065663,297004.977902434,0.11869374651065663,0.0,DORMITORY,True,True,1.1869374651065663,0,,10319.624168507991,0.004124088639162486,30.0
118,75,79,119,65,True Performance Network,2026-08-29,8952040,0.002950952,0.0028888103552162647,0.021511154123193852,IN BAND,False,True,3.16e-07,6582.976961529,3539889.745640636,1.0,2230797.071696571,292075.761244529,-0.00012719120635281114,-36540.87129296176,,0.0,,,,0.0001261508288504044,-5.070598937871511,0.26171904183219186,-9.461876004245454,-4.129558024541751,-4.391277066373943,0.7423960035016273,4.391403217202794,1,0.23253304337280906,SKIN_IN_GAME,1674.5526199179003,1674.4174860199832,4.57770656900891e-05,0.0018596559312718474,-0.36981152818756546,5GxEEHxL...,1706185.189610324,0.670284137715693,BUYBACK_GAMING,,False,4950813,0.7528688274430813,0,5DAmVrUg...,0.179995422293431,0.7947796208355358,0.6517229273530305,0.5057304622522013,,COUNTER,987977.345952028,0.0,0.0,OK,-0.00921934087709269,1.292021659252661,1295.967040512703,171794.150223016,0.048530932477368824,171794.150223016,0.048530932477368824,0.0,FORTRESS,True,True,0.4853093247736882,,,8859.669212263003,0.002502809366640207,30.0
119,76,74,120,123,MANTIS,2026-08-29,8952040,0.002543457,0.002518923720344901,0.009739588164956244,IN BAND,False,True,8.682e-06,5922.400759828,1910032.543550425,1.0,2328484.018814068,545590.083979112,-0.0026115959502149458,-19499.41199581977,,0.0,,,,0.0038525417183457597,-2.6842468964164476,0.11849832267363429,-7.521884418006958,-4.719139198916876,-4.83763752159051,1.3758927872061257,4.841490063308856,1,0.10660974106720887,SKIN_IN_GAME,775.8409734999877,770.2103944201068,0.001907377737087046,0.0031006805511382893,0.21908117618591133,5HVuEdEG...,1763089.0552614,0.5821588770991268,BUYBACK_GAMING,,False,5794330,0.3687968200580951,218,5FGxe3AF...,,2.7712119517335356,2.7712119517335356,0.0,,COUNTER,285503.0023154,8560.983387542,0.0,DIVERGENT,0.549115671030853,0.5943132582410433,1295.967040512703,350656.879907587,0.18358686143419087,350656.879907587,0.18358686143419087,0.0,FORTRESS,True,True,1.8358686143419087,0,,10800.959763831997,0.005654856405616448,30.0
120,77,40,11,67,Harnyx,2026-08-29,8952040,0.005624148,0.005515949334949255,0.019615601681689528,IN BAND,False,False,0.00085067,3266.772975742,901144.289405621,1.0,580847.634387376,66254.933353032,0.00015566218436049352,-12094.867354442016,DISTRIBUTING_PRE_EMA,0.0,,0.02767746943368018,0.02767746943368018,0.6843330640361455,-1.559140863328135,0.23865648712722257,-8.459932280681807,-6.662134930226449,-6.9007914173536715,2.9162921309010157,7.585124481389817,1,0.007523002651288727,SKIN_IN_GAME,65.33128816902172,62.35834241484457,0.0010070954451819603,0.003625138631124996,-0.35543327964964716,5HEAv3TU...,1027003.073755624,0.5617034732045824,BUYBACK_GAMING,,False,7236936,0.00696512853411535,7,5G9hfkx9...,0.009994659342336155,0.6878303628472683,0.6809557326852944,0.013108499923699071,,COUNTER,277419.377646115,6279.314248273,0.0,DIVERGENT,0.9679490400385994,0.04811722865280179,1295.967040512703,522.283347221,0.0005795779359213262,522.283347221,0.0005795779359213262,0.0,NEITHER,False,True,0.005795779359213262,,,26921.287079547994,0.02987455771073554,30.0
121,78,35,121,11,TrajectoryRL,2026-08-29,8952040,0.007862188,0.007696473738178611,0.021531193044856244,IN BAND,False,False,0.001119604,20180.54060051,3234265.508049311,1.0,2566784.238234011,975021.793707843,-0.004553696919034271,-59678.789667491335,,0.0,,,,0.1457998261912588,6.39697271600361,0.26196284871241765,-1.0619171910281393,-7.196927058319332,-7.458889907031749,0.8125492460218675,7.604689733223008,1,0.0,,0.0,0.0,0.0,0.006239605422092119,-0.20637799273025295,5D2Jhtbn...,2535305.234858186,0.8408471496093274,BUYBACK_GAMING,,False,2918568,1.0,235,5D7ekpEm...,,0.3761626873351048,0.3761626873351048,0.008743819813221022,,COUNTER,1145934.992162841,42746.465498293,0.0,DIVERGENT,1.0,0.0,1295.967040512703,46180.459268605,0.014278499756335068,46180.459268605,0.014278499756335068,0.0,DORMITORY,True,True,0.14278499756335067,,,8382.92052582,0.0025919085817033023,30.0
122,79,50,122,26,Perturb,2026-08-29,8952040,0.003901386,0.003773654578253627,0.03384820181540965,IN BAND,False,False,0.000225716,2104.405896461,889563.106532568,1.0,539399.482787618,60806.72194219,-0.00014188253281285655,-19066.707022360177,,0.0,,,,0.2818760625018013,-0.27765940615176854,0.4118197887541507,-10.528367536168496,-9.838888341262576,-10.250708130016728,2.954259209606492,10.532584192518529,1,0.0,,0.0,0.0,6.103608758678547e-05,0.002365662290856208,-0.39363541806521885,5FsVAEPM...,1476642.405936992,0.0,,,True,8123781,0.850040438876257,143,5CDK1b4s...,0.0899977111467155,0.6160372264885066,0.5605952861233702,0.11498023896357559,,COUNTER,93577.704880545,1668.571827101,0.0,DIVERGENT,1.0,0.0,1295.967040512703,43503.838948069,0.04890472483469195,39810.205841645,0.04475253700304791,3693.6331064240003,DORMITORY,False,True,0.4475253700304809,,,28078.85218552999,0.03156476699554085,30.0
123,80,65,123,76,Phylax,2026-08-29,8952040,0.002866412,0.002688043052330613,0.06635643261544331,IN BAND,False,True,6.1502e-05,1209.326006283,1182206.398186775,1.0,421895.330270228,65024.778876248,-0.0004971316610077797,-29377.756685998058,,0.0,,,,0.1336506906824733,13.989184649058599,0.8073365968212269,2.983226332592661,-10.198621719644711,-11.005958316465938,2.22296208515766,11.139609007148412,1,0.0,,0.0,0.0,0.00015259021896696368,0.0010229398251758916,-0.643128822661958,5FFNhWd8...,795195.146568306,0.7012544209639935,BUYBACK_GAMING,,False,7574784,0.5819916062571537,128,5FsyU7gX...,,11.516308034411992,11.516308034411992,0.0,,COUNTER,475840.83810665,7026.080961259,0.0,DIVERGENT,1.0,0.0,1295.967040512703,56651.148490303,0.04791984595684177,56651.148490303,0.04791984595684177,0.0,DORMITORY,False,True,0.47919845956841767,,,26751.339085816002,0.022628315264446402,30.0
124,81,39,124,50,Synth,2026-08-29,8952040,0.005911848,0.005705135874450207,0.03623263846800382,IN BAND,False,False,0.000867358,12259.921343523,3528471.60766751,1.0,2073788.122797859,1210201.192817818,-0.0056701551055483215,-102927.38625199161,,0.0,,,,0.18592426167597165,8.003742465210458,0.4408304346940465,-3.4317001355139745,-10.994612166030386,-11.435442600724432,0.7447983977791548,11.621366862400404,1,0.0,,0.0,0.0,0.0020599679560540096,0.0034745699290541832,-0.4122700838969163,5DxyiWpG...,2370309.21761935,0.32169384469064255,BUYBACK_GAMING,,False,4763204,0.0,209,5E2LP6En...,0.0,0.29485335722739187,0.29485335722739187,0.28998046755783435,,COUNTER,467621.572125367,0.0,0.0,DIVERGENT,1.0,0.0,1295.967040512703,212500.00519846,0.06022437724500574,212500.00519846,0.06022437724500574,0.0,DORMITORY,True,True,0.6022437724500573,,,9415.945435491998,0.0026685620524849263,30.0
125,82,52,125,99,Thirty Spokes,2026-08-29,8952040,0.003553289,0.0035117126535624266,0.011839336112935238,IN BAND,False,False,0.000172165,727.666973811,324102.711768681,1.0,204786.881260373,30106.996798911,,-5455.1302891452215,,,,,,0.621781166775224,3.4345715345882417,0.14404525604071206,-9.161500661016195,-12.452026939563725,-12.596072195604437,8.108540609421556,13.21785336237966,1,0.0,,0.0,0.0,0.0,0.002245173975373435,-0.3681420297157268,5DebFXsw...,1064349.286954303,0.9207083140611875,BUYBACK_GAMING,,True,8572056,1.0,1,5E2LP6En...,0.0,1.0086951155035069,1.0086951155035069,0.0023651844843897824,,COUNTER,71855.770976887,0.012273672,0.0,DIVERGENT,1.0,0.0,1295.967040512703,0.0,0.0,0.0,0.0,0.0,NEITHER,False,,,,,45784.791023994,0.1412663003470072,30.0
126,126,126,126,36,SN36,2026-08-29,8952040,0.005281295,0.0,,N/A,False,True,0.0,503.143267211,0.0,0.0,95268.915526717,1.994240421,,,,,,,,,0.20778505304295067,,0.20778505304295067,,,,,,,,,,0.0,,,5DCjvVt6...,427463.450093348,,,,True,8884359,1.0,0,5EFY7fKV...,,0.0,0.0,0.0,,,0.0,0.0,,NO_ESTIMATE,,,,0.0,,0.0,,0.0,,False,,,,,0.0,,30.0
127,127,127,127,59,SN59,2026-08-29,8952040,0.005120423,0.0,,N/A,False,True,0.0,530.240812063,0.0,0.0,103554.102178976,1.18008255,,,,,,,,,80.00302408627802,,80.00302408627802,,,,,,,,,,0.0,,,5GzrQ2fe...,618852.610241354,,,,True,8938771,1.0,0,5FKjMupT...,,0.0,0.0,0.0,,,0.0,0.0,,NO_ESTIMATE,,,,0.0,,0.0,,0.0,,False,,,,,0.0,,30.0
128,128,128,128,86,SN86,2026-08-29,8952040,0.005989978,0.0,,N/A,False,True,0.0,709.206653217,0.0,0.0,118398.856999575,2.080993178,,,,,,,,,6.964022476730688e-05,,6.964022476730688e-05,,,,,,,,,,0.0,,,5F4XAWGz...,311008.550973247,,,,True,8693284,1.0,0,5F1N5GEH...,,0.0,0.0,0.0,,,0.0,0.0,,NO_ESTIMATE,,,,0.0,,0.0,,0.0,,False,,,,,0.0,,30.0
