combined_apy_rank,real_apy_rank,emission_rank,epr_rank,netuid,name,date,block,spot_price,moving_price,momentum_30d,ema_band,ema_lag_flag,low_emission,tao_emission,tao_reserves,alpha_outstanding,alpha_out_emission,alpha_in_pool,volume,ema_tao_inflow,pool_growth_real,pool_ema_divergence,flow_momentum,flow_price_divergence,emission_price_ratio,emission_price_ratio_raw,emission_apy,price_apy_7d,price_apy_30d,combined_apy_7d,combined_apy_30d,real_apy,gross_emission_rate,net_supply_delta,supply_days_gap,supply_defence,supply_defence_quality,burned_tokens,manual_burn,miner_burn_rate,liquidation_price,liquidation_haircut,owner_coldkey,owner_stake,owner_inflow_pct,owner_inflow_flag,large_entry_anomaly,immune,registered_at,vali_miner_share,best_validator_uid,best_validator_hotkey,best_validator_take,best_validator_raw_apy,best_validator_apy,best_validator_div_pct,best_validator_trust,burned_source,alpha_burned_cum,alpha_recycled_cum,recycled_tokens,recon_flag,recon_gap_relative,burn_coverage,owner_cut_emission,total_locked_alpha,locked_float_ratio,owner_locked_alpha,owner_lock_ratio,community_locked_alpha,commitment_class,gate_eligible,leader_is_owner,leader_pct_of_threshold,leader_blocks_to_threshold,governance_flag,basket_alpha,basket_share,ema_halving_days
1,88,88,14,36,Epago,2026-09-10,9038254,0.065919138,0.00201504142023623,31.713539949105407,PREMIUM,False,True,0.0,1777.572020048,74854.968215935,1.0,26965.947310782,4404.7421586,,,,,,,,,598.6846758228806,385.8480693807824,598.6846758228806,385.8480693807824,,35.10789013254241,,,,,,,0.0,0.023746880967475896,-0.6397574105493326,5DCjvVt6...,433510.851995307,,,,True,8884359,1.0,0,5EFY7fKV...,,3.4195151505597092,3.4195151505597092,0.3757896664326914,,,2599.824507794,0.0,,NO_ESTIMATE,,,,63950.524444207,0.8543257176962279,63950.524444207,0.8543257176962279,0.0,,False,True,8.543257176962326,0,,711.6147399360001,0.009506579949151762,30.0
2,1,61,15,82,Compelle,2026-09-10,9038254,0.002458979,0.003027283353731036,-0.18772750592725918,IN BAND,True,True,9.1956e-05,1382.038696694,693200.325266584,1.0,562037.615905972,117516.119244066,0.0004909697292762227,70198.6317974797,,0.0,,,0.1996640594637948,0.1748578882617977,-14.135874361168659,-2.284017988781653,16.356568305057344,28.20842467744435,30.492442666226,3.791111896823404,-30.317584777964203,1,0.0,,0.0,0.0,0.0,0.0019937075132826997,-0.18921328190167558,5H6h1PUD...,350826.600721132,,,ENTRY_REPEATED,False,8026517,0.0,48,5G9hfkx9...,0.009994659342336155,1.0705373294893143,1.0598376735678143,0.027971067570042116,,COUNTER,51466.221683119,7195.897335065,0.0,DIVERGENT,1.0,0.0,1295.967040512703,744.314271862,0.001073736183801932,744.314271862,0.001073736183801932,0.0,NEITHER,False,True,0.010737361838019321,,,35089.98533943397,0.05062026669698895,30.0
3,2,55,16,103,Capcomp,2026-09-10,9038254,0.002397694,0.0032360448967665434,-0.2590665221005505,DISCOUNT,True,False,0.000118877,466.68925661,198561.562388696,1.0,194640.828759062,31839.063003679,,15110.69091731988,,,,,,0.6694149299028579,-42.09623512915461,-3.1519760188900308,-28.562728968949138,10.381530141315437,13.533506160205468,13.23518997526588,-12.86409123030261,1,0.0,,0.0,0.0,0.0,0.002350350445452419,-0.019745453151061423,5H3SQ4du...,892327.637639742,,,,True,8762380,1.0,1,5E2LP6En...,0.0,1.1487805991009763,1.1487805991009763,0.017731254005554368,,COUNTER,60139.256694016,0.014698804,0.0,OK,0.0,0.0,1295.967040512703,0.0,0.0,0.0,0.0,0.0,NEITHER,False,,,,,59780.796568940015,0.30106933008471987,30.0
4,3,66,17,106,Nodexo,2026-09-10,9038254,0.002674915,0.0027500009164214134,-0.027303960508901604,IN BAND,False,True,6.3325e-05,6295.974979247,2454511.652315676,1.0,2353709.758908854,359807.419677518,-0.0008091572467977437,79381.33642723644,ACCUMULATING_PRE_EMA,0.0,,,,0.026432458919953272,-4.897591074177726,-0.33219818619163616,5.538397587945497,10.103790475931588,10.435988662123224,1.0706814113188865,-10.409556203203271,1,0.0,,0.0,0.0,0.00016784924086366004,0.0025650621675831716,-0.04106778436579417,5CTdHCps...,1173069.035467447,,,ENTRY_PRE_EMA_PATTERN,False,5558480,0.2304193883157316,31,5E4vCZrj...,0.0,0.43879750408706863,0.43879750408706863,0.02189870133833875,,COUNTER,838637.534343767,0.0,0.0,DIVERGENT,1.0,0.0,1295.967040512703,312383.055175401,0.12726892328284015,312383.055175401,0.12726892328284015,0.0,DORMITORY,True,True,1.2726892328284052,0,,11791.997330471999,0.004804213220722337,30.0
5,4,3,18,15,ORO,2026-09-10,9038254,0.033042772,0.03365178033709526,-0.018097358623963687,IN BAND,False,False,0.010584549,15295.04106182,1558953.31152779,1.0,462886.336291872,556779.761316626,-0.0009198017926109515,28265.99609965697,ACCUMULATING_PRE_EMA,0.0,,,,1.818641392303008,-3.0165049164450606,-0.22018452992489151,3.2915396588331625,6.087860045353332,6.308044575278223,1.6857464431853533,-4.489403182975215,1,0.0,,0.0,0.0,0.0006103608758678547,0.009811096296931885,-0.7030788973475988,5EHdase3...,216.588029224,,,ENTRY_REPEATED,False,7366897,0.0,134,5E2LP6En...,0.0,0.6271924821946785,0.6271924821946785,0.24915305966732795,,COUNTER,354654.991781899,2797.563389807,0.0,DIVERGENT,1.0,0.0,1295.967040512703,1010.651574802,0.0006482885454802693,1010.651574802,0.0006482885454802693,0.0,NEITHER,False,True,0.006482885454802692,,,24580.956634913007,0.015767602822449777,30.0
6,5,5,7,64,Chutes,2026-09-10,9038254,0.069829101,0.07264708634465933,-0.03879006697240362,IN BAND,False,False,0.009355247,200679.205823443,3285780.513023704,1.0,2873862.090982925,4995550.068672196,0.006078987608972017,63665.531821093056,,0.0,,0.08705521798099644,0.08705521798099644,0.12251189162882345,-3.0601834895395,-0.4719458148309107,3.132826316432584,5.721063991141173,6.193009805972084,0.7998099658767565,-6.07049791434326,1,0.0,,0.0,0.0,9.15541313801782e-05,0.06107504899612729,-0.1253639511107656,5FRYKhbm...,683981.478555749,,,ENTRY_REPEATED,False,4531295,0.09368371255474672,254,5CXtLcdf...,,14.67806505385727,14.67806505385727,0.0,,COUNTER,274207.517615115,0.0,0.0,DIVERGENT,1.0,0.0,1295.967040512703,762375.627188904,0.2320226881153836,762375.177224188,0.23202255117236073,0.4499647159827873,DORMITORY,True,True,2.3202255117236095,0,,12286.680850089997,0.003739349235711217,30.0
7,6,15,19,53,engy,2026-09-10,9038254,0.022866449,0.02376073063351214,-0.037636958530679346,IN BAND,False,False,0.003157535,30498.984150798,4613797.258884597,1.0,1333787.533671144,1487136.875864786,-0.0011223092088040443,65671.68317700131,ACCUMULATING_PRE_EMA,0.0,,,,0.2720747005530308,-11.816836815054259,-0.457916328789932,-7.048162362366178,4.3107581238981485,4.768674452688081,0.5695958995465981,-4.49659975213505,1,0.0,,0.0,0.0,0.0002441443503471419,0.006610386724745519,-0.7109132806433776,5H8SFVCx...,2561925.494130548,,,ENTRY_PRE_EMA_PATTERN,False,4203869,0.8133823776309163,249,5CsvRJXu...,0.0899977111467155,5.253371308565818,4.780579914991068,0.1585991149092019,,COUNTER,526171.923754839,0.0,0.0,DIVERGENT,1.0,0.0,1295.967040512703,125113.310523246,0.027117210294041533,110980.331221623,0.024054011261095794,14132.979301622996,DORMITORY,True,True,0.24054011261095795,,,20886.518723116995,0.004526969338086258,30.0
8,7,52,20,79,MVTRX,2026-09-10,9038254,0.003453094,0.0035080157686024904,-0.015656078029652094,IN BAND,False,False,0.000161721,7360.589584521,2973442.821071251,1.0,2131592.410717418,486365.359484858,-0.0051205686723918425,42656.14684537775,ACCUMULATING_PRE_EMA,0.0,,,,0.057740318641561324,-24.520337950545503,-0.19048228269410047,-20.15329157355812,4.176564094293283,4.367046376987384,0.8838239569890914,-4.309306058345823,1,0.0,,0.0,0.0,0.0018463416495002605,0.0024754434598036694,-0.28312306012993865,5Fxp7QBG...,3287997.780422368,,,,False,5173967,0.0,0,5EWwdZB7...,0.179995422293431,0.32770278165905226,0.26871778108759914,1.0,,COUNTER,444229.939659842,37317.847662374,0.0,DIVERGENT,1.0,0.0,1295.967040512703,1355085.827207694,0.45572957300705497,1355085.827207694,0.45572957300705497,0.0,DORMITORY,True,True,4.557295730070549,0,,12566.719696246999,0.004226319607423811,30.0
9,8,13,1,9,iota,2026-09-10,9038254,0.027236068,0.027716312557458878,-0.01732714467205118,IN BAND,False,False,0.003714418,55644.831513747,3991147.258051646,1.0,2043056.721830134,1100030.460506834,0.01301328860220348,48002.410554435104,,0.0,,0.47779615626614974,0.47779615626614974,0.1754249269599897,-4.3735035174234556,-0.21081359350995602,-0.5860094757617147,3.5766804481517847,3.787494041661741,0.6584572881139213,-3.612069114701751,1,0.1075709278950419,MINER_BURN_ONLY,880.1825069529004,880.1374623202614,1.5259021896696368e-05,0.013942064252700883,-0.4881028989683502,5Fsbubec...,21381.992334588,,,,False,1489797,0.32000183111056857,209,5Fsbubec...,0.179995422293431,16.125509610283178,13.222991698283478,0.0,,COUNTER,1190743.142369076,46681.104420658,0.0,DIVERGENT,-0.9194019930853877,0.6791356838612704,1295.967040512703,566487.003304132,0.14193588125853152,566487.003304132,0.14193588125853152,0.0,FORTRESS,True,True,1.419358812585315,0,,12328.299510046,0.0030889112109745336,30.0
10,9,71,21,84,SN84,2026-09-10,9038254,0.002338593,0.00236142473295331,-0.009668626162289595,IN BAND,False,True,3.4868e-05,1438.765701047,732298.056018223,1.0,615226.870804462,68250.412871612,-0.004139727322791386,13155.304365745513,ACCUMULATING_PRE_EMA,0.0,,,,0.06368869089200413,-11.7974787235722,-0.11763495164119006,-8.209346452486763,3.4704973194442457,3.5881322710854358,3.5887026852009054,-3.5244435801934317,1,0.0,,0.0,0.0,0.0002746623941405346,0.001964726915799974,-0.15986795658758318,5G1hDNpP...,212935.732563022,,,,False,8085297,0.9993589450066395,35,5EyUpUgk...,0.179995422293431,2.598977970015025,2.1311738327708465,1.0,,COUNTER,43139.508394341,53601.095277813,1224.5509630390006,OK,0.0523224978487888,0.0,1295.967040512703,660.436412233,0.0009018683127796877,660.436412233,0.0009018683127796877,0.0,NEITHER,False,True,0.009018683127796877,,,3072.595250168,0.004195826036839212,30.0
11,13,9,22,80,OpenRoboto,2026-09-10,9038254,0.01643917,0.016315147979184985,0.007601648539948442,IN BAND,False,False,0.004932462,3342.804505709,2019602.337096952,1.0,203343.898955996,247248.798270218,-0.0002903473733555673,1614.1178497025103,ACCUMULATING_PRE_EMA,0.0,,,,3.8777350317262083,6.785267313465746,0.09248672390270604,9.271963555293079,2.5791829657300385,2.4866962418273326,1.3012462660236275,1.3910387898988756,1,0.005195567970799988,MINER_BURN_ONLY,48.67721218202496,48.63216754938591,1.5259021896696368e-05,0.0016551795590185668,-0.8993148949114482,5CG1eFia...,288967.699655868,0.0490559704983342,,,False,7151800,0.8500015259254738,197,5Gmw9JeE...,0.0,0.4829518746989411,0.4829518746989411,0.01129253776896078,,COUNTER,257675.046358365,2501.379452446,0.0,OK,0.38055048394420793,0.03752577498432856,1295.967040512703,355233.853059439,0.17589296988538086,355233.853059439,0.17589296988538086,0.0,DORMITORY,False,True,1.7589296988538112,0,,21292.455798940005,0.010542895206561573,30.0
12,10,36,23,105,Beam,2026-09-10,9038254,0.005791091,0.005987915443256497,-0.03287027766535318,IN BAND,False,False,0.001078803,4742.333052171,2027199.818017736,1.0,818901.46109852,540338.364196338,-0.0010888053840733777,20973.55157044076,ACCUMULATING_PRE_EMA,0.0,,,,0.597826903511578,-9.859480142169089,-0.39992171159513035,-7.036491285544775,2.4230671450291834,2.8229888566243138,1.2963694928552956,-2.225161953112736,1,0.0,,0.0,0.0,0.001617456321049815,0.0023393515577602077,-0.5960430326927676,5G3ic2pA...,1989824.12914694,,,,False,6841399,0.0,170,5E2LP6En...,0.0,2.365285771199111,2.365285771199111,0.008804858694988708,,COUNTER,452240.813141888,1869.377328683,0.0,OK,1.0,0.0,1295.967040512703,184641.437475967,0.09108201166696807,184641.437475967,0.09108201166696807,0.0,DORMITORY,False,True,0.9108201166696841,,,16282.042893207994,0.008031789835660661,30.0
13,11,82,24,23,Trishool,2026-09-10,9038254,0.003920853,0.004025754285976291,-0.02605754810762147,IN BAND,False,True,4.81e-07,7157.925400048,4145702.627924157,1.0,1825604.048004433,602180.844130161,3.250270980840306e-05,36187.061456246534,,0.0,,,0.008289703747731185,0.00017659697878264052,-0.9140523066614802,-0.3170335019760612,1.6259112054555103,2.2229300101409293,2.5399635121169903,0.6339094324563015,-2.5397869151382078,1,0.32795430490661465,MINER_BURN_ONLY,2361.605973341968,2361.560928709329,1.5259021896696368e-05,0.0017265892039227445,-0.5596393937944767,5CqTRwoF...,1464245.02141256,,,,False,2063528,0.7999969481490524,188,5HKsvivb...,0.0899977111467155,0.8788260117799856,0.7997336822235905,0.39429591649880974,,COUNTER,1157525.571886223,0.055431535,0.0,DIVERGENT,-0.973342097784874,1.8222384172479122,1295.967040512703,913460.635749327,0.22033916026599248,913460.635749327,0.22033916026599248,0.0,FORTRESS,True,True,2.2033916026599267,0,,10458.795463742996,0.002522804070242718,30.0
14,12,60,25,117,glyph,2026-09-10,9038254,0.002979117,0.003054308006539941,-0.024618017036572796,IN BAND,False,True,9.5153e-05,3116.710268095,1853179.668495013,1.0,1046185.941661904,229580.475238211,-0.0007537834211656891,19557.33330577938,ACCUMULATING_PRE_EMA,0.0,,,,0.08023270130683122,-7.872414111788213,-0.29951920727830234,-5.378981776809308,2.193913127700603,2.4934323349789054,1.4181031902504235,-2.413199633672074,1,0.0,,0.0,0.0,0.0,0.0016818176462221356,-0.43546438551351435,5HdThE9W...,1950828.238610231,,,,False,5710859,1.0,125,5EsLkLnu...,,8.138070141633563,8.138070141633563,0.0,,COUNTER,289424.602021989,152409.779613062,147.60082365502603,DIVERGENT,0.28490740309283147,0.0,1295.967040512703,184995.455974437,0.09982596891140826,154144.143623114,0.083178197043515,30851.312351322995,DORMITORY,True,True,0.83178197043515,,,18534.361531552993,0.010001384024790725,30.0
15,15,76,26,123,MANTIS,2026-09-10,9038254,0.002506761,0.0025433157570660114,-0.014372874057990004,IN BAND,False,True,8.492e-06,5880.456069367,1979086.096601378,1.0,2345838.052116455,549328.926182448,-0.0026115959502149458,19878.90308378823,ACCUMULATING_PRE_EMA,0.0,,,,0.0037951097222298103,-2.5594367645239413,-0.17486996770554505,-0.22517499850467093,2.159391798313725,2.3342617660192704,1.3278856359574156,-2.3304666562970406,1,0.1422942991267697,MINER_BURN_ONLY,1033.7553762750467,1027.9896632972486,0.001953154802777135,0.002971298762325359,0.18531394190565384,5HVuEdEG...,1655139.19759715,,,ENTRY_PRE_EMA_PATTERN,False,5794330,0.3776659990520892,158,5Dszzjqs...,0.179995422293431,7.0499907981399605,5.781024727263955,0.0,,COUNTER,297910.571236036,8560.983387542,0.0,DIVERGENT,-0.9397162635912433,0.7932220736806402,1295.967040512703,350656.879907587,0.17718121536488937,350656.879907587,0.17718121536488937,0.0,FORTRESS,True,True,1.7718121536488936,0,,11456.584151029998,0.005788825544630943,30.0
16,14,40,27,63,Enigma,2026-09-10,9038254,0.005772482,0.005897410213947296,-0.02118357201129452,IN BAND,False,False,0.000801171,12933.702941465,3672158.188368607,1.0,2240578.995273172,1232716.278028777,-0.0023243817583002914,30117.73725903267,ACCUMULATING_PRE_EMA,0.0,,,,0.1627899911981056,-15.434776844177092,-0.25773345947074994,-13.099329332193525,2.077714052512817,2.335447511983567,0.7156554443444375,-2.1726575207854615,1,0.0,,0.0,0.0,0.0001373311970702673,0.0035220985257203553,-0.38984677202625223,5CqTmNfg...,8900.669996323,,,,False,4885578,0.9998473888227574,93,5GP7c3fF...,0.0009918364232852674,0.510310571828743,0.5098044272164157,0.032809400274683355,,COUNTER,725439.396179942,0.0,0.0,DIVERGENT,1.0,0.0,1295.967040512703,72397.992373783,0.01971537952888313,72397.992373783,0.01971537952888313,0.0,DORMITORY,True,True,0.1971537952888313,,,8792.235662966994,0.002394296544962578,30.0
17,16,84,28,10,Pareton,2026-09-10,9038254,0.007367821,0.007464985828846693,-0.013016076798327222,IN BAND,False,True,2.32e-07,17689.868807616,3508194.280616985,1.0,2400963.256158933,970405.545293483,0.0019830543029549486,27083.79663110571,,0.0,,,0.26915071673903973,3.446582937559765e-05,4.511112743553453,-0.1583622677129812,6.574706065283902,1.9052310540174668,2.063593321730448,0.7491033248984758,-2.0635588559010727,1,0.3539630171473535,MINER_BURN_ONLY,2548.659314501914,2548.614269869275,1.5259021896696368e-05,0.005042442747641926,-0.31561275068409966,5HK5714c...,881372.123836803,,,,False,2869647,0.9100619525742363,201,5GKbzKzG...,0.179995422293431,1.4335026072034507,1.1754787000611313,0.26254425589061164,,COUNTER,802035.994649114,0.0,0.0,DIVERGENT,-0.9752900710227013,1.9665733696907963,1295.967040512703,63779.331158575,0.018180102370886412,20301.084798392,0.005786761842283618,43478.246360182995,FORTRESS,True,True,0.05786761842283621,,,20210.523346061014,0.005760947578566429,30.0
18,17,11,29,114,SOMA,2026-09-10,9038254,0.012658754,0.012835450936108828,-0.013766320870873526,IN BAND,False,False,0.003918455,6256.113718049,1631250.439182937,1.0,494212.592889839,218093.19929558,-0.00033109223172571404,11106.311899964523,ACCUMULATING_PRE_EMA,0.0,,,,1.646021828262321,-3.0886790936035107,-0.16749023726229456,-1.0328717667194636,1.8883170896217525,2.055807326884047,1.611034049018443,-0.4097854986217263,1,0.0,,0.0,0.0,3.051804379328171e-05,0.0038351644651097054,-0.6970346003161366,5FHrQMjz...,1053638.01469152,,,ENTRY_REPEATED,False,7312241,0.0,5,5E2LP6En...,0.0,0.5476817604895617,0.5476817604895617,0.29185106058293914,,COUNTER,373811.447473431,13816.272943106,0.0,DIVERGENT,1.0,0.0,1295.967040512703,146039.760277138,0.08952626572182663,146039.760277138,0.08952626572182663,0.0,DORMITORY,False,True,0.8952626572182664,,,30830.688648335003,0.018900033929662892,30.0
19,18,1,13,107,Minos,2026-09-10,9038254,0.057342082,0.05772147863171995,-0.00657288483790595,IN BAND,False,False,0.018522547,22179.016562321,1610278.118111587,1.0,386784.578693667,533314.429427199,0.001226016808458981,7376.71298853535,,0.0,,0.021380751547510624,0.021380751547510624,2.194743548670041,-2.9444811016196115,-0.07997009886118905,-1.1989207026493753,1.665590300109047,1.7455603989702362,1.6320162153615556,0.4491831496998047,1,0.0,,0.0,0.0,0.00016784924086366004,0.013773407408858592,-0.7598028022620701,5DA2vLrS...,1316480.248518543,,,ENTRY_REPEATED,False,7457580,0.0,2,5G9hfkx9...,0.009994659342336155,0.6234874914785464,0.6172559463970106,0.01359641091375206,,COUNTER,406798.248425295,11728.725039684,0.0,DIVERGENT,1.0,0.0,1295.967040512703,41164.694002343,0.025563716937678976,41164.694002343,0.025563716937678976,0.0,DORMITORY,False,True,0.25563716937678976,,,26802.69817630399,0.01664476333301739,30.0
20,19,8,30,44,Score,2026-09-10,9038254,0.039126629,0.03944445261731744,-0.008057498487832986,IN BAND,False,False,0.005424512,68324.506816862,4174003.577719641,1.0,1746240.579381553,2199576.035829648,-0.0010141890605900883,20379.169196587754,ACCUMULATING_PRE_EMA,0.0,,,,0.2086457436745349,1.0406224558924329,-0.09803289826863465,2.3200356652865497,1.1813803111254821,1.2794132093941168,0.6296113434180954,-1.070767465719582,1,0.010967007791606363,MINER_BURN_ONLY,89.90980722301174,89.90980722301174,0.0,0.0163690580385629,-0.5816389385714036,5CaCekux...,270130.460121765,,,,False,3550319,1.0,6,5FsREvyU...,0.179995422293431,1.1260461925078238,0.9233630325654679,0.0,,COUNTER,507134.747691186,2206.282255223,0.0,OK,0.10054743431832097,0.06937661561781859,1295.967040512703,245862.449528441,0.05890326755847239,245862.449528441,0.05890326755847239,0.0,DORMITORY,True,True,0.5890326755847238,,,16931.134088489995,0.004056329558236719,30.0
21,20,85,31,65,True Performance Network,2026-09-10,9038254,0.002514072,0.0025349247734993696,-0.008226190267012592,IN BAND,False,True,1.84e-07,6076.191599865,3439125.715913045,1.0,2416872.510679365,299661.938371515,-0.00012719120635281114,18934.071423722897,ACCUMULATING_PRE_EMA,0.0,,,,7.958142728921575e-05,-7.85651401207257,-0.10008531491531987,-6.608698639312121,1.1477300578451297,1.2478153727604495,0.7641476983060209,-1.2477357913331604,1,0.30746393867479843,MINER_BURN_ONLY,2214.038235478918,2213.903101581001,4.57770656900891e-05,0.0017667837996587592,-0.2972421634468865,5GxEEHxL...,1565370.611063659,,,,False,4950813,0.8500274674967955,0,5DAmVrUg...,0.179995422293431,0.8559778639829781,0.7019057668815329,0.49362085279125845,,COUNTER,1015931.833726918,0.0,0.0,DIVERGENT,-0.971560585602675,1.708302011064378,1295.967040512703,171794.150223016,0.049952855584230016,171794.150223016,0.049952855584230016,0.0,FORTRESS,True,True,0.49952855584230016,,,14522.209313550999,0.0042226456701934005,30.0
22,21,70,32,108,Prometheon,2026-09-10,9038254,0.002388532,0.0024078816641122103,-0.008035969707566364,IN BAND,False,True,3.7644e-05,1722.697809039,1652171.001611002,1.0,721236.895836761,56352.858093775,0.0005111478403079943,12224.196494549979,,0.0,,,0.2140008341140057,0.057426457200399426,-12.437899619138276,-0.09777096477539075,-11.286317854557861,1.053810799805025,1.1515817645804158,1.5906343819359405,-1.0941553073800163,1,0.0,,0.0,0.0,9.15541313801782e-05,0.0010426873534030246,-0.5634610072617723,5GpmtjiG...,1393848.586592527,,,,False,7105263,0.6339483282210929,162,5CJxEXJR...,,15.728979083978807,15.728979083978807,0.0,,COUNTER,479696.11117097,0.238163524,0.0,DIVERGENT,1.0,0.0,1295.967040512703,480246.469868252,0.2906760071445222,480246.469868252,0.2906760071445222,0.0,DORMITORY,False,True,2.9067600714452246,0,,19219.057755290993,0.011632608087510819,30.0
23,24,43,12,78,Umi,2026-09-10,9038254,0.004843994,0.004812518833205104,0.006540268804295523,IN BAND,False,False,0.000516721,1619.554838329,980732.602355202,1.0,334342.951441642,153459.623650982,0.0001379181554245564,,,,,0.028471991382432844,0.028471991382432844,0.8384666921195938,-0.7488113262727212,0.07957327045226219,0.08965536584687261,0.9180399625718559,0.8384666921195938,2.6796294868641373,,,,,,,1.0,0.0016513724887290218,-0.6590886593317371,5GvYz1tB...,780334.237677606,,,,False,7966145,,200,5E2LP6En...,0.0,1.2170894276775035,1.2170894276775035,0,,,80215.060447727,8107.779671713,,NO_ESTIMATE,,,,67821.34034858,0.06915375321031333,67821.34034858,0.06915375321031333,0.0,,False,True,0.6915375321031412,,,33915.53166688501,0.034581833606263115,30.0
24,22,4,33,120,Affine,2026-09-10,9038254,0.051982057,0.05262535950168967,-0.01222419205837481,IN BAND,False,False,0.009615782,80212.60606127,2655266.597764859,1.0,1543082.602747337,1487681.781346704,-0.0050901304439632976,13649.56175668165,ACCUMULATING_PRE_EMA,0.0,,,,0.31504119286060134,-1.5639303817088661,-0.1487276700435602,-0.49833217342692815,0.9168705382383777,1.065598208281938,0.9897311261370849,-0.7505570154213366,1,0.0,,0.0,0.0,7.629510948348184e-05,0.03020887097694487,-0.41885964657102986,5EfNFhH2...,3120133.596253369,,,ENTRY_PRE_EMA_PATTERN,False,5749344,0.0,116,5E2LP6En...,0.0,0.2835456473506125,0.2835456473506125,0.010605182042909025,,COUNTER,180555.409154778,0.0,0.0,DIVERGENT,1.0,0.0,1295.967040512703,57789.861629077,0.021764240802683674,57789.861629077,0.021764240802683674,0.0,DORMITORY,True,True,0.2176424080268396,,,18044.799375574,0.006795852209628851,30.0
25,23,80,34,74,Gittensor,2026-09-10,9038254,0.003402939,0.003423369489610195,-0.00596794756516969,IN BAND,False,True,2.649e-06,6118.833867209,3389208.690537922,1.0,1798102.499412848,352512.908827381,-0.0012658894502273344,13629.3398181214,ACCUMULATING_PRE_EMA,0.0,,,,0.0011377285527079362,-8.54455013938181,-0.07261002870956455,-7.643418963064659,0.8285211476075869,0.9011311763171514,0.7754022369106147,-0.8999934477644436,1,0.0,,0.0,0.0,9.155413138028923e-05,0.001805387164352468,-0.4694623781523947,5D1VXeeS...,216.588029224,,,,False,5086205,0.8159593462436479,225,5H9cKYNm...,0.179995422293431,0.37672656766650664,0.30891751003021894,0.0030672974210285363,,COUNTER,531791.422968235,148947.612260578,1891.3222256200097,OK,0.032127431390316985,0.0,1295.967040512703,378229.609193408,0.1115982058730579,378229.609193408,0.1115982058730579,0.0,DORMITORY,True,True,1.115982058730579,0,,13212.487930256995,0.0038983990472891065,30.0
26,25,67,35,6,Numinous,2026-09-10,9038254,0.002710569,0.0027220286428928375,-0.004209964109951051,IN BAND,False,True,6.0849e-05,8083.953176304,2762492.011979275,1.0,2982381.502416712,696680.23740128,-0.004023880888700968,13468.207670680247,ACCUMULATING_PRE_EMA,0.0,,,,0.019781308539581585,-2.402295131913149,-0.05122123000440445,-1.5700378065448453,0.7810360953638993,0.8322573253683038,0.9513149680085722,-0.8124760168287222,1,0.0,,0.0,0.0,0.002029449912260617,0.002926326353614321,0.07959854687865205,5CfSg4e2...,73945.68047945,,,,False,3219949,0.5490046175957921,48,5EEbEga4...,0.0,0.3215417514846693,0.3215417514846693,0.005646355048909643,,COUNTER,185360.665463109,0.0,0.0,DIVERGENT,1.0,0.0,1295.967040512703,662466.459537209,0.23980755660631356,662466.459537209,0.23980755660631356,0.0,DORMITORY,True,True,2.3980755660631354,0,,9198.493241848995,0.003329780937631904,30.0
27,89,89,36,49,Nepher Robotics,2026-09-10,9038254,0.007507949,0.007093347609043121,0.058449326581473914,IN BAND,False,True,0.0,4090.16489133,2243745.947064187,1.0,544777.955289289,150828.447872342,-3.683535129229573e-05,-22249.774908876163,,0.0,,,,,-4.90979332201273,0.7111334734079325,-4.90979332201273,0.7111334734079325,,1.1712555975593348,4.843926568288745,1,0.40589921501457576,SKIN_IN_GAME,2922.5194015050074,2922.4743568723684,1.5259021896696368e-05,0.0018229180075764579,-0.7572015995877891,5FL781vf...,1728247.171240468,0.4152841883577617,BUYBACK_GAMING,,False,6783158,0.9900051881466109,0,5DLYBBCd...,0.179995422293431,1.1294035031153047,0.9261160426323851,0.8215904408735063,,COUNTER,774424.134585359,837.682351088,0.0,DIVERGENT,-0.9784432591617631,2.2550529955732483,1295.967040512703,462097.602286592,0.2059491641160267,462097.602286592,0.2059491641160267,0.0,FORTRESS,False,True,2.059491641160267,0,,18223.523591538007,0.008121919335556881,30.0
28,27,44,37,41,Almanac,2026-09-10,9038254,0.004765432,0.00477331317961216,-0.0016510920854348986,IN BAND,False,False,0.000502035,12203.545137969,3131325.005195809,1.0,2560847.652422413,1584885.429617213,-0.002647854639532984,12247.815145375207,ACCUMULATING_PRE_EMA,0.0,,,,0.10811186135536147,-0.6111014858026425,-0.020088287039457933,0.008384085575220412,0.5993972843384049,0.6194855713778629,0.8392613336652562,-0.5113737100225014,1,0.0,,0.0,0.0,0.0006256198977645511,0.0038972464109345573,-0.18218402635174372,5FCSevLk...,45779.911906432,,,ENTRY_REPEATED,False,3394182,0.0,228,5HbScNss...,0.0899977111467155,0.555463963856469,0.5054734784849049,0.012177442737025224,,COUNTER,1013973.827095004,0.0,0.0,DIVERGENT,1.0,0.0,1295.967040512703,271111.945633162,0.08658058335794139,271111.945633162,0.08658058335794139,0.0,DORMITORY,True,True,0.865805833579414,,,9395.933693682999,0.003000625510955369,30.0
29,29,24,38,118,Ditto,2026-09-10,9038254,0.008372955,0.008355465717613697,0.0020931547058393634,IN BAND,False,False,0.002027852,6605.326704316,2192685.008975768,1.0,788888.379545347,756978.06087092,-0.0019519015973399523,7217.7151606724365,ACCUMULATING_PRE_EMA,0.0,,,,0.8068026449801249,-5.849900874227513,0.025466715587712255,-5.317951373314831,0.5574162165003944,0.5319495009126821,1.1985305637801453,0.27485314406744277,1,0.0,,0.0,0.0,4.57770656900891e-05,0.0030124375718705875,-0.6402181103480686,5HGXqHbQ...,1442583.771032624,,,,False,5724794,0.0,92,5HdZvp9N...,0.013550011444266423,0.6043640461269997,0.5961749063854757,0.007706629227200586,,COUNTER,320927.826926128,1788.13704218,0.0,DIVERGENT,1.0,0.0,1295.967040512703,110167.23058577,0.050243071911742834,86202.528851121,0.03931368550350391,23964.701734649003,DORMITORY,True,True,0.3931368550350395,,,26033.882112455,0.0118730606566311,30.0
30,26,38,39,102,ConnitoAI,2026-09-10,9038254,0.007540985,0.007595474133267999,-0.007173894915833828,IN BAND,False,False,0.000917296,3844.661730851,975165.893840956,1.0,509835.463152347,228819.123547023,-9.995717380745074e-05,7549.426356320619,ACCUMULATING_PRE_EMA,0.0,,,,0.6270132606611432,-5.560684558996996,-0.0872823881426449,-4.935763828114796,0.5376383427395554,0.6249207308822002,2.6949260803707022,0.0020925297789429545,1,0.09232719039896072,MINER_BURN_ONLY,745.7978484769992,745.617669946443,6.103608758678547e-05,0.003942571981991448,-0.47718076856120945,5HBc11rC...,953591.492467714,,,,False,7840965,0.2501564145213716,0,5EEinUEy...,0.179995422293431,0.9410941365044572,0.7717014999864655,0.5827534639565404,,COUNTER,140227.014066219,7309.092357836,0.0,DIVERGENT,-0.3016433939098167,0.5753369079907048,1295.967040512703,2002.340459168,0.0020533331526610696,2002.340459168,0.0020533331526610696,0.0,EXPOSED,False,True,0.020533331526610698,,,29899.256197119004,0.030660686951788946,30.0
31,31,35,40,11,TrajectoryRL,2026-09-10,9038254,0.008939346,0.00890405778773129,0.003963160741985951,IN BAND,False,False,0.00124412,21622.555268201,3475085.053723941,1.0,2418807.107757645,1000648.353107347,-0.004553696919034271,11065.984998027328,ACCUMULATING_PRE_EMA,0.0,,,,0.15121003597610538,8.080621698838325,0.0482184556941624,8.539846556614004,0.5074433134698413,0.4592248577756789,0.756240483145529,-0.3080148217995735,1,0.0,,0.0,0.0,0.0,0.006222165769735627,-0.3039573846078196,5D2Jhtbn...,2482881.590435241,,,,False,2918568,0.0,189,5GgqDcxk...,0.0,0.35109433078455166,0.35109433078455166,0.06750900323506073,,COUNTER,1145934.992162841,47996.465498293,0.0,DIVERGENT,1.0,0.0,1295.967040512703,46180.459268605,0.013289015536214714,46180.459268605,0.013289015536214714,0.0,DORMITORY,True,True,0.13289015536214716,,,10812.877151928002,0.0031115431665020106,30.0
32,28,62,41,32,ItsAI,2026-09-10,9038254,0.003009114,0.0030202982015907764,-0.0037030123664232822,IN BAND,False,True,9.1123e-05,7215.960067081,3589386.79501368,1.0,2398034.405061634,305300.900838136,-0.0011755096356559623,12076.12719744211,ACCUMULATING_PRE_EMA,0.0,,,,0.0331863316556394,-2.107714946819991,-0.0450533171248166,-1.5581058276270947,0.5045558020680795,0.5496091191928961,0.7321584855805389,-0.5164227875372567,1,0.0,,0.0,0.0,0.0018768596932936532,0.0020103601197578647,-0.33190961865922497,5DWgkCSv...,59896.54113702,,,,False,2515294,0.24087323426894147,4,5FeXUUNj...,,4.928441282733377,4.928441282733377,0.0,,COUNTER,17419.272873098,0.0,0.0,DIVERGENT,1.0,0.0,1295.967040512703,634410.218859858,0.17674612826379446,634410.218859858,0.17674612826379446,0.0,DORMITORY,True,True,1.7674612826379446,0,,11450.737268561998,0.0031901653186190973,30.0
33,90,90,42,24,Quasar,2026-09-10,9038254,0.004357,0.004186465870589018,0.040734627889606675,IN BAND,False,True,0.0,9040.529116095,3814237.787004997,1.0,2074943.31007175,1577822.643891689,-0.003987432863262727,-60754.66519686114,,0.0,,,,,5.747353978289581,0.49560463932354787,5.747353978289581,0.49560463932354787,,0.6889974214385699,6.61391465532849,1,0.41000228793596355,MINER_BURN_ONLY,2952.0164731389377,2952.0164731389377,0.0,0.0023702059548819515,-0.4560004693867451,5ELutYW7...,313782.548203981,0.011632835062969884,,,False,2538424,1.0,155,5ELpkVn8...,0.179995422293431,3.433862140626308,2.8157826745268504,0.0,,COUNTER,667219.858844823,0.0,0.0,DIVERGENT,-0.9764597356232987,2.277848418097946,1295.967040512703,700000.000065042,0.18352290527085718,0.0,0.0,700000.000065042,EXPOSED,True,False,0.891465631989956,38071,TAKEOVER_IMMINENT,8685.960325523001,0.002277246676941807,30.0
34,91,91,43,94,pending...,2026-09-10,9038254,0.00412376,0.0039703501388430595,0.03863887460606764,IN BAND,False,True,0.0,2197.39196154,1849107.881608369,1.0,532861.268757303,115089.640051208,-7.290167659344193e-05,-30982.40067060932,,0.0,,,,,-6.035970769928059,0.4701063077071562,-6.035970769928059,0.4701063077071562,,1.4212258928419819,7.682854708092897,1,0.41000228794028065,SKIN_IN_GAME,2952.0164731700206,2952.0164731700206,0.0,0.0011883524933270473,-0.7118279207987256,5CnwnkkC...,759044.611443586,0.21359181747636796,BUYBACK_GAMING,,False,6962737,1.0,0,5EeKtCKE...,0.179995422293431,1.9491612867607584,1.5983211778322484,0.3731382004639238,,COUNTER,765805.237825243,0.075116968,0.0,DIVERGENT,-0.9786586556773691,2.2778484181219305,1295.967040512703,273.723032556,0.00014802977980814917,273.723032556,0.00014802977980814917,0.0,EXPOSED,False,True,0.0014802977980814915,,,19824.765262322006,0.010721259402711682,30.0
35,30,57,44,21,AdTAO,2026-09-10,9038254,0.003649384,0.003675474552437663,-0.007098553415465582,IN BAND,False,False,0.000103559,7737.623249976,3817354.249155211,1.0,2120254.385211041,590406.643347645,-0.0017317969702688176,12440.233920377214,ACCUMULATING_PRE_EMA,0.0,,,,0.035172693630546585,0.8254582229449943,-0.0863657332214979,1.3496842554557875,0.4378602992892954,0.5242260325107932,0.688434928610983,-0.4890533388802467,1,0.06080414675364534,MINER_BURN_ONLY,450.618536658003,450.2131349642516,0.0001373311970702673,0.0020269597068934206,-0.4445748359467185,5HjCYVfr...,1985050.490384986,,,,False,3156578,0.9184445868815432,9,5H8xxVDT...,,5.251028256292834,5.251028256292834,0.0,,COUNTER,832706.576643818,0.0,0.0,DIVERGENT,-0.8101106206960299,0.3473955130727251,1295.967040512703,5839.628796876,0.001529758155971069,5839.628796876,0.001529758155971069,0.0,EXPOSED,True,True,0.015297581559710689,,UNDEFENDED_BURNER,9792.348213574995,0.0025652186237999954,30.0
36,33,7,45,4,Targon,2026-09-10,9038254,0.058011533,0.05838956031948328,-0.006474227882773488,IN BAND,False,False,0.00775392,139995.072556544,3763002.521226396,1.0,2413228.285150356,2306317.634383743,-0.0046476622979413,11087.27681608824,ACCUMULATING_PRE_EMA,0.0,,,,0.1455572784661375,1.0423390386714404,-0.0787697725737441,1.4782374357258696,0.35712862448068505,0.4358983970544291,0.6983784850464335,-0.29034111858829165,1,0.026269322205043747,MINER_BURN_ONLY,214.50988076103386,214.41979149575576,3.0518043793392735e-05,0.03720302385312205,-0.3586960742250675,5CXGPMnq...,,,,,False,1411451,0.1512367814688783,238,5CdBXrFk...,0.0,0.2789429931903537,0.2789429931903537,0.024431558065008394,,COUNTER,559253.932314184,0.0,0.0,DIVERGENT,-0.6700458152746133,0.16545157769670457,1295.967040512703,183019.057563734,0.048636442981730046,183019.057563734,0.048636442981730046,0.0,DORMITORY,True,True,0.4863644298173004,,,13986.109678852987,0.0037167420430786182,30.0
37,32,50,46,85,Vidaio,2026-09-10,9038254,0.004808994,0.004849614109843969,-0.00837594681224578,IN BAND,False,False,0.000236222,12291.643270745,2617162.497104929,1.0,2555969.792274884,1414229.561554914,-0.006693889346863315,10277.874198799953,ACCUMULATING_PRE_EMA,0.0,,,,0.05050516048391418,-2.9087764584235187,-0.10190735288232365,-2.4710941586432416,0.33577494689795356,0.43768229978027723,1.0041409361883564,-0.38717713929636305,1,0.0781387553123976,MINER_BURN_ONLY,590.4146829569945,590.2345044264383,6.103608758678547e-05,0.004696553341392388,-0.023381326449484294,5GTPBjA4...,2988836.393107275,,,,False,5258781,0.35998229845416674,133,5HEDMsyw...,0.179995422293431,15.085437175195688,12.370127540365317,0.0,,COUNTER,503091.651817401,0.0,0.0,DIVERGENT,-0.9076159500561031,0.45543944095440353,1295.967040512703,143874.406841709,0.054973432868941456,143874.406841709,0.054973432868941456,0.0,FORTRESS,True,True,0.5497343286894145,,,18341.860372358,0.007008300169610228,30.0
38,92,92,47,39,deprecated,2026-09-10,9038254,0.007783322,0.007630646927282214,0.02000814271355146,IN BAND,False,True,0.0,18623.506987812,3625328.300503414,1.0,2392745.060893941,1094799.044607282,-0.008167090216750057,-35105.91338352114,,0.0,,,,,2.193468752322656,0.2434324030148761,2.193468752322656,0.2434324030148761,,0.724899866209379,4.303177042620633,1,0.4100022879395854,MINER_BURN_ONLY,2952.0164731650148,2952.0164731650148,0.0,0.005137053928392067,-0.3399921102593382,5DkwfxC9...,560074.132980108,0.023771418778992505,,,False,3280104,1.0,136,5GP7c3fF...,0.0009918364232852674,2.3019781079864488,2.2996949222533427,0.19656645811078896,,COUNTER,1539345.27117229,0.0,0.0,DIVERGENT,-0.9786586556776483,2.277848418118068,1295.967040512703,481647.920691521,0.13285635969151793,480072.976282542,0.1324219316126153,1574.944408979034,FORTRESS,True,True,1.324219316126154,0,,9048.131808830001,0.002495810326356809,30.0
39,34,6,48,97,Albedo,2026-09-10,9038254,0.023265225,0.023371966322883964,-0.00456706643374933,IN BAND,False,False,0.008451326,12712.375323964,1123859.685204265,1.0,546411.269975316,519506.790390872,-0.0002017478056674679,4849.649614186143,ACCUMULATING_PRE_EMA,0.0,,,,1.7471231112986372,0.8681577687084616,-0.05556597494395017,1.0898865336079144,0.16616278995550265,0.2217287648994528,2.3383702027912436,1.5253943463991844,1,0.0,,0.0,0.0,7.629510948348184e-05,0.011311354514557113,-0.5138085054171144,5GnW8owm...,1358346.625096505,6.191170233285414,BUYBACK_GAMING,,False,7735450,0.3999999999999999,28,5E2LP6En...,0.0,0.6320473687408105,0.6320473687408105,0.185356995712084,,COUNTER,70872.776437572,4583.298014649,0.0,DIVERGENT,1.0,0.0,1295.967040512703,9414.94945141,0.008377335334080254,9414.94945141,0.008377335334080254,0.0,DORMITORY,False,True,0.08377335334080543,,,33124.04897812801,0.02947347379233344,30.0
40,93,93,49,31,rec4ll,2026-09-10,9038254,0.004446436,0.004387369845062494,0.01346277086805846,IN BAND,False,True,0.0,1901.031560714,1780705.622506657,1.0,427540.504286147,53427.861135304,-3.4653599990985635e-05,-5029.9325098433765,,0.0,,,,,-0.1487288510939905,0.16379704556137792,-0.1487288510939905,0.16379704556137792,,1.475819454256918,2.5110696127805303,1,0.41000228793623844,,2952.016473140917,2952.016473140917,0.0,0.0010675720549688406,-0.7599038747057553,5H3mfhC8...,892871.844551108,0.08389498280655594,,,False,7173591,1.0,0,5CDZ527X...,0.179995422293431,1.7558850003330577,1.4398337381994077,0.45507264070321085,,COUNTER,746454.708240015,729.248648798,0.0,DIVERGENT,-0.9786586556770009,2.2778484180994734,1295.967040512703,418321.770921664,0.23491910489550902,418321.770921664,0.23491910489550902,0.0,FORTRESS,False,True,2.34919104895509,0,,20530.727592401,0.011529546115264343,30.0
41,94,94,50,27,Orion,2026-09-10,9038254,0.00245424,0.0024347456637769938,0.00800672386977981,IN BAND,False,True,0.0,6388.590350303,3430384.372688657,1.0,2603082.442489475,828524.938891827,-0.002571603639063033,-16341.152223084588,,0.0,,,,,-2.2718357077804168,0.09741514041565434,-2.2718357077804168,0.09741514041565434,,0.7660949078835249,2.515362021497236,1,0.41000228792736176,,2952.016473077005,2952.016473077005,0.0,0.001862354085205842,-0.2411687181343951,5GLT9wjW...,61264.872813529,0.060557605993076746,,,False,1727132,1.0,203,5H6Bqkzj...,0.179995422293431,17.587337786098544,14.42169749427252,0.0,,COUNTER,1311096.87200943,0.0,0.0,DIVERGENT,-0.9786586556766966,2.2778484180501573,1295.967040512703,29259.979274079,0.008529650352606315,29259.979274079,0.008529650352606315,0.0,FORTRESS,True,True,0.08529650352606316,,,8801.912268406002,0.0025658676440119344,30.0
42,95,95,51,25,UR,2026-09-10,9038254,0.009838581,0.009776737540960312,0.00632557218403291,IN BAND,False,True,0.0,16035.962384043,4297937.155148364,1.0,1629905.887917629,710542.522147017,-0.00189072698649151,5719.22322217538,ACCUMULATING_PRE_EMA,0.0,,,,,5.630574552255279,0.07696112823906708,5.630574552255279,0.07696112823906708,,0.6114561253767988,0.12043757677309531,1,0.41000228793792,MINER_BURN_ONLY,2952.016473153024,2952.016473153024,0.0,0.0037310834954471183,-0.6207701603059305,5HTeZ516...,723532.001631939,,,,False,2998801,1.0,1,5CyQFykV...,0.179995422293431,1.7334039047057916,1.4213991368731904,0.16399346834129444,,COUNTER,958299.936576882,0.0,0.0,DIVERGENT,-0.9786413853931026,2.2778484181088157,1295.967040512703,1164682.736527439,0.2709864510541533,1164682.736527439,0.2709864510541533,0.0,FORTRESS,True,True,2.7098645105415344,0,,8552.533555499007,0.001989915917047367,30.0
43,35,32,52,19,blockmachine,2026-09-10,9038254,0.010252154,0.010289722122251987,-0.0036510337019447074,IN BAND,False,False,0.001417483,32463.978609572,2772478.42011734,1.0,3166551.734781996,1675978.490820773,-0.008205630128196056,7983.124120424967,ACCUMULATING_PRE_EMA,0.0,,,,0.11474703605495974,-0.7832572014466037,-0.04442091004032727,-0.674333963716488,0.06450232768978847,0.10892323773011575,0.9478883517833746,0.005823798324843995,1,0.0,,0.0,0.0,0.0002441443503471419,0.011709371071749596,0.14213764948805843,5FWh37Lf...,1275587.378175904,,,ENTRY_REPEATED,False,1956072,0.0004731451945236831,124,5HQLnZYK...,,0.43154747166582896,0.43154747166582896,0.00839310239584923,,COUNTER,1006514.180053119,0.0,0.0,DIVERGENT,1.0,0.0,1295.967040512703,169492.989899939,0.061134106101632175,169492.989899939,0.061134106101632175,0.0,DORMITORY,True,True,0.6113410610163217,,,26301.268936596996,0.009486554970366132,30.0
44,96,96,53,119,CapabilityForge Next,2026-09-10,9038254,0.002766875,0.002753117587417364,0.0049970305102519045,IN BAND,False,True,0.0,3396.839850422,1635464.192487434,1.0,1227680.575585423,72438.915015283,-0.0008647727937628405,1869.88904090086,ACCUMULATING_PRE_EMA,0.0,,,,,1.1601981299293547,0.06079720454139817,1.1601981299293547,0.06079720454139817,,1.6068832396770387,1.1793401237228276,1,0.41000228812707873,MINER_BURN_ONLY,2952.016474514967,2952.016474514967,0.0,0.0020769882129034137,-0.24933789459104083,5GbLENPL...,110149.363378893,,,,False,5740660,1.0,0,5HMwvi1d...,0.179995422293431,10.409269617618222,8.535648737028849,0.0641233023042881,,COUNTER,862146.363473668,0.0,0.0,DIVERGENT,-0.9785975005991768,2.277848419159724,1295.967040512703,20722.542632217,0.012670740654186606,20722.542632217,0.012670740654186606,0.0,FORTRESS,True,True,0.12670740654186607,,,17469.835846559006,0.010681882200055098,30.0
45,97,97,54,113,TensorUSD,2026-09-10,9038254,0.002327049,0.0023265157360583544,0.00022921140544227028,IN BAND,False,True,0.0,1754.535516838,1578537.752750271,1.0,753974.171556621,66424.545754048,-0.0004889739469761811,4293.652285010321,ACCUMULATING_PRE_EMA,0.0,,,,,-6.404097395327649,0.0027887387662142884,-6.404097395327649,0.0027887387662142884,,1.6648318961147817,0.6587022409179533,1,0.40995191045318885,MINER_BURN_ONLY,2951.6537552629597,2951.6537552629597,0.0,0.0011114941747709802,-0.5223589297986504,5GndoVhM...,578761.389714471,,,,False,7119664,1.0,0,5FRumLA6...,0.179995422293431,2.430143849840392,1.9927290813545864,0.3320512233466123,,COUNTER,767870.536972835,0.0,0.0,DIVERGENT,-0.9786560331178182,2.2775685360757656,1295.967040512703,65203.219862054,0.04130608833931977,65203.219862054,0.04130608833931977,0.0,FORTRESS,False,True,0.41306088339320146,,,19668.425758785,0.012459902035612955,30.0
46,98,98,55,52,Dojo,2026-09-10,9038254,0.006345683,0.0063485882710665464,-0.0004576247415172133,IN BAND,False,True,0.0,17946.317314624,3090195.199077606,1.0,2828114.058183809,765912.762967797,-0.001055169699966047,1521.4916295753792,ACCUMULATING_PRE_EMA,0.0,,,,,-0.36432010552369165,-0.005567767688459429,-0.36432010552369165,-0.005567767688459429,,0.8504317140821502,0.6645028916865297,1,0.41000228793483173,MINER_BURN_ONLY,2952.0164731307887,2952.0164731307887,0.0,0.005807502814055502,-0.08481044293332941,5Fv1ZvNP...,21527.719470786,,,,False,3989825,1.0,130,5E2LP6En...,0.0,0.3886695667179182,0.3886695667179182,0.7306383433289078,,COUNTER,1162770.538610221,0.0,0.0,DIVERGENT,-0.9786586556770854,2.2778484180916583,1295.967040512703,167638.354572778,0.0542484677417195,167638.354572778,0.0542484677417195,0.0,FORTRESS,True,True,0.5424846774171951,,,8493.935144030002,0.002748672687914783,30.0
47,99,99,56,12,Compute Horde,2026-09-10,9038254,0.004834518,0.004837366519495845,-0.0005888574877186264,IN BAND,False,True,0.0,12731.912061985,3542356.253200008,1.0,2633542.930966956,424539.3999744,-0.0016389071287063602,2212.135362381581,ACCUMULATING_PRE_EMA,0.0,,,,,-0.3113950175445957,-0.007164432767243287,-0.3113950175445957,-0.007164432767243287,,0.7418790805204816,0.5081632118573907,1,0.38719941538596453,MINER_BURN_ONLY,2787.9709246768616,2787.8357907789446,4.57770656900891e-05,0.003594193003734041,-0.2565560819643156,5ELzhHvg...,1615299.600843925,,,,False,2256433,0.006225965940304001,157,5Hdt5YNb...,,2.9779832161994344,2.9779832161994344,0.0,,COUNTER,1607085.744482155,0.0,0.0,DIVERGENT,-0.9774029207254727,2.151162570983315,1295.967040512703,3870.537061652,0.0010926447779371507,3870.537061652,0.0010926447779371507,0.0,EXPOSED,True,True,0.010926447779371507,,UNDEFENDED_BURNER,8629.861667958998,0.0024361924806865945,30.0
48,100,100,57,30,Endure Network,2026-09-10,9038254,0.003746096,0.003749050898477435,-0.0007881724088182375,IN BAND,False,True,0.0,8925.181096653,3514517.459130423,1.0,2382528.10103297,409816.463663833,-0.0016359655505931488,1012.5499728419818,ACCUMULATING_PRE_EMA,0.0,,,,,-2.1364829372327843,-0.009589430973955222,-2.1364829372327843,-0.009589430973955222,,0.7477555683135605,0.6370585816772905,1,0.41000228794042615,MINER_BURN_ONLY,2952.0164731710684,2952.0164731710684,0.0,0.0025395182127965032,-0.3220893931184617,5HTogQKF...,453.617803057,,,,False,3250216,1.0,80,5GP7c3fF...,0.0009918364232852674,0.3226788410586684,0.32235879643108295,0.04004333959010515,,COUNTER,795842.577238162,18187.150616168,0.0,DIVERGENT,-0.9782845672790753,2.277848418122739,1295.967040512703,4962.596266974,0.0014120277747039181,4962.596266974,0.0014120277747039181,0.0,EXPOSED,True,True,0.014120277747039181,,UNDEFENDED_BURNER,8851.472604522,0.0025185456346294745,30.0
49,101,101,58,42,Unknown,2026-09-10,9038254,0.002503455,0.002505526877939701,-0.0008269230547647817,IN BAND,False,True,0.0,7398.066145495,2678735.233834272,1.0,2955142.345937031,367646.277669348,-0.0007519273179352004,8232.494436373468,ACCUMULATING_PRE_EMA,0.0,,,,,-2.277742348887754,-0.010060897166304844,-2.277742348887754,-0.010060897166304844,,0.981060004291036,-0.150726069582313,1,0.4100022879865234,MINER_BURN_ONLY,2952.0164735029684,2952.0164735029684,0.0,0.0027617758007780413,0.10318571764942504,5EC5HHfL...,100946.573054345,,,,False,3613591,1.0,11,5Gbdb5s2...,0.179995422293431,10.673824580128452,8.752585017342227,0.0,,COUNTER,516251.034939927,0.0,0.0,DIVERGENT,-0.97494283059644,2.2778484183788414,1295.967040512703,5444.016612431,0.002032308584913253,5444.016612431,0.002032308584913253,0.0,EXPOSED,True,True,0.020323085849132526,,UNDEFENDED_BURNER,9285.571324974995,0.003466401310473626,30.0
50,102,102,59,104,TAOstatus,2026-09-10,9038254,0.004286047,0.004290771204978228,-0.0011010153542435953,IN BAND,False,True,0.0,6011.212837472,3175336.007447883,1.0,1402507.303618658,75573.717428458,-0.0017383027949343672,3703.5279180312064,ACCUMULATING_PRE_EMA,0.0,,,,,-0.12073224497054376,-0.013395686809963742,-0.12073224497054376,-0.013395686809963742,,0.827628948191913,0.05564565862246273,1,0.0,,0.0,0.0,0.0,0.0018930950373039102,-0.558312114331945,5HBb3F1b...,1104821.712833243,,,,False,5528520,1.0,25,5Coeuhim...,0.179995422293431,1.379826431774242,1.1314639904953991,0.41483809930722987,,COUNTER,340321.172598343,177486.948173521,2949.4073015130125,OK,0.020913506488956315,0.0,1295.967040512703,3017.92106809,0.0009504257379412259,3017.92106809,0.0009504257379412259,0.0,NEITHER,True,True,0.009504257379412259,,,9496.234938338996,0.0029906236429987822,30.0
51,103,103,60,73,Parked,2026-09-10,9038254,0.003404155,0.003407934447750449,-0.0011090142162048068,IN BAND,False,True,0.0,7171.311672917,3530058.188667962,1.0,2106634.720837831,579458.383203778,-0.0012004820451322843,63729.331396336434,ACCUMULATING_PRE_EMA,0.0,,,,,-0.15263414522498053,-0.013493006297158482,-0.15263414522498053,-0.013493006297158482,,0.7444636489098935,-5.759190580065317,1,0.4100022879330532,MINER_BURN_ONLY,2952.016473117983,2952.016473117983,0.0,0.0020314995644938744,-0.4032294168468021,5Fvs6HPW...,1486386.30314758,,,,False,5160047,1.0,0,5Dnkprjf...,0.179995422293431,1.0935416148967398,0.8967091301279606,0.5085764863874984,,COUNTER,1554562.546768066,0.0,0.0,DIVERGENT,-0.9786586556769928,2.277848418081777,1295.967040512703,995548.055174521,0.2820202959742663,927496.885138783,0.2627426618961106,68051.17003573803,FORTRESS,True,True,2.6274266189611084,0,,9369.162575206996,0.002654109953564922,30.0
52,104,104,61,47,Feval,2026-09-10,9038254,0.002736871,0.0027402820996940136,-0.0012447987360113004,IN BAND,False,True,0.0,1244.65291383,1496969.559455298,1.0,454772.196766871,46846.156292339,1.9567391779975152e-05,1609.0607139048516,,0.0,,,0.00714954843687377,,-3.6846443861390688,-0.015145051288137487,-3.6846443861390688,-0.015145051288137487,,1.755546719972215,1.3528218727070687,1,0.4065423220544471,MINER_BURN_ONLY,2927.1047187920194,2927.1047187920194,0.0,0.0008314483791393137,-0.6962047611526763,5GBmFsPk...,971661.82147409,,,,False,7340355,1.0,0,5GjN9n3n...,0.179995422293431,1.7407360334338324,1.4274115159945178,0.569800091561117,,COUNTER,673427.002256251,52.790049364,0.0,DIVERGENT,-0.9784775646851285,2.258625896561393,1295.967040512703,90103.616999201,0.06019068085257992,1082.01056104,0.0007228006436107566,89021.60643816099,EXPOSED,False,False,0.6546418934757663,,,22697.115764413003,0.015162042288068837,30.0
53,105,105,62,122,CookingTAO,2026-09-10,9038254,0.004511599,0.00451800087466836,-0.0014169706571448735,IN BAND,False,True,0.0,1416.704927082,700044.838617079,1.0,314013.919234367,46737.890981537,0.0003625880589275153,1155.7672661083634,,0.0,,,0.08036797129521381,,-1.1946783676879784,-0.017239809661929294,-1.1946783676879784,-0.017239809661929294,,3.75404524828945,3.137693677346207,1,0.4100022879344437,MINER_BURN_ONLY,2952.0164731279947,2952.0164731279947,0.0,0.002023734550890576,-0.5514374059195917,5F3uH1G4...,400971.784429781,,,,True,8238082,1.0,0,5CfPqfaz...,0.179995422293431,3.512341632873754,2.880136217425844,0.30707135445278644,,COUNTER,332073.512097757,4689.8056909,0.0,DIVERGENT,-0.9737152661475982,2.2778484180895022,1295.967040512703,119280.19445208,0.17038936346951009,119280.19445208,0.17038936346951009,0.0,FORTRESS,False,True,1.7038936346951021,0,,37500.624033991,0.05356888868443419,30.0
54,36,86,63,2,DSperse,2026-09-10,9038254,0.003248629,0.003253416856750846,-0.001471639498305069,IN BAND,False,True,1.02e-07,7966.2100381,3267173.868698734,1.0,2452175.472482972,708713.061870984,-0.002026472196230547,,,,,,,3.364912533287075e-05,-1.2126504707335848,-0.017904947229378337,-1.212616821608252,-0.017871298104045467,3.364912533287075e-05,0.8043649054547234,,,,,,,0.00015259021896696368,0.002438257147689793,-0.24945041502437093,5EcYQ3W7...,2718471035831546.0,,,,False,2734060,0.8318657001144601,14,5CFxLBvp...,0.179995422293431,0.6728922999342014,0.5517747662495468,0.8659738753586035,,,710915.555553935,0.0,,NO_ESTIMATE,,,,1144508.261830867,0.3503052815143589,1144508.261830867,0.3503052815143589,0.0,,True,True,3.503052815143589,0,,9822.399443267002,0.003006390182466511,30.0
55,106,106,64,20,Witness,2026-09-10,9038254,0.00264508,0.0026503049302846193,-0.001971444955225603,IN BAND,False,True,0.0,6882.294424471,3271250.399569975,1.0,2601922.864289808,287164.90319929,-0.0009316292818717833,-25002.484444912523,,0.0,,,,,-1.4748633368736999,-0.023985913621911506,-1.4748633368736999,-0.023985913621911506,,0.8033625308369747,3.6201581162142604,1,0.410002287936675,,2952.01647314406,2952.01647314406,0.0,0.0021038727042649247,-0.20460904612906808,5CFVA7aP...,1240311.115090459,0.13250275637029227,,,False,1970929,1.0,240,5ED4s3B3...,0.179995422293431,1.294230090028763,1.0612745984291707,0.48983671600793527,,COUNTER,1388424.683680223,0.0,0.0,DIVERGENT,-0.974210011449699,2.2778484181018985,1295.967040512703,591612.959240941,0.1808522390455686,585571.154298095,0.17900529851676036,6041.804942845949,FORTRESS,True,True,1.7900529851676052,0,,9158.549501570002,0.0027997090967948972,30.0
56,107,107,65,126,Poker44,2026-09-10,9038254,0.004146108,0.0041566696017980576,-0.002540880755470436,IN BAND,False,True,0.0,2389.77447399,1271862.598688482,1.0,576389.882238482,63878.840312419,-0.0001583244541660852,1099.4422553853365,ACCUMULATING_PRE_EMA,0.0,,,,,-1.7189883408607238,-0.030914049191556967,-1.7189883408607238,-0.030914049191556967,,2.066260933146346,1.7409053092688882,1,0.41000228793333615,MINER_BURN_ONLY,2952.0164731200202,2952.0164731200202,0.0,0.0018789564819771294,-0.5468143902722434,5DqrUa2z...,542536.6403981049,,,,False,7525773,1.0,1,5E2LP6En...,0.0,0.7586910572044439,0.7586910572044439,0.44028689150007627,,COUNTER,416026.066982216,5493.154491675,0.0,DIVERGENT,-0.9786586556770076,2.277848418083349,1295.967040512703,171439.094523612,0.1347937227656481,1096.553699538,0.0008621636493350328,170342.540824074,EXPOSED,False,False,1.1425707673047596,0,,25735.327779264997,0.020234361640795732,30.0
57,38,39,66,77,Liquidity,2026-09-10,9038254,0.005553268,0.005560541758313775,-0.0013081024529488876,IN BAND,False,False,0.00082029,12091.24252167,3320744.09457464,1.0,2177320.016328529,409481.287137739,-0.006935415302332664,6311.5283562853,ACCUMULATING_PRE_EMA,0.0,,,,0.17828789027566863,-1.4573235898002854,-0.015915246510878132,-1.4858464485764102,-0.04443810528700303,-0.0285228587761249,0.791388895125514,0.20681074905179353,1,0.0,,0.0,0.0,7.629510948348184e-05,0.0036411244520239937,-0.3443276189760707,5GxxsUeY...,2757486.591212869,,,,False,5128460,0.09777201281855641,42,5E7F9Awq...,,11.840229210896062,11.840229210896062,0.0,,COUNTER,140886.89655137,14115.257752168,0.0,DIVERGENT,1.0,0.0,1295.967040512703,369577.913917543,0.11129370508295157,369577.913917543,0.11129370508295157,0.0,DORMITORY,True,True,1.1129370508295156,0,,12247.336488799998,0.003688130172032657,30.0
58,37,77,67,13,Data Universe,2026-09-10,9038254,0.005637111,0.005649154772982001,-0.002131960172095549,IN BAND,False,True,8.259e-06,20060.114859624,2454166.039010159,1.0,3558580.300919146,969878.351237168,-0.0029832593986156373,7005.673947752453,ACCUMULATING_PRE_EMA,0.0,,,,0.0010819804448720302,-1.8675091235826233,-0.025938848760495847,-1.887243785043419,-0.0456735102212914,-0.019734661460795555,1.0708321923727513,0.020816641905667586,1,0.2900051309833638,MINER_BURN_ONLY,2096.6367786870105,2091.0962888724075,0.0018768596932936532,0.008173902882184312,0.45001630838639006,5HBswBt1...,21352.442673769,,,,False,1907637,0.7104965449764569,247,5E2LP6En...,0.0,0.3959952771929159,0.3959952771929159,0.15821519586150065,,COUNTER,653918.842047692,0.0,0.0,DIVERGENT,-0.9689303989701782,1.613541257997688,1295.967040512703,93697.039216446,0.038178769377086204,93697.039216446,0.038178769377086204,0.0,FORTRESS,True,True,0.381787693770862,,,9830.353029791997,0.004005577810764948,30.0
59,108,108,68,115,MoirAI,2026-09-10,9038254,0.002708559,0.0027205953374505043,-0.0044241557297468315,IN BAND,False,True,0.0,3618.582822204,1703805.070535568,1.0,1335980.753671492,159169.469134273,-0.0010310414951094963,5691.025523889111,ACCUMULATING_PRE_EMA,0.0,,,,,-4.199098518246041,-0.05382722804525311,-4.199098518246041,-0.05382722804525311,,1.5424299677509024,0.30777463136390437,1,0.41000228823070456,MINER_BURN_ONLY,2952.0164752610726,2952.0164752610726,0.0,0.002123824423803685,-0.21588400924488443,5EkNnrTj...,109317.792457845,,,ENTRY_REPEATED,False,5683635,1.0,0,5EhTo9AX...,0.179995422293431,10.493608305210316,8.60480684693213,0.06464412159687462,,COUNTER,943103.050681959,0.0,0.0,DIVERGENT,-0.9752337268409662,2.2778484197354376,1295.967040512703,2942.008322496,0.0017267282351561611,2942.008322496,0.0017267282351561611,0.0,EXPOSED,True,True,0.01726728235156161,,UNDEFENDED_BURNER,17835.586984647998,0.010468091269995823,30.0
60,39,83,69,45,AlphaRidge.ai,2026-09-10,9038254,0.002575803,0.00257705757394433,-0.00048682418158388797,IN BAND,False,True,3.58e-07,6430.999556856,3189908.40108942,1.0,2496696.868411466,746812.839320889,-0.0007759101295867152,6043.710553952493,ACCUMULATING_PRE_EMA,0.0,,,,0.00014629514303060408,-0.4942484174729155,-0.00592302754260397,-0.5422191409924212,-0.053893751062109654,-0.04797072351950568,0.8238481077081973,0.04811701866253629,1,0.20538701258563197,MINER_BURN_ONLY,1484.442609590944,1478.9922090416192,0.0018463416495002605,0.0020160452114109857,-0.21731389729300513,5FbcZiAH...,917.231765369,,,,False,3633154,0.711116886293454,48,5G9hfkx9...,0.009994659342336155,0.35925803804204925,0.35566737633582296,0.014115672211200978,,COUNTER,1066859.731782529,0.0,0.0,DIVERGENT,-0.5041112163124498,1.1412267155008113,1295.967040512703,111021.475638166,0.0348039697943207,111019.200205241,0.03480325647198071,2.275432925001951,FORTRESS,True,True,0.3480325647198071,,,12892.860051927002,0.0040417649759233905,30.0
61,109,109,70,57,SN57,2026-09-10,9038254,0.004821135,0.004843261791393161,-0.004568572244531972,IN BAND,False,True,0.0,1771.442090927,1019187.943826818,1.0,367432.516807642,32742.704020051,-0.00013780237056893412,1227.5335673422087,ACCUMULATING_PRE_EMA,0.0,,,,,-2.7706252950715324,-0.055584295641805656,-2.7706252950715324,-0.055584295641805656,,2.578523437132174,2.128701450424829,1,0.4100022880861151,MINER_BURN_ONLY,2952.0164742200286,2952.0164742200286,0.0,0.0017380916853035363,-0.6394849583545086,5HdpnCSY...,887516.486010395,,,,False,8057320,1.0,0,5Ejcqsbx...,0.179995422293431,2.0019746603707476,1.6416283859565668,0.6490363339488181,,COUNTER,403204.797931517,6427.093693354,0.0,DIVERGENT,-0.97865865568496,2.2778484189321424,1295.967040512703,1254.306998862,0.001230692539545124,1254.306998862,0.001230692539545124,0.0,EXPOSED,False,True,0.012306925395451243,,,30672.957235520014,0.03009548672676608,30.0
62,110,110,71,112,parked,2026-09-10,9038254,0.002979443,0.00299628428183496,-0.0056207222849516,IN BAND,False,True,0.0,3910.592783767,2197427.749002091,1.0,1312524.437672947,155093.785930516,-0.0010482548438311206,14177.480535536539,ACCUMULATING_PRE_EMA,0.0,,,,,-6.190180683937631,-0.06838545446691113,-6.190180683937631,-0.06838545446691113,,1.1959437579658503,-1.1657020572986299,1,0.41000228793638394,MINER_BURN_ONLY,2952.0164731419645,2952.0164731419645,0.0,0.001779622918452223,-0.4026994581026645,5GyUNPbb...,652810.123595328,,,,False,5633022,1.0,0,5C4xjnQk...,0.179995422293431,2.2779029274576685,1.8678908280864828,0.3801101768628588,,COUNTER,1001105.853503377,0.0,0.0,DIVERGENT,-0.9786586556771663,2.2778484181002816,1295.967040512703,109192.016768061,0.04969083366570206,109192.016768061,0.04969083366570206,0.0,FORTRESS,True,True,0.4969083366570206,,,16104.768304218998,0.007328918237030815,30.0
63,111,111,72,37,Aurelius,2026-09-10,9038254,0.003375608,0.0033950593788176775,-0.0057293191804060305,IN BAND,False,True,0.0,8012.365320539,3627712.241794007,1.0,2373606.197945311,357095.564048965,-0.0011818962588911177,-2648.817102880683,,0.0,,,,,-5.872178743390237,-0.06970671669494004,-5.872178743390237,-0.06970671669494004,,0.7244235002223823,0.9872283543385231,1,0.41000228793651333,SKIN_IN_GAME,2952.016473142896,2952.016473142896,0.0,0.0022086551486169303,-0.3457015303267055,5GRBbS3a...,32169.38731255,0.3205151741006429,BUYBACK_JUSTIFIED,,False,3212175,1.0,110,5E2LP6En...,0.0,0.6109997952878967,0.6109997952878967,0.5252483633200568,,COUNTER,1294889.922803968,0.0,0.0,DIVERGENT,-0.9786586556774884,2.2778484181010006,1295.967040512703,45507.151093348,0.012544311141625561,45507.151093348,0.012544311141625561,0.0,FORTRESS,True,True,0.1254431114162556,,,8643.240101651003,0.002382559454984962,30.0
64,112,112,73,87,Provenonce,2026-09-10,9038254,0.003871374,0.0038960084784775972,-0.006323004329606461,IN BAND,False,True,0.0,1628.619918926,1731068.799980525,1.0,420682.573572802,100009.489064577,-0.0004810604927689679,3095.6503070706967,ACCUMULATING_PRE_EMA,0.0,,,,,1.418200179826684,-0.07692988601021195,1.418200179826684,-0.07692988601021195,,1.5181372340773318,0.8541266013738203,1,0.4100022879370792,MINER_BURN_ONLY,2952.0164731469704,2952.0164731469704,0.0,0.0009408175567281454,-0.7569809693591615,5HartH15...,4228.20436241,,,ENTRY_REPEATED,False,7208725,1.0,1,5E2LP6En...,0.0,0.6363739994485481,0.6363739994485481,0.416605627784899,,COUNTER,733011.380144871,811.040088965,0.0,DIVERGENT,-0.9786586556770447,2.2778484181041443,1295.967040512703,166363.914565525,0.09610473862586896,166363.914565525,0.09610473862586896,0.0,FORTRESS,False,True,0.9610473862586938,,,22865.224903101986,0.013208732606906916,30.0
65,113,113,74,127,Astrid,2026-09-10,9038254,0.002511858,0.0025282830465584993,-0.006496522049165762,IN BAND,False,True,0.0,3151.809226542,2901848.008866655,1.0,1254771.960170179,598854.85875073,-0.0011311304522673383,12657.809336697217,ACCUMULATING_PRE_EMA,0.0,,,,,-6.543052368483445,-0.0790410182648501,-6.543052368483445,-0.0790410182648501,,0.9056297890068994,-0.6931112280322245,1,0.41000228793570487,MINER_BURN_ONLY,2952.016473137075,2952.016473137075,0.0,0.0010861386319723097,-0.5675955281021818,5FU4uxAd...,1524380.173650657,,,,False,5848837,1.0,0,5EKrpcqV...,0.179995422293431,1.120810782203631,0.9190699721498578,0.5857254040195944,,COUNTER,1236430.525125323,203.185912805,0.0,DIVERGENT,-0.9785923990212538,2.277848418096509,1295.967040512703,5535.674552263,0.0019076376623960436,5535.674552263,0.0019076376623960436,0.0,EXPOSED,True,True,0.019076376623960438,,UNDEFENDED_BURNER,12837.943179205995,0.0044240577521563506,30.0
66,114,114,75,72,StreetVision by NATIX,2026-09-10,9038254,0.002321691,0.0023370864801108837,-0.006587467020113612,IN BAND,False,True,0.0,6462.145747462,2563145.587542597,1.0,2783378.575276759,237596.764216242,-0.000693472829379333,22839.432081543375,ACCUMULATING_PRE_EMA,0.0,,,,,-4.556722598237772,-0.08014751541138228,-4.556722598237772,-0.08014751541138228,,1.0253026643404917,-2.2224391681725457,1,0.4100022879361091,MINER_BURN_ONLY,2952.0164731399855,2952.0164731399855,0.0,0.002521177797651966,0.08592306110157046,5FjP8fFb...,0.046723789,,,,False,5064327,1.0,228,5E2LP6En...,0.0,0.3920319067346857,0.3920319067346857,0.33450328094002746,,COUNTER,468882.202834471,0.0,0.0,DIVERGENT,-0.9786586556771519,2.277848418098755,1295.967040512703,406960.07333336,0.15877368625148247,400971.744363668,0.1564373659898491,5988.3289696919965,FORTRESS,True,True,1.5643736598984912,0,,9207.73269454,0.0035923564932446414,30.0
67,115,115,76,69,Herald,2026-09-10,9038254,0.008028549,0.008083624066784978,-0.006813165274629475,IN BAND,False,True,0.0,4217.552210981,1284262.309857929,1.0,525319.30099073,74579.149500524,0.0011393261345515797,8587.843374087184,,0.0,,,0.141909345580575,,-1.8324809008090603,-0.08289351084132528,-1.8324809008090603,-0.08289351084132528,,2.04631092871574,-0.4119400642144777,1,0.41000228811804845,MINER_BURN_ONLY,2952.016474449949,2952.016474449949,0.0,0.0032840270859054994,-0.5909563377011836,5HBPFVcJ...,519078.951982462,,,ENTRY_REPEATED,False,8138182,1.0,0,5FWB5CFZ...,0.179995422293431,2.666765222326082,2.1867596899760633,0.2847158640053714,,COUNTER,367287.376695696,4110.268380516,0.0,DIVERGENT,-0.9785798486963899,2.2778484191095547,1295.967040512703,485.813350565,0.0003782820276168838,485.813350565,0.0003782820276168838,0.0,EXPOSED,False,True,0.003782820276168837,,,24636.90099764,0.019183698539253596,30.0
68,116,116,77,116,Memo,2026-09-10,9038254,0.005782183,0.005824091378599405,-0.007195693864522396,IN BAND,False,True,0.0,1411.304199081,696872.561953763,1.0,244078.067980216,107258.094999101,0.0001614247536338362,1346.3452436602674,,0.0,,,0.027917614097277138,,-5.317912790411053,-0.08754760868502248,-5.317912790411053,-0.08754760868502248,,3.7711342697036274,3.058382483516336,1,0.410002288039169,MINER_BURN_ONLY,2952.0164738820167,2952.0164738820167,0.0,0.0020251969673253387,-0.6497521840236916,5F48aA3P...,95444.726027535,,,,True,8294730,1.0,0,5CXN6pP6...,0.179995422293431,11.2891100225795,9.257121896748298,0.0,,COUNTER,215405.772063517,1764.319155568,0.0,DIVERGENT,-0.9786586556825164,2.2778484186713244,1295.967040512703,30.45052749,4.369597707309413e-05,30.45052749,4.369597707309413e-05,0.0,EXPOSED,False,True,0.00043695977073094136,,,36223.19657675303,0.05197965676134112,30.0
69,40,27,4,83,CliqueAI,2026-09-10,9038254,0.009123176,0.0091470368206501,-0.002608584738199913,IN BAND,False,False,0.001866167,8308.706903355,2794802.998683491,1.0,910725.17284193,152310.925251104,0.000950791968390149,3500.0484341111733,,0.0,,0.10421721211891001,0.10421721211891001,0.5902587409864803,-3.0456169369328348,-0.03173778098143227,-3.114933896462917,-0.10105474051151447,-0.06931695953008221,0.9403167240188076,0.6595757005165626,1,0.0,,0.0,0.0,0.0019226367589837423,0.0029729132633923992,-0.6741361491445086,5DqEjRLy...,1099624.715831638,,,,False,5231190,0.0,198,5E2LP6En...,0.0,0.41013742697959704,0.41013742697959704,0.09352825380354336,,COUNTER,345172.824104195,26063.92679357,0.0,DIVERGENT,1.0,0.0,1295.967040512703,8057.340853611,0.00288297273811659,8057.340853611,0.00288297273811659,0.0,NEITHER,True,True,0.0288297273811659,,,14984.343406719005,0.005361502550905188,30.0
70,41,34,78,14,Cacheon,2026-09-10,9038254,0.009320282,0.009330158354714513,-0.0010585409527934905,IN BAND,False,False,0.001303874,25158.17587408,3159215.994545364,1.0,2699293.3218193,2660149.973707396,-0.012349965626037119,6136.114740048535,ACCUMULATING_PRE_EMA,0.0,,,,0.13620148333291296,-1.528818130698197,-0.012878914925654135,-1.6238058401517883,-0.10786662437924555,-0.09498770945359142,0.8318519545790632,0.23118919278650438,1,0.0,,0.0,0.0,0.00010681315327687457,0.007963423810691506,-0.14558123770380482,5CKhH8nK...,1815461.236607158,,,,False,4848444,0.0,99,5DZYnuVE...,,0.4657988682143078,0.4657988682143078,0.010346248340480077,,COUNTER,1226319.247799996,526.080568229,0.0,DIVERGENT,1.0,0.0,1295.967040512703,52791.225533681,0.016710229887677584,52791.225533681,0.016710229887677584,0.0,DORMITORY,True,True,0.1671022988767785,,,11525.250577478999,0.003648136308938121,30.0
71,117,117,79,46,Instant,2026-09-10,9038254,0.003128795,0.00316453049890697,-0.01129251208648894,IN BAND,False,True,0.0,7961.404729756,3189452.764474932,1.0,2544559.369123925,1443931.992447061,-0.006844200137852545,40126.07796702115,ACCUMULATING_PRE_EMA,0.0,,,,,-7.26502024632604,-0.13739223038561543,-7.26502024632604,-0.13739223038561543,,0.8239658004255278,-3.736663376770727,1,0.4100022880424998,MINER_BURN_ONLY,2952.0164739059983,2952.0164739059983,0.0,0.0024961663701160526,-0.20219561520775492,5Ft9E2ov...,681835.486004517,,,,False,3919107,1.0,238,5CDnZ6oe...,0.179995422293431,1.9415579418768034,1.5920864002215234,0.228628109262933,,COUNTER,1006063.212287121,28041.129768459,0.0,DIVERGENT,-0.9786586556826897,2.277848418689829,1295.967040512703,168606.928868796,0.052863905290208346,168606.928868796,0.052863905290208346,0.0,FORTRESS,True,True,0.5286390529020857,,,9411.433481121994,0.002950798828548058,30.0
72,118,118,80,99,Thirty Spokes,2026-09-10,9038254,0.002851517,0.0028934224974364042,-0.014483020531406253,IN BAND,False,True,0.0,662.122028481,386183.801872454,1.0,232199.920679751,31588.850197115,,2813.9201839614543,,,,,,,-8.479967140520047,-0.1762100831321094,-8.479967140520047,-0.1762100831321094,,6.805049790431026,4.132219084005889,1,0.4100022879411113,MINER_BURN_ONLY,2952.0164731760015,2952.0164731760015,0.0,0.0017145256359034989,-0.3987321008770073,5DebFXsw...,1081520.506989902,,,,True,8572056,1.0,0,5FWbrcGF...,0.179995422293431,1.976391361618128,1.6206499638665839,0.9838096836708223,,COUNTER,81007.022043668,0.012273672,0.0,DIVERGENT,-0.9786586556774123,2.2778484181265455,1295.967040512703,0.0,0.0,0.0,0.0,0.0,EXPOSED,False,,,,,50593.02264937299,0.13100762487724044,30.0
73,119,119,81,95,Actual,2026-09-10,9038254,0.040521005,0.041453199461102486,-0.02248787725003493,IN BAND,False,True,0.0,26743.140274194,2919451.455025091,1.0,659982.151331077,576451.685136916,-0.0011390409750780188,9846.247768081375,ACCUMULATING_PRE_EMA,0.0,,,,,-5.298707252554679,-0.2736025065420916,-5.298707252554679,-0.2736025065420916,,0.9001691038487961,-0.33840570675379317,1,0.41000228793570487,MINER_BURN_ONLY,2952.016473137075,2952.016473137075,0.0,0.009160330523106492,-0.7739362455816067,5D5UhUuc...,463176.394679343,,,,False,5403674,1.0,0,5ExqqyEB...,0.179995422293431,2.3262973352561365,1.907574464016625,0.0,,COUNTER,1061427.206397461,14658.86980412,0.0,DIVERGENT,-0.9786586556769732,2.277848418096509,1295.967040512703,9024.997700073,0.0030913333683075185,9024.997700073,0.0030913333683075185,0.0,EXPOSED,True,True,0.03091333368307518,,UNDEFENDED_BURNER,15831.493767668004,0.005422763149706814,30.0
74,42,47,82,33,ReadyAI,2026-09-10,9038254,0.004528014,0.004533309256657958,-0.0011680775253046492,IN BAND,False,False,0.000417805,14350.33375314,2154204.469469021,1.0,3169233.505843794,902266.829044127,-0.0054386194078304825,4558.198057334404,ACCUMULATING_PRE_EMA,0.0,,,,0.07651331034441956,-4.013711720263335,-0.014211609891206563,-4.297633937616784,-0.2981338272446556,-0.283922217353449,1.219939906933608,0.3604355276978686,1,0.0,,0.0,0.0,0.0019836728465705278,0.006661546736404804,0.4711851015488918,5HinUfk5...,43265.984125101,,,,False,2943950,0.0,209,5E2LP6En...,0.0,0.5068545555624812,0.5068545555624812,0.4176801818986434,,COUNTER,584226.582883127,0.0,0.0,DIVERGENT,1.0,0.0,1295.967040512703,138809.800536348,0.06443668765136418,138808.045342108,0.06443587287529957,1.755194239987759,DORMITORY,True,True,0.6443587287529957,,,12579.032976794006,0.005839293880907483,30.0
75,43,42,83,81,Reliquary,2026-09-10,9038254,0.006531855,0.006526889745146036,0.0007607382762449839,IN BAND,False,False,0.000536473,18504.834804319,2564586.713128596,1.0,2833013.636815618,904439.961144287,-0.010295262693937652,5425.993315932341,ACCUMULATING_PRE_EMA,0.0,,,,0.07618825344341593,-2.429283500022713,0.009255649027647304,-2.7403354250100618,-0.3017962759597016,-0.3110519249873489,1.0247265130661325,0.3872401784307648,1,0.02329847914365577,MINER_BURN_ONLY,182.69776182400528,181.52660137539004,0.00039673456931410556,0.007215523152166902,0.10466676804168226,5GnpQR4N...,72643.295272538,,,,False,5203057,0.26955074875207996,221,5EkCFpEJ...,,10.870722640141334,10.870722640141334,0.0,,COUNTER,852195.662198564,0.0,0.0,DIVERGENT,-1.0,0.1400703842773467,1295.967040512703,501694.196711153,0.19562379939929003,497132.103099246,0.19384491877554164,4562.093611907039,DORMITORY,True,True,1.9384491877554202,0,,12586.213746528,0.004907696699080921,30.0
76,120,120,84,71,Leadpoet,2026-09-10,9038254,0.004560608,0.0046869185753166676,-0.026949598822107474,IN BAND,False,True,0.0,5376.802167121,4504477.679371879,1.0,1178966.048929468,1400700.45069806,-0.0022417272015353455,36931.20602999674,ACCUMULATING_PRE_EMA,0.0,,,,,-2.3408830528262023,-0.3278867856689743,-2.3408830528262023,-0.3278867856689743,,0.5834194743676603,-2.3982981469766225,1,0.3861708286922173,MINER_BURN_ONLY,2780.4299665839644,2780.4299665839644,0.0,0.001193657189543619,-0.7382679700724949,5DwHzMhB...,2470455.233134434,,,,False,5048438,1.0,0,5FNVgRnr...,0.0,0.6808148500612702,0.6808148500612702,0.5609931026063603,,COUNTER,957363.583162403,0.0,0.0,DIVERGENT,-0.9777381019504567,2.1454480551326265,1295.967040512703,63565.086413894,0.01411153322059701,63565.086413894,0.01411153322059701,0.0,FORTRESS,True,True,0.1411153322059701,,,13443.78507636299,0.0029845380604122873,30.0
77,121,121,85,100,Cortex,2026-09-10,9038254,0.004954375,0.0051181374583393335,-0.03199649475465035,IN BAND,False,True,0.0,2818.54263577,1941139.160654804,1.0,568899.727810437,383091.387577893,-0.001453934361040321,23677.61313055642,ACCUMULATING_PRE_EMA,0.0,,,,,-7.751509875474742,-0.38929068618157925,-7.751509875474742,-0.38929068618157925,,1.3538442030675932,-3.0839814030125616,1,0.4100022879374996,MINER_BURN_ONLY,2952.016473149997,2952.016473149997,0.0,0.0014520044172511679,-0.7069248053990326,5FX6kmhY...,1192039.327440302,,,ENTRY_REPEATED,False,6693448,1.0,0,5ExuWpCM...,0.179995422293431,1.2422064611863715,1.018614984629502,0.3742751632790087,,COUNTER,717640.805865181,1077.059572996,0.0,DIVERGENT,-0.9785577798190507,2.27784841810648,1295.967040512703,264956.497288605,0.13649536450505037,264956.497288605,0.13649536450505037,0.0,FORTRESS,False,True,1.3649536450505078,0,,24107.799846718994,0.01241940832237227,30.0
78,122,122,86,109,Finsight,2026-09-10,9038254,0.00273391,0.002827275777235627,-0.033023229635884936,IN BAND,False,True,0.0,1367.560354163,1586252.590915778,1.0,500221.346288477,68244.352293237,-0.000708007104294364,14516.201401589846,ACCUMULATING_PRE_EMA,0.0,,,,,-0.03459385929298047,-0.4017826272366,-0.03459385929298047,-0.4017826272366,,1.656734882609584,-1.6901091150110295,1,0.41000228793596355,MINER_BURN_ONLY,2952.0164731389377,2952.0164731389377,0.0,0.0008621327788492234,-0.6846520994293069,5FqZqKFx...,684777.168074577,,,,False,7257480,1.0,0,5DyQkk4x...,0.179995422293431,2.1766933169278344,1.7848984841441198,0.3833875078209648,,COUNTER,712528.310537213,1308.746301495,0.0,DIVERGENT,-0.9786586556771444,2.277848418097946,1295.967040512703,196992.122508028,0.12418710843164024,196992.122508028,0.12418710843164024,0.0,FORTRESS,False,True,1.2418710843164062,0,,21799.804973842998,0.01374295941181568,30.0
79,45,48,87,48,Quantum Compute,2026-09-10,9038254,0.004173615,0.004170069238170981,0.0008502884788009173,IN BAND,False,False,0.000308525,10669.085335162,3242890.539286969,1.0,2556317.099914461,691048.262499462,-0.0027008449742481964,2986.979642364662,ACCUMULATING_PRE_EMA,0.0,,,,0.07599561485630282,-1.1326316881441396,0.010345176492077826,-1.585554508694504,-0.44257764405828665,-0.4529228205503645,0.8103881300223694,0.5289184354066673,1,0.0,,0.0,0.0,6.103608758678547e-05,0.003289992432957008,-0.21171635789189758,5GNH5YMk...,9262.415177284,,,,False,3856677,0.9900047305855244,141,5EZ52JMq...,0.0,0.3234891765023525,0.3234891765023525,0.720791112196313,,COUNTER,695492.461656953,0.0,0.0,DIVERGENT,1.0,0.0,1295.967040512703,101862.559282014,0.03141103840785543,101862.559282014,0.03141103840785543,0.0,DORMITORY,True,True,0.31411038407855435,,,9003.511676473996,0.0027763846998220434,30.0
80,44,69,88,1,Apex,2026-09-10,9038254,0.007183805,0.007211313815787435,-0.0038146746196526557,IN BAND,False,True,4.375e-05,24075.362078723,2524428.851482185,1.0,3351338.435909227,834926.699425321,-0.002493990990679855,4193.240951126907,ACCUMULATING_PRE_EMA,0.0,,,,0.004775629110957839,-0.9606751649764267,-0.046411874539107306,-1.389901070239541,-0.47563777980222144,-0.4292259052631141,1.041027556968779,0.43400153437407196,1,0.25666509199569476,MINER_BURN_ONLY,1859.2883626649855,1859.2433180323465,1.5259021896696368e-05,0.009536954097394136,0.32756305292169496,5HCFWvRq...,24938.617430044,,,,False,1497824,0.653065584276864,226,5CAQAgXx...,0.0899977111467155,0.421556971085396,0.38361780856976824,0.03340454753547993,,COUNTER,876546.182634505,0.0,0.0,DIVERGENT,-0.9718100022567127,1.4346378109251938,1295.967040512703,192837.392404251,0.07638852340442435,192824.591394465,0.07638345255056429,12.80100978599512,FORTRESS,True,True,0.763834525505643,,,9927.884694741002,0.003932725094990091,30.0
81,62,21,89,58,greevils,2026-09-10,9038254,0.008458349,0.008194173220545053,0.03223946728299389,IN BAND,False,False,0.002666069,1019.756110457,503811.719507214,1.0,120562.075180234,22583.115930639,,-1250.7356589554402,,,,,,6.870691197780707,-5.045234609912426,0.39224685194309233,-5.9387537837599185,-0.5012723219044,-0.8935191738474924,5.216234355505837,7.7642103716282,1,0.0,,0.0,0.0,0.0,0.0020240817570786945,-0.760700136979605,5CLUzEqe...,773964.121712146,0.18762194928654985,,,True,8511017,0.0,1,5E2LP6En...,0.0,0.7850158141518887,0.7850158141518887,0.3614264786669108,,COUNTER,78931.873767343,0.045668707,0.0,DIVERGENT,1.0,0.0,1295.967040512703,32808.027617922,0.0651196197857645,32808.027617922,0.0651196197857645,0.0,DORMITORY,False,True,0.6511961978576448,,,45182.61502697999,0.0896815482402311,30.0
82,123,123,90,125,Refinery,2026-09-10,9038254,0.003056083,0.0031890864484012127,-0.04170581467551362,IN BAND,False,True,0.0,5727.818456804,2475162.668519765,1.0,1874234.6618749,241259.882737096,-0.00024021262101779379,76344.2669286197,ACCUMULATING_PRE_EMA,0.0,,,,,-1.5484192593094561,-0.507420745218749,-1.5484192593094561,-0.507420745218749,,1.061748398771559,-9.928040984863744,1,0.4100022881277578,MINER_BURN_ONLY,2952.0164745198563,2952.0164745198563,0.0,0.00231411798895199,-0.24278300394590396,5DTzv2rL...,74728.691585062,,,,False,5834408,1.0,0,5CFFokuo...,0.179995422293431,14.418638816666846,11.823349833964441,0.0,,COUNTER,1296769.479890883,0.0,0.0,DIVERGENT,-0.9785371735682289,2.277848419163497,1295.967040512703,225923.662897553,0.09127628893686544,225923.662897553,0.09127628893686544,0.0,FORTRESS,True,True,0.9127628893686546,,,11428.102391560993,0.0046171116496336794,30.0
83,56,18,91,28,SayGM,2026-09-10,9038254,0.021067929,0.020662994123995304,0.019597105510205635,IN BAND,False,False,0.002868747,22145.838222326,4993918.136570777,1.0,1051163.509492532,6517191.460363552,-0.0018433106521580824,-7494.3100119296,,0.0,,,,0.3404281671487874,1.1487558369046094,0.23843145037416855,0.3466368449401449,-0.5636875415902959,-0.8021189919644645,0.5262401040888096,1.1425471591132519,1,0.027176235181283512,,223.1683366461657,222.3124886260238,0.000289921416037231,0.004434561724220234,-0.789511265002828,5CA6rwAy...,2544155.681297661,0.06408383279955875,,,False,4878363,0.0002442151535503312,18,5DcbDPH9...,,0.25621673292694386,0.25621673292694386,0.00824075204492736,,COUNTER,1395340.886435968,33762.848582854,0.0,DIVERGENT,-0.5913669707554081,0.1715417766628338,1295.967040512703,434350.387578872,0.08697587259152223,434344.502651163,0.08697469417258383,5.884927708946634,DORMITORY,True,True,0.8697469417258382,,,24106.755545961998,0.004827222811168391,30.0
84,47,54,9,89,InfiniteQuant,2026-09-10,9038254,0.003317924,0.003319334704428911,-0.00042499613763838444,IN BAND,False,False,0.000131007,6432.375178245,2884312.530580446,1.0,1938674.346655719,187201.058751119,0.00022740814707736934,1592.4477887749672,,0.0,,0.06853928754165839,0.06853928754165839,0.0535239917541524,-1.6551019973401309,-0.0051707863412670104,-2.331874065439562,-0.6819428544406984,-0.6767720680994314,0.9111356595851057,0.7302960598535837,1,0.0,,0.0,0.0,0.0008392462043183002,0.0022301242011906848,-0.32785555028063185,5Dc5NmEU...,112254.767414362,,,,False,5313364,0.0,86,5FqfUHv8...,,0.4100399311702723,0.4100399311702723,0.0,,COUNTER,601037.833009041,0.0,0.0,DIVERGENT,1.0,0.0,1295.967040512703,6094.632142656,0.0021130276549571766,6094.632142656,0.0021130276549571766,0.0,NEITHER,True,True,0.021130276549571766,,,12391.875886828,0.004296301373531886,30.0
85,124,124,92,29,hoτfloaτ,2026-09-10,9038254,0.002787304,0.0029560462571680546,-0.05708376746773668,IN BAND,False,True,0.0,8327.368919343,2954108.715015765,1.0,2987606.016662045,206965.816883387,-0.011022358310089313,223867.4626349993,ACCUMULATING_PRE_EMA,0.0,,,,,-0.07477782169530178,-0.694519170857463,-0.07477782169530178,-0.694519170857463,,0.8896084245789091,-24.944851669281647,1,0.0,,0.0,0.0,0.0,0.002818910785853919,0.011339554585333651,5HHHHHzg...,35547.679669305,,,,False,3379782,1.0,19,5GRRRRhL...,0.179995422293431,13.345521023635577,10.94338833126043,0.0,,COUNTER,610829.352749762,0.0,0.0,OK,1.0,0.0,1295.967040512703,3165.974907187,0.0010717191588428406,3165.974907187,0.0010717191588428406,0.0,NEITHER,True,True,0.010717191588428404,,,8832.752636563002,0.002989989025003051,30.0
86,46,75,93,121,sundae_bar,2026-09-10,9038254,0.00412024,0.004150519380345941,-0.007295323204446043,IN BAND,False,True,8.591e-06,5967.609729304,2874937.179621246,1.0,1448364.378806157,551579.706787394,-0.0014768339828714987,2066.5380118533503,ACCUMULATING_PRE_EMA,0.0,,,,0.003783281585780436,-4.473655916500645,-0.08875976565409352,-5.116801566293738,-0.7319054154471861,-0.6431456497930926,0.9141069302760283,0.6469289313788731,1,0.24572591800557395,MINER_BURN_ONLY,1772.9610154449474,1772.9159708123084,1.5259021896696368e-05,0.0020757356966284017,-0.4962100031482628,5CXGaDJs...,1881970.734807593,,,,False,5766528,0.6005890072328868,15,5CsvRJXu...,0.0899977111467155,4.671923629669118,4.251461196346642,0.00566161546796075,,COUNTER,1299399.480907664,0.0,0.0,DIVERGENT,-0.965112480665208,1.3680255094380467,1295.967040512703,202885.709556554,0.07057048445951881,202885.709556554,0.07057048445951881,0.0,FORTRESS,True,True,0.7057048445951881,,,12221.661240578002,0.004251105494481839,30.0
87,48,73,94,60,Bitsec.ai,2026-09-10,9038254,0.00416789,0.004164745099842548,0.0007551242830131767,IN BAND,False,True,2.1231e-05,7112.801243465,3925300.791834994,1.0,1706571.280180478,939559.554778994,0.00042835187573598795,-876.8542595079634,DISTRIBUTING_PRE_EMA,0.0,,,0.10277427564930648,0.007844317040527824,-7.446945120431856,0.009187345443326982,-8.189341074423847,-0.7332086085486639,-0.7423959539919909,0.6695028328699025,0.7502402710325187,1,0.20395594292428898,SKIN_IN_GAME,1476.0082365550334,1475.9631919223943,1.5259021896696368e-05,0.0018120397953350009,-0.5652380952148447,5CXLwkK1...,128232.914442334,0.49422451701824827,BUYBACK_JUSTIFIED,,False,4796992,1.0,113,5CXLwkK1...,0.179995422293431,4.2012848937062195,3.445072845088556,0.0,,COUNTER,671796.486378681,0.0,0.0,DIVERGENT,-0.9583761725128888,1.1388894514929038,1295.967040512703,1060143.201381175,0.27007948119195746,1060143.201381175,0.27007948119195746,0.0,FORTRESS,True,True,2.7007948119195766,0,,9244.986857587013,0.0023552301716132126,30.0
88,50,20,95,75,Hippius,2026-09-10,9038254,0.01856928,0.01857486949302256,-0.000300916947204404,IN BAND,False,False,0.002728294,34288.936748577,3686115.944998815,1.0,1846540.997085179,1520885.931785467,-0.01292806119265099,-1716.8969919015653,,0.0,,,,0.20910408172098122,0.8051083094871216,-0.0036611561909869156,0.04705524792616034,-0.7617142177519483,-0.7580530615609613,0.7129455609136691,0.9671571432819425,1,0.0,,0.0,0.0,0.0014343480582894585,0.009302186165657363,-0.4990550971466119,5DAQpczE...,1558888.7794089161,0.026647506319905458,,,False,5102795,0.0,173,5GP7c3fF...,0.0009918364232852674,0.2895771391769613,0.2892899260229749,0.010087136992781822,,COUNTER,784604.879643725,0.0,0.0,DIVERGENT,1.0,0.0,1295.967040512703,552610.208546984,0.14991666480180715,552609.767120331,0.14991654504793625,0.4414266530657187,DORMITORY,True,True,1.4991654504793626,0,,26689.229644556002,0.00724047480947173,30.0
89,51,65,96,98,NeverPlayAlone,2026-09-10,9038254,0.002754335,0.0027561497408896685,-0.000658433343713234,IN BAND,False,True,6.3877e-05,5156.742513328,2927231.803650843,1.0,1872227.473281332,206232.127479772,-0.001032365332540136,754.3565679891035,ACCUMULATING_PRE_EMA,0.0,,,,0.03255325538673498,-1.5284107946630792,-0.00801093901517768,-2.2969106549697482,-0.776510799321847,-0.7684998603066693,0.8977765261781998,0.8010531156934042,1,0.0,,0.0,0.0,0.0,0.0017616447412523025,-0.36041013847178993,5EWzZCNs...,1642932.521200352,,,,False,5445992,1.0,153,5E2LP6En...,0.0,0.4161677473868959,0.4161677473868959,0.24214911343729972,,COUNTER,1255490.393926426,0.0,0.0,DIVERGENT,1.0,0.0,1295.967040512703,472535.208312945,0.16142732793610645,472535.208312945,0.16142732793610645,0.0,DORMITORY,True,True,1.614273279361067,0,,11800.247952507003,0.0040311969615080484,30.0
90,49,68,97,66,conjectures,2026-09-10,9038254,0.002649001,0.0026604391168802977,-0.004299334199277042,IN BAND,False,True,5.5649e-05,6304.920750234,3366125.173683401,1.0,2380112.35791191,1366002.079580103,-0.005772511456838813,216.569847099483,ACCUMULATING_PRE_EMA,0.0,,,,0.023195465540874923,-5.720404170008331,-0.05230856609120401,-6.466255758962043,-0.7981601550449157,-0.7458515889537116,0.780719629960848,0.7690470544945865,1,0.0,,0.0,0.0,0.0,0.0018730499981184018,-0.2929221249375134,5CJCRGep...,974178.694184906,,,,False,4958013,1.0,121,5Gn2SyG6...,,14.54455326445519,14.54455326445519,0.0,,COUNTER,876389.726869251,0.0,0.0,DIVERGENT,1.0,0.0,1295.967040512703,392806.591766313,0.11669399428081345,392806.591766313,0.11669399428081345,0.0,DORMITORY,True,True,1.1669399428081344,0,,11059.381094697,0.0032854931186635616,30.0
91,55,64,98,128,ByteLeap,2026-09-10,9038254,0.002888227,0.0028886087238788605,-0.0001321480045756196,IN BAND,False,True,7.6671e-05,4086.546256066,2880463.957316757,1.0,1414897.628486171,91142.956185154,-0.00022424396803000932,647.285614273278,ACCUMULATING_PRE_EMA,0.0,,,,0.049306033842369854,0.039476952468863805,-0.001607800722336705,-0.760586846869818,-0.8016716000610186,-0.8000637993386819,0.9123530233122809,0.8493698331810517,1,0.0,,0.0,0.0,9.15541313801782e-05,0.0014187111231458512,-0.5087951455526691,5GgMeLFN...,884939.406400073,,,,False,5856038,1.0,96,5HQTcjYx...,,6.638745931924245,6.638745931924245,0.0,,COUNTER,186014.794503201,289.843039317,0.0,DIVERGENT,1.0,0.0,1295.967040512703,3774.579444572,0.0013104067610303096,3774.573941721,0.001310404850625916,0.005502850999619113,NEITHER,True,True,0.013104048506259161,,,12602.608875122001,0.004375201030760936,30.0
92,54,72,99,35,OxMarkets,2026-09-10,9038254,0.002313693,0.0023157752584666014,-0.000899162584533455,IN BAND,False,True,3.2289e-05,6964.667949056,2934262.40727886,1.0,3010194.93553171,795017.285979144,-0.005304274305624786,776.5782280918211,ACCUMULATING_PRE_EMA,0.0,,,,0.01218370963564766,-2.4323563229114846,-0.010939811445157035,-3.225996379235566,-0.8045798677692385,-0.7936400563240815,0.8956254196900959,0.8058237659597292,1,0.0,,0.0,0.0,1.5259021896696368e-05,0.0023735668397547333,0.025878039893250063,5EqZVDbW...,9248.54954318,,,,False,3037158,0.0,133,5FntQXN2...,,0.31717054646108617,0.31717054646108617,0.007126398193221529,,COUNTER,266886.343998939,0.0,0.0,DIVERGENT,1.0,0.0,1295.967040512703,89405.553208159,0.03046951526433889,89405.553208159,0.03046951526433889,0.0,DORMITORY,True,True,0.3046951526433903,,,8935.357410173003,0.0030451800725141568,30.0
93,58,10,100,3,Teutonic,2026-09-10,9038254,0.029377307,0.02935363817960024,0.0008063334519197198,IN BAND,False,False,0.004023191,80603.696935172,3261367.845217458,1.0,2743740.138616287,3459209.425310684,-0.03954664999786193,-373.3749931566417,,0.0,,,,0.13117197287493668,1.9331477318680408,0.009810390331689922,1.1152248774282998,-0.808112464108051,-0.817922854439741,0.8057968695109806,0.9490948273146776,1,0.0,,0.0,0.0,3.0518043793392735e-05,0.024714690510416068,-0.1587149049973822,5GsGUrd2...,3164939.189846303,0.0,,,False,4165565,0.2011658248516014,204,5E6yHkmZ...,0.179995422293431,0.3342808752253715,0.274111847924563,0.9819025238807336,,COUNTER,578475.334942498,0.0,0.0,DIVERGENT,1.0,0.0,1295.967040512703,387662.29194562,0.11886493960320868,387542.457536289,0.11882819599898548,119.83440933097154,DORMITORY,True,True,1.188281959989855,0,,19024.761517023,0.005833368825574622,30.0
94,59,30,101,34,BitMind,2026-09-10,9038254,0.011789529,0.011782229645177722,0.0006195223690335652,IN BAND,False,False,0.001711977,34603.712840525,2674070.272058433,1.0,2935122.55690283,632987.530419162,-0.0033068888932364145,843.1400962602347,ACCUMULATING_PRE_EMA,0.0,,,,0.13001713361610884,-1.4161324607990486,0.0075375221565750425,-2.2367817400280456,-0.8131117570724218,-0.8206492792289968,0.9827714804132768,0.9506664128451056,1,0.0,,0.0,0.0,0.001083390554665442,0.012940465028949265,0.09762358012345233,5DthmKBR...,2915731.432682157,1.4488211879779098,BUYBACK_GAMING,,False,3493948,0.6832763045337895,72,5E2LP6En...,0.0,0.34900362009743296,0.34900362009743296,0.0016785436345047534,,COUNTER,359469.273754254,70171.661546406,0.0,DIVERGENT,1.0,0.0,1295.967040512703,129596.575147316,0.048464162105790805,129596.575147316,0.048464162105790805,0.0,DORMITORY,True,True,0.4846416210579115,,,11137.400534887,0.004164961800466711,30.0
95,53,81,102,43,Graphite,2026-09-10,9038254,0.004601715,0.004610373405739665,-0.0018780270007816807,IN BAND,False,True,8.41e-07,13255.536470231,3087598.550119593,1.0,2880564.360900201,157637.671554877,-0.0008349041341164327,438.6203430420719,ACCUMULATING_PRE_EMA,0.0,,,,0.00016673395339098518,-0.9270720270147755,-0.022849328509510446,-1.7205948830248183,-0.8163721845195532,-0.7935228560100427,0.851146921253156,0.7936895899634336,1,0.3287360119760161,MINER_BURN_ONLY,2367.4219784089364,2367.3318891436584,3.0518043793392735e-05,0.0042931541309726194,-0.06705345051298933,5HjMs5JD...,2928597.309850693,,,,False,3408582,0.20078433766194126,123,5FNx9hg4...,,14.827282929502529,14.827282929502529,0.0,,COUNTER,927429.218307302,0.0,0.0,DIVERGENT,-0.9733884156905189,1.8266914320653618,1295.967040512703,3451.069241962,0.0011177195435035842,3451.069241962,0.0011177195435035842,0.0,EXPOSED,True,True,0.011177195435035842,,UNDEFENDED_BURNER,9576.689117328006,0.003101662655255836,30.0
96,57,23,103,56,Gradients,2026-09-10,9038254,0.016231187,0.016257630893960595,-0.0016265527328718883,IN BAND,False,False,0.002236509,51248.463765138,2805187.746372886,1.0,3157406.873540371,2848950.27866394,-0.009019599530651996,1022.3033875324763,ACCUMULATING_PRE_EMA,0.0,,,,0.11468725538653564,0.46676523968598044,-0.01978972491660797,-0.3445698516461511,-0.8311248162487396,-0.8113350913321316,0.9368356907297951,0.9260223467186672,1,0.0,,0.0,0.0,7.629510948348184e-05,0.018269174258087495,0.12555996416574425,5EJ1zbdw...,16283.004256067,0.004324612719986613,,,False,4312927,0.0,26,5HbScNss...,0.0899977111467155,0.4482159856969487,0.4078775728848543,0.005615748512131848,,COUNTER,841047.343861356,0.0,0.0,DIVERGENT,1.0,0.0,1295.967040512703,264724.185506575,0.09436950729906186,264724.185506575,0.09436950729906186,0.0,DORMITORY,True,True,0.9436950729906188,,,17671.64941732599,0.00629963161652031,30.0
97,52,46,11,67,Harnyx,2026-09-10,9038254,0.004705032,0.004730837419629097,-0.005454725525342729,IN BAND,False,False,0.000445331,3046.498165522,927618.351355979,1.0,647497.938105211,68242.160062837,0.00015566218436049352,4227.620482152561,,0.0,,0.033084192490187854,0.033084192490187854,0.38415577637463333,-6.3962466098005155,-0.0663658272250032,-7.165205847515927,-0.8353250649404149,-0.7689592377154117,2.833061674726926,1.153115014090045,1,0.02520056961967448,MINER_BURN_ONLY,201.18530845898204,198.61776439855632,0.000869764248111693,0.003284215066539675,-0.3019781658148818,5HEAv3TU...,1053500.132906622,,,,False,7236936,0.024527322154005993,246,5HGnF3Wr...,0.0,0.7269444760996485,0.7269444760996485,0.007797598156653899,,COUNTER,278956.309940392,6279.314248273,0.0,DIVERGENT,0.7253602725722733,0.1532583454591409,1295.967040512703,522.283347221,0.0005630368852206662,522.283347221,0.0005630368852206662,0.0,NEITHER,False,True,0.005630368852206662,,,29050.302659860015,0.031317084895307115,30.0
98,60,16,6,68,NOVA,2026-09-10,9038254,0.021743104,0.0217827211599797,-0.0018187424651282067,IN BAND,False,False,0.003093,44271.048192987,3709619.76467557,1.0,2036096.056414412,1685317.210366243,0.0020257665134935203,-2404.3869307111017,DISTRIBUTING_PRE_EMA,0.0,,0.09316822995895711,0.09316822995895711,0.18360541102543002,-0.9259745713577415,-0.022128033325726514,-1.754953453625618,-0.851106915593603,-0.8289788822678764,0.7084284014833082,1.0125842932933065,1,0.0,,0.0,0.0,0.0,0.01193412020675353,-0.45113079499810466,5EcdJLAe...,3123226.077934195,0.7123583169976789,BUYBACK_GAMING,,False,4972413,0.0,11,5E2LP6En...,0.0,0.17223959628867383,0.17223959628867383,0.0632716284890198,,COUNTER,682309.357738917,6247.123951755,0.0,DIVERGENT,1.0,0.0,1295.967040512703,564222.191090747,0.15209704144437883,564222.191090747,0.15209704144437883,0.0,DORMITORY,True,True,1.5209704144437883,0,,23431.671222462985,0.006316461715453533,30.0
99,63,87,104,101,Tag101,2026-09-10,9038254,0.004279172,0.004282609559595585,-0.0008026787284127595,IN BAND,False,True,3.8e-08,3848.189604611,2475277.161494572,1.0,899283.61296297,166058.737507509,0.0003527464605012477,778.405516008148,,0.0,,,0.08243334469875192,2.5950904259067792e-05,-1.6673698795253447,-0.009765924529021907,-2.607394497237033,-0.9497905422407104,-0.9400246177116884,1.0616992880155747,0.9400505686159475,1,0.367750867590332,MINER_BURN_ONLY,2656.7041502039647,2647.8303575740724,0.0030060273136491844,0.001554649986059526,-0.6366937374661439,5H8dNvi1...,1352905.122377579,,,,False,5481350,0.9024457436713704,0,5H6Dezn7...,0.179995422293431,1.1793005357698105,0.967031837823054,0.5810379820237751,,COUNTER,883657.417633018,6970.543419914,0.0,DIVERGENT,-0.9762870551164042,2.043130939909207,1295.967040512703,13574.61335476,0.005484078133118494,13574.61335476,0.005484078133118494,0.0,FORTRESS,True,True,0.05484078133118495,,,15146.005262435998,0.0061189128627886025,30.0
100,64,29,105,5,Hone,2026-09-10,9038254,0.012843561,0.012829289538785815,0.001112412434923914,IN BAND,False,False,0.001827127,33433.335223601,3142215.479747076,1.0,2603120.360390142,975113.107870023,-0.015845505017582865,-2467.4240622455254,,0.0,,,,0.14361982506042137,0.16726043490321044,0.013534351291574287,-0.8871866682696355,-1.0409127518812717,-1.054447103172846,0.8363525725522597,1.1980669282332674,1,0.0,,0.0,0.0,0.02046234836346983,0.0106400517211799,-0.17156529087377714,5GurNtB3...,,,,,False,2491604,0.0,176,5HbScNss...,0.0899977111467155,0.5149909351957217,0.4686429297668003,0.006500640908258561,,COUNTER,1488567.694632255,0.0,0.0,DIVERGENT,1.0,0.0,1295.967040512703,6649.821324041,0.0021162843117863636,6649.821324041,0.0021162843117863636,0.0,NEITHER,True,True,0.021162843117863636,,,13713.89397136799,0.004364402778790922,30.0
101,67,19,10,110,Green Compute,2026-09-10,9038254,0.013016234,0.0127516551874578,0.020748585862204995,IN BAND,False,False,0.002796699,7365.538708652,2916122.097278209,1.0,565873.265427076,397304.71264554,0.0008840356011466324,-9920.18678141397,DISTRIBUTING_PRE_EMA,0.0,,0.06791792473511404,0.06791792473511404,0.9978530101765096,0.5307940420918823,0.2524411279901608,-0.8134230123973544,-1.0917759264990758,-1.3442170544892367,0.9011968334429034,2.342070064665746,1,0.0,,0.0,0.0,0.0,0.0025257991479597846,-0.8059500814168074,5D53sX6A...,1589137.722020118,0.0,,,False,5606062,1.0,155,5FmpATto...,0.179995422293431,9.644435780392751,7.908481489319082,0.0,,COUNTER,653602.202903777,0.0,0.0,DIVERGENT,1.0,0.0,1295.967040512703,9205.92186508,0.003156905492288007,9205.92186508,0.003156905492288007,0.0,NEITHER,True,True,0.03156905492288007,,,18145.640379405988,0.006222524220210943,30.0
102,66,17,106,91,cascade,2026-09-10,9038254,0.008604576,0.008465539198368788,0.016423856575846017,IN BAND,False,False,0.002893346,4066.496698316,1182732.50870494,1.0,472597.005140379,175718.386055739,-0.00013977869327964234,-667.6818112866022,,0.0,,,,1.8698437136685289,-5.155801558260945,0.19982358833945987,-6.470257786363907,-1.1146326397635016,-1.3144562281029615,2.2219732531725103,3.1842999417714903,1,0.0,,0.0,0.0,1.5259021896585345e-05,0.0034382218028053556,-0.6004193811751612,5HEe7NjS...,539359.36732058,0.0,,,False,7633645,0.0,46,5GvF67op...,0.0,0.6924767115395686,0.6924767115395686,0.00526460355246292,,COUNTER,399376.775480423,9542.545852108,0.0,DIVERGENT,1.0,0.0,1295.967040512703,60171.178794212,0.050874714571004565,60171.178794212,0.050874714571004565,0.0,DORMITORY,False,True,0.508747145710048,,,32792.361609946995,0.027725932422246292,30.0
103,65,33,107,17,404—GEN,2026-09-10,9038254,0.010141693,0.010108789661899209,0.0032549236062163187,IN BAND,False,False,0.001401647,27151.521762911,3264583.480947604,1.0,2677217.840878424,669064.064236522,-0.008483605846616416,-3531.040729690343,,0.0,,,,0.1356656303895166,2.5048504274087864,0.03960157054229854,1.332751454308041,-1.1324974025584469,-1.1720989731007454,0.8050031544107353,1.307764603490262,1,0.0,,0.0,0.0,0.0,0.008316994165218831,-0.17992053543537248,5E7a4a7Q...,1063728.217573761,0.0,,,False,2840556,1.0,251,5EhrAFV5...,0.01998931868467231,0.30131087919863137,0.2952878800111711,0.43580900642444037,,COUNTER,340475.604612198,0.0,0.0,DIVERGENT,1.0,0.0,1295.967040512703,528185.836952819,0.1617927187450889,522175.14412665,0.15995153659696865,6010.692826169019,DORMITORY,True,True,1.5995153659696866,0,,19118.59745547201,0.0058563665371248195,30.0
104,61,74,108,92,MicroTensor,2026-09-10,9038254,0.003202054,0.0033215696457773447,-0.03598167689462202,IN BAND,False,True,8.654e-06,900.731826458,583289.517171152,1.0,281298.139654687,77835.628305448,-2.6195570558567144e-05,5793.536435570044,ACCUMULATING_PRE_EMA,0.0,,,,0.025249148894219146,0.7514599627144251,-0.43777706888456785,-0.0788863315076701,-1.268123363106663,-0.8303462942220952,4.505481279254463,0.8555954431163143,1,0.2044438692558188,MINER_BURN_ONLY,1476.0195064170111,1475.9744617843721,1.5259021896696368e-05,0.0015442276947242003,-0.5177383970650713,5E9LPDS2...,630986.628751233,,,,True,8352006,0.6499984740745262,0,5FeHbWK1...,0.179995422293431,1.6849103429511028,1.3816341942450494,0.48670135656844643,,COUNTER,215181.203915126,0.041020142,0.0,DIVERGENT,-0.9581147179876649,1.1388981475952162,1295.967040512703,50000.0,0.08572072449114275,50000.0,0.08572072449114275,0.0,FORTRESS,False,True,0.8572072449114275,,,40397.739064072994,0.06925846920752951,30.0
105,68,45,109,50,Synth,2026-09-10,9038254,0.004829906,0.00476869149133563,0.012836751711783426,IN BAND,False,False,0.00050031,11143.335468153,3388809.744613789,1.0,2307153.366083802,1223379.566927529,-0.0056701551055483215,-7524.567154713906,,0.0,,,,0.1179911242695388,-7.214828380611664,0.15618047916003167,-8.747461489423106,-1.3764526296514106,-1.5326331088114422,0.7754935207492754,1.650624233080981,1,0.0,,0.00711629498982802,0.0,0.0019378957808804387,0.0032882741457717826,-0.3191846496035777,5DxyiWpG...,2301591.103431962,0.9274477943092228,BUYBACK_GAMING,,False,4763204,0.053066903131115506,161,5HjAX7kW...,,9.529884028224052,9.529884028224052,0.0,,COUNTER,467621.599824755,0.0,0.0,DIVERGENT,0.9999667954118966,0.0,1295.967040512703,212500.00519846,0.06270638401468534,212500.00519846,0.06270638401468534,0.0,DORMITORY,True,True,0.6270638401468535,,,19719.244718919006,0.005818929419174679,30.0
106,69,25,3,61,RedTeam,2026-09-10,9038254,0.014233281,0.01395183871500194,0.020172415317232295,IN BAND,False,False,0.001939598,15460.513665129,4953444.400400439,1.0,1086222.727732346,641723.454612164,0.001606769924520486,-21428.623316992074,DISTRIBUTING_PRE_EMA,0.0,,0.11288823178018378,0.11288823178018378,0.329695613897798,5.87244909365692,0.24543105302632626,4.033019494458371,-1.5939985461722228,-1.839429599198549,0.5305399208251033,2.169125213096347,1,0.0,,0.0,0.0,0.00039673456931410556,0.003121164267813153,-0.7807136479766574,5ECEsYL8...,,,,,False,4457976,0.013112702071471083,69,5HbLhpEA...,,10.221703129412823,10.221703129412823,0.0,,COUNTER,808370.14496251,0.0,0.0,DIVERGENT,1.0,0.0,1295.967040512703,1021287.884224886,0.2061773185830701,1021287.884224886,0.2061773185830701,0.0,DORMITORY,True,True,2.061773185830701,0,,24213.708906341002,0.004888256927721557,30.0
107,70,26,110,124,Swarm,2026-09-10,9038254,0.011398997,0.01147315907292068,-0.006463962754226994,IN BAND,False,False,0.001919056,13017.944661656,3565152.419753154,1.0,1142025.510430738,299160.723423915,-7.80977163950547e-05,-13641.535912016872,,0.0,,,,0.3874097869577554,-1.2549787150456766,-0.07864488017642843,-3.100446052201719,-1.9241122173324707,-1.8454673371560424,0.7371353845740932,2.2328771241137977,1,0.0,,0.0,0.0,0.0001831082627603564,0.0036514412650434014,-0.6796699512208485,5HKYqfJr...,2287515.912945055,0.0,,,False,5813454,0.0,105,5HgiWPLV...,,0.34215367471044156,0.34215367471044156,0.007309629177475965,,COUNTER,897004.632666029,6243.286010635,0.0,DIVERGENT,1.0,0.0,1295.967040512703,1000000.110795789,0.2804929475820357,1000000.110795789,0.2804929475820357,0.0,DORMITORY,True,True,2.804929475820357,0,,17226.826023350004,0.004832002673406812,30.0
108,71,49,8,18,Zeus,2026-09-10,9038254,0.003991938,0.0039633631240576506,0.00720975470778847,IN BAND,False,False,0.000249274,10110.620426866,3171060.035464862,1.0,2532759.537981807,874673.920542701,0.00033872464815844845,-10985.428152729291,DISTRIBUTING_PRE_EMA,0.0,,0.08485218161165038,0.08485218161165038,0.0647924701296555,-5.281662640471913,0.08771868227809304,-7.353388853181965,-1.984007530431959,-2.071726212710052,0.8287449529837577,2.1365186828397076,1,0.03591450091308534,MINER_BURN_ONLY,274.9567830269807,274.7315598637855,7.629510948348184e-05,0.0031884039765219495,-0.20128920426070016,5GgvCi6h...,2152112.057454477,0.0,,,False,1604679,0.0068518235922477855,56,5HdrwVQQ...,0.179995422293431,0.41774523472715963,0.34255300479137607,0.027284796508522686,,COUNTER,338532.902021154,30745.295806132,0.0,DIVERGENT,-0.341158909042036,0.21198961954703552,1295.967040512703,472285.796249436,0.14893625190549292,375000.0,0.11825698530019374,97285.79624943598,DORMITORY,True,True,1.1825698530019373,0,,12934.361330183003,0.004078876207175589,30.0
109,73,12,111,8,Vanta,2026-09-10,9038254,0.027745351,0.027580977650359273,0.005959663639355703,IN BAND,False,False,0.003800191,78997.449110668,3156970.312918747,1.0,2847231.864256955,1400573.648687677,-0.008329727580013033,-12657.022571854759,,0.0,,,,0.1264205624413174,-0.45057881444914505,0.0725092409454944,-2.741677129638182,-2.2185890742435426,-2.291098315189037,0.8324436847713996,2.4175188776303544,1,0.01692114698069921,,141.9876753729768,138.51923865977014,0.0011749446860456203,0.02502318402786362,-0.09811254404878063,5F6tnxzA...,21216.25866154,0.07635517603288239,,,False,1477264,0.9506401051055638,31,5E2LP6En...,0.0,0.384654975926578,0.384654975926578,0.2850188466175281,,COUNTER,789448.753060163,0.0,0.0,DIVERGENT,-0.49938533672196167,0.1068848468591994,1295.967040512703,607572.507734569,0.19245429874595293,607571.159893335,0.1924538718045818,1.3478412340627983,DORMITORY,True,True,1.924538718045818,0,,15509.906716486004,0.004912908636808329,30.0
110,74,31,112,62,Ridges,2026-09-10,9038254,0.010998211,0.010974694974720478,0.0021427497833598494,IN BAND,False,False,0.001635165,30250.160812021,2705844.248684681,1.0,2750461.924824455,4381694.086479728,-0.02595581615076601,-10553.04416724993,,0.0,,,,0.14205589341172514,0.03617544011887278,0.0260701223642115,-2.273744271931435,-2.2838495896860964,-2.309919712050308,0.9712310681878599,2.451975605462033,1,0.05477410654485793,,453.3226003519958,453.0072879235224,0.00010681315327687457,0.01117956468733398,0.01648938062144637,5DhsVYew...,8251.081517413,0.10433579808379334,,,False,4474225,0.06644487852521064,107,5Hj8LMru...,,14.238110689366732,14.238110689366732,0.0,,COUNTER,186455.447066207,170981.9854291,203.43391152200638,OK,0.14440752016812267,0.349551550126079,1295.967040512703,148323.360208164,0.05481592677784925,148323.360208164,0.05481592677784925,0.0,FORTRESS,True,True,0.5481592677784961,,,13593.518826098001,0.005023762484742369,30.0
111,75,63,113,7,Allways,2026-09-10,9038254,0.003139739,0.0031278864480555058,0.0037893165692963215,IN BAND,False,True,8.9514e-05,6303.509885314,3226449.221226306,1.0,2007653.863655422,324388.232122782,-0.001063203871299582,-14331.674415480811,,0.0,,,,0.03731933419317256,-0.016668485314283527,0.04610335159310524,-2.4059001517336633,-2.3431283148262745,-2.38923166641938,0.8145177003595153,2.426551000612552,1,0.0,,0.0,0.0,4.57770656900891e-05,0.001953698773203741,-0.37775121651712423,5CAc19iE...,0.340322265,0.0,,,False,2627691,1.0,189,5EvkLKgQ...,,2.5239599107053947,2.5239599107053947,0.0,,COUNTER,36084.978602376,218791.184365212,319.74653689097613,DIVERGENT,0.2543751893331849,0.0,1295.967040512703,3211.260531444,0.0009952924441883721,3211.260531444,0.0009952924441883721,0.0,NEITHER,True,True,0.00995292444188372,,,10689.734671480002,0.003313157573084958,30.0
112,72,53,114,26,Perturb,2026-09-10,9038254,0.003381966,0.00341838039457798,-0.010652528500262324,IN BAND,False,False,0.000146565,1979.348449972,935434.80856027,1.0,585265.579898479,67277.404625973,-0.00014188253281285655,1154.058888276224,ACCUMULATING_PRE_EMA,0.0,,,,0.19459576205768553,-4.892779373108646,-0.12960576341985827,-7.1769452278055645,-2.4137716181167765,-2.2841658546969184,2.8093887205723735,2.478761616754604,1,0.0,,0.0,0.0,6.103608758678547e-05,0.002115966213635368,-0.37433841332663664,5FsVAEPM...,1563001.160056805,,,,False,8123781,0.7018052524759275,64,5CCutNmu...,,1.383962434968102,1.383962434968102,0.0,,COUNTER,93577.704880545,1668.571827101,0.0,DIVERGENT,1.0,0.0,1295.967040512703,39734.402140706,0.04247693348279536,36366.163827117,0.03887621402830653,3368.2383135889977,DORMITORY,False,True,0.3887621402830689,,,30226.008261010997,0.03231225520411403,30.0
113,79,22,115,38,ChronoLLM,2026-09-10,9038254,0.008494446,0.007997358916327357,0.06215640549254231,IN BAND,False,False,0.002504236,5027.775435544,1606727.280488929,1.0,591889.89767511,194372.956481843,-0.0014355570088288021,-12533.267413142952,,0.0,,,,1.3089550820974423,2.879177685145446,0.7562362668259314,-0.82639983195482,-2.9493412502743346,-3.705577517100266,1.6356229410633374,5.014532599197708,1,0.0,,0.0,0.0,6.103608758678547e-05,0.0031292027568076406,-0.6316177939317478,5GeWgtBA...,1567822.953625462,0.9271365211616107,BUYBACK_GAMING,,False,7284230,0.0,9,5DkrZxTv...,0.179995422293431,0.9973301894762566,0.8178153208554902,0.013031801257400964,,COUNTER,485297.062238848,10641.406258159,0.0,DIVERGENT,1.0,0.0,1295.967040512703,30827.29248266,0.019186387669523616,30827.29248266,0.019186387669523616,0.0,DORMITORY,False,True,0.19186387669524094,,,21536.052287998995,0.013403676248931025,30.0
114,125,125,116,70,SN70,2026-09-10,9038254,0.003365579,0.004504362121224403,-0.25281784425335063,DISCOUNT,True,True,0.0,418.562990408,189808.995917975,1.0,124365.7959495,12998.227292631,,14664.368793306829,,,,,,,-31.73412345004788,-3.0759504384157657,-31.73412345004788,-3.0759504384157657,,13.845497613483383,-13.922870554804632,1,0.38950217353944633,MINER_BURN_ONLY,2804.4156494840136,2804.4156494840136,0.0,0.0022051799409385205,-0.3447843770897904,5Cz1mjiJ...,509411.540001354,,,,True,8825571,1.0,1,5E2LP6En...,0.0,1.9211783649069503,1.9211783649069503,0.9530930509353922,,COUNTER,84870.473602879,0.0,0.0,DIVERGENT,-0.97753542702861,2.1639559971946096,1295.967040512703,0.0,0.0,0.0,0.0,0.0,EXPOSED,False,,,,,34113.51756440201,0.17972550457589478,30.0
115,78,58,117,54,Yanez,2026-09-10,9038254,0.004526222,0.004414919065311551,0.0252106398875954,IN BAND,False,True,9.8491e-05,8478.264114361,3961631.396620548,1.0,1873143.727773789,881053.732402506,-0.0018134332739084883,-31940.25362111139,,0.0,,,,0.030529167823584388,7.768870059009064,0.306729451965744,4.148997590251142,-3.3131430167921785,-3.6198724687579227,0.6633630787159562,3.650401636581507,1,0.12516877593672043,MINER_BURN_ONLY,923.1231379860546,920.8258617214632,0.0007782101167315147,0.0021400941343491333,-0.5271787079049297,5FUfruyV...,3509768.016504091,0.017439349681961338,,,False,4742549,0.30219595626412565,59,5DUB7kNL...,0.01998931868467231,0.3465371052137121,0.33961006458153137,0.8268758297599609,,COUNTER,589541.145035687,0.0,0.0,DIVERGENT,-0.9260741487275173,0.7105318522276395,1295.967040512703,644081.425659809,0.16257984683008112,644081.425659809,0.16257984683008112,0.0,FORTRESS,True,True,1.625798468300811,0,,11814.709396093001,0.0029822838657254905,30.0
116,80,14,118,93,Bitcast,2026-09-10,9038254,0.022084846,0.021008017472922802,0.051257979410247644,IN BAND,False,False,0.003507509,25426.030921658,3895640.715131019,1.0,1151288.593439604,1011554.55875409,-0.0033716791650470626,-38026.81552193104,,0.0,,,,0.3625313632474306,11.386428871974253,0.6236387494913463,7.358898775933015,-3.403891346549892,-4.027530096041239,0.6746001985739115,4.3900614592886695,1,0.014459570396545919,,120.68852276494727,120.64347813230822,1.5259021896696368e-05,0.006526790528423478,-0.7044674647754628,5EbY1Seb...,2365488.110641318,0.1789753739602125,,,False,5370681,0.8075960570085757,158,5HVydkt4...,0.179995422293431,11.352939092665755,9.309462026409781,0.0,,COUNTER,1087290.114394578,0.0,0.0,DIVERGENT,-0.40271460894116734,0.09309147097180799,1295.967040512703,427930.957620956,0.10984867160845549,427930.957620956,0.10984867160845549,0.0,DORMITORY,True,True,1.098486716084555,0,,25300.859468230996,0.006494659368858166,30.0
117,76,56,119,88,Investing,2026-09-10,9038254,0.003186215,0.0032014583703130484,-0.004761383266576028,IN BAND,False,False,0.000114055,6312.159827094,3226301.298463949,1.0,1981084.055737861,716618.558208058,-0.0006446650318909965,-22412.457939954707,,0.0,,,,0.047485575177204135,-8.009861392452352,-0.057930163076675,-11.361860658186092,-3.4099294288104143,-3.351999265733739,0.8145550452002726,3.3994848409109433,1,0.0,,0.0,0.0,0.0006561379415579438,0.0019564694190524726,-0.38595812929997736,5FhMsGJS...,3034168.441961755,1.1945143405910215,BUYBACK_GAMING,,False,5299805,0.40562206070970497,170,5DjtmV76...,0.0,0.296874543440917,0.296874543440917,0.005035938286865358,,COUNTER,175269.313011837,0.0,0.0,DIVERGENT,1.0,0.0,1295.967040512703,1137340.414611372,0.35252145084926284,1137340.414611372,0.35252145084926284,0.0,DORMITORY,True,True,3.525214508492631,0,,10019.587235424002,0.003105595636772782,30.0
118,77,37,120,111,Claims,2026-09-10,9038254,0.005937688,0.005907345796003938,0.005136351424795117,IN BAND,False,False,0.000993224,6439.998266974,3659082.571479772,1.0,1084596.806139077,207772.614745101,-0.0020882893709760026,-31634.675277830334,,0.0,,,,0.4053095301881916,-3.3183420135855797,0.06249227566834059,-6.841985092840649,-3.4611508035867287,-3.5236430792550695,0.7182128166452414,3.928952609443261,1,0.0,,0.0,0.0,3.0518043793392735e-05,0.0017600035367252168,-0.7035877370577206,5CGTryXj...,2772551.61087678,0.0,,,False,5615562,0.0,0,5EyBH8Ek...,0.0,0.33134084949732895,0.33134084949732895,0.8526216199719221,,COUNTER,734491.272679149,0.371911999,0.0,DIVERGENT,1.0,0.0,1295.967040512703,1221.604957048,0.0003338555315940766,1221.604957048,0.0003338555315940766,0.0,NEITHER,True,True,0.0033385553159407657,,,11614.766348355,0.003174229091981891,30.0
119,81,41,5,96,Verathos,2026-09-10,9038254,0.007599646,0.007544118911027908,0.007360314653964777,IN BAND,False,False,0.000700374,3383.562303044,850630.591716137,1.0,445226.320780976,93996.288487916,0.0007914143622985852,-3479.9634555436205,DISTRIBUTING_PRE_EMA,0.0,,0.10413831937679534,0.10413831937679534,0.5439778278485168,-1.3343536231786395,0.08955049495657146,-5.704010848895518,-4.2801067307603065,-4.369657225716878,3.089472710707525,4.913635053565395,1,0.11431322660722376,SKIN_IN_GAME,900.7989594009996,898.9070848301596,0.0006408789196612474,0.003977710578475321,-0.4765926493845475,5CGq1JQh...,716367.355812778,0.29362743177736805,BUYBACK_GAMING,,False,7692872,0.3466630021529018,0,5GpKXttD...,0.179995422293431,1.1907030405408727,0.976381943932646,0.4881123149702426,,COUNTER,258177.034564433,7897.141864024,0.0,DIVERGENT,-0.9506365139179218,0.6936187856093463,1295.967040512703,184367.512774713,0.21674216113337016,184367.512774713,0.21674216113337016,0.0,FORTRESS,False,True,2.1674216113337055,0,,32631.520500273997,0.038361564723930625,30.0
120,82,79,121,16,trav,2026-09-10,9038254,0.001471721,0.001479458762332797,-0.005230130457030221,IN BAND,False,True,5.462e-06,407.643184089,437646.114895226,1.0,276983.96356278,51390.418536686,0.000900611716787907,1605.2329084347584,,0.0,,,0.6119445987302667,0.03521250093284054,-6.923152588024168,-0.06363325389386769,-11.585234067803846,-4.725714733673547,-4.662081479779679,6.004851661094151,4.697293980712519,1,0.0,,0.0,0.0,0.0,0.0009314447683069028,-0.3671050638627139,5FkKY8WJ...,658533.089699063,,,,True,8460646,1.0,1,5E2LP6En...,0.0,0.9497893485555704,0.9497893485555704,0.4195684682760094,,COUNTER,63578.799840379,0.04568655,0.0,DIVERGENT,1.0,0.0,1295.967040512703,7333.737256624,0.016757231486859474,0.0,0.0,7333.737256624,NEITHER,False,False,0.13220564884067357,,,42896.43382460201,0.09801625643328643,30.0
121,83,51,122,40,Ralph,2026-09-10,9038254,0.003828277,0.0038269609212875366,0.00034389656427971963,IN BAND,False,False,0.000224455,1775.360122219,425806.876989062,1.0,463749.083068106,79445.092282485,-1.8552276038102824e-06,-380.2906807701802,,0.0,,,,0.33225244423240274,-14.060728835086024,0.004184074865403255,-20.678399471792506,-6.613486561841079,-6.617670636706483,6.171812016243005,6.949923080938885,1,0.0,,0.0,0.0,0.0,0.00416940218244668,0.08910671365908998,5HeKCDfd...,781387.428590183,13.465612208011759,BUYBACK_GAMING,,True,8409860,1.0,6,5E2LP6En...,0.0,0.8718035946365992,0.8718035946365992,0.22734278433107993,,COUNTER,22349.634720453,0.042920633,0.0,DIVERGENT,1.0,0.0,1295.967040512703,22427.898380107,0.05267152691073874,22427.898380107,0.05267152691073874,0.0,DORMITORY,False,True,0.5267152691073874,,,41637.27499175401,0.09778441176473432,30.0
122,84,2,2,51,lium.io,2026-09-10,9038254,0.096936383,0.09406800055876374,0.030492648128992564,IN BAND,False,False,0.013566205,164677.247071113,4157105.57204854,1.0,1698817.773513833,2007438.090096588,0.015805744069074572,-73259.98623757716,DISTRIBUTING_PRE_EMA,0.0,,0.1630527525364194,0.1630527525364194,0.21649613030392906,7.9304781066705194,0.3709938855694095,0.857510925710554,-6.701973295390556,-7.0729671809599655,0.632170618343227,7.289463311263894,1,4.963214453784149,MINER_BURN_ONLY,40737.931337682996,40736.26468627535,0.0005645838101777656,0.039613438777780015,-0.5913460194014046,5FqACMtc...,216.588029224,0.0,,,False,3966206,0.8179791749366393,189,5GP7c3fF...,0.0009918364232852674,0.2981883682127446,0.29789261412815116,0.17732336334503282,,COUNTER,1211884.876759297,47834.295633396,0.0,DIVERGENT,-0.9982548180487111,31.433102395998826,1295.967040512703,493196.132371542,0.11863930896720157,493196.132371542,0.11863930896720157,0.0,FORTRESS,True,True,1.1863930896720163,0,,13007.494321178,0.003128978587562827,30.0
123,85,59,123,55,NIOME,2026-09-10,9038254,0.003217796,0.0031311081256717443,0.027686004714276014,IN BAND,False,True,9.6842e-05,7196.056252402,3227917.503407114,1.0,2236330.180259644,559979.033232857,-0.002858824195392448,-57903.85547542712,,0.0,,,,0.035366701853539455,-2.1596952977433137,0.33684639069035816,-9.620866517783385,-7.124324829349714,-7.461171220040072,0.8141472008581717,7.496537921893611,1,0.007983561865361215,MINER_BURN_ONLY,59.39179012499517,59.21161159443898,6.103608758678547e-05,0.002229318514121398,-0.3071908492268007,5GeWUxaF...,1239873.593327713,0.02521418436524727,,,False,4703386,0.020051578642169443,142,5E2LP6En...,0.0,0.3045690175342807,0.3045690175342807,0.6036898004028566,,COUNTER,321003.046939779,0.0,0.0,DIVERGENT,0.8344326587177493,0.0456891338617794,1295.967040512703,14841.866940702,0.004597969720426929,14841.866940702,0.004597969720426929,0.0,NEITHER,True,True,0.045979697204269296,,,13403.829298941004,0.0041524695983689375,30.0
124,86,28,124,90,KubeTEE,2026-09-10,9038254,0.031949501,0.029753252863883972,0.07381539578759622,IN BAND,False,False,0.001850888,2208.146399058,283736.009298528,1.0,69113.64076071,67623.042562212,,-2935.8161664694053,,,,,,2.2028130318148516,3.763036342890769,0.8980873154157539,-4.8846604929498465,-7.749609520424862,-8.647696835840616,9.262130691473123,10.850509867655468,1,0.0,,0.0,0.0,1.5259021896696368e-05,0.007782397463463075,-0.7564156803743797,5C9y6fnL...,577306.801231585,1.1515302358755075,BUYBACK_GAMING,,True,8618670,0.7594378490554521,0,5EKtGWqs...,0.179995422293431,2.2779619799458386,1.8679392513971071,0.4610877128731002,,COUNTER,0.0,99776.271250831,2279.0267860670137,OK,0.03500152042151484,0.0,1295.967040512703,61353.987537697,0.21623616857578498,61353.987537697,0.21623616857578498,0.0,DORMITORY,False,True,2.16236168575785,0,,54004.82554116702,0.19033476108542416,30.0
125,87,78,125,22,Desearch,2026-09-10,9038254,0.0034542,0.003285161918029189,0.05145502297561612,IN BAND,False,True,6.754e-06,8065.526344515,3685665.654729034,1.0,2334990.94120512,268522.457273421,-0.0015173520545156394,-113216.58169962,,0.0,,,,0.0022006638180619965,2.7569085023500843,0.626036112869996,-9.563637884194346,-11.694510273674435,-12.32054638654443,0.7130326638901834,12.322747050362493,1,0.21198359868707706,SKIN_IN_GAME,1531.9693609890528,1529.26668303071,0.000915541313801782,0.002188349975306691,-0.3664669169976577,5DFuaMas...,1904596.145199959,0.5320639444972332,BUYBACK_GAMING,,False,2009702,0.5254524627720505,131,5E2LP6En...,0.0,0.38426727361411056,0.38426727361411056,0.13032000122079626,,COUNTER,1225656.417953585,0.0,0.0,DIVERGENT,-0.9590429360628109,1.1800197344723444,1295.967040512703,763677.586285475,0.20720207903438265,763677.586285475,0.20720207903438265,0.0,FORTRESS,True,True,2.0720207903438266,0,,9056.338685117,0.002457178576004831,30.0
126,126,126,126,59,SN59,2026-09-10,9038254,0.005121898,0.0,,N/A,False,True,0.0,530.317183326,0.0,0.0,103539.189297061,1.256492187,,,,,,,,,0.008359430196865953,,0.008359430196865953,,,,,,,,,,0.0,,,5GzrQ2fe...,526944.198128045,,,,True,8938771,1.0,0,5FKjMupT...,,0.0,0.0,0.0,,,0.0,0.0,,NO_ESTIMATE,,,,0.0,,0.0,,0.0,,False,,,,,0.0,,30.0
127,127,127,127,76,SN76,2026-09-10,9038254,0.004978013,0.0,,N/A,False,True,0.0,462.496323509,0.0,0.0,92907.810001659,1.919987945,,,,,,,,,87.99356103928217,,87.99356103928217,,,,,,,,,,0.0,,,5CLWmDjL...,662870.347586777,,,,True,9003844,1.0,0,5CqaQ34d...,,0.0,0.0,0.0,,,0.0,0.0,,NO_ESTIMATE,,,,0.0,,0.0,,0.0,,False,,,,,0.0,,30.0
128,128,128,128,86,SN86,2026-09-10,9038254,0.005989978,0.0,,N/A,False,True,0.0,709.206653217,0.0,0.0,118398.856999575,2.080993178,,,,,,,,,0.0,,0,,,,,,,,,,0.0,,,5F4XAWGz...,282595.806253816,,,,True,8693284,1.0,0,5F1N5GEH...,,0.0,0.0,0.0,,,0.0,0.0,,NO_ESTIMATE,,,,0.0,,0.0,,0.0,,False,,,,,0.0,,30.0
