combined_apy_rank,real_apy_rank,emission_rank,epr_rank,netuid,name,date,block,spot_price,moving_price,momentum_30d,ema_band,ema_lag_flag,low_emission,tao_emission,tao_reserves,alpha_outstanding,alpha_out_emission,alpha_in_pool,volume,ema_tao_inflow,pool_growth_real,pool_ema_divergence,flow_momentum,flow_price_divergence,emission_price_ratio,emission_price_ratio_raw,emission_apy,price_apy_7d,price_apy_30d,combined_apy_7d,combined_apy_30d,real_apy,gross_emission_rate,net_supply_delta,supply_days_gap,supply_defence,supply_defence_quality,burned_tokens,manual_burn,miner_burn_rate,liquidation_price,liquidation_haircut,owner_coldkey,owner_stake,owner_inflow_pct,owner_inflow_flag,large_entry_anomaly,immune,registered_at,vali_miner_share,best_validator_uid,best_validator_hotkey,best_validator_take,best_validator_raw_apy,best_validator_apy,best_validator_div_pct,best_validator_trust,burned_source,alpha_burned_cum,alpha_recycled_cum,recycled_tokens,recon_flag,recon_gap_relative,burn_coverage,owner_cut_emission,total_locked_alpha,locked_float_ratio,owner_locked_alpha,owner_lock_ratio,community_locked_alpha,commitment_class,gate_eligible,leader_is_owner,leader_pct_of_threshold,leader_blocks_to_threshold,governance_flag,basket_alpha,basket_share,ema_halving_days
1,84,84,14,35,SN35,2026-09-12,9052372,0.008723455,8.11913050711155e-05,106.44321688583676,PREMIUM,False,True,0.0,790.952302034,36685.778898953,1.0,90669.605781083,4070.588259032,,-2917342.2556186807,,,,,,,137.94733396755214,1295.0591387776806,137.94733396755214,1295.0591387776806,,71.6353878498407,-360.45127506355027,1,0.0,,0.0,0.0,0.0,0.021560188328359944,1.4715194069734923,5FjUeckL...,780682.96672935,,,,True,9046691,0.0,0,5CXfRtzx...,0.179995422293431,1.380183837268537,1.1317570646368187,1.0,,COUNTER,0.0,0.0,0.0,DIVERGENT,1.0,0.0,1295.967040512703,0.0,0.0,0.0,0.0,0.0,NEITHER,False,,,,,377.190861347,0.010281664248861427,30.0
2,85,85,15,36,Epago,2026-09-12,9052372,0.03049394,0.012757729971781373,1.3902324369185646,PREMIUM,False,True,0.0,1209.005334631,76237.632230272,1.0,39647.396151378,5904.148484171,,8540.279397349888,,,,,,,248.92745935013505,16.914494649175868,248.92745935013505,16.914494649175868,,34.471165002373844,-7.866029295273982,1,0.38950217354083333,MINER_BURN_ONLY,2804.415649494,2804.415649494,0.0,0.01585837990061469,-0.4799497900036962,5DCjvVt6...,573125.210036777,,,,True,8884359,1.0,2,5DRuprFQ...,0.179995422293431,7.611335446898494,6.241329908917039,0.16937772759178443,,COUNTER,8356.256630434,0.0,0.0,DIVERGENT,-0.879159444453907,2.1639559972023155,1295.967040512703,62992.022998329,0.8262589111905353,62992.022998329,0.8262589111905353,0.0,FORTRESS,False,True,8.262589111905381,0,,2147.375287088,0.028166867520255077,30.0
3,1,58,16,55,NIOME,2026-09-12,9052372,0.002843344,0.003017677692696452,-0.05777081267439005,IN BAND,False,True,9.4511e-05,6765.789895344,3098826.084639447,1.0,2379518.16453162,561600.818772475,-0.002858824195392448,92683.43535734247,ACCUMULATING_PRE_EMA,0.0,,,,0.03671040807384865,-10.105703645802238,-0.7028782208717456,-0.23591022332001899,9.166915201610474,9.86979342248222,0.8480630820253896,-9.833083014408372,1,0.00752511572538482,MINER_BURN_ONLY,56.29709270800231,55.98178027952898,0.00010681315327687457,0.0021833396617129642,-0.23212257760124544,5GeWUxaF...,1246753.775263844,,,ENTRY_REPEATED,False,4703386,0.020098278598461805,142,5E2LP6En...,0.0,0.323941154723812,0.323941154723812,0.5998626583244315,,COUNTER,321118.723338066,0.0,0.0,DIVERGENT,0.8975455974866147,0.043196916688083196,1295.967040512703,14841.866940702,0.004789512717177503,14841.866940702,0.004789512717177503,0.0,NEITHER,True,True,0.04789512717177503,,,13344.252261109998,0.004306228196301834,30.0
4,2,61,17,66,conjectures,2026-09-12,9052372,0.002633983,0.0027802225667983294,-0.05259994956689283,IN BAND,False,True,7.4433e-05,6287.892825629,3373460.712354411,1.0,2387218.139497052,1368550.151725185,-0.005772511456838813,69827.19191572024,ACCUMULATING_PRE_EMA,0.0,,,,0.031108978703121015,-5.910791893868834,-0.6399660530638628,0.7848293110659057,6.0556551518708766,6.6956212049347394,0.77902196707839,-6.6645122262316185,1,0.0,,0.0,0.0,0.0,0.0018639294664382039,-0.29235326635054065,5CJCRGep...,984310.453616219,,,ENTRY_PRE_EMA_PATTERN,False,4958013,1.0,121,5Gn2SyG6...,,13.495872952353793,13.495872952353793,0.0,,COUNTER,876389.726869251,0.0,0.0,DIVERGENT,1.0,0.0,1295.967040512703,392806.591766313,0.11644024497684599,392806.591766313,0.11644024497684599,0.0,DORMITORY,True,True,1.1644024497684597,0,,11082.876888943,0.0032853137575768656,30.0
5,3,79,18,43,Graphite,2026-09-12,9052372,0.00443688,0.004463649122044444,-0.005997138509888845,IN BAND,False,True,8.21e-07,13015.975096084,3048674.119372891,1.0,2933586.812382086,157923.625192193,-0.0008349041341164327,49006.064500614535,ACCUMULATING_PRE_EMA,0.0,,,,0.00016576460726704483,-2.737394967404579,-0.0729651852036476,2.2358875172351786,4.90031729943611,4.973282484639758,0.8620140746760355,-4.973116720032491,1,0.31166102690328784,MINER_BURN_ONLY,2244.465102395974,2244.375013130696,3.0518043793392735e-05,0.00426938878556209,-0.03774977336279318,5HjMs5JD...,2885875.150699189,,,ENTRY_PRE_EMA_PATTERN,False,3408582,0.19999084430744807,108,5ERVu5z1...,,18.692843794558538,18.692843794558538,0.0,,COUNTER,932038.027996435,0.0,0.0,DIVERGENT,-0.8629507366044731,1.731814886467166,1295.967040512703,3451.069241962,0.0011319902051951298,3451.069241962,0.0011319902051951298,0.0,EXPOSED,True,True,0.011319902051951295,,UNDEFENDED_BURNER,9591.88530473799,0.0031462481489202367,30.0
6,6,82,19,2,DSperse,2026-09-12,9052372,0.003090258,0.0031118891201913357,-0.006951121764263205,IN BAND,False,True,1.18e-07,7769.608832058,3219241.368399157,1.0,2514225.963132523,710748.439976875,-0.002026472196230547,46437.27707537869,ACCUMULATING_PRE_EMA,0.0,,,,3.991243403663865e-05,-2.4428643206315837,-0.08457198146520233,1.9838144960324442,4.342106835198826,4.426678816664028,0.8163413982552151,-4.426638904229991,1,0.3390513123541204,MINER_BURN_ONLY,2441.8485699049197,2441.262989680612,0.00019836728465705278,0.0024134906156234007,-0.21900028553492917,5EcYQ3W7...,2524863169378057.0,,,,False,2734060,0.8234486126797106,14,5CFxLBvp...,0.179995422293431,0.6927719613171214,0.5680761795867977,0.800085453130484,,COUNTER,715814.468631652,0.0,0.0,DIVERGENT,-0.8832710697582806,1.8837384851352497,1295.967040512703,1144508.261830867,0.35552110912391777,1144508.261830867,0.35552110912391777,0.0,FORTRESS,True,True,3.5552110912391774,0,,9893.230355674004,0.003073155822607251,30.0
7,4,69,20,84,SN84,2026-09-12,9052372,0.002211211,0.0022944186348468065,-0.03626523668483119,IN BAND,False,True,3.5115e-05,1399.506362443,726558.302337582,1.0,632913.901058007,68612.66117365,-0.004139727322791386,15320.418891818612,ACCUMULATING_PRE_EMA,0.0,,,,0.06593912144773013,-5.212258828502758,-0.4412270463321128,-0.4550428471395902,4.315988935031055,4.757215981363168,3.6170531553281293,-4.691276859915438,1,0.0,,1.8800346879288554e-07,0.0,0.0002746623941405346,0.0019262134338570189,-0.12888754901408367,5G1hDNpP...,217674.37229595007,,,,False,8085297,0.33414228368209786,19,5EszqN7J...,0.179995422293431,2.5383583869739756,2.0814654971785225,1.0,,COUNTER,43139.508394529,55981.555176504,1158.4889897300018,OK,0.20317287648264368,0.0,1295.967040512703,660.436412233,0.0009089930018116294,660.436412233,0.0009089930018116294,0.0,NEITHER,False,True,0.009089930018116293,,,3044.267176087,0.004189983331403096,30.0
8,5,70,21,92,MicroTensor,2026-09-12,9052372,0.002697793,0.0028668444138020277,-0.0589677671338399,IN BAND,False,True,3.5059e-05,827.17149768,572206.416581249,1.0,306610.392929394,78462.056592868,-2.6195570558567144e-05,14261.814815805643,ACCUMULATING_PRE_EMA,0.0,,,,0.11138567063591376,-17.032805210565055,-0.7174411667950521,-12.355661107745638,3.959702936024365,4.677144102819417,4.592748217857225,-4.565758432183504,1,0.07687018896302336,MINER_BURN_ONLY,560.8831311670074,560.6579080038122,7.629510948348184e-05,0.0014455823522953241,-0.4641611301180913,5E9LPDS2...,645889.743570568,,,ENTRY_REPEATED,True,8352006,0.20001526018617422,0,5FeHbWK1...,0.179995422293431,1.168535375816722,0.958204357381778,0.5004806738589718,,COUNTER,216953.036717295,0.041020142,0.0,DIVERGENT,-0.5005331622842453,0.43261741269439064,1295.967040512703,50000.0,0.08738105437323487,50000.0,0.08738105437323487,0.0,FORTRESS,False,True,0.8738105437323487,,,40611.43258634999,0.07097339598005623,30.0
9,7,18,22,58,greevils,2026-09-12,9052372,0.007930467,0.008138053119182587,-0.02550808112732462,IN BAND,False,False,0.002838865,1026.154342109,513890.240975352,1.0,129393.927159004,23243.866536368,,4878.018651321108,,,,,,7.270385081319012,-7.7830822797667505,-0.3103483203824495,-3.6924536345604473,3.7802803248238535,4.090628645206303,5.113932490743774,3.1797564361127084,1,0.0,,0.0,0.0,0.0,0.0019968356280932334,-0.748207056647076,5CLUzEqe...,747794.256197996,,,,True,8511017,0.0,36,5C5nmRa4...,0.0,0.7776842057640266,0.7776842057640266,0.012482451321491792,,COUNTER,78931.873767343,0.045668707,0.0,DIVERGENT,1.0,0.0,1295.967040512703,32808.027617922,0.06384248036244687,32808.027617922,0.06384248036244687,0.0,DORMITORY,False,True,0.6384248036244686,,,45214.26563066498,0.087984285408591,30.0
10,8,35,23,105,Beam,2026-09-12,9052372,0.005605369,0.005758195882663131,-0.026540757865369708,IN BAND,False,False,0.00105126,4680.15905563,2027814.615644487,1.0,834942.180200433,541690.226858233,-0.0010888053840733777,19512.642407087726,ACCUMULATING_PRE_EMA,0.0,,,,0.5903028608988395,-10.645364342590907,-0.32291255402866476,-8.02444603751368,2.298005751048562,2.6209183050772267,1.295976456489224,-2.030615444178387,1,0.0,,0.0,0.0,0.001785305561913475,0.002307981715647382,-0.5882551682775243,5G3ic2pA...,1971067.408908563,,,,False,6841399,0.0,131,5GbBrQUY...,0.0,0.5038566760658774,0.5038566760658774,0.012589461476247883,,COUNTER,452240.813141888,1869.377328683,0.0,DIVERGENT,1.0,0.0,1295.967040512703,183688.197023361,0.09058431456515594,183688.197023361,0.09058431456515594,0.0,DORMITORY,False,True,0.9058431456515619,,,16326.227603604006,0.008051144062996679,30.0
11,12,8,24,80,OpenRoboto,2026-09-12,9052372,0.017428405,0.017284860368818045,0.008304645112488811,IN BAND,False,False,0.004820354,3514.535215529,2039632.16571716,1.0,201655.625626839,253163.418729643,-0.0002903473733555673,873.033457844198,ACCUMULATING_PRE_EMA,0.0,,,,3.604428334087202,8.878966149599693,0.10103984886861386,11.027011276009269,2.2490849752781896,2.148045126409576,1.2884676189032165,1.4563832076776257,1,0.008385076653903135,,77.20554764501867,77.07041374710153,4.57770656900891e-05,0.0017231220778935136,-0.9011313956788636,5CG1eFia...,291832.91831877,0.06845447300548502,,,False,7151800,0.8444118903741683,0,5HTwtytU...,0.179995422293431,1.9445961368227866,1.5945777339851945,0.12316496261254388,,COUNTER,257774.86775137,2501.379452446,0.0,DIVERGENT,0.6364333052069824,0.05946942425064403,1295.967040512703,351458.923720304,0.17231485638819913,351458.923720304,0.17231485638819913,0.0,DORMITORY,False,True,1.7231485638819928,0,,21401.41438629101,0.010492781368137527,30.0
12,10,16,25,91,cascade,2026-09-12,9052372,0.008289864,0.008433775277808309,-0.01706368418269116,IN BAND,False,False,0.003011777,4033.225003727,1187689.607603646,1.0,486524.872843132,177825.901637268,-0.00013977869327964234,10804.05312022561,ACCUMULATING_PRE_EMA,0.0,,,,1.9624369948827545,-5.985706295393468,-0.20760815755607576,-3.563105283853745,2.2149928539836474,2.422601011539723,2.2126993308482428,-0.46016401665696877,1,0.0,,0.0,0.0,1.5259021896585345e-05,0.003395857788016414,-0.5903602534352296,5HEe7NjS...,539203.159080015,,,,False,7633645,0.06451612903225801,1,5E2LP6En...,0.0,0.6569937966652615,0.6569937966652615,0.5058064122323785,,COUNTER,399376.775480423,9542.545852108,0.0,DIVERGENT,1.0,0.0,1295.967040512703,59370.435612224,0.04998817471512052,59370.435612224,0.04998817471512052,0.0,DORMITORY,False,True,0.49988174715121025,,,34028.391014671004,0.028650912491630477,30.0
13,9,37,26,111,Claims,2026-09-12,9052372,0.005341449,0.005587475840002298,-0.044031839608311814,IN BAND,False,False,0.000893276,6121.132573009,3611250.102483236,1.0,1145968.508811913,208941.156335381,-0.0020882893709760026,28906.591283096932,ACCUMULATING_PRE_EMA,0.0,,,,0.3835122503883316,-8.064393462557108,-0.5357207152344604,-5.463810975314848,2.0648617720078,2.6005824872422605,0.727725836045774,-2.217070236853929,1,0.0,,0.0,0.0,3.0518043793392735e-05,0.0016950176252815807,-0.682667076802272,5CGTryXj...,2799264.810439778,,,,False,5615562,0.0,145,5E2LP6En...,0.0,0.3497133909710268,0.3497133909710268,0.11067875236525666,,COUNTER,734491.272679149,0.371911999,0.0,DIVERGENT,1.0,0.0,1295.967040512703,1221.604957048,0.0003382775832136292,1221.604957048,0.0003382775832136292,0.0,NEITHER,True,True,0.0033827758321362924,,,11863.587341477001,0.0032851746638426224,30.0
14,11,7,27,44,Score,2026-09-12,9052372,0.037289453,0.038125177612528205,-0.02192054345350983,IN BAND,False,False,0.005169153,66775.446323675,4145583.655115454,1.0,1790732.835468326,2205301.355684987,-0.0010141890605900883,31329.158798718592,ACCUMULATING_PRE_EMA,0.0,,,,0.20343606567828587,-4.28003018723557,-0.26669994535103625,-2.0229008411116745,1.9904294007728596,2.2571293461238957,0.6339276248248356,-2.05369328044561,1,0.0,,0.0,0.0,0.0,0.0161076103822624,-0.5680384375104027,5CaCekux...,272657.595846645,,,ENTRY_PRE_EMA_PATTERN,False,3550319,1.0,124,5FLoWCDo...,0.179995422293431,1.5185856651104945,1.2452471970301802,0.006317717076148329,,COUNTER,507138.587209889,2206.282255223,0.0,DIVERGENT,1.0,0.0,1295.967040512703,245862.449528441,0.059307077116887603,245862.449528441,0.059307077116887603,0.0,DORMITORY,True,True,0.5930707711688761,,,18383.898801926996,0.004434574316029574,30.0
15,14,51,28,79,MVTRX,2026-09-12,9052372,0.003319512,0.0033461437560617924,-0.007958939604297268,IN BAND,False,False,0.000151838,7218.966656388,2944009.417368597,1.0,2174706.825532554,486744.364903,-0.0051205686723918425,20666.80383013934,ACCUMULATING_PRE_EMA,0.0,,,,0.05527526071157312,-15.363734582287204,-0.09683376518561676,-13.577458031811092,1.6894427852904954,1.7862765504761122,0.8926601880061066,-1.731001289764539,1,0.0,,0.0,0.0,0.0018158236057068677,0.002452086808485969,-0.2613110576235395,5Fxp7QBG...,3268338.788297178,,,,False,5173967,0.0,0,5EWwdZB7...,0.179995422293431,0.3296739071482781,0.2703341130119984,1.0,,COUNTER,444229.939659842,37317.847662374,0.0,DIVERGENT,1.0,0.0,1295.967040512703,1355085.827207694,0.46028583305922016,1355085.827207694,0.46028583305922016,0.0,DORMITORY,True,True,4.602858330592202,0,,12610.533593165002,0.004283455589091322,30.0
16,13,21,29,75,Hippius,2026-09-12,9052372,0.017120058,0.01746630109846592,-0.019823493051790448,IN BAND,False,False,0.002514623,32959.935527136,3623569.147942062,1.0,1925223.314747728,1524683.917261676,-0.01292806119265099,24847.257794206496,ACCUMULATING_PRE_EMA,0.0,,,,0.2004988522674525,-2.3409938160558084,-0.2411858321301171,-0.4444278085558806,1.6553801753698107,1.8965660074999278,0.7252517870377948,-1.6960671552324753,1,0.0,,0.0,0.0,0.0015411612115663331,0.009095986355291432,-0.46869418577370286,5DAQpczE...,1537304.067249484,,,ENTRY_REPEATED,False,5102795,0.0,157,5E2LP6En...,0.0,0.2936320631671856,0.2936320631671856,0.42063177170761484,,COUNTER,784604.879643725,0.0,0.0,DIVERGENT,1.0,0.0,1295.967040512703,552610.201930806,0.15250438983471604,552609.767120331,0.15250426983963458,0.43481047509703785,DORMITORY,True,True,1.5250426983963459,0,,29582.23279350299,0.008163838355424696,30.0
17,15,1,13,107,Minos,2026-09-12,9052372,0.053222566,0.05397018860094249,-0.013852510438131722,IN BAND,False,False,0.017114585,21613.869640786,1609443.579802012,1.0,406103.789788386,538755.232439099,0.001226016808458981,7225.592241575825,,0.0,,0.023035657627987743,0.023035657627987743,2.080938310793124,0.801103376745988,-0.16853887699726927,2.460867038693922,1.4912247849506648,1.6597636619479341,1.6328624581691065,0.42117464884518974,1,0.0,,0.0,0.0,0.00012207217517357094,0.013429404989421785,-0.7476746049895117,5DA2vLrS...,1308519.957348909,,,,False,7457580,0.0,2,5G9hfkx9...,0.009994659342336155,0.6132213447062043,0.6070924062644165,0.014573477796429117,,COUNTER,406798.248425295,11728.725039684,0.0,DIVERGENT,1.0,0.0,1295.967040512703,41164.694002343,0.025576972389058168,41164.694002343,0.025576972389058168,0.0,DORMITORY,False,True,0.2557697238905817,,,27282.74615355499,0.016951663603461772,30.0
18,17,20,30,38,ChronoLLM,2026-09-12,9052372,0.008438435,0.008496674709022045,-0.006854411992518083,IN BAND,False,False,0.002541488,5047.474296247,1618492.788720353,1.0,598153.001882356,195317.678598799,-0.0014355570088288021,9250.311505376478,ACCUMULATING_PRE_EMA,0.0,,,,1.323242095351754,5.073406573058141,-0.08339534590897,6.453139313465593,1.2963373944984826,1.3797327404074526,1.623732906513476,-0.056490645055698605,1,0.0,,0.0,0.0,6.103608758678547e-05,0.0031186263735149176,-0.6304259766751871,5GeWgtBA...,1575498.467690291,,,,False,7284230,0.5203186278249988,4,5E2LP6En...,0.0,0.5934123855023621,0.5934123855023621,0.13918178627561686,,COUNTER,485297.062238848,10641.406258159,0.0,DIVERGENT,1.0,0.0,1295.967040512703,30370.758858767,0.018764840393746436,30370.758858767,0.018764840393746436,0.0,DORMITORY,False,True,0.18764840393746646,,,21611.923402421995,0.013353116895571261,30.0
19,16,38,31,102,ConnitoAI,2026-09-12,9052372,0.007169369,0.007265648804605007,-0.013251370551241677,IN BAND,False,False,0.000877648,3761.448981059,975095.840709829,1.0,524655.532202844,229231.371558618,-9.995717380745074e-05,9433.111309884349,ACCUMULATING_PRE_EMA,0.0,,,,0.6131836309928198,-5.615716589117569,-0.1612250083734404,-4.168867868691006,1.285623712053123,1.4468487204265634,2.695119690067518,-0.8336650894337437,1,0.08683826249656093,MINER_BURN_ONLY,701.9097304689931,701.7745965710759,4.57770656900891e-05,0.0038575172039712756,-0.46194466989057537,5HBc11rC...,954007.472479333,,,,False,7840965,0.2501525972044192,0,5EEinUEy...,0.179995422293431,0.9410599666333838,0.7716734805357658,0.5830891778062627,,COUNTER,141667.925218269,7309.092357836,0.0,OK,0.20282479046075902,0.5415065157007727,1295.967040512703,2002.340459168,0.0020534806688441826,2002.340459168,0.0020534806688441826,0.0,EXPOSED,False,True,0.020534806688441824,,,30341.598426549994,0.031116529432083904,30.0
20,18,57,32,21,AdTAO,2026-09-12,9052372,0.003439813,0.003483818843960762,-0.012631496048379993,IN BAND,False,True,9.4788e-05,7513.510135421,3767805.464318814,1.0,2184278.493222007,591038.80448844,-0.0017317969702688176,20522.962529379874,ACCUMULATING_PRE_EMA,0.0,,,,0.033153993208267916,-1.835668701862537,-0.15368320192195659,-0.5067917702970572,1.1751937296435233,1.3288769315654798,0.6974882394771194,-1.295722938357212,1,0.056998249756294396,MINER_BURN_ONLY,422.23666952794883,421.69613393628026,0.0001831082627603564,0.0019941343061827574,-0.42027828077201945,5HjCYVfr...,1955843.057280005,,,ENTRY_REPEATED,False,3156578,0.7897074309784351,9,5H8xxVDT...,,15.895230819839021,15.895230819839021,0.0,,COUNTER,833575.01484043,0.0,0.0,DIVERGENT,-0.2927391582332856,0.3253910946450083,1295.967040512703,5839.628796876,0.001549875345788786,5839.628796876,0.001549875345788786,0.0,EXPOSED,True,True,0.015498753457887864,,UNDEFENDED_BURNER,9813.397411967004,0.002604539301431577,30.0
21,20,44,33,50,Synth,2026-09-12,9052372,0.00460483,0.004629610804840922,-0.005352675610444534,IN BAND,False,False,0.000502471,10887.728113797,3347197.651461283,1.0,2364414.640950814,1224292.159971277,-0.0056701551055483215,16499.67360465508,ACCUMULATING_PRE_EMA,0.0,,,,0.12128276663399241,-8.42451709261428,-0.06512421992707516,-7.342337995757093,1.0170548769301122,1.0821790968571874,0.7851343940961168,-0.960896330223195,1,0.0,,0.0017219320288859308,0.0,0.0018921187151903496,0.0032527891231770418,-0.29361363542692304,5DxyiWpG...,2258444.397454987,,,,False,4763204,0.11681521456635735,115,5H5sXrPq...,,13.892378492059786,13.892378492059786,0.0,,COUNTER,467621.607458249,0.0,0.0,DIVERGENT,0.9999946342852338,0.0,1295.967040512703,212500.00519846,0.06348594475909992,212500.00519846,0.06348594475909992,0.0,DORMITORY,True,True,0.6348594475909992,,,21442.902935999005,0.006406225496315611,30.0
22,19,25,34,118,Ditto,2026-09-12,9052372,0.007972063,0.008190738968551159,-0.02669795355349241,IN BAND,False,False,0.001925938,6472.950684011,2187152.432005872,1.0,811954.340140746,757779.129243384,-0.0019519015973399523,11777.764506985433,ACCUMULATING_PRE_EMA,0.0,,,,0.7819254789785758,-6.080123065796158,-0.324825101567491,-4.766404127259372,0.9888938369692957,1.3137189385367867,1.2015623426803497,-0.5317934595582108,1,0.0,,0.0,0.0,4.57770656900891e-05,0.0029595334048457492,-0.6287619145952874,5HGXqHbQ...,1439725.231676766,,,,False,5724794,0.7885613135567356,28,5DPQjF6B...,0.0,0.43194150444749,0.43194150444749,0.10853375656208034,,COUNTER,320927.826926128,1788.13704218,0.0,DIVERGENT,1.0,0.0,1295.967040512703,109463.765774483,0.050048530762024694,85858.251106122,0.039255723492203076,23605.514668361007,DORMITORY,True,True,0.39255723492203154,,,27480.06498669801,0.012564311743692966,30.0
23,21,11,35,114,SOMA,2026-09-12,9052372,0.012458486,0.01248176721855998,-0.0018652181339644327,IN BAND,False,False,0.003840587,6260.773909915,1641151.544404358,1.0,502531.064551059,219066.558298319,-0.00033109223172571404,6079.308909030631,ACCUMULATING_PRE_EMA,0.0,,,,1.6121110235295224,-3.0742945306296097,-0.022693487296567262,-2.0747024388655353,0.9768986044675071,0.9995920917640744,1.6013146433431962,0.612518931765448,1,0.0,,0.0,0.0,0.00013733119707015629,0.003814866415756441,-0.6937937390019588,5FHrQMjz...,1059535.554201716,,,,False,7312241,0.0,5,5E2LP6En...,0.0,0.5426037957568597,0.5426037957568597,0.2891391597613271,,COUNTER,373811.447473431,13816.272943106,0.0,DIVERGENT,1.0,0.0,1295.967040512703,146039.760277138,0.08898615169030104,146039.760277138,0.08898615169030104,0.0,DORMITORY,False,True,0.8898615169030102,,,32326.478462015995,0.019697436578746064,30.0
24,22,42,12,78,Umi,2026-09-12,9052372,0.004793048,0.004799320362508297,-0.001306927238551446,IN BAND,False,False,0.000570158,1615.122931602,993076.457026337,1.0,336972.053633422,155340.328586327,0.0001379181554245564,,,,,0.02877462429430216,0.02877462429430216,0.9277158999369781,-6.568740044694589,-0.015900948069042593,-5.641024144757611,0.9118149518679355,0.9277158999369781,2.6463219235599134,,,,,,,0.0019378957808804387,0.001626383266036047,-0.6606787025633696,5GvYz1tB...,911255.267911119,,,,False,7966145,0.5,210,5EtUYRu7...,0.09999237048905166,2.7216844343933437,2.4495367560751995,0.07095661727679184,,,82861.627732674,8107.779671713,,NO_ESTIMATE,,,,66812.696203515,0.06727850180194443,66812.696203515,0.06727850180194443,0.0,,False,True,0.6727850180194473,,,33645.492210063996,0.0338800622771905,30.0
25,86,86,36,70,SN70,2026-09-12,9052372,0.003787019,0.003529235254973173,0.07304238068674351,IN BAND,False,True,0.0,443.996608752,211051.086686162,1.0,117241.705181313,13350.34909674,,-7920.630388137884,,,,,,,-28.461191777892726,0.8886822983553794,-28.461191777892726,0.8886822983553794,,12.45196147181132,27.59725493050552,1,0.4100022879369458,,2952.01647314601,2952.01647314601,0.0,0.002103739979373968,-0.4444865527809689,5Cz1mjiJ...,512938.323807877,0.1487521681422606,,,True,8825571,1.0,1,5E2LP6En...,0.0,1.8749730842483552,1.8749730842483552,0.9743797112949003,,COUNTER,90774.506549159,0.0,0.0,DIVERGENT,-0.9034558233015789,2.2778484181034035,1295.967040512703,0.0,0.0,0.0,0.0,0.0,EXPOSED,False,,,,,34403.70488654,0.1630112662613253,30.0
26,24,66,37,106,Nodexo,2026-09-12,9052372,0.002625283,0.002631430746987462,-0.0023362754252606514,IN BAND,False,True,6.008e-05,6238.115994268,2446484.179025538,1.0,2376168.367054096,359932.342016007,-0.0008091572467977437,11606.856777794193,ACCUMULATING_PRE_EMA,0.0,,,,0.025310564943819603,-4.0804181940703215,-0.028424684340671257,-3.3789798959161343,0.6730136138135161,0.7014382981541873,1.074194561538821,-0.6761277332103678,1,0.0,,0.0,0.0,0.00016784924086366004,0.0025498288718763394,-0.028741331172167164,5CTdHCps...,1172161.804414663,,,,False,5558480,0.485333618216226,31,5E4vCZrj...,0.0,0.44161217023622107,0.44161217023622107,0.02217372726162862,,COUNTER,838637.534343767,0.0,0.0,DIVERGENT,1.0,0.0,1295.967040512703,314883.268833111,0.1287084835997315,314883.268833111,0.1287084835997315,0.0,DORMITORY,True,True,1.2870848359973186,0,,11825.590542908993,0.0048337081614070595,30.0
27,25,30,38,62,Ridges,2026-09-12,9052372,0.011096878,0.011165782576426864,-0.006171047658794231,IN BAND,False,False,0.001649429,30408.877056581,2731588.54995199,1.0,2740309.033646403,4384258.874411831,-0.02595581615076601,11978.146623823326,ACCUMULATING_PRE_EMA,0.0,,,,0.14254717147017756,-2.5843926950032214,-0.07508107984866313,-1.8835165327142023,0.625795082440356,0.7008761622890191,0.9620775427712893,-0.5583289908188415,1,0.009259523058792176,MINER_BURN_ONLY,76.93847640301101,76.5781193418983,0.00012207217517368196,0.011132305067362895,0.00319252562413463,5DhsVYew...,10778.217242293,,,ENTRY_REPEATED,False,4474225,0.42667907885299183,107,5Hj8LMru...,,13.246429951704268,13.246429951704268,0.0,,COUNTER,186985.898258909,170981.9854291,0.0,DIVERGENT,0.8386872557180899,0.05908955779585483,1295.967040512703,148276.206109737,0.054282042627665526,148276.206109737,0.054282042627665526,0.0,DORMITORY,True,True,0.5428204262766585,,,14570.274533988,0.005333993120685794,30.0
28,23,50,39,26,Perturb,2026-09-12,9052372,0.003433905,0.003499293001368642,-0.018686060682277024,IN BAND,False,False,0.000179922,1996.774265041,953989.106862982,1.0,581487.875034997,67647.707958564,-0.00014188253281285655,8713.193986481056,ACCUMULATING_PRE_EMA,0.0,,,,0.23679943410643425,-3.5557704213018275,-0.22734707163437046,-2.7624561595588593,0.5659671901085976,0.7933142617429682,2.754748435903734,-0.5565148276365339,1,0.0,,0.0,0.0,7.629510948348184e-05,0.0020930786847315535,-0.39046692184799714,5FsVAEPM...,1575325.536743687,,,,False,8123781,0.9500839310239585,0,5EHfTi6R...,0.179995422293431,0.5948079857461595,0.4877452711682744,0.8696534570369128,,COUNTER,93577.704880545,1668.571827101,0.0,DIVERGENT,1.0,0.0,1295.967040512703,39149.588704906,0.04103777330712111,35831.834125762,0.03756000342979639,3317.754579143999,DORMITORY,False,True,0.375600034297967,,,30245.673361903006,0.03170442214100363,30.0
29,87,87,40,24,Quasar,2026-09-12,9052372,0.004859517,0.004673253744840622,0.03985729543682851,IN BAND,False,True,0.0,9547.653119668,3938566.487285843,1.0,1964732.609790904,1582510.624862347,-0.003987432863262727,-167491.89814269147,,0.0,,,,,11.50629002846106,0.4849304278147469,11.50629002846106,0.4849304278147469,,0.6672478447383061,16.911740458137817,1,0.3895021735361176,MINER_BURN_ONLY,2804.4156494600466,2804.4156494600466,0.0,0.0024241442033513844,-0.5011553198905602,5ELutYW7...,316316.382777931,0.003960234811992348,,,False,2538424,1.0,155,5ELpkVn8...,0.179995422293431,3.4063553812704224,2.7932270059371516,0.0,,COUNTER,672976.290967424,0.0,0.0,DIVERGENT,-0.8983745508430815,2.163955997176116,1295.967040512703,700000.000065042,0.17772963902595643,0.0,0.0,700000.000065042,EXPOSED,True,False,0.9038081539735519,36358,TAKEOVER_IMMINENT,8669.61639763,0.002201211132430173,30.0
30,26,56,41,117,glyph,2026-09-12,9052372,0.002967685,0.0029882180970162153,-0.006871351537800438,IN BAND,False,True,9.8415e-05,3112.050759582,1865282.139783871,1.0,1048645.893627426,229779.076352341,-0.0007537834211656891,9387.672889290727,ACCUMULATING_PRE_EMA,0.0,,,,0.08310745549495437,-5.773309012264287,-0.08360144370990533,-5.249999231587876,0.4397083369665058,0.5233097806764111,1.4089021408335067,-0.44020232518145674,1,0.0,,0.0,0.0,0.0,0.0016684075257068572,-0.43780841777113905,5HdThE9W...,1978872.709701031,,,,False,5710859,1.0,125,5EsLkLnu...,,7.798990611058918,7.798990611058918,0.0,,COUNTER,289424.602021989,152409.779613062,0.0,DIVERGENT,1.0,0.0,1295.967040512703,184995.455974437,0.09917827015481546,154144.143623114,0.08263851367867309,30851.312351322995,DORMITORY,True,True,0.8263851367867308,,,18746.150134956,0.010050034648982435,30.0
31,27,63,42,98,NeverPlayAlone,2026-09-12,9052372,0.002724298,0.002752650063484907,-0.010299915656192383,IN BAND,False,True,7.1601e-05,5129.479115075,2930646.401979453,1.0,1882862.546313259,206283.744251727,-0.001032365332540136,10525.908618644346,ACCUMULATING_PRE_EMA,0.0,,,,0.036683535263258155,-1.0063075191756485,-0.125315640483674,-0.5010135192917975,0.37997835940017705,0.505293999883851,0.896730495437786,-0.46861046462059286,1,0.0,,0.0,0.0,0.0,0.001750289325798699,-0.35752647992301173,5EWzZCNs...,1641265.251366559,,,ENTRY_PRE_EMA_PATTERN,False,5445992,1.0,153,5E2LP6En...,0.0,0.4039727839627744,0.4039727839627744,0.23763600018311384,,COUNTER,1255490.393926426,0.181595662,0.181595662,DIVERGENT,0.9997120402339541,0.0,1295.967040512703,465588.995744188,0.15886904521463738,465588.995744188,0.15886904521463738,0.0,DORMITORY,True,True,1.5886904521463765,0,,11838.142796068003,0.004039430614376453,30.0
32,30,43,43,41,Almanac,2026-09-12,9052372,0.00474118,0.004740164382383227,0.00021425788956758648,IN BAND,False,False,0.000545975,12179.731319342,3138899.975078384,1.0,2568923.855815634,1585068.287483646,-0.002647854639532984,9185.76205947902,ACCUMULATING_PRE_EMA,0.0,,,,0.11780410112343227,-0.1545007659171479,0.002606804323072302,0.13826422508998432,0.2953717953302045,0.2927649910071322,0.8372359810332517,-0.17496088988369993,1,0.0,,0.0,0.0,0.0006103608758678547,0.0038802546803161034,-0.18158460967183207,5FCSevLk...,48307.047631312,,,,False,3394182,0.0,228,5HbScNss...,0.0899977111467155,0.6617228564865067,0.6021693139892547,0.014756374845492972,,COUNTER,1013973.827095004,0.0,0.0,DIVERGENT,1.0,0.0,1295.967040512703,271111.945633162,0.08637164222679375,271111.945633162,0.08637164222679375,0.0,DORMITORY,True,True,0.8637164222679375,,,9424.629218461996,0.0030025261375927234,30.0
33,29,29,44,34,BitMind,2026-09-12,9052372,0.011668985,0.011715603293851018,-0.003979162889160473,IN BAND,False,False,0.001694084,34450.369860909,2672804.084328754,1.0,2952301.992628644,633536.484259687,-0.0033068888932364145,9296.795580404345,ACCUMULATING_PRE_EMA,0.0,,,,0.12923091304897036,-1.4237191965822231,-0.048413148484785756,-1.0889902074457087,0.28631584065172855,0.33472898913651433,0.983237048838914,-0.20549807608754397,1,0.0,,0.0,0.0,0.0011902037079423167,0.012889223741799556,0.10457111238034465,5DthmKBR...,2910652.615891768,,,,False,3493948,0.040240157660754394,102,5CDhVnn1...,,18.26886915882312,18.26886915882312,0.0,,COUNTER,359469.273754254,70171.661546406,0.0,DIVERGENT,1.0,0.0,1295.967040512703,128728.300491987,0.0481622657069217,128728.300491987,0.0481622657069217,0.0,DORMITORY,True,True,0.4816226570692192,,,11672.885037862005,0.004367280455123042,30.0
34,28,5,45,97,Albedo,2026-09-12,9052372,0.022782837,0.02290762565098703,-0.0054474720727615885,IN BAND,False,False,0.008230928,12697.103453142,1131682.712903901,1.0,557310.277201967,520638.634861506,-0.0002017478056674679,4959.208338705706,ACCUMULATING_PRE_EMA,0.0,,,,1.7036073513795988,-0.18698591861760744,-0.06627757688526599,0.1536450465398374,0.27435338827217887,0.34063096515744484,2.322205658913482,1.362976386222154,1,0.0,,0.0,0.0,7.629510948348184e-05,0.011219667233902686,-0.5075386250666374,5GnW8owm...,1364340.055047967,,,,False,7735450,0.0,28,5E2LP6En...,0.0,0.6283342413734875,0.6283342413734875,0.18543046357615894,,COUNTER,70872.776437572,4583.298014649,0.0,DIVERGENT,1.0,0.0,1295.967040512703,9392.847629059,0.00829989494578116,9392.847629059,0.00829989494578116,0.0,DORMITORY,False,True,0.08299894945781819,,,34219.315063744,0.030237552163306567,30.0
35,88,88,46,71,Leadpoet,2026-09-12,9052372,0.004564317,0.004479265306144953,0.01898786699201936,IN BAND,False,True,0.0,5378.988274114,4519073.693989082,1.0,1178486.898396008,1404498.495803299,-0.0022417272015353455,-23004.296336392872,,0.0,,,,,-0.8483902185259279,0.23101904840290222,-0.8483902185259279,0.23101904840290222,,0.5815351060761765,2.4325903321955966,1,0.38950217356708083,SKIN_IN_GAME,2804.415649682982,2804.415649682982,0.0,0.0011902855846915505,-0.7392193432902336,5DwHzMhB...,2477069.937024171,0.3264070127109062,BUYBACK_GAMING,,False,5048438,1.0,0,5FNVgRnr...,0.0,0.68402042137035,0.68402042137035,0.5725294512604528,,COUNTER,963120.015285631,0.0,0.0,DIVERGENT,-0.8980887601831167,2.1639559973481384,1295.967040512703,63565.086413894,0.01406595482132617,63565.086413894,0.01406595482132617,0.0,FORTRESS,True,True,0.1406595482132617,,,14284.239142429002,0.0031608776731011884,30.0
36,89,89,47,46,Instant,2026-09-12,9052372,0.00366908,0.0036085050087422132,0.016786727775362238,IN BAND,False,True,0.0,8621.438676712,3398375.321130872,1.0,2349754.812467985,1450756.923681292,-0.006844200137852545,25720.13963176543,ACCUMULATING_PRE_EMA,0.0,,,,,2.032544702323238,0.20423852126690722,2.032544702323238,0.20423852126690722,,0.7733107004571481,-2.0086404035759644,1,0.38950217368084444,MINER_BURN_ONLY,2804.41565050208,2804.41565050208,0.0,0.0025369295213228706,-0.308565220348733,5Ft9E2ov...,686297.957172073,,,,False,3919107,1.0,238,5CDnZ6oe...,0.179995422293431,1.9103623119785542,1.566505840900519,0.21679815659764082,,COUNTER,1011819.64441186,28041.129768459,0.0,DIVERGENT,-0.8983745508805102,2.163955997980175,1295.967040512703,168285.824888694,0.04951949357750568,168285.824888694,0.04951949357750568,0.0,FORTRESS,True,True,0.4951949357750594,,,9464.808256189004,0.0027850979841271373,30.0
37,31,64,48,6,Numinous,2026-09-12,9052372,0.002710474,0.002711960580199957,-0.0005481570089220262,IN BAND,False,True,6.757e-05,8084.696893291,2776410.414925915,1.0,2982761.096227262,696982.124598792,-0.004023880888700968,7996.855859995354,ACCUMULATING_PRE_EMA,0.0,,,,0.02196420748282572,-1.4977493065574883,-0.006669243608551318,-1.3454616946437565,0.14561836830518032,0.15228761191373164,0.9465459378310698,-0.13032340443090593,1,0.0,,0.0,0.0,0.001907377737087046,0.0029119242781354897,0.07432289634045175,5CfSg4e2...,76537.61455625,,,,False,3219949,0.6071701574682771,171,5FAFPwtg...,0.179995422293431,0.4290730451479193,0.35184186119179117,0.006287292649056143,,COUNTER,185360.665463109,0.0,0.0,DIVERGENT,1.0,0.0,1295.967040512703,662466.459537209,0.23860537908077473,662466.459537209,0.23860537908077473,0.0,DORMITORY,True,True,2.3860537908077473,0,,9221.046631761003,0.0033212116559529093,30.0
38,90,90,49,39,deprecated,2026-09-12,9052372,0.007817579,0.00772748701274395,0.01165863975021541,IN BAND,False,True,0.0,18664.446425532,3644694.655245794,1.0,2387496.706151561,1097523.983908903,-0.008167090216750057,-27200.768586557824,,0.0,,,,,2.1857568721428664,0.14184678362762082,2.1857568721428664,0.14184678362762082,,0.7210480571308026,3.448829083430274,1,0.38950217354043465,SKIN_IN_GAME,2804.4156494911294,2804.4156494911294,0.0,0.005120990423345435,-0.3449390887709053,5DkwfxC9...,578153.125852871,0.2786793957665903,BUYBACK_GAMING,,False,3280104,1.0,136,5GP7c3fF...,0.0009918364232852674,2.2387932846971954,2.236572767973226,0.20129711582481308,,COUNTER,1545101.703294944,0.0,0.0,DIVERGENT,-0.8983745508435437,2.1639559972001003,1295.967040512703,477132.153415985,0.13091142017322374,475557.209007006,0.1304793004600642,1574.9444089789758,FORTRESS,True,True,1.3047930046006442,0,,9049.331867261999,0.0024828779152287375,30.0
39,33,12,50,8,Vanta,2026-09-12,9052372,0.027353736,0.027382802218198776,-0.0010614771259406985,IN BAND,False,False,0.003746214,78490.975692422,3150774.902173091,1.0,2869479.140100399,1402381.886968724,-0.008329727580013033,8067.997383050155,ACCUMULATING_PRE_EMA,0.0,,,,0.12542907391773575,-0.7602979018183104,-0.012914638365611832,-0.6110123403131347,0.1363709231395638,0.14928556150517563,0.8340805298999516,-0.023856487587439898,1,0.02844428957893052,MINER_BURN_ONLY,236.40552673104685,232.84700075256208,0.001205462729839013,0.024911641780022663,-0.08927826970243981,5F6tnxzA...,17457.95425018,,,,False,1477264,0.9506691517966267,143,5HbScNss...,0.0899977111467155,0.6246749186319758,0.5684556057443372,0.015245158632056036,,COUNTER,789940.675199385,0.0,0.0,DIVERGENT,0.27053138719897796,0.17967046496834094,1295.967040512703,607572.487532893,0.1928327177907409,607571.159893335,0.19283229642152247,1.327639558003284,DORMITORY,True,True,1.9283229642152246,0,,16596.26137803199,0.0052673586318672085,30.0
40,91,91,51,25,UR,2026-09-12,9052372,0.010001661,0.009907494066283107,0.009504616716083594,IN BAND,False,True,0.0,16168.318429849,4325397.25612126,1.0,1616563.257493388,714589.339425841,-0.00189072698649151,-22249.03742976114,,0.0,,,,,4.35956190440283,0.11563950337901706,4.35956190440283,0.11563950337901706,,0.6075742514241622,2.477708993087167,1,0.3895021735387369,MINER_BURN_ONLY,2804.415649478906,2804.415649478906,0.0,0.0037379961821929195,-0.6262624595861709,5HTeZ516...,726826.833621775,0.03369286291663083,,,False,2998801,1.0,1,5CyQFykV...,0.179995422293431,1.734479898654132,1.4222814568364142,0.1700215178476048,,COUNTER,964056.368699497,0.0,0.0,DIVERGENT,-0.8983177652803414,2.1639559971906683,1295.967040512703,1163115.702727458,0.2689037870640501,1163115.702727458,0.2689037870640501,0.0,FORTRESS,True,True,2.6890378706405014,0,,8539.951686710001,0.0019743739548140566,30.0
41,34,74,52,22,Desearch,2026-09-12,9052372,0.003319892,0.003321147756651044,-0.000378109239051169,IN BAND,False,True,8.312e-06,7907.276216393,3653020.224245849,1.0,2381786.728753943,269357.562785968,-0.0015173520545156394,7750.680211728904,ACCUMULATING_PRE_EMA,0.0,,,,0.0027625108067825125,0.775809705305758,-0.004600329075122556,0.8603972108670238,0.07998717648614323,0.08458750556126579,0.7194047223055109,-0.08182499475448328,1,0.2011369373816758,MINER_BURN_ONLY,1454.7849743920378,1451.8120286378607,0.0010070954451819603,0.0021645859401244966,-0.34799507329621066,5DFuaMas...,1853694.544070617,,,,False,2009702,0.5203989674502436,131,5E2LP6En...,0.0,0.38711932889546674,0.38711932889546674,0.13740691002319622,,COUNTER,1228647.415450237,0.0,0.0,DIVERGENT,-0.8029964180512716,1.1202538207017234,1295.967040512703,763677.586285475,0.20905375262277204,763677.586285475,0.20905375262277204,0.0,FORTRESS,True,True,2.090537526227721,0,,9078.162083907006,0.0024851113672060645,30.0
42,36,53,8,18,Zeus,2026-09-12,9052372,0.003966989,0.003972415812313557,-0.0013661239331328478,IN BAND,False,False,0.000127496,10081.396691793,3177224.327512963,1.0,2541321.757697356,875293.360333013,0.00033872464815844845,7328.628393483348,,0.0,,0.08538582994771311,0.08538582994771311,0.03323542344809853,-4.225962907361999,-0.01662117451978298,-4.177581768300165,0.03175996454205107,0.04838113906183405,0.8271370633930404,-0.01514571561373552,1,0.03798463176370123,MINER_BURN_ONLY,282.50436582800467,282.27914266480946,7.629510948348184e-05,0.003173020112081421,-0.20014396004591364,5GgvCi6h...,2192233.07616979,,,,False,1604679,0.19534564321684722,15,5Ef3siiB...,0.013550011444266423,2.1161439972288276,2.0874702218486614,0.02775827865099954,,COUNTER,339257.302424322,30745.295806132,0.0,OK,-0.17002271243401612,0.21781351982002242,1295.967040512703,472285.796249436,0.14864729322374517,375000.0,0.11802754900014846,97285.79624943598,DORMITORY,True,True,1.1802754900014847,0,,12862.471156652002,0.004048335852545974,30.0
43,92,92,53,127,Astrid,2026-09-12,9052372,0.002691764,0.002684810431674123,0.002589966220274779,IN BAND,False,True,0.0,3262.72820627,2958622.954949598,1.0,1212115.014087236,600182.204644356,-0.0011311304522673383,10679.36965948809,ACCUMULATING_PRE_EMA,0.0,,,,,-3.483970795967283,0.03151125568000981,-3.483970795967283,0.03151125568000981,,0.8882510681543636,-0.4638135585517924,1,0.38950217353778294,MINER_BURN_ONLY,2804.4156494720373,2804.4156494720373,0.0,0.0011027860785071152,-0.590311008503303,5FU4uxAd...,1522410.330273471,,,ENTRY_REPEATED,False,5848837,1.0,0,5EKrpcqV...,0.179995422293431,1.1145597664979061,0.9139441106558477,0.574844725236155,,COUNTER,1242186.957247926,203.185912805,0.0,DIVERGENT,-0.8983745508431839,2.1639559971853686,1295.967040512703,5535.674552263,0.0018710307587528686,5535.674552263,0.0018710307587528686,0.0,EXPOSED,True,True,0.018710307587528684,,UNDEFENDED_BURNER,12837.499664648003,0.004339011715964564,30.0
44,32,45,11,67,Harnyx,2026-09-12,9052372,0.004596372,0.004647084046155214,-0.010912659562757755,IN BAND,False,False,0.000461765,3017.51796609,933148.92649394,1.0,656499.908236545,68397.622022848,0.00015566218436049352,6495.992469221936,,0.0,,0.03386631551155858,0.03386631551155858,0.4021578110344897,-5.433196662147469,-0.13277069134688602,-5.282485381416054,0.017940589384529082,0.1507112807314151,2.8162707209812847,0.2514465303030746,1,0.008875314522121962,MINER_BURN_ONLY,74.37608958903002,70.32207265151573,0.001373311970702673,0.00323369387288214,-0.2964681986396792,5HEAv3TU...,1058080.118982482,,,,False,7236936,0.02724425089770033,246,5HGnF3Wr...,0.0,0.7161555328805694,0.7161555328805694,0.008453885124824513,,COUNTER,279073.286184867,6279.314248273,0.0,DIVERGENT,0.9052534308472361,0.05426223850854672,1295.967040512703,522.283347221,0.0005596998854012953,522.283347221,0.0005596998854012953,0.0,NEITHER,False,True,0.005596998854012954,,,29139.420426612003,0.031226977387302648,30.0
45,93,93,54,104,TAOstatus,2026-09-12,9052372,0.004294779,0.004293161444365978,0.0003767749373005345,IN BAND,False,True,0.0,6017.332800505,3185124.003388262,1.0,1401080.875555646,75684.024424602,-0.0017383027949343672,-980.9230233670678,,0.0,,,,,-0.18052847563137503,0.004584095070489836,-0.18052847563137503,0.004584095070489836,,0.8250856158832102,0.5843815217675652,1,0.0,,0.0,0.0,0.0,0.0018891989115977586,-0.5601173164910794,5HBb3F1b...,1100457.593858726,1.0939192695701652,BUYBACK_GAMING,,False,5528520,1.0,25,5Coeuhim...,0.179995422293431,1.38204339068848,1.1332819069536617,0.4115115817743461,,COUNTER,340321.172598343,183243.380296154,2804.4156494810013,OK,0.09225045521083688,0.0,1295.967040512703,3017.92106809,0.0009475050468614738,3017.92106809,0.0009475050468614738,0.0,NEITHER,True,True,0.009475050468614738,,,9493.477261147998,0.002980567554371213,30.0
46,94,94,55,122,CookingTAO,2026-09-12,9052372,0.00449387,0.004492233041673899,0.00036439746355878595,IN BAND,False,True,0.0,1413.918674251,713543.81168452,1.0,314632.711761932,46909.638741107,0.0003625880589275153,328.00823201210005,,0.0,,,0.08068503515400209,,-1.9208732327523534,0.004433502473298562,-1.9208732327523534,0.004433502473298562,,3.6830254245998857,3.400864988970147,1,0.38950217354291655,MINER_BURN_ONLY,2804.415649508999,2804.415649508999,0.0,0.001981544301972221,-0.5590561582840132,5F3uH1G4...,405861.349606683,,,,True,8238082,1.0,0,5CfPqfaz...,0.179995422293431,3.473626251825004,2.8483894277382142,0.3084247630964552,,COUNTER,337829.944220408,4689.8056909,0.0,DIVERGENT,-0.8983745508444818,2.1639559972138893,1295.967040512703,120221.085784871,0.16848451884272594,120221.085784871,0.16848451884272594,0.0,FORTRESS,False,True,1.6848451884272717,0,,37717.471303535,0.05285936292333942,30.0
47,35,26,56,124,Swarm,2026-09-12,9052372,0.01129054,0.011343514546751976,-0.004670029428149711,IN BAND,False,False,0.001899514,12982.799894827,3573219.678942822,1.0,1149882.97795527,300484.207845286,-7.80977163950547e-05,4775.733010381926,ACCUMULATING_PRE_EMA,0.0,,,,0.3845027908031635,-1.086396950235873,-0.05681869137582148,-1.0260606897814677,0.0035175690785837835,0.060336260454405266,0.7354711537851835,0.32416653034875825,1,0.0,,0.0,0.0,0.00015259021896696368,0.0036333618028959558,-0.6781941516618376,5HKYqfJr...,2295088.544701456,,,,False,5813454,0.0,105,5HgiWPLV...,,0.34031064235758013,0.34031064235758013,0.0072791088051274225,,COUNTER,897004.632666029,6243.286010635,0.0,DIVERGENT,1.0,0.0,1295.967040512703,1000000.110795789,0.2798596785663205,1000000.110795789,0.2798596785663205,0.0,DORMITORY,True,True,2.798596785663205,0,,18623.374878683,0.00521193112990829,30.0
48,95,95,57,52,Dojo,2026-09-12,9052372,0.006322649,0.006323705893009901,-0.00016713190457982632,IN BAND,False,True,0.0,17913.716463322,3099166.36496515,1.0,2833260.892296265,765945.581842407,-0.001055169699966047,383.06947536952794,ACCUMULATING_PRE_EMA,0.0,,,,,-0.43632821377279984,-0.0020334381723878868,-0.43632821377279984,-0.0020334381723878868,,0.8479699669267519,0.770916323611685,1,0.38950217354001426,MINER_BURN_ONLY,2804.4156494881026,2804.4156494881026,0.0,0.005780172586354021,-0.08579891334248962,5Fv1ZvNP...,24054.855195666,,,,False,3989825,1.0,130,5E2LP6En...,0.0,0.38830556124675186,0.38830556124675186,0.731813395595843,,COUNTER,1168526.97073285,0.0,0.0,DIVERGENT,-0.898374550843766,2.163955997197765,1295.967040512703,167638.354572778,0.05409143454441919,167638.354572778,0.05409143454441919,0.0,FORTRESS,True,True,0.540914345444192,,,8549.082936091998,0.002758510492607302,30.0
49,96,96,58,12,Compute Horde,2026-09-12,9052372,0.004817124,0.004818560089915991,-0.00029803299931784846,IN BAND,False,True,0.0,12708.987319999,3551723.812290878,1.0,2638293.371876086,424634.605181436,-0.0016389071287063602,1068.251991763711,ACCUMULATING_PRE_EMA,0.0,,,,,-0.3678222202957445,-0.0036260681583671563,-0.3678222202957445,-0.0036260681583671563,,0.7399223979369409,0.601860572422001,1,0.3870694682370011,MINER_BURN_ONLY,2787.080349836964,2786.900171306408,6.103608758678547e-05,0.003578258893897959,-0.257179409560983,5ELzhHvg...,1590536.131111398,,,,False,2256433,0.006088721368512573,157,5Hdt5YNb...,,4.570062160991097,4.570062160991097,0.0,,COUNTER,1612954.009439165,0.0,0.0,DIVERGENT,-0.8977424529520035,2.150440624017622,1295.967040512703,3870.537061652,0.0010897629619335423,3870.537061652,0.0010897629619335423,0.0,EXPOSED,True,True,0.010897629619335424,,UNDEFENDED_BURNER,8672.1646676,0.002441677654548937,30.0
50,97,97,59,42,Unknown,2026-09-12,9052372,0.002487118,0.002487913239747286,-0.00031964126987267977,IN BAND,False,True,0.0,7373.888691245,2683163.933809257,1.0,2964831.645962046,367938.615565712,-0.0007519273179352004,-146.39510795101523,,0.0,,,,,-0.2417761939217875,-0.003888968783450937,-0.2417761939217875,-0.003888968783450937,,0.9794407143320008,0.9631864169183625,1,0.3895021735775016,MINER_BURN_ONLY,2804.4156497580116,2804.4156497580116,0.0,0.002748206547624682,0.10497634114050165,5EC5HHfL...,103473.708779225,,,,False,3613591,1.0,11,5Gbdb5s2...,0.179995422293431,10.413138037489894,8.53882085903211,0.0,,COUNTER,522007.467063318,0.0,0.0,DIVERGENT,-0.8983745508535469,2.1639559974060334,1295.967040512703,5444.016612431,0.002028954155142579,5444.016612431,0.002028954155142579,0.0,EXPOSED,True,True,0.02028954155142579,,UNDEFENDED_BURNER,9304.399560536998,0.003467697013699662,30.0
51,98,98,60,119,CapabilityForge Next,2026-09-12,9052372,0.002773557,0.0027744630351662636,-0.00032656234910314436,IN BAND,False,True,0.0,3400.939078961,1651061.943414957,1.0,1226200.8246579,72467.522820175,-0.0008647727937628405,789.7032898487523,ACCUMULATING_PRE_EMA,0.0,,,,,2.6539399604505367,-0.00397317524742159,2.6539399604505367,-0.00397317524742159,,1.5917028494790468,1.3592521549477505,1,0.3895021737216707,MINER_BURN_ONLY,2804.415650796029,2804.415650796029,0.0,0.002059849475984349,-0.2573257099153365,5GbLENPL...,113265.203238503,,,,False,5740660,1.0,0,5HMwvi1d...,0.179995422293431,10.135766972572233,8.311375316076283,0.06546619868762399,,COUNTER,867902.79559898,0.0,0.0,DIVERGENT,-0.8983745508911622,2.1639559982069927,1295.967040512703,20722.542632217,0.012551038872203511,20722.542632217,0.012551038872203511,0.0,FORTRESS,True,True,0.12551038872203513,,,17566.500366784003,0.010639516243982046,30.0
52,39,4,7,64,Chutes,2026-09-12,9052372,0.069546644,0.06982086668722332,-0.003927517663906215,IN BAND,False,False,0.009317155,200404.824918723,3294063.66227267,1.0,2881588.730091608,5003116.642596198,0.006078987608972017,7098.425020706374,,0.0,,0.08740878436883333,0.08740878436883333,0.12218010893665078,-3.4728459980884354,-0.04778479824419228,-3.4330150829666026,-0.00795388312235952,0.03983091512183276,0.7977987888026629,0.08234919381481802,1,0.0,,0.0,0.0,0.0001373311970702673,0.060838176023731705,-0.12521765933476675,5FRYKhbm...,687749.909496915,,,,False,4531295,0.32440557946464,194,5FEm1mew...,,8.722981853172351,8.722981853172351,0.0,,COUNTER,274207.517615115,0.0,0.0,DIVERGENT,1.0,0.0,1295.967040512703,764890.572213913,0.23220272910153558,764890.128993345,0.2322025945502295,0.4432205680059269,DORMITORY,True,True,2.322025945502298,0,,13058.885828655,0.003964369595591027,30.0
53,99,99,61,121,sundae_bar,2026-09-12,9052372,0.004097638,0.004101182101294398,-0.000864165795827484,IN BAND,False,True,0.0,5951.285498977,2885065.95432637,1.0,1452369.461749868,551639.55744434,-0.0014768339828714987,1123.7735716770403,ACCUMULATING_PRE_EMA,0.0,,,,,-5.965267495810673,-0.01051401718256772,-5.965267495810673,-0.01051401718256772,,0.9108977200535466,0.7345260110917865,1,0.3649385666707207,MINER_BURN_ONLY,2627.557680029189,2627.557680029189,0.0,0.002062790103655207,-0.4965904495089105,5CXGaDJs...,1872122.310470578,,,,False,5766528,1.0,0,5EL9y2gd...,0.179995422293431,1.0039231759180711,0.8232215999185355,0.7443500022889931,,COUNTER,1303923.335868118,0.0,0.0,DIVERGENT,-0.8926025781135044,2.0274880439781016,1295.967040512703,202885.709556554,0.07032272841191442,202885.709556554,0.07032272841191442,0.0,FORTRESS,True,True,0.7032272841191441,,,12232.151310254996,0.004239816872093333,30.0
54,100,100,62,115,MoirAI,2026-09-12,9052372,0.002640639,0.0026429251302033663,-0.0008649999870371611,IN BAND,False,True,0.0,3572.925420828,1700850.761231588,1.0,1353052.873244719,159250.970767213,-0.0010310414951094963,142.81581595307216,ACCUMULATING_PRE_EMA,0.0,,,,,-2.687545413501265,-0.010524166508952127,-2.687545413501265,-0.010524166508952127,,1.545109106513885,1.45916899491903,1,0.38950217383514324,MINER_BURN_ONLY,2804.4156516130315,2804.4156516130315,0.0,0.0021006695603562778,-0.2044843841372192,5EkNnrTj...,112649.595698006,,,,False,5683635,1.0,0,5EhTo9AX...,0.179995422293431,10.204506128361079,8.367741738490821,0.06687217677939201,,COUNTER,948859.482808767,0.0,0.0,DIVERGENT,-0.8983745509207685,2.1639559988374124,1295.967040512703,2942.008322496,0.0017297274925906422,2942.008322496,0.0017297274925906422,0.0,EXPOSED,True,True,0.017297274925906422,,UNDEFENDED_BURNER,18117.210743941003,0.010651852094784794,30.0
55,101,101,63,37,Aurelius,2026-09-12,9052372,0.003327293,0.0033307233825325966,-0.0010299211728559646,IN BAND,False,True,0.0,7954.818076838,3624658.950895982,1.0,2390777.488843336,357238.313984839,-0.0011818962588911177,1576.727153148502,ACCUMULATING_PRE_EMA,0.0,,,,,-6.126557692967131,-0.012530707603080901,-6.126557692967131,-0.012530707603080901,,0.7250337302356082,0.5383574146340318,1,0.38950217353946454,MINER_BURN_ONLY,2804.4156494841445,2804.4156494841445,0.0,0.002194639050074392,-0.3404130474609864,5GRBbS3a...,34696.52303743,,,,False,3212175,1.0,9,5FeKsRjZ...,0.09999237048905166,0.7882758882700855,0.7094543136025969,0.02136426064397986,,COUNTER,1300646.354926597,0.0,0.0,DIVERGENT,-0.8983745508436226,2.163955997194711,1295.967040512703,45507.151093348,0.012554878047795107,45507.151093348,0.012554878047795107,0.0,FORTRESS,True,True,0.12554878047795107,,,8635.694013654998,0.0023824845676916266,30.0
56,102,102,64,29,hoτfloaτ,2026-09-12,9052372,0.002778793,0.002782462164759636,-0.0013186755263401755,IN BAND,False,True,0.0,8314.645430334,2963654.929770919,1.0,2992177.801906891,208500.550481253,-0.011022358310089313,409.8933010743931,ACCUMULATING_PRE_EMA,0.0,,,,,-0.19384649787796135,-0.016043885570472136,-0.19384649787796135,-0.016043885570472136,,0.8867429111266796,0.8029870852341093,1,0.0,,0.0,0.0,0.0,0.002805537630852555,0.009624549526558862,5HHHHHzg...,38074.815394185,,,,False,3379782,1.0,19,5GRRRRhL...,0.179995422293431,12.45733788383907,10.215074090785501,0.0,,COUNTER,610829.352749762,0.0,0.0,DIVERGENT,1.0,0.0,1295.967040512703,3165.974907187,0.0010682670493732953,3165.974907187,0.0010682670493732953,0.0,NEITHER,True,True,0.010682670493732952,,,8905.812823153998,0.003005010041382378,30.0
57,103,103,65,30,Endure Network,2026-09-12,9052372,0.00371582,0.00372317130677402,-0.0019744744918519267,IN BAND,False,True,0.0,8889.041055663,3518948.850224863,1.0,2392214.70993853,413661.126334556,-0.0016359655505931488,2967.7386193959974,ACCUMULATING_PRE_EMA,0.0,,,,,-1.2040563722894273,-0.02402277298419844,-1.2040563722894273,-0.02402277298419844,,0.7468139242296942,0.4099356730253088,1,0.3895021735399981,MINER_BURN_ONLY,2804.4156494879862,2804.4156494879862,0.0,0.002526050088819843,-0.32019040512730884,5HTogQKF...,388.803527937,,,,False,3250216,1.0,116,5E2LP6En...,0.0,0.31778546519243756,0.31778546519243756,0.6825069816417159,,COUNTER,801599.009360805,18187.150616168,0.0,DIVERGENT,-0.8983745508434298,2.163955997197675,1295.967040512703,4962.596266974,0.0014102496166310823,4962.596266974,0.0014102496166310823,0.0,EXPOSED,True,True,0.01410249616631082,,UNDEFENDED_BURNER,8866.634435689999,0.0025196826703302085,30.0
58,104,104,66,125,Refinery,2026-09-12,9052372,0.003016632,0.003024129429832101,-0.0024792026948784168,IN BAND,False,True,0.0,5690.727925875,2477064.944921211,1.0,1886450.385473454,241394.361088605,-0.00024021262101779379,2034.5949558403809,ACCUMULATING_PRE_EMA,0.0,,,,,-2.764974933252204,-0.0301636327876874,-2.764974933252204,-0.0301636327876874,,1.0609330229262883,0.7206117630726705,1,0.3895021737209754,MINER_BURN_ONLY,2804.415650791023,2804.415650791023,0.0,0.002297367268283718,-0.23843303781047276,5DTzv2rL...,1166.37033456,,,,False,5834408,1.0,12,5E2LP6En...,0.0,0.7431526172166126,0.7431526172166126,0.25700856135638744,,COUNTER,1302525.912016188,0.0,0.0,DIVERGENT,-0.8983745508909808,2.1639559982031304,1295.967040512703,225923.662897553,0.09120619278100481,225923.662897553,0.09120619278100481,0.0,FORTRESS,True,True,0.912061927810048,,,11431.91055328099,0.004615103280485288,30.0
59,105,105,67,20,Witness,2026-09-12,9052372,0.002622202,0.002628985559567809,-0.002580295484363238,IN BAND,False,True,0.0,6852.468870534,3273732.931233124,1.0,2613249.025271847,287246.933510222,-0.0009316292818717833,7065.585695669521,ACCUMULATING_PRE_EMA,0.0,,,,,-2.3120692603080215,-0.03139359505975273,-2.3120692603080215,-0.03139359505975273,,0.802753326310618,-0.04218899252442829,1,0.3456542607440497,MINER_BURN_ONLY,2488.7106773571577,2488.7106773571577,0.0,0.0020931667348786653,-0.20175229258513827,5CFVA7aP...,1192427.970311461,,,,False,1970929,1.0,240,5ED4s3B3...,0.179995422293431,1.3350947664062847,1.0947838201252358,0.4775522661376469,,COUNTER,1393399.320509789,0.0,0.0,DIVERGENT,-0.794005440924813,1.9203502863565018,1295.967040512703,582836.318190112,0.17803416785454573,576794.513247266,0.17618862789458012,6041.804942846065,FORTRESS,True,True,1.7618862789458023,0,,9205.917269886,0.002812055064741762,30.0
60,106,106,68,31,rec4ll,2026-09-12,9052372,0.004386147,0.004398971330374479,-0.0029153021039097365,IN BAND,False,True,0.0,1888.099615966,1791895.318132904,1.0,430468.8086599,53517.813285067,-3.4653599990985635e-05,1243.8630259549245,ACCUMULATING_PRE_EMA,0.0,,,,,-1.506659242293242,-0.03546950893090179,-1.506659242293242,-0.03546950893090179,,1.466603530578053,1.1588556912647432,1,0.3895021735409682,MINER_BURN_ONLY,2804.415649494971,2804.415649494971,0.0,0.0010536885703420096,-0.7597689793930734,5H3mfhC8...,899152.365382012,,,ENTRY_REPEATED,False,7173591,1.0,0,5CDZ527X...,0.179995422293431,1.743689243820306,1.4298331620303566,0.4551475750083936,,COUNTER,752211.140362661,729.248648798,0.0,DIVERGENT,-0.898374550844015,2.1639559972030646,1295.967040512703,420848.906646544,0.23486244000294323,420848.906646544,0.23486244000294323,0.0,FORTRESS,False,True,2.348624400029432,0,,20593.137962355006,0.011492377793482032,30.0
61,107,107,69,95,Actual,2026-09-12,9052372,0.039243562,0.03938437718898058,-0.0035754072815445113,IN BAND,False,True,0.0,26318.219834568,2922913.72268347,1.0,670637.883672698,578834.793205536,-0.0011390409750780188,376.08821945486125,ACCUMULATING_PRE_EMA,0.0,,,,,-8.622943273997505,-0.04350078859212488,-8.622943273997505,-0.04350078859212488,,0.8991028300306053,0.8183799650543498,1,0.38950217353736255,MINER_BURN_ONLY,2804.4156494690105,2804.4156494690105,0.0,0.009004104236920737,-0.770558436134805,5D5UhUuc...,465703.530404223,,,,False,5403674,1.0,0,5ExqqyEB...,0.179995422293431,2.3136737052219893,1.8972230296013501,0.0,,COUNTER,1067183.638520044,14658.86980412,0.0,DIVERGENT,-0.8983745508430742,2.163955997183033,1295.967040512703,9024.997700073,0.0030876716031793526,9024.997700073,0.0030876716031793526,0.0,EXPOSED,True,True,0.030876716031793528,,UNDEFENDED_BURNER,16469.123997961997,0.005634488582455323,30.0
62,38,54,70,88,Investing,2026-09-12,9052372,0.003089378,0.0031129505950957537,-0.007572428272035828,IN BAND,False,False,0.000115195,6217.074439535,3209567.756568195,1.0,2012403.259424603,717348.109747715,-0.0006446650318909965,7102.8192964484915,ACCUMULATING_PRE_EMA,0.0,,,,0.04869371646491699,-6.805852777068148,-0.09213121064310256,-6.762729196909871,-0.04900763048482494,0.04312358015827762,0.818801844772384,0.005570136306639372,1,0.0,,0.0,0.0,0.0006256198977645511,0.0019370441477087115,-0.3729986593713325,5FhMsGJS...,3011961.484605802,,,,False,5299805,0.5020154517971112,252,5FWKTXUk...,0.179995422293431,12.961131699425362,10.628187325786518,0.0,,COUNTER,175269.313011837,0.0,0.0,DIVERGENT,1.0,0.0,1295.967040512703,1171289.80012892,0.36493692888456497,1171289.80012892,0.36493692888456497,0.0,DORMITORY,True,True,3.6493692888456493,0,,10044.629940347997,0.0031295896214660816,30.0
63,108,108,71,69,Herald,2026-09-12,9052372,0.00795866,0.007991099962964654,-0.004059511596025583,IN BAND,False,True,0.0,4199.154959653,1296078.791684499,1.0,527620.81916416,75971.66865039,0.0011393261345515797,1824.4461046449142,,0.0,,,0.14315552298396714,,-1.705096036963591,-0.04939072441831126,-1.705096036963591,-0.04939072441831126,,2.027654504387359,1.4392457693482386,1,0.38950217371805695,MINER_BURN_ONLY,2804.41565077001,2804.41565077001,0.0,0.003239891730807049,-0.5929098955342924,5HBPFVcJ...,523115.501906904,,,,False,8138182,1.0,0,5FWB5CFZ...,0.179995422293431,2.652114126088164,2.174745723992551,0.28760433993071977,,COUNTER,373043.808820933,4110.268380516,0.0,DIVERGENT,-0.8983745508902193,2.1639559981869163,1295.967040512703,485.813350565,0.00037483319199567634,485.813350565,0.00037483319199567634,0.0,EXPOSED,False,True,0.0037483319199567633,,,24621.08888518601,0.018996598851205842,30.0
64,109,109,72,109,Finsight,2026-09-12,9052372,0.002692911,0.002703913487493992,-0.004069097456290642,IN BAND,False,True,0.0,1357.267315349,1596577.087690963,1.0,504014.849513292,68405.333606691,-0.000708007104294364,1117.3865774919395,ACCUMULATING_PRE_EMA,0.0,,,,,-2.4885327705274976,-0.04950735238486948,-2.4885327705274976,-0.04950735238486948,,1.6460213667482377,1.3302481400323911,1,0.38950217353778294,MINER_BURN_ONLY,2804.4156494720373,2804.4156494720373,0.0,0.0008501107311466791,-0.6843153259997531,5FqZqKFx...,691404.55372375,,,,False,7257480,1.0,0,5DyQkk4x...,0.179995422293431,2.1617125629645084,1.7726141973166967,0.3871745566645301,,COUNTER,718284.742659832,1308.746301495,0.0,DIVERGENT,-0.8983745508431008,2.1639559971853686,1295.967040512703,199509.410823714,0.12496071274093812,199509.410823714,0.12496071274093812,0.0,FORTRESS,False,True,1.2496071274093847,0,,21881.680954749005,0.013705370773167748,30.0
65,110,110,73,47,Feval,2026-09-12,9052372,0.00272597,0.0027374899946153164,-0.0042082325918913034,IN BAND,False,True,0.0,1242.171815941,1510179.203219737,1.0,455680.553002432,47048.973830797,1.9567391779975152e-05,2497.6753344908357,,0.0,,,0.007178139077090046,,-7.162186354367356,-0.05120016320134419,-7.162186354367356,-0.05120016320134419,,1.7401908292718131,1.0707956170712642,1,0.3895021735387531,MINER_BURN_ONLY,2804.4156494790222,2804.4156494790222,0.0,0.0008225327254491791,-0.6982605364515461,5GBmFsPk...,828345.423029879,,,,False,7340355,1.0,0,5GjN9n3n...,0.179995422293431,1.9625763673833447,1.6093216053530717,0.5088126230333735,,COUNTER,679183.434378859,52.790049364,0.0,DIVERGENT,-0.8983745508433539,2.1639559971907585,1295.967040512703,88769.345869653,0.05878067032071075,1082.01056104,0.0007164782555163842,87687.335308613,EXPOSED,False,False,0.6460852825459076,,,22674.839268026,0.01501466794118388,30.0
66,111,111,74,15,ORO,2026-09-12,9052372,0.03165496,0.0317935012280941,-0.004357532915301482,IN BAND,False,True,0.0,15011.174747251,1562546.649133233,1.0,474212.613764987,566223.679848622,-0.0009198017926109515,-2263.3247394224745,,0.0,,,,,-1.2405356055780534,-0.05301665046950136,-1.2405356055780534,-0.05301665046950136,,1.6818697870286237,2.132486561836346,1,0.3895021737091641,MINER_BURN_ONLY,2804.4156507059815,2804.4156507059815,0.0,0.009606865021007797,-0.6965131208187343,5EHdase3...,216.588029224,0.0,,,False,7366897,1.0,76,5DWsubqY...,0.0,0.6353165283420477,0.6353165283420477,0.04065313596825881,,COUNTER,358935.415669848,2797.563389807,0.0,DIVERGENT,-0.8618997135471999,2.16395599813751,1295.967040512703,1010.651574802,0.000646797697440024,1010.651574802,0.000646797697440024,0.0,EXPOSED,False,True,0.006467976974400239,,,25549.660906310008,0.01635129480485128,30.0
67,42,48,75,85,Vidaio,2026-09-12,9052372,0.004685013,0.00471228314563632,-0.0057870346058413015,IN BAND,False,False,0.000237958,12135.414357025,2597677.142239108,1.0,2590262.621293801,1416150.863256073,-0.006693889346863315,6922.620384573471,ACCUMULATING_PRE_EMA,0.0,,,,0.05153129556206646,-3.1828415480750203,-0.07040892103773583,-3.177436835767511,-0.06500420873022626,0.0054047123075095654,1.0116730663976026,0.046126583254556895,1,0.07408954323790376,MINER_BURN_ONLY,560.8994886209839,560.5391315598715,0.00012207217517357094,0.004671640736140401,-0.002854263981679306,5GTPBjA4...,2966140.757540009,,,,False,5258781,0.32798693668258894,149,5DccCmXk...,,14.846434095924085,14.846434095924085,0.0,,COUNTER,504242.985016128,0.0,0.0,DIVERGENT,-0.43912149148790586,0.43252576187285924,1295.967040512703,143874.406841709,0.055385792368983236,143874.406841709,0.055385792368983236,0.0,FORTRESS,True,True,0.5538579236898324,,,19906.124069016998,0.007663047784244121,30.0
68,112,112,76,27,Orion,2026-09-12,9052372,0.002361409,0.0023741358891129494,-0.005360640547708688,IN BAND,False,True,0.0,6266.601723154,3393829.540985411,1.0,2653755.274192721,829443.789118103,-0.002571603639063033,-14724.767855599523,,0.0,,,,,-3.312661433271373,-0.06522112666378904,-3.312661433271373,-0.06522112666378904,,0.7743464921449621,2.3421545632890126,1,0.38950217354415345,,2804.415649517905,2804.415649517905,0.0,0.0018464692016719464,-0.21806463781922306,5GLT9wjW...,63792.008538409,0.06574595454770626,,,False,1727132,1.0,203,5H6Bqkzj...,0.179995422293431,16.890611182782383,13.850378490143319,0.0,,COUNTER,1316853.304132121,0.0,0.0,DIVERGENT,-0.898374550844846,2.163955997220761,1295.967040512703,29259.979274079,0.008621522949435833,29259.979274079,0.008621522949435833,0.0,FORTRESS,True,True,0.08621522949435832,,,8832.173477814005,0.0026024210618573232,30.0
69,37,78,77,65,True Performance Network,2026-09-12,9052372,0.002483256,0.002506464719772339,-0.009259543766667027,IN BAND,False,True,2.792e-06,6038.859966806,3438293.996080783,1.0,2431831.016454027,299926.883326746,-0.00012719120635281114,7321.715756883845,ACCUMULATING_PRE_EMA,0.0,,,,0.0012150266838992121,-5.115954132204563,-0.11265778249444883,-5.07233255641842,-0.06903620670830576,0.043621575786143056,0.7643325448596265,-0.04240654910224385,1,0.20079990011892068,MINER_BURN_ONLY,1447.565546776983,1447.385368246427,6.103608758667445e-05,0.001756353579330194,-0.2927214997848816,5GxEEHxL...,1562483.389500806,,,,False,4950813,0.6323114251270392,0,5DAmVrUg...,0.179995422293431,0.7084360452242292,0.5809208000962058,0.5112243807895981,,COUNTER,1019458.965184758,0.0,0.0,DIVERGENT,-0.8025211103989331,1.1168381008160677,1295.967040512703,171794.150223016,0.04996493912935876,171794.150223016,0.04996493912935876,0.0,FORTRESS,True,True,0.49964939129358754,,,15495.187494375003,0.004506649958391441,30.0
70,113,113,78,72,StreetVision by NATIX,2026-09-12,9052372,0.002326473,0.0023404064122587442,-0.005953415691293157,IN BAND,False,True,0.0,6468.797215767,2580125.565236078,1.0,2780516.597583278,238850.338763611,-0.000693472829379333,-4337.041814887896,,0.0,,,,,-3.1708505586814506,-0.07243322424406674,-3.1708505586814506,-0.07243322424406674,,1.0185550794151141,1.5986323794801702,1,0.38950217354028105,MINER_BURN_ONLY,2804.4156494900235,2804.4156494900235,0.0,0.0025071637221559463,0.07766723368633396,5FjP8fFb...,0.049404032,3.250314455861186e-07,,,False,5064327,1.0,228,5E2LP6En...,0.0,0.38742744136152596,0.38742744136152596,0.3359936518594253,,COUNTER,474638.634957114,0.0,0.0,DIVERGENT,-0.8983745508438357,2.1639559971992472,1295.967040512703,402732.288008553,0.1560901893438289,396743.967956734,0.15376924801736633,5988.32005181897,FORTRESS,True,True,1.5376924801736649,0,,9203.181616868002,0.0035669510588434957,30.0
71,114,114,79,126,Poker44,2026-09-12,9052372,0.004160272,0.0041853697039186954,-0.005996532133158341,IN BAND,False,True,0.0,2393.853056161,1286962.635906674,1.0,575407.84502029,64094.574551559,-0.0001583244541660852,3907.073565509869,ACCUMULATING_PRE_EMA,0.0,,,,,-0.9731932163382394,-0.07295780762009314,-0.9731932163382394,-0.07295780762009314,,2.0420173256611727,0.8550860557474362,1,0.38950217353930283,MINER_BURN_ONLY,2804.4156494829804,2804.4156494829804,0.0,0.0018600796863651866,-0.5528946938168497,5DqrUa2z...,561842.3203569129,,,ENTRY_REPEATED,False,7525773,1.0,2,5G9hfkx9...,0.009994659342336155,0.8210482023798116,0.812842105293388,0.015259720441921504,,COUNTER,421782.499104832,5493.154491675,0.0,DIVERGENT,-0.8983745508435804,2.1639559971938125,1295.967040512703,171439.094523612,0.1332121770596953,1096.553699538,0.0008520478131561842,170342.540824074,EXPOSED,False,False,1.1377772471519338,0,,25786.905599364003,0.02003702740071933,30.0
72,49,19,10,110,Green Compute,2026-09-12,9052372,0.013185288,0.012956141727045178,0.017686304903294797,IN BAND,False,False,0.002827802,7452.854238733,2933904.35637226,1.0,565240.183471474,400229.518070681,0.0008840356011466324,-1961.5149500065017,DISTRIBUTING_PRE_EMA,0.0,,0.06704712109031159,0.06704712109031159,0.997129880439385,2.141151684110061,0.21518337632342002,1.8448175537147167,-0.08115075407192404,-0.29633413039534406,0.8957347209673504,1.293464010834729,1,0.0,,0.0,0.0,0.0,0.002540251260251841,-0.8073419966062295,5D53sX6A...,1600173.060271146,0.24484312732898778,BUYBACK_GAMING,,False,5606062,1.0,155,5FmpATto...,0.179995422293431,9.171855313042894,7.520963342757489,0.0,,COUNTER,653602.202903777,0.0,0.0,DIVERGENT,1.0,0.0,1295.967040512703,9205.92186508,0.003137771633586249,9205.92186508,0.003137771633586249,0.0,NEITHER,True,True,0.0313777163358625,,,18522.750695271003,0.006313345101056456,30.0
73,43,3,80,120,Affine,2026-09-12,9052372,0.050780673,0.05093080271035433,-0.0029477193047226036,IN BAND,False,False,0.00938339,79413.360221913,2650871.790552357,1.0,1563850.147275517,1490038.264460568,-0.0050901304439632976,5438.598363684025,ACCUMULATING_PRE_EMA,0.0,,,,0.3105214141687402,-1.9068534921701725,-0.035863918207458344,-1.9530247787248256,-0.08203520476211154,-0.04617128655465319,0.9913719740675986,0.3566927007233934,1,0.0,,0.0,0.0,7.629510948348184e-05,0.029957450414969253,-0.4100619656031488,5EfNFhH2...,3110741.992181622,,,,False,5749344,0.0,116,5E2LP6En...,0.0,0.3388813237967624,0.3388813237967624,0.01261940366832484,,COUNTER,180555.409154778,0.0,0.0,DIVERGENT,1.0,0.0,1295.967040512703,56923.958021956,0.02147367451901356,56923.958021956,0.02147367451901356,0.0,DORMITORY,True,True,0.2147367451901359,,,19267.782162561994,0.007268470029833922,30.0
74,115,115,81,116,Memo,2026-09-12,9052372,0.005720967,0.0057654224801808596,-0.007710706428484422,IN BAND,False,True,0.0,1403.813576358,709688.183305559,1.0,245380.44662842,107311.475289317,0.0001614247536338362,1589.0384445158124,,0.0,,,0.028216340635042327,,-5.1971000708383865,-0.0938135948798938,-5.1971000708383865,-0.0938135948798938,,3.7030347437368905,2.759906358564204,1,0.38950217372111284,MINER_BURN_ONLY,2804.4156507920125,2804.4156507920125,0.0,0.001978070946340645,-0.6542418534592762,5F48aA3P...,97967.294655879,,,,True,8294730,1.0,0,5CXN6pP6...,0.179995422293431,10.998425719364704,9.018759437444722,0.0,,COUNTER,221162.204188751,1764.319155568,0.0,DIVERGENT,-0.8983745508910582,2.163955998203894,1295.967040512703,30.45052749,4.290691067754387e-05,30.45052749,4.290691067754387e-05,0.0,EXPOSED,False,True,0.00042906910677543866,,,36099.719395965,0.050867014901982845,30.0
75,48,24,5,61,RedTeam,2026-09-12,9052372,0.01580023,0.015667823143303394,0.008450877667278004,IN BAND,False,False,0.002153182,16319.217919525,5022158.659760545,1.0,1032846.860252362,662028.364973688,0.001606769924520486,-24.902185438084416,DISTRIBUTING_PRE_EMA,0.0,,0.10169281868178415,0.10169281868178415,0.34674224732484626,12.122237897561073,0.10281901161854905,11.920229004064817,-0.09918988187770679,-0.20200889349625584,0.5232809590538309,0.5487511408211021,1,0.0,,0.0,0.0,0.00039673456931410556,0.0032494429238727187,-0.7943420492060735,5ECEsYL8...,,,,,False,4457976,0.0013738570272786577,69,5HbLhpEA...,,1.0553777545170935,1.0553777545170935,0.0,,COUNTER,808370.14496251,0.0,0.0,DIVERGENT,1.0,0.0,1295.967040512703,1021287.884224886,0.20335635598449625,1021287.884224886,0.20335635598449625,0.0,DORMITORY,True,True,2.0335635598449624,0,,25504.632833843993,0.005078420368953466,30.0
76,41,27,4,83,CliqueAI,2026-09-12,9052372,0.009043968,0.0091482347343117,-0.011397470368860763,IN BAND,False,False,0.001847017,8298.792111069,2804894.348282777,1.0,917605.173434404,152778.380898502,0.000950791968390149,3875.439584584674,,0.0,,0.10512995715930762,0.10512995715930762,0.5848996590149241,-2.8088671684352753,-0.13866922282113928,-2.8014287608320574,-0.1312308152179215,0.007438407603217789,0.9369336857942347,0.5774612514117063,1,0.0,,0.0,0.0,0.0018768596932936532,0.0029586826028401812,-0.6728556975389363,5DqEjRLy...,1105051.860313066,,,,False,5231190,0.0,198,5E2LP6En...,0.0,0.41155128156634346,0.41155128156634346,0.09348390050358614,,COUNTER,345172.824104195,26063.92679357,0.0,DIVERGENT,1.0,0.0,1295.967040512703,8057.340853611,0.00287260048085016,8057.340853611,0.00287260048085016,0.0,NEITHER,True,True,0.028726004808501595,,,15211.847281464,0.005423322732557487,30.0
77,45,77,82,74,Gittensor,2026-09-12,9052372,0.003381637,0.003387162461876869,-0.0016312952033034863,IN BAND,False,True,2.858e-06,6099.68932211,3393937.606860562,1.0,1803768.165906581,352740.669791015,-0.0012658894502273344,3870.9095662054606,ACCUMULATING_PRE_EMA,0.0,,,,0.0012313453363558952,-4.01558592916859,-0.01984742497352575,-4.14406652383579,-0.14832801964072667,-0.1284805946672009,0.7743218362906015,0.1297119400035568,1,0.0,,0.0,0.0,7.629510948359286e-05,0.0017972308358821876,-0.4685323008110605,5D1VXeeS...,216.588029224,,,,False,5086205,0.6399053868457194,195,5E2LP6En...,0.0,0.2968620331792046,0.2968620331792046,0.07634671142987945,,COUNTER,531791.422968235,152637.92735,1799.3727433290042,OK,0.15488448508026662,0.0,1295.967040512703,378229.609193408,0.11144271138893312,378229.609193408,0.11144271138893312,0.0,DORMITORY,True,True,1.1144271138893314,0,,13972.421452998002,0.004116876345856776,30.0
78,116,116,83,113,TensorUSD,2026-09-12,9052372,0.002222213,0.0022525175008922815,-0.013453613958727215,IN BAND,False,True,0.0,1714.558203204,1575075.364622858,1.0,771554.130164529,67133.453681194,-0.0004889739469761811,17558.729788572295,ACCUMULATING_PRE_EMA,0.0,,,,,-8.924639945762221,-0.1636856364978478,-8.924639945762221,-0.1636856364978478,,1.668491590324161,-2.449964638102371,1,0.3859972391929154,MINER_BURN_ONLY,2779.180122188991,2779.180122188991,0.0,0.0010885562949646795,-0.5101476343785769,5GndoVhM...,583806.021336135,,,,False,7119664,1.0,0,5FRumLA6...,0.179995422293431,2.415497503368275,1.980719010200774,0.33271264823944197,,COUNTER,773588.455044519,0.0,0.0,DIVERGENT,-0.8974517708567992,2.1444836444987887,1295.967040512703,64231.168776196,0.04077974312776821,64231.168776196,0.04077974312776821,0.0,FORTRESS,False,True,0.40779743127768786,,,19727.067764337007,0.012524523084684606,30.0
79,46,34,84,11,TrajectoryRL,2026-09-12,9052372,0.008743168,0.00876530772075057,-0.002525834968481137,IN BAND,False,False,0.001216658,21401.217307993,3462160.85857865,1.0,2447764.418159753,1002079.858252771,-0.004553696919034271,5172.227421057876,ACCUMULATING_PRE_EMA,0.0,,,,0.14940165215769444,6.1130404050969815,-0.0307309921165205,5.9770243839511155,-0.1667470132623865,-0.136016021145866,0.7590635176549524,0.28541767330356044,1,0.0,,0.0,0.0,0.0,0.006181462439841407,-0.2929951203223584,5D2Jhtbn...,2480375.338375535,,,,False,2918568,0.0,189,5GgqDcxk...,0.0,0.3522567851358466,0.3522567851358466,0.06467168210465277,,COUNTER,1145934.992162841,48046.465498293,0.0,DIVERGENT,1.0,0.0,1295.967040512703,46180.459268605,0.0133386232341509,46180.459268605,0.0133386232341509,0.0,DORMITORY,True,True,0.13338623234150898,,,11248.807758968,0.0032490713801166557,30.0
80,117,117,85,94,pending...,2026-09-12,9052372,0.004142274,0.004203499294817448,-0.014565315829345699,IN BAND,False,True,0.0,2202.319105125,1864418.026581674,1.0,531669.123783998,115531.364828706,-7.290167659344193e-05,-592.399078548071,,0.0,,,,,1.8396495730453688,-0.17721134259037266,1.8396495730453688,-0.17721134259037266,,1.4095551333079088,1.4756658324036327,1,0.3895021735409844,MINER_BURN_ONLY,2804.4156494950876,2804.4156494950876,0.0,0.001181236757918959,-0.7148337464110391,5CnwnkkC...,759304.73892176,0.0,,,False,6962737,1.0,0,5EeKtCKE...,0.179995422293431,1.9508205877427458,1.599681812233271,0.37476537105708924,,COUNTER,771561.669947879,0.075116968,0.0,DIVERGENT,-0.8983745508440192,2.163955997203155,1295.967040512703,273.723032556,0.0001468141954505014,273.723032556,0.0001468141954505014,0.0,EXPOSED,False,True,0.001468141954505014,,,19994.374594316003,0.010724190771194582,30.0
81,47,23,86,56,Gradients,2026-09-12,9052372,0.016064315,0.01609707693569362,-0.0020352723556272658,IN BAND,False,False,0.002213276,51015.662715221,2802944.641254467,1.0,3175713.52810161,2849756.063948847,-0.009019599530651996,5803.4436026392505,ACCUMULATING_PRE_EMA,0.0,,,,0.11401379534102567,-1.4467944648084594,-0.0247624803267984,-1.601797638295397,-0.179765653813736,-0.1550031734869376,0.9375854097581571,0.2690169688279633,1,0.0,,0.0,0.0,6.103608758678547e-05,0.018200738596245974,0.13299188893183275,5EJ1zbdw...,16299.542979037,,,ENTRY_REPEATED,False,4312927,0.11606720483435329,26,5HbScNss...,0.0899977111467155,0.7474048917987969,0.6801401622370465,0.009400418135482,,COUNTER,841047.343861356,0.0,0.0,DIVERGENT,1.0,0.0,1295.967040512703,264724.185506575,0.09444502813587385,264724.185506575,0.09444502813587385,0.0,DORMITORY,True,True,0.9444502813587387,,,19814.37752674301,0.007069129099130199,30.0
82,40,40,3,96,Verathos,2026-09-12,9052372,0.007280346,0.00741233816370368,-0.017807088773959583,IN BAND,False,False,0.000733943,3321.360732485,855035.787426391,1.0,456209.211615525,95849.018267848,0.0007914143622985852,6247.396774542285,,0.0,,0.10870559754970233,0.10870559754970233,0.5807265031874134,-3.6320971819384655,-0.21665291341650825,-3.6099635271543726,-0.19451925863241523,0.022133654784093015,3.0735555618205526,0.5585928484033204,1,0.10835023779489938,MINER_BURN_ONLY,860.2985803920019,858.7670628822743,0.0005188067444876765,0.0038844698448027614,-0.46644433591442475,5CGq1JQh...,721530.076143125,,,,False,7692872,0.3492313094456573,40,5DRuogmW...,,6.762352891717205,6.762352891717205,0.0,,COUNTER,259944.832313352,7897.141864024,0.0,DIVERGENT,-0.5676559797825612,0.6626457587552025,1295.967040512703,187336.413656131,0.21909774586161232,187336.413656131,0.21909774586161232,0.0,FORTRESS,False,True,2.1909774586161324,0,,32771.344325048,0.038327453431730475,30.0
83,118,118,87,49,Nepher Robotics,2026-09-12,9052372,0.006963299,0.007078468566760421,-0.016270407316808927,IN BAND,False,True,0.0,3939.015337911,2236934.886703447,1.0,565682.400372574,151746.289956787,-3.683535129229573e-05,5073.856022312655,ACCUMULATING_PRE_EMA,0.0,,,,,-5.3542169150673775,-0.1979566223545086,-5.3542169150673775,-0.1979566223545086,,1.1748218580795897,0.2966405040132076,1,0.38560740153123246,MINER_BURN_ONLY,2776.4183467630064,2776.3733021303674,1.5259021896696368e-05,0.001760898522940869,-0.7471172036500416,5FL781vf...,1718333.742979163,,,,False,6783158,0.9900051881466109,0,5DLYBBCd...,0.179995422293431,1.1040077646267836,0.9052914208175589,0.7706851823592248,,COUNTER,780123.312135214,837.682351088,0.0,DIVERGENT,-0.8884839044576941,2.142317833200445,1295.967040512703,462097.602286592,0.20657624190732773,462097.602286592,0.20657624190732773,0.0,FORTRESS,False,True,2.0657624190732773,0,,18623.334183435007,0.008325380543767219,30.0
84,119,119,88,108,Prometheon,2026-09-12,9052372,0.002363976,0.0024108209181576967,-0.019431106559957542,IN BAND,False,True,0.0,1714.086763362,1662551.830224529,1.0,725086.221166075,58053.100492498,0.0005111478403079943,8189.48218757601,,0.0,,,0.21622378582015822,,-8.261774324978097,-0.23641179647948343,-8.261774324978097,-0.23641179647948343,,1.580702599596601,-0.27956684629175843,1,0.38950217353902794,MINER_BURN_ONLY,2804.4156494810013,2804.4156494810013,0.0,0.00103099748964248,-0.5638714227037499,5GpmtjiG...,1399524.238695341,,,,False,7105263,1.0,0,5CAxp9fh...,0.179995422293431,1.3032813321686645,1.0686966584178204,0.6928429726842668,,COUNTER,482648.127644108,0.238163524,0.0,DIVERGENT,-0.8983745508435087,2.1639559971922853,1295.967040512703,476525.16172656,0.28662274045447644,476525.16172656,0.28662274045447644,0.0,FORTRESS,False,True,2.8662274045447678,0,,19350.748936237997,0.01163918536820874,30.0
85,120,120,89,100,Cortex,2026-09-12,9052372,0.00487667,0.004984318977221847,-0.021597529715453367,IN BAND,False,True,0.0,2796.352133459,1950742.440631695,1.0,573414.241790705,387538.995448257,-0.001453934361040321,3126.788987898617,ACCUMULATING_PRE_EMA,0.0,,,,,-9.175067646492048,-0.2627699448713493,-9.175067646492048,-0.2627699448713493,,1.3471793842497184,0.7101738164274675,1,0.38950217354069333,MINER_BURN_ONLY,2804.415649492992,2804.415649492992,0.0,0.0014334809533100008,-0.7060533205425011,5FX6kmhY...,1207375.167315427,,,,False,6693448,1.0,0,5ExuWpCM...,0.179995422293431,1.426064473156653,1.169379396093162,0.5979979246780199,,COUNTER,723397.237987814,1077.059572996,0.0,DIVERGENT,-0.8983745508439432,2.163955997201538,1295.967040512703,261161.150861934,0.1338778228341431,261161.150861934,0.1338778228341431,0.0,FORTRESS,False,True,1.3387782283414322,0,,24883.50997715001,0.012755917674653226,30.0
86,52,81,90,10,Pareton,2026-09-12,9052372,0.00707085,0.007052669767290354,0.0025777802320994182,IN BAND,False,True,2.32e-07,17329.697420985,3472411.207398989,1.0,2450864.4690854,973686.399286191,0.0019830543029549486,3805.309839804657,,0.0,,,0.2804548679373694,3.5182149185230585e-05,0.2904172423431418,0.03136299282387625,-0.03677074337042474,-0.29582499288969033,-0.32718798571356655,0.7568228078518686,0.3272231678627518,1,0.35336152869337417,MINER_BURN_ONLY,2544.331544335,2544.286499702361,1.5259021896696368e-05,0.004990681225788871,-0.29418935123940243,5HK5714c...,881814.584394285,,,,False,2869647,0.9077578051087984,201,5GKbzKzG...,0.179995422293431,1.4191228007326324,1.1636871929285257,0.253673945886554,,COUNTER,807405.676216903,0.0,0.0,DIVERGENT,-0.8879796742887691,1.9632339559313214,1295.967040512703,63049.244912145,0.018157194279813438,20222.65797716,0.005823808520739049,42826.586934984996,FORTRESS,True,True,0.05823808520739301,,,20280.803712515994,0.005840553581125935,30.0
87,121,121,91,87,Provenonce,2026-09-12,9052372,0.003949171,0.0040505442302674055,-0.025027064143603624,IN BAND,False,True,0.0,1644.9024632,1749351.048366918,1.0,416518.325186409,100590.95641847,-0.0004810604927689679,10579.907467366895,ACCUMULATING_PRE_EMA,0.0,,,,,1.074213293603358,-0.30449594708051075,1.074213293603358,-0.30449594708051075,,1.5022713722630643,-0.7630647342919682,1,0.38950217353888245,MINER_BURN_ONLY,2804.4156494799536,2804.4156494799536,0.0,0.000940292953055692,-0.7619011805121398,5HartH15...,4228.442060925,,,,False,7208725,1.0,1,5E2LP6En...,0.0,0.6340502738386211,0.6340502738386211,0.41092901178050417,,COUNTER,738767.812267529,811.040088965,0.0,DIVERGENT,-0.8983745508433046,2.163955997191477,1295.967040512703,167128.845711414,0.09553762571979751,167128.845711414,0.09553762571979751,0.0,FORTRESS,False,True,0.9553762571979789,,,23147.841885101003,0.013232245126963135,30.0
88,51,39,92,77,Liquidity,2026-09-12,9052372,0.005527694,0.005530728027224541,-0.0005485764640037089,IN BAND,False,False,0.00081625,12074.899107244,3329829.313864506,1.0,2184436.747496513,409515.621518738,-0.006935415302332664,3418.928830023855,ACCUMULATING_PRE_EMA,0.0,,,,0.1776499315603477,-1.464838991832103,-0.006674346978711791,-1.7830410391126241,-0.324876394259233,-0.3182020472805212,0.7892296428101347,0.4958519788408689,1,0.0,,0.0,0.0,6.103608758678547e-05,0.0036262817006767873,-0.3439792975738549,5GxxsUeY...,2764897.270154236,,,,False,5128460,0.18308891974790553,148,5C8dR6A6...,0.179995422293431,1.8701686850340649,1.5335468828114078,0.0,,COUNTER,140886.89655137,14115.257752168,0.0,DIVERGENT,1.0,0.0,1295.967040512703,369577.913917543,0.1109900475615134,369577.913917543,0.1109900475615134,0.0,DORMITORY,True,True,1.1099004756151338,0,,12630.733248006,0.0037932074161924918,30.0
89,53,31,93,17,404—GEN,2026-09-12,9052372,0.010186951,0.010205309139564633,-0.0017988812796921208,IN BAND,False,False,0.001407737,27231.941750363,3284652.345561963,1.0,2673217.962053592,671038.251383681,-0.008483605846616416,3707.518765660934,ACCUMULATING_PRE_EMA,0.0,,,,0.13585270084351167,2.6397186683060703,-0.021886388902920804,2.312349994335312,-0.3492550628736788,-0.327368673970758,0.8000846736644155,0.46322137481426967,1,0.0,,0.0,0.0,0.0,0.00829066180692068,-0.18614884798005987,5E7a4a7Q...,1068937.447419524,,,,False,2840556,0.0,42,5CcEPLdb...,0.0,0.29978795040959455,0.29978795040959455,0.020890876073919214,,COUNTER,340475.604612198,0.0,0.0,DIVERGENT,1.0,0.0,1295.967040512703,531261.090604483,0.16174043238466107,524668.247404674,0.1597332661746002,6592.843199809082,DORMITORY,True,True,1.597332661746005,0,,20857.26952652599,0.006349916926431242,30.0
90,50,60,94,128,ByteLeap,2026-09-12,9052372,0.002883886,0.0028962676879018545,-0.004275049558980575,IN BAND,False,True,8.7218e-05,4084.60971246,2893516.568943567,1.0,1416355.737901106,91168.116874761,-0.00022424396803000932,4269.106955153169,ACCUMULATING_PRE_EMA,0.0,,,,0.056115252162478084,-0.14872280463098506,-0.052013102967596994,-0.4516374699405512,-0.35492776827716316,-0.3029146653095662,0.9082374119459395,0.35902991747204427,1,0.0,,0.0,0.0,9.15541313801782e-05,0.0014116420677526326,-0.5105069799039794,5GgMeLFN...,891757.043612335,,,,False,5856038,1.0,96,5HQTcjYx...,,6.411353364081079,6.411353364081079,0.0,,COUNTER,186014.794503201,289.843039317,0.0,DIVERGENT,1.0,0.0,1295.967040512703,3774.579362095,0.0013044955064740174,3774.573941721,0.001304493633191501,0.005420373999641015,NEITHER,True,True,0.013044936331915011,,,12606.412547238004,0.0043567791118060365,30.0
91,122,122,95,112,parked,2026-09-12,9052372,0.002824939,0.0029152478091418743,-0.030978090047328627,IN BAND,False,True,0.0,3807.847796811,2176130.651980145,1.0,1347939.534694893,155421.245480109,-0.0010482548438311206,28715.464915571734,ACCUMULATING_PRE_EMA,0.0,,,,,-6.024927455360639,-0.3769000955758316,-6.024927455360639,-0.3769000955758316,,1.2076480783029648,-3.6203018720328255,1,0.38950217353736255,MINER_BURN_ONLY,2804.4156494690105,2804.4156494690105,0.0,0.0017498249902165078,-0.3805795487206952,5GyUNPbb...,730931.299592187,,,ENTRY_REPEATED,False,5633022,1.0,0,5C4xjnQk...,0.179995422293431,2.101293538665719,1.723070320811125,0.4254627580839602,,COUNTER,1006862.285625995,0.0,0.0,DIVERGENT,-0.8983745508430742,2.163955997183033,1295.967040512703,109192.016768061,0.0501771420152108,109192.016768061,0.0501771420152108,0.0,FORTRESS,True,True,0.501771420152108,,,16164.030001213996,0.007427876624276086,30.0
92,54,59,96,32,ItsAI,2026-09-12,9052372,0.002950259,0.0029554704669862986,-0.0017633290687599033,IN BAND,False,True,9.4316e-05,7146.315513513,3578940.620364842,1.0,2422266.552378628,305452.580753443,-0.0011755096356559623,2844.1824435666203,ACCUMULATING_PRE_EMA,0.0,,,,0.03468394972644516,-1.833569903657585,-0.021453837003245487,-2.200450592911061,-0.3883345262567216,-0.3668806892534761,0.734295502151164,0.4015646389799213,1,0.0,,0.0,0.0,0.004135194934004716,0.00199676839365513,-0.32318877981386385,5DWgkCSv...,62423.6768619,,,,False,2515294,0.25487251777396414,102,5CRnttZS...,,4.704661043210602,4.704661043210602,0.0,,COUNTER,17419.272873098,0.0,0.0,DIVERGENT,1.0,0.0,1295.967040512703,634410.218859858,0.177262013024174,634410.218859858,0.177262013024174,0.0,DORMITORY,True,True,1.7726201302417401,0,,11385.317622063998,0.003181197686622519,30.0
93,123,123,97,73,Parked,2026-09-12,9052372,0.003219107,0.0033302190713584423,-0.033364793419766836,IN BAND,False,True,0.0,6973.67417264,3484473.080844629,1.0,2166337.828661164,579798.424557456,-0.0012004820451322843,43945.30499919318,ACCUMULATING_PRE_EMA,0.0,,,,,-0.6485602293006214,-0.4059383199404965,-0.6485602293006214,-0.4059383199404965,,0.7542029853658615,-3.838160669133597,1,0.38950217354095207,MINER_BURN_ONLY,2804.4156494948547,2804.4156494948547,0.0,0.002001356879746534,-0.37828817751428145,5Fvs6HPW...,1460551.786177167,,,,False,5160047,1.0,0,5Dnkprjf...,0.179995422293431,1.113627776984487,0.9131798749884693,0.5095836894152118,,COUNTER,1560318.978890675,0.0,0.0,DIVERGENT,-0.8983745508440107,2.163955997202975,1295.967040512703,996071.675522585,0.28586005757896094,928020.505486847,0.2663302266814748,68051.17003573803,FORTRESS,True,True,2.6633022668147484,0,,9397.384236395003,0.002696931219832267,30.0
94,55,75,98,45,AlphaRidge.ai,2026-09-12,9052372,0.002558961,0.002560799475759268,-0.0007179303872369458,IN BAND,False,True,8.259e-06,6409.970700607,3194478.498789458,1.0,2504911.308883296,746883.366030954,-0.0007759101295867152,2275.926219742745,ACCUMULATING_PRE_EMA,0.0,,,,0.003386076631823707,-0.8196594028739209,-0.008734819711382841,-1.2738410408238916,-0.4629164576613535,-0.45418163794997063,0.8226694908091808,0.45756771458179435,1,0.213569178688694,MINER_BURN_ONLY,1547.9313444790896,1542.661122460321,0.001785305561913475,0.002006578132560932,-0.21586216727768331,5FbcZiAH...,852.433413449,,,,False,3633154,0.37899354917606776,55,5E2LP6En...,0.0,0.3529683548976451,0.3529683548976451,0.22971508797631585,,COUNTER,1070047.292820482,0.0,0.0,DIVERGENT,-0.3878934886151689,1.1903552129304324,1295.967040512703,111021.441533587,0.03475416772273107,111019.200205241,0.03475346609698939,2.241328346004593,FORTRESS,True,True,0.34753466096989394,,,13374.904177718001,0.004186881890983582,30.0
95,56,47,99,48,Quantum Compute,2026-09-12,9052372,0.004086701,0.004091762937605381,-0.0012371043197198345,IN BAND,False,False,0.000322128,10561.747380597,3229965.542936367,1.0,2584418.978683193,691230.912457439,-0.0027008449742481964,2609.217135671992,ACCUMULATING_PRE_EMA,0.0,,,,0.0801526824581321,-1.7089544777697168,-0.015051435889924653,-2.1750825532738958,-0.48117951139410375,-0.4661280755041791,0.8136309706916814,0.5462807579623112,1,0.0,,0.0,0.0,3.0518043793392735e-05,0.0032699257128902055,-0.19986176799080588,5GNH5YMk...,11789.550902164,,,,False,3856677,0.9900050356309035,10,5F7SXJdP...,,15.99227980463832,15.99227980463832,0.0,,COUNTER,695492.461656953,0.0,0.0,DIVERGENT,1.0,0.0,1295.967040512703,101862.559282014,0.03153673249077778,101862.559282014,0.03153673249077778,0.0,DORMITORY,True,True,0.31536732490777775,,,9026.469860603996,0.002794602524582358,30.0
96,62,17,100,28,SayGM,2026-09-12,9052372,0.020887517,0.02061248547397554,0.013342957906347847,IN BAND,False,False,0.002843985,22090.713546427,5003488.489923827,1.0,1057603.638987534,6523167.13894888,-0.0018433106521580824,-5756.174589687027,,0.0,,,,0.3383318770709812,-5.329207723115503,0.1623393211938988,-5.985553398867444,-0.494006354558043,-0.6563456757519418,0.5252335456136941,0.994677552822923,1,0.04859089741628429,,398.5257313528564,397.4897048021583,0.00035095750362401645,0.004415062329195706,-0.7886267511262489,5CA6rwAy...,2547947.548901082,0.07204730143033675,,,False,4878363,0.1141775552570522,18,5DcbDPH9...,,0.25498941407792997,0.25498941407792997,0.00824075204492736,,COUNTER,1396347.848667645,33762.848582854,0.0,OK,-0.151030592262812,0.3067128193668457,1295.967040512703,428098.014093945,0.08555990784350986,428092.217370544,0.08555874930713815,5.796723400999326,FORTRESS,True,True,0.8555874930713816,,,26618.973925363996,0.005320082973903122,30.0
97,58,2,2,51,lium.io,2026-09-12,9052372,0.098247588,0.09810690325684845,0.0014339943315020667,IN BAND,False,False,0.013747591,165981.107903905,4182595.557543276,1.0,1689416.654067771,2025472.661047489,0.015805744069074572,-482.4704245517496,DISTRIBUTING_PRE_EMA,0.0,,0.16087666263190678,0.16087666263190678,0.2176673574736996,8.14823456187355,0.017446931033275145,7.634445141604326,-0.49634248923594987,-0.513789420269225,0.6283179819431559,0.7314567777429246,1,0.0,,0.0,0.0,0.0005493247882810692,0.039683757518596194,-0.5960841550777186,5FqACMtc...,216.588029224,0.0,,,False,3966206,0.844089222736225,189,5GP7c3fF...,0.0009918364232852674,0.29715733572129516,0.2968626042522804,0.17485121318480085,,COUNTER,1211884.876759297,47834.295633396,0.0,DIVERGENT,1.0,0.0,1295.967040512703,495722.886024411,0.11852039701289764,495722.886024411,0.11852039701289764,0.0,DORMITORY,True,True,1.1852039701289785,0,,13603.982388877008,0.0032525215985424027,30.0
98,124,124,101,99,Thirty Spokes,2026-09-12,9052372,0.002550462,0.0026722962502390146,-0.045591595702803425,IN BAND,False,True,0.0,626.194816816,386979.416099965,1.0,245522.123454058,31725.939722872,,8325.561229162617,,,,,,,-10.83426814572921,-0.5546977477174416,-10.83426814572921,-0.5546977477174416,,6.7910588797858225,-1.3258008347394419,1,0.3895021735419444,MINER_BURN_ONLY,2804.4156495019997,2804.4156495019997,0.0,0.0016181605293813367,-0.36554219220622114,5DebFXsw...,1079903.965588791,,,,True,8572056,1.0,0,5FWbrcGF...,0.179995422293431,1.993010231665492,1.634277513381733,0.9974974822229682,,COUNTER,86763.454166305,0.012273672,0.0,DIVERGENT,-0.8983092972567525,2.1639559972084883,1295.967040512703,0.0,0.0,0.0,0.0,0.0,EXPOSED,False,,,,,50836.08272742201,0.13136637405615903,30.0
99,59,72,102,13,Data Universe,2026-09-12,9052372,0.005594568,0.00559964869171381,-0.0009073232971432541,IN BAND,False,True,8.714e-06,19984.388460341,2454776.464923189,1.0,3572105.516277161,969960.019142536,-0.0029832593986156373,3051.4267064398155,ACCUMULATING_PRE_EMA,0.0,,,,0.0011459140741507206,-1.9086261602944954,-0.011039100115242924,-2.4843120768172047,-0.5867250166379523,-0.5756859165227094,1.0705659099930434,0.5768318305968602,1,0.27613512129385204,MINER_BURN_ONLY,1996.4948585919337,1991.2696812058043,0.0017700465400167786,0.008141021696232664,0.45516538475046925,5HBswBt1...,23879.578398649,,,,False,1907637,0.7130955838517862,3,5HEU7ksV...,0.179995422293431,0.5684665472434205,0.46614517101265235,0.024324365567441365,,COUNTER,658021.130549624,0.0,0.0,DIVERGENT,-0.856386009466573,1.5365125955811574,1295.967040512703,93697.039216446,0.03816927551461507,93697.039216446,0.03816927551461507,0.0,FORTRESS,True,True,0.38169275514615064,,,10008.965385722004,0.004077342898118093,30.0
100,60,32,103,19,blockmachine,2026-09-12,9052372,0.010062145,0.010073226410895586,-0.001100085557850677,IN BAND,False,False,0.001391047,32181.423272301,2756833.907078313,1.0,3198266.501486191,1676600.923906077,-0.008205630128196056,2604.638754740823,ACCUMULATING_PRE_EMA,0.0,,,,0.11359570659966702,-1.701472372833818,-0.013384374287183238,-2.286470541510193,-0.5983825429635583,-0.5849981686763751,0.9532674395989089,0.6985938752760421,1,0.0,,0.0,0.0,0.0002288853284504455,0.011673326851383226,0.16012310013254885,5FWh37Lf...,1298009.249194615,,,,False,1956072,0.06498778998778998,100,5GNNB5kZ...,0.179995422293431,2.1194080858702855,1.737924332441951,0.00041202502670532583,,COUNTER,1006514.180053119,0.0,0.0,DIVERGENT,1.0,0.0,1295.967040512703,169492.989899939,0.06148103063617907,169492.989899939,0.06148103063617907,0.0,DORMITORY,True,True,0.6148103063617907,,,28088.302952891005,0.010188609070997291,30.0
101,61,15,6,68,NOVA,2026-09-12,9052372,0.02156173,0.021558581618592143,0.0001460384297797656,IN BAND,False,False,0.003066842,44129.329564653,3714604.571801769,1.0,2046650.706019829,1686621.298290466,0.0020257665134935203,-528.6384222074412,DISTRIBUTING_PRE_EMA,0.0,,0.09395194696777671,0.09395194696777671,0.1826372812709958,-1.3894948492250028,0.0017768008956538146,-2.0083091320141535,-0.6170374818934968,-0.6188142827891506,0.7074777272255627,0.8014515640601464,1,0.0,,0.0,0.0,0.0,0.0118799534948206,-0.44902595965998093,5EcdJLAe...,3125201.156023024,1.118539533415695,BUYBACK_GAMING,,False,4972413,0.0,11,5E2LP6En...,0.0,0.17161707902489545,0.17161707902489545,0.06244658771822732,,COUNTER,682309.357738917,6247.123951755,0.0,DIVERGENT,1.0,0.0,1295.967040512703,561765.788700891,0.1512316527485472,561765.788700891,0.1512316527485472,0.0,DORMITORY,True,True,1.5123165274854724,0,,26019.623107378993,0.0070046818185974975,30.0
102,65,33,104,14,Cacheon,2026-09-12,9052372,0.00927058,0.009268207242712379,0.0002560103831825396,IN BAND,False,False,0.001296722,25109.319851121,3166107.487576053,1.0,2708494.856100777,2660567.958197217,-0.012349965626037119,933.7307043639012,ACCUMULATING_PRE_EMA,0.0,,,,0.13571794999647752,-2.440526620938869,0.0031147929953875652,-3.107611267902505,-0.6639698539682483,-0.6670846469636358,0.8300413079190739,0.8028025969601134,1,0.0,,0.0,0.0,0.00010681315327687457,0.007930659318943241,-0.14453471962452827,5CKhH8nK...,1712071.201721943,0.0,,,False,4848444,0.0,99,5DZYnuVE...,,1.7805018574017144,1.7805018574017144,0.044054812915827385,,COUNTER,1226319.247799996,526.080568229,0.0,DIVERGENT,1.0,0.0,1295.967040512703,52565.979365978,0.016602714712702978,52565.979365978,0.016602714712702978,0.0,DORMITORY,True,True,0.1660271471270298,,,12446.918096530997,0.0039312999149186375,30.0
103,44,67,105,103,Capcomp,2026-09-12,9052372,0.002441327,0.0025571808218955994,-0.04530529124245449,IN BAND,False,True,5.3727e-05,471.875646538,214423.475057788,1.0,193286.529230469,33361.101680964,,6825.8045551628165,,,,,,0.29921984115073347,-41.933817982685255,-0.5512143767831963,-42.04947846919422,-0.6668748632921593,-0.11566048650896293,12.256120740939132,0.4148803276596964,1,0.0,,0.0,0.0,0.0,0.002200671574839591,-0.09857566199055237,5H3SQ4du...,1066540.993734962,,,,True,8762380,0.0,1,5E2LP6En...,0.0,0.9738216140044633,0.9738216140044633,0.015137180700094607,,COUNTER,60139.256694016,0.014698804,0.0,DIVERGENT,1.0,0.0,1295.967040512703,0.0,0.0,0.0,0.0,0.0,NEITHER,False,,,,,59886.56641586402,0.2792910916107686,30.0
104,63,65,106,7,Allways,2026-09-12,9052372,0.003065594,0.0030679635237902403,-0.0007723441859285449,IN BAND,False,True,6.7293e-05,6229.636643246,3215797.933144738,1.0,2032114.081438692,326304.498588744,-0.001063203871299582,785.9281631286722,ACCUMULATING_PRE_EMA,0.0,,,,0.02838785215374183,-0.9626197429410912,-0.00939685426213063,-1.6230663928907365,-0.6698435042117759,-0.6604466499496452,0.817215526172713,0.688834502103387,1,0.0,,0.0,0.0,4.57770656900891e-05,0.0019371977881564282,-0.36808403586501404,5CAc19iE...,0.340323109,,,,False,2627691,0.8933650735518526,121,5H6MvgnH...,,16.91718448791723,16.91718448791723,0.0,,COUNTER,36084.978602376,219377.25607671,240.91877722900244,DIVERGENT,0.5316941596813557,0.0,1295.967040512703,3211.260531444,0.000998589027732753,3211.260531444,0.000998589027732753,0.0,NEITHER,True,True,0.009985890277327528,,,10693.088128664995,0.003325174140592905,30.0
105,64,52,9,89,InfiniteQuant,2026-09-12,9052372,0.003286757,0.0032891782466322184,-0.0007361250898146093,IN BAND,False,False,0.000142223,6403.974390989,2889138.248854127,1.0,1948417.10859602,187252.276522414,0.00022740814707736934,1430.412469776813,,0.0,,0.06918921814949183,0.06918921814949183,0.058364075366372274,-1.7433359286503898,-0.008956188592744413,-2.4074954574835994,-0.6731157174259542,-0.6641595288332098,0.9096137926394842,0.7225236041995821,1,0.0,,0.0,0.0,0.0009613183794918712,0.002216569038719039,-0.32560604914843444,5Dc5NmEU...,112278.197086481,,,,False,5313364,0.05431329423264908,137,5FFQKsXc...,0.0,0.2539697094127583,0.2539697094127583,0.001053033193437619,,COUNTER,601037.833009041,0.0,0.0,DIVERGENT,1.0,0.0,1295.967040512703,6094.632142656,0.002109498271698565,6094.632142656,0.002109498271698565,0.0,NEITHER,True,True,0.021094982716985653,,,12395.718130780006,0.004290455167971392,30.0
106,66,13,1,9,iota,2026-09-12,9052372,0.027016414,0.027027721283957362,-0.00041835875982910704,IN BAND,False,False,0.003684201,55470.706086311,3996976.229581621,1.0,2053222.34563805,1101099.388955546,0.01301328860220348,-1931.7262624111027,DISTRIBUTING_PRE_EMA,0.0,,0.4816808256715151,0.4816808256715151,0.17454402352360415,-4.137052208119806,-0.005090031577920802,-4.858699499662012,-0.7267373231201271,-0.7216472915422063,0.6574970300173847,0.8961913150658104,1,0.052429595053374314,,429.01649703108706,428.97145239844804,1.5259021896696368e-05,0.01387816761975523,-0.48630607971305034,5Fsbubec...,23973.926411388,0.1745753247803391,,,False,1489797,0.25998718222602,209,5Fsbubec...,0.179995422293431,9.817312081574608,8.050240847665185,0.0,,COUNTER,1191450.604504103,46681.104420658,0.0,OK,-0.24519476610008942,0.3310049090667775,1295.967040512703,566487.003304132,0.1417288897320834,566487.003304132,0.1417288897320834,0.0,FORTRESS,True,True,1.4172888973208337,0,,13362.981402131,0.003343272672784885,30.0
107,57,68,107,82,Compelle,2026-09-12,9052372,0.00227421,0.0023260703310370445,-0.02229525493922762,IN BAND,False,True,3.7058e-05,1329.766127297,684903.922644493,1.0,584715.564455908,118130.442245653,0.0004909697292762227,5980.956011302536,,0.0,,,0.2158858369615043,0.07323725728971629,-14.65922855365506,-0.271258935093936,-15.14378292111546,-0.7558133025543361,-0.48455436746040004,3.8370345286576675,0.5577916247501163,1,0.0,,0.0,0.0,0.0,0.0019415367372442832,-0.14628080201727933,5H6h1PUD...,351881.296063688,,,,False,8026517,0.0,5,5E2LP6En...,0.0,0.789695170233184,0.789695170233184,0.4581425868278093,,COUNTER,51466.221683119,7195.897335065,0.0,DIVERGENT,1.0,0.0,1295.967040512703,744.314271862,0.0010867426032371325,744.314271862,0.0010867426032371325,0.0,NEITHER,False,True,0.010867426032371326,,,35189.110297013016,0.0513781701835548,30.0
108,67,62,108,1,Apex,2026-09-12,9052372,0.007110322,0.007116253022104502,-0.0008334473333198155,IN BAND,False,True,7.4406e-05,23952.757170108,2521273.634405558,1.0,3368729.987027898,835405.16684578,-0.002493990990679855,1314.3261225288734,ACCUMULATING_PRE_EMA,0.0,,,,0.008163526503914302,-1.1547249151626293,-0.010140275888724421,-1.9680889158636867,-0.8235042765897819,-0.8133640007010574,1.0423303381822755,0.8215275272049717,1,0.23897423443976332,MINER_BURN_ONLY,1738.710152294021,1738.620063028743,3.0518043793392735e-05,0.0095002608377156,0.3361224481416735,5HCFWvRq...,27489.110350572,,,,False,1497824,0.6093571177879846,226,5CAQAgXx...,0.0899977111467155,0.43886103794035863,0.3993645490142545,0.03483900503586144,,COUNTER,880151.656505509,0.0,0.0,DIVERGENT,-0.8280178821298916,1.341561944616215,1295.967040512703,192837.392404241,0.07648411888847058,192824.591394465,0.0764790416887564,12.801009775983403,FORTRESS,True,True,0.7647904168875639,,,10113.760721114006,0.00401136972326232,30.0
109,68,83,109,101,Tag101,2026-09-12,9052372,0.004241018,0.004242089344188571,-0.00025255106661971046,IN BAND,False,True,4.2e-08,3830.99599489,2485358.789788191,1.0,903319.878333016,166101.298054559,0.0003527464605012477,129.49056479416322,,0.0,,,0.08317495009482338,2.88113065498439e-05,-1.8673690402600023,-0.003072704643873144,-2.8665669989991494,-1.00227066338302,-0.999197958739147,1.0573926029504839,0.9992267700456968,1,0.3492803449187841,MINER_BURN_ONLY,2524.2128321999917,2514.8435486110698,0.0031738765545128445,0.0015414257332304474,-0.6365434588510477,5H8dNvi1...,1361203.441522068,,,,False,5481350,0.9026589312229247,0,5H6Dezn7...,0.179995422293431,1.1744096164027975,0.9630212615529097,0.5838674235488006,,COUNTER,888839.427837927,6970.543419914,0.0,DIVERGENT,-0.8870439302742247,1.9405150516915628,1295.967040512703,13574.61335476,0.005461832476878263,13574.61335476,0.005461832476878263,0.0,FORTRESS,True,True,0.054618324768782645,,,15173.506924904998,0.0061051575278586335,30.0
110,69,28,110,5,Hone,2026-09-12,9052372,0.012852335,0.012824425240978599,0.0021762970657132653,IN BAND,False,False,0.001828152,33470.529242142,3156671.685633988,1.0,2604237.073715655,975376.875739476,-0.015845505017582865,-3837.4081409806386,,0.0,,,,0.14354070774449862,-0.7063530318093487,0.02647828096617806,-1.9014106565350928,-1.168579343759566,-1.195057624725744,0.8325224355640237,1.3385983324702426,1,0.0,,0.0,0.0,0.0019378957808804387,0.010603107505435668,-0.17500535852546106,5GurNtB3...,,,,,False,2491604,0.0,1,5E2LP6En...,0.0,0.47006107275980885,0.47006107275980885,0.08299888602340877,,COUNTER,1488567.694632255,0.0,0.0,DIVERGENT,1.0,0.0,1295.967040512703,6649.821324041,0.0021065926349909414,6649.821324041,0.0021065926349909414,0.0,NEITHER,True,True,0.021065926349909416,,,14882.185009583998,0.004714517850339907,30.0
111,70,6,111,4,Targon,2026-09-12,9052372,0.058278724,0.058086595265194774,0.003307626035371125,IN BAND,False,False,0.007789478,140426.794125472,3782663.965948836,1.0,2409572.233332866,2309828.712957497,-0.0046476622979413,-6263.452617644798,,0.0,,,,0.14577522980200838,0.8199453852867903,0.040242783430348684,-0.4001849074583338,-1.1798875093147754,-1.220130292745124,0.6947484692420458,1.3659055225471324,1,0.021570159697041878,MINER_BURN_ONLY,176.1982288690051,176.06309497108796,4.57770656900891e-05,0.03712378244263302,-0.36299596328442224,5CXGPMnq...,,,,,False,1411451,0.14495208447781238,238,5CdBXrFk...,0.0,0.277906851570862,0.277906851570862,0.02437014542735499,,COUNTER,559638.716284279,0.0,0.0,DIVERGENT,0.45460509306747826,0.13585460854115156,1295.967040512703,183019.057563734,0.04838364158467506,183019.057563734,0.04838364158467506,0.0,DORMITORY,True,True,0.4838364158467506,,,14963.758785106002,0.003955878428485392,30.0
112,71,36,112,81,Reliquary,2026-09-12,9052372,0.006165424,0.006166397826746106,-0.00015792473555342116,IN BAND,False,False,0.000924884,17986.798187762,2495730.376389774,1.0,2917365.681827282,905553.603568729,-0.010295262693937652,-1461.9765569311567,,0.0,,,,0.13513217453308324,-4.774850709136206,-0.0019214176158999575,-6.005761281562221,-1.2328319900419156,-1.2309105724260156,1.0529983626683113,1.3660427469590988,1,0.03655839946997803,SKIN_IN_GAME,304.82367001194507,302.70657227790986,0.0007171740291447293,0.007207027793515499,0.16894276752345003,5GnpQR4N...,74993.409457836,0.47423150302070993,BUYBACK_GAMING,,False,5203057,0.06156853163938436,221,5EkCFpEJ...,,8.402863207262818,8.402863207262818,0.0,,COUNTER,853405.684676938,0.0,0.0,DIVERGENT,0.3017083283158986,0.23357582624798454,1295.967040512703,504190.4455065,0.20202119999670887,499696.729337331,0.20022063844098928,4493.716169168998,DORMITORY,True,True,2.002206384409895,0,,13053.206973014003,0.0052302152093433515,30.0
113,72,46,113,33,ReadyAI,2026-09-12,9052372,0.004434242,0.00445407466031611,-0.004452700466117112,IN BAND,False,False,0.000437956,14206.815690652,2132217.508810956,1.0,3203887.6337875,902833.031888702,-0.0054386194078304825,-2634.761811290402,,0.0,,,,0.08101381710451253,-4.3947208709221846,-0.0541745223377582,-5.819327943500894,-1.478781594916467,-1.424607072578709,1.2325196604663096,1.5056208896832215,1,0.484815220275238,SKIN_IN_GAME,3849.66622354195,3835.4321196280107,0.004821850919356052,0.006662929852111812,0.5026085297355924,5HinUfk5...,45793.119849981,0.47127425840086057,BUYBACK_JUSTIFIED,,False,2943950,0.0,209,5E2LP6En...,0.0,0.513795764347912,0.513795764347912,0.41961179271195753,,COUNTER,588076.249106669,0.0,0.0,DIVERGENT,-0.5357504973046773,2.9595136293826263,1295.967040512703,138809.800536348,0.06510114468282184,138808.045342108,0.06510032150496463,1.755194239987759,FORTRESS,True,True,0.6510032150496464,,,12761.483361229999,0.005985075776038682,30.0
114,73,71,114,60,Bitsec.ai,2026-09-12,9052372,0.004085594,0.004066710360348225,0.004643468056121428,IN BAND,False,True,2.1804e-05,7042.521692267,3922316.981649786,1.0,1723744.762059735,940949.211735548,0.00042835187573598795,-11596.922640846577,DISTRIBUTING_PRE_EMA,0.0,,,0.10484445486653544,0.008136419666682593,-5.96011058525204,0.05649552801614404,-7.686088524497497,-1.6694824112293125,-1.7259779392454566,0.6700121413681929,1.7341143589121393,1,0.19371100597394872,MINER_BURN_ONLY,1402.2078247460304,1402.1627801133914,1.5259021896696368e-05,0.0017955003956117816,-0.560528922939533,5CXLwkK1...,130760.050167214,0.046688785168924815,,,False,4796992,1.0,113,5CXLwkK1...,0.179995422293431,4.1200887093081064,3.3784916021897966,0.0,,COUNTER,674674.702439993,0.0,0.0,DIVERGENT,-0.7943743693740801,1.081943241055479,1295.967040512703,1059347.077385213,0.2700819649052524,1059347.077385213,0.2700819649052524,0.0,FORTRESS,True,True,2.7008196490525243,0,,9250.966706086001,0.002358546427880723,30.0
115,74,14,115,53,engy,2026-09-12,9052372,0.025071472,0.024429221637547016,0.026290250748958136,IN BAND,False,False,0.003461735,31983.366989881,4687964.929792532,1.0,1275687.699844739,1502286.449896284,-0.0011223092088040443,-22915.00102088414,,0.0,,,,0.284442835017285,-6.838606679308632,0.3198647174456573,-8.966879415050393,-1.8084080182961026,-2.12827273574176,0.5605843984238814,2.412715570759045,1,0.0,,0.0,0.0,0.0002441443503471419,0.006822441607150939,-0.72788029330105,5H8SFVCx...,2580038.472201794,0.005039092626348074,,,False,4203869,0.5836322288191211,101,5G9hfkx9...,0.009994659342336155,0.23787414983433772,0.2354966787403957,0.008423622768197771,,COUNTER,526171.923754839,0.0,0.0,DIVERGENT,1.0,0.0,1295.967040512703,127640.446248126,0.027227261329741813,113507.466946503,0.024212524762109586,14132.979301622996,DORMITORY,True,True,0.24212524762109586,,,23337.334042714017,0.0049781375057656035,30.0
116,75,41,116,63,Enigma,2026-09-12,9052372,0.005040824,0.005058035021647811,-0.0034027090706469135,IN BAND,False,False,0.000683444,12096.288089903,3529135.39052555,1.0,2399664.610870985,1234268.830722617,-0.0023243817583002914,-14362.058299322613,,0.0,,,,0.148482808829531,-17.884843444721824,-0.04139962702620411,-20.049194743992288,-2.2057509262966684,-2.1643512992704643,0.7446583112269447,2.3128341080999952,1,0.0,,0.10368233500048518,0.0,0.00010681315327687457,0.0034275500232655146,-0.3200417187218767,5CqTmNfg...,11427.805721203,0.051853064641752634,,,False,4885578,3.052130387004581e-05,147,5EZ52JMq...,0.0,0.33382552809268645,0.33382552809268645,0.7064963603900564,,COUNTER,725439.549244764,0.0,0.0,DIVERGENT,0.9996723241367098,0.0,1295.967040512703,72397.992373783,0.02051437090459759,72397.992373783,0.02051437090459759,0.0,DORMITORY,True,True,0.2051437090459759,,,8766.750800552007,0.002484107247369301,30.0
117,76,9,117,3,Teutonic,2026-09-12,9052372,0.02990612,0.02963954908773303,0.008993757343538574,IN BAND,False,False,0.004095345,81383.261854569,3299692.412081695,1.0,2721291.228258928,3464088.650965108,-0.03954664999786193,-15237.640927342232,,0.0,,,,0.1322454570478213,2.2672300913104433,0.10942404767971932,-0.16998041345588177,-2.3277864570866056,-2.437210504766325,0.7964378711111619,2.569455961814146,1,0.0,,0.0,0.0,7.629510948348184e-05,0.02466389338490684,-0.17528942621420507,5GsGUrd2...,3234858.382234528,2.8225836840947207,BUYBACK_GAMING,,False,4165565,0.6,217,5FeKsRjZ...,0.09999237048905166,0.47484484455710513,0.42736398293533495,0.004928814490409412,,COUNTER,578475.334942498,0.0,0.0,DIVERGENT,1.0,0.0,1295.967040512703,387784.13645329,0.11752129835903295,387666.098142671,0.11748552583969545,118.03831061901292,DORMITORY,True,True,1.1748552583969545,0,,20925.770729850003,0.006341733748646119,30.0
118,77,22,118,90,KubeTEE,2026-09-12,9052372,0.033099842,0.03334149159491062,-0.007247713984922937,IN BAND,False,False,0.002426931,2277.458235509,294654.792806234,1.0,68805.71185266,70770.934881314,,929.1217979086214,,,,,,2.8004793100298304,9.510932164887187,-0.08818052014989573,6.9331163535189315,-2.665996331518151,-2.5778158113682554,8.91891143181975,5.378295121398086,1,0.0,,0.0,0.0,1.5259021896696368e-05,0.0077292421203094585,-0.7664870388109569,5C9y6fnL...,584658.84100967,,,,True,8618670,0.7703787347025971,0,5EKtGWqs...,0.179995422293431,2.269232613761769,1.8607811311656932,0.46095037538912287,,COUNTER,0.0,104185.726314035,2161.2241665149922,OK,0.14240044055125672,0.0,1295.967040512703,63881.123262577,0.21679987844143248,63881.123262577,0.21679987844143248,0.0,DORMITORY,False,True,2.167998784414325,0,,54138.833606270004,0.18373647715233973,30.0
119,78,73,119,123,MANTIS,2026-09-12,9052372,0.002467838,0.002467768732458353,2.8068895085614544e-05,IN BAND,False,True,8.504e-06,5834.738604489,1974776.998773982,1.0,2364311.608832931,549641.653563887,-0.0026115959502149458,-8038.033230933361,,0.0,,,,0.0038302507644140224,-2.949577865863738,0.0003415048902083103,-5.73475429468254,-2.784834923928593,-2.7851764288188017,1.3307831727995434,2.7890066795832156,1,0.13518788427854872,SKIN_IN_GAME,982.1126146430033,976.7072587263176,0.001831082627603564,0.0029546316409961386,0.19725510385857528,5HVuEdEG...,1697057.419964222,0.6544376867045149,BUYBACK_GAMING,,False,5794330,0.37656500802568216,158,5Dszzjqs...,0.179995422293431,6.903639214992147,5.661015759128145,0.0,,COUNTER,299926.364338437,8560.983387542,0.0,DIVERGENT,-0.7075311776810241,0.75365131071537,1295.967040512703,350656.879907587,0.1775678368369129,350656.879907587,0.1775678368369129,0.0,FORTRESS,True,True,1.7756783683691293,0,,11575.054218227999,0.005861448773919404,30.0
120,125,125,120,57,SN57,2026-09-12,9052372,0.002703411,0.0036503321025520563,-0.2594068364053877,DISCOUNT,True,True,0.0,1326.503439933,910060.934715213,1.0,490677.525919247,33708.617907024,-0.00013780237056893412,131317.93753745197,ACCUMULATING_PRE_EMA,0.0,,,,,-24.614602912237583,-3.1561165095988835,-24.614602912237583,-3.1561165095988835,,2.8877187227274894,-43.89425730176984,1,0.38950217369166945,MINER_BURN_ONLY,2804.41565058002,2804.41565058002,0.0,0.001457598485257589,-0.4608298607730793,5HdpnCSY...,765131.058141079,,,ENTRY_REPEATED,False,8057320,1.0,0,5Ejcqsbx...,0.179995422293431,2.267256469954769,1.8591606841977466,0.6100318933024065,,COUNTER,408961.2300564,6427.093693354,0.0,DIVERGENT,-0.8983745508833346,2.1639559980403154,1295.967040512703,1254.306998862,0.0013782670489581145,1254.306998862,0.0013782670489581145,0.0,EXPOSED,False,True,0.013782670489581147,,,30815.474569144022,0.033860891500399545,30.0
121,79,10,121,93,Bitcast,2026-09-12,9052372,0.024200588,0.023420922691002488,0.03328926529854569,IN BAND,False,False,0.003841362,26668.903989336,3961295.276908346,1.0,1101994.050311643,1020920.84697458,-0.0033716791650470626,-37515.2491426263,,0.0,,,,0.3785344662096609,14.3613850591509,0.40501939446563917,10.496119339433834,-3.460246325251426,-3.865265719717065,0.66341936571087,4.243800185926726,1,0.0039963631526509944,SKIN_IN_GAME,33.431179139064625,33.34108987378653,3.0518043793392735e-05,0.006732369622834619,-0.7218096674826818,5EbY1Seb...,2398704.03314454,0.23648640088168027,BUYBACK_GAMING,,False,5370681,0.6246471243495644,158,5HVydkt4...,0.179995422293431,9.50022173607168,7.790225312806226,0.0,,COUNTER,1087359.333991213,0.0,0.0,DIVERGENT,0.8987118798603508,0.025726803870410406,1295.967040512703,427930.957620956,0.10802803823171225,427930.957620956,0.10802803823171225,0.0,DORMITORY,True,True,1.0802803823171225,0,,27310.234781299012,0.006894268887376077,30.0
122,80,80,122,23,Trishool,2026-09-12,9052372,0.004011179,0.003950169775635004,0.015444709425226827,IN BAND,False,True,5.04e-07,7239.912612592,4180492.762310043,1.0,1804933.572742908,604027.642596305,3.250270980840306e-05,-38175.9687634944,DISTRIBUTING_PRE_EMA,0.0,,,0.008103031504802717,0.00018294585458066795,-5.128307194966889,0.18791063134025973,-9.108025314856107,-3.7918074885489585,-3.979718119889218,0.6286340269963363,3.9799010657437988,1,0.3115553675504543,,2243.52567452495,2243.480629892311,1.5259021896696368e-05,0.0017318323518855688,-0.5682485493951857,5CqTRwoF...,1473439.508883049,0.1128194742275754,,,False,2063528,0.7999969481490524,188,5HKsvivb...,0.0899977111467155,0.8791196933862141,0.8000009331574525,0.40219746680909507,,COUNTER,1162130.703534345,0.055431535,0.0,DIVERGENT,-0.8729251657417749,1.7311247583925884,1295.967040512703,907478.264676685,0.21707447333917487,907478.264676685,0.21707447333917487,0.0,FORTRESS,True,True,2.1707447333917504,0,,10465.415476542003,0.002503392798785533,30.0
123,81,49,123,40,Ralph,2026-09-12,9052372,0.00356668,0.0036220101173967123,-0.015276080298881195,IN BAND,False,False,0.000204872,1716.652850053,423204.210410173,1.0,481302.747724584,80044.858521095,-1.8552276038102824e-06,2148.2133363418397,ACCUMULATING_PRE_EMA,0.0,,,,0.31363569866987223,-14.551758504635437,-0.1858589769697212,-18.748886575057913,-4.382987047392199,-4.197128070422477,6.209768086789404,4.510763769092349,1,0.0,,0.0,0.0,0.0,0.004056322710941855,0.13728248986224026,5HeKCDfd...,789249.869739333,,,,True,8409860,1.0,6,5E2LP6En...,0.0,0.8657202669128317,0.8657202669128317,0.2259506805835317,,COUNTER,22349.634720453,0.042920633,0.0,DIVERGENT,1.0,0.0,1295.967040512703,22427.898380107,0.05299545190812184,22427.898380107,0.05299545190812184,0.0,DORMITORY,False,True,0.5299545190812185,,,41906.47468349401,0.09902187561621353,30.0
124,82,76,124,16,trav,2026-09-12,9052372,0.001410183,0.0014094910584390163,0.0004909158925420468,IN BAND,False,True,5.086e-06,399.1003531,445785.099150143,1.0,283013.099137578,52378.602698483,0.000900611716787907,-4440.812744291208,DISTRIBUTING_PRE_EMA,0.0,,,0.6386488255693814,0.03349034370974602,-7.59445390044159,0.0059728100259282355,-17.122200703324634,-9.521773992857113,-9.527746802883042,5.895217235861162,9.561237146592788,1,0.0,,0.0,0.0,0.0,0.0008952752208650669,-0.3651354321637214,5FkKY8WJ...,664069.06137641,0.6091197757191725,BUYBACK_GAMING,,True,8460646,1.0,10,5Eo5pyNq...,0.179995422293431,19.414590238504875,15.920052869871267,0.0,,COUNTER,63578.799840379,0.04568655,0.0,DIVERGENT,1.0,0.0,1295.967040512703,7333.737256624,0.01645128397204222,0.0,0.0,7333.737256624,NEITHER,False,False,0.1313298136649895,,,43134.339126766994,0.0967603879290705,30.0
125,83,55,125,54,Yanez,2026-09-12,9052372,0.004882602,0.004373053554445505,0.11652005611422346,IN BAND,False,False,0.000107693,8807.202504916,4045421.028854718,1.0,1803792.795992211,884925.827326687,-0.0018134332739084883,-116101.81479597557,,0.0,,,,0.03213474469810653,1.3903430135475918,1.417660682723052,-10.039862466715363,-10.012544797539903,-11.430205480262954,0.6496233596590568,11.46234022496106,1,0.11433788924414862,SKIN_IN_GAME,844.2283417490544,841.3905298927943,0.0009613183794918712,0.0021770793304570746,-0.5541149308387056,5FUfruyV...,3585668.958666894,0.4707459464219162,BUYBACK_GAMING,,False,4742549,0.30076979472140764,139,5FeKsRjZ...,0.09999237048905166,0.5967609290940131,0.5370893891786539,0.003906607660613459,,COUNTER,591281.344536451,0.0,0.0,DIVERGENT,-0.6594323672038511,0.6492375990981439,1295.967040512703,644081.425659809,0.15921245800270936,644081.425659809,0.15921245800270936,0.0,FORTRESS,True,True,1.5921245800270933,0,,12375.984795259996,0.003059257542536607,30.0
126,126,126,126,59,SN59,2026-09-12,9052372,0.005121898,0.0,,N/A,False,True,0.0,530.317183326,0.0,0.0,103539.189297061,1.256492187,,,,,,,,,0.008359430196865953,,0.008359430196865953,,,,,,,,,,0.0,,,5GzrQ2fe...,529130.987129733,,,,True,8938771,1.0,0,5FKjMupT...,,0.0,0.0,0.0,,,0.0,0.0,,NO_ESTIMATE,,,,0.0,,0.0,,0.0,,False,,,,,0.0,,30.0
127,127,127,127,76,SN76,2026-09-12,9052372,0.004978196,0.0,,N/A,False,True,0.0,462.504819242,0.0,0.0,92906.103381726,1.928487945,,,,,,,,,119.71965863606898,,119.71965863606898,,,,,,,,,,0.0,,,5CLWmDjL...,665382.120935213,,,,True,9003844,1.0,0,5CqaQ34d...,,0.0,0.0,0.0,,,0.0,0.0,,NO_ESTIMATE,,,,0.0,,0.0,,0.0,,False,,,,,0.0,,30.0
128,128,128,128,86,SN86,2026-09-12,9052372,0.005989978,0.0,,N/A,False,True,0.0,709.206653217,0.0,0.0,118398.856999575,2.080993178,,,,,,,,,0.0,,0,,,,,,,,,,0.0,,,5F4XAWGz...,282492.630230749,,,,True,8693284,1.0,0,5F1N5GEH...,,0.0,0.0,0.0,,,0.0,0.0,,NO_ESTIMATE,,,,0.0,,0.0,,0.0,,False,,,,,0.0,,30.0
