combined_apy_rank,real_apy_rank,emission_rank,epr_rank,netuid,name,date,block,spot_price,moving_price,momentum_30d,ema_band,ema_lag_flag,low_emission,tao_emission,tao_reserves,alpha_outstanding,alpha_out_emission,alpha_in_pool,volume,ema_tao_inflow,pool_growth_real,pool_ema_divergence,flow_momentum,flow_price_divergence,emission_price_ratio,emission_price_ratio_raw,emission_apy,price_apy_7d,price_apy_30d,combined_apy_7d,combined_apy_30d,real_apy,gross_emission_rate,net_supply_delta,supply_days_gap,supply_defence,supply_defence_quality,burned_tokens,manual_burn,miner_burn_rate,liquidation_price,liquidation_haircut,owner_coldkey,owner_stake,owner_inflow_pct,owner_inflow_flag,large_entry_anomaly,immune,registered_at,vali_miner_share,best_validator_uid,best_validator_hotkey,best_validator_take,best_validator_raw_apy,best_validator_apy,best_validator_div_pct,best_validator_trust,burned_source,alpha_burned_cum,alpha_recycled_cum,recycled_tokens,recon_flag,recon_gap_relative,burn_coverage,owner_cut_emission,total_locked_alpha,locked_float_ratio,owner_locked_alpha,owner_lock_ratio,community_locked_alpha,commitment_class,gate_eligible,leader_is_owner,leader_pct_of_threshold,leader_blocks_to_threshold,governance_flag,basket_alpha,basket_share,ema_halving_days
1,2,18,13,91,cascade,2026-08-18,8874929,0.008009295,0.007489426760002971,0.06941362225122057,IN BAND,False,False,0.002534409,3462.698252123,1016142.554749102,1.0,432334.961575744,143370.576154011,-0.00013977869327964234,165290.22741566173,ACCUMULATING_PRE_EMA,-4.95986236999436e-06,,,,1.923478850031606,,0.8445324040565169,1.923478850031606,2.768011254088123,1.923478850031606,2.586251296845732,,,,,,,4.577706568997808e-05,0.0034076894387894056,-0.5745331594367037,5HEe7NjS...,301667.964128992,,,,False,7633645,0.0,1,5E2LP6En...,0.0,315.5526240079307,315.5526240079307,0.6270066532381127,0.0,,399376.775480423,9542.545852108,,,,,,70369.685499325,0.06925178477216727,0.0,0.0,70369.685499325,,False,,,,,18580.922202811,0.018285743585848405,30.0
2,1,62,14,66,conjectures,2026-08-18,8874929,0.002506218,0.0024960318114608526,0.0040809530120474976,IN BAND,False,True,6.0276e-05,6122.169774345,3136071.464126828,1.0,2442791.812201614,1351094.581105725,-0.005772511456838813,987023.7775937843,ACCUMULATING_PRE_EMA,-7.914039703675227e-08,,,,0.02587405018785966,,0.049651594979911215,2.126556896902571,2.176208491882482,2.126556896902571,0.837991107684056,-2.1006828467147116,33,0.0,,0.0,0.0,0.0,0.0019521780177447542,-0.22106615715601993,5CJCRGep...,1162334.560438252,,,,False,4958013,1.0,121,5Gn2SyG6...,,9300.308648557404,9300.308648557404,0.0,0.0,ESTIMATOR,876389.726869251,0.0,,,,0.0,42766.9123369192,392806.591766313,0.1252543496726984,0.0,0.0,392806.591766313,NEITHER,True,,,,,6300.701928095,0.002009106616404641,30.0
3,80,80,15,92,MicroTensor,2026-08-18,8874929,0.003968564,0.0034328806214034557,0.15604486076697363,IN BAND,False,True,0.0,989.763843746,450176.308137648,1.0,249400.974775655,63193.033088053,-2.6195570558567144e-05,68921.39134041758,ACCUMULATING_PRE_EMA,-2.1781201265320413e-05,,,,,,1.898545805998179,,1.898545805998179,,5.837712808281441,6.819186763889179,33,0.0,,0.0,0.0,0.0,0.0021986138005364894,-0.4459926057545023,5E9LPDS2...,736378.572190978,,,,True,8352006,1.0,159,5DP4WFrD...,0.179995422293431,15736.526946091186,12904.024132997547,0.0,0.0,ESTIMATOR,176927.850467173,0.041020142,,,,0.0,42766.9123369192,0.0,0.0,0.0,0.0,0.0,NEITHER,False,,,,,27188.286243108996,0.060394751459900864,30.0
4,59,5,16,15,ORO,2026-08-18,8874929,0.028803668,0.024285715771839023,0.18603331565791684,IN BAND,False,False,0.010003621,12570.971354234,1385437.675096853,1.0,436436.593330667,453551.737314989,-0.0009198017926109515,38895.27139150747,ACCUMULATING_PRE_EMA,-8.617200367053017e-07,,,,2.0912875582319654,,2.263405340504655,-0.5379693992676629,1.725435941236992,-0.5379693992676629,1.896873491488011,2.6292569574996283,33,0.0,,15138.727318337013,0.0,0.0005340657663843729,0.0090736462420478,-0.6849829597380515,5GMtrkkv...,216.587394526,8.297959206516058e-07,,,False,7366897,0.0010687022900763843,76,5DWsubqY...,0.0,270.28943217744916,270.28943217744916,0.011811384098886006,0.0,ESTIMATOR,354654.991781899,2797.563389807,,,,0.0,42766.9123369192,1010.651574802,0.0007294818041752384,0.0,0.0,1010.651574802,NEITHER,False,,,,,15494.533426003,0.011183854535296805,30.0
5,81,81,17,70,SN70,2026-08-18,8874929,0.008249299,0.00738511118106544,0.11701757735892128,IN BAND,False,True,0.0,655.298888553,71415.160482057,1.0,79436.910527335,3855.519759944,,-242150.27904902224,,,,,,,,1.4237138578668755,,1.4237138578668755,,36.79890911482699,-9.949220125847981,33,4.529868576859078,MINER_BURN_ONLY,1119064.773861717,1076296.773861717,0.0,0.009175907246160193,0.11232569533001453,5EP42hSo...,621188.820202681,,,,True,8825571,1.0,0,5DFxKepZ...,0.179995422293431,1062.7932988540842,871.4953702162147,0.7020020142216254,0.0,ESTIMATOR,18007.300486178,0.0,,,,25.166576567010825,42766.9123369192,0.0,0.0,0.0,0.0,0.0,EXPOSED,False,,,,,16524.399392274005,0.23138503478439632,30.0
6,3,31,18,40,Ralph,2026-08-18,8874929,0.005703274,0.0058498806320130825,-0.02506147411124718,IN BAND,False,False,0.001277635,2061.773522747,346298.112729515,1.0,361506.971381277,78033.632186346,-1.8552276038102824e-06,163559.70144429556,ACCUMULATING_PRE_EMA,-0.0001226974718503473,,,,1.6285129006441383,,-0.30491460168684065,1.6285129006441383,1.3235982989572976,1.6285129006441383,7.588837199504655,,,,,,,0.0,0.0059537532748767845,0.043918506260927345,5HeKCDfd...,723287.438629846,,,,True,8409860,1.0,124,5HTERMEJ...,0.179995422293431,238909.09090423505,195906.54819718757,0.0,0.0,,22349.634720453,0.042920633,,,,,,22427.898380107,0.06476471443442397,0.0,0.0,22427.898380107,,False,,,,,27502.324548781005,0.07941806073388104,30.0
7,6,17,7,110,Green Compute,2026-08-18,8874929,0.011363799,0.011118489550426602,0.022063199183740407,IN BAND,False,False,0.002583748,6595.826287558,2713877.62306296,1.0,580424.416683708,351175.314113851,0.0008840356011466324,-109673.23217689118,DISTRIBUTING_PRE_EMA,6.800032039053703e-07,,0.07779401951289637,0.07779401951289637,1.0294524822171935,,0.2684355900688416,1.0294524822171935,1.297888072286035,1.0294524822171935,0.9683561180750531,,,,,,,0.0,0.0024304066740171437,-0.7861272736329511,5D53sX6A...,1537965.336344273,0.45685732645327454,BUYBACK_GAMING,,False,5606062,1.0,155,5FmpATto...,0.179995422293431,8675.75488134051,7114.158717759329,0.0,0.0,,653602.202903777,0.0,,,,,,9205.92186508,0.003392165434007276,0.0,0.0,9205.92186508,,True,,,,,9684.727420804003,0.003568594006782643,30.0
8,82,82,19,71,Leadpoet,2026-08-18,8874929,0.006074329,0.005562379490584135,0.09203786082601535,IN BAND,False,True,0.0,6205.124354759,4498635.527781726,1.0,1021532.404928813,1352183.242750633,-0.0022417272015353455,-102215.44377594383,,-8.990182358060143e-08,,,,,,1.1197939733831868,,1.1197939733831868,,0.5841771318815563,0.9498080421058028,33,0.0,,0.0,0.0,0.0,0.0013793347597151847,-0.7729239295870894,5DwHzMhB...,2414959.52861315,1.1328619282144747,BUYBACK_GAMING,,False,5048438,1.0,0,5FNVgRnr...,0.0,251.68215191110772,251.68215191110772,0.5669443935787096,0.0,ESTIMATOR,895036.051546949,0.0,,,,0.0,42766.9123369192,63565.086413894,0.014129859158703151,0.0,0.0,63565.086413894,NEITHER,True,,,,,6292.771742096,0.0013988178644912274,30.0
9,5,78,20,112,minotaur,2026-08-18,8874929,0.002293252,0.0022898903116583824,0.0014680564935806682,IN BAND,False,True,7e-08,3430.788356318,1851440.733060285,1.0,1496036.115529197,120804.104166597,-0.0010482548438311206,452022.4402636477,ACCUMULATING_PRE_EMA,-8.049872651538986e-07,,,,5.36203288848252e-05,,0.017861354005231464,1.0427471983853565,1.060608552390588,1.0427471983853565,1.419435120483778,-1.0426935780564717,33,0.0,,0.0,0.0,1.5259021896696368e-05,0.0018530370943320332,-0.19196098190166924,5D7Rf7Hb...,1347707.642385207,,,,False,5633022,0.7999969481490524,0,5E1ohAsz...,0.179995422293431,462.9451217275848,379.61711904354433,0.8085275221657587,0.0,ESTIMATOR,940609.01090409,0.0,,,,0.0,42766.9123369192,109192.016768061,0.058976782144992156,0.0,0.0,109192.016768061,NEITHER,True,,,,,9611.913258965997,0.005191585713401835,30.0
10,4,64,21,35,OxMarkets,2026-08-18,8874929,0.002285947,0.002322461921721697,-0.015722506095870663,IN BAND,False,True,4.5495e-05,6918.245417866,2752750.551379406,1.0,3026423.895835123,774466.628493569,-0.005304274305624786,578451.8446678468,ACCUMULATING_PRE_EMA,-5.7618589442341436e-08,,,,0.017281962806818103,,-0.19129049083309305,1.1138161722830764,0.9225256814499834,1.1138161722830764,0.9546814907304647,-1.0965342094762582,33,0.0,,0.0,0.0,3.0518043793392735e-05,0.0025132118907030135,0.09941826766019227,5EqZVDbW...,10852.191046586,,,,False,3037158,0.34530694459280054,80,5HpvciGm...,,35514.88243369476,35514.88243369476,0.0,0.0,ESTIMATOR,266886.343998939,0.0,,,,0.0,42766.9123369192,90053.146833395,0.03271387841091133,0.0,0.0,90053.146833395,NEITHER,True,,,,,6121.996276208001,0.0022239560621067763,30.0
11,8,20,22,118,Ditto,2026-08-18,8874929,0.008957155,0.009080062620341778,-0.013535988184314071,IN BAND,False,False,0.002317515,6450.239124571,2057280.435657148,1.0,720121.406421127,695148.902852349,-0.0019519015973399523,220371.0269190293,ACCUMULATING_PRE_EMA,-3.060298407764813e-07,,,,0.9442176177313535,,-0.16468785624248786,0.9442176177313535,0.7795297614888657,0.9442176177313535,1.2774145685007448,,,,,,,4.57770656900891e-05,0.003135323222237628,-0.649964389112656,5DUJfND9...,1172824.994006538,,,,False,5724794,0.08325703473112367,251,5ECg59rv...,,28463.637160291855,28463.637160291855,0.0,0.0,,320927.826926128,1788.13704218,,,,,,116863.009293364,0.05680460829154532,0.0,0.0,116863.009293364,,True,,,,,11033.101146007995,0.0053629543910399076,30.0
12,10,76,23,2,DSperse,2026-08-18,8874929,0.003215264,0.0032202245201915503,-0.001540426811996137,IN BAND,False,True,1.68e-07,7925.180448839,3091162.010444106,1.0,2464861.12953686,700401.106134447,-0.002026472196230547,488811.8917583232,ACCUMULATING_PRE_EMA,-9.683358418105261e-08,,,,5.570901544136805e-05,,-0.018741859545952998,0.740767731244836,0.722025871698883,0.740767731244836,0.8501657276845338,-0.7407120222293946,33,0.0,,0.0,0.0,4.57770656900891e-05,0.0025638191793449197,-0.20261005648527777,5EcYQ3W7...,2781876699939198.0,,,,False,2734060,0.8233687358847586,14,5CFxLBvp...,0.179995422293431,239.72737784059657,196.5775472308815,0.8959592260269792,,ESTIMATOR,651615.008562094,0.0,,,,0.0,42766.9123369192,1144508.261830867,0.37025178815083715,0.0,0.0,1144508.261830867,NEITHER,True,,,,,6302.376219235,0.0020388372391809836,30.0
13,7,35,24,100,BASE,2026-08-18,8874929,0.005429412,0.0055994438007473946,-0.030365837536345936,IN BAND,False,False,0.001116822,2918.026019671,1804227.057861203,1.0,537447.860722489,343832.018647181,-0.001453934361040321,98234.09206422302,ACCUMULATING_PRE_EMA,-2.4831960797647736e-07,,,,1.0058197549351922,,-0.36945102335887553,1.0058197549351922,0.6363687315763167,1.0058197549351922,1.4565794191753934,,,,,,,0.0,0.0016173274904380023,-0.7021173765339594,5FX6kmhY...,1479242.478836924,,,,False,6693448,0.0,153,5Fvp484S...,0.0,211.42451728435864,211.42451728435864,0.025666458120336317,0.0,,664799.71099597,1077.059572996,,,,,,313295.174221898,0.17364509242716358,0.0,0.0,313295.174221898,,False,,,,,12485.046189210003,0.006919886349565245,30.0
14,83,83,25,47,wait (reproduce paper),2026-08-18,8874929,0.002844582,0.0027360718231648207,0.03965911125449381,IN BAND,False,True,0.0,1268.908581708,1343003.740705992,1.0,446079.045544326,40126.487342761,1.9567391779975152e-05,48187.43922475376,,2.002248557013728e-05,,,0.00687882851679971,,,0.48251918692967466,,0.48251918692967466,,1.9568076546223983,1.8492459887083585,33,0.0,,0.0,0.0,0.0,0.0009448287769034494,-0.6678496957010029,5GBmFsPk...,18772.24624512,,,,False,7340355,1.0,0,5GjN9n3n...,0.179995422293431,20663.21523318289,16943.93108134608,0.0,0.0,ESTIMATOR,607250.888958353,52.790049364,,,,0.0,42766.9123369192,107097.296579905,0.07974460035651572,0.0,0.0,107097.296579905,NEITHER,False,,,,,15705.765219547997,0.011694505937334,30.0
15,11,53,26,99,Thirty Spokes,2026-08-18,8874929,0.003286303,0.003369522513821721,-0.02469771710393866,IN BAND,False,False,0.000190275,684.994843415,238987.632189538,1.0,208439.323529242,27925.198104341,,110508.89429043494,,,,,,0.7299948383655965,,-0.3004888914312537,0.7299948383655965,0.42950594693434285,0.7299948383655965,10.996384942279219,,,,,,,4.57770656900891e-05,0.0028662355333590626,-0.12782371760636113,5DebFXsw...,984601.914502157,,,,True,8572056,0.24017274003540257,29,5G9zULc5...,,71425.5751626595,71425.5751626595,0.0,0.0,,71412.968505913,0.012273672,,,,,,0.0,0.0,0.0,0.0,0.0,,False,,,,,32340.877927157002,0.13532448365992375,30.0
16,12,49,27,26,Perturb,2026-08-18,8874929,0.003974856,0.003980441950261593,-0.0014033492590505075,IN BAND,False,False,0.000351524,2100.091388701,817725.35951911,1.0,528343.968862337,55919.281810082,-0.00014188253281285655,149627.62341949902,ACCUMULATING_PRE_EMA,-3.7553238363722675e-06,,,,0.43988803390666464,,-0.017074082651781175,0.43988803390666464,0.42281395125488347,0.43988803390666464,3.2137929555535383,,,,,,,4.57770656900891e-05,0.002568211153358418,-0.3538857374057279,5FsVAEPM...,1591841.71272431,,,,True,8123781,0.8500274674967955,45,5CvgGz4i...,,161317.09812856631,161317.09812856631,0.0,0.0,,93577.704880545,1668.571827101,,,,,,4727.286314944,0.005781019580613269,0.0,0.0,4727.286314944,,False,,,,,18931.82438361301,0.023151812724441476,30.0
17,84,84,28,116,Memo,2026-08-18,8874929,0.007548779,0.007325921673327684,0.030420380753413984,IN BAND,False,True,0.0,1612.549588949,564016.132590094,1.0,213617.24558137,105891.675469634,0.0001614247536338362,118742.38519299828,,4.668660398812598e-06,,,0.02138422036647731,,,0.37011463249987014,,0.37011463249987014,,4.659441189973785,3.0487680709957865,33,0.0,,0.0,0.0,0.0,0.002859048696965094,-0.6212568023298742,5F48aA3P...,85930.231515838,,,,True,8294730,1.0,0,5CXN6pP6...,0.179995422293431,4514.068654689453,3701.556960927085,0.0,0.0,ESTIMATOR,148394.998107826,1764.319155568,,,,0.0,42766.9123369192,30.45052749,5.398875268011228e-05,0.0,0.0,30.45052749,NEITHER,False,,,,,25290.443675872004,0.04483992959515603,30.0
18,15,13,29,114,SOMA,2026-08-18,8874929,0.01117,0.011109809391200542,0.005417789511954232,IN BAND,False,False,0.003760064,5266.192893646,1438992.442770098,1.0,471458.722115371,194771.267667841,-0.00033109223172571404,137763.77767554135,ACCUMULATING_PRE_EMA,-6.99883156432385e-07,,,,1.8763931347677374,,0.06591643906210981,0.276540818405002,0.3424572574671118,0.276540818405002,1.8262778329405478,1.5998523163627354,33,0.0,,0.0,0.0,0.00012207217517357094,0.0036596390204165635,-0.6723689328185708,5FHrQMjz...,954680.403818946,1.0515849253999097,BUYBACK_GAMING,,False,7312241,0.0,5,5E2LP6En...,0.0,210.00355077353532,210.00355077353532,0.2938456608322778,0.0,ESTIMATOR,373811.447473431,13816.272943106,,,,0.0,42766.9123369192,146039.760277138,0.10148751024432598,0.0,0.0,146039.760277138,NEITHER,False,,,,,15065.301992330002,0.010469340591760789,30.0
19,16,1,12,107,Minos,2026-08-18,8874929,0.065343991,0.06532325688749552,0.00031740781908954897,IN BAND,False,False,0.022896668,21114.726268947,1474058.004215519,1.0,323132.064706618,406638.384903508,0.001226016808458981,47630.98030909244,,6.594196007102419e-07,,0.018762502713661627,0.018762502713661627,2.8497856300649462,,0.003861795132256179,0.2666947386736598,0.27055653380591593,0.2666947386736598,1.7828335062015412,2.5830908913912864,33,0.0,,0.0,0.0,0.00015259021896696368,0.014324216691991085,-0.7807875449176178,5DA2vLrS...,1170860.838689145,0.2423074730768193,BUYBACK_GAMING,,False,7457580,0.0,31,5DZStHLC...,,235.86579604958345,235.86579604958345,0.01318439846182018,0.0,ESTIMATOR,389715.783508211,11728.725039684,,,,0.0,42766.9123369192,41164.694002343,0.027926101879722498,0.0,0.0,41164.694002343,NEITHER,False,,,,,15811.085165613003,0.01072622998579186,30.0
20,85,85,30,111,Claims,2026-08-18,8874929,0.006611777,0.006469149608165026,0.022047316954141465,IN BAND,False,True,0.0,6724.998643743,3570050.586423853,1.0,1017124.114811314,181496.838787477,-0.0020882893709760026,-90386.69756009954,,-1.776459113280752e-07,,,,,,0.2682423562753878,,0.2682423562753878,,0.7361240230022869,1.1302384631708173,33,0.0,,0.0,0.0,0.0,0.0018837264293443759,-0.715095286888173,5Do2YQao...,2632880.089252508,0.0,,,False,5615562,1.0,0,5ExhNF86...,0.0,258.8966828910705,258.8966828910705,0.7573325194567373,0.0,ESTIMATOR,705561.511242354,0.371911999,,,,0.0,42766.9123369192,1221.604957048,0.00034218141381343593,0.0,0.0,1221.604957048,NEITHER,True,,,,,7378.505030715003,0.0020667788458723518,30.0
21,23,57,31,106,Nodexo,2026-08-18,8874929,0.002989937,0.002965570194646716,0.008216566715321491,IN BAND,False,False,0.000117277,6639.730141177,2418594.279136268,1.0,2220692.071124633,350827.322033781,-0.0008091572467977437,286199.96337309503,ACCUMULATING_PRE_EMA,-3.0500600464414787e-07,,,,0.04641814493162004,,0.0999682283697448,0.147603201577161,0.24757142994690579,0.147603201577161,1.0865815828103733,-0.10118505664554096,33,0.0,,0.0,0.0,0.0001373311970702673,0.002745284812113337,-0.08182519828567056,5CTdHCps...,1107660.454614205,,,,False,5558480,0.22284284100967555,204,5F9rUm3h...,,64189.23751542711,64189.23751542711,0.0,0.0,ESTIMATOR,838637.534343767,0.0,,,,0.0,42766.9123369192,280263.770327672,0.11587878659324384,0.0,0.0,280263.770327672,NEITHER,True,,,,,7309.309088408,0.0030221311409941447,30.0
22,17,28,32,49,Nepher Robotics,2026-08-18,8874929,0.006416512,0.006416348973289132,2.5408018102917336e-05,IN BAND,False,False,0.001676351,3580.966122401,2040769.795172632,1.0,558086.14456157,109499.995777003,-3.683535129229573e-05,140603.80398247374,ACCUMULATING_PRE_EMA,-9.536915860697611e-06,,,,1.2302407443738093,,0.00030913088691882757,0.23981247592354749,0.24012160681046632,0.23981247592354749,1.2877493611559914,0.9904282684502618,33,0.0,,0.0,0.0,1.5259021896696368e-05,0.0017547134080833848,-0.726531578514404,5FL781vf...,1656137.110163589,,,,False,6783158,0.009994811853389018,38,5F7SyyDE...,,1887.8326360859564,1887.8326360859564,0.0,0.0,ESTIMATOR,694239.379284267,837.682351088,,,,0.0,42766.9123369192,80451.602286592,0.03942218396062965,0.0,0.0,80451.602286592,NEITHER,False,,,,,11564.327672840998,0.005666649761377301,30.0
23,9,46,9,18,Zeus,2026-08-18,8874929,0.004463408,0.0046824137680232525,-0.04677198104936134,IN BAND,False,False,0.000526185,10646.692659237,3145158.182976388,1.0,2385327.858640581,852344.457379813,0.00033872464815844845,484492.78512150375,,1.913529742393448e-06,,0.07588924161950877,0.07588924161950877,0.12988204170618933,,-0.5690591027672296,0.7959824912360698,0.2269233884688402,0.7959824912360698,0.8355700562930095,-0.6661004495298805,33,0.0,,0.0,0.0,0.0002746623941405346,0.0033851056258040455,-0.24158722980197075,5GgvCi6h...,2691301.581102798,,,,False,1604679,0.04751438557931531,84,5DCSySUE...,0.11999694819562066,593.985956006594,522.7094540147446,0.7767774030611466,0.0,ESTIMATOR,331148.542132505,30745.295806132,,,,0.0,42766.9123369192,472285.796249436,0.15016281178026258,0.0,0.0,472285.796249436,NEITHER,True,,,,,6311.192497110998,0.0020066375456952268,30.0
24,14,71,33,123,MANTIS,2026-08-18,8874929,0.002596406,0.0026223023887723684,-0.009875439569153557,IN BAND,False,True,1.2212e-05,5982.838255378,1857135.721124342,1.0,2304276.676974222,541184.142304992,-0.0026115959502149458,313253.8058594791,ACCUMULATING_PRE_EMA,-3.638446795119058e-07,,,,0.005364199169374391,,-0.1201511814247016,0.34516626430105873,0.22501508287635713,0.34516626430105873,1.415082360490575,-0.3398020651316843,33,0.0,,0.0,0.0,0.0018158236057068677,0.0032215406700356218,0.24076922870907783,5HVuEdEG...,1627362.768608496,,,,False,5794330,0.3901950593127065,203,5C8VKzRF...,,3379.485909469101,3379.485909469101,0.0,0.0,ESTIMATOR,274401.4491839,8560.983387542,,,,0.0,42766.9123369192,350656.879907587,0.18881596854714167,0.0,0.0,350656.879907587,NEITHER,True,,,,,7901.933879317003,0.004254903822825095,30.0
25,86,86,34,25,UR,2026-08-18,8874929,0.013313416,0.013080295408144593,0.017822272707254866,IN BAND,False,True,0.0,18654.067126396,4363373.43607186,1.0,1401148.035006834,626215.736283137,-0.00189072698649151,-983884.5006381073,,-5.217527605838903e-07,,,,,,0.21683765127160085,,0.21683765127160085,,0.6022862902987889,4.396598782065909,33,0.0,,0.0,0.0,0.0,0.004275147978897121,-0.6788842188288023,5F6aRdsB...,36740.144481173,0.0,,,False,2998801,1.0,1,5F6aRdsB...,0.179995422293431,10557.796384248179,8657.441365577368,0.0,0.0,ESTIMATOR,891289.162636581,0.0,,,,0.0,42766.9123369192,323519.372769362,0.07414432376904492,0.0,0.0,323519.372769362,NEITHER,True,,,,,6076.196234836999,0.0013925455439145527,30.0
26,26,40,35,85,Vidaio,2026-08-18,8874929,0.005570907,0.0055237754713743925,0.0085324845062684,IN BAND,False,False,0.000906196,13124.83171269,2634260.117433756,1.0,2355959.360114387,1393967.949699318,-0.006693889346863315,260948.66194746667,ACCUMULATING_PRE_EMA,-5.18179065981367e-08,,,,0.18144865702905863,,0.10381189482626553,0.09707253210511585,0.20088442693138137,0.09707253210511585,0.997623576581399,0.08437612492394278,33,0.0,,0.0,0.0,7.629510948348184e-05,0.004982359800320688,-0.10564656700952146,5GTPBjA4...,2969868.110344337,,,,False,5258781,0.6637570578361056,94,5E75pJka...,,126575.56076076675,126575.56076076675,0.0,0.0,ESTIMATOR,496360.999970373,0.0,,,,0.0,42766.9123369192,143874.406841709,0.05461662874123022,0.0,0.0,143874.406841709,NEITHER,True,,,,,6896.975632470001,0.00261818321843968,30.0
27,20,39,36,77,Liquidity,2026-08-18,8874929,0.006405879,0.006412643939256668,-0.001054937607755674,IN BAND,False,False,0.000988937,12835.456522857,3306397.267311142,1.0,2003699.454296107,408107.502050466,-0.006935415302332664,67618.18331098114,ACCUMULATING_PRE_EMA,-4.3592584329100515e-08,,,,0.20248024925112004,,-0.012835074227694034,0.20248024925112004,0.189645175023426,0.20248024925112004,0.7948228199865305,,,,,,,9.15541313801782e-05,0.0038820067539237857,-0.39399311883290555,5GxxsUeY...,2675020.764827701,,,,False,5128460,0.12017580002746875,2,5GQrxcyc...,0.179995422293431,36182.035925986514,29669.43509005248,0.0,0.0,,140886.89655137,14115.257752168,,,,,,369577.913917543,0.11177662090741276,0.0,0.0,369577.913917543,,True,,,,,6518.512790618999,0.0019714850526476643,30.0
28,18,75,37,74,Gittensor,2026-08-18,8874929,0.003624512,0.003642425173893571,-0.004917925019286735,IN BAND,False,True,5.263e-06,6314.158230311,3328868.754352333,1.0,1742071.089703569,341171.472051893,-0.0012658894502273344,297084.52215038496,ACCUMULATING_PRE_EMA,-3.5566098952114823e-07,,,,0.0021905000627959804,,-0.05983475440132194,0.23803417069090949,0.17819941628958755,0.23803417069090949,0.7894573784454609,-0.2358436706281135,33,0.0,,13388.186350341944,0.0,0.0001373311970702673,0.0018967879770133763,-0.4766776942624617,5D1VXeeS...,216.587394526,,,,False,5086205,0.7918993987119617,222,5EXAvZah...,,10241.831334008475,10241.831334008475,0.0,0.0,ESTIMATOR,531791.422968235,102049.122078993,,,,0.0,42766.9123369192,378229.609193408,0.11362106382202401,0.0,0.0,378229.609193408,NEITHER,True,,,,,6765.233529606998,0.00203229205740292,30.0
29,87,87,38,108,Prometheon,2026-08-18,8874929,0.003177662,0.003137757536023855,0.01271751036146387,IN BAND,False,True,0.0,1980.635759046,1585169.724235021,1.0,623299.580601176,52709.506016496,0.0005111478403079943,49730.63067579095,,1.6439654234555232e-06,,,0.16085657955691773,,,0.15472970939781042,,0.15472970939781042,,1.6578666371313855,1.5125478867431148,33,0.0,,0.0,0.0,0.0,0.0012494786701795133,-0.6067930855517316,5GpmtjiG...,1576835.712609417,,,,False,7105263,1.0,0,5CAxp9fh...,0.179995422293431,404.8510322013387,331.9796996943273,0.6457815146567378,0.0,ESTIMATOR,461334.077296906,0.238163524,,,,0.0,42766.9123369192,418555.949953872,0.26404488021360667,0.0,0.0,418555.949953872,NEITHER,False,,,,,13170.306996760002,0.00830845227195832,30.0
30,22,25,39,5,Hone,2026-08-18,8874929,0.013159535,0.013164349365979433,-0.0003657124135488854,IN BAND,False,False,0.001951938,33534.122234889,3017982.455454627,1.0,2548275.542156123,969262.31261533,-0.015845505017582865,128377.58661015425,ACCUMULATING_PRE_EMA,-1.1096437582113637e-09,,,,0.152969355454399,,-0.004449501031511438,0.152969355454399,0.14851985442288757,0.152969355454399,0.8707804100220058,,,,,,,0.001785305561913475,0.011111437104042887,-0.15563603850418065,5GurNtB3...,,,,,False,2491604,0.0,1,5E2LP6En...,0.0,168.79489259323097,168.79489259323097,0.13152754463604457,0.0,,1488567.694632255,0.0,,,,,,6649.821324041,0.002203399596317161,0.0,0.0,6649.821324041,,True,,,,,6369.4691184979965,0.002110505681365369,30.0
31,88,88,40,16,trav,2026-08-18,8874929,0.002211148,0.0021858741529285908,0.011562352314541002,IN BAND,False,True,0.0,499.597870837,325833.215763097,1.0,225944.976304135,50131.282605319,0.000900611716787907,84109.65520104772,,7.958906864605372e-07,,,0.4073050364733193,,,0.14067528649358219,,0.14067528649358219,,8.065476056040694,10.223153342635753,33,0.0,,0.0,0.0,0.0,0.0015332932514782096,-0.30656235969812534,5FkKY8WJ...,730904.963667325,,,,True,8460646,1.0,10,5Eo5pyNq...,0.179995422293431,13046.568121104312,10698.245582666126,0.0,0.0,ESTIMATOR,63578.799840379,0.04568655,,,,0.0,42766.9123369192,7333.737256624,0.02250764164558388,0.0,0.0,7333.737256624,NEITHER,False,,,,,29485.249048508023,0.09049184558871314,30.0
32,13,9,41,53,engy,2026-08-18,8874929,0.033186622,0.033771455055102706,-0.017317378068207975,IN BAND,False,False,0.004779922,36030.391106144,4675557.566049235,1.0,1085690.25271316,1292642.570691836,-0.0011223092088040443,-631235.7503794227,,-1.8604862330013393e-07,,,,0.34863998503357785,,-0.21069476649653035,0.34863998503357785,0.1379452185370475,0.34863998503357785,0.562072001654471,,,,,,,0.001037613488975353,0.007706116457162788,-0.7677944908896486,5H8SFVCx...,2759344.615863937,1.4689587900313987,BUYBACK_GAMING,,False,4203869,0.09164922785525531,86,5GQYXRKo...,,5267.3854173637155,5267.3854173637155,0.0,0.0,,521703.762472685,0.0,,,,,,95694.858751566,0.020467047491070995,0.0,0.0,95694.858751566,,True,,,,,6132.997379618998,0.0013117146549863302,30.0
33,21,26,42,62,Ridges,2026-08-18,8874929,0.011838305,0.01187587040476501,-0.003163170654837812,IN BAND,False,False,0.001839301,31102.112082202,2642880.717699852,1.0,2627243.674499665,4360338.253526642,-0.02595581615076601,51839.81107391929,ACCUMULATING_PRE_EMA,-5.808563706373006e-09,,,,0.15541333705005994,,-0.03848524296719338,0.15541333705005994,0.11692809408286656,0.15541333705005994,0.9943695083927954,,,,,,,6.103608758678547e-05,0.01176826175843106,-0.005916661343743106,5DhsVYew...,15478.816020295,,,,False,4474225,0.5103233584105233,202,5CM7UrTt...,,50018.371066023756,50018.371066023756,0.0,0.0,,184357.128987697,169892.946575628,,,,,,148915.582786343,0.05634593411236017,0.0,0.0,148915.582786343,,True,,,,,6628.468605068002,0.0025080468296113196,30.0
34,31,24,43,105,Beam,2026-08-18,8874929,0.007271489,0.007229067385196686,0.005868200217663336,IN BAND,False,False,0.001952275,5017.432379106,1951321.483842552,1.0,690014.4441049,509454.228136583,-0.0010888053840733777,147211.60958978592,ACCUMULATING_PRE_EMA,-3.527476248752774e-07,,,,1.0225506419110248,,0.07139643598157058,0.03753731631583079,0.10893375229740138,0.03753731631583079,1.3467796166651789,0.9850133255951941,33,0.0,,0.0,0.0,0.0016479743648432077,0.0025712997169618852,-0.646386081727981,5G3ic2pA...,1971081.959381618,,,,False,6841399,0.0014519999388631355,249,5HQSc3o5...,,212.92399689274941,212.92399689274941,0.0,0.0,ESTIMATOR,451644.439901403,1869.377328683,,,,0.0,42766.9123369192,196782.195419553,0.10084560491388048,0.0,0.0,196782.195419553,NEITHER,False,,,,,11468.750228371995,0.005877427334929801,30.0
35,89,89,44,59,Babelbit,2026-08-18,8874929,0.001982761,0.0019716559909284115,0.005632325883766055,IN BAND,False,True,0.0,5069.605259084,3189407.063215901,1.0,2556841.122255931,723291.353464547,-0.0017216286651020377,584381.0068949468,ACCUMULATING_PRE_EMA,-3.863215733484678e-07,,,,,,0.06852663158582033,,0.06852663158582033,,0.8239776070948339,-0.992222907746091,33,0.0,,0.0,0.0,0.0,0.0015895133981337214,-0.19833333511516446,5DkPyHKT...,2620924.949789865,,,,False,4401833,1.0,248,5EF9dnwE...,0.179995422293431,257.94116238139003,211.51293393169325,0.7428737105536227,0.0,ESTIMATOR,459536.872761858,0.0,,,,0.0,42766.9123369192,386629.18835829,0.1212229046638058,0.0,0.0,386629.18835829,NEITHER,True,,,,,6139.233970760999,0.001924882540571904,30.0
36,90,90,45,39,deprecated,2026-08-18,8874929,0.008273356,0.00822763005271554,0.0055576085691126775,IN BAND,False,True,0.0,19200.821547128,3533947.376593407,1.0,2320801.96407218,1063351.661648964,-0.008167090216750057,-203215.56193483202,,-2.653944760480489e-08,,,,,,0.06761757092420424,,0.06761757092420424,,0.7436443500563084,1.6660443239809581,33,0.0,,0.0,0.0,0.0,0.005433250555540777,-0.3432833597948914,5DkwfxC9...,357539.30838852,1.18695571010037,BUYBACK_GAMING,,False,3280104,1.0,136,5GP7c3fF...,0.0009918364232852674,1235.1066124919846,1233.8815887670746,0.13845778205069512,0.0,ESTIMATOR,1472334.497231943,0.0,,,,0.0,42766.9123369192,539162.094866516,0.15256653181583255,0.0,0.0,539162.094866516,NEITHER,True,,,,,6061.5448506230005,0.0017152334782262952,30.0
37,30,59,46,98,NeverPlayAlone,2026-08-18,8874929,0.002917488,0.0029163039289414883,0.00040601771535578866,IN BAND,False,False,0.000109991,5292.566201032,2821051.547105284,1.0,1814082.830613055,205639.058662399,-0.001032365332540136,147193.82405455038,ACCUMULATING_PRE_EMA,-3.221148877118669e-07,,,,0.05461553753331168,,0.0049398822034954284,0.05461553753331168,0.05955541973680711,0.05461553753331168,0.931567522293814,,,,,,,0.0,0.0018760969491900168,-0.35694784376490435,5EWzZCNs...,1310468.738516471,,,,False,5445992,1.0,236,5GRm67dZ...,,131399.99999839757,131399.99999839757,0.0,0.0,,1255490.393926426,0.0,,,,,,561004.266871471,0.1988635292563599,0.0,0.0,561004.266871471,,True,,,,,7370.786107501999,0.002612779661919065,30.0
38,28,56,47,128,ByteLeap,2026-08-18,8874929,0.002980991,0.002985503524541855,-0.0015114785511925414,IN BAND,False,False,0.00012032,4135.620583036,2739268.836920779,1.0,1387330.433092228,90773.553374901,-0.00022424396803000932,165190.80701929168,ACCUMULATING_PRE_EMA,-4.31687949819953e-06,,,,0.07645792297703329,,-0.018389655706175918,0.07645792297703329,0.05806826727085737,0.07645792297703329,0.9593800960967902,,,,,,,0.00015259021896696368,0.0015097534521967054,-0.49353974829286457,5GgMeLFN...,785183.902402136,,,,False,5856038,1.0,96,5HQTcjYx...,,1966.621914104339,1966.621914104339,0.0,0.0,,186014.794503201,289.843039317,,,,,,3774.580495033,0.0013779518257419443,0.0,0.0,3774.580495033,,True,,,,,8041.615404260001,0.002935679512675947,30.0
39,29,61,48,117,glyph,2026-08-18,8874929,0.002549545,0.0025528729893267155,-0.001303625108115281,IN BAND,False,True,6.5793e-05,2868.404219198,1606510.33092131,1.0,1125065.136003232,221753.023663362,-0.0007537834211656891,247614.92842359305,ACCUMULATING_PRE_EMA,-5.587359878499944e-07,,,,0.06027881385850966,,-0.015860772148735918,0.06027881385850966,0.044418041709773745,0.06027881385850966,1.6358438221140357,,,,,,,0.0,0.0017854875651829843,-0.29968383959373757,5HdThE9W...,1635896.799638643,,,,False,5710859,1.0,125,5EsLkLnu...,,5839.759077767424,5839.759077767424,0.0,0.0,,289424.602021989,151524.174671129,,,,,,184995.455974437,0.11515360493719629,0.0,0.0,184995.455974437,,True,,,,,11137.457680608004,0.006932702184504993,30.0
40,91,91,49,103,Capcomp,2026-08-18,8874929,0.010822329,0.010784061625599861,0.0035485122144793533,IN BAND,False,True,0.0,810.264114259,143128.977707685,1.0,74869.655777985,11084.424337147,,-1184142.1971955388,,,,,,,,0.04317356527616546,,0.04317356527616546,,18.361061764635906,-10.45029965863697,33,16.11858908799246,MINER_BURN_ONLY,3872544.7673070086,3829776.7673070086,0.0,0.00566107665432934,-0.476907728980579,5H3SQ4du...,794162.229540004,,,,True,8762380,1.0,0,5E529AKM...,0.179995422293431,845.7930255309692,693.5541527276837,0.7316507461775567,0.0,ESTIMATOR,38324.963864943,0.014698804,,,,89.54999456439351,42766.9123369192,0.0,0.0,0.0,0.0,0.0,EXPOSED,False,,,,,35273.486242888,0.24644545645346327,30.0
41,25,65,50,76,Phylax,2026-08-18,8874929,0.00223568,0.002247474156320095,-0.005247738349706485,IN BAND,False,True,4.0006e-05,1064.360148684,1050634.977614582,1.0,476078.744894415,62386.415812204,-0.0004971316610077797,71849.95758923062,ACCUMULATING_PRE_EMA,-1.3296450626767354e-06,,,,0.09877837697135913,,-0.06384748325476224,0.09877837697135913,0.0349308937165969,0.09877837697135913,2.501344478333238,,,,,,,7.629510948348184e-05,0.00101306369135033,-0.5468655212953866,5FFNhWd8...,660717.583676151,,,,False,7574784,0.20061040744697078,124,5CcWKodC...,,6054.798794625678,6054.798794625678,0.0,0.0,,475840.83810665,7026.080961259,,,,,,56651.148490303,0.053920866616231265,0.0,0.0,56651.148490303,,False,,,,,17631.398422096994,0.016781659470474004,30.0
42,40,55,51,54,Yanez,2026-08-18,8874929,0.004785841,0.004747204715386033,0.00813874415163598,IN BAND,False,False,0.000163891,8695.538205699,3849750.491412375,1.0,1816930.04006721,850386.192616108,-0.0018134332739084883,235142.24019172974,ACCUMULATING_PRE_EMA,-1.51044173310326e-07,,,,0.049531787200672445,,0.09902138717823775,-0.06714663979859603,0.031874747379641716,-0.06714663979859603,0.682641642844717,0.11667842699926848,33,0.0,,0.0,0.0,0.0004425116350043057,0.0022587277344586635,-0.5280395369468681,5FUfruyV...,3442785.35279926,,,,False,4742549,0.3214056727628004,141,5GsChcZ5...,,660.2661215038909,660.2661215038909,0.0,0.0,ESTIMATOR,568957.881963944,0.0,,,,0.0,42766.9123369192,644081.425659809,0.1673047193828689,0.0,0.0,644081.425659809,NEITHER,True,,,,,6176.260531226998,0.0016043274869382731,30.0
43,92,92,52,24,Quasar,2026-08-18,8874929,0.00430319,0.004292262252420187,0.0025459179652062374,IN BAND,False,True,0.0,8984.529050479,3637990.670304668,1.0,2087876.314261837,1556097.453357072,-0.003987432863262727,611523.9982672636,ACCUMULATING_PRE_EMA,-2.1649591188696682e-07,,,,,,0.030975335243342554,,0.030975335243342554,,0.7223767838249884,-0.9286037872909285,33,0.0,,0.0,0.0,0.0,0.0024696404869357673,-0.4260907636112356,5ELutYW7...,338708.515986535,,,,False,2538424,1.0,155,5ELpkVn8...,0.179995422293431,1145.2176318727231,939.0837006059093,0.0,0.0,ESTIMATOR,600209.084904535,0.0,,,,0.0,42766.9123369192,700000.000065042,0.19241390742940517,0.0,0.0,700000.000065042,NEITHER,True,,,,,6112.346393576995,0.0016801435043441464,30.0
44,93,93,53,90,KubeTEE,2026-08-18,8874929,0.031705045,0.031632496509701014,0.0022934797535420102,IN BAND,False,True,0.0,2184.885889463,173116.415037952,1.0,68912.876958103,31588.291920496,,-80977.98098964938,,,,,,,,0.027904003668094455,,0.027904003668094455,,15.180536169397154,,,,,,,1.5259021896696368e-05,0.01262090535426124,-0.6019275369499952,5C9y6fnL...,629934.012561018,0.0,,,True,8618670,0.7618335520493179,0,5EKtGWqs...,0.179995422293431,800.374290267152,656.3105818977108,0.5379814441799426,0.0,,0.0,46790.685635904,,,,,,32000.334117937,0.18484864136610973,0.0,0.0,32000.334117937,,False,,,,,36195.20296771601,0.209080132347825,30.0
45,94,94,54,12,Compute Horde,2026-08-18,8874929,0.004931805,0.0049242195673286915,0.0015404334773446208,IN BAND,False,True,0.0,12859.378084883,3405136.106572332,1.0,2607438.460892307,424139.461270297,-0.0016389071287063602,179985.49296632363,ACCUMULATING_PRE_EMA,-7.853182654029645e-08,,,,,,0.018741940641026217,,0.018741940641026217,,0.7717753175644394,0.25671253262451255,33,0.0,,0.0,0.0,4.57770656900891e-05,0.0037764652226566853,-0.23426306947320802,5ELzhHvg...,1719482.891849914,,,,False,2256433,0.0,70,5Fk5d1tr...,0.179995422293431,149.29871137532618,122.42562677345927,0.14202438540538065,0.0,ESTIMATOR,1540619.852083977,0.0,,,,0.0,42766.9123369192,3870.537061652,0.0011366761681512192,0.0,0.0,3870.537061652,NEITHER,True,,,,,5890.172566499997,0.001729790640418525,30.0
46,95,95,55,84,SN84,2026-08-18,8874929,0.002285765,0.0022829941008239985,0.0012137128059163112,IN BAND,False,True,0.0,1422.137793685,589311.832795988,1.0,622171.324170953,61579.994889184,-0.004139727322791386,89082.14318849589,ACCUMULATING_PRE_EMA,-7.797407549691664e-08,,,,,,0.014766839138648452,,0.014766839138648452,,4.459438710964725,3.188219866151165,33,0.0,,16657.474320191075,0.0,0.0002746623941405346,0.0024132177813869305,0.05575935469609979,5G1hDNpP...,267495.599026414,,,,True,8085297,0.9989468382251935,14,5F6asLuq...,,50538.46126609032,50538.46126609032,0.0,0.0,ESTIMATOR,43139.508392941,26195.670865679,,,,0.0,42766.9123369192,660.436412233,0.001120690906713279,0.0,0.0,660.436412233,NEITHER,False,,,,,2527.102425236,0.004288226172629474,30.0
47,96,96,56,42,Unknown,2026-08-18,8874929,0.002477095,0.002474966226145625,0.0008601223854638308,IN BAND,False,True,0.0,7359.014170817,2499752.937505813,1.0,2970824.356310652,364122.586534142,-0.0007519273179352004,409580.413612559,ACCUMULATING_PRE_EMA,-4.228272164860607e-07,,,,,,0.010464822356476607,,0.010464822356476607,,1.0513038951049893,-0.6354007954543394,33,0.0,,0.0,0.0,0.0,0.002943896598901342,0.18844719274042454,5EC5HHfL...,71528.121282665,,,,False,3613591,1.0,11,5Gbdb5s2...,0.179995422293431,5422.97151984255,4446.861471043241,0.0,0.0,ESTIMATOR,449240.260995719,0.0,,,,0.0,42766.9123369192,5444.016612431,0.0021778218682134624,0.0,0.0,5444.016612431,NEITHER,True,,,,,6397.781777258001,0.002559365640206643,30.0
48,24,67,57,78,Vocence,2026-08-18,8874929,0.002079997,0.002095390809699893,-0.007346510077562878,IN BAND,False,True,3.0379e-05,1021.521979746,648446.743019936,1.0,491117.119315892,119889.641817459,0.0001379181554245564,289057.9105121816,,1.1269345291420097e-06,,,0.06630690112752874,0.07815398354898942,,-0.089382539277015,0.09885148574331347,0.009468946466298464,0.09885148574331347,4.052761507847074,-0.020697502194324046,33,0.0,,0.0,0.0,0.0,0.0015753367423646603,-0.24262547380373134,5FnQCJW2...,916102.226794846,,,,False,7966145,1.0,98,5G6M6aWF...,0.179995422293431,262799.9999950147,215497.20301719836,0.0,0.0,ESTIMATOR,64569.373140067,8107.779671713,,,,0.0,42766.9123369192,525.331216911,0.0008101377986177178,0.0,0.0,525.331216911,NEITHER,False,,,,,20958.414984622003,0.03232095034823492,30.0
49,97,97,58,104,Masx.ai,2026-08-18,8874929,0.004355833,0.004354930017143488,0.00020734727147332825,IN BAND,False,True,0.0,6059.953263596,3089280.298819785,1.0,1391226.885450226,74511.969896384,-0.0017383027949343672,96524.16902873944,ACCUMULATING_PRE_EMA,-4.5730509845062054e-07,,,,,,0.002522725136258827,,0.002522725136258827,,0.8506835721588584,0.20624415334013432,33,0.17567811068848624,MINER_BURN_ONLY,84525.4703012323,41741.11909958433,0.00016784924086366004,0.0019616068072266274,-0.5496597763902731,5HBb3F1b...,39150.9781904,,,,False,5528520,0.9545052194615713,25,5Coeuhim...,0.179995422293431,9438.52720990358,7739.635518928945,0.0,0.0,ESTIMATOR,340321.172598343,111730.752411124,,,,0.9760143255315314,42766.9123369192,3017.92106809,0.0009769010177687514,0.0,0.0,3017.92106809,EXPOSED,True,,,,UNDEFENDED_BURNER,7607.300756389002,0.0024624831742510586,30.0
50,39,58,59,6,Numinous,2026-08-18,8874929,0.002937038,0.002926337532699108,0.003656607339831433,IN BAND,False,False,0.000111448,8400.018050588,2718992.523758749,1.0,2860030.376795906,687712.711146869,-0.004023880888700968,251283.38423173316,ACCUMULATING_PRE_EMA,-2.2085672751624558e-07,,,,0.0348672279316707,,0.044488722634615764,-0.042669594896543026,0.0018191277380727386,-0.042669594896543026,0.9665344707778157,0.07753682282821373,33,0.0,,0.0,0.0,0.0018005645838101714,0.0030893862256655903,0.051871383913177305,5CfSg4e2...,44592.026424992,,,,False,3219949,0.5084916764755338,227,5FuzBDc2...,,30296.209334461455,30296.209334461455,0.0,0.0,ESTIMATOR,185360.665463109,0.0,,,,0.0,42766.9123369192,662466.459537209,0.2436440901357875,0.0,0.0,662466.459537209,NEITHER,True,,,,,6270.406374966002,0.0023061506496155275,30.0
51,98,98,60,115,HashiChain,2026-08-18,8874929,0.002815532,0.002815528539940715,1.2289199828772897e-06,IN BAND,False,True,0.0,3689.348255108,1566123.563563825,1.0,1310355.289890609,155278.602355455,-0.0010310414951094963,177696.2974590815,ACCUMULATING_PRE_EMA,-4.802034995407229e-07,,,,,,1.495185979167369e-05,,1.495185979167369e-05,,1.6780285164855064,0.46295739759878296,33,0.0,,0.0,0.0,0.0,0.0023557197790400565,-0.16331273129197021,5EkNnrTj...,126200.506857884,,,,False,5683635,1.0,0,5EhTo9AX...,0.179995422293431,3309.644729445956,2713.9238287281028,0.07678102679934071,0.0,ESTIMATOR,876092.276692711,0.0,,,,0.0,42766.9123369192,2942.008322496,0.0018785288663949679,0.0,0.0,2942.008322496,NEITHER,True,,,,,10879.520536015,0.006946782992816914,30.0
52,99,99,61,29,hoτfloaτ,2026-08-18,8874929,0.003131877,0.0031318773981183767,-1.2711812315712655e-07,IN BAND,False,True,0.0,8826.892848788,2959921.117021204,1.0,2818402.981452568,204039.866300581,-0.011022358310089313,95936.00673821708,ACCUMULATING_PRE_EMA,-2.8132756493805322e-08,,,,,,-1.5466038317450396e-06,,-1.5466038317450396e-06,,0.8878614990404738,0.6370704617859388,33,0.0,,0.0,0.0,0.0,0.0029821378678061465,-0.04781130682777561,5HHHHHzg...,6129.227897625,,,,False,3379782,1.0,19,5GRRRRhL...,0.179995422293431,28258.064516137263,23171.74226036012,0.0,0.0,ESTIMATOR,610829.352749762,0.0,,,,0.0,42766.9123369192,3165.974907187,0.0010696146221535674,0.0,0.0,3165.974907187,NEITHER,True,,,,,6096.318881834999,0.0020596220780269283,30.0
53,100,100,62,73,Parked,2026-08-18,8874929,0.003221862,0.0032219255808740854,-1.9733812122488872e-05,IN BAND,False,True,0.0,6976.657526224,3309023.278231566,1.0,2165411.45977619,574460.049072379,-0.0012004820451322843,79278.45783868642,ACCUMULATING_PRE_EMA,-3.759513629646759e-08,,,,,,-0.00024009471415694793,,-0.00024009471415694793,,0.7941920557913018,0.5669208544900379,33,0.0,,0.0,0.0,0.0,0.002108373661835501,-0.3456039824686777,5Fvs6HPW...,1395165.627933087,,,,False,5160047,1.0,0,5Dnkprjf...,0.179995422293431,416.5128383777084,341.5424341432772,0.4981305986662394,0.0,ESTIMATOR,1487551.77282793,0.0,,,,0.0,42766.9123369192,969189.00039734,0.292892771946682,0.0,0.0,969189.00039734,NEITHER,True,,,,,6364.883084860001,0.0019234929916424075,30.0
54,101,101,63,43,Graphite,2026-08-18,8874929,0.005238957,0.005239343736320734,-7.38138858981964e-05,IN BAND,False,True,0.0,14143.588755089,3105223.937486082,1.0,2699695.502179916,156587.65188266,-0.0008349041341164327,56024.40628677234,ACCUMULATING_PRE_EMA,-1.6063695070907213e-07,,,,,,-0.0008980689450947229,,-0.0008980689450947229,,0.8463157739688071,0.7644857897751467,33,0.0,,0.0,0.0,0.00012207217517357094,0.004554772550973997,-0.13059554583593702,5HjMs5JD...,2995311.208835422,,,,False,3408582,0.9915912524608177,108,5ERVu5z1...,,6777.66717060485,6777.66717060485,0.0,0.0,ESTIMATOR,872850.995349218,0.0,,,,0.0,42766.9123369192,3451.069241962,0.0011113753183146933,0.0,0.0,3451.069241962,NEITHER,True,,,,,6126.7121627490005,0.0019730339215757323,30.0
55,34,68,64,121,sundae_bar,2026-08-18,8874929,0.004671951,0.004675375297665596,-0.000732411292694737,IN BAND,False,True,1.7884e-05,6353.03787114,2799820.736687305,1.0,1359825.226608019,547417.047111115,-0.0014768339828714987,172438.55454349867,ACCUMULATING_PRE_EMA,-6.655265006937461e-07,,,,0.007397902067214719,,-0.0089110040611193,0.007397902067214719,-0.001513101993904582,0.007397902067214719,0.9386315222128828,,,,,,,1.5259021896696368e-05,0.0022690873697352476,-0.5143169588603888,5CXGaDJs...,1682171.661936169,,,,False,5766528,1.0,235,5FkJvzia...,,69566.23335874862,69566.23335874862,0.0,0.0,,1248838.887980105,0.0,,,,,,202885.709556554,0.07246382130757577,0.0,0.0,202885.709556554,,True,,,,,8011.174274926997,0.0028613168585949066,30.0
56,102,102,65,57,SN57,2026-08-18,8874929,0.005217909,0.005218623438850045,-0.00013690178232190925,IN BAND,False,True,0.0,1842.894716624,870114.551357163,1.0,353186.440275213,31182.936650417,-0.00013780237056893412,54128.91465882171,ACCUMULATING_PRE_EMA,-2.6891404633210023e-06,,,,,,-0.0016656383515832292,,-0.0016656383515832292,,3.0202919786836935,3.017130454176087,33,0.0,,0.0,0.0,0.0,0.002117990917114926,-0.5940920171059085,5HdpnCSY...,839042.476059152,,,,True,8057320,1.0,0,5Ejcqsbx...,0.179995422293431,756.809023203332,620.5868634763692,0.637047549288897,0.0,ESTIMATOR,336194.023968738,6427.093693354,,,,0.0,42766.9123369192,1254.306998862,0.001441542377271581,0.0,0.0,1254.306998862,NEITHER,False,,,,,20181.225170072998,0.023193756659505682,30.0
57,36,77,66,101,Tag101,2026-08-18,8874929,0.004672978,0.004674250725656748,-0.0002722844219206109,IN BAND,False,True,7.2e-08,4021.355445444,2351933.660011432,1.0,860555.183287806,165306.926204953,0.0003527464605012477,48769.5660680742,,1.3054754630894088e-06,,,0.07548643723579432,4.705279166863315e-05,,-0.003312793800034099,4.705279166863315e-05,-0.003265741008365466,4.705279166863315e-05,1.1173784553035506,,,,,,,0.002410925459678026,0.0017098081947704482,-0.6341073733344245,5H8dNvi1...,1433006.387447169,,,,False,5481350,0.9037887942242685,0,5H6Dezn7...,0.179995422293431,415.15478829615546,340.428826859649,0.6321283056873845,0.0,,823273.169268065,6970.543419914,,,,,,13574.61335476,0.00577168207826662,0.0,0.0,13574.61335476,,True,,,,,9811.252999604996,0.004171568767614519,30.0
58,103,103,67,52,Dojo,2026-08-18,8874929,0.006593664,0.0065958318300545216,-0.00032866666561201464,IN BAND,False,True,0.0,18293.615433539,2980560.99101645,1.0,2774423.266244965,765250.660285498,-0.001055169699966047,21402.3184677111,ACCUMULATING_PRE_EMA,-6.633686614624104e-07,,,,,,-0.003998777764946178,,-0.003998777764946178,,0.8817132103388976,0.9496474744418099,33,0.0,,0.0,0.0,0.0,0.006137641701906725,-0.06916068184446088,5Fv1ZvNP...,68441.726260866,,,,False,3989825,1.0,158,5EgfUiH6...,0.179995422293431,5667.521638696843,4647.393687982447,0.0,0.0,ESTIMATOR,1095759.76466989,0.0,,,,0.0,42766.9123369192,167638.354572778,0.056243893373780246,0.0,0.0,167638.354572778,NEITHER,True,,,,,6129.837447756998,0.002056605272038591,30.0
59,33,74,68,36,Leoma,2026-08-18,8874929,0.001403236,0.0014064768329262733,-0.00230422062447384,IN BAND,False,True,6.26e-06,751.24614069,660055.139808695,1.0,535366.86346381,54939.273418962,5.223677581580045e-05,236220.26741241943,,1.485212880868507e-05,,,0.03722593762973616,0.021898654926719396,,-0.028034684264431717,0.021898654926719396,-0.006136029337712321,0.021898654926719396,3.98148554795237,,,,,,,0.0,0.001138156640834181,-0.18890575723956549,5GLGTwG6...,1270684.550784392,,,,False,7894898,1.0,243,5E7qRdns...,,15642.857142549294,15642.857142549294,0.0,0.0,,131286.518958231,6849.578253848,,,,,,113723.989350958,0.1722946803867308,0.0,0.0,113723.989350958,,False,,,,,20444.084933043996,0.030973298592855962,30.0
60,104,104,69,125,8 Ball,2026-08-18,8874929,0.00323846,0.0032408011611551046,-0.0007224019736744122,IN BAND,False,True,0.0,5896.250658926,2365427.174949379,1.0,1820695.303557789,234384.021682076,-0.00024021262101779379,108896.43021631427,ACCUMULATING_PRE_EMA,-2.5852904674857872e-06,,,,,,-0.008789224013038681,,-0.008789224013038681,,1.1110044003177735,0.6522322201096581,33,0.0,,0.0,0.0,0.0,0.002492679005876468,-0.23028877741998727,5DTzv2rL...,64310.239813382,,,,False,5834408,1.0,0,5CFFokuo...,0.179995422293431,6031.62056124799,4945.956471212417,0.0,0.0,ESTIMATOR,1229758.705924744,0.0,,,,0.0,42766.9123369192,45923.662897553,0.019414532556275284,0.0,0.0,45923.662897553,NEITHER,True,,,,,7990.759131114001,0.003378146330497368,30.0
61,105,105,70,83,CliqueAI,2026-08-18,8874929,0.010555885,0.010564633179455996,-0.0008280627739170403,IN BAND,False,True,0.0,8920.493544725,2698309.392463957,1.0,845072.949793327,151313.754060219,0.000950791968390149,34270.72081520723,,1.018510007976871e-06,,,0.09007221738301896,,,-0.01007476374932399,,-0.01007476374932399,,0.9739431687632552,0.9066684513913896,33,0.0,,0.0,0.0,0.0019378957808804387,0.003305956525830148,-0.6868138933087895,5DqEjRLy...,905432.90228042,,,,False,5231190,0.3624633072407045,60,5GHC13pU...,,3831.16363838256,3831.16363838256,0.0,0.0,ESTIMATOR,345172.824104195,26063.92679357,,,,0.0,42766.9123369192,8057.340853611,0.0029860700467167155,0.0,0.0,8057.340853611,NEITHER,True,,,,,9050.632859301,0.0033541864711949987,30.0
62,106,106,71,31,rec4ll,2026-08-18,8874929,0.004646515,0.004650377901270986,-0.0008306639488221966,IN BAND,False,True,0.0,1943.332034057,1627244.384543082,1.0,418234.237117281,46278.640539795,-3.4653599990985635e-05,-30215.124838630552,,-1.7314258091153593e-05,,,,,,-0.010106411377336725,,-0.010106411377336725,,1.6150001960141487,2.208418556263122,33,0.0,,0.0,0.0,0.0,0.0011942471902293109,-0.742980020460644,5H3mfhC8...,830260.77478885,1.1780918102034226,BUYBACK_GAMING,,False,7173591,1.0,0,5CDZ527X...,0.179995422293431,674.4075302222693,553.0172620220421,0.4435796477734029,0.0,ESTIMATOR,679443.93429963,729.248648798,,,,0.0,42766.9123369192,388903.319149984,0.238995029169626,0.0,0.0,388903.319149984,NEITHER,False,,,,,14143.354535886006,0.008691598305842275,30.0
63,107,107,72,30,Endure Network,2026-08-18,8874929,0.003646981,0.0036512049846351147,-0.0011568741423419978,IN BAND,False,True,0.0,8806.317329141,3319038.588641534,1.0,2414686.408396903,401388.060144262,-0.0016359655505931488,190915.8968370473,ACCUMULATING_PRE_EMA,-3.3655557959044543e-07,,,,,,-0.014075302065160972,,-0.014075302065160972,,0.7917955545902909,0.2250713792461785,33,0.0,,0.0,0.0,0.0,0.0026532735591800944,-0.27247398350029944,5HTogQKF...,388.806031377,,,,False,3250216,1.0,116,5E2LP6En...,0.0,119.76024012188593,119.76024012188593,0.7104118661396897,0.0,ESTIMATOR,728831.803297769,18187.150616168,,,,0.0,42766.9123369192,4962.596266974,0.0014951908917109535,0.0,0.0,4962.596266974,NEITHER,True,,,,,6111.261030328003,0.0018412744736509108,30.0
64,108,108,73,45,AlphaRidge.ai,2026-08-18,8874929,0.002653435,0.0026581541169434786,-0.0017753360925908022,IN BAND,False,True,0.0,6526.822111487,3080504.675163378,1.0,2459762.640315081,734707.820995937,-0.0007759101295867152,298196.3154693702,ACCUMULATING_PRE_EMA,-1.6701255965887967e-07,,,,,,-0.02159992245985476,,-0.02159992245985476,,0.8531069669162639,-0.19346528679933706,33,0.0,,0.0,0.0,0.001907377737087046,0.0021187509190002587,-0.2015063798433884,5FbcZiAH...,1306.021876889,,,,False,3633154,0.5523314477908576,189,5Hmiaz4b...,0.179995422293431,163736.20087820836,134264.4342564132,0.0,0.0,ESTIMATOR,1028477.292639664,0.0,,,,0.0,42766.9123369192,111021.910004379,0.03604016929417282,0.0,0.0,111021.910004379,NEITHER,True,,,,,6308.379880048998,0.002047839735777848,30.0
65,109,109,74,14,Cacheon,2026-08-18,8874929,0.009769472,0.009786866372451186,-0.0017773178655171636,IN BAND,False,True,0.0,25626.026644604,3058490.345256655,1.0,2623071.789014794,2653262.969867905,-0.012349965626037119,74575.17910645949,ACCUMULATING_PRE_EMA,-5.0691408414003736e-08,,,,,,-0.021624034030458823,,-0.021624034030458823,,0.8592474401875118,0.7024431241608338,33,0.0,,0.0,0.0,0.0,0.008378652129586363,-0.14236387293127375,5CKhH8nK...,1576620.633185083,,,,False,4848444,1.0,29,5FxbrVDh...,0.179995422293431,398.06359044805754,326.4139663857201,0.6179823289740733,0.0,ESTIMATOR,1198969.109106382,526.080568229,,,,0.0,42766.9123369192,53625.554349264,0.017533341059072064,0.0,0.0,53625.554349264,NEITHER,True,,,,,6216.8938255580015,0.0020326674678570245,30.0
66,110,110,75,20,ChronoSeek,2026-08-18,8874929,0.002779563,0.002785992808640003,-0.00230790568448806,IN BAND,False,True,0.0,7055.082773802,3171687.780356633,1.0,2538198.315863336,280168.247454602,-0.0009316292818717833,237555.08857777668,ACCUMULATING_PRE_EMA,-3.0255797457214173e-07,,,,,,-0.028079519161271393,,-0.028079519161271393,,0.8285809266208733,0.06900497167775459,33,0.0,,0.0,0.0,0.0,0.0022243938440273297,-0.19973253204646574,5CFVA7aP...,880445.959454671,,,,False,1970929,1.0,20,5EALa14j...,0.179995422293431,8802.71015868255,7218.26262634381,0.0,0.0,ESTIMATOR,1323627.922094736,0.0,,,,0.0,42766.9123369192,703394.907084776,0.22177306084197365,0.0,0.0,703394.907084776,NEITHER,True,,,,,6178.629369547,0.0019480572481987046,30.0
67,111,111,76,113,TensorUSD,2026-08-18,8874929,0.00266103,0.00266756908968091,-0.0024513290794250103,IN BAND,False,True,0.0,1876.222050045,1464114.547855154,1.0,705073.507070839,64667.48790728,-0.0004889739469761811,115205.93128005881,ACCUMULATING_PRE_EMA,-1.936663540058766e-06,,,,,,-0.029824503799670957,,-0.029824503799670957,,1.7949415254768648,1.0361374556315885,33,0.0,,0.0,0.0,0.0,0.0012814721722378625,-0.5184300168589371,5GndoVhM...,523640.295914278,,,,False,7119664,1.0,0,5FRumLA6...,0.179995422293431,937.4570987734845,768.7191123977765,0.2893752766457561,0.0,ESTIMATOR,701083.76567387,0.0,,,,0.0,42766.9123369192,77583.555704845,0.05299008593180129,0.0,0.0,77583.555704845,NEITHER,False,,,,,13589.431995048002,0.009281672677152046,30.0
68,32,38,77,11,TrajectoryRL,2026-08-18,8874929,0.007173147,0.007212863303720951,-0.0055063158760352456,IN BAND,False,False,0.00103974,19195.799544063,3042587.463278889,1.0,2676063.748902759,960493.791997088,-0.004553696919034271,234378.654030059,ACCUMULATING_PRE_EMA,-2.0182161272087873e-07,,,,0.1423455539701708,,-0.06699350982509548,0.031019828873377536,-0.03597368095171795,0.031019828873377536,0.8637385224640007,0.11132572509679325,33,0.0,,7342.4408325405675,0.0,0.0,0.00630903787507767,-0.12046443840093202,5D2Jhtbn...,2304436.31651609,,,,False,2918568,1.0,163,5FjevUQp...,,218453.09142709387,218453.09142709387,0.0,0.0,ESTIMATOR,1145934.992162841,37146.465498293,,,,0.0,42766.9123369192,46180.459268605,0.01517802193887894,0.0,0.0,46180.459268605,NEITHER,True,,,,,6127.84483344,0.002014024217018313,30.0
69,112,112,78,122,CookingTAO,2026-08-18,8874929,0.004512882,0.004528474994003773,-0.0034433212117588137,IN BAND,False,True,0.0,1416.906360842,536779.073862063,1.0,313969.276956707,45137.574557161,0.0003625880589275153,107243.38069361678,,1.6251921001132387e-07,,,0.0803451229009567,,,-0.04189374140973223,,-0.04189374140973223,,4.895868948638116,3.6364516469410635,33,0.0,,0.0,0.0,0.0,0.0026396453025776946,-0.4150865671697832,5F3uH1G4...,338462.745728685,,,,True,8238082,1.0,0,5CfPqfaz...,0.179995422293431,1460.4197669107662,1197.5508942399888,0.274312920602463,0.0,ESTIMATOR,265062.738157262,4689.8056909,,,,0.0,42766.9123369192,104692.954656439,0.19503918791614838,0.0,0.0,104692.954656439,NEITHER,False,,,,,24850.727366432,0.04629600626498702,30.0
70,113,113,79,72,StreetVision by NATIX,2026-08-18,8874929,0.002383986,0.002392994239926338,-0.0037644219012477266,IN BAND,False,True,0.0,6548.267951181,2436427.993544885,1.0,2746771.841120184,228213.106593451,-0.000693472829379333,378981.9632283924,ACCUMULATING_PRE_EMA,-1.1959809956375745e-06,,,,,,-0.04580046646518067,,-0.04580046646518067,,1.0786282241718899,-0.5943906907649064,33,0.0,,0.0,0.0,0.0,0.0026876509252602974,0.12737697505786427,5FjP8fFb...,,,,,False,5064327,1.0,119,5EAHFCo6...,,165.7287399858756,165.7287399858756,0.06123912711735083,0.0,ESTIMATOR,401871.428894159,0.0,,,,0.0,42766.9123369192,480859.955897024,0.19736267895912493,0.0,0.0,480859.955897024,NEITHER,True,,,,,6647.640726761999,0.0027284371811415625,30.0
71,114,114,80,58,greevils,2026-08-18,8874929,0.008340059,0.008377232355996966,-0.004437426875279984,IN BAND,False,True,0.0,991.939637583,339636.433576236,1.0,118936.757124322,20128.392884712,,39285.714084809006,,,,,,,,-0.053988693649239805,,-0.053988693649239805,,7.737685772778289,16.091426746616907,33,0.0,,0.0,0.0,0.0,0.0029205925499166028,-0.6498115241251168,5CLUzEqe...,714539.419574513,,,,True,8511017,0.0,36,5C5nmRa4...,0.0,317.96118135272366,317.96118135272366,0.003814871896601712,0.0,ESTIMATOR,78931.873767343,0.045668707,,,,0.0,42766.9123369192,32808.027617922,0.09659749183109295,0.0,0.0,32808.027617922,NEITHER,False,,,,,30814.190904133993,0.09072698879702884,30.0
72,115,115,81,87,Provenonce,2026-08-18,8874929,0.004529959,0.004551484249532223,-0.00472928134035286,IN BAND,False,True,0.0,1761.709469774,1599529.024072823,1.0,388901.819067249,94256.479645347,-0.0004810604927689679,32360.71892770141,ACCUMULATING_PRE_EMA,-1.024339932405104e-06,,,,,,-0.05753958964095979,,-0.05753958964095979,,1.6429836285861312,1.655612657970816,33,0.0,,0.0,0.0,0.0,0.001101392624491566,-0.756864769749226,5HartH15...,4231.555416933,,,,False,7208725,1.0,0,5Do9743T...,0.179995422293431,91667.2302154009,75167.54840231065,0.0,0.0,ESTIMATOR,666000.606204495,811.040088965,,,,0.0,42766.9123369192,164941.999572216,0.103119103867356,0.0,0.0,164941.999572216,NEITHER,False,,,,,14650.594520940998,0.009159317711932928,30.0
73,44,63,82,21,AdTAO,2026-08-18,8874929,0.003449354,0.003435481572523713,0.004037986286183491,IN BAND,False,True,5.1856e-05,7505.72834792,3593949.267681381,1.0,2175980.503750847,567764.300008444,-0.0017317969702688176,225183.25776124932,ACCUMULATING_PRE_EMA,-5.602673857356906e-07,,,,0.018156474852672425,,0.04912883314856581,-0.11543092328697778,-0.06630209013841197,-0.11543092328697778,0.7312290197394582,0.1335873981396502,33,0.0,,0.0,0.0,0.00015259021896696368,0.0020884346964536544,-0.39454324013897835,5HjCYVfr...,1780635.922620331,,,,False,3156578,0.30099961846623424,86,5Dr8Kd86...,0.0,135.48829728995182,135.48829728995182,0.022875019075232716,0.0,ESTIMATOR,819814.17014144,0.0,,,,0.0,42766.9123369192,5839.628796876,0.0016248500916217462,0.0,0.0,5839.628796876,NEITHER,True,,,,,6106.354274485,0.0016990652398453261,30.0
74,27,15,83,38,ChronoLLM,2026-08-18,8874929,0.010316491,0.010449519380927086,-0.012730574113283571,IN BAND,False,False,0.003384725,5058.649130863,1495004.890966526,1.0,490345.992988061,179989.028485641,-0.0014355570088288021,122281.89364480606,ACCUMULATING_PRE_EMA,-6.150088123117043e-09,,,,1.758385899059679,,-0.15488865171161678,0.08327387653174578,-0.071614775179871,0.08327387653174578,1.7578537808668897,1.6751120225279332,33,0.0,,0.0,0.0,4.57770656900891e-05,0.0033837007232749355,-0.6720105001521414,5GeWgtBA...,1440668.033577081,2.213786224765356,BUYBACK_GAMING,,False,7284230,0.0,9,5DkrZxTv...,0.179995422293431,1006.1537222215771,825.0506580981969,0.024187025987700478,0.0,ESTIMATOR,485297.062238848,10641.406258159,,,,0.0,42766.9123369192,36641.842427162,0.024509513412677146,0.0,0.0,36641.842427162,NEITHER,False,,,,,14705.446974079,0.009836387200427068,30.0
75,37,79,84,7,Allways,2026-08-18,8874929,0.003317159,0.003337938105687499,-0.006225132111375443,IN BAND,False,True,1.7e-08,6472.744682848,3158601.151651087,1.0,1951291.640190201,322078.558148732,-0.001063203871299582,182353.29752323194,ACCUMULATING_PRE_EMA,-8.195044426726734e-07,,,,6.9021724460082695e-06,,-0.07573910735506789,6.9021724460082695e-06,-0.07573220518262189,6.9021724460082695e-06,0.8320138801400336,,,,,,,1.5259021896696368e-05,0.002049244071054846,-0.38222916928165157,5CAc19iE...,2032.925158829,,,,False,2627691,1.0,53,5ChTwrqw...,0.179995422293431,172392.18276729833,141362.37903001212,0.0,0.0,,36084.978602376,177874.264805374,,,,,,3211.260531444,0.0010166717408322942,0.0,0.0,3211.260531444,,True,,,,,6692.289104454998,0.002118750922685112,30.0
76,116,116,85,37,Aurelius,2026-08-18,8874929,0.003783052,0.0038138742092996836,-0.008081600915029494,IN BAND,False,True,0.0,8482.149349564,3595849.759800539,1.0,2242143.965467185,350065.310322117,-0.0011818962588911177,-28452.77164480649,,-2.1904729159340144e-07,,,,,,-0.09832614446619217,,-0.09832614446619217,,0.730842547811501,0.9546377452562592,33,0.0,,0.0,0.0,0.0,0.0023588720097233716,-0.37646323399113424,5GRBbS3a...,2750.93554087,0.0,,,False,3212175,1.0,200,5DXqqdrv...,0.179995422293431,141004.74503840314,115624.5364098382,0.0,0.0,ESTIMATOR,1227879.148863708,0.0,,,,0.0,42766.9123369192,45507.151093348,0.012655465087026405,0.0,0.0,45507.151093348,NEITHER,True,,,,,6092.892148480002,0.0016944234479968857,30.0
77,117,117,86,23,Trishool,2026-08-18,8874929,0.004511977,0.004549613455310464,-0.008272451204955227,IN BAND,False,True,0.0,7678.457497048,4106380.492057152,1.0,1701794.212471582,576438.347723642,3.250270980840306e-05,267218.35180145665,,2.1838914622499285e-05,,,0.007203651483241838,,,-0.10064815632695526,,-0.10064815632695526,,0.6399796621582586,0.029388060995746368,33,0.0,,0.0,0.0,0.0,0.0018698845642531685,-0.585573117005435,5CqTRwoF...,1402675.978732917,,,,False,2063528,1.0,188,5HKsvivb...,0.0899977111467155,381.2793246392175,346.9650581141224,0.3787788612675304,0.0,ESTIMATOR,1103610.311860871,0.055431535,,,,0.0,42766.9123369192,475454.58336468,0.11578434689243665,0.0,0.0,475454.58336468,NEITHER,True,,,,,6067.6098875379985,0.0014776053751654025,30.0
78,118,118,87,119,Satori,2026-08-18,8874929,0.002852563,0.002876862185075879,-0.008446419575443927,IN BAND,False,True,0.0,3449.037058928,1490719.32579214,1.0,1209101.041294181,71202.942056587,-0.0008647727937628405,185728.84615076717,ACCUMULATING_PRE_EMA,-9.178868424325802e-07,,,,,,-0.10276477150123443,,-0.10276477150123443,,1.7629073122826326,0.4228065153683663,33,0.0,,0.0,0.0,0.0,0.0023136730028607143,-0.18891431920672236,5GbLENPL...,97249.586451366,,,,False,5740660,1.0,0,5HMwvi1d...,0.179995422293431,4221.827515744803,3461.9178891982906,0.05846177323363345,0.0,ESTIMATOR,795135.589502921,0.0,,,,0.0,42766.9123369192,20722.542632217,0.013901035744073037,0.0,0.0,20722.542632217,NEITHER,True,,,,,11261.425289212997,0.007554356540745112,30.0
79,35,73,88,80,OpenRoboto,2026-08-18,8874929,0.015806704,0.015954319620504975,-0.009252392080402724,IN BAND,False,True,8.009e-06,3148.121164795,1852234.119855158,1.0,199163.664375923,167939.651128203,-0.0002903473733555673,-192471.36041546488,,-1.2858943516837152e-06,,,,0.006685782058001122,,-0.11257077031156647,0.006685782058001122,-0.10588498825356535,0.006685782058001122,1.4188271190066974,,,,,,,3.0518043793392735e-05,0.0016996345823934926,-0.8924738147564797,5CG1eFia...,274925.555665906,0.0,,,False,7151800,0.9062304487815299,0,5HTwtytU...,0.179995422293431,1446.4416953386158,1186.0888115633154,0.11896841141461925,0.0,,209599.286282433,2501.379452446,,,,,,3993.881276573,0.002156250785880845,0.0,0.0,3993.881276573,,False,,,,,13943.433360386001,0.007527900069930878,30.0
80,42,48,89,48,Quantum Compute,2026-08-18,8874929,0.004403455,0.004411732312291861,-0.0018762045622756484,IN BAND,False,False,0.00050659,10911.588340252,3147059.584685469,1.0,2477960.544162412,689358.592024208,-0.0027008449742481964,233006.62713298667,ACCUMULATING_PRE_EMA,-3.6071990697719046e-07,,,,0.12200959919729282,,-0.022827155507687054,-0.08503118027914255,-0.1078583357868296,-0.08503118027914255,0.8350652185896422,0.20704077947643537,33,0.0,,0.0,0.0,4.57770656900891e-05,0.0034672328396167153,-0.21261081591234257,5GNH5YMk...,218257.798958116,,,,False,3856677,1.0,206,5GZF6taz...,0.179995422293431,1888.7052962101814,1548.74698883099,0.0,0.0,ESTIMATOR,695492.461656953,0.0,,,,0.0,42766.9123369192,101862.559282014,0.0323675343732631,0.0,0.0,101862.559282014,NEITHER,True,,,,,6276.0679743699975,0.0019942641076486816,30.0
81,119,119,90,69,Herald,2026-08-18,8874929,0.009774306,0.009870135691016912,-0.009709055074504171,IN BAND,False,True,0.0,4653.555428703,1170156.122012045,1.0,476100.824784138,72428.395602708,0.0011393261345515797,45356.94403358677,,1.1809752408915379e-07,,,0.11656337898072555,,,-0.11812683673980075,,-0.11812683673980075,,2.245854164725678,2.2151883576634006,33,0.0,,0.0,0.0,0.0,0.003976867138635624,-0.5931304853116299,5HBPFVcJ...,518059.426235914,,,,True,8138182,1.0,0,5FWB5CFZ...,0.179995422293431,748.7460803011126,613.9752133867626,0.0,0.0,ESTIMATOR,300276.602732355,4110.268380516,,,,0.0,42766.9123369192,485.813350565,0.00041516968669929265,0.0,0.0,485.813350565,NEITHER,False,,,,,17019.142588624003,0.01454433495537343,30.0
82,120,120,91,27,Orion,2026-08-18,8874929,0.002334971,0.002358795143663883,-0.010100132573139685,IN BAND,False,True,0.0,6231.424001322,3201409.390257667,1.0,2668736.289125306,815061.522817741,-0.002571603639063033,691583.301877257,ACCUMULATING_PRE_EMA,-2.4850765571551685e-07,,,,,,-0.12288494630653282,,-0.12288494630653282,,0.8208884524414056,-1.321473908278451,33,0.0,,0.0,0.0,0.0,0.0019464627111687395,-0.1663867726114202,5CopvHeT...,31846.421041849,,,,False,1727132,1.0,203,5H6Bqkzj...,0.179995422293431,12180.174471454104,9987.798823857054,0.0,0.0,ESTIMATOR,1244086.098069139,0.0,,,,0.0,42766.9123369192,29259.979274079,0.009139718076395097,0.0,0.0,29259.979274079,NEITHER,True,,,,,6010.301596646001,0.0018773923806608998,30.0
83,45,70,92,41,Almanac,2026-08-18,8874929,0.004982143,0.00498540117405355,-0.0006535430028193611,IN BAND,False,True,1.2306e-05,12446.476787645,3024824.530053878,1.0,2498217.207999714,1581026.186363236,-0.002647854639532984,234466.5969929099,ACCUMULATING_PRE_EMA,-2.4152879437302133e-07,,,,0.0025983391566762474,,-0.00795143986763556,-0.12040084410534169,-0.12835228397297724,-0.12040084410534169,0.8688107273294263,0.12299918326201793,33,0.0,,0.0,0.0,0.0005493247882810692,0.004114776465206497,-0.17409507009202718,5FCSevLk...,16361.459500054,,,,False,3394182,0.6659338310508558,210,5FCSevLk...,0.179995422293431,15779.420762075653,12939.197258460114,0.0,0.0,ESTIMATOR,986456.942587479,0.0,,,,0.0,42766.9123369192,258549.369288686,0.08547582404195879,0.0,0.0,258549.369288686,NEITHER,True,,,,,6351.294866164001,0.0020997234064519016,30.0
84,43,32,11,67,Harnyx,2026-08-18,8874929,0.006038231,0.0060547287575900555,-0.0027247723639765836,IN BAND,False,False,0.001200273,3305.542503118,849154.346376903,1.0,547435.63483164,65145.175480738,0.00015566218436049352,234874.19595100306,,1.1843641578077682e-06,,0.02577943512934393,0.02577943512934393,0.9542510619738349,,-0.033151397095048434,-0.10538942240525895,-0.1385408195003074,-0.10538942240525895,3.094843724480619,1.0596404843790939,33,0.0,,0.0,0.0,0.0013122758831158876,0.0038927463743450145,-0.35531675181936323,5HEAv3TU...,1008541.872911454,,,,False,7236936,0.05346147381930977,12,5E2LP6En...,0.0,348.01778892635645,348.01778892635645,0.008805127422554555,0.0,ESTIMATOR,276175.630563273,6279.314248273,,,,0.0,42766.9123369192,522.283347221,0.0006150629145919497,0.0,0.0,522.283347221,NEITHER,False,,,,,18757.92122088699,0.022090119777307432,30.0
85,121,121,93,94,pending...,2026-08-18,8874929,0.003385467,0.0034250300377607346,-0.011551150595631148,IN BAND,False,True,0.0,1990.994884514,1630543.959013949,1.0,588100.487531453,102814.253701415,-7.290167659344193e-05,174369.40309253236,ACCUMULATING_PRE_EMA,-9.280989862017297e-06,,,,,,-0.1405389989135123,,-0.1405389989135123,,1.6117320759565723,0.47491877635493407,33,0.0,,0.0,0.0,0.0,0.0012210617650063413,-0.6393225026247955,5CnwnkkC...,698995.757431829,,,,False,6962737,1.0,0,5EeKtCKE...,0.179995422293431,760.2285080240613,623.3908566827654,0.3699735994750416,0.0,ESTIMATOR,698794.463884414,0.075116968,,,,0.0,42766.9123369192,273.723032556,0.00016787221898729464,0.0,0.0,273.723032556,NEITHER,False,,,,,13213.824492616995,0.008103936370171762,30.0
86,19,60,94,55,NIOME,2026-08-18,8874929,0.002836039,0.0029260958544909954,-0.030777137513378308,IN BAND,False,False,0.000103083,6739.085854339,2922243.669360462,1.0,2376231.482081794,539223.410003312,-0.002858824195392448,326207.9297048205,ACCUMULATING_PRE_EMA,-6.834714145217541e-08,,,,0.04019864561089959,,-0.37445517307943604,0.22889388140378655,-0.1455612916756495,0.22889388140378655,0.8993089890327804,-0.18869523579288697,33,0.0,,0.0,0.0,6.103608758678547e-05,0.002306134127348066,-0.1868468214477776,5GeWUxaF...,1231005.698302727,,,,False,4703386,0.020051578642169443,142,5E2LP6En...,0.0,120.63309771007071,120.63309771007071,0.5736456584770334,0.0,ESTIMATOR,317335.874696211,0.0,,,,0.0,42766.9123369192,14841.866940702,0.005078928597337048,0.0,0.0,14841.866940702,NEITHER,True,,,,,6590.371763405002,0.00225524374729754,30.0
87,122,122,95,109,Finsight,2026-08-18,8874929,0.002610463,0.002643632935360074,-0.012547103236764685,IN BAND,False,True,0.0,1336.328445409,1412094.555337342,1.0,511912.234083789,62751.824031839,-0.000708007104294364,75677.91161451011,ACCUMULATING_PRE_EMA,-1.4730696737762973e-07,,,,,,-0.1526564227139703,,-0.1526564227139703,,1.8610651744721052,1.462715158808525,33,0.0,,0.0,0.0,0.0,0.0009463448749646643,-0.6374800658102933,5FqZqKFx...,522285.261732919,,,,False,7257480,1.0,0,5DyQkk4x...,0.179995422293431,972.7230151782377,797.6373252866913,0.3097607129776584,0.0,ESTIMATOR,645517.536595754,1308.746301495,,,,0.0,42766.9123369192,167699.090310341,0.1187591083589148,0.0,0.0,167699.090310341,NEITHER,False,,,,,14913.762621712996,0.010561447578239671,30.0
88,46,6,96,97,Albedo,2026-08-18,8874929,0.023849511,0.02388579910621047,-0.0015192335014253186,IN BAND,False,False,0.009541302,11403.75035786,975610.648167136,1.0,478154.630528528,480464.487495693,-0.0002017478056674679,158929.38655632653,ACCUMULATING_PRE_EMA,-3.993454514353738e-06,,,,2.1987978401085786,,-0.018484007600674708,-0.14806753285308982,-0.16655154045376452,-0.14806753285308982,2.6936975369602427,2.3468653729616684,33,0.0,,2953.021327893948,0.0,7.629510948348184e-05,0.011688833428872515,-0.5098921135585331,5GnW8owm...,1628399.483109705,2.5329866760489286,BUYBACK_GAMING,,False,7735450,0.6,228,5H3BNbp7...,,69157.89473536248,69157.89473536248,0.0,0.0,ESTIMATOR,70872.776437572,4583.298014649,,,,0.0,42766.9123369192,7940.331821389,0.008138832675008595,0.0,0.0,7940.331821389,NEITHER,False,,,,,18119.603125189005,0.018572576221087798,30.0
89,123,123,97,95,Actual,2026-08-18,8874929,0.04842378,0.049147611716762185,-0.0147277088647487,IN BAND,False,True,0.0,29234.902083349,2812378.363376313,1.0,603730.267276167,552723.796042174,-0.0011390409750780188,-31781.552771495422,,-8.560524817055338e-07,,,,,,-0.1791871245211092,,-0.1791871245211092,,0.9344404132184536,1.186182858923918,33,0.0,,0.0,0.0,0.0,0.010395081424340057,-0.7853310620455475,5D5UhUuc...,433757.287825728,0.30776201024753147,BUYBACK_GAMING,,False,5403674,1.0,0,5ExqqyEB...,0.179995422293431,894.2673137046673,733.3032909311836,0.0,0.0,ESTIMATOR,994416.432457131,14658.86980412,,,,0.0,42766.9123369192,9024.997700073,0.003209026856983184,0.0,0.0,9024.997700073,NEITHER,True,,,,,9372.829078973005,0.003332705585076664,30.0
90,124,124,98,10,Pareton,2026-08-18,8874929,0.006881205,0.006995086092501879,-0.016280155954613584,IN BAND,False,True,0.0,17095.702025445,3261431.570800559,1.0,2484405.12691423,923767.41292372,0.0019830543029549486,-82197.60177640058,DISTRIBUTING_PRE_EMA,1.5277191062587376e-07,,,0.28818416294165755,,,-0.19807523078113193,,-0.19807523078113193,,0.80578112492942,1.284925356213371,33,0.0,,0.0,0.0,0.0,0.005241778542435783,-0.23824700144294741,5HK5714c...,7091.559650865,0.0,,,False,2869647,1.0,201,5EvNESR7...,0.179995422293431,54698.11771639517,44852.706919376826,0.0,0.0,ESTIMATOR,737552.474142822,0.0,,,,0.0,42766.9123369192,21299.95113896,0.006530859432912052,0.0,0.0,21299.95113896,NEITHER,True,,,,,6126.813395575,0.0018785656735612875,30.0
91,38,37,99,79,MVTRX,2026-08-18,8874929,0.006735083,0.006825781427323818,-0.01328762549599806,IN BAND,False,False,0.001105625,10127.856034824,3432258.711048119,1.0,1503746.316263987,468352.62689846,-0.0051205686723918425,153697.79640922858,ACCUMULATING_PRE_EMA,-1.31311964361201e-07,,,,0.28689018584084686,,-0.16166611020130972,-0.039221996622320565,-0.20088810682363029,-0.039221996622320565,0.7656765474993813,0.3261121824631674,33,0.0,,24607.46649688139,0.0,0.001831082627603564,0.002950784567090873,-0.5618785147724425,5Fxp7QBG...,3792298.750549757,,,,False,5173967,0.0,0,5EWwdZB7...,0.179995422293431,102.28491800051569,83.8741009907639,1.0,0.0,ESTIMATOR,444229.939659842,37317.847662374,,,,0.0,42766.9123369192,1355085.827207694,0.39480876626397654,0.0,0.0,1355085.827207694,NEITHER,True,,,,,6924.189826742001,0.0020173857537177146,30.0
92,41,66,100,60,Bitsec.ai,2026-08-18,8874929,0.004264964,0.004315139492973685,-0.011627780064905266,IN BAND,False,True,3.4082e-05,7187.892156608,3781624.49548638,1.0,1685334.513455892,889736.091690313,0.00042835187573598795,247057.2985372562,,2.0444354932242153e-06,,,0.10043505073805732,0.012460884783539563,,-0.14147132412301405,-0.06826720922301831,-0.20973853334603237,-0.06826720922301831,0.6949394375715232,0.08072809400655787,33,0.0,,0.0,0.0,3.0518043793392735e-05,0.0019007419073964712,-0.5543357675711984,5CXLwkK1...,98649.328638696,,,,False,4796992,1.0,14,5FRFJqbj...,,52559.99995793431,52559.99995793431,0.0,0.0,ESTIMATOR,638265.116142883,0.0,,,,0.0,42766.9123369192,1070282.876739721,0.28302198645507365,0.0,0.0,1070282.876739721,NEITHER,True,,,,,6356.923279829999,0.0016810033062292168,30.0
93,125,125,101,65,True Performance Network,2026-08-18,8874929,0.003626398,0.003691940102726221,-0.01775275353948004,IN BAND,False,True,0.0,7297.575269693,3682209.82455847,1.0,2012348.10136114,272109.134485735,-0.00012719120635281114,-23337.11952666496,,-1.6223853192485052e-06,,,,,,-0.21599183473034048,,-0.21599183473034048,,0.713701859810534,0.8710019208963188,33,0.0,,0.0,0.0,0.0,0.001981846667460903,-0.4534944406375408,5GxEEHxL...,1065374.674187562,5.3964225434661515,BUYBACK_GAMING,,False,4950813,1.0,0,5DAmVrUg...,0.179995422293431,471.1774343925854,386.3676531139566,0.2941382941382941,0.0,ESTIMATOR,957948.829234527,0.0,,,,0.0,42766.9123369192,171794.150223016,0.04665517675751019,0.0,0.0,171794.150223016,NEITHER,True,,,,,6141.368695329005,0.0016678486528304808,30.0
94,48,42,102,33,ReadyAI,2026-08-18,8874929,0.005369007,0.005387270590290427,-0.0033901379157274384,IN BAND,False,False,0.000849741,15512.18105525,2266614.423881881,1.0,2889208.316616038,897750.759808024,-0.0054386194078304825,208826.32043993892,ACCUMULATING_PRE_EMA,-7.498787521728651e-08,,,,0.14395908222359324,,-0.04124667797468383,-0.21152128502750608,-0.2527679630021899,-0.21152128502750608,1.1594384877773776,0.3554803672510993,33,0.0,,0.0,0.0,0.0019684138246738314,0.006843767026190238,0.27468022041882934,5HinUfk5...,79635.39716846,,,,False,2943950,0.0,52,5G9hfkx9...,0.009994659342336155,163.59181216484424,161.95676773106118,0.031802713302507286,0.0,ESTIMATOR,584226.582883127,0.0,,,,0.0,42766.9123369192,138809.800536348,0.061241029384529196,0.0,0.0,138809.800536348,NEITHER,True,,,,,6766.5166868139995,0.0029852967560426236,30.0
95,49,51,10,89,InfiniteQuant,2026-08-18,8874929,0.003599772,0.003602872136980295,-0.0008604626704552746,IN BAND,False,False,0.000244182,6669.114574148,2799137.857140998,1.0,1852648.821501156,186356.246419607,0.00022740814707736934,166518.8572367332,,6.467554762962742e-07,,0.06317293069599111,0.06317293069599111,0.09622121330581286,,-0.010468962490539174,-0.2750172972257604,-0.2854862597162996,-0.2750172972257604,0.9388605113876757,0.37123851053157325,33,0.0,,0.0,0.0,0.0007171740291447293,0.0023825602433742744,-0.3381357921073128,5Dc5NmEU...,125728.925494046,,,,False,5313364,0.20799230393354506,218,5CAQV3oj...,,22159.070187264067,22159.070187264067,0.0,0.0,ESTIMATOR,600426.954984618,0.0,,,,0.0,42766.9123369192,6094.632142656,0.002177324752729748,0.0,0.0,6094.632142656,NEITHER,True,,,,,7340.341158121003,0.0026223578590081767,30.0
96,47,34,103,81,Reliquary,2026-08-18,8874929,0.007395209,0.007479287916794419,-0.011241567075606742,IN BAND,False,False,0.001160291,19513.795278362,2570610.327880673,1.0,2638707.653500892,886026.754771666,-0.010295262693937652,209921.64905205648,ACCUMULATING_PRE_EMA,-6.740359323857402e-08,,,,0.15626097868215186,,-0.13677239941988203,-0.15099220698855023,-0.28776460640843227,-0.15099220698855023,1.0223253098678093,0.3072531856707021,33,0.0,,0.0,0.0,0.0003204394598306237,0.007591113700398944,0.026490759138645563,5GnpQR4N...,19032.670046239,,,,False,5203057,0.38181152120157524,250,5Cg5Wjtj...,,4112.801752190141,4112.801752190141,0.0,0.0,ESTIMATOR,851349.953789931,0.0,,,,0.0,42766.9123369192,558627.910307315,0.21731333771146596,0.0,0.0,558627.910307315,NEITHER,True,,,,,6754.915706759,0.0026277478284030924,30.0
97,52,30,104,17,404—GEN,2026-08-18,8874929,0.009504845,0.009515802841633558,-0.001151541474316375,IN BAND,False,False,0.00137018,26065.090994719,3013150.661113178,1.0,2742295.170154559,650690.235691935,-0.008483605846616416,173698.48259765143,ACCUMULATING_PRE_EMA,-9.979441709763593e-08,,,,0.13814772565841255,,-0.014010421270849229,-0.3178578012282356,-0.3318682224990848,-0.3178578012282356,0.8721767663051777,0.45600552688664814,33,0.0,,0.0,0.0,0.0,0.00865044397915686,-0.0898911050988353,5E7a4a7Q...,1091726.198818313,,,,False,2840556,1.0,238,5HJvp6ZS...,,50538.461539515076,50538.461539515076,0.0,0.0,ESTIMATOR,340475.604612198,0.0,,,,0.0,42766.9123369192,497588.579685319,0.165138964376076,0.0,0.0,497588.579685319,NEITHER,True,,,,,6135.863479454,0.0020363613272451394,30.0
98,53,69,105,13,Data Universe,2026-08-18,8874929,0.006199027,0.006204510573297739,-0.0008838043279897725,IN BAND,False,True,1.4589e-05,21034.112088379,2458124.167523574,1.0,3393131.116660141,967775.338552993,-0.0029832593986156373,191530.12925545638,ACCUMULATING_PRE_EMA,-1.336175093948685e-07,,,,0.001822748297570505,,-0.010752952657208898,-0.34050197567309226,-0.35125492833030114,-0.34050197567309226,1.0691079135548984,0.34232472397066277,33,0.0,,0.0,0.0,0.003494316014343468,0.00855697705033742,0.380374218459997,5HBswBt1...,9883.133749231,,,,False,1907637,0.7220163537806633,162,5HBswBt1...,0.179995422293431,28239.22049224559,23156.290074506534,0.0,0.0,ESTIMATOR,606395.397326006,0.0,,,,0.0,42766.9123369192,93697.039216446,0.03811729303765833,0.0,0.0,93697.039216446,NEITHER,True,,,,,6065.753588897004,0.002467635145952745,30.0
99,51,72,106,22,Desearch,2026-08-18,8874929,0.003322677,0.0033355564810335636,-0.003861269058640775,IN BAND,False,True,1.0144e-05,7909.114284927,3476593.013482984,1.0,2380343.53527273,264289.323749463,-0.0015173520545156394,173897.09591466328,ACCUMULATING_PRE_EMA,-3.59281428426409e-08,,,,0.0033705963828092604,,-0.046978773546796096,-0.30940756312654843,-0.3563863366733445,-0.30940756312654843,0.7559124665464275,0.3127781595093577,33,0.0,,0.0,0.0,0.0007324330510414256,0.0022749612204401646,-0.3153227892930415,5DFuaMas...,1762898.22779467,,,,False,2009702,0.5242872631209248,131,5E2LP6En...,0.0,138.67304425841445,138.67304425841445,0.14256065924004271,0.0,ESTIMATOR,1190924.069895489,0.0,,,,0.0,42766.9123369192,763677.586285475,0.2196626361854169,0.0,0.0,763677.586285475,NEITHER,True,,,,,6037.663569422,0.0017366610201443274,30.0
100,50,47,107,126,Poker44,2026-08-18,8874929,0.00442785,0.004455066751688719,-0.006109168101331469,IN BAND,False,False,0.000524146,2424.446391394,1127487.947974977,1.0,547544.870542266,62537.213932573,-0.0001583244541660852,192170.81211566692,ACCUMULATING_PRE_EMA,-2.868586475785413e-06,,,,0.5681526689513622,,-0.07432821189953287,-0.28745450472650036,-0.36178271662603323,-0.28745450472650036,2.3308453138856295,0.8556071736778625,33,0.0,,0.0,0.0,1.5259021896696368e-05,0.002150308032780681,-0.5143674621360974,5DqrUa2z...,415053.700682425,,,,False,7525773,1.0,86,5HgsmLY4...,,22781.866200789256,22781.866200789256,0.0,0.0,ESTIMATOR,393147.939315364,5493.154491675,,,,0.0,42766.9123369192,171439.094523612,0.15205403732387998,0.0,0.0,171439.094523612,NEITHER,False,,,,,16680.75304395401,0.014794617604483888,30.0
101,55,50,108,1,Apex,2026-08-18,8874929,0.007861435,0.00785719440318644,0.0005397087810172717,IN BAND,False,False,0.000251871,25162.420667934,2508768.506377926,1.0,3200741.049324684,828670.514535953,-0.002493990990679855,184153.0291945641,ACCUMULATING_PRE_EMA,-3.9722687540490225e-07,,,,0.026305775455201772,,0.006566456835710138,-0.4126492356376382,-0.4060827788019281,-0.4126492356376382,1.0475259049684964,0.43895501109284,33,0.0,,0.0,0.0,1.5259021896696368e-05,0.010029789756992221,0.2758217497177324,5HCFWvRq...,9890.414121865,,,,False,1497824,0.5375988036744286,248,5HCFWvRq...,0.179995422293431,5798.106446954976,4754.4738285330495,0.0,0.0,ESTIMATOR,836984.461272133,0.0,,,,0.0,42766.9123369192,192837.392404376,0.07686535920477892,0.0,0.0,192837.392404376,NEITHER,True,,,,,6151.589241107,0.0024520354211510944,30.0
102,58,54,109,32,ItsAI,2026-08-18,8874929,0.003256313,0.0032518256921321154,0.0013799349327799561,IN BAND,False,False,0.000166452,7485.425254901,3523803.324626816,1.0,2298741.930974901,303633.906663587,-0.0011755096356559623,101945.88437486114,ACCUMULATING_PRE_EMA,-5.407495496235453e-07,,,,0.05843834399569934,,0.016789208348822797,-0.4967368195577011,-0.4799476112088783,-0.4967368195577011,0.7457850957894522,0.5551751635534005,33,0.0,,0.0,0.0,0.026901655603875807,0.002124246039098602,-0.3476529930941521,5DWgkCSv...,30478.088730642,,,,False,2515294,0.15952142005896008,122,5D8Kz1Ug...,,2283.153792684101,2283.153792684101,0.0,0.0,ESTIMATOR,17419.272873098,0.0,,,,0.0,42766.9123369192,634410.218859858,0.1800356491028183,0.0,0.0,634410.218859858,NEITHER,True,,,,,6022.728185343001,0.001709155599931455,30.0
103,57,43,110,50,Synth,2026-08-18,8874929,0.005216217,0.00522984960116446,-0.002606690861898662,IN BAND,False,False,0.000779034,11461.622788944,3324326.69946374,1.0,2197305.428432014,1190218.951443637,-0.0056701551055483215,91950.19321121695,ACCUMULATING_PRE_EMA,-1.861471543877534e-08,,,,0.1786222936925518,,-0.03171473881976705,-0.4642894444300779,-0.49600418324984497,-0.4642894444300779,0.790536020549344,0.6429117381226297,33,0.0,,0.0,0.0,0.0019836728465705278,0.003447802765833129,-0.33902236700790467,5DxyiWpG...,2213684.3493127483,,,,False,4763204,0.0,8,5G9hfkx9...,0.009994659342336155,114.05817906702744,112.91820642204533,0.0274060397051867,0.0,ESTIMATOR,467621.516584095,0.0,,,,0.0,42766.9123369192,212500.00519846,0.06392272012035978,0.0,0.0,212500.00519846,NEITHER,True,,,,,6345.0818655369985,0.0019086817991025215,30.0
104,56,33,111,63,Enigma,2026-08-18,8874929,0.008208052,0.008269147714599967,-0.007388393182539998,IN BAND,False,False,0.001187159,15291.229767003,3870289.066570658,1.0,1862954.727213602,1215980.165181103,-0.0023243817583002914,87054.46371805412,ACCUMULATING_PRE_EMA,-3.2623751935791117e-07,,,,0.2040289695163919,,-0.08989211705423664,-0.4191217153624942,-0.5090138324167308,-0.4191217153624942,0.6790190486543137,0.6231506848788861,33,0.0,,0.0,0.0,9.15541313801782e-05,0.003950927050663965,-0.5186522879406752,5CqTmNfg...,278290.053777158,,,,False,4885578,0.99986265622854,87,5DCLafsA...,0.179995422293431,202153.8508770725,165767.08312021053,0.0,0.0,ESTIMATOR,725439.396179942,0.0,,,,0.0,42766.9123369192,72397.992373783,0.018706094332621152,0.0,0.0,72397.992373783,NEITHER,True,,,,,6154.116964851001,0.001590092331347222,30.0
105,69,21,112,124,Swarm,2026-08-18,8874929,0.012141238,0.011721699731424451,0.03579158980252825,IN BAND,False,False,0.00214232,13098.787213091,3445785.692453971,1.0,1078867.465199501,270041.265814751,-7.80977163950547e-05,-122593.77497416711,,-9.173144355116265e-06,,,,0.4298120786612466,,0.43546434259742706,-1.0090416424620998,-0.5735772998646728,-1.0090416424620998,0.7626707620718072,1.4388537211233463,33,0.0,,5462.634783457208,0.0,0.00016784924086366004,0.003801393465001734,-0.6869023187749278,5HKYqfJr...,2094706.355128624,0.7240108676157945,BUYBACK_GAMING,,False,5813454,0.02632623160979186,50,5HT2oKqf...,,8048.803957972985,8048.803957972985,0.0,0.0,ESTIMATOR,897004.632666029,6243.286010635,,,,0.0,42766.9123369192,1000000.110795789,0.2902096067627534,0.0,0.0,1000000.110795789,NEITHER,True,,,,,7438.673499143001,0.0021587742718397066,30.0
106,126,126,113,127,Astrid,2026-08-18,8874929,0.00293511,0.003085305215790868,-0.048680829054498526,IN BAND,False,True,0.0,3407.019254053,2832517.451964671,1.0,1160780.597861857,593526.690518978,-0.0011311304522673383,201814.89782311243,ACCUMULATING_PRE_EMA,-3.9983674589158086e-07,,,,,,-0.5922834201630653,,-0.5922834201630653,,0.9277965783325307,0.21118449102769216,33,0.0,,0.0,0.0,0.0,0.0012028237466603594,-0.5901946616445859,5FU4uxAd...,1251043.321643583,,,,False,5848837,1.0,0,5EKrpcqV...,0.179995422293431,467.3804506658726,383.25410907657476,0.5074471981443047,0.0,ESTIMATOR,1169419.751184993,203.185912805,,,,0.0,42766.9123369192,5535.674552263,0.001954330254319663,0.0,0.0,5535.674552263,NEITHER,True,,,,,8281.167159574003,0.002923606756184354,30.0
107,62,19,114,28,gm,2026-08-18,8874929,0.017149769,0.016927776858210564,0.01311407538325159,IN BAND,False,False,0.00243456,19568.827577444,4718471.670549944,1.0,1141054.890999521,6436133.495261725,-0.0018433106521580824,-136799.05530189653,,-3.537972899448611e-07,,,,0.3269497702240823,,0.159554583829561,-0.7674576897544318,-0.6079031059248708,-0.7674576897544318,0.5569600038933165,1.094407459978514,33,0.0,,0.0,0.0,0.0002746623941405346,0.0041472809298785576,-0.758172781809565,5CA6rwAy...,2723997.651432054,1.9444831130660591,BUYBACK_GAMING,,False,4878363,0.1422073660271379,14,5E53v3EB...,0.0,96.21276718972855,96.21276718972855,0.0077063940180070204,0.0,ESTIMATOR,1383002.830751317,33762.848582854,,,,0.0,42766.9123369192,434351.510975537,0.09205343198021422,0.0,0.0,434351.510975537,NEITHER,True,,,,,6016.611164962999,0.0012751186369339281,30.0
108,127,127,115,46,Instant,2026-08-18,8874929,0.004947408,0.005221989704295993,-0.05258181648081408,IN BAND,False,True,0.0,10011.289907497,3547274.915829851,1.0,2023542.14482407,1398019.192185055,-0.006844200137852545,368899.23410949716,ACCUMULATING_PRE_EMA,-2.014151330338622e-08,,,,,,-0.6397454338499046,,-0.6397454338499046,,0.7408503886384584,-0.3015942585848059,33,0.0,,0.0,0.0,0.0,0.0028222481045439224,-0.4295501594887824,5Ft9E2ov...,498421.401199369,,,,False,3919107,1.0,238,5CDnZ6oe...,0.179995422293431,895.8944912321581,734.6375839524673,0.15116509743480183,0.0,ESTIMATOR,939052.438324755,28041.129768459,,,,0.0,42766.9123369192,172696.606018438,0.048684302772185134,0.0,0.0,172696.606018438,NEITHER,True,,,,,6270.486346838001,0.0017676911137774279,30.0
109,66,8,116,44,Score,2026-08-18,8874929,0.041213122,0.04079608805477619,0.010222400360148796,IN BAND,False,False,0.005960239,69183.508711358,4055191.213485455,1.0,1678676.71426118,2115739.595590717,-0.0010141890605900883,-50570.71112248907,,-5.974240332440018e-08,,,,0.22640522840999666,,0.12437253771514367,-0.7975286187341739,-0.6731560810190302,-0.7975286187341739,0.6480582201057844,1.0239338471441706,33,0.0,,0.0,0.0,0.0,0.017060480028978572,-0.5860425223554145,5CaCekux...,240947.3989731,0.15553808777496292,,,False,3550319,1.0,65,5E2LP6En...,0.0,97.210903229087,97.210903229087,0.20993117761059651,0.0,ESTIMATOR,506413.98877663,2206.282255223,,,,0.0,42766.9123369192,245862.449528441,0.06062906447193673,0.0,0.0,245862.449528441,NEITHER,True,,,,,6145.040854681006,0.0015153516890265984,30.0
110,71,22,117,93,Bitcast,2026-08-18,8874929,0.012788603,0.012320734560489655,0.03797407023203916,IN BAND,False,False,0.00212778,18957.018967418,3374804.16566907,1.0,1482336.963910138,916575.208896569,-0.0033716791650470626,-125430.50618651183,,-4.895100121401731e-08,,,,0.29497284618487773,,0.4620178544898097,-1.1518547655784022,-0.6898369110885925,-1.1518547655784022,0.7787118514116765,1.44682761176328,33,0.0,,12174.015808046795,0.0,3.0518043793392735e-05,0.0056172204480077394,-0.5607635604914987,5EbY1Seb...,2281493.327915159,2.151985927990921,BUYBACK_GAMING,,False,5370681,0.9275632124273268,155,5H5pBTVG...,0.179995422293431,181.0065214071039,148.42617614856727,0.0,0.0,ESTIMATOR,1085835.159306595,0.0,,,,0.0,42766.9123369192,427930.957620956,0.12680171548150165,0.0,0.0,427930.957620956,NEITHER,True,,,,,7039.518788690001,0.002085904379371413,30.0
111,65,52,4,82,Compelle,2026-08-18,8874929,0.003595513,0.0035799811594188213,0.0043385257881357,IN BAND,False,False,0.000238486,1642.412386681,627298.214826561,1.0,456795.056677686,109039.878537607,0.0004909697292762227,247849.29061109215,,1.4853814044145168e-06,,0.1365506755993436,0.1365506755993436,0.3815979549853028,,0.05278539708898435,-0.7908197304656093,-0.7380343333766249,-0.7908197304656093,4.189394992502257,1.172417685450912,33,0.0,,0.0,0.0,0.0,0.002618232202581835,-0.2718056637309238,5H6h1PUD...,327731.674515939,,,,True,8026517,0.0,5,5E2LP6En...,0.0,317.00461788982983,317.00461788982983,0.5063480437038393,0.0,ESTIMATOR,51466.221683119,7195.897335065,,,,0.0,42766.9123369192,744.314271862,0.0011865397577574682,0.0,0.0,744.314271862,NEITHER,False,,,,,21804.218318782005,0.03475893570781252,30.0
112,64,44,118,56,Gradients,2026-08-18,8874929,0.01673893,0.016765859676524997,-0.0016062210375471359,IN BAND,False,False,0.000636832,51897.739573887,2690021.086450251,1.0,3100421.501988098,2830979.086663329,-0.009019599530651996,94573.22659772541,ACCUMULATING_PRE_EMA,-5.883321379395643e-08,,,,0.03224792659066197,,-0.019542355956823486,-0.7865790620052955,-0.806121417962119,-0.7865790620052955,0.9769440147652918,0.8188269885959575,33,0.0,,0.0,0.0,4.57770656900891e-05,0.01929268875820271,0.15256403833475093,5EJ1zbdw...,30701.015471733,,,,False,4312927,0.7188243911371544,38,5GU4Xkd3...,0.179995422293431,9201.588182810478,7545.3444320752615,0.009476431002121134,0.0,ESTIMATOR,786960.303477878,0.0,,,,0.0,42766.9123369192,264724.185506575,0.09840970646661538,0.0,0.0,264724.185506575,NEITHER,True,,,,,6116.484816364001,0.002273768353405478,30.0
113,54,10,1,9,iota,2026-08-18,8874929,0.030571402,0.031867179088294506,-0.040661807080704916,IN BAND,False,False,0.004342614,58479.277077183,3942351.939263511,1.0,1912875.212846658,1080069.42075025,0.01301328860220348,96829.39342805743,,4.62760433635909e-08,,0.42566868873738534,0.42566868873738534,0.19515271327546557,,-0.49471865281524313,-0.34669776535074315,-0.8414164181659862,-0.34669776535074315,0.666607152402266,0.5418504786262087,33,0.0,,0.0,0.0,0.0,0.014833601357292262,-0.5147883189232779,5Fsbubec...,9939.526253868,,,,False,1489797,1.0,210,5EbnCZs7...,0.179995422293431,42424.360089387796,34788.16947956986,0.0,0.0,ESTIMATOR,1143124.969029318,46681.104420658,,,,0.0,42766.9123369192,566487.003304132,0.14369265150131677,0.0,0.0,566487.003304132,NEITHER,True,,,,,6018.653216461999,0.0015266656323905906,30.0
114,60,11,119,8,Vanta,2026-08-18,8874929,0.028302958,0.0289346263743937,-0.021830880627949287,IN BAND,False,False,0.004038267,79340.645708394,3021744.943999418,1.0,2803263.350354341,1384366.349380099,-0.008329727580013033,102368.20208383445,ACCUMULATING_PRE_EMA,-6.963169770085296e-08,,,,0.1337595072644742,,-0.26560904764004967,-0.580646167153495,-0.8462552147935447,-0.580646167153495,0.8696961685064397,0.7144056744179692,33,0.0,,0.0,0.0,0.00030518043793381633,0.02625656605000653,-0.07230311227517176,5F6tnxzA...,17846.743727002,,,,False,1477264,0.6799969472639853,117,5EPeU7Y8...,0.179995422293431,44287.336164089924,36315.81838898342,0.0,0.0,ESTIMATOR,782630.237900534,0.0,,,,0.0,42766.9123369192,607572.765029208,0.201066859145649,0.0,0.0,607572.765029208,NEITHER,True,,,,,6042.019749833003,0.001999513480391933,30.0
115,61,14,6,68,NOVA,2026-08-18,8874929,0.02291848,0.023245292948558927,-0.01405931726832402,IN BAND,False,False,0.003400113,44917.156847476,3605155.809350917,1.0,1959866.338904262,1663494.964937904,0.0020257665134935203,-7606.716119732242,DISTRIBUTING_PRE_EMA,2.534811623227241e-07,,0.08839009015840144,0.08839009015840144,0.19893282636614848,,-0.1710550267646089,-0.7104932526686529,-0.8815482794332619,-0.7104932526686529,0.7289560116052662,0.9094260790348014,33,0.0,,6553.670151477156,0.0,0.0,0.012459144409506955,-0.456371259808375,5EcdJLAe...,3129082.140824505,5.666442347650428,BUYBACK_GAMING,,False,4972413,0.0,11,5E2LP6En...,0.0,62.243599204764074,62.243599204764074,0.06664021608093879,0.0,ESTIMATOR,681206.505097183,6247.123951755,,,,0.0,42766.9123369192,593046.681113916,0.1644995979301904,0.0,0.0,593046.681113916,NEITHER,True,,,,,6255.147794230996,0.0017350561598493551,30.0
116,63,4,120,120,Affine,2026-08-18,8874929,0.055226905,0.05598255293443799,-0.013497918455468457,IN BAND,False,False,0.010744618,81106.517834808,2544798.948454507,1.0,1468605.184975141,1440235.808551291,-0.0050901304439632976,46065.38551385561,ACCUMULATING_PRE_EMA,-8.722042414410713e-08,,,,0.3481453384734236,,-0.1642246745415329,-0.7716333469245393,-0.9358580214660722,-0.7716333469245393,1.0326945480687275,1.119778685397963,33,0.0,,3809.7740058167838,0.0,7.629510948348184e-05,0.03187148355435511,-0.4228993358516993,5EfNFhH2...,2621474.098359595,8.853367604753553,BUYBACK_GAMING,,False,5749344,0.19999999999999996,53,5Dku32pw...,,69331.55778060594,69331.55778060594,0.0,0.0,ESTIMATOR,176127.384445061,0.0,,,,0.0,42766.9123369192,68818.271163944,0.027042714398219283,0.0,0.0,68818.271163944,NEITHER,True,,,,,8172.223215656999,0.003211343363930619,30.0
117,67,7,121,4,Targon,2026-08-18,8874929,0.055058391,0.05531504889950156,-0.004639928999572423,IN BAND,False,False,0.007668732,135142.345942494,3536162.663380149,1.0,2454527.697374026,2249442.306473333,-0.0046476622979413,-12533.765192584135,,-6.410562990674286e-08,,,,0.14912740751574433,,-0.05645246949479781,-0.8924091493550514,-0.9488616188498492,-0.8924091493550514,0.7431784819219674,1.0415365568707957,33,0.0,,0.0,0.0,6.103608758678547e-05,0.03821723116473213,-0.3058781691471491,5CXGPMnq...,,,,,False,1411451,0.12418549999237005,32,5HEj6CFU...,0.179995422293431,18509.248506948752,15177.668505606454,0.0,0.0,ESTIMATOR,554113.487166874,0.0,,,,0.0,42766.9123369192,183019.261647309,0.0517564600584195,0.0,0.0,183019.261647309,NEITHER,True,,,,,5852.192974681998,0.0016549558184317237,30.0
118,68,27,122,34,BitMind,2026-08-18,8874929,0.012084469,0.01207743352279067,0.0005825308163405576,IN BAND,False,False,0.0018267,34830.236605951,2561574.75779035,1.0,2882231.387828213,628882.616414888,-0.0033068888932364145,62596.01038935594,ACCUMULATING_PRE_EMA,-2.701138999935027e-07,,,,0.13782759084616114,,0.007087458265476783,-0.9605120181115684,-0.9534245598460916,-0.9605120181115684,1.0259314087975122,1.0983396089577295,33,0.0,,0.0,0.0,0.0009613183794918712,0.013597196997676558,0.12517951741831254,5DthmKBR...,2825887.472967935,50.764050336309495,BUYBACK_GAMING,,False,3493948,0.8459952346041055,178,5EUJFyH4...,,10069.260122084574,10069.260122084574,0.0,0.0,ESTIMATOR,359469.273754254,58226.411706465,,,,0.0,42766.9123369192,140655.183067368,0.05490965377434431,0.0,0.0,140655.183067368,NEITHER,True,,,,,6392.7833206290015,0.00249564581364922,30.0
119,79,23,123,102,ConnitoAI,2026-08-18,8874929,0.010270049,0.009154848754405975,0.12181525610210758,IN BAND,False,False,0.002021519,4183.506638845,888460.962105253,1.0,407350.215555404,210375.533845681,-9.995717380745074e-05,66615.2920068989,ACCUMULATING_PRE_EMA,-1.7388222008625295e-06,,,,1.269880124647468,,1.4820856159089755,-2.501239534999733,-1.0191539190907575,-2.501239534999733,2.9579239967649467,3.771119659647201,33,0.0,,0.0,0.0,7.629510948348184e-05,0.004708711825595545,-0.5415102863096812,5HBc11rC...,889943.680464747,0.0,,,False,7840965,0.2500991912101328,0,5EEinUEy...,0.179995422293431,353.900424762877,290.1999683578583,0.5618781663919917,0.0,ESTIMATOR,122753.44159059,7309.092357836,,,,0.0,42766.9123369192,2002.340459168,0.0022537179961439765,0.0,0.0,2002.340459168,NEITHER,False,,,,,19384.812847099998,0.021818418224214046,30.0
120,70,36,3,61,RedTeam,2026-08-18,8874929,0.007798673,0.007853301707655191,-0.006956145286248319,IN BAND,False,False,0.00110758,11242.872725101,4414868.129531725,1.0,1441639.116217813,546353.40657972,0.001606769924520486,-170455.40642273263,DISTRIBUTING_PRE_EMA,5.753910400264236e-07,,0.20603119588684973,0.20603119588684973,0.2588947069997051,,-0.08463310098268788,-1.0352782046709181,-1.119911305653606,-1.0352782046709181,0.5952612678102224,1.2941729116706233,33,0.0,,0.0,0.0,0.0005645838101777656,0.0025465931020443654,-0.6734581508874183,5ECEsYL8...,,,,,False,4457976,0.0,67,5E2LP6En...,0.0,108.38714456909445,108.38714456909445,0.5254082099801618,0.0,ESTIMATOR,808370.14496251,0.0,,,,0.0,42766.9123369192,1021287.884224886,0.23132919359319834,0.0,0.0,1021287.884224886,NEITHER,True,,,,,6019.448261340002,0.0013634491642173854,30.0
121,73,16,124,75,Hippius,2026-08-18,8874929,0.020074592,0.01969345100224018,0.019353692642110416,IN BAND,False,False,0.003081421,35184.337777587,3593456.940284673,1.0,1752680.108244472,1474649.077736526,-0.01292806119265099,-200217.64434537478,,-1.490176992871237e-08,,,,0.23015849947753006,,0.23546992714567672,-1.3732379868945102,-1.1377680597488333,-1.3732379868945102,0.7313292029573646,1.6033964863720402,33,0.0,,19319.304069899837,0.0,0.0008392462043183002,0.009791222870420621,-0.5122579392686725,5DAQpczE...,1514530.805607581,0.0,,,False,5102795,0.0,173,5GP7c3fF...,0.0009918364232852674,104.69636367147,104.59252200459511,0.010071722875019076,0.0,ESTIMATOR,784604.879643725,0.0,,,,0.0,42766.9123369192,552610.292812629,0.15378236110680968,0.0,0.0,552610.292812629,NEITHER,True,,,,,6473.333438757005,0.001801422292330067,30.0
122,72,2,8,64,Chutes,2026-08-18,8874929,0.079212649,0.07947063562460244,-0.0032463138437837497,IN BAND,False,False,0.011059546,212012.788109652,3297497.985227819,1.0,2676501.67584724,4929090.496754731,0.006078987608972017,-64437.05531738978,DISTRIBUTING_PRE_EMA,1.0017656180389421e-07,,0.07674263751704627,0.07674263751704627,0.13708836691948972,,-0.03949681843270229,-1.2040012937694367,-1.243498112202139,-1.2040012937694367,0.7969678864924115,1.3410896606889264,33,0.0,,0.0,0.0,0.0001373311970702673,0.06429504705065175,-0.18832348289915468,5FRYKhbm...,640900.964525139,3.8063715871815504,BUYBACK_GAMING,,False,4531295,0.28081982724414734,207,5CSa1rZA...,0.179995422293431,73761.55442537289,60484.812287558,0.0,0.0,ESTIMATOR,273136.405033294,0.0,,,,0.0,42766.9123369192,733161.892822324,0.22233884481711697,0.0,0.0,733161.892822324,NEITHER,True,,,,,5910.514596836,0.0017924240206708274,30.0
123,75,29,125,19,blockmachine,2026-08-18,8874929,0.011234802,0.011140203569084406,0.008491624980545065,IN BAND,False,False,0.001619963,33733.056752333,2751234.805437937,1.0,3002550.035915899,1663426.68363394,-0.008205630128196056,-132688.2458451041,,-1.562293890914758e-08,,,,0.12620447637629414,,0.10331477059663162,-1.7718438485727608,-1.6685290779761293,-1.7718438485727608,0.9552074562322497,1.898048324949055,33,0.0,,1575.9951790479245,0.0,0.0002441443503471419,0.012261060628361537,0.09134639207362415,5FWh37Lf...,1098456.331317534,0.49402405438315977,BUYBACK_GAMING,,False,1956072,0.6057479509760528,175,5CXy2zBw...,,13622.245823653306,13622.245823653306,0.0,0.0,ESTIMATOR,1006514.180053119,0.0,,,,0.0,42766.9123369192,169492.989899939,0.06160615210483985,0.0,0.0,169492.989899939,NEITHER,True,,,,,6145.402344691998,0.002233688790409797,30.0
124,76,3,2,51,lium.io,2026-08-18,8874929,0.074830744,0.07492779195308685,-0.001295219711633986,IN BAND,False,False,0.010927043,142848.001608472,3760492.183384289,1.0,1908948.031147542,1872491.551911719,0.015805744069074572,-290353.16383647546,DISTRIBUTING_PRE_EMA,4.370219614512026e-09,,0.21121992411400548,0.21121992411400548,0.20102674647635324,,-0.01575850649154683,-1.8301928484411785,-1.8459513549327253,-1.8301928484411785,0.698844691557079,2.031219594917532,33,0.0,,0.0,0.0,0.00044251163500419466,0.037986517360585136,-0.4923675039154344,5FqACMtc...,216.587394526,4.717883722837448e-07,,,False,3966206,0.8176350257991634,47,5Exx2Vce...,0.179995422293431,31307.233825454165,25672.075052202355,0.0,0.0,ESTIMATOR,1171146.945421614,47834.295633396,,,,0.0,42766.9123369192,463782.546784235,0.12333027810387567,0.0,0.0,463782.546784235,NEITHER,True,,,,,6235.318287877998,0.001658112285255827,30.0
125,74,45,126,88,Investing,2026-08-18,8874929,0.004600395,0.004693437600508332,-0.019823977312120846,IN BAND,False,False,0.000627218,7523.625585831,3395196.967738895,1.0,1635430.063783903,687616.988861351,-0.0006446650318909965,-226896.4414473076,,-4.946909862104687e-08,,,,0.2190870458923746,,-0.24119172396413696,-1.6747555701842742,-1.9159472941484113,-1.6747555701842742,0.7740346215466177,1.8938426160766488,33,0.0,,538.9680815698812,0.0,0.0010681315327687457,0.0022159614471031768,-0.5183106130879682,5FhMsGJS...,2863171.401826457,1.1564509783529648,BUYBACK_GAMING,,False,5299805,0.0,133,5G7Bt3u3...,0.0,94.63147783969481,94.63147783969481,0.002136491270907093,0.0,ESTIMATOR,175269.312981134,0.0,,,,0.0,42766.9123369192,880099.726521932,0.2592190482274298,0.0,0.0,880099.726521932,NEITHER,True,,,,,6848.501553980998,0.002017114653157194,30.0
126,77,41,5,96,Verathos,2026-08-18,8874929,0.008670454,0.008802259573712945,-0.014974061217936544,IN BAND,False,False,0.000892303,3504.412843016,715808.095959696,1.0,404178.731977326,81300.597685506,0.0007914143622985852,171264.96539312843,,4.577864241993652e-07,,0.09127715368752147,0.09127715368752147,0.6691484106027441,,-0.18218441148489462,-2.0257698922571734,-2.207954303742068,-2.0257698922571734,3.671375072220434,2.6949183028599175,33,0.0,,0.0,0.0,0.0006256198977645511,0.004895743513933821,-0.43535326824479764,5CGq1JQh...,942643.845909149,,,,False,7692872,0.4074571716493114,0,5GpKXttD...,0.179995422293431,449.9280516224792,368.9430619690304,0.6862248401519891,0.0,ESTIMATOR,231599.266978263,7897.141864024,,,,0.0,42766.9123369192,156857.091761376,0.2191328830265255,0.0,0.0,156857.091761376,NEITHER,False,,,,,21211.468295624014,0.029632898000665164,30.0
127,78,12,127,3,Teutonic,2026-08-18,8874929,0.027831072,0.02843945613130927,-0.02139225618451601,IN BAND,False,False,0.003974417,77811.521710711,3023210.808039952,1.0,2795850.699998065,3318928.673844378,-0.03954664999786193,-275098.27233124897,,-2.5232527919974385e-08,,,,0.13423163622004125,,-0.2602724502449448,-2.4089953581716945,-2.6692678084166395,-2.4089953581716945,0.8692744789781364,2.543226994391736,33,0.0,,0.0,0.0,7.629510948348184e-05,0.02573804033241029,-0.075204852604661,5GsGUrd2...,3082161.171220934,,,,False,4165565,0.3999999999999999,110,5ESFn5CN...,,69121.82671819949,69121.82671819949,0.0,0.0,ESTIMATOR,578475.334942498,0.0,,,,0.0,42766.9123369192,387993.735911244,0.12833830008790992,0.0,0.0,387993.735911244,NEITHER,True,,,,,6057.162338288,0.0020035527533109935,30.0
128,128,128,128,86,SN86,2026-08-18,8874929,0.00598997,0.0,,N/A,False,True,0.0,709.206153468,0.0,0.0,118398.940430478,2.080493178,,-573440.0520118178,,,,,,,,,,,,,-11.06060606060606,33,,,2073258.590540088,,0.0,,,5F4XAWGz...,332958.306366667,,,,True,8693284,1.0,0,5F1N5GEH...,,0.0,0.0,0.0,0.0,ESTIMATOR,0.0,0.0,,,,,,0.0,,0.0,,0.0,,False,,,,,0.0,,30.0
