combined_apy_rank,real_apy_rank,emission_rank,epr_rank,netuid,name,date,block,spot_price,moving_price,momentum_30d,ema_band,ema_lag_flag,low_emission,tao_emission,tao_reserves,alpha_outstanding,alpha_out_emission,alpha_in_pool,volume,ema_tao_inflow,pool_growth_real,pool_ema_divergence,flow_momentum,flow_price_divergence,emission_price_ratio,emission_price_ratio_raw,emission_apy,price_apy_7d,price_apy_30d,combined_apy_7d,combined_apy_30d,real_apy,gross_emission_rate,net_supply_delta,supply_days_gap,supply_defence,supply_defence_quality,burned_tokens,manual_burn,miner_burn_rate,liquidation_price,liquidation_haircut,owner_coldkey,owner_stake,owner_inflow_pct,owner_inflow_flag,large_entry_anomaly,immune,registered_at,vali_miner_share,best_validator_uid,best_validator_hotkey,best_validator_take,best_validator_raw_apy,best_validator_apy,best_validator_div_pct,best_validator_trust,burned_source,alpha_burned_cum,alpha_recycled_cum,recycled_tokens,recon_flag,recon_gap_relative,burn_coverage,owner_cut_emission,total_locked_alpha,locked_float_ratio,owner_locked_alpha,owner_lock_ratio,community_locked_alpha,commitment_class,gate_eligible,leader_is_owner,leader_pct_of_threshold,leader_blocks_to_threshold,governance_flag,basket_alpha,basket_share,ema_halving_days
1,1,83,12,112,for sale,2026-09-29,9175178,0.00548968,0.005829240428283811,-0.05825123057821455,IN BAND,False,True,6.92e-07,5308.262305951,2679931.36977939,1.0,966952.883866005,194250.713401304,-0.0010482548438311206,75873.20791545347,ACCUMULATING_PRE_EMA,0.0,,,,0.0003425934694224184,-8.337499331573275,-0.708723305368277,0.8424689247511115,8.471244950956109,9.179968256324386,0.9806221269824291,-9.179625662854964,1,0.33107556449498937,MINER_BURN_ONLY,2384.0899517999496,2384.0449071673106,1.5259021896696368e-05,0.0019807456137908384,-0.6391874182482697,5GQjr3Qt...,1337650.774778388,,,,False,5633022,1.0,0,5C4xjnQk...,0.179995422293431,1.1698378655856945,0.9592724049547514,0.6028139353893577,,COUNTER,1053024.042771295,0.0,0.0,DIVERGENT,-0.8045499450462115,1.8395876072775341,1295.967040512703,109192.016768061,0.04074433323158183,109192.016768061,0.04074433323158183,0.0,FORTRESS,True,True,0.40744333231581825,,,14171.56744462,0.005288033717739045,30.0
2,2,88,13,65,True Performance Network,2026-09-29,9175178,0.002069204,0.0021229300182312727,-0.02530748435882729,IN BAND,False,True,9.2e-08,5512.494168888,3328637.345040627,1.0,2664064.978106841,305995.797684141,-0.00012719120635281114,72291.58403978823,ACCUMULATING_PRE_EMA,0.0,,,,4.3859638231376475e-05,-2.2511503519360914,-0.307907726365732,4.798731228418196,6.741973853988555,7.049881580354287,0.7895122621019337,-7.049837720716056,1,0.29209815268808487,MINER_BURN_ONLY,2103.3362417118624,2103.2011078139453,4.57770656900891e-05,0.0016560813322307776,-0.19965294275925538,5GxEEHxL...,1463866.964408519,,,ENTRY_REPEATED,False,4950813,0.8500274674967955,0,5DAmVrUg...,0.179995422293431,0.8893611626874444,0.729280224638141,0.45832888210606637,,COUNTER,1056879.778523566,0.0,0.0,DIVERGENT,-0.7784521737581653,1.6228816336115222,1295.967040512703,171794.150223016,0.051610954398193604,171794.150223016,0.051610954398193604,0.0,FORTRESS,True,True,0.516109543981936,,,19527.820030424995,0.005866610869916396,30.0
3,3,5,14,120,Affine,2026-09-29,9175178,0.04656739,0.04820520454086363,-0.03397588614057751,IN BAND,False,False,0.008610892,77029.666704821,2700218.603699558,1.0,1654154.755088382,1534617.47944544,-0.0050901304439632976,51424.26472579199,ACCUMULATING_PRE_EMA,0.0,,,,0.2937754393085503,0.38351135566331657,-0.4133732813770264,6.478251311607519,5.681366674567175,6.094739955944202,0.973254534428949,-5.800964516635651,1,0.0,,0.0,0.0,0.0,0.028527196501528792,-0.3873997125127951,5EfNFhH2...,3085809.81885473,,,,False,5749344,1.0,60,5E2LP6En...,0.0,0.3390132710688989,0.3390132710688989,0.01234492545740314,,COUNTER,185131.03468816,0.0,0.0,DIVERGENT,1.0,0.0,1295.967040512703,49918.769304974,0.018486936293446946,49918.769304974,0.018486936293446946,0.0,DORMITORY,True,True,0.18486936293447084,,,18455.354008242994,0.006834762927326474,30.0
4,4,35,15,41,Almanac,2026-09-29,9175178,0.007413855,0.007641507545486093,-0.029791575043404805,IN BAND,False,False,0.001071738,15336.651701823,3777010.839447443,1.0,2068647.170798265,1637181.581441965,-0.002647854639532984,60310.324422295205,ACCUMULATING_PRE_EMA,0.0,,,,0.18364682974871313,20.374607647520886,-0.36246416302809176,25.575613806421167,4.838541995872188,5.201006158900279,0.6957883129571486,-5.017359329151566,1,0.0,,0.0,0.0,0.0009308003356984784,0.004060526261043687,-0.4523056815862076,5FCSevLk...,17074.285636032,,,,False,3394182,0.0,228,5HbScNss...,0.0899977111467155,0.3655459189115584,0.33264762289049526,0.009949489554561963,,COUNTER,1037556.314013789,0.0,0.0,DIVERGENT,1.0,0.0,1295.967040512703,271111.945633162,0.07177949896294825,271111.945633162,0.07177949896294825,0.0,DORMITORY,True,True,0.7177949896294824,,,28766.53162331901,0.007616216327175646,30.0
5,6,42,16,33,ReadyAI,2026-09-29,9175178,0.003979927,0.004024176625534892,-0.010995945171519441,IN BAND,False,False,0.000276058,13507.947417751,2061032.134199703,1.0,3394018.258727238,913757.3570698,-0.0054386194078304825,24483.239900000393,ACCUMULATING_PRE_EMA,0.0,,,,0.05370767308781755,-5.826650726227965,-0.13378399958681986,-2.6169714328486418,3.0758952937925033,3.209679293379323,1.2750892896778876,-3.1559716202915054,1,0.0,,0.0,0.0,0.004867627985046141,0.006553972251866963,0.6467569007841004,5HinUfk5...,55676.456851257,,,,False,2943950,0.0,209,5E2LP6En...,0.0,0.48760674692133893,0.48760674692133893,0.40386082710209065,,COUNTER,588076.249106669,0.0,0.0,DIVERGENT,1.0,0.0,1295.967040512703,138809.800536348,0.06734965371621812,138808.045342108,0.06734880210686625,1.755194239987759,DORMITORY,True,True,0.6734880210686625,,,14175.013839423,0.006877628739605821,30.0
6,5,38,17,102,ConnitoAI,2026-09-29,9175178,0.005925416,0.006358701968565583,-0.06814063164267552,IN BAND,False,False,0.00050991,3481.898969554,1039398.79478942,1.0,587621.040138571,239543.320971807,-9.995717380745074e-05,16575.44358245982,ACCUMULATING_PRE_EMA,0.0,,,,0.38485995478830554,4.517954580429118,-0.8290443516525521,8.201648394705554,2.8546494626238847,3.683693814276437,2.5283846904329224,-3.2988338594881315,1,0.08971902320959368,MINER_BURN_ONLY,701.7014964609989,701.5663625630817,4.57770656900891e-05,0.003349916304510845,-0.4346529755023369,5HBc11rC...,820689.409249854,,,,False,7840965,0.25013733748397726,0,5EEinUEy...,0.179995422293431,0.9672132715546446,0.7931193102933554,0.4865714460111091,,COUNTER,155392.922892987,7309.092357836,0.0,OK,0.030523368713475267,0.541345837225561,1295.967040512703,2002.340459168,0.001926441005325266,2002.340459168,0.001926441005325266,0.0,EXPOSED,False,True,0.01926441005325266,,,28725.534752772994,0.0276366827600495,30.0
7,7,6,18,80,OpenRoboto,2026-09-29,9175178,0.0258665,0.02570247440598905,0.006381704400130805,IN BAND,False,False,0.007541309,5165.497117295,2200724.131980339,1.0,199698.495082652,341876.857792375,-0.0002903473733555673,2083.007185467606,ACCUMULATING_PRE_EMA,0.0,,,,3.8367188291798575,3.9160552318668893,0.07764407020159146,6.65249848648929,2.8140873248239924,2.736443254622401,1.194152398208663,1.1002755745574568,1,0.0012335168365764859,MINER_BURN_ONLY,11.695879236998735,11.470656073803497,7.629510948348184e-05,0.002347180658507519,-0.9092578950183627,5CG1eFia...,315479.348783183,0.04841262717211757,,,False,7151800,0.6848771555012971,21,5FnDM5Hk...,,13.473357347714346,13.473357347714346,0.0,,COUNTER,258703.253949142,2501.379452446,0.0,DIVERGENT,0.980574574063978,0.00885103996878311,1295.967040512703,320919.620966023,0.14582455670045338,320919.620966023,0.14582455670045338,0.0,DORMITORY,False,True,1.458245567004538,0,,24727.657087177,0.011236145743049413,30.0
8,8,79,19,71,Leadpoet,2026-09-29,9175178,0.003877478,0.0038576663937419653,0.0051356452932721005,IN BAND,False,True,2.095e-06,4957.873668292,4541755.261036606,1.0,1278633.620992315,1430737.631233713,-0.0022417272015353455,38501.41411546082,ACCUMULATING_PRE_EMA,0.0,,,,0.0011104881585045942,-3.428399154566606,0.06248368440147722,-0.8922804960125572,2.598602342955526,2.5361186585540487,0.5786309144716415,-2.5350081703955443,1,0.27394433956270287,MINER_BURN_ONLY,1973.510065554059,1973.46502092142,1.5259021896696368e-05,0.0010916206143526147,-0.7184714873037025,5DwHzMhB...,2815487.188652044,,,,False,5048438,0.7000030518509477,0,5FNVgRnr...,0.0,0.5131617232720989,0.5131617232720989,0.640923518281145,,COUNTER,1008441.323905588,0.0,0.0,DIVERGENT,-0.7636655074326614,1.5227740823876887,1295.967040512703,63565.086413894,0.013995709315121918,63565.086413894,0.013995709315121918,0.0,FORTRESS,True,True,0.13995709315121915,,,21044.117433975007,0.004633476756114753,30.0
9,9,82,20,81,Reliquary,2026-09-29,9175178,0.005358115,0.005400203168392181,-0.007793812025170959,IN BAND,False,True,1.066e-06,16793.984469642,2406104.577481027,1.0,3134307.854036629,923128.570479989,-0.010295262693937652,23015.067732651718,ACCUMULATING_PRE_EMA,0.0,,,,0.00016681258727278787,-6.501004817068124,-0.09482471297291332,-4.047906254285028,2.3582738498101827,2.453098562783096,1.0922218529467564,-2.452931750195823,1,0.31722733622747334,MINER_BURN_ONLY,2285.257164589013,2284.491405834149,0.00025940337224383825,0.006979740044060668,0.3026484209578682,5GnpQR4N...,82000.531018107,,,,False,5203057,0.8192405140572057,237,5H47sFL6...,0.179995422293431,11.225066671878599,9.204606056001893,0.035219434779954824,,COUNTER,883682.027893129,0.0,0.0,DIVERGENT,-0.7961139121731753,1.7627696804159245,1295.967040512703,467166.107186125,0.19415868768065161,463225.566782046,0.19252096152321072,3940.5404040790163,FORTRESS,True,True,1.925209615232111,0,,15432.383745211995,0.006413845802732439,30.0
10,10,28,21,62,Ridges,2026-09-29,9175178,0.01048905,0.010532295797020197,-0.004106018085100902,IN BAND,False,False,0.001569954,29760.211597963,2774785.892567399,1.0,2837264.551219925,4395721.074171831,-0.02595581615076601,24901.682981859427,ACCUMULATING_PRE_EMA,0.0,,,,0.13863608121262153,-0.49478801477119105,-0.049956553368727646,1.8939989197100062,2.3388303811124698,2.3887869344811974,0.9471001013229227,-2.250150853268576,1,0.030932531906216462,MINER_BURN_ONLY,256.6797454440093,256.04912058706265,0.00021362630655374915,0.010725228089734543,0.022516633034883313,5DhsVYew...,14215.547276013,,,,False,4474225,0.32429297477144725,107,5Hj8LMru...,,19.427528707446083,19.427528707446083,0.0,,COUNTER,192457.446669883,170981.9854291,0.0,DIVERGENT,0.5636407158922903,0.19757379052307222,1295.967040512703,147894.727899517,0.05329950980926888,147894.727899517,0.05329950980926888,0.0,DORMITORY,True,True,0.532995098092689,,,15547.585495763999,0.005603165828905968,30.0
11,11,17,1,9,iota,2026-09-29,9175178,0.025379982,0.0257847320754081,-0.01569727675371613,IN BAND,False,False,0.003493046,54194.760691227,4054347.456204572,1.0,2135334.840277954,1129496.736292754,0.01301328860220348,28108.983983927872,,0.0,,0.5127382912329678,0.5127382912329678,0.16938399156887515,0.18390250659799642,-0.19098353383687958,2.185027435153122,1.810141394718246,2.0011249285551256,0.6481930886259487,-1.8317409369862505,1,0.015270623060499469,MINER_BURN_ONLY,125.12574596889317,125.08070133625412,1.5259021896696368e-05,0.01336707356156415,-0.4733221811755363,5Fsbubec...,11251.802716084,,,,False,1489797,0.359981078524125,209,5Fsbubec...,0.179995422293431,18.6592051367898,15.300633628533564,0.0,,COUNTER,1205486.229308713,46681.104420658,0.0,DIVERGENT,0.7644468241746917,0.09651534138304198,1295.967040512703,566487.003304132,0.13972334868271055,566487.003304132,0.13972334868271055,0.0,DORMITORY,True,True,1.3972334868271057,0,,14497.28591032301,0.0035757384059763014,30.0
12,12,74,22,123,MANTIS,2026-09-29,9175178,0.002284953,0.0022935750894248486,-0.003759235729670629,IN BAND,False,True,2.619e-06,5614.926705725,2004442.914357024,1.0,2457347.977424705,551989.573246353,-0.0026115959502149458,15242.100551431067,ACCUMULATING_PRE_EMA,0.0,,,,0.0012257919578865279,-2.61093857589115,-0.04573736804432599,-1.0566706003708948,1.508530607475929,1.554267975520255,1.3110874753163013,-1.5530421835623685,1,0.18071452502999769,MINER_BURN_ONLY,1308.1318943530205,1302.6364491710567,0.0018616006713969568,0.0028012405170072556,0.2259510445104365,5HVuEdEG...,1665430.59199666,,,,False,5794330,0.49030009325363466,158,5Dszzjqs...,0.179995422293431,4.978205319152125,4.082151150467934,0.0,,COUNTER,321401.577401672,8560.983387542,0.0,DIVERGENT,-0.5934560215960267,1.0051462795347905,1295.967040512703,350656.879907587,0.1749398186378728,350656.879907587,0.1749398186378728,0.0,FORTRESS,True,True,1.749398186378728,0,,13123.128327177,0.006547020238481862,30.0
13,13,23,23,56,Gradients,2026-09-29,9175178,0.015328854,0.015406308695673943,-0.005027466163630246,IN BAND,False,False,0.002130828,50100.814200184,2850150.178431571,1.0,3268399.103066887,2865389.805521291,-0.009019599530651996,17964.69811521424,ACCUMULATING_PRE_EMA,0.0,,,,0.11177095768594184,-1.6320717745615745,-0.061167504990834655,-0.20654527707734838,1.3643589924933914,1.425526497484226,0.9220566761314242,-1.3137555397982843,1,0.0,,0.0,0.0,7.629510948348184e-05,0.017578306778120136,0.14674631111498204,5EJ1zbdw...,15241.246346528,,,ENTRY_REPEATED,False,4312927,0.2398596062871967,50,5G9hfkx9...,0.009994659342336155,0.41132008636413403,0.40720908222026425,0.020906136027223757,,COUNTER,841047.343861356,0.0,0.0,DIVERGENT,1.0,0.0,1295.967040512703,264724.185506575,0.0928807848477135,264724.185506575,0.0928807848477135,0.0,DORMITORY,True,True,0.9288078484771349,,,22908.591422111997,0.008037678714431295,30.0
14,15,39,24,91,cascade,2026-09-29,9175178,0.004618162,0.00469790049828589,-0.016973219912806432,IN BAND,False,False,0.000483818,3162.930938931,1136254.226617874,1.0,684889.533896631,188043.785553559,-0.00013977869327964234,9776.605609236518,ACCUMULATING_PRE_EMA,0.0,,,,0.40199224344421813,-8.669661311848069,-0.2065075089391449,-7.464571819248872,0.9985819836600519,1.2050894925991968,2.312862683752027,-0.8030972491549787,1,0.0,,0.0,0.0,1.5259021896585345e-05,0.0027836472374194333,-0.39723915327798526,5HEe7NjS...,399348.670465679,,,,False,7633645,0.0,1,5E2LP6En...,0.0,0.7090266271319864,0.7090266271319864,0.505050967466276,,COUNTER,399376.775480423,9542.545852108,0.0,DIVERGENT,1.0,0.0,1295.967040512703,152159.491459508,0.1339132457288361,152159.491459508,0.1339132457288361,0.0,DORMITORY,False,True,1.3391324572883612,0,,33903.57296051502,0.029838017026727327,30.0
15,16,19,25,93,Bitcast,2026-09-29,9175178,0.018553284,0.018599389353767037,-0.002478863842790606,IN BAND,False,False,0.002959148,23731.98012415,3926610.410675184,1.0,1279125.632876158,1149835.834022336,-0.0033716791650470626,15107.085638514021,ACCUMULATING_PRE_EMA,0.0,,,,0.3276861392651505,-1.3850302970758486,-0.030159510087285703,-0.3800122094986951,0.9748585774898678,1.0050180875771535,0.669279537602029,-0.6773319483120029,1,0.004639476752356955,MINER_BURN_ONLY,38.77707607788034,38.73203144524129,1.5259021896696368e-05,0.006043884582903977,-0.6742417901378549,5EbY1Seb...,2232139.193224862,,,,False,5370681,0.9385967589342936,118,5E2LP6En...,0.0,0.3116690907093214,0.3116690907093214,0.1986538666992262,,COUNTER,1087901.417174825,0.0,0.0,DIVERGENT,0.9283773492599208,0.029886586799243248,1295.967040512703,427930.957620956,0.10898228060964493,427930.957620956,0.10898228060964493,0.0,DORMITORY,True,True,1.0898228060964492,0,,35742.992676401,0.00910276012594154,30.0
16,14,9,26,38,ChronoLLM,2026-09-29,9175178,0.02044212,0.021268157521262765,-0.03883916697706116,IN BAND,False,False,0.00600372,8474.555540006,1961103.895729329,1.0,414563.557594465,265163.39900695,-0.0014355570088288021,6289.573590906279,ACCUMULATING_PRE_EMA,0.0,,,,1.8617821413190985,38.157834906291136,-0.4725431982209108,39.57503808463359,0.9446599801215416,1.4172031783424524,1.3400615876206061,0.4445789629766461,1,0.0,,0.0,0.0,6.103608758678547e-05,0.0043213190073513865,-0.7886071010564761,5GeWgtBA...,1946326.358274116,,,,False,7284230,0.0,9,5DkrZxTv...,0.179995422293431,0.9595572602504525,0.7868413459769447,0.010757938748416828,,COUNTER,485297.062238849,10641.406258159,0.0,DIVERGENT,1.0,0.0,1295.967040512703,26677.38679666,0.01360325011579193,26677.38679666,0.01360325011579193,0.0,DORMITORY,False,True,0.13603250115792054,,,24625.028621212998,0.012556718017254777,30.0
17,18,41,27,63,Enigma,2026-09-29,9175178,0.004063791,0.0040599561762064695,0.0009445480756675048,IN BAND,False,False,0.000285195,10913.130219589,3378276.695431676,1.0,2685455.548768493,1242652.547066139,-0.0023243817583002914,13708.847403975204,ACCUMULATING_PRE_EMA,0.0,,,,0.06867804607102239,-0.9791603521941593,0.011492001587287975,-0.21088640160030825,0.7797659521811391,0.7682739505938511,0.7779114136961461,-0.6995959045228287,1,0.0,,0.09381647501140833,0.0,0.00019836728465705278,0.0032303837735809028,-0.20508122253804317,5CqTmNfg...,33524.043725923,,,,False,4885578,1.5262049387954058e-05,147,5EZ52JMq...,0.0,0.3324388061941413,0.3324388061941413,0.902414087773912,,COUNTER,725441.270391627,0.0,0.0,DIVERGENT,0.9998060249412112,0.0,1295.967040512703,72397.992373783,0.021430450759608956,72397.992373783,0.021430450759608956,0.0,DORMITORY,True,True,0.21430450759608957,,,10182.706823175997,0.003014171940665994,30.0
18,19,45,28,54,Yanez,2026-09-29,9175178,0.00564401,0.00562420254573226,0.0035218244909707482,IN BAND,False,False,0.000239601,9498.741672714,4294290.452168662,1.0,1682977.320984972,948696.597470162,-0.0018134332739084883,14846.054491383955,ACCUMULATING_PRE_EMA,0.0,,,,0.06628998342051858,3.326232880909821,0.0428488646401441,4.055340920439757,0.7719569041700798,0.7291080395299356,0.6119753727121164,-0.662818056109417,1,0.11693739800125519,MINER_BURN_ONLY,880.2595067910152,877.6919627305895,0.000869764248111693,0.0022119467182097653,-0.6080895111437142,5FUfruyV...,3805270.818956912,,,,False,4742549,0.3115397538104402,59,5DUB7kNL...,0.01998931868467231,0.3237918718287555,0.31731949291526396,0.8322905539447581,,COUNTER,607431.633737179,0.0,0.0,DIVERGENT,-0.46379735928039406,0.6772486763115225,1295.967040512703,644081.425659809,0.14998552911914495,644081.425659809,0.14998552911914495,0.0,FORTRESS,True,True,1.4998552911914496,0,,32517.481664803003,0.007572259498279007,30.0
19,17,36,29,85,Vidaio,2026-09-29,9175178,0.005454172,0.005511682713404298,-0.010434329476991262,IN BAND,False,False,0.000838338,13137.879546497,2910264.624576175,1.0,2408775.976483573,1479137.383676793,-0.006693889346863315,13126.986553746276,ACCUMULATING_PRE_EMA,0.0,,,,0.16769466154737536,7.079016648808835,-0.126951008636727,7.917309268973445,0.7113416115278828,0.8382926201646098,0.9030106670738639,-0.6705979586172345,1,0.0,,0.0,0.0,3.0518043793392735e-05,0.004514324723446853,-0.17231713201438226,5GTPBjA4...,3263385.21112413,,,,False,5258781,0.9000350968214488,0,5FR392L6...,0.179995422293431,0.33004930010119204,0.27064193695182664,0.999633777886288,,COUNTER,513164.203276716,0.0,0.0,DIVERGENT,1.0,0.0,1295.967040512703,141381.260970876,0.04858020805976209,141381.260970876,0.04858020805976209,0.0,DORMITORY,True,True,0.48580208059762253,,,21123.556228476,0.007258293988146266,30.0
20,20,69,30,121,sundae_bar,2026-09-29,9175178,0.003895221,0.003928153309971094,-0.008383662085565733,IN BAND,False,True,7.064e-06,5802.485168513,2970603.857950888,1.0,1489641.87468587,553245.309522506,-0.0014768339828714987,12399.467512436444,ACCUMULATING_PRE_EMA,0.0,,,,0.0031993519088576033,-0.637911075665693,-0.10200122204104975,0.05882071022883284,0.5947305638534761,0.6967317858945259,0.8846686147552454,-0.6935324339856683,1,0.23365927645838427,MINER_BURN_ONLY,1685.442811413901,1685.397766781262,1.5259021896696368e-05,0.0019533015662733075,-0.49853896190400815,5CXGaDJs...,1890295.017379689,,,ENTRY_REPEATED,False,5766528,0.6003906369212928,0,5EL9y2gd...,0.179995422293431,0.762886116476675,0.6255701077796603,0.7380436441324585,,COUNTER,1353019.139143183,0.0,0.0,DIVERGENT,-0.7218394960499045,1.3004943135857023,1295.967040512703,202885.709556554,0.06829780046690703,202885.709556554,0.06829780046690703,0.0,FORTRESS,True,True,0.6829780046690703,,,13400.627869276997,0.004511078726774664,30.0
21,23,55,31,88,Investing,2026-09-29,9175178,0.002920398,0.00292150373570621,-0.00037848170197291156,IN BAND,False,True,8.1795e-05,6058.783169466,3274245.882783395,1.0,2074642.692534945,726913.393153436,-0.0006446650318909965,11179.725101697957,ACCUMULATING_PRE_EMA,0.0,,,,0.03547861905395528,-2.661641868233675,-0.0046048607073370905,-2.1452707897482335,0.5117662177781044,0.5163710784854415,0.8026275649664926,-0.4808924594314862,1,0.0,,0.0,0.0,0.0004730296787975874,0.001850436218405047,-0.3663753302101127,5FhMsGJS...,2925810.79939186,,,,False,5299805,0.5487298485588666,1,5DFqEAQY...,,7.011916717873927,7.011916717873927,0.0,,COUNTER,175269.313011837,0.0,0.0,DIVERGENT,1.0,0.0,1295.967040512703,1218919.303917906,0.37227482222004604,1208595.632556725,0.3691218301324741,10323.671361180954,DORMITORY,True,True,3.6912183013247426,0,,11246.397173670995,0.003434805318930592,30.0
22,21,32,32,17,404—GEN,2026-09-29,9175178,0.008876993,0.008993606781587005,-0.01296629755102851,IN BAND,False,False,0.001237581,25575.126874941,3216755.045673441,1.0,2881057.397920671,681975.498560564,-0.008483605846616416,12419.917205126025,ACCUMULATING_PRE_EMA,0.0,,,,0.12716898273481206,0.6983533699019879,-0.1577566202041802,1.3634965338035347,0.5073865436973668,0.6651431639015469,0.8169723720600607,-0.5379741811667349,1,0.0,,0.0,0.0,0.0,0.007950598199679436,-0.1043590774849731,5E7a4a7Q...,846498.005418645,,,ENTRY_REPEATED,False,2840556,1.0,251,5EhrAFV5...,0.01998931868467231,0.3096012901672662,0.303412571312927,0.39539745761418604,,COUNTER,340475.604612198,0.0,0.0,DIVERGENT,1.0,0.0,1295.967040512703,553246.480686788,0.1719889991098043,546489.161792817,0.16988833592655705,6757.318893971038,DORMITORY,True,True,1.698883359265572,0,,37949.17683807401,0.011797347419759527,30.0
23,91,91,33,39,deprecated,2026-09-29,9175178,0.006971974,0.006708048516884446,0.03934459961809188,IN BAND,False,True,0.0,17626.125081978,3626857.787248156,1.0,2528139.574149199,1112197.804453979,-0.008167090216750057,-62665.91313113598,,0.0,,,,,-3.399537614991695,0.47869262868678447,-3.399537614991695,0.47869262868678447,,0.7245941677779348,7.1205411846290785,1,0.38950217353888245,,2804.4156494799536,2804.4156494799536,0.0,0.004859888673868201,-0.30293935779619924,5DkwfxC9...,450607.38025776,0.10836307672205502,,,False,3280104,1.0,136,5GP7c3fF...,0.0009918364232852674,2.7719394208395007,2.769190110358772,0.1592400427285213,,COUNTER,1595433.584162016,0.0,0.0,DIVERGENT,-0.8338334761159908,2.163955997191477,1295.967040512703,440599.447342327,0.12148241623684607,439024.502933348,0.12104817136115328,1574.9444089789758,FORTRESS,True,True,1.210481713611535,0,,8657.142557216002,0.0023869539598861764,30.0
24,22,57,34,125,Refinery,2026-09-29,9175178,0.002779771,0.002792611252516508,-0.0045979376846446,IN BAND,False,True,6.8647e-05,5472.477388628,2521043.87924042,1.0,1968678.938951084,243522.136693632,-0.00024021262101779379,10361.615394567838,ACCUMULATING_PRE_EMA,0.0,,,,0.032965748999691895,-2.5158332150068032,-0.055941575163175966,-1.9830139884430071,0.4768776514006202,0.5328192265637962,1.0424253308878564,-0.4998534775641043,1,0.0,,0.0,0.0,0.0,0.0021707188175863223,-0.21910156714840093,5DTzv2rL...,23262.60833928,,,,False,5834408,1.0,12,5E2LP6En...,0.0,0.521628005599005,0.521628005599005,0.11138579865403105,,COUNTER,1305773.13013795,0.0,0.0,DIVERGENT,1.0,0.0,1295.967040512703,226023.662897553,0.08965479131829034,226023.662897553,0.08965479131829034,0.0,DORMITORY,True,True,0.8965479131829034,,,12572.342395981997,0.0049869589734273054,30.0
25,24,15,35,8,Vanta,2026-09-29,9175178,0.028863596,0.029016186948865652,-0.005258821537597624,IN BAND,False,False,0.003988967,81112.439056604,3349846.270184043,1.0,2810198.648587085,1435924.335687722,-0.008329727580013033,10687.671802992001,ACCUMULATING_PRE_EMA,0.0,,,,0.12924041488487947,1.7461735404059155,-0.06398232870743775,2.204624643965238,0.3944687748518848,0.45845110355932256,0.7845136128756188,-0.3292106886744431,1,0.024607514746509882,MINER_BURN_ONLY,206.25424490799196,201.6596923788091,0.0015564202334630295,0.024213779533276202,-0.16109622885255864,5F6tnxzA...,19596.29986354,,,,False,1477264,0.965934620145798,174,5CM9pBQo...,,6.227884334721028,6.227884334721028,0.0,,COUNTER,797078.895390808,0.0,0.0,DIVERGENT,0.6119149184406367,0.1556055718045342,1295.967040512703,607572.324100669,0.18137319599065918,607571.159893335,0.18137284845013338,1.1642073340481147,DORMITORY,True,True,1.8137284845013337,0,,17123.583671662996,0.005111752089662973,30.0
26,31,3,36,90,KubeTEE,2026-09-29,9175178,0.022271255,0.02160079265013337,0.031038784581939365,IN BAND,False,False,0.012427195,3309.419848523,387042.285784813,1.0,148596.021443277,93696.858961239,,658.9483348056965,,,,,,9.868396865564103,-1.3524026610247941,0.3776385457469289,-1.3966749515669687,0.33336625520475427,-0.04427229054217463,6.789955765869753,9.912669156106277,1,0.0,,0.0,0.0,1.5259021896696368e-05,0.008550538197169921,-0.6160729066606295,5C9y6fnL...,462816.344929578,0.12462807222161212,,,True,8618670,0.08725241859187605,0,5EKtGWqs...,0.179995422293431,0.987146503783951,0.8094646519698747,0.33677190947795704,,COUNTER,0.0,116244.461941063,85.79734394999105,DIVERGENT,0.7361907734010972,0.0,1295.967040512703,86042.159619217,0.22230687131445515,86042.159619217,0.22230687131445515,0.0,DORMITORY,False,True,2.223068713144552,0,,56946.25914357001,0.1471318799910945,30.0
27,92,92,37,31,rec4ll,2026-09-29,9175178,0.004030084,0.003931038081645966,0.025195868444134392,IN BAND,False,True,0.0,1809.840804347,1896087.538253002,1.0,449082.588539802,56016.715513703,-3.4653599990985635e-05,-8942.666530486837,,0.0,,,,,-2.226638087926454,0.30654973273696845,-2.226638087926454,0.30654973273696845,,1.3860119572439993,3.0429517387837604,1,0.38950217353915734,SKIN_IN_GAME,2804.4156494819326,2804.4156494819326,0.0,0.0009545133164128765,-0.7631529972048036,5H3mfhC8...,950792.683693572,0.2837432739768378,BUYBACK_GAMING,,False,7173591,1.0,0,5CDZ527X...,0.179995422293431,1.6595387137848752,1.3608293421848692,0.46444268099133196,,COUNTER,802543.021229827,729.248648798,0.0,DIVERGENT,-0.8338334761162741,2.163955997193004,1295.967040512703,536231.144651264,0.2828092763825299,536231.144651264,0.2828092763825299,0.0,FORTRESS,False,True,2.8280927638252993,0,,20874.333519857,0.011009161285396127,30.0
28,93,93,38,116,for sale,2026-09-29,9175178,0.001998864,0.0019581366796046495,0.020799018178635668,IN BAND,False,True,0.0,829.786569766,662739.399292604,1.0,415128.920813265,114525.117835239,0.0001614247536338362,-12958.729558715946,DISTRIBUTING_PRE_EMA,0.0,,,0.08075824750149896,,-0.6941543129595144,0.2530547211734006,-0.6941543129595144,0.2530547211734006,,3.965359540726083,11.177881849039872,1,0.3895021736715312,,2804.415650435025,2804.415650435025,0.0,0.001252055590254177,-0.3736164189989028,5F48aA3P...,108873.35592519,0.061318467763252414,,,False,8294730,1.0,0,5CXN6pP6...,0.179995422293431,9.896691472597496,8.115332311679511,0.0,,COUNTER,271494.085075393,1764.319155568,0.0,DIVERGENT,-0.8338334761724974,2.1639559979284333,1295.967040512703,30.45052749,4.594645726887875e-05,30.45052749,4.594645726887875e-05,0.0,EXPOSED,False,True,0.0004594645726887875,,,37002.371520596986,0.05583246078336771,30.0
29,25,8,39,4,Targon,2026-09-29,9175178,0.053263295,0.0535001705866307,-0.004427566941064919,IN BAND,False,False,0.007188468,135148.748341376,3794253.35609633,1.0,2537371.15580842,2334991.773892547,-0.0046476622979413,9222.123991018161,ACCUMULATING_PRE_EMA,0.0,,,,0.13978149361977035,-0.761369432761226,-0.05386873111628984,-0.46962618314908855,0.23787451849584765,0.2917432496121375,0.6926263887406255,-0.15196175599236714,1,0.05516729504932424,MINER_BURN_ONLY,450.9468042800436,450.8116703821264,4.57770656900891e-05,0.03561932629623397,-0.3312594292892701,5CXGPMnq...,,,,,False,1411451,1.5259720441918034e-05,238,5CdBXrFk...,0.0,0.28825141956241573,0.28825141956241573,0.024964902642983584,,COUNTER,561137.161812542,0.0,0.0,OK,0.14907738945041896,0.3478573577023833,1295.967040512703,183019.057563734,0.048235855750031115,183019.057563734,0.048235855750031115,0.0,FORTRESS,True,True,0.4823585575003111,,,16176.081059647997,0.00426331073375937,30.0
30,94,94,40,94,Cathedral,2026-09-29,9175178,0.004651731,0.004597005434334278,0.0119046119147447,IN BAND,False,True,0.0,2333.824236628,2017178.38200021,1.0,501710.906336957,130328.390396352,-7.290167659344193e-05,-17410.203042834182,,0.0,,,,,9.702931596091211,0.1448394449627272,9.702931596091211,0.1448394449627272,,1.302809916787878,4.421004804316412,1,0.38950217355042693,MINER_BURN_ONLY,2804.415649563074,2804.415649563074,0.0,0.0011569746421304635,-0.7512808367185327,5CnwnkkC...,838247.88923241,0.0,,,False,6962737,1.0,0,5EeKtCKE...,0.179995422293431,1.8001633466162228,1.4761421848448797,0.4004944375772559,,COUNTER,821893.550814997,0.075116968,0.0,DIVERGENT,-0.8324563519753602,2.1639559972556146,1295.967040512703,273.723032556,0.0001356959974380548,273.723032556,0.0001356959974380548,0.0,EXPOSED,False,True,0.0013569599743805478,,,20245.892729785002,0.010036738897483828,30.0
31,95,95,41,25,UR,2026-09-29,9175178,0.006781666,0.006703536491841078,0.01165496872494311,IN BAND,False,True,0.0,13313.645778792,4101561.526215954,1.0,1963181.982576945,763668.486571514,-0.00189072698649151,1846.2427117612679,ACCUMULATING_PRE_EMA,0.0,,,,,4.779405738392921,0.14180211948680785,4.779405738392921,0.14180211948680785,,0.6407315806925266,0.435127105131189,1,0.3895021735404185,MINER_BURN_ONLY,2804.415649491013,2804.415649491013,0.0,0.003245994408152885,-0.5213573761738067,5HTeZ516...,767581.036857404,,,,False,2998801,1.0,1,5CyQFykV...,0.179995422293431,1.677861548009629,1.375854150125726,0.19529354311963007,,COUNTER,1014388.249566553,0.0,0.0,DIVERGENT,-0.8323667824673078,2.1639559972000106,1295.967040512703,1145321.086584591,0.2792402550258094,1145321.086584591,0.2792402550258094,0.0,FORTRESS,True,True,2.7924025502580947,0,,7970.828879399999,0.001943364454843075,30.0
32,96,96,42,27,Orion,2026-09-29,9175178,0.002183887,0.002160018077120185,0.01105033477851159,IN BAND,False,True,0.0,6026.450451068,3410875.347350214,1.0,2759506.199150768,833921.718783197,-0.002571603639063033,-28578.317349740304,,0.0,,,,,-1.8979256410159513,0.13444573980522434,-1.8979256410159513,0.13444573980522434,,0.770476705354125,3.818333913469195,1,0.3895021735469345,MINER_BURN_ONLY,2804.4156495379284,2804.4156495379284,0.0,0.0017668339758442745,-0.1909682250756222,5GLT9wjW...,85888.246543129,0.035214354345787735,,,False,1727132,1.0,203,5H6Bqkzj...,0.179995422293431,12.545209106585236,10.287128895686031,0.0,,COUNTER,1367185.185002209,0.0,0.0,DIVERGENT,-0.833833476119758,2.163955997236212,1295.967040512703,29259.979274079,0.008578436997649305,29259.979274079,0.008578436997649305,0.0,FORTRESS,True,True,0.08578436997649305,,,9991.989438989998,0.0029294501913570115,30.0
33,97,97,43,24,Quasar,2026-09-29,9175178,0.004658391,0.004629991482943296,0.006133816263231979,IN BAND,False,True,0.0,9347.985431292,4019398.68128222,1.0,2006698.188141327,1598542.401946743,-0.003987432863262727,-55759.183889969485,,0.0,,,,,3.278483685018646,0.07462809786932241,3.278483685018646,0.07462809786932241,,0.6538291442046369,5.764596923222093,1,0.3895021735384782,MINER_BURN_ONLY,2804.415649477043,2804.415649477043,0.0,0.002325717395197512,-0.5007466322175377,5ELutYW7...,333879.768998235,0.01578294267385943,,,False,2538424,1.0,155,5ELpkVn8...,0.179995422293431,3.227167719428954,2.6462923029586105,0.0,,COUNTER,723308.171834544,0.0,0.0,DIVERGENT,-0.8338334761158183,2.1639559971892313,1295.967040512703,700000.000065042,0.17415540372365762,0.0,0.0,700000.000065042,EXPOSED,True,False,1.1644094909376503,0,TAKEOVER_IMMINENT,14787.138021485001,0.0036789428454426887,30.0
34,98,98,44,58,SN58,2026-09-29,9175178,0.00592913,0.005897389724850655,0.0053820887935551055,IN BAND,False,True,0.0,967.47737256,615082.071443575,1.0,163173.562478533,25563.032115027,,51.38910275581293,,,,,,,-1.997409488082688,0.06548208032158712,-1.997409488082688,0.06548208032158712,,4.272600555292046,4.009136544190606,1,0.38950217353666733,MINER_BURN_ONLY,2804.4156494640047,2804.4156494640047,0.0,0.0015729240331934344,-0.7347125070299632,5DCsuLti...,831090.354967844,,,,True,8511017,1.0,0,5DsnuvVc...,0.179995422293431,2.0317521155790974,1.6660460355398659,0.5671580296648965,,COUNTER,112732.46238855,0.045668707,0.0,DIVERGENT,-0.8338334761150458,2.1639559971791704,1295.967040512703,213417.539421567,0.34697408578449357,213417.539421567,0.34697408578449357,0.0,FORTRESS,False,True,3.469740857844936,0,,47753.912642539966,0.07763827765368497,30.0
35,99,99,45,109,Finsight,2026-09-29,9175178,0.002341734,0.0023323148488998413,0.004038541839495451,IN BAND,False,True,0.0,1265.677825227,1682910.564281935,1.0,540487.37292232,70520.539341335,-0.000708007104294364,-5379.750257992651,,0.0,,,,,-0.48194385514468374,0.04913559238052798,-0.48194385514468374,0.04913559238052798,,1.5615803095997058,2.6463484631927883,1,0.3895021735387531,,2804.4156494790222,2804.4156494790222,0.0,0.000752076700978486,-0.6788376899432275,5FqZqKFx...,717704.991686035,0.1510890477559867,,,False,7257480,1.0,0,5DyQkk4x...,0.179995422293431,2.0913177413359842,1.7148901213344694,0.3930380905872299,,COUNTER,768616.623526932,1308.746301495,0.0,DIVERGENT,-0.8338334761161016,2.1639559971907585,1295.967040512703,221525.982963538,0.1316326533716061,221525.982963538,0.1316326533716061,0.0,FORTRESS,False,True,1.3163265337160643,0,,24174.483019679003,0.014364686711675484,30.0
36,29,84,46,46,Instant,2026-09-29,9175178,0.003514202,0.0035007442347705364,0.0038442583424966544,IN BAND,False,True,6.28e-07,8437.514215879,3469821.131644852,1.0,2400975.806803982,1476389.763118098,-0.006844200137852545,,,,,,,0.00019560073710975866,-0.7278593336440369,0.046771809833709294,-0.7276637329069271,0.04696741057081905,0.00019560073710975866,0.757387744293957,,,,,,,1.5259021896696368e-05,0.0024316856390459636,-0.30804044871468306,5Ft9E2ov...,672487.897644994,,,,False,3919107,0.7554399243140965,238,5CDnZ6oe...,0.179995422293431,1.4503799475564596,1.1893181964101103,0.14979398748664732,,,1062115.426466055,28041.129768459,,NO_ESTIMATE,,,,170688.08310787,0.04919218502394564,170688.08310787,0.04919218502394564,0.0,,True,True,0.4919218502394566,,,10741.690152289999,0.003095747516875013,30.0
37,100,100,47,52,Dojo,2026-09-29,9175178,0.006093476,0.006079768296331167,0.002254642446999874,IN BAND,False,True,0.0,17586.066217808,3169185.196928354,1.0,2886048.060333061,766382.346478815,-0.001055169699966047,-5557.441419348121,,0.0,,,,,-0.24087859757886737,0.027431483105165133,-0.24087859757886737,0.027431483105165133,,0.8292352250499961,1.4211435859283916,1,0.3895021735399819,SKIN_IN_GAME,2804.41564948787,2804.41564948787,0.0,0.005549081270117257,-0.08934058817705083,5Fv1ZvNP...,46151.093200386,0.20212924487685016,BUYBACK_JUSTIFIED,,False,3989825,1.0,130,5E2LP6En...,0.0,0.38654808212225605,0.38654808212225605,0.7394323210743171,,COUNTER,1218858.851599888,0.0,0.0,DIVERGENT,-0.8338334761164599,2.1639559971975855,1295.967040512703,167638.354572778,0.05289635794565015,167638.354572778,0.05289635794565015,0.0,FORTRESS,True,True,0.5289635794565016,,,9293.317946184998,0.0029323997711437916,30.0
38,101,101,48,29,hoτfloaτ,2026-09-29,9175178,0.002801724,0.0027958096470683813,0.0021154347678212404,IN BAND,False,True,0.0,8348.881153427,3098730.579792647,1.0,2979907.970291748,209735.02392343,-0.011022358310089313,-3096.898670444265,,0.0,,,,,0.38080594962155534,0.025737789675158423,0.38080594962155534,0.025737789675158423,,0.8480892198688192,1.1616215783578545,1,0.0,,0.0,0.0,0.0,0.0026942907550180336,-0.03834540625056795,5HHHHHzg...,2171.053398905,0.38275103564114066,BUYBACK_GAMING,,False,3379782,1.0,144,5Hmmmmha...,0.0,0.3445501534672392,0.3445501534672392,0.844134836947399,,COUNTER,610829.352749762,0.0,0.0,DIVERGENT,1.0,0.0,1295.967040512703,3165.974907187,0.0010217006047033791,3165.974907187,0.0010217006047033791,0.0,NEITHER,True,True,0.01021700604703379,,,9936.763227396998,0.0032067206139818455,30.0
39,102,102,49,20,Witness,2026-09-29,9175178,0.002285735,0.0022818823345005512,0.0016883716750855787,IN BAND,False,True,0.0,6397.764130301,3210635.14095592,1.0,2798996.258611381,288535.008182767,-0.0009316292818717833,-7343.931281561498,,0.0,,,,,-5.052945956850095,0.020541855380207873,-5.052945956850095,0.020541855380207873,,0.8185296318713908,1.5973943015364096,1,0.38391175704138325,SKIN_IN_GAME,2764.1646506979596,2764.1646506979596,0.0,0.0019926786599601468,-0.12821098685536747,5CFVA7aP...,1499671.754416614,0.31243382083187626,BUYBACK_JUSTIFIED,,False,1970929,1.0,240,5ED4s3B3...,0.179995422293431,1.1368770752518695,0.9322444059961885,0.5823744849687167,,COUNTER,1433848.727060178,0.0,0.0,DIVERGENT,-0.7997872234221112,2.132897337886322,1295.967040512703,511833.002859625,0.15941799064319534,505791.197916779,0.15753618075898437,6041.804942845949,FORTRESS,True,True,1.5753618075898448,0,,10559.310238410997,0.003288854003905008,30.0
40,103,103,50,12,Compute Horde,2026-09-29,9175178,0.004717143,0.004709278931841254,0.0016699091883417211,IN BAND,False,True,0.0,12576.406875201,3646716.930815341,1.0,2666106.253351623,425316.234998068,-0.0016389071287063602,-3756.149780446198,,0.0,,,,,-0.14554836795573228,0.020317228458157605,-0.14554836795573228,0.020317228458157605,,0.7206482021658933,1.053018253724433,1,0.3872139147946784,SKIN_IN_GAME,2788.1654096848797,2787.9401865216846,7.629510948348184e-05,0.00344869292401841,-0.2689021884605978,5ELzhHvg...,1636775.536771283,0.4895530699376412,BUYBACK_JUSTIFIED,,False,2256433,0.005844651304745874,157,5Hdt5YNb...,,3.894263577681639,3.894263577681639,0.0,,COUNTER,1663001.964285936,0.0,0.0,DIVERGENT,-0.8328650092346324,2.1512431253025817,1295.967040512703,3870.537061652,0.0010613757895342364,3870.537061652,0.0010613757895342364,0.0,EXPOSED,True,True,0.010613757895342364,,UNDEFENDED_BURNER,10040.602241508,0.0027533264665165827,30.0
41,104,104,51,126,Attelier,2026-09-29,9175178,0.004403925,0.004396865610033274,0.0016055505427816008,IN BAND,False,True,0.0,2462.955473924,1425862.330072963,1.0,559263.799868775,68880.737369692,-0.0001583244541660852,-532.9022243320942,,0.0,,,,,-2.6456931951895513,0.019534198270509475,-2.6456931951895513,0.019534198270509475,,1.8430951884853586,1.869727223518996,1,0.38950217353889055,SKIN_IN_GAME,2804.415649480012,2804.415649480012,0.0,0.0017273445142477171,-0.607771586880404,5DqrUa2z...,571845.101065715,1.6347894007116452,BUYBACK_JUSTIFIED,,False,7525773,1.0,1,5E2LP6En...,0.0,0.6422912308988428,0.6422912308988428,0.41042544100592077,,COUNTER,472114.37997179,5493.154491675,0.0,DIVERGENT,-0.8338334761159112,2.163955997191522,1295.967040512703,171439.094523612,0.12023537680165748,1096.553699538,0.0007690459846020956,170342.540824074,EXPOSED,False,False,1.0815690143337404,0,,39753.217938451,0.027880123557522406,30.0
42,105,105,52,73,Parked,2026-09-29,9175178,0.003242505,0.0032375017181038857,0.0015454144373534908,IN BAND,False,True,0.0,6998.972511869,3615109.47956071,1.0,2158507.429945083,581919.817128926,-0.0012004820451322843,-3170.1389614269137,,0.0,,,,,-0.5011743922663433,0.01880254232113414,-0.5011743922663433,0.01880254232113414,,0.7269489388518716,1.002759894160014,1,0.3895021735395939,SKIN_IN_GAME,2804.415649485076,2804.415649485076,0.0,0.001936033348765825,-0.40292047390340957,5GHtVze5...,1529264.511755686,0.6847624515240404,BUYBACK_GAMING,,False,5160047,1.0,0,5Dnkprjf...,0.179995422293431,1.0678431401208042,0.8756362631716166,0.5156111704562795,,COUNTER,1610650.859757757,0.0,0.0,DIVERGENT,-0.8338334761159621,2.1639559971954294,1295.967040512703,1001959.408104132,0.2771588007967839,933908.238068394,0.25833470420427707,68051.17003573803,FORTRESS,True,True,2.583347042042772,0,,10541.944392491996,0.002916078877304983,30.0
43,106,106,53,72,StreetVision by NATIX,2026-09-29,9175178,0.002021745,0.002020475687459111,0.0006282246051102819,IN BAND,False,True,0.0,6030.284201275,2500736.433862237,1.0,2982711.499057951,246193.787548367,-0.000693472829379333,-8316.168665767182,,0.0,,,,,-0.9588714006883307,0.007643399362175096,-0.9588714006883307,0.007643399362175096,,1.0508904354791249,2.21002747792606,1,0.38950217353596395,MINER_BURN_ONLY,2804.4156494589406,2804.4156494589406,0.0,0.002411403344878528,0.19273367555182666,5FjP8fFb...,0.012813616,1.7920681007252232e-07,,,False,5064327,1.0,228,5E2LP6En...,0.0,0.3964370820293419,0.3964370820293419,0.35341065160994967,,COUNTER,524970.515824216,0.0,0.0,DIVERGENT,-0.8338334761147457,2.163955997175263,1295.967040512703,353893.094797334,0.14151555118136439,347904.846891405,0.13912095740297067,5988.247905928991,FORTRESS,True,True,1.3912095740297092,0,,9922.787733728997,0.0039679462415012886,30.0
44,28,64,54,6,Numinous,2026-09-29,9175178,0.002263143,0.002267266158014536,-0.0018185593252741778,IN BAND,False,True,3.0337e-05,7393.09658863,2615963.159007594,1.0,3266737.318619064,704315.156787139,-0.004023880888700968,6929.511814511847,ACCUMULATING_PRE_EMA,0.0,,,,0.010783794725827302,-2.3422834802607455,-0.022125805124169163,-2.3173357077431422,0.0028219673934343145,0.024947772517603477,1.004601303711392,-0.014163977791776175,1,0.0,,0.0,0.0,0.002151522087434188,0.002826147059133159,0.2487708726903952,5CfSg4e2...,98633.85256097,,,,False,3219949,0.8057161207450225,163,5DydwY1R...,,0.3515349917004612,0.3515349917004612,0.00853044407141767,,COUNTER,185360.665463109,0.0,0.0,DIVERGENT,1.0,0.0,1295.967040512703,662466.459537209,0.253239980561701,662466.459537209,0.253239980561701,0.0,DORMITORY,True,True,2.53239980561701,0,,10240.446818939,0.003914599020126825,30.0
45,107,107,55,37,Aurelius,2026-09-29,9175178,0.002721579,0.002722321543842554,-0.00027276125563991256,IN BAND,False,True,0.0,7194.410583437,3494751.629978678,1.0,2643468.810941947,360215.476354773,-0.0011818962588911177,295.5964612867683,ACCUMULATING_PRE_EMA,0.0,,,,,-3.302290924922433,-0.0033185952769522694,-3.302290924922433,-0.0033185952769522694,,0.7519847698063835,0.6736589439726969,1,0.389502173540564,MINER_BURN_ONLY,2804.4156494920608,2804.4156494920608,0.0,0.0020586328715671547,-0.24358878740350556,5GRBbS3a...,1413847.5794781249,,,,False,3212175,1.0,110,5E2LP6En...,0.0,0.650376048366447,0.650376048366447,0.44413245841599264,,COUNTER,1350978.235794246,0.0,0.0,DIVERGENT,-0.8338334761167081,2.1639559972008193,1295.967040512703,45507.151093348,0.013021569459465606,45507.151093348,0.013021569459465606,0.0,FORTRESS,True,True,0.13021569459465607,,,9857.721133102998,0.002820721520963463,30.0
46,108,108,56,22,Desearch,2026-09-29,9175178,0.002946745,0.0029480266384780407,-0.00043474453768917724,IN BAND,False,True,0.0,7450.242939278,3629492.14733943,1.0,2528295.790798023,271934.330649406,-0.0015173520545156394,290.309929152485,ACCUMULATING_PRE_EMA,0.0,,,,,-1.1485188716311447,-0.005289391875218323,-1.1485188716311447,-0.005289391875218323,,0.7240682424196548,0.6482724036147038,1,0.3895021735372332,MINER_BURN_ONLY,2804.415649468079,2804.415649468079,0.0,0.002052695704201851,-0.3034023289419848,5DFuaMas...,1867915.914023338,,,,False,2009702,1.0,131,5E2LP6En...,0.0,0.41338566781822145,0.41338566781822145,0.13041554121076165,,COUNTER,1259353.230573507,0.0,0.0,DIVERGENT,-0.8307400508618349,2.1639559971823146,1295.967040512703,763677.586285475,0.2104089374722253,763677.586285475,0.2104089374722253,0.0,FORTRESS,True,True,2.1040893747222533,0,,10092.674654814997,0.002780740182125301,30.0
47,109,109,57,30,Endure Network,2026-09-29,9175178,0.00325228,0.0032547006849199533,-0.0007437503949806963,IN BAND,False,True,0.0,8316.135332157,3476951.425826549,1.0,2557016.441644666,417524.680813429,-0.0016359655505931488,330.68993546953425,ACCUMULATING_PRE_EMA,0.0,,,,,0.6465003346355626,-0.009048963138931805,0.6465003346355626,-0.009048963138931805,,0.7558345453086868,0.6734555066210292,1,0.38950217353930283,MINER_BURN_ONLY,2804.4156494829804,2804.4156494829804,0.0,0.0023917893331455065,-0.26458074546302707,5HTogQKF...,62056.093726551,,,ENTRY_REPEATED,False,3250216,1.0,176,5HW12NvE...,0.179995422293431,17.692994045326664,14.508336110502931,0.0189989317869678,,COUNTER,851930.890227922,18187.150616168,0.0,DIVERGENT,-0.8337786837565775,2.1639559971938125,1295.967040512703,4962.596266974,0.0014272837492385387,4962.596266974,0.0014272837492385387,0.0,EXPOSED,True,True,0.01427283749238539,,UNDEFENDED_BURNER,9962.148594788003,0.0028651963673665005,30.0
48,110,110,58,115,MoirAI,2026-09-29,9175178,0.002400206,0.0024020567070692778,-0.0007704676845600268,IN BAND,False,True,0.0,3406.384409077,1757470.00412665,1.0,1419204.772157005,161979.422210704,-0.0010310414951094963,495.2481149788946,ACCUMULATING_PRE_EMA,0.0,,,,,-3.454090377935781,-0.009374023495480326,-3.454090377935781,-0.009374023495480326,,1.4953313534963844,1.298008098174301,1,0.38950217381499697,MINER_BURN_ONLY,2804.415651467978,2804.415651467978,0.0,0.0019382318907740076,-0.19247269160480082,5EkNnrTj...,113355.385294127,,,,False,5683635,1.0,0,5EhTo9AX...,0.179995422293431,10.137020085405105,8.312402874335621,0.06644589253284905,,COUNTER,999191.363709172,0.0,0.0,DIVERGENT,-0.8299005549373745,2.1639559987254855,1295.967040512703,2942.008322496,0.0016740020117486953,2942.008322496,0.0016740020117486953,0.0,EXPOSED,True,True,0.016740020117486952,,UNDEFENDED_BURNER,20278.211128651004,0.011538297143641992,30.0
49,111,111,59,42,Unknown,2026-09-29,9175178,0.00199619,0.001997830579057336,-0.0008211802715072234,IN BAND,False,True,0.0,6606.163845664,2461399.41207924,1.0,3309384.850492337,371670.925641157,-0.0007519273179352004,3658.864121428691,ACCUMULATING_PRE_EMA,0.0,,,,,-7.8066497616001,-0.009991026636671218,-7.8066497616001,-0.009991026636671218,,1.067685312307776,0.45665861586915396,1,0.38950217365458634,MINER_BURN_ONLY,2804.4156503130216,2804.4156503130216,0.0,0.002683905673026677,0.3445141359423084,5EC5HHfL...,125569.946783945,,,,False,3613591,1.0,11,5Gbdb5s2...,0.179995422293431,8.580763477159204,7.036265331487884,0.0,,COUNTER,572339.347934771,0.0,0.0,DIVERGENT,-0.8338334761653515,2.1639559978342926,1295.967040512703,5444.016612431,0.0022117566883759943,5444.016612431,0.0022117566883759943,0.0,EXPOSED,True,True,0.022117566883759945,,UNDEFENDED_BURNER,10408.16137712799,0.004228554425604502,30.0
50,112,112,60,104,TAOstatus,2026-09-29,9175178,0.004155366,0.004158872179687023,-0.0008430602181400232,IN BAND,False,True,0.0,5918.862762042,3234299.316942061,1.0,1424390.165786299,76167.514932482,-0.0017383027949343672,667.2077055503614,ACCUMULATING_PRE_EMA,0.0,,,,,-0.4071138546594472,-0.010257232654036948,-0.4071138546594472,-0.010257232654036948,,0.812540752253165,0.36852563568920355,1,0.0,,0.0,0.0,0.0,0.0018300293763899745,-0.5595985103622703,5HBb3F1b...,1144263.522116834,,,,False,5528520,1.0,25,5Coeuhim...,0.179995422293431,1.3288107964349227,1.0896309359825485,0.41116061891537214,,COUNTER,340321.172598343,233564.776513862,2804.4156494919735,OK,0.1424895334244939,0.0,1295.967040512703,3017.92106809,0.000933098879340382,3017.92106809,0.000933098879340382,0.0,NEITHER,True,True,0.009330988793403818,,,11688.058946562995,0.0036137839455173634,30.0
51,113,113,61,113,LongShort,2026-09-29,9175178,0.001922825,0.0019260814879089594,-0.0016907321571813713,IN BAND,False,True,0.0,1594.884384733,1639907.477994174,1.0,829448.502472822,68663.316848619,-0.0004889739469761811,582.8047684543999,ACCUMULATING_PRE_EMA,0.0,,,,,-1.6925100012047767,-0.02057057457904002,-1.6925100012047767,-0.02057057457904002,,1.602529432461882,1.3733131592109769,1,0.38950217354069333,MINER_BURN_ONLY,2804.415649492992,2804.415649492992,0.0,0.0009725453454750731,-0.4942101618841688,5GndoVhM...,579472.811794437,,,,False,7119664,1.0,0,5FRumLA6...,0.179995422293431,1.827262068059748,1.4983632604785655,0.0025335388654019325,,COUNTER,823751.932829591,0.0,0.0,DIVERGENT,-0.8323527257447868,2.163955997201538,1295.967040512703,56367.24345821,0.03437220953901294,56367.24345821,0.03437220953901294,0.0,FORTRESS,False,True,0.34372209539013193,,,22420.520666355005,0.013671820494274652,30.0
52,114,114,62,117,everyframe.studio,2026-09-29,9175178,0.002714088,0.0027214600704610348,-0.002708865928643214,IN BAND,False,True,0.0,2978.579299246,1901452.950523658,1.0,1097450.97732292,238382.364859226,-0.0007537834211656891,14681.7114552157,ACCUMULATING_PRE_EMA,0.0,,,,,-7.701262494068762,-0.03295786879849243,-7.701262494068762,-0.03295786879849243,,1.382100987182592,-2.059371210904209,1,0.0,,0.0,0.0,0.0,0.0015664754147220433,-0.42283543690475645,5FFDV7LG...,1936255.651774671,,,,False,5710859,1.0,0,5G9K4zDr...,,1.0326613588458666,1.0326613588458666,0.8557215448705232,,COUNTER,289424.602021989,191081.195411404,2804.4156495060015,OK,0.15215717476165722,0.0,1295.967040512703,184995.455974437,0.09729162950021428,154144.143623114,0.08106650421229876,30851.312351322995,DORMITORY,True,True,0.8106650421229874,,,21083.482569672004,0.011088090590864021,30.0
53,27,51,2,96,Verathos,2026-09-29,9175178,0.004593345,0.00461965543217957,-0.005695323507527579,IN BAND,False,False,0.000116181,2669.738904311,858690.763388454,1.0,581218.903559355,100288.781882538,0.0007914143622985852,6697.4396422840655,,0.0,,0.17229586767346783,0.17229586767346783,0.11436461726911726,-4.878064106954358,-0.06929310267491888,-4.852472970684825,-0.04370196640538514,0.025591136269533743,3.060473120299708,0.08877348099958352,1,0.11641004712163643,MINER_BURN_ONLY,860.7935368350009,859.3521085905513,0.0004882887006942838,0.0031090807286385884,-0.3231336360237282,5CGq1JQh...,729251.35601375,,,,False,7692872,0.3673572202799872,38,5HHTmtVG...,,9.089975399312046,9.089975399312046,0.0,,COUNTER,275538.374170806,7897.141864024,0.0,DIVERGENT,-0.44715883649216853,0.6630971943936007,1295.967040512703,207220.465006598,0.241321409105289,207220.465006598,0.241321409105289,0.0,FORTRESS,False,True,2.4132140910528905,0,,30191.83306208399,0.035160309565861525,30.0
54,115,115,63,119,CapabilityForge Next,2026-09-29,9175178,0.002241211,0.002250322373583913,-0.00404891925302328,IN BAND,False,True,0.0,3057.18452154,1635987.651656589,1.0,1364076.743263445,73663.961420993,-0.0008647727937628405,579.5778863569722,ACCUMULATING_PRE_EMA,0.0,,,,,-6.619021853212432,-0.049261850911783235,-6.619021853212432,-0.049261850911783235,,1.6063690929078265,1.3782422910505456,1,0.3895021736702862,MINER_BURN_ONLY,2804.415650426061,2804.415650426061,0.0,0.0018687088001210262,-0.1662057699515903,5GbLENPL...,101082.999390046,,,,False,5740660,1.0,0,5HMwvi1d...,0.179995422293431,11.30078819582285,9.266698052267095,0.06016999587981261,,COUNTER,918234.676488421,0.0,0.0,DIVERGENT,-0.8338334761720493,2.1639559979215166,1295.967040512703,20722.542632217,0.012666686457708593,20722.542632217,0.012666686457708593,0.0,FORTRESS,True,True,0.12666686457708592,,,19587.548702695007,0.011972919650622546,30.0
55,116,116,64,57,SN57,2026-09-29,9175178,0.002481856,0.0024960688315331936,-0.005694086378404592,IN BAND,False,True,0.0,1270.985634426,1011421.615749635,1.0,512110.766183925,35453.202066361,-0.00013780237056893412,1571.4490913269692,ACCUMULATING_PRE_EMA,0.0,,,,,-2.657490459667625,-0.06927805093725586,-2.657490459667625,-0.06927805093725586,,2.5983229536301793,1.8726031713892757,1,0.3895021736252723,MINER_BURN_ONLY,2804.4156501019606,2804.4156501019606,0.0,0.0012566328567972952,-0.4936721321473546,5HdpnCSY...,801830.575235958,,,,False,8057320,1.0,0,5Ejcqsbx...,0.179995422293431,2.07624821410158,1.7025330400183842,0.545092473905878,,COUNTER,459293.110938571,6427.093693354,0.0,DIVERGENT,-0.8338334761528458,2.1639559976714327,1295.967040512703,1254.306998862,0.0012401425669871073,1254.306998862,0.0012401425669871073,0.0,EXPOSED,False,True,0.012401425669871072,,,32877.229437165,0.03250595886543061,30.0
56,30,26,5,83,CliqueAI,2026-09-29,9175178,0.008257,0.008280241396278143,-0.0028068500863500396,IN BAND,False,False,0.001679088,8142.658287718,2883770.940835076,1.0,986152.09909513,154641.324972821,0.000950791968390149,3395.172676674789,,0.0,,0.11514980845224039,0.11514980845224039,0.5419167927820111,-2.17445168644498,-0.03415000938392548,-2.212921110130525,-0.07261943306947044,-0.03846942368554496,0.911306776410955,0.5803862164675561,1,0.0,,0.0,0.0,0.0018463416495002605,0.002823614792844839,-0.6580338146003587,5DqEjRLy...,1149278.699630867,,,,False,5231190,0.0,227,5GP7c3fF...,0.0009918364232852674,0.3927413550222721,0.3923518198414306,0.08568333028138925,,COUNTER,345172.824104195,26063.92679357,0.0,DIVERGENT,1.0,0.0,1295.967040512703,8057.340853611,0.0027940294215177065,8057.340853611,0.0027940294215177065,0.0,NEITHER,True,True,0.027940294215177065,,,14062.070494022006,0.004876278588877778,30.0
57,117,117,65,84,SN84,2026-09-29,9175178,0.002529883,0.002550017088651657,-0.007895668127582252,IN BAND,False,True,0.0,1498.277875215,885431.004427272,1.0,592232.085192781,70929.808055297,-0.004139727322791386,2769.851078895852,ACCUMULATING_PRE_EMA,0.0,,,,,3.2483752873315077,-0.09606396221891739,3.2483752873315077,-0.09606396221891739,,2.968046055378288,1.641429632976664,1,0.38950217354124916,MINER_BURN_ONLY,2804.415649496994,2804.415649496994,0.0,0.0016921452577596816,-0.33113695069705534,5FRdKaxK...,985105.910388883,,,,False,8085297,1.0,0,5DvbToTj...,0.179995422293431,2.333833485390664,1.9137541416252215,1.0,,COUNTER,75759.290423802,61159.068233539,0.0,DIVERGENT,-0.8338334761170004,2.1639559972046256,1295.967040512703,660.436412233,0.0007458925754019576,660.436412233,0.0007458925754019576,0.0,EXPOSED,False,True,0.007458925754019575,,,13588.847823629003,0.01534715608069174,30.0
58,26,12,66,44,Score,2026-09-29,9175178,0.033657925,0.03413087432272732,-0.013856935461286829,IN BAND,False,False,0.004706932,64034.05188708,4173440.512457675,1.0,1902495.544472546,2289483.80994496,-0.0010141890605900883,6157.249102307716,ACCUMULATING_PRE_EMA,0.0,,,,0.19317561409066208,-2.4265139161996787,-0.16859271477898974,-2.363471674047104,-0.10555047262641493,0.06304224215257481,0.6296962882675453,0.13013337193808727,1,0.0,,0.0,0.0,0.0,0.015343228613403988,-0.5441421711705642,5CaCekux...,294753.833851365,,,,False,3550319,0.0,124,5FLoWCDo...,0.179995422293431,0.4149855071606617,0.34029001555362476,0.00866765347698036,,COUNTER,508163.03998062,2206.282255223,0.0,DIVERGENT,1.0,0.0,1295.967040512703,245862.449528441,0.058911214570938356,245862.449528441,0.058911214570938356,0.0,DORMITORY,True,True,0.5891121457093835,,,21001.45580759899,0.005032168481834082,30.0
59,118,118,67,69,Herald,2026-09-29,9175178,0.006088087,0.0061439815908670425,-0.00909745415743585,IN BAND,False,True,0.0,3834.095606185,1341612.562483481,1.0,629770.162595277,80219.069279597,0.0011393261345515797,6820.119419934112,,0.0,,,0.18714025186426864,,-5.013919372263365,-0.11068569224880284,-5.013919372263365,-0.11068569224880284,,1.9588367562206381,0.33582373187196,1,0.020500114406531794,MINER_BURN_ONLY,147.6008237270289,147.6008237270289,0.0,0.002857826255806403,-0.530587152285044,5HBPFVcJ...,879272.61946555,,,,False,8138182,1.0,0,5FWB5CFZ...,0.179995422293431,1.869067670284585,1.5326440456767119,0.5252548373313801,,COUNTER,383080.664832926,4110.268380516,0.0,DIVERGENT,-1.0,0.11389242095897432,1295.967040512703,485.813350565,0.0003621115097981067,485.813350565,0.0003621115097981067,0.0,NEITHER,False,True,0.0036211150979810667,,,21336.202050922995,0.015903400614725314,30.0
60,33,50,68,21,AdTAO,2026-09-29,9175178,0.003250129,0.0032600562553852797,-0.003045117816258786,IN BAND,False,False,0.000124817,7320.533921991,3827184.402259141,1.0,2252382.090080409,601370.178146823,-0.0017317969702688176,5059.751611168962,ACCUMULATING_PRE_EMA,0.0,,,,0.0448080808716186,-1.6181714950803578,-0.03704893343114856,-1.7585181160279642,-0.17739555437875493,-0.14034662094760636,0.6866666781064228,0.18515470181922497,1,0.0,,0.0,0.0,0.0001831082627603564,0.0019127727207682431,-0.4114779072559141,5HjCYVfr...,2094837.538910691,,,,False,3156578,1.0,199,5CyRmxMU...,,17.826999141624103,17.826999141624103,0.0,,COUNTER,834653.38669571,0.0,0.0,DIVERGENT,1.0,0.0,1295.967040512703,7408.89431245,0.0019358602914656055,7408.89431245,0.0019358602914656055,0.0,NEITHER,True,True,0.019358602914658612,,,11132.839211984,0.0029088849770114076,30.0
61,34,18,6,68,NOVA,2026-09-29,9175178,0.020945704,0.02088148146867752,0.0030755735132496635,IN BAND,False,False,0.003006557,43867.307048511,3799799.292727205,1.0,2094334.332230618,1706916.197200112,0.0020257665134935203,3027.2548982752487,,0.0,,0.09671513134595622,0.09671513134595622,0.18011663645690312,1.2514365656456705,0.03741947774453757,1.0283703844708214,-0.18564670343031153,-0.2230661811748491,0.6916154769095245,0.40318281763175223,1,0.0,,0.0,0.0,0.0,0.011544637931922558,-0.44883027412577975,5EcdJLAe...,2532396.57772009,,,,False,4972413,0.0,39,5EvbeQ75...,,0.17013513130072555,0.17013513130072555,0.041464456856820195,,COUNTER,682309.357738917,6247.123951755,0.0,DIVERGENT,1.0,0.0,1295.967040512703,541893.412417594,0.1426110619723455,541893.412417594,0.1426110619723455,0.0,DORMITORY,True,True,1.4261106197234552,0,,29517.823896541002,0.007768258695410033,30.0
62,32,11,69,114,SOMA,2026-09-29,9175178,0.017989534,0.01824653008952737,-0.014084655453196029,IN BAND,False,False,0.005400022,8172.128528241,1848763.786577354,1.0,454271.47477905,258921.269884679,-0.00033109223172571404,-814.895657578716,,0.0,,,,1.7365436393906766,5.552577337595954,-0.17136330801388502,5.452341676094836,-0.2715989695150034,-0.1002356615011184,1.421490413799839,1.836779300891795,1,0.0,,0.0,0.0,0.0009002822919050857,0.004420320533955391,-0.754283766663695,5FHrQMjz...,1186993.057215384,0.0,,,False,7312241,0.598952287861201,5,5E2LP6En...,0.0,0.5000547311179174,0.5000547311179174,0.2853502212726995,,COUNTER,373811.447473431,13816.272943106,0.0,DIVERGENT,1.0,0.0,1295.967040512703,146039.760277138,0.07899319606833265,146039.760277138,0.07899319606833265,0.0,DORMITORY,False,True,0.7899319606833264,,,32146.456809879997,0.017388082265173122,30.0
63,119,119,70,118,Ditto,2026-09-29,9175178,0.007358739,0.007537902100011706,-0.02376829754945049,IN BAND,False,True,0.0,6368.746874403,2276564.254966854,1.0,865467.249093833,782700.442477509,-0.0019519015973399523,16973.33073123521,ACCUMULATING_PRE_EMA,0.0,,,,,3.7438918532603296,-0.2891809535183143,3.7438918532603296,-0.2891809535183143,,1.1543711073677834,-1.6343111849275087,1,0.3895021735380497,MINER_BURN_ONLY,2804.415649473958,2804.415649473958,0.0,0.0027975256400113013,-0.6198362735774022,5HGXqHbQ...,1520132.579434202,,,,False,5724794,1.0,0,5HEouuDa...,0.179995422293431,1.1307030456853633,0.9271816734887577,0.5952631659265364,,COUNTER,337163.917528409,1788.13704218,0.0,DIVERGENT,-0.8338334761156355,2.163955997186851,1295.967040512703,127300.032545234,0.05591761017397132,106600.353079951,0.0468251018381658,20699.679465283,FORTRESS,True,True,0.4682510183816583,,,37116.82667568502,0.016303878352963697,30.0
64,35,48,7,18,Zeus,2026-09-29,9175178,0.003650132,0.0036635755095630884,-0.0036695052491743847,IN BAND,False,False,0.000188065,9692.889034656,3190823.034489159,1.0,2655489.626045734,883178.673945809,0.00033872464815844845,4412.860815988388,,0.0,,0.09279791748858629,0.09279791748858629,0.050989423094900864,-1.017484187682988,-0.04464564719828835,-1.269606806735876,-0.296768266251176,-0.2521226190528877,0.823611955785174,0.30311204214778853,1,0.011732722023104783,MINER_BURN_ONLY,89.18838471197523,88.82802765086285,0.00012207217517357094,0.003037739457778423,-0.16777271129416058,5GgvCi6h...,2055897.626903946,,,,False,1604679,0.00883605231431317,145,5CAQAgXx...,0.0899977111467155,0.3043957882774383,0.27700086404976865,0.012910314517236643,,COUNTER,342380.139146845,30745.295806132,0.0,DIVERGENT,0.8254199143954781,0.06854188792928037,1295.967040512703,472285.796249436,0.1480137855169544,375000.0,0.11752453706980223,97285.79624943598,DORMITORY,True,True,1.1752453706980224,0,,13568.815890222993,0.00425245014955689,30.0
65,120,120,71,76,Ormas,2026-09-29,9175178,0.005765419,0.005911252228543162,-0.024670445940200264,IN BAND,False,True,0.0,499.475501464,78121.654352776,1.0,86632.994636245,8850.521443513,,-38.07239110082446,,,,,,,-1.2466846336908854,-0.30015709227243653,-1.2466846336908854,-0.30015709227243653,,33.63984060210338,34.643592905147656,1,0.3895021735590278,MINER_BURN_ONLY,2804.415649625,2804.415649625,0.0,0.0063935602183807505,0.10894979504191293,5CLWmDjL...,514555.078649479,,,,True,9003844,1.0,0,5CqaQ34d...,0.179995422293431,3.1353614004296126,2.5710107011167613,0.4973067004409992,,COUNTER,15299.235374516,0.0,0.0,DIVERGENT,-0.8338334761245746,2.163955997303398,1295.967040512703,0.0,0.0,0.0,0.0,0.0,EXPOSED,False,,,,,17968.162459894993,0.2300023291718285,30.0
66,36,40,72,111,Claims,2026-09-29,9175178,0.004431155,0.004452024819329381,-0.004687714057381349,IN BAND,False,False,0.000399238,5638.720103239,3601927.8809647,1.0,1272516.807285618,212232.078044938,-0.0020882893709760026,2310.088129018666,ACCUMULATING_PRE_EMA,0.0,,,,0.1860701444282221,-1.6641113186079723,-0.05703385436480641,-1.9492009274504434,-0.3421234632072773,-0.2850896088424709,0.7296092778226714,0.471159753270693,1,0.0,,0.0,0.0,4.57770656900891e-05,0.0015654727938996904,-0.646712246829621,5CGTryXj...,2767807.445980475,,,,False,5615562,0.0,145,5E2LP6En...,0.0,0.4450533954759071,0.4450533954759071,0.09441044969709916,,COUNTER,734491.272679149,0.371911999,0.0,DIVERGENT,1.0,0.0,1295.967040512703,1221.604957048,0.00033915308618583974,1221.604957048,0.00033915308618583974,0.0,NEITHER,True,True,0.0033915308618583974,,,14826.868213745996,0.004116370095054466,30.0
67,121,121,73,95,Actual,2026-09-29,9175178,0.037768766,0.03895910386927426,-0.030553522824046168,IN BAND,False,True,0.0,25818.95714521,3032751.558478979,1.0,683606.047877189,633247.052260544,-0.0011390409750780188,-24644.468678280013,,0.0,,,,,-6.496768553112783,-0.3717345276925617,-6.496768553112783,-0.3717345276925617,,0.8665398234328252,3.815967408559972,1,0.3895021735395615,MINER_BURN_ONLY,2804.415649484843,2804.415649484843,0.0,0.008513376927636969,-0.7745921344733113,5D5UhUuc...,487799.768408943,0.011666702645578524,,,False,5403674,1.0,0,5ExqqyEB...,0.179995422293431,2.208869463393222,1.8112830715386947,0.0,,COUNTER,1117515.519387174,14658.86980412,0.0,DIVERGENT,-0.8338334761162804,2.1639559971952496,1295.967040512703,9024.997700073,0.002975844715944791,9024.997700073,0.002975844715944791,0.0,EXPOSED,True,True,0.029758447159447914,,UNDEFENDED_BURNER,17391.675046445,0.005734619111091143,30.0
68,37,25,74,34,BitMind,2026-09-29,9175178,0.0118565,0.011885736603289843,-0.0024598057542137954,IN BAND,False,False,0.001735298,34938.375347587,2814868.081097791,1.0,2946769.565971442,638445.68370063,-0.0033068888932364145,3289.7911397521384,ACCUMULATING_PRE_EMA,0.0,,,,0.13052590736205938,0.9936776250847763,-0.02992763667626784,0.6105156782193711,-0.413089583541673,-0.38316194686540517,0.9336139116597916,0.5136878542274645,1,0.004757882427822139,MINER_BURN_ONLY,41.973194895952474,39.270516937609614,0.000915541313801782,0.012412082677054312,0.04685891089733992,5DthmKBR...,3019870.624962386,,,,False,3493948,0.7033371515845743,72,5E2LP6En...,0.0,0.3409522000917463,0.3409522000917463,0.0015869867089863122,,COUNTER,360108.286840037,70194.435210903,0.0,DIVERGENT,0.9583656689461667,0.030302095431434455,1295.967040512703,129550.400399726,0.04602361342248113,129550.400399726,0.04602361342248113,0.0,DORMITORY,True,True,0.46023613422481396,,,12033.329777289995,0.004274917840056302,30.0
69,38,65,75,7,Allways,2026-09-29,9175178,0.002430758,0.0024323249235749245,-0.0006442081646812204,IN BAND,False,True,2.9237e-05,5551.469551643,3081727.284792908,1.0,2283842.476958621,328570.276520144,-0.001063203871299582,2812.570700641256,ACCUMULATING_PRE_EMA,0.0,,,,0.013840449863813114,-1.2455482686399948,-0.007837866003621515,-1.6774968287886325,-0.43978642615225916,-0.43194856014863764,0.852768514906601,0.44578901001245075,1,0.0,,0.0,0.0,3.0518043793392735e-05,0.0018014149334489404,-0.258908153979565,5CAc19iE...,,,,,False,2627691,1.0,26,5DCaForB...,,0.2667396842203166,0.2667396842203166,0.007218068060430338,,COUNTER,36084.978602376,225992.39528963,242.78683613799512,DIVERGENT,0.6603213275096478,0.0,1295.967040512703,3211.260531444,0.0010420326767038364,3211.260531444,0.0010420326767038364,0.0,NEITHER,True,True,0.010420326767038364,,,12615.789506704003,0.004093739757232212,30.0
70,40,77,76,45,AlphaRidge.ai,2026-09-29,9175178,0.002630863,0.0026204166933894157,0.003986505900736171,IN BAND,False,True,2.265e-06,6499.590241021,3344759.607821611,1.0,2470515.775263653,751608.423905199,-0.0007759101295867152,1453.4726294605061,ACCUMULATING_PRE_EMA,0.0,,,,0.000915814655888977,4.253575721739739,0.048502488458956744,3.6906803873727902,-0.5143928459079917,-0.5628953343669485,0.78570668990815,0.5638111490228375,1,0.22708345412751407,MINER_BURN_ONLY,1644.5165886569303,1636.4085547819018,0.002746623941405346,0.0019432159566331526,-0.26137698670240433,5FbcZiAH...,982.030117289,,,,False,3633154,0.5511590543952261,48,5G9hfkx9...,0.009994659342336155,0.34229588506331204,0.3388747542978208,0.007202917792122572,,COUNTER,1101151.601715989,0.0,0.0,DIVERGENT,-0.6383767377229439,1.2626930343340486,1295.967040512703,111021.165626414,0.03319256946502063,111019.200205241,0.03319198185293383,1.965421173008508,FORTRESS,True,True,0.33191981852933833,,,15137.816350604993,0.004525830889372648,30.0
71,39,85,77,43,Graphite,2026-09-29,9175178,0.003954163,0.00395933398976922,-0.0013060251503363661,IN BAND,False,True,5.52e-07,12287.632860703,2997548.055637898,1.0,3107517.387512123,159205.013069185,-0.0008349041341164327,2561.2328266706318,ACCUMULATING_PRE_EMA,0.0,,,,0.00011805821482828754,-5.529892224981729,-0.015889972662425787,-6.038773215996971,-0.5247709636776687,-0.508880991015243,0.8767165534034264,0.5089990492300712,1,0.3084727459186441,MINER_BURN_ONLY,2221.449232043,2221.314098145083,4.57770656900891e-05,0.0040992279798790785,0.036686646422789945,5HjMs5JD...,2791562.097013889,,,,False,3408582,0.20933284502227922,1,5Hmi3jtS...,,7.655426227367666,7.655426227367666,0.0,,COUNTER,972036.396633402,0.0,0.0,DIVERGENT,-0.7901909721617562,1.7140205180421095,1295.967040512703,3451.069241962,0.0011512973863658676,3451.069241962,0.0011512973863658676,0.0,EXPOSED,True,True,0.011512973863658675,,UNDEFENDED_BURNER,11254.51737935101,0.0037545744623453496,30.0
72,122,122,78,87,Provenonce,2026-09-29,9175178,0.004657233,0.0048863571137189865,-0.04689057888865615,IN BAND,False,True,0.0,1786.286562535,1905110.349155873,1.0,383551.012889942,114804.012304905,-0.0004810604927689679,4142.258152057824,ACCUMULATING_PRE_EMA,0.0,,,,,5.532618099870531,-0.5705020431453165,5.532618099870531,-0.5705020431453165,,1.3794476530792188,0.4950663471459568,1,0.38950217354027294,MINER_BURN_ONLY,2804.4156494899653,2804.4156494899653,0.0,0.0009376289217716327,-0.7986725332892658,5HartH15...,4250.193908202,,,,False,7208725,1.0,1,5E2LP6En...,0.0,0.5422441115700323,0.5422441115700323,0.3778574698611323,,COUNTER,789099.693134571,811.040088965,0.0,DIVERGENT,-0.8298394946156413,2.1639559971992024,1295.967040512703,167976.168390281,0.08817135892664109,167976.168390281,0.08817135892664109,0.0,FORTRESS,False,True,0.881713589266411,,,24860.640553181,0.013049449111541697,30.0
73,42,4,8,64,Chutes,2026-09-29,9175178,0.070881229,0.07098190858960152,-0.0014183838051413263,IN BAND,False,False,0.009587876,203481.591908286,3444338.511924286,1.0,2870740.197170506,5064956.966454352,0.006078987608972017,444.38044723216444,,0.0,,0.08576301081026709,0.08576301081026709,0.1238290790419846,1.9303043974521672,-0.017257002962552802,1.2896047927546017,-0.6579566076601182,-0.6406996046975654,0.762991207426876,0.76452868373955,1,0.0,,0.0,0.0,0.00015259021896696368,0.059077117769880505,-0.16653367043225928,5FRYKhbm...,719649.048720259,1.0680359157728443,BUYBACK_GAMING,,False,4531295,0.18446394505913777,194,5FEm1mew...,,13.444086309188487,13.444086309188487,0.0,,COUNTER,274207.517615115,0.0,0.0,DIVERGENT,1.0,0.0,1295.967040512703,786846.507503556,0.22844633440630083,786846.118843372,0.22844622156600286,0.38866018399130553,DORMITORY,True,True,2.2844622156600303,0,,13518.767837197998,0.00392492427512455,30.0
74,41,86,79,127,Astrid,2026-09-29,9175178,0.002299288,0.0023033260367810726,-0.0017531329549488348,IN BAND,False,True,2.45e-07,3015.523212385,2982045.501482778,1.0,1311502.98552608,601209.498140623,-0.0011311304522673383,1536.6296312997583,ACCUMULATING_PRE_EMA,0.0,,,,0.00021351518613937852,-2.4536973581041766,-0.02132978428521082,-3.090828095215263,-0.6584605213962973,-0.6371307371110865,0.8812742792466667,0.6373442522972258,1,0.2750372682046836,MINER_BURN_ONLY,1980.5697585358284,1980.4796692705506,3.051804379328171e-05,0.0010112264252458843,-0.5602001901258632,5FU4uxAd...,1537826.669371865,,,,False,5848837,0.8825019455846673,0,5EKrpcqV...,0.179995422293431,0.9054680530596834,0.7424879484759949,0.5861463801733611,,COUNTER,1282330.894230767,203.185912805,0.0,DIVERGENT,-0.7646978473042879,1.5281867573476595,1295.967040512703,5535.674552263,0.0018563347036490447,5535.674552263,0.0018563347036490447,0.0,EXPOSED,True,True,0.018563347036490447,,UNDEFENDED_BURNER,14086.208557300002,0.004723673247204257,30.0
75,43,44,80,48,Quantum Compute,2026-09-29,9175178,0.004010384,0.004010384203866124,-5.083456201182675e-08,IN BAND,False,False,0.000272572,10497.830623876,3328286.615139247,1.0,2617662.061132455,692791.226248123,-0.0027008449742481964,351.8808447904885,ACCUMULATING_PRE_EMA,0.0,,,,0.06823497555493244,0.22311513518778875,-6.184871711438921e-07,-0.46095623383829737,-0.6840719875132573,-0.6840713690260861,0.7895954597317789,0.7523063445810185,1,0.0,,0.0,0.0,4.57770656900891e-05,0.0031541245805349,-0.2135105813969684,5GNH5YMk...,33885.788906884,1.6818548260084663,BUYBACK_GAMING,,False,3856677,0.9899743636696575,255,5CXkLYCA...,,18.601712651232244,18.601712651232244,0.0,,COUNTER,695492.461656953,0.0,0.0,DIVERGENT,1.0,0.0,1295.967040512703,101862.559282014,0.030605104385744836,101862.559282014,0.030605104385744836,0.0,DORMITORY,True,True,0.30605104385744836,,,9959.806473087001,0.0029924725916882335,30.0
76,45,58,81,128,ByteLeap,2026-09-29,9175178,0.002788629,0.002790080849081278,-0.0005203609356897239,IN BAND,False,True,6.8405e-05,4025.663859553,2992318.583417977,1.0,1443599.664580262,91643.493282534,-0.00022424396803000932,552.2926746222656,ACCUMULATING_PRE_EMA,0.0,,,,0.04465557638981837,-0.28629966871601636,-0.006331058050891641,-1.0177897181333615,-0.7378211074682368,-0.7314900494173452,0.8782487314563163,0.7761456258071635,1,0.0,,0.0,0.0,9.15541313801782e-05,0.001345332640000746,-0.517564853553217,5GgMeLFN...,952254.591323669,,,,False,5856038,1.0,96,5HQTcjYx...,,4.898469466659903,4.898469466659903,0.0,,COUNTER,186014.794503201,289.843039317,0.0,DIVERGENT,1.0,0.0,1295.967040512703,3774.578694848,0.0012614227361233995,3774.573941721,0.0012614211476805694,0.004753126999730739,NEITHER,True,True,0.012614211476805694,,,13830.416409369003,0.004621973237077986,30.0
77,49,27,82,124,Swarm,2026-09-29,9175178,0.009763205,0.009684740332886577,0.008101886515943079,IN BAND,False,False,0.00164946,12282.466207825,3601191.517254382,1.0,1258036.271203134,312087.824405567,-7.80977163950547e-05,-4123.83091891068,,0.0,,,,0.35292430743577924,-1.708022491499948,0.0985729526106408,-2.5538340595704003,-0.7472386154598117,-0.8458115680704525,0.7297584667209364,1.1987358755062318,1,0.0,,0.0,0.0,0.0001831082627603564,0.003410667316352392,-0.6506610978308464,5HKYqfJr...,2332459.788316871,0.0,,,False,5813454,0.0,45,5G9hfkx9...,0.009994659342336155,0.34770700995031345,0.3442317968349178,0.005905692049443003,,COUNTER,897004.632666029,6243.286010635,0.0,DIVERGENT,1.0,0.0,1295.967040512703,1000000.110795789,0.27768590090376766,1000000.110795789,0.27768590090376766,0.0,DORMITORY,True,True,2.776859009037677,0,,22505.698881443997,0.006249514576942794,30.0
78,46,52,83,1,Apex,2026-09-29,9175178,0.00662718,0.006633135490119457,-0.0008978393594294144,IN BAND,False,False,0.0001082,23136.290701404,2523405.083098662,1.0,3491121.256283124,839197.846010428,-0.002493990990679855,1366.33791248966,ACCUMULATING_PRE_EMA,0.0,,,,0.012290198272048188,-2.193737120747479,-0.010923712206391208,-2.9768324562199835,-0.7940190476788954,-0.7830953354725042,1.0414499113130495,0.7953855337445523,1,0.19553561778428047,MINER_BURN_ONLY,1430.9323279680684,1430.8422387027904,3.0518043793392735e-05,0.009168678804828816,0.3834962691263578,5HCFWvRq...,14225.724047857,,,,False,1497824,0.5264828407062091,138,5E2LP6En...,0.0,0.3713020728215567,0.3713020728215567,0.00044253864583174374,,COUNTER,908751.027407987,0.0,0.0,DIVERGENT,-0.6753978832491001,1.104073015727876,1295.967040512703,192837.392404162,0.07641951492281364,192824.591394465,0.07641444201169734,12.801009696995607,FORTRESS,True,True,0.7641444201169734,,,10284.313588057006,0.004075569815143668,30.0
79,47,66,84,98,NeverPlayAlone,2026-09-29,9175178,0.002127412,0.0021280322689563036,-0.0002914753527717143,IN BAND,False,True,2.3624e-05,4537.709148247,2802895.851175068,1.0,2132971.274776402,207895.016401147,-0.001032365332540136,466.3972620195709,ACCUMULATING_PRE_EMA,0.0,,,,0.013681765395647744,-7.324660192112606,-0.003546283458722524,-8.120502556693111,-0.7993886480392272,-0.7958423645805046,0.937601730331241,0.8095241299761523,1,0.0,,0.0,0.0,0.0,0.001618936053704828,-0.239011506137585,5EWzZCNs...,1516402.08252445,,,,False,5445992,1.0,153,5E2LP6En...,0.0,0.43562447302517904,0.43562447302517904,0.20150460843557347,,COUNTER,1255490.393926426,0.181595662,0.0,DIVERGENT,1.0,0.0,1295.967040512703,409393.90715441,0.1460610486054194,409393.90715441,0.1460610486054194,0.0,DORMITORY,True,True,1.4606104860541949,0,,13047.777182707998,0.004655105960229643,30.0
80,48,54,85,79,MVTRX,2026-09-29,9175178,0.003012157,0.0030156662687659264,-0.0011636794171399846,IN BAND,False,True,9.248e-05,6891.112505406,2946177.891442953,1.0,2287766.489391938,489338.040285558,-0.0051205686723918425,-1019.5291185071692,,0.0,,,,0.035268244395856234,-1.2652856023440477,-0.014158099575203146,-2.099222815231016,-0.8480953124621718,-0.8339372128869686,0.8920031637033571,0.8692054572828248,1,0.0,,9.89530235528946e-10,0.0,0.001663233386739904,0.002339000820493881,-0.2234797786125089,5Fxp7QBG...,3280913.437325609,5.036699424502641,BUYBACK_GAMING,,False,5173967,0.0,0,5EWwdZB7...,0.179995422293431,0.328410377732275,0.26929801310680895,1.0,,COUNTER,444229.939659843,37317.847662374,0.0,DIVERGENT,0.9999999999993132,0.0,1295.967040512703,1355085.827207694,0.45994704907109735,1355085.827207694,0.45994704907109735,0.0,DORMITORY,True,True,4.599470490710973,0,,12291.751980079996,0.004172101085878371,30.0
81,56,16,9,110,Green Compute,2026-09-29,9175178,0.016793715,0.016629557823762298,0.009871409569479695,IN BAND,False,False,0.003578283,8816.378010339,3123347.185765514,1.0,524980.87643927,441678.381534584,0.0008840356011466324,-9228.633669377188,DISTRIBUTING_PRE_EMA,0.0,,0.052640860056671936,0.052640860056671936,1.066620296109379,16.9643883654525,0.12010214976200295,15.98663348843095,-0.8576527272595469,-0.9777548770215498,0.8414050195818665,2.0443751731309288,1,0.0,,0.0,0.0,0.0,0.0028227339088395826,-0.8319172435140418,5D53sX6A...,1652046.606039001,0.21245843652387694,BUYBACK_GAMING,,False,5606062,1.0,155,5FmpATto...,0.179995422293431,6.420895190909757,5.265163449520095,0.0,,COUNTER,653602.202903777,0.0,0.0,DIVERGENT,1.0,0.0,1295.967040512703,9205.92186508,0.0029474539068328654,9205.92186508,0.0029474539068328654,0.0,NEITHER,True,True,0.029474539068328656,,,21695.855383073,0.006946347649710762,30.0
82,53,7,86,15,ORO,2026-09-29,9175178,0.023450963,0.023362261010333896,0.003796806722896675,IN BAND,False,False,0.007311417,13599.582437445,1600689.904809529,1.0,579916.015917637,596227.930571845,-0.0009198017926109515,-1810.925955397077,,0.0,,,,1.41286719385554,-2.488784371738932,0.046194481795242874,-3.410151377786617,-0.8751725242524422,-0.9213670060476851,1.6417920748445738,2.334234199903225,1,0.0,,0.0,0.0,0.0005951018539711583,0.008496075596268133,-0.6377088823061069,5EHdase3...,216.588029224,0.0,,,False,7366897,0.0,134,5E2LP6En...,0.0,0.5969006120560414,0.5969006120560414,0.22385508706069068,,COUNTER,372945.467614599,2797.563389807,0.0,DIVERGENT,1.0,0.0,1295.967040512703,1010.651574802,0.0006313849870392359,1010.651574802,0.0006313849870392359,0.0,NEITHER,False,True,0.006313849870392357,,,27031.232940254005,0.016887238970542853,30.0
83,52,37,87,77,Liquidity,2026-09-29,9175178,0.005091929,0.005085153970867395,0.0013323154365469884,IN BAND,False,False,0.000638161,11678.972530618,3360669.490955001,1.0,2293624.01340019,410111.496814746,-0.006935415302332664,-2126.9461524123326,,0.0,,,,0.14359885714289422,-1.976685082887838,0.01620983781132169,-2.891622902681711,-0.8987279819825515,-0.9149378197938732,0.7819870436748011,1.0585366769367675,1,0.0,,0.0,0.0,0.00010681315327687457,0.0034751922383474813,-0.3175096828043987,5GxxsUeY...,2669344.603591218,0.6272028194147521,BUYBACK_GAMING,,False,5128460,0.4775363203516054,42,5E7F9Awq...,,4.911649260175338,4.911649260175338,0.0,,COUNTER,140886.89655137,14115.257752168,0.0,DIVERGENT,1.0,0.0,1295.967040512703,369577.913917543,0.10997151457834078,369577.913917543,0.10997151457834078,0.0,DORMITORY,True,True,1.0997151457834078,0,,11274.663388861,0.0033548861080228034,30.0
84,50,89,88,101,Tag101,2026-09-29,9175178,0.003783252,0.0037877431605011225,-0.0011857088273451784,IN BAND,False,True,1.8e-08,3618.342762871,2554944.673905535,1.0,956410.613255889,167104.525325217,0.0003527464605012477,442.91339937702287,,0.0,,,0.09323895434437031,1.3073388316165576e-05,-1.7668510131896333,-0.014426124066033004,-2.6647357363221214,-0.9123108471985211,-0.897884723132488,1.0285937017895543,0.8978977965208041,1,0.35183494258747994,MINER_BURN_ONLY,2539.0350558960345,2533.2242982855973,0.0019684138246738314,0.0014162117872164861,-0.6256628458224601,5H8dNvi1...,1418749.920328354,,,,False,5481350,0.9075772864874783,0,5H6Dezn7...,0.179995422293431,1.1458622077591039,0.9396122557834208,0.6030215168625057,,COUNTER,934239.837955579,6970.543419914,0.0,DIVERGENT,-0.8080177373598855,1.9546980896083728,1295.967040512703,13574.61335476,0.00531307526671785,13574.61335476,0.00531307526671785,0.0,FORTRESS,True,True,0.053130752667178496,,,16678.843590682,0.006528064486494894,30.0
85,55,31,89,14,Cacheon,2026-09-29,9175178,0.008861403,0.008853127714246511,0.0009347301903452982,IN BAND,False,False,0.001250081,24703.153240978,3226914.586542478,1.0,2787724.571584387,2663709.337094495,-0.012349965626037119,-2106.22209800547,,0.0,,,,0.13298759214878017,0.09347408127371011,0.011372550649201127,-0.8841579776924434,-0.9662595083169524,-0.9776320589661536,0.8144002357421573,1.1106196511149338,1,0.0,,0.0,0.0,0.00015259021896696368,0.0076553477256572,-0.13610206807463787,5CKhH8nK...,1704716.279496116,0.7919355423723058,BUYBACK_GAMING,,False,4848444,0.016146508966043416,215,5C9xFZGA...,,13.499268241945384,13.499268241945384,0.0,,COUNTER,1226611.25981397,526.080568229,0.0,DIVERGENT,1.0,0.0,1295.967040512703,56365.215241375,0.017467216354731065,50462.061682582,0.015637867172880543,5903.1535587929975,DORMITORY,True,True,0.15637867172880549,,,17371.712533811995,0.005383381576400867,30.0
86,54,72,90,13,Data Universe,2026-09-29,9175178,0.004737675,0.004743996541947126,-0.0013325351085798967,IN BAND,False,True,4.553e-06,18391.219549925,2267894.73369841,1.0,3881907.897588286,971905.798963933,-0.0029832593986156373,800.8377516167238,ACCUMULATING_PRE_EMA,0.0,,,,0.0006505976380478147,-4.923932195070296,-0.016212510487722077,-5.880287212563482,-0.9725675279809091,-0.956355017493187,1.1587839421957393,0.9570056151312348,1,0.2727508781318394,MINER_BURN_ONLY,1974.2972302190028,1965.6937053849447,0.002914473182269006,0.008109379715315617,0.711679191864283,5HBswBt1...,10985.816403369,,,,False,1907637,0.7056960088148874,247,5E2LP6En...,0.0,0.4205068845640404,0.4205068845640404,0.11539752784983977,,COUNTER,693512.152345908,0.0,0.0,DIVERGENT,-0.7590509737442863,1.5167775444407043,1295.967040512703,93697.039216446,0.04131454508192622,93697.039216446,0.04131454508192622,0.0,FORTRESS,True,True,0.41314545081926213,,,11105.048107222,0.004896632961933046,30.0
87,51,68,91,47,GPUForge,2026-09-29,9175178,0.002043947,0.002053994219750166,-0.0048915521054329275,IN BAND,False,True,2.0538e-05,1078.300266438,1562218.344940075,1.0,527557.846461412,54540.051010277,1.9567391779975152e-05,2691.4513508257223,,0.0,,,0.009573336187276456,0.05005457726380278,-0.6863230950756672,-0.05951388394943395,-1.5997379801555927,-0.9729287690293593,-0.9134148850799254,1.6822232362793097,0.9634694623437282,1,0.0,,0.0,0.0,0.0,0.0006902365920426844,-0.662302108595436,5D7yqC9y...,1030555.962196036,,,ENTRY_REPEATED,False,7340355,1.0,1,5E2LP6En...,0.0,0.635676985574244,0.635676985574244,0.23635780992492217,,COUNTER,682725.854146639,52.790049364,0.0,DIVERGENT,1.0,0.0,1295.967040512703,77975.048461455,0.04991302829979636,1082.01056104,0.0006926116087066593,76893.03790041499,NEITHER,False,False,0.5917233243416568,,,23922.810386802008,0.015313359021987199,30.0
88,58,34,92,11,TrajectoryRL,2026-09-29,9175178,0.007733053,0.007695890963077545,0.00482881541601183,IN BAND,False,False,0.001087188,20262.602760855,3418319.921532776,1.0,2620259.037606155,1018759.592366944,-0.004553696919034271,-5770.771855243947,,0.0,,,,0.14100508694369926,-1.7873384260260254,0.05875058756147727,-2.9698714299740634,-1.1237824163865606,-1.182533003948038,0.7687987257850353,1.3235380908917371,1,0.0,,0.0,0.0,0.0,0.005927649613254818,-0.23346579762807554,5D2Jhtbn...,2062444.813116439,0.49462707676145645,BUYBACK_GAMING,,False,2918568,1.0,102,5E2LP6En...,0.0,0.3580745283512905,0.3580745283512905,0.004135447345531122,,COUNTER,1146672.996281127,58996.263369892,1099.797871599003,DIVERGENT,0.32627575384052193,0.0,1295.967040512703,46180.459268605,0.013509694916998192,46180.459268605,0.013509694916998192,0.0,DORMITORY,True,True,0.1350969491699819,,,12098.296909028,0.0035392523774085832,30.0
89,123,123,93,35,SN35,2026-09-29,9175178,0.003371192,0.003716699779033661,-0.09296090606583586,IN BAND,False,True,0.0,491.69722807,104026.38408487,1.0,145852.629621267,8431.06525446,,2399.0873835757084,,,,,,,3.354562951277184,-1.1310243571343364,3.354562951277184,-1.1310243571343364,,25.26282176506245,15.871258437935522,1,0.0,,0.0,0.0,0.0,0.004726658841365172,0.4020734628479102,5FjUeckL...,786556.498414733,,,ENTRY_REPEATED,True,9046691,1.0,1,5E2LP6En...,0.0,0.990146071704603,0.990146071704603,0.2692536584621488,,COUNTER,0.0,0.11136414,0.0,DIVERGENT,1.0,0.0,1295.967040512703,0.0,0.0,0.0,0.0,0.0,NEITHER,False,,,,,23255.088742698994,0.22354990945110917,30.0
90,57,49,94,66,conjectures,2026-09-29,9175178,0.00341286,0.0034168791025877,-0.0011762495736697006,IN BAND,False,False,0.000149346,7177.117289145,3785021.658232453,1.0,2102962.37197487,1420371.362434776,-0.005772511456838813,-6488.211874714121,,0.0,,,,0.0546850876456494,4.840348350831995,-0.014311036479648024,3.6971492615639705,-1.1575101257476725,-1.1431990892680246,0.6943157099997245,1.197884176913674,1,0.0,,0.0,0.0,0.00010681315327687457,0.0018961892261659089,-0.4443987663818883,5CJCRGep...,1201154.733762985,0.48273599795210587,BUYBACK_GAMING,,False,4958013,0.8116225125137346,227,5E2LP6En...,0.0,0.2979616439280632,0.2979616439280632,0.5394851291755047,,COUNTER,876389.726869251,0.0,0.0,DIVERGENT,1.0,0.0,1295.967040512703,392806.591766313,0.10377921904672738,392806.591766313,0.10377921904672738,0.0,DORMITORY,True,True,1.0377921904672736,0,,20190.972892779006,0.005334440517364934,30.0
91,59,81,95,23,Trishool,2026-09-29,9175178,0.004991399,0.004991360241547227,7.765108286542398e-06,IN BAND,False,True,1.161e-06,8076.338787169,4490089.916398588,1.0,1618050.88621273,621652.397238849,3.250270980840306e-05,-8314.285507027525,DISTRIBUTING_PRE_EMA,0.0,,,0.006511743462785296,0.00037778355767434385,9.13303667747048,9.44754841529325e-05,7.905870993102416,-1.2270712088839117,-1.2271656843680647,0.5852889471994954,1.227543467925739,1,0.31152206222077583,,2243.525674381992,2243.480629749353,1.5259021896696368e-05,0.0017987031301250358,-0.6396394818116051,5CqTRwoF...,1472052.395559088,0.05633411852004891,,,False,2063528,0.7999969481490524,188,5HKsvivb...,0.0899977111467155,0.8689673094552932,0.7907622405429972,0.38720261258374156,,COUNTER,1202432.179935815,0.055431535,0.0,DIVERGENT,-0.7922485374636349,1.7311247582822784,1295.967040512703,850861.07252758,0.18949755759235193,850861.07252758,0.18949755759235193,0.0,FORTRESS,True,True,1.8949755759235205,0,,11605.546965062,0.002584702574145905,30.0
92,44,56,96,60,Bitsec.ai,2026-09-29,9175178,0.004208201,0.004407258238643408,-0.045165776059602855,IN BAND,False,True,7.58e-05,7152.213824618,4070424.495887859,1.0,1699589.469394558,972225.154711803,0.00042835187573598795,-1188.9449907001108,DISTRIBUTING_PRE_EMA,0.0,,,0.10178978516852877,0.027851851871981668,0.928643849369989,-0.5495169420585013,0.234988120450637,-1.2431726709778532,-0.693655728919352,0.6456329069989958,0.7215075807913337,1,0.13389855364775527,SKIN_IN_GAME,981.5529731949791,981.5079285623401,1.5259021896696368e-05,0.0017571174288685406,-0.582454015654542,5CXLwkK1...,152856.288171934,0.3651657192677391,BUYBACK_JUSTIFIED,,False,4796992,0.8505050813318278,113,5CXLwkK1...,0.179995422293431,2.467173506717689,2.0230935695048733,0.0,,COUNTER,696913.251250808,0.0,0.0,DIVERGENT,-0.5020752127231022,0.7573556254748898,1295.967040512703,1052906.408022058,0.25867238394564385,1052906.408022058,0.25867238394564385,0.0,FORTRESS,True,True,2.5867238394564387,0,,10232.242378000004,0.0025138022799187443,30.0
93,61,59,97,32,ItsAI,2026-09-29,9175178,0.002761315,0.0027502947486937046,0.004006934642743109,IN BAND,False,True,6.4684e-05,6922.826165225,3612333.837125417,1.0,2507075.678536086,307259.09545873,-0.0011755096356559623,-6626.631794639863,,0.0,,,,0.024554935793982217,-0.017121567864051293,0.04875103815337449,-1.3139265648479417,-1.248053958830516,-1.2968049969838904,0.7275075113465373,1.3213599327778727,1,0.0,,9.968061931431293e-10,0.0,0.009277485313191391,0.0019164414136025618,-0.3059678401042395,5DWgkCSv...,84519.91486662,0.12333311445854753,,,False,2515294,0.0,82,5E7sa41c...,0.013550011444266423,0.252936268014675,0.24950897868840613,0.8530686361278115,,COUNTER,17419.272873099,0.0,0.0,DIVERGENT,0.9999999999989675,0.0,1295.967040512703,634410.218859858,0.17562336358278058,634410.218859858,0.17562336358278058,0.0,DORMITORY,True,True,1.756233635827806,0,,11990.740764969,0.003319388878662128,30.0
94,60,87,98,2,DSperse,2026-09-29,9175178,0.003075314,0.0030755659099668264,-8.190686663878292e-05,IN BAND,False,True,1.4e-07,7750.813722495,3335942.644436862,1.0,2520332.380428012,712324.728823346,-0.002026472196230547,-4890.487363211811,,0.0,,,,4.746856435630683e-05,-0.22959356278822496,-0.0009965335441051923,-1.5059254771652095,-1.2773284479210898,-1.2763319143769847,0.7877833284641591,1.276379382941341,1,0.3147902722826142,SKIN_IN_GAME,2267.449529835023,2266.593681814881,0.000289921416037231,0.002323425354875491,-0.24449166658250474,5EcYQ3W7...,2979719465422728.0,1343398130.4277658,BUYBACK_GAMING,,False,2734060,0.8087795347701325,14,5CFxLBvp...,0.179995422293431,0.6233438400507596,0.5111448023268143,0.9152945844078556,,COUNTER,757221.615145324,0.159820748,0.0,DIVERGENT,-0.7944746135832403,1.7489593569587882,1295.967040512703,1144508.261830867,0.3430839147488013,1144508.261830867,0.3430839147488013,0.0,FORTRESS,True,True,3.4308391474880127,0,,11152.904203765998,0.0033432541840504914,30.0
95,63,21,99,75,Hippius,2026-09-29,9175178,0.016855101,0.016795208677649498,0.003566036213066261,IN BAND,False,False,0.002494617,33009.204391557,3728193.579737884,1.0,1958410.317367255,1570635.151753774,-0.01292806119265099,-7837.487857973436,,0.0,,,,0.19860683093824694,0.5992411465656171,0.043386773925639506,-0.7267237868489391,-1.2825781594889167,-1.3259649334145562,0.7048990198048583,1.5245717643528032,1,0.0,,0.0,0.0,0.002319371328297848,0.008853940570832098,-0.4747026095641849,5DAQpczE...,1544865.635089583,0.34336870414814674,BUYBACK_GAMING,,False,5102795,0.0,157,5E2LP6En...,0.0,0.2894891042344664,0.2894891042344664,0.4241786079445741,,COUNTER,784604.879643725,0.0,0.0,DIVERGENT,1.0,0.0,1295.967040512703,552610.148405703,0.1482246392486291,552609.767120331,0.14822453697782048,0.3812853720737621,DORMITORY,True,True,1.4822453697782052,0,,42424.87727921703,0.011379472758546987,30.0
96,62,46,10,67,Harnyx,2026-09-29,9175178,0.003680312,0.0037031082902103662,-0.006155988003545912,IN BAND,False,False,0.000190557,2733.0166108,970586.256173611,1.0,742604.549996082,69050.781686802,0.00015566218436049352,2850.032125235186,,0.0,,0.042295920661208485,0.042295920661208485,0.18323481607139305,-3.917784622007911,-0.07489785404314192,-5.225393201762644,-1.3825064337978754,-1.3076085797547334,2.7076418847722934,1.4908433958261265,1,0.005752883622137937,MINER_BURN_ONLY,46.673507103987504,43.565427451893214,0.0010528725108720494,0.002815841037739915,-0.23489067292666627,5HEAv3TU...,1096646.520232669,,,,False,7236936,0.015993034552286733,246,5HGnF3Wr...,0.0,0.7019739275802078,0.7019739275802078,0.00834719445758496,,COUNTER,280730.799532169,6279.314248273,0.0,DIVERGENT,0.9397448137266438,0.03361615387584094,1295.967040512703,522.283347221,0.000538111212577873,522.283347221,0.000538111212577873,0.0,NEITHER,False,True,0.005381112125778732,,,28359.686676498997,0.029219130701791263,30.0
97,64,47,100,100,Cortex,2026-09-29,9175178,0.003611081,0.0036421800032258034,-0.008538568439302754,IN BAND,False,False,0.000190218,2408.062514165,1980586.202802336,1.0,666853.567033284,405271.620797584,-0.001453934361040321,-1551.9748534129467,,0.0,,,,0.20759133164503363,1.5921790932278654,-0.10388591601151684,0.21402062185761106,-1.4820443873817712,-1.3781584713702544,1.326879888530798,1.585749803015288,1,0.05500577212688646,SKIN_IN_GAME,417.57925101194996,416.9035815223643,0.0002288853284504455,0.0012158332269293943,-0.6633049142543758,5FX6kmhY...,1250987.870406268,1.5067886589284782,BUYBACK_GAMING,,False,6693448,0.0,153,5Fvp484S...,0.0,0.5741391129021454,0.5741391129021454,0.046191173777696395,,COUNTER,764908.901981949,1077.059572996,0.0,DIVERGENT,0.2592114129422215,0.3216930434877659,1295.967040512703,311596.464623963,0.15732537376211367,311596.464623963,0.15732537376211367,0.0,FORTRESS,False,True,1.5732537376211397,0,,24743.03204556399,0.012492782192744257,30.0
98,65,20,101,28,SayGM,2026-09-29,9175178,0.021139584,0.02103368751704693,0.00503461330150723,IN BAND,False,False,0.002905035,22580.797621268,5132390.309871176,1.0,1068176.080356422,6595487.570191328,-0.0018433106521580824,-18844.750084805302,,0.0,,,,0.3380939906573281,-1.0036045992206255,0.06125446183500463,-2.56011236055598,-1.4952532995003498,-1.5565077613353544,0.5120421170902654,1.8946017519926825,1,0.07647482501787196,,627.8622430160176,626.2856808736509,0.0005340657663843729,0.004399664923737022,-0.7918755201740478,5CA6rwAy...,2726088.77618777,0.19439321833380357,,,False,4878363,0.27731297709923663,219,5FHBJCMk...,0.179995422293431,1.4284158950145383,1.1713075727807472,0.0,,COUNTER,1414367.574011377,33762.848582854,0.0,OK,-0.15411052214586063,0.4832574141900116,1295.967040512703,377269.447620665,0.07350755200652978,377264.364473017,0.07350656160101868,5.083147648023441,FORTRESS,True,True,0.735065616010188,,,36727.836361402005,0.007156087932510316,30.0
99,66,78,102,74,Gittensor,2026-09-29,9175178,0.003253382,0.003227118169888854,0.008138477963467483,IN BAND,False,True,2.229e-06,5983.230507122,3449195.93841303,1.0,1839080.137108701,357559.121253326,-0.0012658894502273344,-10103.295463088667,,0.0,,,,0.0009790383293819768,-0.19683840354995802,0.09901814855552103,-1.7995135772038837,-1.5036570250984047,-1.6026751736539258,0.761916703754771,1.6036542119833077,1,0.0,,0.0,0.0,0.00015259021896696368,0.0017346739976375118,-0.46680900132922853,5D1VXeeS...,216.588029224,0.0,,,False,5086205,0.7915909958031285,195,5E2LP6En...,0.0,0.2995987298799514,0.2995987298799514,0.07320311307797955,,COUNTER,531791.422968235,184476.249980316,1754.4734231879993,OK,0.20969726998339394,0.0,1295.967040512703,378229.609193408,0.10965732766327879,378229.609193408,0.10965732766327879,0.0,DORMITORY,True,True,1.0965732766327878,0,,17101.806260015008,0.0049582008576420636,30.0
100,124,124,103,36,Epago,2026-09-29,9175178,0.003883673,0.004540207562968135,-0.1446045260844703,IN BAND,False,True,0.0,431.462252098,126791.543334603,1.0,111096.424666714,18591.788133758,,3179.574448457817,,,,,,,-31.02158368355027,-1.7593550673610552,-31.02158368355027,-1.7593550673610552,,20.726934390763788,10.527398433002798,1,0.0,,0.0,0.0,0.0,0.0034029261002003165,-0.12378665757896799,5DCjvVt6...,647947.765358613,,,,True,8884359,1.0,1,5E2LP6En...,0.0,1.0023887516137093,1.0023887516137093,0.38752994674438834,,COUNTER,34545.255833249,0.0,0.0,DIVERGENT,1.0,0.0,1295.967040512703,55237.714714294,0.435657720235502,55237.714714294,0.435657720235502,0.0,DORMITORY,False,True,4.35657720235504,0,,24418.107310477,0.19258466825376194,30.0
101,67,24,104,5,Hone,2026-09-29,9175178,0.012870097,0.012802486307919025,0.005281059511007187,IN BAND,False,False,0.001846697,33720.526178653,3276613.655527865,1.0,2620067.624928694,978485.245545502,-0.015845505017582865,-11607.826364900917,,0.0,,,,0.1439218264355643,-0.008737563977303358,0.06425289071725411,-1.974860667821639,-1.9018702131270815,-1.9661231038443356,0.8020475638213829,2.1100449302799,1,0.0,,0.0,0.0,0.033844510566872654,0.010291273162999926,-0.20037330231466588,5GurNtB3...,,,,,False,2491604,0.0,176,5HbScNss...,0.0899977111467155,0.7088459868459039,0.6450514704742378,0.013673126812147109,,COUNTER,1488567.694632255,0.0,0.0,DIVERGENT,1.0,0.0,1295.967040512703,6649.821324041,0.002029479829830505,6649.821324041,0.002029479829830505,0.0,NEITHER,True,True,0.02029479829830505,,,16275.184394165999,0.004967074579179843,30.0
102,68,53,105,89,InfiniteQuant,2026-09-29,9175178,0.003056865,0.0030418166425079107,0.0049471612725750696,IN BAND,False,True,9.5615e-05,6189.616170006,2939034.088266335,1.0,2024824.780651602,189268.239893728,0.00022740814707736934,-9928.729102376383,DISTRIBUTING_PRE_EMA,0.0,,,0.07439260388580109,0.04059641391297393,-0.24674237561263357,0.060190462149663344,-2.3026878256901844,-1.9957549879278873,-2.0559454500775507,0.8941713233241856,2.0965418639905247,1,0.0,,0.0,0.0,0.0013580529488059767,0.002106003531812421,-0.3110577235787577,5Dc5NmEU...,110586.158537138,0.0,,,False,5313364,0.0,137,5FFQKsXc...,0.0,0.2359397566748737,0.2359397566748737,0.0008851988645035255,,COUNTER,601037.833009041,0.0,0.0,DIVERGENT,1.0,0.0,1295.967040512703,6094.632142656,0.00207368542167916,6094.632142656,0.00207368542167916,0.0,NEITHER,True,True,0.020736854216791598,,,14055.664133307,0.00478240936007588,30.0
103,69,10,106,97,Albedo,2026-09-29,9175178,0.016183916,0.01605751714669168,0.007871631221291362,IN BAND,False,False,0.005627072,11471.75036296,1144436.186930873,1.0,708836.812208019,538357.646016103,-0.0002017478056674679,-2104.887966442271,,0.0,,,,1.289074879431419,-5.781554319098092,0.09577151319237824,-8.049424349863996,-2.172098517573525,-2.2678700307659034,2.2963272483088115,3.5569449101973225,1,0.0,,0.0,0.0,7.629510948348184e-05,0.010023931866157361,-0.3806238325657794,5GnW8owm...,1373543.240098632,0.7452660132268294,BUYBACK_GAMING,,False,7735450,0.0,28,5E2LP6En...,0.0,0.632771251011931,0.632771251011931,0.17702261421552173,,COUNTER,70872.776437572,4583.298014649,0.0,DIVERGENT,1.0,0.0,1295.967040512703,9214.043156561,0.008051163762368476,9214.043156561,0.008051163762368476,0.0,DORMITORY,False,True,0.08051163762368818,,,31410.179842551996,0.027445986243048826,30.0
104,70,30,107,19,blockmachine,2026-09-29,9175178,0.009178566,0.009114114567637444,0.007071606559721399,IN BAND,False,False,0.001280256,30896.649307998,2728142.655640546,1.0,3366173.942813888,1682298.589465442,-0.008205630128196056,-10556.896890406962,,0.0,,,,0.1088957166345236,-1.8272622257259308,0.08603787980994368,-4.143872248989122,-2.230572143453247,-2.3166100232631908,0.9632927349185728,2.4255057398977145,1,0.0,,0.0,0.0,0.00025940337224383825,0.011325158984673296,0.23387019112498567,5FWh37Lf...,1288756.394818458,1.6901252641684237,BUYBACK_GAMING,,False,1956072,0.0,124,5HQLnZYK...,,0.6929849542556856,0.6929849542556856,0.013642398254261343,,COUNTER,1013639.146969995,0.0,0.0,DIVERGENT,1.0,0.0,1295.967040512703,169430.618939441,0.06210475049357711,169430.618939441,0.06210475049357711,0.0,DORMITORY,True,True,0.6210475049357741,,,33540.08349385199,0.01229410911651064,30.0
105,71,29,4,61,RedTeam,2026-09-29,9175178,0.011176451,0.011054737726226449,0.01101005530730926,IN BAND,False,False,0.001538241,13927.925666206,4943372.570918158,1.0,1246184.992115824,845355.95207337,0.001606769924520486,-29310.13333275728,DISTRIBUTING_PRE_EMA,0.0,,0.14376387679062755,0.14376387679062755,0.2902440352484439,5.520930041172158,0.133955672905596,3.0704237280961353,-2.316550640170427,-2.4505063130760227,0.5316208645612742,2.740750348324467,1,0.0,,0.0,0.0,0.0007782101167315147,0.002817494628696193,-0.7479079335026663,5ECEsYL8...,,,,,False,4457976,0.012674851872213067,250,5DeeFuir...,,8.435150683906484,8.435150683906484,0.0,,COUNTER,808370.14496251,0.0,0.0,DIVERGENT,1.0,0.0,1295.967040512703,1021287.884224886,0.20659739268553592,1021287.884224886,0.20659739268553592,0.0,DORMITORY,True,True,2.065973926855359,0,,36724.806910462015,0.007429099543601855,30.0
106,72,2,3,51,lium.io,2026-09-29,9175178,0.094603037,0.09346745978109539,0.012149439190539506,IN BAND,False,False,0.013350618,164469.838552785,4273524.380198363,1.0,1738526.023988973,2184029.891024277,0.015805744069074572,-24343.431024384685,DISTRIBUTING_PRE_EMA,0.0,,0.16707438334220256,0.16707438334220256,0.21332436641712682,5.058689140452428,0.14781817681823065,2.516435758052318,-2.394435205581879,-2.54225338240011,0.6149491066851049,2.755577748817237,1,0.0,,0.0,0.0,0.0005493247882810692,0.038485761147137955,-0.593186832393785,5FqACMtc...,216.588029224,0.0,,,False,3966206,0.7187132627979054,189,5GP7c3fF...,0.0009918364232852674,0.2976414486169543,0.29734623698713664,0.17118615617036212,,COUNTER,1233976.156315166,47834.295633396,0.0,DIVERGENT,1.0,0.0,1295.967040512703,520080.59823633,0.121698287400946,517816.033053976,0.12116838164146396,2264.56518235401,DORMITORY,True,True,1.2116838164146417,0,,15407.667470013997,0.003605377224804512,30.0
107,74,33,108,105,Beam,2026-09-29,9175178,0.006262528,0.006184628000482917,0.01259574537239755,IN BAND,False,False,0.001216347,5054.658282727,2196720.977720943,1.0,807127.478213874,569872.423048299,-0.0010888053840733777,-12604.654752505012,,0.0,,,,0.6323988165378903,11.17881026755978,0.15324823536417018,8.360795486957276,-2.6647665452383325,-2.8180147806025024,1.1963285399707437,3.450413597140393,1,0.0,,0.0,0.0,0.001617456321049815,0.002301001508152899,-0.6325762522494273,5G3ic2pA...,2209415.085711598,0.0,,,False,6841399,0.0,131,5GbBrQUY...,0.0,0.44230874471016784,0.44230874471016784,0.0065920986373277585,,COUNTER,452240.813141888,1869.377328683,0.0,DIVERGENT,1.0,0.0,1295.967040512703,175976.450348273,0.08010869479238338,175976.450348273,0.08010869479238338,0.0,DORMITORY,False,True,0.8010869479238378,,,16886.674073777,0.007687218470183961,30.0
108,73,14,109,3,Teutonic,2026-09-29,9175178,0.028970979,0.028749266639351845,0.007711931000865162,IN BAND,False,False,0.004003812,80605.525005019,3377751.816712101,1.0,2782285.150701437,3548097.899303337,-0.03954664999786193,-19089.93845860241,,0.0,,,,0.13053718011693163,-2.794373738247229,0.09382849384385947,-5.5683298965141255,-2.680127664423037,-2.7739561582668966,0.7780322956226227,2.904493338383828,1,0.0,,0.0,0.0,7.629510948348184e-05,0.023863661209863638,-0.17629082504033994,5GsGUrd2...,3268828.825521322,0.9643357914047744,BUYBACK_GAMING,,False,4165565,0.0,204,5E6yHkmZ...,0.179995422293431,0.324698781287034,0.26625448703111193,0.9850762211404942,,COUNTER,578475.334942498,0.0,0.0,DIVERGENT,1.0,0.0,1295.967040512703,387324.37010316,0.11466928037364835,387220.862290314,0.11463863637774141,103.50781284598634,DORMITORY,True,True,1.1463863637774154,0,,22404.353530947992,0.006632918801226894,30.0
109,76,13,110,53,engy,2026-09-29,9175178,0.033370584,0.03199670440517366,0.04293815942507488,IN BAND,False,False,0.004648555,37444.296758971,4981505.720808876,1.0,1122075.000733675,1717879.292127138,-0.0011223092088040443,-42085.8172137409,,0.0,,,,0.3262553605596335,-0.7309985126718691,0.5224142730050777,-4.087255134684697,-2.8338423490077504,-3.356256622012828,0.527551336340386,3.6825119825724615,1,0.1939396751879759,MINER_BURN_ONLY,1591.4214737629518,1590.880938171283,0.0001831082627603564,0.007516662402405303,-0.7747518472435093,5H8SFVCx...,1945060.012326985,0.0,,,False,4203869,0.4298337988187354,0,5GP7c3fF...,0.0009918364232852674,0.2181985821684651,0.2179821648671612,0.011414793450228142,,COUNTER,534620.11590158,0.0,0.0,DIVERGENT,-0.6656894090954703,1.227562807108048,1295.967040512703,149736.684252846,0.030058518978983,135603.704951223,0.027221429132315487,14132.97930162301,FORTRESS,True,True,0.2722142913231549,,,29081.480600277,0.005837889632204391,30.0
110,75,22,111,49,Nepher Robotics,2026-09-29,9175178,0.008821211,0.008605618495494127,0.025052528719319466,IN BAND,False,False,0.002212973,4634.12006799,2424493.786700844,1.0,525338.354900221,187447.654900589,-3.683535129229573e-05,-21049.27447373781,,0.0,,,,1.2549724561889684,12.4146965978932,0.3048057660850535,9.181315723416304,-2.9285751083918408,-3.2333808744768944,1.083937609745777,4.488353330665863,1,0.0,,0.0,0.0,1.5259021896696368e-05,0.0019113763431400372,-0.7833204144941055,5FL781vf...,1807931.194551861,0.08430728877424026,,,False,6783158,0.9900051881466109,52,5DACoz1E...,,0.44325585998751066,0.44325585998751066,0.009506950908730218,,COUNTER,790069.490844123,837.682351088,0.0,DIVERGENT,1.0,0.0,1295.967040512703,466379.245096928,0.19236149321362403,466379.245096928,0.19236149321362403,0.0,DORMITORY,False,True,1.9236149321362401,0,,21338.677561888995,0.00880129191460038,30.0
111,77,90,112,26,Perturb,2026-09-29,9175178,0.002346882,0.002339396858587861,0.0031996030877193752,IN BAND,False,True,3e-09,1659.611308452,954004.973674818,1.0,707155.826126647,71694.561961981,-0.00014188253281285655,-2623.5580597362714,,0.0,,,,4.750509929553198e-06,-16.541577526171938,0.03892850423391906,-20.157153944540745,-3.5766479141348864,-3.6155764183688053,2.7547026195020443,3.6155811688787347,1,0.35081595588652864,SKIN_IN_GAME,2526.0137697309983,2525.8786358330813,4.57770656900891e-05,0.0017396254257031735,-0.2587503650787838,5FsVAEPM...,1404025.4851548,2.006973204809882,BUYBACK_GAMING,,False,8123781,0.9601721296465848,0,5EHfTi6R...,0.179995422293431,1.3041479906844553,1.0694073223680773,0.799261440800818,,COUNTER,114599.985209498,1668.571827101,0.0,DIVERGENT,-0.8155195129927186,1.949029996035862,1295.967040512703,34418.428737087,0.03607782945251066,31509.089233264,0.03302822323021157,2909.339503823001,FORTRESS,False,True,0.33028223230212334,,,29335.737388856007,0.030750088519827135,30.0
112,78,76,113,10,Pareton,2026-09-29,9175178,0.006379659,0.006362984422594309,0.0026205592059099845,IN BAND,False,True,2.313e-06,16461.205370135,3465861.167991185,1.0,2580264.122706794,1024832.460285229,0.0019830543029549486,-27925.474250521977,DISTRIBUTING_PRE_EMA,0.0,,,0.3108401723281681,0.00036926603267025207,-0.48722448015566044,0.03188347033857148,-4.1740839221025645,-3.6549759716083328,-3.686859441946904,0.758253107271227,3.6872287079795742,1,0.3155111470364731,SKIN_IN_GAME,2272.5490145570366,2272.5039699243976,1.5259021896696368e-05,0.004749528204465248,-0.25552005139063894,5HK5714c...,795482.512278113,0.9835048533375572,BUYBACK_GAMING,,False,2869647,0.8135624256111331,201,5GKbzKzG...,0.179995422293431,1.408778533692643,1.1552048466027152,0.22652220357088357,,COUNTER,850712.698629333,0.0,0.0,DIVERGENT,-0.7949511134945648,1.7535198804325784,1295.967040512703,57142.823118942,0.016487337590634654,19588.182408888,0.005651750447996542,37554.640710053995,FORTRESS,True,False,0.0708419176397998,,,22651.003387389006,0.006535461834588585,30.0
113,80,1,11,107,Minos,2026-09-29,9175178,0.043212086,0.04177088919095695,0.03450242111089782,IN BAND,False,False,0.013492811,21219.193548218,1684772.348586915,1.0,491048.061162789,600444.08876047,0.001226016808458981,-17854.305772989406,DISTRIBUTING_PRE_EMA,0.0,,0.02837208109923185,0.02837208109923185,1.671086473075593,3.0955442940378988,0.41977945684925677,-1.0503146713101033,-3.7260795084987453,-4.145858965348002,1.5598546606039725,5.816945438423595,1,0.0,,0.0,0.0,0.00015259021896696368,0.012594694806105628,-0.7085376807288213,5DA2vLrS...,1226930.898655033,0.13265818664762813,,,False,7457580,0.0,0,5E4WJ2tA...,0.179995422293431,0.6331341421112179,0.51917289483352,0.7209870137797378,,COUNTER,406798.248425295,11728.725039684,0.0,DIVERGENT,1.0,0.0,1295.967040512703,41164.694002343,0.024433386526594793,41164.694002343,0.024433386526594793,0.0,DORMITORY,False,True,0.24433386526594797,,,28008.626072016996,0.016624576071365922,30.0
114,79,67,114,106,Nodexo,2026-09-29,9175178,0.002078431,0.002071511233225465,0.0033404437608386206,IN BAND,False,True,2.1239e-05,5555.179161776,2274763.868846809,1.0,2672775.082554862,365421.868256153,-0.0008091572467977437,-18051.27129071625,,0.0,,,,0.01004757729220663,-9.26596568355744,0.040642065756869884,-13.28801203758567,-3.9814042882713614,-4.022046354028231,1.1552847466898901,4.032093931320438,1,0.0,,0.0,0.0,7.629510948348184e-05,0.002442090468314057,0.17496826611711283,5CTdHCps...,978472.742297743,0.5112505695121924,BUYBACK_GAMING,,False,5558480,0.3395544025637113,31,5E4vCZrj...,0.0,0.4666870705134802,0.4666870705134802,0.032016847759736296,,COUNTER,838637.534343767,0.0,0.0,DIVERGENT,1.0,0.0,1295.967040512703,336756.206484985,0.1480400718056523,336756.206484985,0.1480400718056523,0.0,DORMITORY,True,True,1.480400718056524,0,,13283.991471572,0.005839723258091978,30.0
115,81,60,115,40,Ralph,2026-09-29,9175178,0.002662381,0.002692490117624402,-0.011182628833923949,IN BAND,False,True,5.9543e-05,1495.810589768,469533.581505006,1.0,561831.787379599,81028.090202252,-1.8552276038102824e-06,1169.009150285623,ACCUMULATING_PRE_EMA,0.0,,,,0.10461150968604245,-6.775828155540003,-0.13605531747940805,-11.174545069224017,-4.534772231163423,-4.398716913684015,5.597043754732975,4.503328423370057,1,0.0,,0.0,0.0,0.0,0.0031857371840656136,0.1965744887999176,5HeKCDfd...,833335.018112182,,,,True,8409860,0.0,6,5E2LP6En...,0.0,0.8271118373721228,0.8271118373721228,0.22346334615149852,,COUNTER,22349.634720453,0.042920633,0.0,DIVERGENT,1.0,0.0,1295.967040512703,22427.898380107,0.04776633506855543,22427.898380107,0.04776633506855543,0.0,DORMITORY,False,True,0.4776633506855543,,,41559.33520198299,0.08851195492508111,30.0
116,82,61,116,55,NIOME,2026-09-29,9175178,0.00251776,0.002489632461220026,0.011297867945612444,IN BAND,False,True,4.0484e-05,6372.892312075,3066957.093624761,1.0,2531175.002353691,572931.097904343,-0.002858824195392448,-36983.829281856306,,0.0,,,,0.016694453128984228,2.045291841201738,0.13745739333828472,-3.203049551600745,-5.110883999464198,-5.248341392802483,0.8568753718344432,5.265035845931467,1,0.007667570019856148,MINER_BURN_ONLY,56.36447369999951,56.09420590416522,9.15541313801782e-05,0.0020779202700038544,-0.1746948597150426,5GeWUxaF...,1265832.732960259,0.04731684705693615,,,False,4703386,0.019991148956950422,109,5GP7c3fF...,0.0009918364232852674,0.30626551829748655,0.3059617530012428,0.02397338664143688,,COUNTER,322152.7719182,0.0,0.0,DIVERGENT,0.9181562240409246,0.04328366706145054,1295.967040512703,14841.866940702,0.004839280918390927,14841.866940702,0.004839280918390927,0.0,NEITHER,True,True,0.04839280918390926,,,14324.904183119996,0.004670722069407807,30.0
117,83,43,117,50,Synth,2026-09-29,9175178,0.004042721,0.004016568185761571,0.00651123372712526,IN BAND,False,False,0.000274126,10243.234220663,3306181.970451894,1.0,2533747.478485667,1231860.100390918,-0.0056701551055483215,-45569.0575220692,,0.0,,,,0.07032965491961303,0.7540720535797162,0.07922001034669066,-5.07094647567433,-5.745798518907356,-5.825018529254047,0.7948745784373148,5.89534818417366,1,0.0,,0.005304519028868526,0.0,0.0018005645838101714,0.0030982064242709964,-0.23363338101466896,5DxyiWpG...,2233097.787688143,0.3068540131176809,BUYBACK_GAMING,,False,4763204,0.10836632679578695,220,5Ff9fYuf...,,11.572314587186222,11.572314587186222,0.0,,COUNTER,467621.647112542,0.0,0.0,DIVERGENT,0.9999924848173277,0.0,1295.967040512703,212500.00519846,0.06427353578769143,212500.00519846,0.06427353578769143,0.0,DORMITORY,True,True,0.6427353578769144,,,28267.243905547002,0.008549814909819797,30.0
118,84,70,118,92,Available,2026-09-29,9175178,0.001464633,0.001475553261116147,-0.00740079087886449,IN BAND,False,True,5.521e-06,611.708951519,584504.57955343,1.0,417653.208548098,81358.114842429,-2.6195570558567144e-05,-2476.5470771813416,,0.0,,,,0.023719103609601725,-4.0319791505236955,-0.09004295569285128,-9.868582628550222,-5.926646433719377,-5.836603478026525,4.4961153289985,5.860322581636127,1,0.0,,0.0,0.0,0.0,0.00104654261560509,-0.2854574384128378,5E9LPDS2...,811667.192834434,0.16882955274933428,,,True,8352006,1.0,1,5E2LP6En...,0.0,0.8321834683877817,0.8321834683877817,0.2400048831105414,,COUNTER,230975.114966036,0.041020142,0.0,DIVERGENT,1.0,0.0,1295.967040512703,47028.977706833,0.08045955387169734,47028.977706833,0.08045955387169734,0.0,DORMITORY,False,True,0.8045955387169887,,,44071.76847118797,0.07540021073035809,30.0
119,86,62,119,78,Umi,2026-09-29,9175178,0.003630705,0.0034789429046213627,0.043623048592444424,IN BAND,False,True,3.8795e-05,1430.36011298,1062632.509805306,1.0,393962.221932288,177827.306582323,0.0001379181554245564,-13487.428388246917,DISTRIBUTING_PRE_EMA,0.0,,,0.03798660464690918,0.0712780362615058,-3.843829463388444,0.5307470912080738,-10.882614805507389,-6.508038250910872,-7.0387853421189455,2.4731033313497046,7.110063378380452,1,0.11744492896855244,,859.0336451719922,854.7093604386437,0.0014648661020828513,0.0013460534096044815,-0.6292583920741339,5GvYz1tB...,859175.157552894,0.18682944196067816,,,False,7966145,0.3066978407371751,200,5E2LP6En...,0.0,0.9754482736089894,0.9754482736089894,0.5208746604815822,,COUNTER,87656.326573733,8107.779671713,0.0,DIVERGENT,-0.4635879379036193,0.659514735884416,1295.967040512703,58652.731830633,0.05519568739843962,58652.731830633,0.05519568739843962,0.0,FORTRESS,False,True,0.5519568739844024,,,33270.850579314996,0.03130983691192624,30.0
120,85,73,120,99,Thirty Spokes,2026-09-29,9175178,0.001349042,0.001356897410005331,-0.005789243864280224,IN BAND,False,True,3.953e-06,456.322033071,415709.456088049,1.0,338256.26155623,32672.060560428,,-747.0662594974856,,,,,,0.022765685737518696,-7.138894164532702,-0.07043580034874272,-13.826255551577717,-6.7577971873937575,-6.687361387045015,6.321722928148593,6.710127072782534,1,0.0,,0.0,0.0,1.5259021896696368e-05,0.0010976946191340645,-0.18631546005679248,5DebFXsw...,1103993.444093264,4.185788859614673,BUYBACK_GAMING,,True,8572056,1.0,18,5CkCPddn...,,11.58856478441787,11.58856478441787,0.0,,COUNTER,94717.016826704,0.012273672,0.0,DIVERGENT,1.0,0.0,1295.967040512703,0.0,0.0,0.0,0.0,0.0,NEITHER,False,,,,,56790.89275423001,0.13661198205268024,30.0
121,87,80,121,16,kenju,2026-09-29,9175178,0.001045605,0.0010680707637220621,-0.02103396561831949,IN BAND,False,True,1.52e-06,344.016765442,522901.036054692,1.0,329011.939722687,81105.30643555,0.000900611716787907,-5073.72923580592,DISTRIBUTING_PRE_EMA,0.0,,,0.8613307288965785,0.011611527115161684,-11.68287892882984,-0.2559132483562205,-20.11145236247831,-8.684486682004692,-8.428573433648472,5.025807597989017,8.440184960763634,1,0.0,,0.0,0.0,0.0,0.0006579003324178117,-0.370794580728084,5FkKY8WJ...,601729.130363773,0.0,,,True,8460646,1.0,1,5E2LP6En...,0.0,0.759010139559692,0.759010139559692,0.4652088991973632,,COUNTER,63578.799840379,0.04568655,0.0,DIVERGENT,1.0,0.0,1295.967040512703,7333.737256624,0.014025096052509905,0.0,0.0,7333.737256624,NEITHER,False,False,0.12117561235980696,,,48688.300938340995,0.09311188462294138,30.0
122,88,63,122,122,CookingTAO,2026-09-29,9175178,0.004268651,0.004081324208527803,0.04589853241278479,IN BAND,False,True,3.3708e-05,1378.097895466,828152.306421586,1.0,322841.540675224,50245.754767707,0.0003625880589275153,-15694.92737718497,DISTRIBUTING_PRE_EMA,0.0,,,0.0849420716117376,0.06428035649096275,2.5396053272506762,0.5584321443555482,-7.562350100743922,-9.54352328363905,-10.101955427994598,3.173329325562693,10.166235784485561,1,0.2561542642180178,,1858.9648226649733,1858.8747333996953,3.0518043793392735e-05,0.0016640633429141887,-0.6101664570577008,5F3uH1G4...,448546.715184233,0.19159495840093693,,,False,8238082,1.0,0,5CfPqfaz...,0.179995422293431,1.8807061537933947,1.5421876554314982,0.35351654891428747,,COUNTER,386404.702572955,4689.8056909,0.0,DIVERGENT,-0.7253732415323203,1.434353401969465,1295.967040512703,129484.554383804,0.15635355161093706,129484.554383804,0.15635355161093706,0.0,FORTRESS,False,True,1.5635355161093796,0,,39362.992094735986,0.04753110241861422,30.0
123,89,71,123,70,SN70,2026-09-29,9175178,0.001433109,0.00146940303966403,-0.024699853399193037,IN BAND,False,True,5.43e-06,274.490027734,260291.684720838,1.0,191534.638884373,14971.455075867,,-325.5846635218768,,,,,,0.051987462414586016,-18.497867008953783,-0.30051488302351526,-28.664200613014632,-10.466848487084365,-10.16633360406085,10.09636555550563,10.218321066475434,1,0.0,,0.0,0.0,0.0,0.0010545478163406937,-0.2641537968565589,5Cz1mjiJ...,628471.925887408,,,,True,8825571,1.0,1,5E2LP6En...,0.0,0.9602280802811951,0.9602280802811951,0.4399243140964995,,COUNTER,114390.63833428,0.0,0.0,DIVERGENT,1.0,0.0,1295.967040512703,0.0,0.0,0.0,0.0,0.0,NEITHER,False,,,,,47387.94660379003,0.1820570897399717,30.0
124,90,75,124,103,Capcomp,2026-09-29,9175178,0.001188948,0.0011974559165537357,-0.007104993541826088,IN BAND,False,True,2.4e-06,331.007143201,253211.686015898,1.0,278403.405078223,36913.456768499,,-2443.6202395815635,,,,,,0.01905457368383748,-13.20673452071488,-0.0864440880922174,-26.937042461623754,-13.81675202900109,-13.730307940908872,10.37866790964379,13.74936251459271,1,0.0,,0.0,0.0,0.0,0.0013072348611122852,0.09948867495658785,5H3SQ4du...,1107914.175326998,4.54798157781817,BUYBACK_GAMING,,True,8762380,1.0,103,5H6VKx1U...,,0.9241157228836356,0.9241157228836356,0.01817377239295633,,COUNTER,60139.256694016,0.014698804,0.0,DIVERGENT,1.0,0.0,1295.967040512703,0.0,0.0,0.0,0.0,0.0,NEITHER,False,,,,,64479.401842554,0.2546462323958683,30.0
125,125,125,125,59,SN59,2026-09-29,9175178,0.005122747,0.0,,N/A,False,True,0.0,530.361161239,0.0,0.0,103530.603756369,1.345483354,,,,,,,,,0.0,,0,,,,,,,,,,0.0,,,5GzrQ2fe...,371205.986069632,,,,True,8938771,1.0,0,5FKjMupT...,,0.0,0.0,0.0,,,0.0,0.0,,NO_ESTIMATE,,,,0.0,,0.0,,0.0,,False,,,,,0.0,,30.0
126,126,126,126,82,SN82,2026-09-29,9175178,0.004456112,0.0,,N/A,False,True,0.0,629.701453104,211.283296268,0.0,141311.845162495,0.99,,0.0,,,,,,,61.190972779423454,,61.190972779423454,,,0.0,0.0,1,,,0.0,,0.0,2.980365529252545,667.8264409091479,5GGrRdUa...,736733.000118832,,,,True,9155260,1.0,0,5Hn6PHyj...,,0.0,0.0,0.0,,COUNTER,0.0,0.0,0.0,OK,0.0,,,0.0,0.0,0.0,0.0,0.0,,False,,,,,0.0,0.0,30.0
127,127,127,127,86,SN86,2026-09-29,9175178,0.005989978,0.0,,N/A,False,True,0.0,709.206653218,0.0,0.0,118398.856999575,2.125984345,,,,,,,,,0.0,,0,,,,,,,,,,0.0,,,5F4XAWGz...,285198.60811751,,,,True,8693284,1.0,0,5F1N5GEH...,,0.0,0.0,0.0,,,0.0,0.0,,NO_ESTIMATE,,,,0.0,,0.0,,0.0,,False,,,,,0.0,,30.0
128,128,128,128,108,ChipForge,2026-09-29,9175178,0.004442118,0.0,,N/A,False,True,0.0,509.727336193,0.0,0.0,114748.695018811,1.049812107,,,,,,,,,0.004085244009866792,,0.004085244009866792,,,,,,,,,,0.0,,,5FBwsAvv...,602361.262674093,,,,True,9111253,1.0,0,5HjH8Zqf...,0.0,0.0,0.0,0.0,,,0.0,0.0,,NO_ESTIMATE,,,,0.0,,0.0,,0.0,,False,,,,,0.0,,30.0
