combined_apy_rank,real_apy_rank,emission_rank,epr_rank,netuid,name,date,block,spot_price,moving_price,momentum_30d,ema_band,ema_lag_flag,low_emission,tao_emission,tao_reserves,alpha_outstanding,alpha_out_emission,alpha_in_pool,volume,ema_tao_inflow,pool_growth_real,pool_ema_divergence,flow_momentum,flow_price_divergence,emission_price_ratio,emission_price_ratio_raw,emission_apy,price_apy_7d,price_apy_30d,combined_apy_7d,combined_apy_30d,real_apy,gross_emission_rate,net_supply_delta,supply_days_gap,supply_defence,supply_defence_quality,burned_tokens,manual_burn,miner_burn_rate,liquidation_price,liquidation_haircut,owner_coldkey,owner_stake,owner_inflow_pct,owner_inflow_flag,large_entry_anomaly,immune,registered_at,vali_miner_share,best_validator_uid,best_validator_hotkey,best_validator_take,best_validator_raw_apy,best_validator_apy,best_validator_div_pct,best_validator_trust,burned_source,alpha_burned_cum,alpha_recycled_cum,recycled_tokens,recon_flag,recon_gap_relative,burn_coverage,owner_cut_emission,total_locked_alpha,locked_float_ratio,owner_locked_alpha,owner_lock_ratio,community_locked_alpha,commitment_class,gate_eligible,leader_is_owner,leader_pct_of_threshold,leader_blocks_to_threshold,governance_flag,basket_alpha,basket_share,ema_halving_days
1,1,35,12,81,Reliquary,2026-08-20,8886173,0.006888866,0.00696529564447701,-0.010972921808080419,IN BAND,False,False,0.001076913,18846.127787071,2486574.781831791,1.0,2735737.28631496,892607.277455966,-0.010295262693937652,84071.03790231002,ACCUMULATING_PRE_EMA,0.0,,,,0.15017023104032814,,-0.13350388199831176,10.937893961206889,10.804390079208577,10.937893961206889,1.056875513739436,-10.787723730166562,1,0.001890566223140104,MINER_BURN_ONLY,16.866123315994628,15.740007500018436,0.0003814755474174092,0.007579151821521964,0.1002031134764363,5GnpQR4N...,19765.220098171,,,,False,5203057,0.07243168981834835,161,5E2LP6En...,0.0,0.486144082010311,0.486144082010311,0.8411029557627455,,COUNTER,851534.919372474,0.0,0.0,OK,-1.0,0.012145376393053534,1295.967040512703,554381.623015083,0.22294990967723294,549013.606728804,0.22079111022125011,5368.016286279075,DORMITORY,True,True,2.2079111022125044,0,,7287.541078676998,0.0029307548407245033,30.0
2,2,19,13,91,cascade,2026-08-20,8886173,0.007496925,0.007554933661594987,-0.007678248968600532,IN BAND,False,False,0.002550293,3380.727578394,1011861.638716484,1.0,450948.569654161,144560.259819125,-0.00013977869327964234,20857.024938503746,ACCUMULATING_PRE_EMA,0.0,,,,1.9824637888107615,,-0.0934186957846398,6.157119681851087,6.063700986066448,6.157119681851087,2.597193034547232,-4.174655893040326,1,0.0,,0.0,0.0,3.051804379328171e-05,0.003341096696463709,-0.5543377189362693,5HEe7NjS...,307323.565123351,,,,False,7633645,0.0,1,5E2LP6En...,0.0,0.8123612785750773,0.8123612785750773,0.5733469655582853,,COUNTER,399376.775480423,9542.545852108,0.0,DIVERGENT,1.0,0.0,1295.967040512703,69609.043985894,0.06879304573122366,69609.043985894,0.06879304573122366,0.0,DORMITORY,False,True,0.6879304573122452,,,19994.703037739007,0.0197603133399757,30.0
3,5,38,14,77,Liquidity,2026-08-20,8886173,0.006079965,0.006137352902442217,-0.009350595175874768,IN BAND,False,False,0.000935236,12515.338929912,3264618.381909003,1.0,2058455.635000464,408604.194117038,-0.006935415302332664,52084.199179968564,ACCUMULATING_PRE_EMA,0.0,,,,0.1963830321946608,,-0.11376557463980967,5.024370856704309,4.910605282064499,5.024370856704309,0.8049945483867744,-4.8279878245096475,1,0.0,,0.0,0.0,0.00010681315327687457,0.0038336299885052996,-0.36946512216677235,5GxxsUeY...,2678933.861065761,,,,False,5128460,0.2497558295690392,148,5C8dR6A6...,0.179995422293431,3.0914555628087523,2.5350077132796147,0.0,,COUNTER,140886.89655137,14115.257752168,0.0,OK,0.0,0.0,1295.967040512703,369577.913917543,0.11320707987358399,369577.913917543,0.11320707987358399,0.0,DORMITORY,True,True,1.1320707987358398,0,,7048.487490530001,0.0021590540351023695,30.0
4,4,62,15,21,AdTAO,2026-08-20,8886173,0.003290445,0.0033826755825430155,-0.027265571377577624,IN BAND,False,True,4.7501e-05,7331.402707189,3553265.671419446,1.0,2228088.106615557,568512.337332823,-0.0017317969702688176,57049.231977660675,ACCUMULATING_PRE_EMA,0.0,,,,0.01702711377150134,,-0.33173111842719444,5.054131940790821,4.7224008223636265,5.054131940790821,0.7396013253774453,-5.03710482701932,1,0.12263078306602321,MINER_BURN_ONLY,896.0932664870052,895.6878647932538,0.0001373311970702673,0.0020632858291905532,-0.3729462643531336,5HjCYVfr...,1872512.698153611,,,,False,3156578,0.7931508103653512,133,5FW5NUrU...,,8.150507056822535,8.150507056822535,0.0,,COUNTER,821198.905329843,0.0,0.0,DIVERGENT,-1.0,0.6911347563583923,1295.967040512703,5839.628796876,0.0016434540326795226,5839.628796876,0.0016434540326795226,0.0,EXPOSED,True,True,0.016434540326795224,,UNDEFENDED_BURNER,6591.293757430999,0.0018549960422176743,30.0
5,3,50,4,82,Compelle,2026-08-20,8886173,0.003348153,0.003512418596073985,-0.046767089850165755,IN BAND,False,False,0.000216588,1587.626719147,621945.005681976,1.0,474179.947886826,109242.945728818,0.0004909697292762227,16147.946089366334,,0.0,,0.14663897655699207,0.14663897655699207,0.35851831991453015,,-0.5689995931770166,5.2420872767363145,4.673087683559298,5.2420872767363145,4.225453980643099,-4.883568956821784,1,0.0,,0.0,0.0,0.0,0.002552680228384716,-0.23758554988833666,5H6h1PUD...,331783.441680223,,,,True,8026517,0.0,5,5E2LP6En...,0.0,0.8139721269757779,0.8139721269757779,0.46127786848972246,,COUNTER,51466.221683119,7195.897335065,0.0,OK,0.0,0.0,1295.967040512703,744.314271862,0.0011967525505664984,744.314271862,0.0011967525505664984,0.0,NEITHER,False,True,0.011967525505664982,,,23463.950724092007,0.03772672906724813,30.0
6,6,63,16,35,OxMarkets,2026-08-20,8886173,0.002280882,0.00232659257017076,-0.019647002555073532,IN BAND,False,True,4.4584e-05,6911.111971155,2760633.979704182,1.0,3030017.184722208,774810.643271356,-0.005304274305624786,44660.56765381992,ACCUMULATING_PRE_EMA,0.0,,,,0.016953386443313383,,-0.23903853108672796,4.882768080727006,4.643729549640278,4.882768080727006,0.9519552462661512,-4.865814694283692,1,0.0,,0.0,0.0,3.0518043793392735e-05,0.002503451026816516,0.09758024606994826,5EqZVDbW...,11564.972917706,,,,False,3037158,0.10455800894205969,22,5E2LP6En...,0.0,0.32610155054499274,0.32610155054499274,0.105905692049443,,COUNTER,266886.343998939,0.0,0.0,OK,0.0,0.0,1295.967040512703,91443.283730782,0.03312401586123369,91443.283730782,0.03312401586123369,0.0,DORMITORY,True,True,0.3312401586123378,,,6612.619881847002,0.0023953265555890836,30.0
7,7,13,17,114,SOMA,2026-08-20,8886173,0.010555914,0.010655456455424428,-0.009341923158416534,IN BAND,False,False,0.003530745,5159.681946578,1436563.560390645,1.0,488795.504839014,196865.652382317,-0.00033109223172571404,18559.14146266546,ACCUMULATING_PRE_EMA,0.0,,,,1.798327485312128,,-0.11366006509406781,4.066063058638201,3.952402993544133,4.066063058638201,1.8293656281281196,-2.2677355733260725,1,0.0,,0.0,0.0,9.15541313801782e-05,0.0035916837158078314,-0.6597467812064562,5FHrQMjz...,960456.615989561,,,,False,7312241,0.0,74,5DUtdSu5...,,0.5925658135876626,0.5925658135876626,0.011674042423317564,,COUNTER,373811.447473431,13816.272943106,0.0,OK,1.0,0.0,1295.967040512703,146039.760277138,0.10165910113815319,146039.760277138,0.10165910113815319,0.0,DORMITORY,False,True,1.0165910113815317,0,,16230.696894548006,0.011298279687767098,30.0
8,8,58,18,18,Zeus,2026-08-20,8886173,0.004328558,0.0043660965748131275,-0.008597742667827838,IN BAND,False,True,9.1894e-05,10487.448378326,3119527.975581254,1.0,2422850.076869362,853017.921487254,0.00033872464815844845,40095.56412188243,,0.0,,,0.07825346181302144,0.023027282069782894,,-0.1046058691252387,3.78028416043312,3.6756782913078814,3.78028416043312,0.8424351442177181,-3.757256878363337,1,0.08656607933438336,MINER_BURN_ONLY,637.2285744809778,636.5078603587531,0.0002441443503471419,0.0033618702766632187,-0.2233278896428744,5GgvCi6h...,2705331.22498116,,,,False,1604679,0.3582319632473022,84,5DCSySUE...,0.11999694819562066,0.4640600956052481,0.40837430035325034,0.8070531504173597,,COUNTER,332317.732707329,30745.295806132,0.0,DIVERGENT,-1.0,0.4911450989578728,1295.967040512703,472285.796249436,0.1513965574107205,375000.0,0.12021049432330454,97285.79624943598,FORTRESS,True,True,1.2021049432330453,0,,6792.833148976002,0.0021775195485176924,30.0
9,9,65,19,60,Bitsec.ai,2026-08-20,8886173,0.004369059,0.004337853053584695,0.007193868955408045,IN BAND,False,True,3.3854e-05,7275.497170996,3813066.794562592,1.0,1665231.766597074,893862.959302953,0.00042835187573598795,29754.967337679584,,0.0,,,0.09804213578621575,0.012228485546620097,,0.0875254056241312,2.1515808865914217,2.2391062922155527,2.1515808865914217,0.6892090124797998,-2.1393524010448015,1,0.20341246844260402,MINER_BURN_ONLY,1476.0082391100004,1475.9181498447224,3.0518043793392735e-05,0.0019080434629078122,-0.5632827428268165,5CXLwkK1...,100658.077548216,,,,False,4796992,0.6500083927181726,113,5CXLwkK1...,0.179995422293431,5.35220839154054,4.388835381902755,0.0,,COUNTER,640552.928913547,0.0,0.0,DIVERGENT,-1.0,1.1388546959194488,1295.967040512703,1069526.623080884,0.2804898735595248,1069526.623080884,0.2804898735595248,0.0,FORTRESS,True,True,2.8048987355952493,0,,6868.398200027998,0.0018012792773056817,30.0
10,10,36,2,61,RedTeam,2026-08-20,8886173,0.007486207,0.007551509188488126,-0.008647567904396592,IN BAND,False,False,0.001059561,11027.435994539,4396175.211610984,1.0,1473033.773108146,554604.309214058,0.001606769924520486,29944.964511492057,,0.0,,0.21463071012069077,0.21463071012069077,0.2525089521606792,,-0.10521207617015854,2.052039790743731,1.9468277145735726,2.052039790743731,0.5977923702993098,-1.799530838583052,1,0.0,,0.0,0.0,0.0005951018539711583,0.002508415944253956,-0.6649283216114708,5ECEsYL8...,,,,,False,4457976,0.0,67,5E2LP6En...,0.0,0.2993956084081718,0.2993956084081718,0.5163515390132613,,COUNTER,808370.14496251,0.0,0.0,DIVERGENT,1.0,0.0,1295.967040512703,1021287.884224886,0.23231282536863077,1021287.884224886,0.23231282536863077,0.0,DORMITORY,True,True,2.323128253686308,0,,6506.513032962007,0.00148003951611785,30.0
11,11,39,20,85,Vidaio,2026-08-20,8886173,0.005512369,0.005525215296074748,-0.002325030860584703,IN BAND,False,False,0.000893339,13065.791975974,2633021.803873742,1.0,2370267.803619118,1394441.303660259,-0.006693889346863315,20921.66235973453,ACCUMULATING_PRE_EMA,0.0,,,,0.17968255550961268,,-0.028287875470447216,1.909678789049719,1.881390913579272,1.909678789049719,0.9980927602398302,-1.7299962335401065,1,0.0,,0.0,0.0,6.103608758678547e-05,0.004962280204725767,-0.0997917220843221,5GTPBjA4...,2968997.484583638,,,,False,5258781,0.4800323511010057,0,5FR392L6...,0.179995422293431,0.36291240369797845,0.2975898323388367,1.0,,COUNTER,496360.999970373,0.0,0.0,OK,0.0,0.0,1295.967040512703,143874.406841709,0.05464231501237048,143874.406841709,0.05464231501237048,0.0,DORMITORY,True,True,0.5464231501237049,,,7456.250774669002,0.0028318226471574412,30.0
12,12,29,21,19,blockmachine,2026-08-20,8886173,0.01100042,0.011016650358214974,-0.0014732570869757427,IN BAND,False,False,0.001580679,33397.192313952,2730565.558782685,1.0,3035992.398069604,1664414.15654165,-0.008205630128196056,20333.381261412054,ACCUMULATING_PRE_EMA,0.0,,,,0.12438244427704828,,-0.017924627891538203,1.7325129731524187,1.7145883452608806,1.7325129731524187,0.9624379797610829,-1.6081305288753704,1,0.0,,0.0,0.0,0.0002288853284504455,0.012230869977295408,0.11185481802471246,5FWh37Lf...,1089279.490873629,,,,False,1956072,0.5171245421245421,237,5GFBXbxR...,,1.1019375279276056,1.1019375279276056,0.0,,COUNTER,1006514.180053119,0.0,0.0,OK,0.0,0.0,1295.967040512703,169492.989899939,0.062072485077230954,169492.989899939,0.062072485077230954,0.0,DORMITORY,True,True,0.6207248507723094,,,6369.226078169,0.002332566620743751,30.0
13,13,61,22,66,conjectures,2026-08-20,8886173,0.002452194,0.0024745427072048187,-0.009031449382445,IN BAND,False,True,5.6725e-05,6056.535670986,3120551.627351561,1.0,2469843.181750263,1351767.631956509,-0.005772511456838813,20412.542584476527,ACCUMULATING_PRE_EMA,0.0,,,,0.024613625362455926,,-0.10988263415308082,1.5409295957215736,1.4310469615684929,1.5409295957215736,0.8421587955685919,-1.5163159703591178,1,0.0,,0.0,0.0,0.0,0.0019408541803636922,-0.20852339563521802,5CJCRGep...,1038339.451399107,,,,False,4958013,1.0,227,5E2LP6En...,0.0,0.585735275900225,0.585735275900225,0.8245284746383446,,COUNTER,876389.726869251,0.0,0.0,OK,0.0,0.0,1295.967040512703,392806.591766313,0.12587729307965057,392806.591766313,0.12587729307965057,0.0,DORMITORY,True,True,1.2587729307965057,0,,6825.058981364001,0.002187132211350878,30.0
14,14,59,23,55,NIOME,2026-08-20,8886173,0.002803534,0.002827710472047329,-0.008549839980549609,IN BAND,False,True,8.7949e-05,6701.476847279,2919630.053082809,1.0,2390367.615900422,539910.838242557,-0.002858824195392448,18108.88268204173,ACCUMULATING_PRE_EMA,0.0,,,,0.03448940841955541,,-0.1040230530966869,1.374381971436709,1.2703589183400221,1.374381971436709,0.900114039182848,-1.3398925630171534,1,0.007952990152071862,MINER_BURN_ONLY,59.373183618998155,59.05787119052482,0.00010681315327687457,0.002295317120812267,-0.1812772305196701,5GeWUxaF...,1234637.18241972,,,,False,4703386,0.020159321206202008,142,5E2LP6En...,0.0,0.33197717373124686,0.33197717373124686,0.5659306282522776,,COUNTER,317428.09221076,0.0,0.0,OK,0.19823461306294882,0.04557050398994768,1295.967040512703,14841.866940702,0.005083475190642944,14841.866940702,0.005083475190642944,0.0,DORMITORY,True,True,0.05083475190642944,,,7109.468265241001,0.002435057913496329,30.0
15,16,5,7,64,Chutes,2026-08-20,8886173,0.077507343,0.07795424642972648,-0.005732893975562265,IN BAND,False,False,0.010784507,209840.38106062,3279450.090634804,1.0,2707361.29004784,4933854.510831092,0.006078987608972017,18869.41924849525,,0.0,,0.0784311185712045,0.0784311185712045,0.13506306199383272,,-0.06975021003600755,1.3168349170810596,1.2470847070450521,1.3168349170810596,0.8013538634129045,-1.181771855087227,1,0.016256227799544262,MINER_BURN_ONLY,133.69102707499405,133.33067001388167,0.00012207217517357094,0.0639864536008234,-0.17444656049139243,5FRYKhbm...,644050.478213472,,,,False,4531295,0.5155737329650374,194,5FEm1mew...,,17.606548671350705,17.606548671350705,0.0,,COUNTER,273331.765865481,0.0,0.0,DIVERGENT,-1.0,0.102881219850417,1295.967040512703,735158.470321349,0.22417126347516517,735157.940867522,0.22417110202924823,0.5294538269517943,DORMITORY,True,True,2.2417110202924837,0,,6388.746898105,0.0019481153002905826,30.0
16,17,15,24,38,ChronoLLM,2026-08-20,8886173,0.009992202,0.010086485650390387,-0.0093475223837489,IN BAND,False,False,0.003257833,5015.539167327,1498327.898124867,1.0,501945.452183795,180392.093898099,-0.0014355570088288021,7835.868010015634,ACCUMULATING_PRE_EMA,0.0,,,,1.7070119160414896,,-0.11372818900227827,1.2843883976099801,1.1706602086077018,1.2843883976099801,1.7539551945130964,0.4226235184315095,1,0.0,,0.0,0.0,6.103608758678547e-05,0.003347424267814719,-0.6649963373624033,5GeWgtBA...,1447578.06920766,,,,False,7284230,0.0,9,5DkrZxTv...,0.179995422293431,1.0400354471168873,0.8528338276129459,0.019624000488311054,,COUNTER,485297.062238848,10641.406258159,0.0,OK,0.0,0.0,1295.967040512703,36208.172263717,0.02416571987282019,36208.172263717,0.02416571987282019,0.0,DORMITORY,False,True,0.24165719872820524,,,15698.599725548002,0.010477412684629676,30.0
17,77,77,25,70,SN70,2026-08-20,8886173,0.008837324,0.008072993252426386,0.09467749119496546,IN BAND,False,True,0.0,678.252314621,85347.465713509,1.0,76748.605295883,4178.424196372,,-1754.4247780545702,,,,,,,,1.1519094762054132,,1.1519094762054132,,30.79177545612856,42.84761116725028,1,0.4100022879347221,SKIN_IN_GAME,2952.016473129999,2952.016473129999,0.0,0.00794695318660932,-0.10075117913416785,5EP42hSo...,627975.284884083,2.30953153804632,BUYBACK_GAMING,,True,8825571,1.0,0,5DFxKepZ...,0.179995422293431,2.8452396949418346,2.3331095745247463,0.6582537308877834,,COUNTER,22582.926019551,0.0,0.0,DIVERGENT,-1.0,2.277848418091049,1295.967040512703,0.0,0.0,0.0,0.0,0.0,EXPOSED,False,,,,,19927.954403189007,0.23349204615029084,30.0
18,15,73,26,23,Trishool,2026-08-20,8886173,0.004268986,0.004338388796895742,-0.015997366797877263,IN BAND,False,True,8.86e-07,7468.843121509,4069861.555529976,1.0,1749558.912405138,577411.38744619,3.250270980840306e-05,21975.38107324671,,0.0,,,0.007613683860383488,0.0003117494854450189,,-0.19463462937417336,1.319416287450369,1.1247816580761956,1.319416287450369,0.6457222104838362,-1.319104537964924,1,0.32792648840694544,MINER_BURN_ONLY,2361.6059737480246,2361.5609291153855,1.5259021896696368e-05,0.0018351590145273163,-0.5701182869825958,5CqTRwoF...,1410672.485211622,,,,False,2063528,0.7999969481490524,188,5HKsvivb...,0.0899977111467155,0.9068940278254463,0.8252756410685304,0.3873493056615291,,COUNTER,1107543.704032638,0.055431535,0.0,DIVERGENT,-1.0,1.8222384175612354,1295.967040512703,475120.965120103,0.11674130892106793,475120.965120103,0.11674130892106793,0.0,FORTRESS,True,True,1.167413089210681,0,,6553.124161252002,0.0016101589874348088,30.0
19,21,23,27,93,Bitcast,2026-08-20,8886173,0.012804694,0.012762138852849603,0.0033344839482682396,IN BAND,False,False,0.002122429,18992.873681312,3386978.396298403,1.0,1483274.226973597,919169.353850611,-0.0033716791650470626,13851.976088797208,ACCUMULATING_PRE_EMA,0.0,,,,0.29367559146608807,,0.04056955470393025,0.8792621267352687,0.9198316814391989,0.8792621267352687,0.7759128321787103,-0.5855865352691807,1,0.0,,0.0,0.0,1.5259021896696368e-05,0.005607615833059088,-0.5620656117936839,5EbY1Seb...,2296429.10115538,,,,False,5370681,0.9394665364543595,155,5H5pBTVG...,0.179995422293431,0.49871515797697763,0.40894871251277637,0.0,,COUNTER,1085835.159306595,0.0,0.0,OK,0.0,0.0,1295.967040512703,427930.957620956,0.12634593656949147,427930.957620956,0.12634593656949147,0.0,DORMITORY,True,True,1.2634593656949147,0,,7620.317512184999,0.002249886660190444,30.0
20,18,6,28,97,Albedo,2026-08-20,8886173,0.023372498,0.02359455032274127,-0.009411169939833505,IN BAND,False,False,0.009281848,11394.577559808,981465.198514674,1.0,487520.911916929,482307.29515951,-0.0002017478056674679,6699.019533832034,ACCUMULATING_PRE_EMA,0.0,,,,2.1407284663224515,,-0.11450256760130764,0.9926966746451626,0.878194107043855,0.9926966746451626,2.6776293280466312,1.1480317916772889,1,0.0,,0.0,0.0,7.629510948348184e-05,0.011609762197429192,-0.503272512958213,5GnW8owm...,1630326.335847986,,,,False,7735450,0.3999999999999999,28,5E2LP6En...,0.0,0.662460803870956,0.662460803870956,0.0009308145390179145,,COUNTER,70872.776437572,4583.298014649,0.0,DIVERGENT,1.0,0.0,1295.967040512703,7940.331821389,0.008090283622288095,7940.331821389,0.008090283622288095,0.0,DORMITORY,False,True,0.08090283622288093,,,19514.72989071101,0.019883262208628627,30.0
21,19,53,29,32,ItsAI,2026-08-20,8886173,0.00321808,0.0032582669518887997,-0.012333842647700677,IN BAND,False,False,0.000163389,7443.331644156,3521137.790219984,1.0,2312972.533497006,303789.986379608,-0.0011755096356559623,15707.472095048986,ACCUMULATING_PRE_EMA,0.0,,,,0.05768737878784765,,-0.15006175221369156,0.9179422582491664,0.7678805060354749,0.9179422582491664,0.7463496621175438,-0.8602548794613187,1,0.0,,0.0,0.0,0.0033417257953765045,0.0021138995653137947,-0.34311777043647307,5DWgkCSv...,32486.837640162,,,,False,2515294,0.14047094127013293,57,5DUfnP2F...,,5.174668013438759,5.174668013438759,0.0,,COUNTER,17419.272873098,0.0,0.0,DIVERGENT,1.0,0.0,1295.967040512703,634410.218859858,0.1801719377815723,634410.218859858,0.1801719377815723,0.0,DORMITORY,True,True,1.8017193778157232,0,,6516.271243055998,0.0018506152361191443,30.0
22,22,1,11,107,Minos,2026-08-20,8886173,0.067521776,0.06717170961201191,0.005211515234763295,IN BAND,False,False,0.023508481,21726.911853848,1489896.289413788,1.0,321776.565448012,416138.613111354,0.001226016808458981,634.1333559761406,,0.0,,0.018157354280180383,0.018157354280180383,2.8434914489266565,,0.06340676868962009,0.6953187636631584,0.7587255323527784,0.6953187636631584,1.7638811631875455,2.148172685263498,1,0.0,,0.0,0.0,0.0001373311970702673,0.01458283506592035,-0.784027673295792,5DA2vLrS...,1181596.130415659,0.0,,,False,7457580,0.0,31,5DZStHLC...,,0.6085829827220176,0.6085829827220176,0.012116218030885674,,COUNTER,389715.783508211,11728.725039684,0.0,DIVERGENT,1.0,0.0,1295.967040512703,41164.694002343,0.02762923452782045,41164.694002343,0.02762923452782045,0.0,DORMITORY,False,True,0.27629234527820445,,,17009.916687663997,0.011416846131187219,30.0
23,20,8,30,44,Score,2026-08-20,8886173,0.040760145,0.04148317384533584,-0.017429448576706173,IN BAND,False,False,0.005874221,68869.105260434,4057116.486656976,1.0,1689618.7612914,2122339.149783169,-0.0010141890605900883,15711.831994430628,ACCUMULATING_PRE_EMA,0.0,,,,0.22415643022545514,,-0.21205829101659177,0.8940018372771216,0.6819435462605298,0.8940018372771216,0.6477506891022117,-0.6698454070516664,1,0.0,,0.0,0.0,0.0,0.016974889798439446,-0.5835419673202966,5CaCekux...,242956.14788262,,,,False,3550319,1.0,65,5E2LP6En...,0.0,0.2700727035872829,0.2700727035872829,0.21048374790172442,,COUNTER,506413.98877663,2206.282255223,0.0,OK,0.0,0.0,1295.967040512703,245862.449528441,0.06060029341948455,245862.449528441,0.06060029341948455,0.0,DORMITORY,True,True,0.6060029341948454,,,6637.370095280002,0.0016359821358615044,30.0
24,24,37,31,11,TrajectoryRL,2026-08-20,8886173,0.007128857,0.007153667509555817,-0.0034682223520558124,IN BAND,False,False,0.001029721,19148.0838194,3045526.446884005,1.0,2685996.286377068,961811.694910604,-0.004553696919034271,11572.543213174213,ACCUMULATING_PRE_EMA,0.0,,,,0.1413252006583704,,-0.042196705283345716,0.5384880857656129,0.4962913804822672,0.5384880857656129,0.8629050004437846,-0.3971628851072425,1,0.0,,0.0,0.0,0.0,0.006287282068750754,-0.11805187440977503,5D2Jhtbn...,2302392.679868649,,,,False,2918568,1.0,235,5D7ekpEm...,,0.39897522078114306,0.39897522078114306,0.008835782630591036,,COUNTER,1145934.992162841,37146.465498293,0.0,OK,0.0,0.0,1295.967040512703,46180.459268605,0.015163374895612548,46180.459268605,0.015163374895612548,0.0,DORMITORY,True,True,0.15163374895612547,,,6628.860235480998,0.002176589286316407,30.0
25,23,46,32,48,Quantum Compute,2026-08-20,8886173,0.004371512,0.004392467672005296,-0.004770819860292497,IN BAND,False,False,0.000487164,10877.885985552,3149261.789652381,1.0,2488357.804245467,689422.50381193,-0.0027008449742481964,11770.104585960507,ACCUMULATING_PRE_EMA,0.0,,,,0.11769446689370064,,-0.058044974966892045,0.5452089664192946,0.4871639914524026,0.5452089664192946,0.834481277051941,-0.427514499525594,1,0.0,,0.0,0.0,4.57770656900891e-05,0.0034541066167613566,-0.20985997138716386,5GNH5YMk...,220266.547867636,,,,False,3856677,1.0,230,5CFKbodp...,,4.329566825035108,4.329566825035108,0.0,,COUNTER,695492.461656953,0.0,0.0,OK,0.0,0.0,1295.967040512703,101862.559282014,0.03234490051500536,101862.559282014,0.03234490051500536,0.0,DORMITORY,True,True,0.3234490051500536,,,6784.175040096002,0.0021542112066983313,30.0
26,78,78,33,116,Memo,2026-08-20,8886173,0.00789433,0.007620126707479358,0.03598408570444166,IN BAND,False,True,0.0,1649.044353902,579987.665317506,1.0,208889.712853958,106179.241251663,0.0001614247536338362,-6507.372529572691,DISTRIBUTING_PRE_EMA,0.0,,,0.020448189223637246,,,0.4378063760707068,,0.4378063760707068,,4.531130844931571,8.843091291928687,1,0.4100022880612515,,2952.016474041011,2952.016474041011,0.0,0.002843240386843838,-0.6398376573003867,5F48aA3P...,84028.535962634,0.06980678286538787,,,True,8294730,1.0,0,5CXN6pP6...,0.179995422293431,12.822858340570622,10.51480253855077,0.0,,COUNTER,152970.623642646,1764.319155568,0.0,DIVERGENT,-1.0,2.277848418794008,1295.967040512703,30.45052749,5.250202601003642e-05,30.45052749,5.250202601003642e-05,0.0,EXPOSED,False,True,0.0005250202601003643,,,27259.079591257996,0.04699941261049992,30.0
27,25,69,34,22,Desearch,2026-08-20,8886173,0.003298008,0.0033057075925171375,-0.0023291813633385568,IN BAND,False,True,1.0041e-05,7879.822066875,3478950.703442264,1.0,2389267.056558084,264387.230448049,-0.0015173520545156394,11602.995598484296,ACCUMULATING_PRE_EMA,0.0,,,,0.003348774601260117,,-0.02833837325395244,0.4610035485868816,0.43266517533292914,0.4610035485868816,0.7554001835667614,-0.4576547739856215,1,0.2118155984747213,MINER_BURN_ONLY,1531.4726234090049,1529.715882736082,0.0005951018539711583,0.0022649996331015193,-0.31322191058920434,5DFuaMas...,1765439.55036801,,,,False,2009702,0.5177873457921094,131,5E2LP6En...,0.0,0.40485561418642296,0.40485561418642296,0.14706465839551955,,COUNTER,1193300.556181292,0.0,0.0,DIVERGENT,-1.0,1.180366347998252,1295.967040512703,763677.586285475,0.21951377049690604,763677.586285475,0.21951377049690604,0.0,FORTRESS,True,True,2.195137704969061,0,,6522.831664454003,0.001874942251409299,30.0
28,79,79,35,90,KubeTEE,2026-08-20,8886173,0.033486928,0.03252589516341686,0.02954669907637308,IN BAND,False,True,0.0,2245.443989036,182660.930349142,1.0,67054.343467831,32644.507268812,,-1098.3157636298565,,,,,,,,0.3594848387625391,,0.3594848387625391,,14.387313121513094,12.3887248954337,1,0.0,,0.0,0.0,1.5259021896696368e-05,0.012292962620654622,-0.6329026472462741,5C9y6fnL...,635524.478399581,1.0816918669587197,BUYBACK_GAMING,,True,8618670,0.7921384319589831,0,5EKtGWqs...,0.179995422293431,2.2576400355043287,1.8512751639271705,0.5394839241298277,,COUNTER,0.0,50348.703814986,2314.0160940640053,OK,-0.005185789342938567,0.0,1295.967040512703,34009.083027457,0.18618695833012192,34009.083027457,0.18618695833012192,0.0,DORMITORY,False,True,1.861869583301219,0,,39057.816204694995,0.21382687655230406,30.0
29,26,54,36,128,ByteLeap,2026-08-20,8886173,0.002942448,0.002976429183036089,-0.011416761813034903,IN BAND,False,False,0.000115823,4110.216659423,2741452.932140692,1.0,1396869.480957544,90807.957612499,-0.00022424396803000932,10193.804343339987,ACCUMULATING_PRE_EMA,0.0,,,,0.07405518229852386,,-0.13890393539192464,0.4300094922105604,0.29110555681863576,0.4300094922105604,0.9586157650891707,-0.3559543099120365,1,0.0,,0.0,0.0,0.00016784924086366004,0.0014992840516191153,-0.49046370518047716,5GgMeLFN...,788165.811462219,,,,False,5856038,1.0,96,5HQTcjYx...,,5.529452198601837,5.529452198601837,0.0,,COUNTER,186014.794503201,289.843039317,0.0,OK,0.0,0.0,1295.967040512703,3774.580416686,0.0013768539931628806,3774.573941721,0.0013768516312893924,0.006474964999597432,NEITHER,True,True,0.013768516312893926,,,8697.285285333002,0.0031725094322672307,30.0
30,27,40,37,33,ReadyAI,2026-08-20,8886173,0.005311048,0.00532365613617003,-0.002368322793121009,IN BAND,False,False,0.000837693,15437.682986071,2260661.35209378,1.0,2906710.834440608,897868.719672476,-0.0054386194078304825,8431.795609210618,ACCUMULATING_PRE_EMA,0.0,,,,0.14260282491785295,,-0.028814593982972272,0.3126441002097441,0.28382950622677183,0.3126441002097441,1.1624916742023295,-0.17004127529189114,1,0.0,,0.0,0.0,0.005645838101777656,0.006828834832679792,0.28577915934478326,5HinUfk5...,74264.646010448,,,,False,2943950,0.0,52,5G9hfkx9...,0.009994659342336155,0.45315580038176606,0.44862666252794664,0.0317249587987548,,COUNTER,584226.582883127,0.0,0.0,DIVERGENT,1.0,0.0,1295.967040512703,138809.800536348,0.06140229734444086,138808.045342108,0.06140152093702435,1.755194239987759,DORMITORY,True,True,0.6140152093702435,,,7308.364805839997,0.003232843698182009,30.0
31,30,9,38,53,engy,2026-08-20,8886173,0.03268761,0.03250080836005509,0.005747599809686496,IN BAND,False,False,0.004691704,35811.355051439,4678545.391136065,1.0,1095563.582549659,1310305.694604256,-0.0011223092088040443,6037.892182404408,ACCUMULATING_PRE_EMA,0.0,,,,0.34429856380161056,,0.06992913101785236,0.1717449017296226,0.24167403274747495,0.1717449017296226,0.5617130497395596,0.17255366207198797,1,0.017373936211970458,MINER_BURN_ONLY,145.9749606709811,143.047059549443,0.0009918364232852639,0.007654378029394972,-0.7658324353051517,5H8SFVCx...,1459041.784221143,,,,False,4203869,0.6657400336031771,75,5CqRrbkC...,,4.958617930044891,4.958617930044891,0.0,,COUNTER,521849.737433356,0.0,0.0,DIVERGENT,-1.0,0.11037862467000051,1295.967040512703,97703.607661086,0.020883330072247346,83570.628359463,0.017862523791645848,14132.97930162301,DORMITORY,True,True,0.1786252379164585,,,6596.048253972998,0.001409850221068672,30.0
32,28,67,39,13,Data Universe,2026-08-20,8886173,0.006161035,0.006178585346788168,-0.0028405121566041974,IN BAND,False,True,1.3625e-05,20969.725584751,2458345.221836195,1.0,3403604.005112129,967848.051155701,-0.0029832593986156373,8406.625216581393,ACCUMULATING_PRE_EMA,0.0,,,,0.0017075330745404782,,-0.03455956457201773,0.23374210542294613,0.1991825408509284,0.23374210542294613,1.0690117794103329,-0.23203457234840566,1,0.294419241300943,MINER_BURN_ONLY,2131.5337691690074,2124.506806477316,0.0023804074158846333,0.008530016613813184,0.3845103320810845,5HBswBt1...,11891.882658751,,,,False,1907637,0.7229232628213953,77,5D4aUZhf...,0.0,0.3950587825584614,0.3950587825584614,0.04303372501144514,,COUNTER,609697.325130156,0.0,0.0,DIVERGENT,-0.8249739547533224,1.6393216340107157,1295.967040512703,93697.039216446,0.03811386553205962,93697.039216446,0.03811386553205962,0.0,FORTRESS,True,True,0.38113865532059615,,,6556.614578469,0.0026670845576243817,30.0
33,80,80,40,71,Leadpoet,2026-08-20,8886173,0.006319706,0.006236185086891055,0.01339294968722335,IN BAND,False,True,0.0,6329.213743061,4529907.501505779,1.0,1001504.43120476,1359430.611170866,-0.0022417272015353455,-23841.778732923092,,0.0,,,,,,0.1629475545278841,,0.1629475545278841,,0.5801442963518418,2.5194484621715727,1,0.41000228798416277,SKIN_IN_GAME,2952.016473485972,2952.016473485972,0.0,0.0013972059564035504,-0.7789128234124261,5DwHzMhB...,2380629.472395176,0.5618127043187868,BUYBACK_GAMING,,False,5048438,1.0,0,5FNVgRnr...,0.0,0.7038930274375089,0.7038930274375089,0.5552249282793139,,COUNTER,899611.677080938,0.0,0.0,DIVERGENT,-1.0,2.277848418365726,1295.967040512703,63565.086413894,0.01403231443307936,63565.086413894,0.01403231443307936,0.0,FORTRESS,True,True,0.1403231443307936,,,6800.009395195999,0.001501136478600417,30.0
34,81,81,41,25,UR,2026-08-20,8886173,0.012427972,0.012290590442717075,0.011177783355748566,IN BAND,False,True,0.0,18023.076370566,4325561.494406406,1.0,1450202.44949295,645293.694556641,-0.00189072698649151,-32961.37090101582,,0.0,,,,,,0.13599636416160754,,0.13599636416160754,,0.6075511822912227,3.4216801258939507,1,0.4100022879341688,MINER_BURN_ONLY,2952.0164731260156,2952.0164731260156,0.0,0.004166644352154632,-0.6647365835588759,5F6aRdsB...,38748.893390693,0.013481393477465761,,,False,2998801,1.0,204,5E2LP6En...,0.0,0.25279813247718913,0.25279813247718913,0.6101971676230009,,COUNTER,895864.78816992,0.0,0.0,DIVERGENT,-1.0,2.2778484180879754,1295.967040512703,323519.372769362,0.07479245716139296,323519.372769362,0.07479245716139296,0.0,FORTRESS,True,True,0.7479245716139294,,,6556.204339653003,0.0015156886217271793,30.0
35,82,82,42,100,BASE,2026-08-20,8886173,0.005549774,0.005488848779350519,0.011099817666445223,IN BAND,False,True,0.0,2962.091841165,1821084.341506694,1.0,533731.984229669,344299.991795212,-0.001453934361040321,-53.92057529767044,,0.0,,,,,,0.13504778160841688,,0.13504778160841688,,1.443096258697,1.691855760161495,1,0.04100022879390357,SKIN_IN_GAME,295.20164731610566,295.20164731610566,0.0,0.001626553901789239,-0.7069152902822279,5FX6kmhY...,1461358.485956474,0.6232106809859435,BUYBACK_GAMING,,False,6693448,1.0,0,5HdSGJgs...,0.179995422293431,1.254342195486588,1.0285663423095102,0.7012344925457402,,COUNTER,665094.912643286,1077.059572996,0.0,DIVERGENT,-1.0,0.22778484181150138,1295.967040512703,309689.90087719,0.1700579670137434,309689.90087719,0.1700579670137434,0.0,DORMITORY,False,True,1.7005796701374367,0,,13489.516681987005,0.007407409077399625,30.0
36,83,83,43,10,Pareton,2026-08-20,8886173,0.006777037,0.006721078651025891,0.008325798860509834,IN BAND,False,True,0.0,16965.810637008,3253653.003227499,1.0,2503425.899853527,925424.32836954,0.0019830543029549486,35346.51109772967,,0.0,,,0.29261376364847186,,,0.1012972194695363,,0.1012972194695363,,0.8077075205601596,-3.1293075437243036,1,0.41000228793834037,MINER_BURN_ONLY,2952.016473156051,2952.016473156051,0.0,0.0052143884489767554,-0.23057990549900262,5HK5714c...,9100.308560385,,,,False,2869647,1.0,50,5GP7c3fF...,0.0009918364232852674,0.32338249280358067,0.3230617502685653,0.05916464466114239,,COUNTER,742128.099676213,0.0,0.0,DIVERGENT,-1.0,2.277848418111151,1295.967040512703,21225.451992692,0.0065235757997663445,21225.451992692,0.0065235757997663445,0.0,FORTRESS,True,True,0.06523575799766365,,,6617.664269981998,0.0020339182646144285,30.0
37,31,72,44,74,Gittensor,2026-08-20,8886173,0.003592537,0.0036021098494529724,-0.002657567329443426,IN BAND,False,True,4.895e-06,6286.306222035,3329031.463340751,1.0,1749823.397485784,341381.862129282,-0.0012658894502273344,6268.123298751656,ACCUMULATING_PRE_EMA,0.0,,,,0.0020463622906100893,,-0.032333735841561684,0.1323643911703478,0.1000306553287861,0.1323643911703478,0.7894187931052921,-0.1303180288797377,1,0.0,,0.0,0.0,0.00012207217517357094,0.001888328870201354,-0.4743745519666592,5D1VXeeS...,216.587394526,,,,False,5086205,0.6864193385932517,143,5DLbekVB...,,19.642111355381385,19.642111355381385,0.0,,COUNTER,531791.422968235,105395.019742437,2143.8462694329937,OK,-0.006028053199850002,0.0,1295.967040512703,378229.609193408,0.11361551050462193,378229.609193408,0.11361551050462193,0.0,DORMITORY,True,True,1.136155105046219,0,,7312.910069991,0.002196708006674213,30.0
38,32,34,45,79,MVTRX,2026-08-20,8886173,0.0066996,0.006724592065438628,-0.003716517700319124,IN BAND,False,False,0.001096027,10113.519889462,3437693.54841359,1.0,1509570.711592347,468457.077996453,-0.0051205686723918425,5803.191077011405,ACCUMULATING_PRE_EMA,0.0,,,,0.28480281716766603,,-0.045217632020549334,0.12537440300839717,0.08015677098784783,0.12537440300839717,0.7644660476535952,0.15942841415926887,1,0.0,,0.0,0.0,0.002029449912260617,0.00294194923050344,-0.5608768836194041,5Fxp7QBG...,3794138.739530033,,,,False,5173967,0.0,0,5EWwdZB7...,0.179995422293431,0.28398698432639935,0.23287062715673112,1.0,,COUNTER,444229.939659842,37317.847662374,0.0,DIVERGENT,1.0,0.0,1295.967040512703,1355085.827207694,0.3941845915360991,1355085.827207694,0.3941845915360991,0.0,DORMITORY,True,True,3.941845915360991,0,,7484.566460704001,0.0021772058373725435,30.0
39,34,24,46,124,Swarm,2026-08-20,8886173,0.011905893,0.011909117456525564,-0.0002707552878989062,IN BAND,False,False,0.002092807,12994.901903705,3445831.779723224,1.0,1091468.031399565,275694.306843723,-7.80977163950547e-05,5056.439881660044,ACCUMULATING_PRE_EMA,0.0,,,,0.42323496066037364,,-0.003294189336103358,0.07803956120263456,0.0747453718665312,0.07803956120263456,0.7626605615121136,0.3451953994577391,1,0.0,,0.0,0.0,0.0002288853284504455,0.0037711945139552853,-0.6832497559019484,5HKYqfJr...,2216382.920738115,,,,False,5813454,0.018559218559218604,50,5HT2oKqf...,,14.744872079554709,14.744872079554709,0.0,,COUNTER,897004.632666029,6243.286010635,0.0,DIVERGENT,1.0,0.0,1295.967040512703,1000000.110795789,0.2902057252708114,1000000.110795789,0.2902057252708114,0.0,DORMITORY,True,True,2.902057252708114,0,,8044.349428647002,0.002334516001617798,30.0
40,84,84,47,125,8 Ball,2026-08-20,8886173,0.003246864,0.003231822745874524,0.004654108627917855,IN BAND,False,True,0.0,5903.895932907,2379028.891697217,1.0,1818337.586809951,234446.824168241,-0.00024021262101779379,-2165.5372196740936,,0.0,,,,,,0.056624988306333904,,0.056624988306333904,,1.1046524105578077,1.4444437875345664,1,0.4100022881297304,MINER_BURN_ONLY,2952.016474534059,2952.016474534059,0.0,0.0024816411240365884,-0.23568060625989,5DTzv2rL...,63318.988722902,0.0,,,False,5834408,1.0,0,5CFFokuo...,0.179995422293431,17.01679124976109,13.953846722681181,0.0,,COUNTER,1234334.331460262,0.0,0.0,DIVERGENT,-1.0,2.277848419174456,1295.967040512703,45923.662897553,0.019303533075124075,45923.662897553,0.019303533075124075,0.0,FORTRESS,True,True,0.19303533075124077,,,8633.561356281,0.003629027535736127,30.0
41,85,85,48,95,Actual,2026-08-20,8886173,0.048591921,0.048427419969812036,0.0033968571997127213,IN BAND,False,True,0.0,29285.613825014,2824667.798634255,1.0,602684.832018225,554542.347673058,-0.0011390409750780188,-1674.9686489185551,,0.0,,,,,,0.04132842926317144,,0.04132842926317144,,0.930374892676107,1.1519865110521101,1,0.4100022879361091,,2952.0164731399855,2952.0164731399855,0.0,0.01036780815045712,-0.7866351455737443,5D5UhUuc...,435766.036735248,0.16554531373164277,,,False,5403674,1.0,0,5ExqqyEB...,0.179995422293431,2.4726250370111624,2.027563849301028,0.0,,COUNTER,998992.057990513,14658.86980412,0.0,DIVERGENT,-1.0,2.277848418098755,1295.967040512703,9024.997700073,0.003195065169941982,9024.997700073,0.003195065169941982,0.0,EXPOSED,True,True,0.03195065169941982,,UNDEFENDED_BURNER,10139.531955967006,0.003589636969299376,30.0
42,86,86,49,30,Endure Network,2026-08-20,8886173,0.003653482,0.0036418705713003874,0.0031883144862741705,IN BAND,False,True,0.0,8814.162023766,3332429.76150929,1.0,2412537.312741646,402019.042054929,-0.0016359655505931488,-2045.7494897167198,,0.0,,,,,,0.03879115958300241,,0.03879115958300241,,0.7886137707549921,1.0165980277687252,1,0.4100022879366588,MINER_BURN_ONLY,2952.0164731439436,2952.0164731439436,0.0,0.00264496558204245,-0.27604253092188497,5HTogQKF...,1036.794940897,0.0,,,False,3250216,1.0,116,5E2LP6En...,0.0,0.3290067120052898,0.3290067120052898,0.7028796410749438,,COUNTER,733407.428831136,18187.150616168,0.0,DIVERGENT,-1.0,2.277848418101809,1295.967040512703,4962.596266974,0.0014891825551114968,4962.596266974,0.0014891825551114968,0.0,EXPOSED,True,True,0.014891825551114967,,UNDEFENDED_BURNER,6604.496876383,0.0019818862958995297,30.0
43,33,57,50,98,NeverPlayAlone,2026-08-20,8886173,0.002894821,0.0029075483325868845,-0.004377341708903153,IN BAND,False,False,0.000105881,5273.269693088,2825027.050250183,1.0,1821621.946854254,205665.236847363,-0.001032365332540136,7550.402228525141,ACCUMULATING_PRE_EMA,0.0,,,,0.05276712252451763,,-0.05325765745832169,0.07812015604710633,0.024862498588784636,0.07812015604710633,0.9302565792307248,-0.0253530335225887,1,0.0,,0.0,0.0,0.0,0.0018666262656214221,-0.35518421842959474,5EWzZCNs...,1314748.758039577,,,,False,5445992,1.0,153,5E2LP6En...,0.0,0.4606866823732258,0.4606866823732258,0.3172849491080557,,COUNTER,1255490.393926426,0.0,0.0,DIVERGENT,1.0,0.0,1295.967040512703,554405.924531804,0.19624800565456751,554405.924531804,0.19624800565456751,0.0,DORMITORY,True,True,1.9624800565456766,0,,7970.156135777002,0.002821267192847293,30.0
44,87,87,51,109,Finsight,2026-08-20,8886173,0.002563049,0.002558210166171193,0.0018914919082074495,IN BAND,False,True,0.0,1324.136817577,1418625.263318516,1.0,516625.526102615,62860.207644068,-0.000708007104294364,2455.587315405195,ACCUMULATING_PRE_EMA,0.0,,,,,,0.0230131515498573,,0.0230131515498573,,1.852497673594545,1.2278915047547319,1,0.4100022880109706,MINER_BURN_ONLY,2952.0164736789884,2952.0164736789884,0.0,0.0009333943584787965,-0.6358265649705501,5FqZqKFx...,525462.657576764,,,,False,7257480,1.0,0,5DyQkk4x...,0.179995422293431,2.6970476457761676,2.2115914158291825,0.3153003296300818,,COUNTER,650093.162129927,1308.746301495,0.0,DIVERGENT,-1.0,2.2778484185146626,1295.967040512703,169698.484974452,0.11962178410490533,169698.484974452,0.11962178410490533,0.0,FORTRESS,False,True,1.1962178410490591,0,,16084.843760877002,0.011338331677000144,30.0
45,88,88,52,47,wait (reproduce paper),2026-08-20,8886173,0.002839119,0.0028372586239129305,0.0006556949272759682,IN BAND,False,True,0.0,1267.689588072,1353818.796942475,1.0,446507.989307843,40138.682662071,1.9567391779975152e-05,-260.08191590430215,DISTRIBUTING_PRE_EMA,0.0,,,0.0068920646792103996,,,0.007977621615190946,,0.007977621615190946,,1.9411755885907278,2.0257298094850626,1,0.41000228793722476,MINER_BURN_ONLY,2952.016473148018,2952.016473148018,0.0,0.0009363805488112641,-0.67018622720243,5GBmFsPk...,20780.99515464,,,,False,7340355,1.0,111,5GbvpAAx...,,0.692163334909116,0.692163334909116,0.014787120402868914,,COUNTER,611826.514491724,52.790049364,0.0,DIVERGENT,-1.0,2.277848418104953,1295.967040512703,105829.846498362,0.07817135257493313,1082.01056104,0.0007992284960761818,104747.835937322,EXPOSED,False,False,0.7329808731512784,,,16876.003631926997,0.012465481842947164,30.0
46,89,89,53,57,SN57,2026-08-20,8886173,0.005241089,0.005237655946984887,0.0006554559997567503,IN BAND,False,True,0.0,1846.983740291,882135.318657887,1.0,352404.523433515,31192.045318126,-0.00013780237056893412,134.45549124787794,ACCUMULATING_PRE_EMA,0.0,,,,,,0.007974714663707128,,0.007974714663707128,,2.9791347703868554,2.95000475276222,1,0.41000228806013994,MINER_BURN_ONLY,2952.0164740330074,2952.0164740330074,0.0,0.0020937646427093165,-0.600509618762567,5HdpnCSY...,844453.237643085,,,,True,8057320,1.0,0,5Ejcqsbx...,0.179995422293431,2.0904897447143513,1.7142111603144048,0.6383904046877861,,COUNTER,340769.649503346,6427.093693354,0.0,DIVERGENT,-1.0,2.2778484187878325,1295.967040512703,1254.306998862,0.00142189862749215,1254.306998862,0.00142189862749215,0.0,EXPOSED,False,True,0.0142189862749215,,,21747.307369492,0.024653028746858416,30.0
47,90,90,54,37,Aurelius,2026-08-20,8886173,0.003733533,0.003731445875018835,0.0005593341163374677,IN BAND,False,True,0.0,8426.451125858,3592273.35266488,1.0,2256964.372602844,350480.768191952,-0.0011818962588911177,-11514.854118044488,,0.0,,,,,,0.006805231748772524,,0.006805231748772524,,0.7315701624016038,1.912699476410882,1,0.4100022879387446,,2952.016473158961,2952.016473158961,0.0,0.0023457154560932703,-0.37171696189821535,5GRBbS3a...,4759.68445039,0.07107542750234597,,,False,3212175,1.0,47,5GQsPAfP...,,0.5851805099403726,0.5851805099403726,0.012635241336161512,,COUNTER,1232454.774397096,0.0,0.0,DIVERGENT,-1.0,2.277848418113397,1295.967040512703,45507.151093348,0.01266806465593414,45507.151093348,0.01266806465593414,0.0,FORTRESS,True,True,0.1266806465593414,,,6583.258003616999,0.0018326161061026432,30.0
48,91,91,55,83,CliqueAI,2026-08-20,8886173,0.010610825,0.010605246294289827,0.0005260326403901814,IN BAND,False,True,0.0,8943.677260738,2711188.411055112,1.0,842882.3596709,151381.42037471,0.000950791968390149,-924.1699086861918,DISTRIBUTING_PRE_EMA,0.0,,,0.08960584764993758,,,0.006400063791413873,,0.006400063791413873,,0.9693166248734674,1.0571069754768712,1,0.0,,0.0,0.0,0.001998931868467224,0.003298803293887419,-0.6891096315425597,5DqEjRLy...,908994.936032347,0.6958339319941081,BUYBACK_GAMING,,False,5231190,0.36805088373799766,135,5D5aRF1Q...,,10.031006674089458,10.031006674089458,0.0,,COUNTER,345172.824104195,26063.92679357,0.0,DIVERGENT,1.0,0.0,1295.967040512703,8057.340853611,0.002971885251779801,8057.340853611,0.002971885251779801,0.0,NEITHER,True,True,0.02971885251779801,,,9783.591777351,0.0036085989957236222,30.0
49,36,71,56,41,Almanac,2026-08-20,8886173,0.004976508,0.004978748504072428,-0.0004500135065257776,IN BAND,False,True,5.715e-06,12439.476289957,3034634.325952027,1.0,2499639.534998583,1581172.69528895,-0.002647854639532984,7217.1073832851835,ACCUMULATING_PRE_EMA,0.0,,,,0.0012073675490764505,,-0.0054751643293969605,0.003644088020186625,-0.0018310763092103353,0.003644088020186625,0.8660021991860725,-0.0024367204711101746,1,0.3165303351624995,MINER_BURN_ONLY,2283.2575386840617,2281.635931909056,0.0005493247882810692,0.004099168121699303,-0.17629628613089687,5FCSevLk...,18370.208409574,,,,False,3394182,0.7223469060596345,239,5HisenFt...,,0.3640216568494983,0.3640216568494983,0.007095770005493499,,COUNTER,990019.338448039,0.0,0.0,DIVERGENT,-0.9950236177599588,1.7605663265991767,1295.967040512703,258549.369288686,0.08519951385166441,258549.369288686,0.08519951385166441,0.0,FORTRESS,True,True,0.8519951385166441,,,6865.414526062999,0.0022623531498837768,30.0
50,92,92,57,45,AlphaRidge.ai,2026-08-20,8886173,0.002648753,0.0026491875760257244,-0.00016404124406191404,IN BAND,False,True,0.0,6521.060790856,3088323.38867408,1.0,2461935.826984409,734787.584570734,-0.0007759101295867152,6648.722814823035,ACCUMULATING_PRE_EMA,0.0,,,,,,-0.0019958351360866208,,-0.0019958351360866208,,0.8509471545751198,-0.028557844950380218,1,0.17891318418379745,MINER_BURN_ONLY,1294.7063978560036,1288.1749261233417,0.0022125581750209733,0.002111521356465104,-0.20282436434612663,5FbcZiAH...,722.836709609,,,,False,3633154,0.42232757302339796,55,5E2LP6En...,0.0,0.3625928423491915,0.3625928423491915,0.1907370669922173,,COUNTER,1030603.99847043,0.0,0.0,DIVERGENT,-0.3878117142242069,0.9939874131472675,1295.967040512703,111021.877607776,0.03594891584700312,111019.200205241,0.03594804890329353,2.6774025350023294,FORTRESS,True,True,0.3594804890329352,,,6826.7561296290005,0.002210505594933811,30.0
51,93,93,58,104,Masx.ai,2026-08-20,8886173,0.004353341,0.00435411580838263,-0.0001779485013096153,IN BAND,False,True,0.0,6058.219438296,3095767.102411801,1.0,1391625.046078299,74513.842625148,-0.0017383027949343672,344.1529800805729,ACCUMULATING_PRE_EMA,0.0,,,,,,-0.002165040099266986,,-0.002165040099266986,,0.8489010681561348,0.47879015827122284,1,0.0,,0.0,0.0,0.00019836728465705278,0.001956936435423795,-0.550474811087899,5HBb3F1b...,41159.72709992,,,,False,5528520,0.9558774152193157,51,5CrZmCAt...,,1.2028257980490613,1.2028257980490613,0.0,,COUNTER,340321.172598343,116089.788191035,2812.278304681997,OK,-0.004267003013146135,0.0,1295.967040512703,3017.92106809,0.0009748540404537686,3017.92106809,0.0009748540404537686,0.0,NEITHER,True,True,0.009748540404537686,,,8185.138578278999,0.002643977504606936,30.0
52,94,94,59,12,Compute Horde,2026-08-20,8886173,0.00492749,0.004928421927616,-0.00018909249850921833,IN BAND,False,True,0.0,12853.752586387,3415238.950228325,1.0,2608579.617236314,424145.476123391,-0.0016389071287063602,1090.0920358346775,ACCUMULATING_PRE_EMA,0.0,,,,,,-0.002300625398528823,,-0.002300625398528823,,0.7694922780803685,0.6554955989930682,1,0.40743973123610666,MINER_BURN_ONLY,2933.791288063163,2933.566064899968,7.629510948348184e-05,0.0037636466360655863,-0.23619395755940922,5ELzhHvg...,1724741.394171274,,,,False,2256433,0.0,212,5Chngqcs...,0.179995422293431,0.41423911343740205,0.3396779692837804,0.00206009369611329,,COUNTER,1545167.127294809,0.0,0.0,DIVERGENT,-1.0,2.263611629921859,1295.967040512703,3870.537061652,0.0011333136913870216,3870.537061652,0.0011333136913870216,0.0,EXPOSED,True,True,0.011333136913870218,,UNDEFENDED_BURNER,6360.351556908995,0.0018623445239413703,30.0
53,95,95,60,52,Dojo,2026-08-20,8886173,0.006587022,0.006588521413505077,-0.00022757966635794975,IN BAND,False,True,0.0,18284.399047477,2990406.522511756,1.0,2775821.734749659,765260.172839937,-0.001055169699966047,1026.9001081148162,ACCUMULATING_PRE_EMA,0.0,,,,,,-0.0027688859406883883,,-0.0027688859406883883,,0.8788102822196371,0.7564668875859928,1,0.4100022879355755,MINER_BURN_ONLY,2952.0164731361438,2952.0164731361438,0.0,0.006114352316259409,-0.07175772052083482,5Fv1ZvNP...,70450.475170386,,,,False,3989825,1.0,158,5EgfUiH6...,0.179995422293431,15.294233432430042,12.541341427105486,0.0,,COUNTER,1100335.390203257,0.0,0.0,DIVERGENT,-1.0,2.2778484180957905,1295.967040512703,167638.354572778,0.056058717539169946,167638.354572778,0.056058717539169946,0.0,FORTRESS,True,True,0.5605871753916994,,,6613.290972189999,0.002211502323314639,30.0
54,96,96,61,14,Cacheon,2026-08-20,8886173,0.009757402,0.009762168861925602,-0.00048829947453517,IN BAND,False,True,0.0,25610.704267517,3068112.039404355,1.0,2624746.102365029,2653478.471852172,-0.012349965626037119,1254.3367241295055,ACCUMULATING_PRE_EMA,0.0,,,,,,-0.005940976940177901,,-0.005940976940177901,,0.8565528136678481,0.7100916074080561,1,0.41000228793515514,MINER_BURN_ONLY,2952.016473133117,2952.016473133117,0.0,0.008347382344123612,-0.1445076933261936,5CKhH8nK...,1580867.568062989,,,,False,4848444,1.0,29,5FxbrVDh...,0.179995422293431,1.103371184270509,0.9047694220113356,0.6188732222425686,,COUNTER,1203441.120133164,526.080568229,0.0,DIVERGENT,-1.0,2.2778484180934546,1295.967040512703,53435.911493239,0.017416545030608816,53435.911493239,0.017416545030608816,0.0,FORTRESS,True,True,0.17416545030608863,,,6728.021343585004,0.0021928864582439387,30.0
55,97,97,62,43,Graphite,2026-08-20,8886173,0.005198688,0.005206374451518059,-0.0014763539560274357,IN BAND,False,True,0.0,14089.127680833,3106013.198180092,1.0,2710131.08916557,156645.003550815,-0.0008349041341164327,5440.777131236624,ACCUMULATING_PRE_EMA,0.0,,,,,,-0.017962306465000466,,-0.017962306465000466,,0.8461007189344287,0.2082916150701225,1,0.330305040899101,MINER_BURN_ONLY,2378.5116069020005,2378.1962944735274,0.00010681315327687457,0.004536081073025784,-0.12745656730586943,5HjMs5JD...,3009216.639179,,,,False,3408582,0.18604260774020265,108,5ERVu5z1...,,18.70550872852678,18.70550872852678,0.0,,COUNTER,876534.4787642,0.0,0.0,DIVERGENT,-1.0,1.8350746740693953,1295.967040512703,3451.069241962,0.0011110929097094908,3451.069241962,0.0011110929097094908,0.0,EXPOSED,True,True,0.011110929097094909,,UNDEFENDED_BURNER,6610.762129221001,0.002128375414854788,30.0
56,98,98,63,87,Provenonce,2026-08-20,8886173,0.004507497,0.00451645371504128,-0.0019831300410432444,IN BAND,False,True,0.0,1757.336332306,1609805.24053886,1.0,389869.602601212,94589.94508957,-0.0004810604927689679,3137.418993028463,ACCUMULATING_PRE_EMA,0.0,,,,,,-0.02412808216602614,,-0.02412808216602614,,1.6324956173706537,0.9261975448595692,1,0.41000228793986027,MINER_BURN_ONLY,2952.016473166994,2952.016473166994,0.0,0.001091645304693974,-0.7578156336667614,5HartH15...,4232.121923766,,,,False,7208725,1.0,2,5G9hfkx9...,0.009994659342336155,0.751655763798994,0.7441432204971196,0.24069524347255497,,COUNTER,670576.231737882,811.040088965,0.0,DIVERGENT,-1.0,2.277848418119595,1295.967040512703,165665.541607115,0.10291030084587174,165665.541607115,0.10291030084587174,0.0,FORTRESS,False,True,1.029103008458718,0,,15793.037026209005,0.009810526533583967,30.0
57,29,12,64,3,Teutonic,2026-08-20,8886173,0.027316291,0.027834317414090037,-0.01861106943573932,IN BAND,False,False,0.003887438,77132.631638653,3008197.970841651,1.0,2823686.11439423,3340392.544873291,-0.03954664999786193,8786.37790651992,ACCUMULATING_PRE_EMA,0.0,,,,0.13244961110441908,,-0.2264346781348284,0.20136743081604933,-0.025067247318779073,0.20136743081604933,0.8736127161420574,-0.06891781971163025,1,0.0,,0.0,0.0,7.629510948348184e-05,0.025640809676190424,-0.06133634042079783,5GsGUrd2...,3055645.583142827,,,,False,4165565,0.0,217,5FeKsRjZ...,0.09999237048905166,11.301588857643123,10.171516197474734,0.13164359940793188,,COUNTER,578475.334942498,0.0,0.0,OK,1.0,0.0,1295.967040512703,387947.038555963,0.12896326715073908,387806.034640727,0.12891639393408152,141.00391523604048,DORMITORY,True,True,1.289163939340818,0,,6548.201562413,0.002176785446265329,30.0
58,99,99,65,127,Astrid,2026-08-20,8886173,0.002965628,0.002972153015434742,-0.002195383414264574,IN BAND,False,True,0.0,3424.685711768,2849749.411859135,1.0,1154792.637967393,593771.695869142,-0.0011311304522673383,-57.810354583431035,,0.0,,,,,,-0.02671049820688565,,-0.02671049820688565,,0.9221863470042901,0.933513996010447,1,0.41000228793609295,MINER_BURN_ONLY,2952.016473139869,2952.016473139869,0.0,0.0012017497740384776,-0.5947739318490122,5FU4uxAd...,1302602.563568639,,,,False,5848837,1.0,0,5EKrpcqV...,0.179995422293431,1.256146145248684,1.0300455893723814,0.5186411708150839,,COUNTER,1173995.376718367,203.185912805,0.0,DIVERGENT,-1.0,2.2778484180986647,1295.967040512703,5535.674552263,0.0019425127448843321,5535.674552263,0.0019425127448843321,0.0,EXPOSED,True,True,0.019425127448843324,,UNDEFENDED_BURNER,8951.948270125995,0.0031413106825718667,30.0
59,100,100,66,20,ChronoSeek,2026-08-20,8886173,0.002751351,0.0027577539440244436,-0.002321796706452975,IN BAND,False,True,0.0,7019.187350833,3169945.493665715,1.0,2551178.408550818,280350.482350426,-0.0009316292818717833,6947.837560070679,ACCUMULATING_PRE_EMA,0.0,,,,,,-0.028248526595177865,,-0.028248526595177865,,0.829036336823883,0.029643471214432213,1,0.32800183034637787,MINER_BURN_ONLY,2361.6131784939207,2361.6131784939207,0.0,0.0022142927583010375,-0.1951980106133178,5CFVA7aP...,1163710.527878906,,,,False,1970929,1.0,240,5ED4s3B3...,0.179995422293431,1.3489878542323834,1.1061762157411161,0.45698022219509216,,COUNTER,1325989.53527323,0.0,0.0,DIVERGENT,-1.0,1.8222787344650624,1295.967040512703,695057.805150087,0.21926490740581292,689016.000207241,0.21735894247521118,6041.804942845949,FORTRESS,True,True,2.1735894247521115,0,,6686.224605876997,0.0021092553860114064,30.0
60,101,101,67,113,TensorUSD,2026-08-20,8886173,0.002646978,0.002653196221217513,-0.0023436718203449407,IN BAND,False,True,0.0,1871.261577484,1473489.489100929,1.0,706942.565825064,64901.472855852,-0.0004889739469761811,8286.66007521702,ACCUMULATING_PRE_EMA,0.0,,,,,,-0.028514673814196777,,-0.028514673814196777,,1.783521375237982,-0.26605948556910197,1,0.4091814700745777,MINER_BURN_ONLY,2946.1065845369594,2946.1065845369594,0.0,0.001269952443723082,-0.5202255388132875,5GndoVhM...,527073.855170271,,,,False,7119664,1.0,0,5FRumLA6...,0.179995422293431,2.6229635987899367,2.1508421581654447,0.3131811105345096,,COUNTER,705653.481318634,0.0,0.0,DIVERGENT,-1.0,2.273288202893985,1295.967040512703,76660.185483642,0.052026285935990846,76660.185483642,0.052026285935990846,0.0,FORTRESS,False,True,0.5202628593599108,,,14660.542608751002,0.00994953999820952,30.0
61,102,102,68,73,Parked,2026-08-20,8886173,0.003198919,0.003207063302397728,-0.002539489130644477,IN BAND,False,True,0.0,6951.77239489,3312515.794775144,1.0,2173162.943232612,574486.548892364,-0.0012004820451322843,7817.585014406592,ACCUMULATING_PRE_EMA,0.0,,,,,,-0.030897117756174465,,-0.030897117756174465,,0.7933547076651419,-0.06672169018104322,1,0.4100022879354138,MINER_BURN_ONLY,2952.0164731349796,2952.0164731349796,0.0,0.0020986382633571385,-0.34395392213521553,5Fvs6HPW...,1398784.254958552,,,,False,5160047,1.0,0,5Dnkprjf...,0.179995422293431,1.1550235193802445,0.9471245732505524,0.4994811378342083,,COUNTER,1492127.398361302,0.0,0.0,DIVERGENT,-1.0,2.277848418094892,1295.967040512703,971197.74930686,0.2931903753753378,903146.579271122,0.27264672388752437,68051.17003573803,FORTRESS,True,True,2.726467238875244,0,,6883.333898049003,0.002077977683579996,30.0
62,103,103,69,69,Herald,2026-08-20,8886173,0.009752016,0.00977941183373332,-0.002801378467242778,IN BAND,False,True,0.0,4648.246297974,1180856.278438239,1.0,476644.617299782,72445.02496936,0.0011393261345515797,877.7154824520694,,0.0,,,0.11682980570905335,,,-0.034083438018120464,,-0.034083438018120464,,2.2255036857454873,1.9684733143334523,1,0.4100022880413841,MINER_BURN_ONLY,2952.0164738979656,2952.0164738979656,0.0,0.0039363353380494496,-0.5963567596639044,5HBPFVcJ...,519203.877214563,,,,True,8138182,1.0,0,5FWB5CFZ...,0.179995422293431,2.075265729857454,1.7017273984406762,0.0,,COUNTER,304852.22826714,4110.268380516,0.0,DIVERGENT,-1.0,2.277848418683631,1295.967040512703,485.813350565,0.0004114076873161233,485.813350565,0.0004114076873161233,0.0,EXPOSED,False,True,0.004114076873161232,,,18288.987633262997,0.015487903115061048,30.0
63,104,104,70,42,Unknown,2026-08-20,8886173,0.002461673,0.0024697466287761927,-0.003269010951213706,IN BAND,False,True,0.0,7336.070623207,2501705.689673163,1.0,2980115.604143302,364189.797041761,-0.0007519273179352004,12321.134998395108,ACCUMULATING_PRE_EMA,0.0,,,,,,-0.03977296657310009,,-0.03977296657310009,,1.0504832806065756,-0.7440349336666535,1,0.4100022879381949,MINER_BURN_ONLY,2952.016473155003,2952.016473155003,0.0,0.002932427524744298,0.19123357356736567,5EC5HHfL...,73536.870192185,,,,False,3613591,1.0,11,5Gbdb5s2...,0.179995422293431,14.652323520287757,12.01497236067359,0.0,,COUNTER,453815.886529102,0.0,0.0,DIVERGENT,-1.0,2.2778484181103424,1295.967040512703,5444.016612431,0.002176121929491329,5444.016612431,0.002176121929491329,0.0,EXPOSED,True,True,0.02176121929491329,,UNDEFENDED_BURNER,6910.497925645,0.0027623145097246935,30.0
64,105,105,71,92,MicroTensor,2026-08-20,8886173,0.003873364,0.0038873478770256042,-0.003597279550988933,IN BAND,False,True,0.0,977.820266792,458316.106075124,1.0,252447.280790588,63561.334390847,-2.6195570558567144e-05,6232.536066743109,ACCUMULATING_PRE_EMA,0.0,,,,,,-0.04376690120369868,,-0.04376690120369868,,5.734033705481946,0.7399000780182614,1,0.38950217353874905,MINER_BURN_ONLY,2804.415649478993,2804.415649478993,0.0,0.0021335062281920385,-0.44918519710720745,5E9LPDS2...,710144.73766272,,,,True,8352006,1.0,0,5FeHbWK1...,0.179995422293431,2.388898724470909,1.9589078897435288,0.5744739291654586,,COUNTER,180027.467763965,0.041020142,0.0,DIVERGENT,-0.9856354419707472,2.163955997190736,1295.967040512703,0.0,0.0,0.0,0.0,0.0,EXPOSED,False,,,,,29308.969249040994,0.06394924564190828,30.0
65,106,106,72,7,Allways,2026-08-20,8886173,0.003268795,0.0032810773700475693,-0.003743395434588939,IN BAND,False,True,0.0,6425.385970399,3151162.714098255,1.0,1965673.834261009,322269.959528475,-0.001063203871299582,5744.273453294067,ACCUMULATING_PRE_EMA,0.0,,,,,,-0.04554464445416542,,-0.04554464445416542,,0.8339778800511847,-0.15814710503034235,1,0.0,,0.0,0.0,3.0518043793392735e-05,0.0020390524239360663,-0.3762066988183516,5CAc19iE...,2045.443494165,,,,False,2627691,0.9674209940030214,189,5EvkLKgQ...,,2.488636776484787,2.488636776484787,0.0,,COUNTER,36084.978602376,182174.546808103,2833.529768553999,OK,-0.004240439821216587,0.0,1295.967040512703,3211.260531444,0.0010190716325364185,3211.260531444,0.0010190716325364185,0.0,NEITHER,True,True,0.010190716325364184,,,7234.271161068999,0.0022957466235250176,30.0
66,37,74,73,2,DSperse,2026-08-20,8886173,0.003167939,0.0031813224777579308,-0.004206891269747376,IN BAND,False,True,1.59e-07,7866.641509856,3084063.320452712,1.0,2483204.140047851,700511.862120931,-0.002026472196230547,,,,,,,5.311694952369182e-05,,-0.05118384378192641,5.311694952369182e-05,-0.05113072683240272,5.311694952369182e-05,0.852122582105167,,,,,,,6.103608758678547e-05,0.002550739298277848,-0.19482688957146962,5EcYQ3W7...,2783299700239540.0,,,,False,2734060,0.8225420030214707,14,5CFxLBvp...,0.179995422293431,0.6659305151592488,0.5460660708650777,0.8977140938778002,,,655563.944658877,0.0,,NO_ESTIMATE,,,,1144508.261830867,0.3711040088706297,1144508.261830867,0.3711040088706297,0.0,,True,True,3.7110400887062975,0,,6804.588371682002,0.0022063711618875424,30.0
67,107,107,74,122,CookingTAO,2026-08-20,8886173,0.004512389,0.0045325071550905704,-0.004438637249138134,IN BAND,False,True,0.0,1416.828957712,548005.921317916,1.0,313986.429500854,45179.413817348,0.0003625880589275153,1557.4055571029312,,0.0,,,0.080353900988482,,,-0.054003419864513964,,-0.054003419864513964,,4.795568620280313,3.805521672260904,1,0.41000228793931054,MINER_BURN_ONLY,2952.0164731630357,2952.0164731630357,0.0,0.00258542636602288,-0.42703823495206644,5F3uH1G4...,341588.27166187,,,,True,8238082,1.0,0,5CfPqfaz...,0.179995422293431,4.024262513158601,3.2999136826829947,0.27578892754684736,,COUNTER,269638.363690713,4689.8056909,0.0,DIVERGENT,-1.0,2.277848418116541,1295.967040512703,105752.603493739,0.1929771182753124,105752.603493739,0.1929771182753124,0.0,FORTRESS,False,True,1.9297711827531414,0,,26803.379507745,0.04891074797747576,30.0
68,35,10,1,9,iota,2026-08-20,8886173,0.030423955,0.03057985962368548,-0.005098277938618298,IN BAND,False,False,0.004306778,58386.70857426,3948962.943167105,1.0,1919103.175586144,1080957.241509296,0.01301328860220348,6198.961622797186,,0.0,,0.4277316542902946,0.4277316542902946,0.19384912868662157,,-0.062029048253189285,0.005618017718927809,-0.056411030534261476,0.005618017718927809,0.6654911777653502,0.18823111096769377,1,0.0,,0.0,0.0,0.0,0.014785327037643287,-0.5140235042536945,5Fsbubec...,11948.275163388,,,,False,1489797,1.0,117,5CV1FdoR...,,0.2997278121499257,0.2997278121499257,0.006470417677669429,,COUNTER,1143124.969029318,46681.104420658,0.0,OK,0.0,0.0,1295.967040512703,566487.003304132,0.1434520939945322,566487.003304132,0.1434520939945322,0.0,DORMITORY,True,True,1.4345209399453218,0,,6504.655936596998,0.0016471807991645026,30.0
69,108,108,75,84,SN84,2026-08-20,8886173,0.002248223,0.0022591156885027885,-0.00482166033294534,IN BAND,False,True,0.0,1410.410678656,593353.420379475,1.0,627344.480351084,61661.5703782,-0.004139727322791386,5013.045536338468,ACCUMULATING_PRE_EMA,0.0,,,,,,-0.058663534050834965,,-0.058663534050834965,,4.429063539094932,0.548869423019632,1,0.0,,0.0,0.0,0.0002746623941405346,0.0023770161765545765,0.05728665552953439,5G1hDNpP...,268217.26730031194,,,,True,8085297,0.6663156127417311,35,5EyUpUgk...,0.179995422293431,3.549388841106909,2.910515097768279,1.0,,COUNTER,43139.508392941,28224.927102061,1308.023356021,OK,-0.00917414811046464,0.0,1295.967040512703,660.436412233,0.001113057394715316,660.436412233,0.001113057394715316,0.0,NEITHER,False,True,0.011130573947153157,,,2483.4379706509994,0.004185427917585331,30.0
70,109,109,76,59,Babelbit,2026-08-20,8886173,0.001955598,0.001965487143024802,-0.00503139542779376,IN BAND,False,True,0.0,5034.760665871,3182955.666587261,1.0,2574536.518884571,724349.872417637,-0.0017216286651020377,8921.42498371983,ACCUMULATING_PRE_EMA,0.0,,,,,,-0.06121531103815741,,-0.06121531103815741,,0.8256476920452116,-0.195910749394838,1,0.41000228793555127,MINER_BURN_ONLY,2952.016473135969,2952.016473135969,0.0,0.0015817878705389665,-0.1911487583138423,5DkPyHKT...,2627799.308240745,,,,False,4401833,1.0,248,5EF9dnwE...,0.179995422293431,0.7170830632450512,0.5880113944567911,0.7488822084204423,,COUNTER,464112.498295229,0.0,0.0,DIVERGENT,-1.0,2.2778484180956555,1295.967040512703,386456.629625861,0.12141439281817476,386456.629625861,0.12141439281817476,0.0,FORTRESS,True,True,1.2141439281817505,0,,6618.305549479998,0.0020792955487740398,30.0
71,110,110,77,58,greevils,2026-08-20,8886173,0.008251787,0.00830800598487258,-0.006766844532243292,IN BAND,False,True,0.0,986.676279199,350245.973422816,1.0,119571.217277742,20134.221786792,,589.9973926441453,,,,,,,,-0.08232994180896006,,-0.08232994180896006,,7.503298251561868,7.033940040371738,1,0.0,,0.0,0.0,0.0,0.0028170952818003902,-0.6586078528444335,5CLUzEqe...,723315.586215154,,,,True,8511017,0.0,36,5C5nmRa4...,0.0,0.8731773054605861,0.8731773054605861,0.0038607092718061405,,COUNTER,78931.873767343,0.045668707,0.0,OK,0.0,0.0,1295.967040512703,32808.027617922,0.09367139127197399,32808.027617922,0.09367139127197399,0.0,DORMITORY,False,True,0.9367139127197398,,,33201.477587719,0.09479474457123382,30.0
72,111,111,78,108,Prometheon,2026-08-20,8886173,0.003247607,0.003275855677202344,-0.008623297234653802,IN BAND,False,True,0.0,2002.315314018,1603043.333776296,1.0,616550.964447976,53044.459335518,0.0005111478403079943,-4439.888404228957,DISTRIBUTING_PRE_EMA,0.0,,,0.15739214760529655,,,-0.10491678302162125,,-0.10491678302162125,,1.6393817588257014,2.6688952378089903,1,0.2734065975953744,MINER_BURN_ONLY,1968.6175919519737,1968.5275026866957,3.0518043793392735e-05,0.0012490712333403597,-0.615387196375559,5GpmtjiG...,1493328.826016936,0.0,,,False,7105263,0.6593777180962264,0,5CAxp9fh...,0.179995422293431,1.0647893199396838,0.8731321166436052,0.8164075017930446,,COUNTER,464756.628855449,0.238163524,0.0,DIVERGENT,-0.9983156616250888,1.5189641720424603,1295.967040512703,416325.171228928,0.2597092433229419,416325.171228928,0.2597092433229419,0.0,FORTRESS,False,True,2.597092433229423,0,,14218.988858710005,0.008869996561611514,30.0
73,39,14,6,68,NOVA,2026-08-20,8886173,0.022656852,0.022529712645336986,0.005643185808201167,IN BAND,False,False,0.003349614,44697.68602412,3604780.308810393,1.0,1972810.960142665,1666189.15985701,0.0020257665134935203,4185.490018289769,,0.0,,0.08941076692797041,0.08941076692797041,0.19694052142318497,,0.06865876066644752,-0.19431807367071025,-0.12565931300426272,-0.19431807367071025,0.7290319450472313,0.3912585950938952,1,0.0,,0.0,0.0,0.0,0.012399558973087766,-0.4527236628862754,5EcdJLAe...,3125729.438915932,,,,False,4972413,0.0,11,5E2LP6En...,0.0,0.17150379444448302,0.17150379444448302,0.0642778659504334,,COUNTER,681206.505097183,6247.123951755,0.0,DIVERGENT,1.0,0.0,1295.967040512703,590742.718759572,0.16387759257221474,590742.718759572,0.16387759257221474,0.0,DORMITORY,True,True,1.6387759257221473,0,,6763.287527928999,0.0018761996428461793,30.0
74,112,112,79,94,pending...,2026-08-20,8886173,0.003456112,0.0034936557058244944,-0.010746252345903168,IN BAND,False,True,0.0,2011.660773302,1647829.543619012,1.0,582058.90292639,103441.042852392,-7.290167659344193e-05,-11093.485833855812,,0.0,,,,,,-0.13074607020848855,,-0.13074607020848855,,1.59482515056036,4.1002546099352735,1,0.4100022879344437,SKIN_IN_GAME,2952.0164731279947,2952.0164731279947,0.0,0.0012207942144816333,-0.6467723805010852,5CnwnkkC...,717501.507953849,0.5503618634184374,BUYBACK_GAMING,,False,6962737,1.0,0,5EeKtCKE...,0.179995422293431,2.067606136827969,1.6954464970931291,0.37685029757363037,,COUNTER,703370.089417995,0.075116968,0.0,DIVERGENT,-1.0,2.2778484180895022,1295.967040512703,273.723032556,0.00016611125441703235,273.723032556,0.00016611125441703235,0.0,EXPOSED,False,True,0.0016611125441703236,,,14273.461165339002,0.008661976732126798,30.0
75,113,113,80,27,Orion,2026-08-20,8886173,0.002256601,0.0022823624312877655,-0.011287178116242589,IN BAND,False,True,0.0,6125.956003976,3166704.07329421,1.0,2714682.794779882,815385.432499697,-0.002571603639063033,43878.75454994384,ACCUMULATING_PRE_EMA,0.0,,,,,,-0.13732733374761816,,-0.13732733374761816,,0.8298849337273833,-4.1782591889991885,1,0.41000228793887394,MINER_BURN_ONLY,2952.0164731598925,2952.0164731598925,0.0,0.0019344895709195163,-0.14274186224347316,5CopvHeT...,33855.169951369,,,,False,1727132,1.0,112,5E2LP6En...,0.0,0.3871355724376284,0.3871355724376284,0.36738493468440975,,COUNTER,1248661.723602509,0.0,0.0,DIVERGENT,-1.0,2.2778484181141154,1295.967040512703,29259.979274079,0.009239884307737313,29259.979274079,0.009239884307737313,0.0,FORTRESS,True,True,0.09239884307737313,,,6496.729627422004,0.0020515745952427084,30.0
76,114,114,81,119,Satori,2026-08-20,8886173,0.002786888,0.002823871560394764,-0.013096757272343459,IN BAND,False,True,0.0,3409.102218344,1487799.697272856,1.0,1223264.669813465,71246.962619667,-0.0008647727937628405,13497.089867967414,ACCUMULATING_PRE_EMA,0.0,,,,,,-0.15934388014684542,,-0.15934388014684542,,1.7663668065110758,-1.535407760695308,1,0.4100022881286148,MINER_BURN_ONLY,2952.0164745260263,2952.0164745260263,0.0,0.002291371765025158,-0.17780270860359002,5GbLENPL...,99998.230869207,,,,False,5740660,1.0,0,5HMwvi1d...,0.179995422293431,11.426427037699264,9.369722477743508,0.060445597436288724,,COUNTER,799711.215038382,0.0,0.0,DIVERGENT,-1.0,2.277848419168258,1295.967040512703,20722.542632217,0.013928314859991919,20722.542632217,0.013928314859991919,0.0,FORTRESS,True,True,0.1392831485999192,,,12219.82132363,0.008213351129207104,30.0
77,115,115,82,29,hoτfloaτ,2026-08-20,8886173,0.003043284,0.003085892181843519,-0.013807411060636977,IN BAND,False,True,0.0,8701.151949774,2930436.196658296,1.0,2859131.901815476,204185.962181463,-0.011022358310089313,40740.90102609387,ACCUMULATING_PRE_EMA,0.0,,,,,,-0.16799016790441654,,-0.16799016790441654,,0.8967948194868814,-4.128886093721027,1,0.0,,0.0,0.0,0.0,0.002969234395785959,-0.02433213732732169,5HHHHHzg...,8137.976807145,,,,False,3379782,1.0,37,5E2LP6En...,0.0,0.3679471317071858,0.3679471317071858,0.0793987486647337,,COUNTER,610829.352749762,0.0,0.0,OK,0.0,0.0,1295.967040512703,3165.974907187,0.001080376672523121,3165.974907187,0.001080376672523121,0.0,NEITHER,True,True,0.01080376672523121,,,6607.615925827004,0.002254823337686709,30.0
78,38,25,83,5,Hone,2026-08-20,8886173,0.013128417,0.013130128616467118,-0.00013035793609605462,IN BAND,False,False,0.001940604,33516.326606213,3025694.810591712,1.0,2552960.132345159,969451.935355522,-0.015845505017582865,5213.464859070256,ACCUMULATING_PRE_EMA,0.0,,,,0.15216188133978317,,-0.001586021555835331,-0.17165011336010214,-0.17323613491593748,-0.17165011336010214,0.8685608313173072,0.3238119946998853,1,0.0,,0.0,0.0,0.005096513313496587,0.011077233066892978,-0.15624000464846768,5GurNtB3...,,,,,False,2491604,0.0,1,5E2LP6En...,0.0,0.4691864254087019,0.4691864254087019,0.13166086797289875,,COUNTER,1488567.694632255,0.0,0.0,DIVERGENT,1.0,0.0,1295.967040512703,6649.821324041,0.0021977832333792266,6649.821324041,0.0021977832333792266,0.0,NEITHER,True,True,0.021977832333792267,,,6878.754318422999,0.0022734461831191008,30.0
79,116,116,84,24,Quasar,2026-08-20,8886173,0.004082895,0.00415385514497757,-0.017082960888361257,IN BAND,False,True,0.0,8751.534135796,3593648.467221639,1.0,2143462.517344866,1556667.947913706,-0.003987432863262727,35750.625031135045,ACCUMULATING_PRE_EMA,0.0,,,,,,-0.2078426908083953,,-0.2078426908083953,,0.7312902260670444,-2.8757613042206085,1,0.4100022879338778,MINER_BURN_ONLY,2952.01647312392,2952.01647312392,0.0,0.002435278301598064,-0.40354128587728455,5ELutYW7...,340046.836811997,,,,False,2538424,1.0,155,5ELpkVn8...,0.179995422293431,3.168640010902715,2.598299314044419,0.0,,COUNTER,604784.710437889,0.0,0.0,DIVERGENT,-1.0,2.2778484180863585,1295.967040512703,700000.000065042,0.19478811198420687,0.0,0.0,700000.000065042,EXPOSED,True,False,0.3160161880429273,169289,UNDEFENDED_BURNER,6601.343795905995,0.0018369475634910106,30.0
80,117,117,85,65,True Performance Network,2026-08-20,8886173,0.003310121,0.003368373028934002,-0.01729381764834907,IN BAND,False,True,0.0,6972.086849919,3599508.350787417,1.0,2106293.575132193,277798.346427744,-0.00012719120635281114,80579.2912038397,ACCUMULATING_PRE_EMA,0.0,,,,,,-0.21040811472158033,,-0.21040811472158033,,0.7300997091519754,-7.291033689244793,1,0.4100022879380493,MINER_BURN_ONLY,2952.0164731539553,2952.0164731539553,0.0,0.0019369553201324865,-0.4148385149266488,5GxEEHxL...,1049433.053202465,,,,False,4950813,1.0,0,5DAmVrUg...,0.179995422293431,1.3350795495622656,1.094771342243482,0.30034947426251773,,COUNTER,962524.454767903,0.0,0.0,DIVERGENT,-1.0,2.277848418109534,1295.967040512703,171794.150223016,0.04772711533935874,171794.150223016,0.04772711533935874,0.0,FORTRESS,True,True,0.4772711533935874,,,6639.084388527999,0.0018444420019405302,30.0
81,118,118,86,111,Claims,2026-08-20,8886173,0.006550602,0.006672510411590338,-0.01827024673930511,IN BAND,False,True,0.0,6693.815161138,3576554.832203254,1.0,1021862.439899217,182695.999502631,-0.0020882893709760026,20221.08128744003,ACCUMULATING_PRE_EMA,0.0,,,,,,-0.22228800199487883,,-0.22228800199487883,,0.7347853236688898,-1.3229024710113821,1,0.41000228793543,MINER_BURN_ONLY,2952.016473135096,2952.016473135096,0.0,0.0018715818644431154,-0.7142885700515592,5Do2YQao...,2632339.722723915,,,,False,5615562,1.0,0,5ExhNF86...,0.0,0.7185567162424662,0.7185567162424662,0.7555050281546138,,COUNTER,710137.136775715,0.371911999,0.0,DIVERGENT,-1.0,2.277848418094982,1295.967040512703,1221.604957048,0.00034155913004567536,1221.604957048,0.00034155913004567536,0.0,EXPOSED,True,True,0.0034155913004567545,,UNDEFENDED_BURNER,7973.664258071,0.002229425978955007,30.0
82,119,119,87,78,Vocence,2026-08-20,8886173,0.00202252,0.0020606075413525105,-0.018483646491709554,IN BAND,False,True,0.0,1007.525401977,652758.898165513,1.0,498153.505760592,120002.665004049,0.0001379181554245564,12814.990783998684,,0.0,,,0.06819124430144394,,,-0.2248843656491329,,-0.2248843656491329,,4.025988779908821,-3.0833082458356595,1,0.26650148715652805,MINER_BURN_ONLY,1918.8107075270018,1918.8107075270018,0.0,0.0015434878096775217,-0.23684917346798953,5FnQCJW2...,912118.586665237,,,,False,7966145,1.0,0,5Fk765B4...,0.179995422293431,1.9132117932954398,1.5688424286244547,0.6196151439776595,,COUNTER,66488.183847594,8107.779671713,0.0,DIVERGENT,-1.0,1.4806014717533964,1295.967040512703,525.331216911,0.00080478599125553,525.331216911,0.00080478599125553,0.0,EXPOSED,False,True,0.008047859912555301,,,22532.64686228701,0.034519095680827706,30.0
83,120,120,88,72,StreetVision by NATIX,2026-08-20,8886173,0.00229783,0.002341763349249959,-0.018760798038807175,IN BAND,False,True,0.0,6428.853507384,2396651.351772705,1.0,2797792.482892364,228400.950531001,-0.000693472829379333,26332.4146683109,ACCUMULATING_PRE_EMA,0.0,,,,,,-0.2282563761388206,,-0.2282563761388206,,1.0965299554547956,-2.8888984519739576,1,0.41000228793902754,MINER_BURN_ONLY,2952.0164731609984,2952.0164731609984,0.0,0.0026824316781115616,0.1673760365699646,5FjP8fFb...,,,,,False,5064327,1.0,29,5H9ABR2Z...,0.029999237048905166,0.5637705129826981,0.5468578277225472,0.01204010315728434,,COUNTER,406447.05442754,0.0,0.0,DIVERGENT,-1.0,2.277848418114969,1295.967040512703,475182.691240208,0.19826942741952633,469194.25716105,0.19577076023761494,5988.434079158003,FORTRESS,True,True,1.9577076023761506,0,,7174.530778303998,0.002993564655533768,30.0
84,121,121,89,103,Capcomp,2026-08-20,8886173,0.010515179,0.010726444888859987,-0.01969579772692434,IN BAND,False,True,0.0,798.683247277,153028.135925119,1.0,75955.262033946,11336.675208952,,973.2575374547159,,,,,,,,-0.23963220567757948,,-0.23963220567757948,,17.17331250304163,15.512982521929562,1,0.3603818880348342,MINER_BURN_ONLY,2594.974817014001,2594.749593850806,7.629510948348184e-05,0.005219192159981733,-0.5036516106875848,5H3SQ4du...,799098.179779949,,,,True,8762380,0.8000610407446971,0,5E529AKM...,0.179995422293431,2.0835102501467073,1.7084879428188586,0.7452009643848995,,COUNTER,42691.148565853,0.014698804,0.0,DIVERGENT,-1.0,2.0021725188507,1295.967040512703,0.0,0.0,0.0,0.0,0.0,EXPOSED,False,,,,,38286.691372727,0.25019380352030013,30.0
85,122,122,90,39,deprecated,2026-08-20,8886173,0.007750222,0.007939186412841082,-0.023801483302551586,IN BAND,False,True,0.0,18583.865022759,3468143.739478171,1.0,2397849.1179779,1070998.327198037,-0.008167090216750057,68392.76816673204,ACCUMULATING_PRE_EMA,0.0,,,,,,-0.28958471351437765,,-0.28958471351437765,,0.7577540602153411,-6.327308146050081,1,0.41000228793376464,MINER_BURN_ONLY,2952.0164731231052,2952.0164731231052,0.0,0.005358447174843795,-0.30860726636684793,5DkwfxC9...,466053.354275568,,,,False,3280104,1.0,136,5GP7c3fF...,0.0009918364232852674,2.7193442838588298,2.716647139150646,0.17622462994048527,,COUNTER,1476910.122765288,0.0,0.0,DIVERGENT,-1.0,2.2778484180857297,1295.967040512703,534872.479753919,0.15422442664801367,533297.53534494,0.15377030925055657,1574.9444089789176,FORTRESS,True,True,1.537703092505567,0,,6530.042281666003,0.0018828637946386086,30.0
86,123,123,91,115,HashiChain,2026-08-20,8886173,0.002658544,0.0027285111136734486,-0.025642964517469145,IN BAND,False,True,0.0,3585.017702652,1539233.835151414,1.0,1348489.01830302,155415.590854034,-0.0010310414951094963,34765.46212546714,ACCUMULATING_PRE_EMA,0.0,,,,,,-0.3119894016292079,,-0.3119894016292079,,1.7073429260613184,-6.418930961918631,1,0.41000228823945184,MINER_BURN_ONLY,2952.0164753240533,2952.0164753240533,0.0,0.002329092319036336,-0.12392184630521971,5EkNnrTj...,103082.344373832,,,,False,5683635,1.0,0,5EhTo9AX...,0.179995422293431,11.12173562911743,9.11987412791854,0.06400610454025181,,COUNTER,880667.902229491,0.0,0.0,DIVERGENT,-1.0,2.277848419784035,1295.967040512703,2942.008322496,0.0019113459276358718,2942.008322496,0.0019113459276358718,0.0,EXPOSED,True,True,0.019113459276358716,,UNDEFENDED_BURNER,11753.125651122,0.0076356986071358345,30.0
87,46,26,92,105,Beam,2026-08-20,8886173,0.007265845,0.007208483060821891,0.007957560376311526,IN BAND,False,False,0.001940482,5037.309188501,1962304.654697969,1.0,693286.154014741,512085.089929059,-0.0010888053840733777,989.6402469365858,ACCUMULATING_PRE_EMA,0.0,,,,1.012363248942742,,0.09681698457845689,-0.5102208095149332,-0.4134038249364763,-0.5102208095149332,1.339241587033025,1.5225840584576753,1,0.0,,0.0,0.0,0.0020141908903639205,0.002567037272444489,-0.6466980409787865,5G3ic2pA...,1995834.740726436,2.5058300477871556,BUYBACK_GAMING,,False,6841399,0.004693974282525271,255,5FkN26FV...,,3.332255136202644,3.332255136202644,0.0,,COUNTER,451644.439901403,1869.377328683,0.0,OK,0.0,0.0,1295.967040512703,195876.693784517,0.09981971622783804,195876.693784517,0.09981971622783804,0.0,DORMITORY,False,True,0.9981971622783827,,,12401.540139337008,0.006319885197054587,30.0
88,40,60,93,117,glyph,2026-08-20,8886173,0.002522886,0.0025341131258755922,-0.004430396481101537,IN BAND,False,True,6.2231e-05,2854.14290958,1611824.777404093,1.0,1131300.477168825,221772.401965121,-0.0007537834211656891,5555.679801568156,ACCUMULATING_PRE_EMA,0.0,,,,0.057300237998266904,,-0.05390315718673536,-0.3623950034008907,-0.4162981605876261,-0.3623950034008907,1.630450180963527,0.4196952413991576,1,0.0,,0.0,0.0,0.0,0.0017707525964309279,-0.2981242131309429,5HdThE9W...,1717092.315140591,,,,False,5710859,1.0,125,5EsLkLnu...,,15.176129428764924,15.176129428764924,0.0,,COUNTER,289424.602021989,151524.174671129,0.0,OK,0.0,0.0,1295.967040512703,184995.455974437,0.11477392491284286,154144.143623114,0.09563331311444982,30851.312351322995,DORMITORY,True,True,0.956333131144498,,,12033.413955411997,0.00746570850883201,30.0
89,42,11,94,8,Vanta,2026-08-20,8886173,0.028246152,0.028286337852478027,-0.0014206806369777838,IN BAND,False,False,0.004016242,79306.259693549,3030170.422235562,1.0,2807683.650136218,1385113.244589046,-0.008329727580013033,3618.8185068625025,ACCUMULATING_PRE_EMA,0.0,,,,0.13308765306527937,,-0.01728494774989637,-0.4242509425159531,-0.44153589026584944,-0.4242509425159531,0.8672779526575757,0.5573385955812324,1,0.08450980805655382,MINER_BURN_ONLY,696.158574584988,694.9874141363728,0.00039673456931410556,0.02617221101215799,-0.07342384151448343,5F6tnxzA...,19855.492636522,,,,False,1477264,0.689386191210368,146,5GuVs96w...,,17.308133900890162,17.308133900890162,0.0,,COUNTER,783447.008040184,0.0,0.0,DIVERGENT,-1.0,0.5362693590273915,1295.967040512703,607572.745839243,0.20050778048021323,607571.159893335,0.20050725709515987,1.585945908096619,FORTRESS,True,True,2.005072570951599,0,,6523.2481238260025,0.002152766087332263,30.0
90,43,7,95,4,Targon,2026-08-20,8886173,0.055022651,0.05507776071317494,-0.0010005801336392705,IN BAND,False,False,0.007637621,135184.568428,3546608.932512181,1.0,2456889.389209564,2250608.838005317,-0.0046476622979413,2527.612549731508,ACCUMULATING_PRE_EMA,0.0,,,,0.14847602963418324,,-0.01217372495927779,-0.4377345998331613,-0.4499083247924391,-0.4377345998331613,0.740989505752612,0.5862106294673446,1,0.03233774584138748,MINER_BURN_ONLY,265.3310322909383,265.1508537603821,6.103608758678547e-05,0.03811657022254333,-0.3072567473613125,5CXGPMnq...,,,,,False,1411451,0.19573942103737163,28,5Hp18g9P...,0.179995422293431,0.35504140747301294,0.29113557940325385,0.5296648965390954,,COUNTER,554454.576654161,0.0,0.0,DIVERGENT,-1.0,0.20459691139636133,1295.967040512703,183019.057563734,0.05160395776539578,183019.057563734,0.05160395776539578,0.0,DORMITORY,True,True,0.5160395776539578,,,6324.249708187999,0.0017831821406112355,30.0
91,41,28,96,62,Ridges,2026-08-20,8886173,0.011839265,0.011884079547598958,-0.0037709733782463973,IN BAND,False,False,0.001833149,31120.087544057,2653339.461230813,1.0,2628548.836749991,4361655.353919397,-0.02595581615076601,4231.145350205712,ACCUMULATING_PRE_EMA,0.0,,,,0.15480404948025284,,-0.04588017610199783,-0.4098028849990162,-0.45568306110101403,-0.4098028849990162,0.9904499738533046,0.564606934479269,1,0.013158832440605644,MINER_BURN_ONLY,109.50344253701041,109.41335327173232,3.0518043793392735e-05,0.01172864912264985,-0.009343137209121558,5DhsVYew...,15487.564929815,,,,False,4474225,0.81891566081211,8,5G3f2z52...,,0.33997593724374764,0.33997593724374764,0.007385930108347321,,COUNTER,184631.008128563,170778.551517578,0.0,DIVERGENT,-1.0,0.08442603079507859,1295.967040512703,148873.457520369,0.05610795742332592,148873.457520369,0.05610795742332592,0.0,DORMITORY,True,True,0.5610795742332608,,,7155.911817925002,0.0026969454615526525,30.0
92,47,17,8,110,Green Compute,2026-08-20,8886173,0.012038964,0.01195928012020886,0.006662932801154938,IN BAND,False,False,0.002724567,6819.31093834,2741660.691966373,1.0,566436.712706511,354423.8429278,0.0008840356011466324,-3053.9542606752366,DISTRIBUTING_PRE_EMA,0.0,,0.07343120231496933,0.07343120231496933,1.049983222754024,,0.08106568241405175,-0.5413208690431659,-0.46025518662911413,-0.5413208690431659,0.9585431223129025,1.59130409179719,1,0.0,,0.0,0.0,0.0,0.0024872920848017324,-0.7933965011605872,5D53sX6A...,1548415.313075122,0.2646255914640113,BUYBACK_GAMING,,False,5606062,1.0,70,5EtUYRu7...,0.09999237048905166,0.5025482207384949,0.4522972328617976,0.0017396346767178893,,COUNTER,653602.202903777,0.0,0.0,OK,0.0,0.0,1295.967040512703,9205.92186508,0.003357790368463623,9205.92186508,0.003357790368463623,0.0,NEITHER,True,True,0.03357790368463623,,,10465.667128784,0.00381727292492851,30.0
93,44,30,97,17,404—GEN,2026-08-20,8886173,0.009409823,0.009426725097000599,-0.001792997761860837,IN BAND,False,False,0.00135177,25949.733258812,3010580.394807845,1.0,2757727.902923454,651061.489684701,-0.008483605846616416,3439.0085748792626,ACCUMULATING_PRE_EMA,0.0,,,,0.13689742104742675,,-0.02181480610264018,-0.4472710107876623,-0.4690858168903025,-0.4472710107876623,0.8729213823794054,0.584168431835089,1,0.0,,0.0,0.0,0.0,0.008619511806947871,-0.08398789148872708,5E7a4a7Q...,1089803.494308289,,,,False,2840556,1.0,42,5CcEPLdb...,0.0,0.31486115366821565,0.31486115366821565,0.0035249954220838674,,COUNTER,340475.604612198,0.0,0.0,OK,0.0,0.0,1295.967040512703,499696.154459419,0.16598000681902167,494894.820981277,0.16438518693431683,4801.333478142042,DORMITORY,True,True,1.6438518693431685,0,,6629.007681935003,0.0022019035576554035,30.0
94,45,31,98,63,Enigma,2026-08-20,8886173,0.008237436,0.008237396134063601,4.8396284153931305e-06,IN BAND,False,False,0.001187263,15331.954079806,3884858.578423946,1.0,1861253.075363868,1216170.334998057,-0.0023243817583002914,979.2042236959096,ACCUMULATING_PRE_EMA,0.0,,,,0.20350485970405932,,5.888214572061642e-05,-0.48117717543539784,-0.4811182932896772,-0.48117717543539784,0.6764725013661005,0.6846820351394571,1,0.0,,0.0,0.0,9.15541313801782e-05,0.003946592590257441,-0.520895507988476,5CqTmNfg...,280399.885765578,0.6071001685914702,BUYBACK_GAMING,,False,4885578,0.0,157,5D7etdUe...,,0.3066201745104162,0.3066201745104162,0.006317620668080756,,COUNTER,725439.396179942,0.0,0.0,OK,0.0,0.0,1295.967040512703,72397.992373783,0.018635940256840504,72397.992373783,0.018635940256840504,0.0,DORMITORY,True,True,0.18635940256840505,,,6648.435648451996,0.0017113713444748377,30.0
95,124,124,99,16,trav,2026-08-20,8886173,0.002016605,0.0021034874953329563,-0.04130402273639568,IN BAND,False,True,0.0,477.11392346,326429.580630513,1.0,236592.611436719,50266.112702169,0.000900611716787907,3693.3310521528474,,0.0,,,0.44659797867599604,,,-0.5025322766261474,,-0.5025322766261474,,8.050740974282732,3.9773040756119156,1,0.0,,0.0,0.0,0.0,0.0014616136274734465,-0.27521074901954196,5FkKY8WJ...,734113.111482148,,,,True,8460646,1.0,1,5E2LP6En...,0.0,0.9011182583686044,0.9011182583686044,0.3892330698568682,,COUNTER,63578.799840379,0.04568655,0.0,OK,0.0,0.0,1295.967040512703,7333.737256624,0.02246652169959158,0.0,0.0,7333.737256624,NEITHER,False,False,0.1474191122854162,,,31778.379567225005,0.09735140885775019,30.0
96,125,125,100,31,rec4ll,2026-08-20,8886173,0.004607203,0.004820523085072637,-0.04425247661051756,IN BAND,False,True,0.0,1935.093571451,1636707.7951087,1.0,420014.826551663,47017.672746763,-3.4653599990985635e-05,4134.471977416251,ACCUMULATING_PRE_EMA,0.0,,,,,,-0.5384051320946303,,-0.5384051320946303,,1.6056622983368052,0.6875945338857581,1,0.41000228793638394,MINER_BURN_ONLY,2952.0164731419645,2952.0164731419645,0.0,0.0011823085203321116,-0.7433782448196635,5H3mfhC8...,825861.551473192,,,,False,7173591,1.0,0,5CDZ527X...,0.179995422293431,1.8771727776971383,1.539290270857809,0.438828610233637,,COUNTER,684019.559832995,729.248648798,0.0,DIVERGENT,-1.0,2.2778484181002816,1295.967040512703,390912.068059504,0.238840475512944,390912.068059504,0.238840475512944,0.0,FORTRESS,False,True,2.38840475512944,0,,15262.178094768999,0.009324925402310667,30.0
97,48,76,101,101,Tag101,2026-08-20,8886173,0.004587728,0.004602270666509867,-0.0031598894466793783,IN BAND,False,True,6.3e-08,3984.506308755,2355015.765129888,1.0,868514.042364455,165373.198367337,0.0003527464605012477,3443.2902817709837,,0.0,,,0.07688914000595669,4.1551948264258656e-05,,-0.03844532160126577,-0.5553094367430519,-0.5937547583443177,-0.5553094367430519,1.1159160965765578,0.5553509886913162,1,0.3693588455602025,MINER_BURN_ONLY,2663.9702836949145,2659.420775798371,0.0015411612115663331,0.0016919234120435875,-0.6312066861759051,5H8dNvi1...,1432397.10820642,,,,False,5481350,0.9036892135587004,0,5H6Dezn7...,0.179995422293431,1.155435472809608,0.9474623769484324,0.6337361899530001,,COUNTER,827401.085647472,6970.543419914,0.0,DIVERGENT,-0.9327721781082492,2.05207439129491,1295.967040512703,13574.61335476,0.005764128442686374,13574.61335476,0.005764128442686374,0.0,FORTRESS,True,True,0.05764128442686373,,,10610.827274092997,0.004505628977608042,30.0
98,49,66,102,121,sundae_bar,2026-08-20,8886173,0.004610407,0.004623018437996507,-0.002727966190412115,IN BAND,False,True,1.7933e-05,6311.2715775,2802018.278605505,1.0,1368918.261448077,547531.231614468,-0.0014768339828714987,2300.162280693883,ACCUMULATING_PRE_EMA,0.0,,,,0.007467262883760765,,-0.03319025531668073,-0.637513356133469,-0.6707036114501498,-0.637513356133469,0.9378953806496546,0.6449806190172298,1,0.24530423301654125,MINER_BURN_ONLY,1773.1058001981582,1773.0607555655192,1.5259021896696368e-05,0.0022524020009751554,-0.511452676309238,5CXGaDJs...,1806737.636862303,,,,False,5766528,1.0,0,5EL9y2gd...,0.179995422293431,0.8072986259443061,0.6619885688505541,0.753093955532496,,COUNTER,1251648.134212298,0.0,0.0,DIVERGENT,-1.0,1.368137228909827,1295.967040512703,202885.709556554,0.07240699002774714,202885.709556554,0.07240699002774714,0.0,FORTRESS,True,True,0.7240699002774714,,,8661.323450277996,0.003091101694949871,30.0
99,126,126,103,46,Instant,2026-08-20,8886173,0.003990723,0.0042473741341382265,-0.060425836300926676,IN BAND,False,True,0.0,8991.392249264,3328968.604073179,1.0,2253073.435179704,1415736.123470437,-0.006844200137852545,269060.84817833314,ACCUMULATING_PRE_EMA,0.0,,,,,,-0.7351810083279412,,-0.7351810083279412,,0.7894336993098989,-26.618238753079087,1,0.4100022880793161,MINER_BURN_ONLY,2952.016474171076,2952.016474171076,0.0,0.0027009543551304535,-0.32319172362239784,5Ft9E2ov...,504956.084549822,,,,False,3919107,1.0,238,5CDnZ6oe...,0.179995422293431,2.486087734440673,2.038603322821505,0.16507965574070682,,COUNTER,943628.063859628,28041.129768459,0.0,DIVERGENT,-0.9976214898867172,2.2778484188943695,1295.967040512703,172391.583106115,0.05178528355454728,172391.583106115,0.05178528355454728,0.0,FORTRESS,True,True,0.5178528355454728,,,6780.154598678999,0.002036713290231425,30.0
100,50,49,9,89,InfiniteQuant,2026-08-20,8886173,0.003599539,0.0036003540735691786,-0.00022638705875126374,IN BAND,False,False,0.000237426,6671.794447522,2810265.881093347,1.0,1853513.432689811,186422.92227217,0.00022740814707736934,1186.5135189308785,,0.0,,0.06317701991209689,0.06317701991209689,0.0935213956166989,,-0.0027543758814737086,-0.7503990401383891,-0.7531534160198629,-0.7503990401383891,0.9351428338793212,0.843920435755088,1,0.0,,0.0,0.0,0.0007629510948348184,0.0023740794393896664,-0.3404490298925317,5Dc5NmEU...,125884.085420542,,,,False,5313364,0.14032221119340316,191,5GCNwrsH...,,18.937933816762865,18.937933816762865,0.0,,COUNTER,600426.954984618,0.0,0.0,OK,1.0,0.0,1295.967040512703,6094.632142656,0.002168703033993657,6094.632142656,0.002168703033993657,0.0,NEITHER,True,True,0.021687030339936575,,,7944.2864283470035,0.0028268807168011596,30.0
101,51,55,104,6,Numinous,2026-08-20,8886173,0.002925148,0.0029364333022385836,-0.003843200603255803,IN BAND,False,False,0.000109973,8384.342997042,2724292.358081548,1.0,2866296.484472784,688558.141990415,-0.004023880888700968,-202.97031115135178,,0.0,,,,0.034470088366132266,,-0.0467589406729456,-0.9920554328664953,-1.0388143735394408,-0.9920554328664953,0.9646541760483602,1.0265255212326276,1,0.0,,0.0,0.0,0.0017242694743266895,0.003077622330866967,0.05212533891172932,5CfSg4e2...,46600.775334512,1.7244476804174924,BUYBACK_GAMING,,False,3219949,0.4146311638286815,117,5CJAx3Kb...,,17.390873214619635,17.390873214619635,0.0,,COUNTER,185360.665463109,0.0,0.0,OK,1.0,0.0,1295.967040512703,662466.459537209,0.2431701052833108,662466.459537209,0.2431701052833108,0.0,DORMITORY,True,True,2.4317010528331076,0,,6774.443320052,0.0024866799996541397,30.0
102,52,42,5,96,Verathos,2026-08-20,8886173,0.008481161,0.008468057727441192,0.0015473763855371094,IN BAND,False,False,0.000781478,3475.824525221,722527.988075236,1.0,409828.897720705,81549.786122409,0.0007914143622985852,4626.129864454211,,0.0,,0.09331438965709828,0.09331438965709828,0.5908595698942598,,0.018826412690701497,-1.0761491713988374,-1.057322758708136,-1.0761491713988374,3.6372293438774714,1.6670087412930972,1,0.15244785007591574,MINER_BURN_ONLY,1200.7447732549917,1198.7628094188738,0.0006713969634546402,0.004810643438851903,-0.43278479929199515,5CGq1JQh...,940868.12541817,,,,False,7692872,0.40452886656181763,0,5GpKXttD...,0.179995422293431,1.329911430282826,1.090533460776208,0.7570384386492301,,COUNTER,233463.231799965,7897.141864024,0.0,DIVERGENT,-1.0,0.924994827757831,1295.967040512703,159289.620969486,0.22046152342668746,159289.620969486,0.22046152342668746,0.0,FORTRESS,False,True,2.204615234266886,0,,22871.137735410997,0.03165432773938365,30.0
103,53,45,105,126,Poker44,2026-08-20,8886173,0.004447963,0.004454186884686351,-0.0013973110799972636,IN BAND,False,False,0.000511532,2436.148223389,1139924.780909832,1.0,547699.734009718,62565.074126462,-0.0001583244541660852,2753.7018406346906,ACCUMULATING_PRE_EMA,0.0,,,,0.5518162167201365,,-0.017000618139966707,-1.1545639436347388,-1.1715645617747055,-1.1545639436347388,2.305415273016926,1.7063801603548754,1,0.0,,0.0,0.0,1.5259021896696368e-05,0.0021371131360479645,-0.519529920539365,5DqrUa2z...,419372.792658417,,,,False,7525773,1.0,145,5DUYX7X2...,,17.224666143806648,17.224666143806648,0.0,,COUNTER,393147.939315364,5493.154491675,0.0,OK,0.0,0.0,1295.967040512703,171439.094523612,0.15039509395240774,1096.553699538,0.0009619526813539264,170342.540824074,NEITHER,False,False,1.1367160119142956,0,,17966.222704680982,0.015760884407075723,30.0
104,54,44,106,56,Gradients,2026-08-20,8886173,0.016771769,0.016777096083387733,-0.00031752118252504854,IN BAND,False,False,0.000595232,51955.958657446,2704301.959220875,1.0,3097822.151333241,2831224.007257082,-0.009019599530651996,-1720.5094927395694,,0.0,,,,0.030107609144765898,,-0.0038631743873880904,-1.2171305608440366,-1.2209937352314246,-1.2171305608440366,0.971784970624043,1.2472381699888024,1,0.28564011181454546,MINER_BURN_ONLY,2129.733318625018,2129.598184727101,4.57770656900891e-05,0.019212336285262616,0.1455163903856902,5EJ1zbdw...,30489.117283081,0.0,,,False,4312927,0.7226545809680767,101,5E2LP6En...,0.0,0.3985474807885866,0.3985474807885866,0.10437967343201587,,COUNTER,790258.325219903,0.0,0.0,DIVERGENT,-1.0,1.6432502665226745,1295.967040512703,264724.185506575,0.09789002467122553,264724.185506575,0.09789002467122553,0.0,FORTRESS,True,True,0.9789002467122553,,,6607.159661684001,0.0024432033705243336,30.0
105,55,33,10,67,Harnyx,2026-08-20,8886173,0.006002948,0.005990308942273259,0.0021099175098546062,IN BAND,False,False,0.00111919,3310.914134451,857885.259125549,1.0,551548.048176071,65263.823972715,0.00015566218436049352,2271.5613229512237,,0.0,,0.025930956650048197,0.025930956650048197,0.8883441854911471,,0.025670663036564373,-1.6792477991857904,-1.653577136149226,-1.6792477991857904,3.063346726202927,2.5675919846769375,1,0.008592788838020152,SKIN_IN_GAME,78.44777649600292,73.40277764042958,0.0017090104524299932,0.0038593904012593104,-0.3570841524432145,5HEAv3TU...,1014493.282966005,1.8818213330770936,BUYBACK_GAMING,,False,7236936,0.0584809623526894,246,5HGnF3Wr...,0.0,0.7436211473160875,0.7436211473160875,0.011322885351970822,,COUNTER,276303.655232101,6279.314248273,0.0,DIVERGENT,0.7180201119859778,0.05663938614626371,1295.967040512703,522.283347221,0.0006088032655478527,522.283347221,0.0006088032655478527,0.0,NEITHER,False,True,0.006088032655478526,,,20212.660320144998,0.023561029992225258,30.0
106,56,20,107,28,gm,2026-08-20,8886173,0.017974212,0.017773981438949704,0.011265374712922376,IN BAND,False,False,0.002542828,20062.047282078,4756153.403494786,1.0,1116157.230850944,6440962.308670906,-0.0018433106521580824,-23232.242287004134,,0.0,,,,0.333094219649742,,0.13706205900722224,-2.0977765189767514,-1.9607144599695292,-2.0977765189767514,0.5525473585584867,2.4308707386264934,1,0.0893736455050662,SKIN_IN_GAME,735.6515909370501,734.5254751210739,0.0003814755474174092,0.004218124517879629,-0.7653235358590614,5CA6rwAy...,2755256.58943496,0.2358217685529538,BUYBACK_GAMING,,False,4878363,0.0003205617462982424,18,5DcbDPH9...,,0.26442256064026987,0.26442256064026987,0.005356407086938607,,COUNTER,1384056.213791797,33762.848582854,0.0,DIVERGENT,-1.0,0.5667778980169782,1295.967040512703,434351.427188551,0.09132409961154593,434344.502651163,0.09132264370026627,6.924537387967575,FORTRESS,True,True,0.9132264370026625,,,6503.249856574999,0.0013673339156378894,30.0
107,57,4,108,120,Affine,2026-08-20,8886173,0.056029543,0.05583042139187455,0.0035665431705738312,IN BAND,False,False,0.010857822,81815.555620542,2565513.291003156,1.0,1460221.752898006,1444085.262865752,-0.0050901304439632976,-10022.736106302356,,0.0,,,,0.3487644372708468,,0.04339294190864828,-2.221663243862157,-2.178270301953509,-2.221663243862157,1.0243564160107745,2.570427681133004,1,0.0,,0.0,0.0,7.629510948348184e-05,0.03189052105380083,-0.43082667917172146,5EfNFhH2...,2887288.646418385,0.0,,,False,5749344,0.3999999999999999,116,5E2LP6En...,0.0,0.33611304286376453,0.33611304286376453,0.009857628980818824,,COUNTER,176127.384445061,0.0,0.0,DIVERGENT,1.0,0.0,1295.967040512703,67995.732496089,0.026503753745708174,67995.732496089,0.026503753745708174,0.0,DORMITORY,True,True,0.26503753745708347,,,8836.652403436005,0.0034443993856608456,30.0
108,58,56,109,106,Nodexo,2026-08-20,8886173,0.002910479,0.002914879471063614,-0.0015096579832194895,IN BAND,False,False,0.000106909,6552.26872658,2399727.37681002,1.0,2251268.175688972,351365.959848237,-0.0008091572467977437,-7612.259873361792,,0.0,,,,0.042879323746333485,,-0.018367505462503788,-2.271120261020671,-2.289487766483175,-2.271120261020671,1.0951243984612222,2.3139995847670045,1,0.0,,0.0,0.0,0.00012207217517357094,0.0027304221262375197,-0.06186503106962132,5CTdHCps...,1121382.507487291,1.9125109807639693,BUYBACK_GAMING,,False,5558480,0.29607642651120913,31,5E4vCZrj...,0.0,0.4503481437543351,0.4503481437543351,0.03197204163232915,,COUNTER,838637.534343767,0.0,0.0,OK,0.0,0.0,1295.967040512703,282054.036242512,0.1175358663522225,282054.036242512,0.1175358663522225,0.0,DORMITORY,True,True,1.1753586635222253,0,,7914.189988834001,0.0032979537864648643,30.0
109,60,16,110,75,Hippius,2026-08-20,8886173,0.020484902,0.02001850912347436,0.023298082472022464,IN BAND,False,False,0.003133139,35577.024438928,3622273.958160701,1.0,1736743.657814768,1481403.516165062,-0.01292806119265099,-19473.266570611624,,0.0,,,,0.23143839097995408,,0.28346000340960664,-2.581593364492318,-2.2981333610827113,-2.581593364492318,0.7255111099698356,2.813031755472272,1,0.0,,0.0,0.0,0.0008392462043183002,0.009821737629418043,-0.5205377292301402,5DAQpczE...,1525133.9678590929,0.11049246063486531,,,False,5102795,0.0,157,5E2LP6En...,0.0,0.28793288992027916,0.28793288992027916,0.43200720291779215,,COUNTER,784604.879643725,0.0,0.0,DIVERGENT,1.0,0.0,1295.967040512703,552610.286527793,0.15255894305918113,552609.767120331,0.15255879966653108,0.5194074620958418,DORMITORY,True,True,1.5255879966653108,0,,7000.262729364003,0.0019325602674510457,30.0
110,59,2,3,51,lium.io,2026-08-20,8886173,0.077851294,0.07732633966952562,0.006788816497947633,IN BAND,False,False,0.011328375,145829.157505839,3809134.912522099,1.0,1873175.769594119,1884954.827462233,0.015805744069074572,-19267.41122879181,DISTRIBUTING_PRE_EMA,0.0,,0.20302480867016254,0.20302480867016254,0.20414963652798976,,0.0825972673916962,-2.4518072405183244,-2.3692099731266283,-2.4518072405183244,0.689920430846581,2.655956877046314,1,0.0,,0.0,0.0,0.0005035477225909801,0.03828406209148491,-0.5082411592094421,5FqACMtc...,216.587394526,0.0,,,False,3966206,0.829241855210528,61,5FUY2npW...,,7.1131745607810135,7.1131745607810135,0.0,,COUNTER,1171146.945421614,47834.295633396,0.0,OK,0.0,0.0,1295.967040512703,465790.932756125,0.1222826031246334,465790.932756125,0.1222826031246334,0.0,DORMITORY,True,True,1.2228260312463362,0,,6734.154918988998,0.0017678961427307885,30.0
111,62,41,111,50,Synth,2026-08-20,8886173,0.005370479,0.0053209601901471615,0.009306367287718616,IN BAND,False,False,0.000799462,11638.818214149,3365508.576385336,1.0,2167184.417611268,1192511.049717754,-0.0056701551055483215,-19083.605221403297,,0.0,,,,0.18051541808994725,,0.11322746866724315,-2.679307475402618,-2.566080006735375,-2.679307475402618,0.7808626661776498,2.859822893492565,1,0.0,,0.02215520100435242,0.0,0.0018463416495002605,0.0034582643157752588,-0.3560603596485046,5DxyiWpG...,2234429.967460766,0.09340194040506421,,,False,4763204,0.0,8,5G9hfkx9...,0.009994659342336155,0.3151202396285217,0.3119707201815593,0.02592626503082464,,COUNTER,467621.570700214,0.0,0.0,DIVERGENT,0.9999814003168256,0.0,1295.967040512703,212500.00519846,0.06314053296120012,212500.00519846,0.06314053296120012,0.0,DORMITORY,True,True,0.6314053296120011,,,6846.182699234003,0.0020342193590803513,30.0
112,61,47,112,26,Perturb,2026-08-20,8886173,0.003995173,0.003998837899416685,-0.0009164911178868758,IN BAND,False,False,0.000348702,2109.661572579,830188.904463051,1.0,528052.517400437,55949.587064947,-0.00014188253281285655,870.5569666824304,ACCUMULATING_PRE_EMA,0.0,,,,0.43437718537942616,,-0.011150641934290322,-2.6428619455333364,-2.654012587467627,-2.6428619455333364,3.1655445957805664,3.0772391309127625,1,0.0,,0.0,0.0,6.103608758678547e-05,0.002541182568494439,-0.36393678859602857,5FsVAEPM...,1602315.687656883,8.02291682948173,BUYBACK_GAMING,,True,8123781,0.850040438876257,0,5EHfTi6R...,0.179995422293431,0.6405983361767473,0.5252935681361444,0.9526352732932523,,COUNTER,93577.704880545,1668.571827101,0.0,OK,1.0,0.0,1295.967040512703,4679.330834291,0.005636465157670946,716.07193135,0.0008625409560407706,3963.2589029410005,NEITHER,False,False,0.026617240292801488,,,20386.017130740005,0.024555877609476435,30.0
113,63,27,113,34,BitMind,2026-08-20,8886173,0.01222312,0.012183730257675052,0.003232978857204717,IN BAND,False,False,0.001841095,35050.162115467,2589135.086382976,1.0,2867529.793601045,629161.201849636,-0.0033068888932364145,-11882.351235240232,,0.0,,,,0.13804209076296692,,0.03933457609599072,-2.717672982610762,-2.6783384065147713,-2.717672982610762,1.015010770902386,2.855715073373729,1,0.0,,0.0,0.0,0.0008850232700083893,0.013537401852767795,0.10752425344493012,5DthmKBR...,2836873.540590567,0.6696612551339335,BUYBACK_GAMING,,False,3493948,0.8459306321303663,72,5E2LP6En...,0.0,0.3577992749004386,0.3577992749004386,0.00172434840993713,,COUNTER,359469.273754254,58226.411706465,0.0,DIVERGENT,1.0,0.0,1295.967040512703,139830.392094732,0.05400660352954978,139830.392094732,0.05400660352954978,0.0,DORMITORY,True,True,0.5400660352955015,,,6912.518055970002,0.0026698174584728973,30.0
114,66,70,114,80,OpenRoboto,2026-08-20,8886173,0.017805104,0.01693735085427761,0.051233109190935405,IN BAND,False,True,9.917e-06,3341.287578208,1874987.460272785,1.0,187658.973696089,179375.67450194,-0.0002903473733555673,-9701.8685969465,,0.0,,,,0.007799949986339551,,0.6233361618230474,-3.3152791872512792,-2.6919430254282317,-3.3152791872512792,1.401609373759578,3.323079137237619,1,0.3892272486169957,,2804.087213846011,2803.997124580733,3.0518043793392735e-05,0.0017820319596814202,-0.8999145436229172,5CG1eFia...,281055.834770697,0.056622928471724544,,,False,7151800,0.9061388918560115,0,5HTwtytU...,0.179995422293431,3.8719850767170785,3.175045487719525,0.1038592421907189,,COUNTER,213924.963489242,2501.379452446,0.0,DIVERGENT,-1.0,2.16363305309943,1295.967040512703,399726.613050786,0.21318895273711924,399726.613050786,0.21318895273711924,0.0,FORTRESS,False,True,2.131889527371195,0,,15050.292286765998,0.008026876235522337,30.0
115,64,48,115,1,Apex,2026-08-20,8886173,0.007919272,0.007916118251159787,0.00039839587284469096,IN BAND,False,False,0.000292686,25257.748737044,2531722.04565261,1.0,3189402.522039896,830726.898990718,-0.002493990990679855,-12336.883199477103,,0.0,,,,0.030453181556592664,,0.004847149786277073,-2.846241270148839,-2.841394120362562,-2.846241270148839,1.038028643196719,2.8766944517054314,1,0.21580830668698883,,1611.3372300289338,1611.2471407636558,3.0518043793392735e-05,0.009976509380409978,0.2597760729029105,5HCFWvRq...,11921.842454557,0.12818231738200242,,,False,1497824,0.5186089451116231,226,5CAQAgXx...,0.0899977111467155,0.4025786581701474,0.36634750037831815,0.03247318063206727,,COUNTER,839514.926178757,0.0,0.0,DIVERGENT,-0.9963110846613193,1.2432778692629587,1295.967040512703,192837.392404366,0.07616846910011313,192824.591394465,0.07616341285394149,12.801009900984354,FORTRESS,True,True,0.7616341285394147,,,6658.5421705339995,0.0026300447088841486,30.0
116,65,51,116,54,Yanez,2026-08-20,8886173,0.004929803,0.004927230533212423,0.0005220918262778052,IN BAND,False,False,0.000200998,8827.579294819,3887722.778165334,1.0,1790655.577639044,852412.524651333,-0.0018134332739084883,-25726.88213227596,,0.0,,,,0.0598377795722571,,0.006352117219713296,-3.0872483347361497,-3.0808962175164365,-3.0872483347361497,0.6759741241735828,3.1470861143084066,1,0.11922222304268322,SKIN_IN_GAME,894.7952161959838,893.3988325841733,0.0004730296787975874,0.0022706298258706723,-0.5394075937982364,5FUfruyV...,3517635.918371036,0.5285934848711195,BUYBACK_GAMING,,False,4742549,0.30291279921836833,56,5FqFYjSk...,,1.2237026354537963,1.2237026354537963,0.0,,COUNTER,570349.308945862,0.0,0.0,DIVERGENT,-1.0,0.6893684828826603,1295.967040512703,644081.425659809,0.16567061552772527,644081.425659809,0.16567061552772527,0.0,FORTRESS,True,True,1.6567061552772528,0,,6676.345023191996,0.0017172893758496456,30.0
117,67,64,117,76,Phylax,2026-08-20,8886173,0.002234427,0.0022300812415778637,0.0019486995994198513,IN BAND,False,True,3.7761e-05,1064.525761155,1061745.8617619,1.0,476420.030491961,62414.154639066,-0.0004971316610077797,-3007.6112347101443,,0.0,,,,0.09322076705060665,,0.02370917845960819,-3.500207245037093,-3.4764980665774847,-3.500207245037093,2.475168582846182,3.5934280120876996,1,0.0,,0.0,0.0,0.0001373311970702673,0.001002618234262281,-0.5512861980891383,5FFNhWd8...,701446.704469737,0.0,,,False,7574784,0.553505478741263,124,5CcWKodC...,,15.658143431260198,15.658143431260198,0.0,,COUNTER,475840.83810665,7026.080961259,0.0,OK,0.0,0.0,1295.967040512703,56651.148490303,0.053356599286663586,56651.148490303,0.053356599286663586,0.0,DORMITORY,False,True,0.5335659928666358,,,18976.566794785995,0.01787298399571399,30.0
118,68,32,118,40,Ralph,2026-08-20,8886173,0.005601888,0.005692531820386648,-0.01592328743109095,IN BAND,False,False,0.001151595,2057.508010455,354090.339601884,1.0,367288.292892014,78158.091383822,-1.8552276038102824e-06,3327.1681056880625,ACCUMULATING_PRE_EMA,0.0,,,,1.4709015200046487,,-0.19373333041160654,-4.250240739173529,-4.443974069585136,-4.250240739173529,7.421834786441084,5.721142259178178,1,0.0,,0.0,0.0,0.0,0.0058106866534916694,0.03727290754325493,5HeKCDfd...,729988.54666393,,,,True,8409860,0.0,6,5E2LP6En...,0.0,0.9037574448006582,0.9037574448006582,0.22131172556918757,,COUNTER,22349.634720453,0.042920633,0.0,OK,0.0,0.0,1295.967040512703,22427.898380107,0.0633394811203363,22427.898380107,0.0633394811203363,0.0,DORMITORY,False,True,0.633394811203363,,,29643.774977678,0.083718112759042,30.0
119,69,3,119,15,ORO,2026-08-20,8886173,0.031969213,0.030431281542405486,0.05053784722971444,IN BAND,False,False,0.011033889,13363.462098123,1417986.448109958,1.0,418010.460060149,462897.189458542,-0.0009198017926109515,-19620.596567068365,,0.0,,,,2.1698763448487544,,0.6148771412948589,-5.35762543764064,-4.7427482963457805,-5.35762543764064,1.8533322398834458,7.527501782489394,1,0.0,,0.0,0.0,0.0006561379415579438,0.009424252337485476,-0.7052084973913659,5GMtrkkv...,216.587394526,0.0,,,False,7366897,0.0,76,5DWsubqY...,0.0,0.6870741499045157,0.6870741499045157,0.010636349763467114,,COUNTER,354654.991781899,2797.563389807,0.0,DIVERGENT,1.0,0.0,1295.967040512703,1010.651574802,0.0007127371182912947,1010.651574802,0.0007127371182912947,0.0,NEITHER,False,True,0.0071273711829129465,,,16659.567813373,0.011748749669348836,30.0
120,70,43,120,88,Investing,2026-08-20,8886173,0.004855416,0.004795633023604751,0.012466128267319443,IN BAND,False,False,0.000659515,7736.796763788,3449953.272745152,1.0,1593436.383510677,689793.352347185,-0.0006446650318909965,-43967.87940379814,,0.0,,,,0.22402106103035438,,0.15167122725238655,-5.377568880647991,-5.225897653395605,-5.377568880647991,0.7617494476697309,5.601589941678346,1,0.0,,0.0,0.0,0.0009002822919050857,0.002242580160406572,-0.5381281108752429,5FhMsGJS...,2891409.315187624,0.22707854596236507,BUYBACK_GAMING,,False,5299805,0.0,133,5G7Bt3u3...,0.0,0.25908493891933454,0.25908493891933454,0.002075448663166891,,COUNTER,175269.312981134,0.0,0.0,OK,1.0,0.0,1295.967040512703,880099.726521932,0.25510482517974237,880099.726521932,0.25510482517974237,0.0,DORMITORY,True,True,2.5510482517974236,0,,7400.907312244999,0.0021452195804252286,30.0
121,71,75,121,112,minotaur,2026-08-20,8886173,0.002306786,0.0022836769931018353,0.010119209926784143,IN BAND,False,True,6.8e-08,3440.898055027,1866640.10542901,1.0,1491641.302471015,121479.519533537,-0.0010482548438311206,-26177.463559210533,,0.0,,,,5.193527885515857e-05,,0.12311705410920706,-6.5587398043949845,-6.435622750285777,-6.5587398043949845,1.4078771758715678,6.55879173967384,1,0.3284189971939649,MINER_BURN_ONLY,2364.7316681150114,2364.6866234823724,1.5259021896696368e-05,0.00184336447342975,-0.2008948929680733,5D7Rf7Hb...,1303394.308754327,0.0,,,False,5633022,0.7999969481490524,0,5E1ohAsz...,0.179995422293431,1.3244432266294175,1.086049508748581,0.8021822066229208,,COUNTER,944273.526959349,0.0,0.0,DIVERGENT,-0.8190986422215966,1.8246502801081026,1295.967040512703,109192.016768061,0.058496555629809203,109192.016768061,0.058496555629809203,0.0,FORTRESS,True,True,0.584965556298092,,,10391.789378506995,0.005567109239902809,30.0
122,72,21,122,102,ConnitoAI,2026-08-20,8886173,0.009802836,0.00959431054070592,0.021734282876228292,IN BAND,False,False,0.00225102,4112.834449888,889832.972440802,1.0,419555.559143216,216654.703393984,-9.995717380745074e-05,-11872.201511137595,,0.0,,,,1.438346384246294,,0.26443377499411086,-7.209716785905867,-6.945283010911756,-7.209716785905867,2.953363250623794,8.648063170152161,1,0.08339093129967508,MINER_BURN_ONLY,738.4678310849995,738.2876525544433,6.103608758678547e-05,0.004622029726103024,-0.5285007597696194,5HBc11rC...,893188.50793164,0.0024539752575432556,,,False,7840965,0.2501106346614579,0,5EEinUEy...,0.179995422293431,0.9777096783310115,0.8017264118994465,0.5603741626356187,,COUNTER,123898.03721701,7309.092357836,0.0,DIVERGENT,-0.8233910162918516,0.5696808865311622,1295.967040512703,2002.340459168,0.00225024304693453,2002.340459168,0.00225024304693453,0.0,EXPOSED,False,True,0.0225024304693453,,,20877.86686269401,0.02346268064828644,30.0
123,73,18,123,118,Ditto,2026-08-20,8886173,0.010256199,0.009888883912935853,0.037144240977857484,IN BAND,False,False,0.002640047,6930.71162825,2115789.743421178,1.0,675758.326687384,705753.129801521,-0.0019519015973399523,-42648.31951896404,,0.0,,,,1.0010578838282802,,0.4519215985639327,-8.144858871775202,-7.692937273211269,-8.144858871775202,1.2420893938877837,9.145916755603482,1,0.0,,0.0,0.0,4.57770656900891e-05,0.0032757090584262013,-0.680611788204753,5DUJfND9...,1595974.557596053,0.0,,,False,5724794,0.6500183116645304,139,5Cg3DiRf...,,0.46236755446808664,0.46236755446808664,0.009888751545117428,,COUNTER,320927.826926128,1788.13704218,0.0,OK,0.0,0.0,1295.967040512703,116535.973171312,0.05507918427795964,116535.973171312,0.05507918427795964,0.0,DORMITORY,True,True,0.5507918427795992,,,11902.866223170999,0.005625732074834793,30.0
124,74,68,124,123,MANTIS,2026-08-20,8886173,0.002713228,0.0026524232234805822,0.022924236215828293,IN BAND,False,True,1.3442e-05,6116.10933753,1918533.375263843,1.0,2254181.653259437,542071.405266664,-0.0026115959502149458,-38870.79781669052,,0.0,,,,0.005775824801435988,,0.2789115406259109,-8.98472880384961,-8.705817263223699,-8.98472880384961,1.3697963422911987,8.990504628651045,1,0.14386994404923448,SKIN_IN_GAME,1046.536100171972,1040.9956103573693,0.0018768596932936532,0.003187908751751005,0.17495055769401066,5HVuEdEG...,1737082.163577322,0.3998113667071212,BUYBACK_GAMING,,False,5794330,0.3765364153366355,203,5C8VKzRF...,,6.172564470435297,6.172564470435297,0.0,,COUNTER,276033.775670942,8560.983387542,0.0,DIVERGENT,-1.0,0.8032577818842804,1295.967040512703,350656.879907587,0.1827734062011632,350656.879907587,0.1827734062011632,0.0,FORTRESS,True,True,1.8277340620116316,0,,8549.963993304003,0.004456510427986787,30.0
125,75,22,125,49,Nepher Robotics,2026-08-20,8886173,0.008137726,0.00775512820109725,0.04933481291110275,IN BAND,False,False,0.002199133,4055.753475141,2114695.920924186,1.0,498389.101711322,117872.626768044,-3.683535129229573e-05,-65324.1419421396,,0.0,,,,1.4249686425526837,,0.60024022375175,-11.89170980110979,-11.29146957735804,-11.89170980110979,1.2427318622960624,13.316678443662473,1,0.0,,0.0,0.0,0.0,0.0019178896762464617,-0.7643211781465165,5FL781vf...,1727458.398689056,0.267676444723023,BUYBACK_GAMING,,False,6783158,1.0,52,5DACoz1E...,,0.4818278583466528,0.4818278583466528,0.010270418752289097,,COUNTER,694239.379284267,837.682351088,0.0,OK,1.0,0.0,1295.967040512703,80451.602286592,0.03804405233421561,80451.602286592,0.03804405233421561,0.0,DORMITORY,False,True,0.38044052334215606,,,12509.478654574003,0.00591549760454779,30.0
126,76,52,126,99,Thirty Spokes,2026-08-20,8886173,0.003337024,0.0032653389498591423,0.021953325900194852,IN BAND,False,False,0.000164727,692.40489944,251829.133707016,1.0,207491.691134752,27946.56269781,,-1804.534960986639,,,,,,0.6252159052457903,,0.26709879845237067,-13.564744286516365,-13.297645488063996,-13.564744286516365,10.435647223634886,14.189960191762156,1,0.0,,0.0,0.0,1.5259021896696368e-05,0.002749502765019874,-0.1760614352729037,5DebFXsw...,1007520.215785141,6.45161145338004,BUYBACK_GAMING,,True,8572056,0.48249763481551555,1,5E2LP6En...,0.0,0.9393541176271079,0.9393541176271079,0.0021057771538438063,,COUNTER,71412.968505913,0.012273672,0.0,OK,0.0,0.0,1295.967040512703,0.0,0.0,0.0,0.0,0.0,NEITHER,False,,,,,34845.798020090006,0.1383707973225625,30.0
127,127,127,127,36,SN36,2026-08-20,8886173,0.005260333,0.0,,N/A,False,True,0.0,502.143770759,0.0,0.0,95458.544371282,0.994240422,,-443361.4732689733,,,,,,,,,,,,,-365.0,1,,,0.0,,1.0,,,5DCjvVt6...,774610.684272715,,,,True,8884359,,0,5EFY7fKV...,,0.0,0.0,0,,COUNTER,0.0,0.0,0.0,DIVERGENT,1.0,,,0.0,,0.0,,0.0,,False,,,,,0.0,,30.0
128,128,128,128,86,SN86,2026-08-20,8886173,0.00598997,0.0,,N/A,False,True,0.0,709.206153468,0.0,0.0,118398.940430478,2.080493178,,,,,,,,,,,,,,,,,,,,,0.0,,,5F4XAWGz...,332448.38130729,,,,True,8693284,1.0,0,5F1N5GEH...,,0.0,0.0,0.0,,,0.0,0.0,,NO_ESTIMATE,,,,0.0,,0.0,,0.0,,False,,,,,0.0,,30.0
