combined_apy_rank,real_apy_rank,emission_rank,epr_rank,netuid,name,date,block,spot_price,moving_price,momentum_30d,ema_band,ema_lag_flag,low_emission,tao_emission,tao_reserves,alpha_outstanding,alpha_out_emission,alpha_in_pool,volume,ema_tao_inflow,pool_growth_real,pool_ema_divergence,flow_momentum,flow_price_divergence,emission_price_ratio,emission_price_ratio_raw,emission_apy,price_apy_7d,price_apy_30d,combined_apy_7d,combined_apy_30d,real_apy,gross_emission_rate,net_supply_delta,supply_days_gap,supply_defence,supply_defence_quality,burned_tokens,manual_burn,miner_burn_rate,liquidation_price,liquidation_haircut,owner_coldkey,owner_stake,owner_inflow_pct,owner_inflow_flag,large_entry_anomaly,immune,registered_at,vali_miner_share,best_validator_uid,best_validator_hotkey,best_validator_take,best_validator_raw_apy,best_validator_apy,best_validator_div_pct,best_validator_trust,burned_source,alpha_burned_cum,alpha_recycled_cum,recycled_tokens,recon_flag,recon_gap_relative,burn_coverage,owner_cut_emission,total_locked_alpha,locked_float_ratio,owner_locked_alpha,owner_lock_ratio,community_locked_alpha,commitment_class,gate_eligible,leader_is_owner,leader_pct_of_threshold,leader_blocks_to_threshold,governance_flag,basket_alpha,basket_share,ema_halving_days
1,1,73,14,99,Thirty Spokes,2026-09-30,9182355,0.001195974,0.001272057881578803,-0.0598116506179516,IN BAND,False,True,3.964e-06,429.685126681,401891.203006257,1.0,359276.379955284,32701.128202573,,21019.95339693816,,,,,,0.02424424620062289,-9.51539725137038,-0.7277084158517444,2.641509124569726,11.429197960088363,12.156906375940107,6.5390831656474075,-12.132662129739485,1,0.0,,0.0,0.0,1.5259021896696368e-05,0.001069157830444749,-0.10603589171273874,5DebFXsw...,1099915.384625769,,,ENTRY_REPEATED,True,8572056,0.14999847407452627,18,5CkCPddn...,,11.231955884125467,11.231955884125467,0.0,,COUNTER,94717.016826704,0.012273672,0.0,OK,1.0,0.0,1295.967040512703,0.0,0.0,0.0,0.0,0.0,NEITHER,False,,,,,56915.9004235,0.14162016983142048,30.0
2,2,76,15,103,Capcomp,2026-09-30,9182355,0.001078768,0.001165339956060052,-0.07428901378508196,IN BAND,False,True,2.795e-06,315.317479536,246516.192870359,1.0,292294.065564152,37004.540192212,,13890.67980245169,,,,,,0.02329480754066914,-12.832396505500068,-0.9038496677184972,-3.1576711633974863,8.770875674384085,9.674725342102581,10.660557302140575,-9.651430534561912,1,0.0,,0.0,0.0,0.0,0.0012790943907762808,0.1856992335481595,5H3SQ4du...,1102487.934126648,,,,True,8762380,1.0,103,5H6VKx1U...,,0.9281632674969801,0.9281632674969801,0.018204290902432325,,COUNTER,60139.256694016,0.014698804,0.0,OK,1.0,0.0,1295.967040512703,0.0,0.0,0.0,0.0,0.0,NEITHER,False,,,,,62954.68683537103,0.2553774910375905,30.0
3,3,14,16,3,Teutonic,2026-09-30,9182355,0.027621861,0.028215623227879405,-0.021043739600715858,IN BAND,False,False,0.003815224,78734.054868653,3317692.402999728,1.0,2850425.381286847,3551482.559412654,-0.03954664999786193,68140.2624189672,ACCUMULATING_PRE_EMA,0.0,,,,0.12734525979547756,-3.828570533399108,-0.2560321651420429,2.788797438116701,6.361335806373766,6.617367971515809,0.7921168332615359,-6.490022711720331,1,0.0,,0.0,0.0,7.629510948348184e-05,0.023731571618111652,-0.14084095861203375,5GsGUrd2...,3204529.831939048,,,ENTRY_REPEATED,False,4165565,0.0,204,5E6yHkmZ...,0.179995422293431,0.3313399994717527,0.27170031634412933,0.9854426709799494,,COUNTER,578475.334942498,0.0,0.0,DIVERGENT,1.0,0.0,1295.967040512703,387299.281144554,0.11673754950711318,387196.564922497,0.11670658936687711,102.7162220570026,DORMITORY,True,True,1.1670658936687721,0,,20775.762052619008,0.0062621121939557675,30.0
4,4,16,1,9,iota,2026-09-30,9182355,0.02405144,0.024868426844477654,-0.03285237339647302,IN BAND,False,False,0.003308323,52781.470779399,4003322.195578881,1.0,2194524.33679568,1131631.0272317,0.01301328860220348,59189.47695694771,,0.0,,0.5410606850235777,0.5410606850235777,0.1647220646870159,-2.4028033030143705,-0.39970387632375504,2.3555606065213617,4.358660033211978,4.758363909535732,0.6564547822062048,-4.593641844848716,1,0.05148929903206039,MINER_BURN_ONLY,421.7616916790139,421.7166470463749,1.5259021896696368e-05,0.013184417391557662,-0.45182419881896213,5Fsbubec...,12366.131454508,,,ENTRY_REPEATED,False,1489797,0.359797967467269,209,5Fsbubec...,0.179995422293431,17.951168515209027,14.720040357653435,0.0,,COUNTER,1205907.991000392,46681.104420658,0.0,DIVERGENT,-0.938024931897263,0.3254069230646003,1295.967040512703,566487.003304132,0.1415042246486528,566487.003304132,0.1415042246486528,0.0,FORTRESS,True,True,1.415042246486528,0,,14170.519107756003,0.003539689891412036,30.0
5,5,20,17,75,Hippius,2026-09-30,9182355,0.016077147,0.016385725932195783,-0.01883217951238071,IN BAND,False,False,0.002377881,32255.663835304,3688537.356876504,1.0,2006305.156966969,1572430.563578768,-0.01292806119265099,47894.8544642115,ACCUMULATING_PRE_EMA,0.0,,,,0.1937356273275752,-1.964236129178067,-0.22912485073396527,2.1119484737258505,3.8470597521699523,4.0761846029039175,0.712477533974448,-3.8824489755763425,1,0.0,,0.0,0.0,0.0023804074158846333,0.008744838594401134,-0.45607024714017147,5DAQpczE...,1541559.7076637652,,,,False,5102795,0.0,157,5E2LP6En...,0.0,0.29279714140350344,0.29279714140350344,0.42130964916296604,,COUNTER,784604.879643725,0.0,0.0,OK,1.0,0.0,1295.967040512703,553136.886511208,0.14996103685380882,552609.767120331,0.14981812942469078,527.1193908770801,DORMITORY,True,True,1.4981812942469082,0,,42303.156673475016,0.011468816113414076,30.0
6,7,61,18,55,NIOME,2026-09-30,9182355,0.002445813,0.00248563289642334,-0.016020023101817736,IN BAND,False,True,5.1919e-05,6281.543357752,3036887.267567842,1.0,2568284.113481025,573250.071114894,-0.002858824195392448,37108.93927493924,ACCUMULATING_PRE_EMA,0.0,,,,0.0217212752072493,0.6033497368248726,-0.19491028107211578,4.203695093076504,3.405435075179515,3.6003453562516308,0.8653597478133233,-3.5786240810443815,1,0.008024661176578293,MINER_BURN_ONLY,59.18423030897975,59.00405177842356,6.103608758678547e-05,0.002068415059338937,-0.15430367761601674,5GeWUxaF...,1267294.27147677,,,,False,4703386,0.020051578642169443,142,5E2LP6En...,0.0,0.3086340775755406,0.3086340775755406,0.5535022127269953,,COUNTER,322211.956148509,0.0,0.0,DIVERGENT,0.8112478054137109,0.04552897560965803,1295.967040512703,14841.866940702,0.004887197196683708,14841.866940702,0.004887197196683708,0.0,NEITHER,True,True,0.04887197196683707,,,14323.670716099996,0.004716563195831574,30.0
7,8,88,19,65,True Performance Network,2026-09-30,9182355,0.002009797,0.002050552750006318,-0.01987549454955144,IN BAND,False,True,1.04e-07,5432.787038646,3296728.130145315,1.0,2703151.575630772,306452.110154189,-0.00012719120635281114,39087.02489603963,ACCUMULATING_PRE_EMA,0.0,,,,5.030788029344822e-05,-3.50225898441779,-0.2418185170195425,-0.003220282941066799,3.2572201844571804,3.499038701476723,0.7971539951898191,-3.4989883935964294,1,0.3074704715377793,MINER_BURN_ONLY,2214.0381595131475,2213.9030256152305,4.57770656900891e-05,0.0016479329881552989,-0.18005003084625013,5GxEEHxL...,1444622.441958674,,,ENTRY_REPEATED,False,4950813,0.7500305194408838,0,5DAmVrUg...,0.179995422293431,0.9035657723267189,0.740928069566881,0.46148211451593213,,COUNTER,1059093.816683079,0.0,0.0,DIVERGENT,-0.9896147039370283,1.7083019524473237,1295.967040512703,171794.150223016,0.05211049969578279,171794.150223016,0.05211049969578279,0.0,FORTRESS,True,True,0.5211049969578279,,,19415.78497745599,0.005889410412680942,30.0
8,9,78,20,10,Pareton,2026-09-30,9182355,0.006188801,0.006340068997815251,-0.02385904599261893,IN BAND,False,True,2.533e-06,16213.12375494,3433553.65364238,1.0,2619751.710657288,1028777.971636443,0.0019830543029549486,39487.84891371848,,0.0,,,0.3204262510549214,0.0004105762776264354,-0.4361582332149584,-0.2902850595768636,2.9666513907280994,3.112524564366194,3.4028096239430576,0.7653877775325184,-3.402399047665431,1,0.33494406636693513,MINER_BURN_ONLY,2412.629738921998,2412.584694289359,1.5259021896696368e-05,0.004721966041724965,-0.23701440041052138,5HK5714c...,797423.430897061,,,ENTRY_REPEATED,False,2869647,0.8206579790643025,201,5GKbzKzG...,0.179995422293431,1.4188424253506215,1.1634572838318005,0.22941688159079462,,COUNTER,853125.328368255,0.0,0.0,DIVERGENT,-0.9905188923348712,1.8616096080151128,1295.967040512703,56821.053750726,0.016548759530945187,19553.617521736,0.005694862959544303,37267.43622899,FORTRESS,True,False,0.07236107439527516,,,22671.33026545299,0.00660287636437625,30.0
9,6,10,21,38,ChronoLLM,2026-09-30,9182355,0.018792998,0.019865319365635514,-0.05397956840756825,IN BAND,False,False,0.005506765,8166.298542934,1950409.919763627,1.0,434539.553244363,269378.274553446,-0.0014355570088288021,19975.98724527005,ACCUMULATING_PRE_EMA,0.0,,,,1.7721343818028674,29.406300427706494,-0.6567514156254136,33.16879403320036,3.1057421898684527,3.7624936054938662,1.3474090617414882,-1.9903592236909988,1,0.0,,0.0,0.0,6.103608758678547e-05,0.004186965242631501,-0.7772061039632154,5GeWgtBA...,1943711.431042859,,,,False,7284230,0.0,9,5DkrZxTv...,0.179995422293431,0.8412264276978937,0.6898095216000169,0.008392974317498587,,COUNTER,485297.062238849,10641.406258159,0.0,OK,1.0,0.0,1295.967040512703,26476.179697569,0.013574674446271114,26476.179697569,0.013574674446271114,0.0,DORMITORY,False,True,0.1357467444627153,,,25029.208210179986,0.012832793740719547,30.0
10,10,3,22,90,KubeTEE,2026-09-30,9182355,0.022380741,0.022696281783282757,-0.013902752278797198,IN BAND,False,False,0.012936165,3409.605369264,394175.339167473,1.0,152345.507574536,96046.418801594,,3749.4887644372648,,,,,,9.970726209684042,-1.412832022740849,-0.1691501527253659,1.8310723891863567,3.07475425920184,3.243904411927206,6.667083754023088,6.726821797756836,1,0.0,,0.0,0.0,3.051804379328171e-05,0.00864997129568109,-0.6135082705402342,5C9y6fnL...,464949.865927774,0.18420721134781307,,,True,8618670,0.14470572078189614,0,5EKtGWqs...,0.179995422293431,1.1138287065327328,0.9133446381378275,0.33592235972716034,,COUNTER,0.0,116598.877903157,354.4159620940045,DIVERGENT,0.2602332441772173,0.0,1295.967040512703,87338.126657617,0.2215717676353916,87338.126657617,0.2215717676353916,0.0,DORMITORY,False,True,2.215717676353916,0,,55907.33153694799,0.14183366127122093,30.0
11,12,67,23,106,Nodexo,2026-09-30,9182355,0.002044399,0.0020507811568677425,-0.0031120613949321566,IN BAND,False,True,2.6408e-05,5509.699842699,2259786.750600591,1.0,2695020.89131281,365493.740138343,-0.0008091572467977437,22246.42642353289,ACCUMULATING_PRE_EMA,0.0,,,,0.012596008127731938,-6.120022477131075,-0.03786341363834124,-3.704254766332966,2.3779042971597675,2.4157677107981086,1.1629415914141226,-2.4031717026703765,1,0.0,,0.0,0.0,0.00010681315327687457,0.0024381503437148084,0.19260004711155124,5CTdHCps...,973037.234063233,,,,False,5558480,0.3355054327920889,31,5E4vCZrj...,0.0,0.47458564535859543,0.47458564535859543,0.031802713302507286,,COUNTER,838637.534343767,0.0,0.0,OK,1.0,0.0,1295.967040512703,338040.308217626,0.14958947260301617,338040.308217626,0.14958947260301617,0.0,DORMITORY,True,True,1.4958947260301625,0,,13354.201981694008,0.005909496539062732,30.0
12,11,59,24,60,Bitsec.ai,2026-09-30,9182355,0.004031614,0.0041568109299987555,-0.030118504812243825,IN BAND,False,True,7.7755e-05,7001.140941787,4040776.659701528,1.0,1736560.316609007,975056.515612912,0.00042835187573598795,36970.928032344906,,0.0,,,0.10624823600076494,0.029186691383453766,1.9425106381602424,-0.3664418085489665,4.630255477211856,2.321303030502647,2.6877448390516134,0.6503700207459913,-2.6585581476681597,1,0.1410243787660374,MINER_BURN_ONLY,1035.0036230209516,1034.9585783883126,1.5259021896696368e-05,0.0017326225949602816,-0.5702409518966147,5CXLwkK1...,154152.255210334,,,,False,4796992,0.8505050813318278,113,5CXLwkK1...,0.179995422293431,2.446431834778753,2.006085303565658,0.0,,COUNTER,697948.254873829,0.0,0.0,DIVERGENT,-0.984684255466372,0.7985994597353866,1295.967040512703,1052555.533976072,0.2604834720199109,1052555.533976072,0.2604834720199109,0.0,FORTRESS,True,True,2.6048347201991104,0,,10272.679112411002,0.002542253625363643,30.0
13,18,5,25,80,OpenRoboto,2026-09-30,9182355,0.027598423,0.026333730900660157,0.04802555718787795,IN BAND,False,False,0.00802806,5391.830669264,2214321.439907113,1.0,195367.501123602,348205.693493779,-0.0002903473733555673,-4330.993713643227,,0.0,,,,3.9129088011363495,0.5320546434555231,0.5843109457858484,2.1897887404336966,2.2420450427640217,1.6577340969781735,1.1868195613506953,2.255174704158176,1,0.01673067945558212,MINER_BURN_ONLY,155.72692126000766,155.50169809681242,7.629510948348184e-05,0.0024349810158954058,-0.9117710089487575,5CG1eFia...,318026.565344537,0.027403908595579694,,,False,7151800,0.6500228902792614,21,5FnDM5Hk...,,12.348209634286093,12.348209634286093,0.0,,COUNTER,258858.980870402,2501.379452446,0.0,DIVERGENT,-0.8196183829433471,0.11998892968396305,1295.967040512703,319255.904337397,0.14417775964396085,319255.904337397,0.14417775964396085,0.0,DORMITORY,False,True,1.4417775964396091,0,,25009.49666346401,0.011294429170370638,30.0
14,14,2,13,107,Minos,2026-09-30,9182355,0.041567101,0.04185875807888806,-0.006967647686498303,IN BAND,False,False,0.01294705,20905.272740916,1682183.118917576,1.0,502928.749272844,604351.860903426,0.001226016808458981,11880.675088971038,,0.0,,0.02949488366915415,0.02949488366915415,1.6275725182674246,2.220880201837061,-0.08477304685239602,4.409400215534008,2.1037469668445508,2.1885200136969467,1.5622556013349027,-0.560947495429522,1,0.0,,0.0,0.0,0.00016784924086366004,0.01242746553916662,-0.7010264069373849,5DA2vLrS...,1222945.103582794,,,ENTRY_REPEATED,False,7457580,0.0,2,5G9hfkx9...,0.009994659342336155,0.6076115495813803,0.6015386791308455,0.01849506340510598,,COUNTER,406798.248425295,11728.725039684,0.0,DIVERGENT,1.0,0.0,1295.967040512703,41164.694002343,0.024470994589953436,41164.694002343,0.024470994589953436,0.0,DORMITORY,False,True,0.24470994589953438,,,27111.844447772008,0.01611705892353592,30.0
15,15,43,26,50,Synth,2026-09-30,9182355,0.003964164,0.004000069573521614,-0.008976237253294366,IN BAND,False,False,0.000342314,10145.635843507,3288373.854889076,1.0,2559337.83047517,1231978.42801574,-0.0056701551055483215,25590.572206240613,ACCUMULATING_PRE_EMA,0.0,,,,0.0886687838865936,-0.7301495627687961,-0.10921088658174812,1.3245217698341798,1.9454604460212277,2.0546713326029757,0.7991792040594021,-1.9660025487163821,1,0.0,,0.006013146019540727,0.0,0.001785305561913475,0.0030853048622870873,-0.22170100372056067,5DxyiWpG...,2222448.405105202,,,,False,4763204,0.10914427221865541,220,5Ff9fYuf...,,11.438510854032915,11.438510854032915,0.0,,COUNTER,467621.653125688,0.0,0.0,DIVERGENT,0.9998477699956728,0.0,1295.967040512703,212500.00519846,0.0646216076929696,212500.00519846,0.0646216076929696,0.0,DORMITORY,True,True,0.646216076929696,,,28288.217471801,0.008602494339183104,30.0
16,13,39,27,102,ConnitoAI,2026-09-30,9182355,0.005688184,0.005858615506440401,-0.029090747848710196,IN BAND,False,False,0.000479255,3415.246804306,1034179.279982271,1.0,600410.763878644,240594.506919082,-9.995717380745074e-05,12789.731062874198,ACCUMULATING_PRE_EMA,0.0,,,,0.3687821736373559,2.187678934744364,-0.35393743215930734,4.389369626421075,1.8477532595174038,2.201690691676711,2.5411454772571465,-1.8329085180393554,1,0.09456528402616635,MINER_BURN_ONLY,738.4166118740104,738.2364333434542,6.103608758678547e-05,0.0033023740374730263,-0.41943262779948287,5HBc11rC...,837587.512322423,,,,False,7840965,0.25014115456806707,0,5EEinUEy...,0.179995422293431,0.9514900339710626,0.7802261834984502,0.4895165720563999,,COUNTER,156131.339504861,7309.092357836,0.0,DIVERGENT,-0.6798234112367795,0.5696413645299169,1295.967040512703,2002.340459168,0.0019361637753971693,2002.340459168,0.0019361637753971693,0.0,EXPOSED,False,True,0.019361637753971695,,,29305.19309776001,0.028336666248295353,30.0
17,20,62,28,78,Umi,2026-09-30,9182355,0.003424629,0.0033889475744217634,0.010528762925559541,IN BAND,False,True,4.5221e-05,1389.502836944,1058130.2405567,1.0,405738.275250063,178800.127597777,0.0001379181554245564,11776.123678887496,,0.0,,,0.040272436933914996,0.08552756053479692,-3.5167511717627633,0.12809994892764107,-1.8847545727055701,1.7600965479848343,1.6319965990571932,2.483626210907048,-1.5464690385223963,1,0.12329124312050271,MINER_BURN_ONLY,904.103513317008,899.4188715225471,0.0015869382772564222,0.0013131680616300686,-0.6165517311130436,5GvYz1tB...,823536.035716765,,,ENTRY_REPEATED,False,7966145,0.30664363986489585,200,5E2LP6En...,0.0,1.5043536460175424,1.5043536460175424,0.8118352585720171,,COUNTER,88560.43008705,8107.779671713,0.0,DIVERGENT,-0.976450727026775,0.6940136927916964,1295.967040512703,58208.194228534,0.0550104249906984,58208.194228534,0.0550104249906984,0.0,FORTRESS,False,True,0.5501042499069899,,,33336.89719107,0.03150547627627664,30.0
18,16,7,29,4,Targon,2026-09-30,9182355,0.052270246,0.05278477491810918,-0.009747676653114925,IN BAND,False,False,0.007050632,133933.844132939,3777435.30419756,1.0,2562334.330014554,2337581.45465379,-0.0046476622979413,24963.144031178206,ACCUMULATING_PRE_EMA,0.0,,,,0.13834487478466287,-1.7208868964671056,-0.11859673261289826,0.03532277724776711,1.6376129411019744,1.7562096737148727,0.6957101282660526,-1.6178647989302097,1,2.9598507854996985e-06,MINER_BURN_ONLY,0.06923014903441072,0.024185516395363038,1.5259021896696368e-05,0.03545629067005042,-0.32167354502118817,5CXGPMnq...,,,,,False,1411451,3.0518509475996325e-05,50,5E7vw1mZ...,,0.28252411790536747,0.28252411790536747,0.04106390770921077,,COUNTER,561137.231042691,0.0,0.0,OK,0.9973446726420079,1.866213849527755e-05,1295.967040512703,183019.057563734,0.04845061339908579,183019.057563734,0.04845061339908579,0.0,DORMITORY,True,True,0.4845061339908579,,,16019.030017874004,0.004240715916450864,30.0
19,17,12,30,44,Score,2026-09-30,9182355,0.032815962,0.03328978968784213,-0.014233423890184012,IN BAND,False,False,0.004586495,63261.185254561,4156344.025062258,1.0,1927756.539558423,2294219.20086481,-0.0010141890605900883,25261.00597155746,ACCUMULATING_PRE_EMA,0.0,,,,0.190532453849827,-2.9067236808925165,-0.1731733239972388,-1.2209697471389502,1.5125806097563275,1.6857539337535663,0.6322864479344044,-1.4952214799037393,1,0.006327401731113427,MINER_BURN_ONLY,51.92457227502018,51.92457227502018,0.0,0.01522039197744547,-0.5361893709699727,5CaCekux...,296049.800889765,,,ENTRY_PRE_EMA_PATTERN,False,3550319,0.0,244,5Ggasr6f...,0.179995422293431,0.5352965644801357,0.43894563330431086,0.012131848008545705,,COUNTER,508214.964552895,2206.282255223,0.0,OK,-0.19508723310781748,0.04006627533866763,1295.967040512703,245862.449528441,0.05915353686940249,245862.449528441,0.05915353686940249,0.0,DORMITORY,True,True,0.5915353686940248,,,20788.356757892998,0.00500159674765652,30.0
20,21,30,31,19,blockmachine,2026-09-30,9182355,0.009081554,0.009134427644312382,-0.0057883916071417504,IN BAND,False,False,0.001265983,30742.060217661,2717384.18056974,1.0,3385109.958715833,1682510.844344839,-0.008205630128196056,18936.205416292418,ACCUMULATING_PRE_EMA,0.0,,,,0.10822317373800051,-2.4131274252915866,-0.07042543122022463,-0.8655207967605012,1.4771811973108608,1.5476066285310854,0.9671065353184622,-1.4393834547930848,1,0.0,,0.0,0.0,0.0002441443503471419,0.011313107817980846,0.24572378449556598,5FWh37Lf...,1289561.463631656,,,,False,1956072,0.19678261267723862,61,5E2LP6En...,0.0,0.4345277388446666,0.4345277388446666,0.20567365063862902,,COUNTER,1013639.146969995,0.0,0.0,OK,1.0,0.0,1295.967040512703,169426.407925181,0.06234908156772232,169426.407925181,0.06234908156772232,0.0,DORMITORY,True,True,0.6234908156772254,,,33561.940746575965,0.012350826573053503,30.0
21,19,19,32,28,SayGM,2026-09-30,9182355,0.020154987,0.020585087360814214,-0.020893783605356656,IN BAND,False,False,0.002768167,22068.770446151,5113771.012099604,1.0,1094953.357972459,6600485.041623045,-0.0018433106521580824,26777.28209313727,ACCUMULATING_PRE_EMA,0.0,,,,0.32963970030640216,-0.6431122624492367,-0.25420770053183933,1.0106753058696456,1.399579867787043,1.6537875683188823,0.5139064681977225,-1.32414786801248,1,0.10259293023411711,MINER_BURN_ONLY,841.5173480929807,840.1209644811702,0.0004730296787975874,0.004315557030992289,-0.7858814282047272,5CA6rwAy...,3205846.730023171,,,ENTRY_REPEATED,False,4878363,0.12431301905227166,219,5FHBJCMk...,0.179995422293431,3.53248381504221,2.8966528990089775,0.0,,COUNTER,1415209.09135947,33762.848582854,0.0,DIVERGENT,-0.9632830942759533,0.6482579712434711,1295.967040512703,374500.414812966,0.07323370833908424,374495.370539416,0.07323272192934119,5.044273550040089,FORTRESS,True,True,0.7323272192934129,,,36056.22149828602,0.00705080876968758,30.0
22,91,91,33,94,Cathedral,2026-09-30,9182355,0.005479111,0.004919891944155097,0.11366490609804213,IN BAND,False,True,0.0,2532.887560276,2063782.551670455,1.0,462280.716743286,132985.09386331,-7.290167659344193e-05,-39430.16610040155,,0.0,,,,,19.167937712133845,1.3829230241928459,19.167937712133845,1.3829230241928459,,1.273389969244996,8.43282977917499,1,0.41000228793499344,,2952.016473131953,2952.016473131953,0.0,0.0012273035055102317,-0.7760031681215745,5CnwnkkC...,849628.153883629,0.07016379734909348,,,False,6962737,1.0,0,5EeKtCKE...,0.179995422293431,1.7692186767135847,1.4507674138690978,0.3951135392503968,,COUNTER,824845.567288129,0.075116968,0.0,DIVERGENT,-0.991185711982786,2.2778484180925567,1295.967040512703,273.723032556,0.00013263172146428154,273.723032556,0.00013263172146428154,0.0,EXPOSED,False,True,0.0013263172146428153,,,20331.696177264992,0.009851665894165171,30.0
23,23,26,34,124,Swarm,2026-09-30,9182355,0.009508159,0.00962859415449202,-0.012508072576289208,IN BAND,False,False,0.001605092,12132.581087027,3591081.057446009,1.0,1276017.939205267,312380.723050442,-7.80977163950547e-05,17981.60959568643,ACCUMULATING_PRE_EMA,0.0,,,,0.3476738993741714,-2.7034352844627447,-0.15218154967818534,-1.3310122673660936,1.2202414674184658,1.3724230170966512,0.7318130551664696,-1.0247491177224797,1,0.0,,0.0,0.0,0.00021362630655374915,0.0033785316713668776,-0.644670259367047,5HKYqfJr...,2331125.856139308,,,,False,5813454,0.0,45,5G9hfkx9...,0.009994659342336155,0.3548732163809423,0.35132637947349565,0.005783610560048833,,COUNTER,897004.632666029,6243.286010635,0.0,DIVERGENT,1.0,0.0,1295.967040512703,1000000.110795789,0.27846770785702984,1000000.110795789,0.27846770785702984,0.0,DORMITORY,True,True,2.7846770785702986,0,,22542.76818004799,0.006277432288337289,30.0
24,25,29,4,61,RedTeam,2026-09-30,9182355,0.010834249,0.010845169425010681,-0.0010069390880603731,IN BAND,False,False,0.00149035,13723.782512708,4930766.519663543,1.0,1266703.626377781,854808.184981956,0.001606769924520486,20518.62092357152,,0.0,,0.1483046886332856,0.1483046886332856,0.2853906928627917,11.451992966792298,-0.012251092238067873,12.668166974472001,1.2039229154416358,1.2161740076797036,0.5329800122394205,-0.930783314816912,1,0.0,,0.0,0.0,0.000869764248111693,0.002783295955705576,-0.743102087121537,5ECEsYL8...,,,,,False,4457976,0.007483429548856058,250,5DeeFuir...,,5.395962625394786,5.395962625394786,0.0,,COUNTER,808370.14496251,0.0,0.0,DIVERGENT,1.0,0.0,1295.967040512703,1021287.884224886,0.20712558182425858,1021287.884224886,0.20712558182425858,0.0,DORMITORY,True,True,2.071255818242586,0,,37412.95970394399,0.0075876559059821205,30.0
25,24,86,35,45,AlphaRidge.ai,2026-09-30,9182355,0.0025922,0.0026156860403716564,-0.008978921785398811,IN BAND,False,True,1.66e-07,6451.658574583,3333396.840719747,1.0,2488873.768638083,751658.199898827,-0.0007759101295867152,18357.345081201755,ACCUMULATING_PRE_EMA,0.0,,,,6.761796132837e-05,3.1812764055466207,-0.10924354838901887,4.421316541258372,1.1307965873227326,1.2400401357117514,0.7883849795191389,-1.239972517750423,1,0.30550788024798536,MINER_BURN_ONLY,2207.1402506651357,2199.797975544971,0.002487220569161508,0.0019354606975597775,-0.25335209568714695,5FbcZiAH...,982.030117289,,,,False,3633154,0.7820167655877134,55,5E2LP6En...,0.0,0.3441099283747371,0.3441099283747371,0.2308748798242,,COUNTER,1103358.741966654,0.0,0.0,DIVERGENT,-0.9070126911183342,1.6974181493648939,1295.967040512703,111021.150595575,0.03330571063108205,111019.200205241,0.03330512552512942,1.9503903340082616,FORTRESS,True,True,0.3330512552512942,,,15192.153405484,0.004557559190043425,30.0
26,22,77,36,71,Leadpoet,2026-09-30,9182355,0.003734139,0.0038178605027496815,-0.02192890565000579,IN BAND,False,True,2.608e-06,4865.390404981,4524622.50248241,1.0,1302948.256493106,1431927.538559333,-0.0022417272015353455,24314.788176199654,ACCUMULATING_PRE_EMA,0.0,,,,0.0014086894225349969,-4.039833697798647,-0.26680168540840377,-2.6615439320377425,1.1114880803525007,1.3782897657609046,0.5808219356549993,-1.3768810763383696,1,0.2867963175216158,MINER_BURN_ONLY,2066.4209921399597,2066.3759475073207,1.5259021896696368e-05,0.0010753141068258467,-0.7120315802850813,5DwHzMhB...,2793155.290999318,,,ENTRY_REPEATED,False,5048438,0.7000030518509477,0,5FNVgRnr...,0.0,0.5157667013324508,0.5157667013324508,0.637032289568455,,COUNTER,1010507.744897728,0.0,0.0,DIVERGENT,-0.9887957871636521,1.5944664354194014,1295.967040512703,63565.086413894,0.01404870492047002,63565.086413894,0.01404870492047002,0.0,FORTRESS,True,True,0.14048704920470018,,,21224.421281367006,0.004690871176484301,30.0
27,26,79,37,46,Instant,2026-09-30,9182355,0.003468009,0.003508788300678134,-0.011622046468364153,IN BAND,False,True,2.011e-06,8381.888862379,3460957.664605273,1.0,2416916.350751354,1477016.420519631,-0.006844200137852545,15940.825129068922,ACCUMULATING_PRE_EMA,0.0,,,,0.0006305151603382157,-1.467648429731954,-0.14140156536509718,-0.5346455107201407,0.7916013536467162,0.9330029190118134,0.7593274043413435,-0.9323724038514752,1,0.294199146641237,MINER_BURN_ONLY,2119.5524423439056,2119.4623530786275,3.0518043793392735e-05,0.002421840910710755,-0.30166244934463704,5Ft9E2ov...,673720.29164106,,,,False,3919107,0.694169349793234,238,5CDnZ6oe...,0.179995422293431,1.452919936550629,1.1914009990126535,0.2143075138863456,,COUNTER,1064234.978908399,28041.129768459,0.0,DIVERGENT,-0.9400350643523645,1.6354292098664314,1295.967040512703,170546.563629432,0.049277275296831194,170546.563629432,0.049277275296831194,0.0,FORTRESS,True,True,0.492772752968313,,,10806.985356338999,0.0031225419099633945,30.0
28,27,32,38,17,404—GEN,2026-09-30,9182355,0.00879338,0.00884933932684362,-0.006323559847442189,IN BAND,False,False,0.001225207,25463.214284102,3210264.025939899,1.0,2895725.344949339,682215.12225937,-0.008483605846616416,14667.996411014348,ACCUMULATING_PRE_EMA,0.0,,,,0.12645080703775544,0.5845212619354083,-0.07693664481054663,1.447497595195464,0.7860396884495091,0.8629763332600557,0.8186242560627317,-0.7365255262223003,1,0.0,,0.0,0.0,0.0,0.007931813108937947,-0.09797903548601941,5E7a4a7Q...,859397.454210876,,,,False,2840556,1.0,106,5CsvRJXu...,0.0899977111467155,0.8496357636914136,0.7731704896507947,0.004288112314970243,,COUNTER,340475.604612198,0.0,0.0,OK,1.0,0.0,1295.967040512703,554742.148381698,0.17280265545114498,547770.129782848,0.17063086567232494,6972.018598850002,DORMITORY,True,True,1.7063086567232526,0,,37884.21512199301,0.011800965533014468,30.0
29,28,13,39,8,Vanta,2026-09-30,9182355,0.028587504,0.02876907610334456,-0.006311363725839331,IN BAND,False,False,0.003948549,80752.019377251,3343481.899297058,1.0,2824731.365807382,1437100.115718018,-0.008329727580013033,14532.70252342755,ACCUMULATING_PRE_EMA,0.0,,,,0.12850188579832952,1.0350033203931477,-0.07678825866437852,1.8569684837232565,0.7451769046657303,0.8219651633301088,0.7860069469951422,-0.6934632775317793,1,0.15798502084340563,MINER_BURN_ONLY,1299.1088263420388,1294.6043630781342,0.0015259021896696368,0.02415207314094582,-0.1551527849039979,5F6tnxzA...,20892.26690194,,,,False,1477264,0.9667914724535799,174,5CM9pBQo...,,6.127711974112187,6.127711974112187,0.0,,COUNTER,798378.00421715,0.0,0.0,DIVERGENT,-0.9798869485316553,0.9989485246214056,1295.967040512703,607572.315197227,0.18171844008635565,607571.159893335,0.18171809454720608,1.155303892097436,FORTRESS,True,True,1.8171809454720609,0,,16908.903558762,0.005057273844466443,30.0
30,30,58,40,32,ItsAI,2026-09-30,9182355,0.002736669,0.0027527804486453533,-0.0058527910038309134,IN BAND,False,True,8.358e-05,6892.446741266,3607478.022496178,1.0,2518553.271082629,307294.441685729,-0.0011755096356559623,11477.444867961574,ACCUMULATING_PRE_EMA,0.0,,,,0.03186796332932638,-0.4250744558363271,-0.07120895721327611,0.0974381764482487,0.45130367507129965,0.5225126322845758,0.7284867665476635,-0.4906446689552494,1,0.0,,0.0,0.0,0.005447470817120603,0.0019105997869660763,-0.30185207382914186,5DWgkCSv...,85815.88190502,,,ENTRY_REPEATED,False,2515294,0.0,82,5E7sa41c...,0.013550011444266423,0.25320411674687693,0.2497731980672214,0.8519654519929195,,COUNTER,17419.272873099,0.0,0.0,DIVERGENT,1.0,0.0,1295.967040512703,634410.218859858,0.17585975989422128,634410.218859858,0.17585975989422128,0.0,DORMITORY,True,True,1.7585975989422127,0,,12031.748089998002,0.0033352242245048218,30.0
31,31,22,41,56,Gradients,2026-09-30,9182355,0.01523592,0.015267502749338746,-0.0020686257508690437,IN BAND,False,False,0.002116679,49963.912179291,2847373.617137919,1.0,3279349.795589402,2865669.609187369,-0.009019599530651996,10950.660718940198,ACCUMULATING_PRE_EMA,0.0,,,,0.11133300354942173,-2.0606933209240808,-0.025168279968906696,-1.593784362166359,0.44174067878881507,0.46690895875772176,0.9229558018598114,-0.35557595520830004,1,0.0,,0.0,0.0,7.629510948348184e-05,0.017547367819440916,0.15171041981323843,5EJ1zbdw...,15249.79274766,,,,False,4312927,0.0,146,5GP7c3fF...,0.0009918364232852674,0.3874757286207527,0.3870914160799676,0.03276461970455378,,COUNTER,841047.343861356,0.0,0.0,OK,1.0,0.0,1295.967040512703,264724.185506575,0.0929713557480618,264724.185506575,0.0929713557480618,0.0,DORMITORY,True,True,0.9297135574806181,,,22529.294340246994,0.007912307048378378,30.0
32,92,92,42,24,Quasar,2026-09-30,9182355,0.005022926,0.004883704707026482,0.02850731183095732,IN BAND,False,True,0.0,9706.853186399,4100764.426617351,1.0,1932509.442806196,1601652.170113681,-0.003987432863262727,-74188.63425889309,,0.0,,,,,6.397966438797092,0.3468389606099807,6.397966438797092,0.3468389606099807,,0.6408561250049156,7.3887910611168195,1,0.41000228793790383,MINER_BURN_ONLY,2952.0164731529076,2952.0164731529076,0.0,0.0023670838352463012,-0.5287440357977996,5ELutYW7...,334633.321748838,0.004970417401880891,,,False,2538424,1.0,155,5ELpkVn8...,0.179995422293431,3.2199005379369146,2.640333180868114,0.0,,COUNTER,726260.188307697,0.0,0.0,DIVERGENT,-0.9922087155647086,2.2778484181087255,1295.967040512703,700000.000065042,0.17069988110545034,0.0,0.0,700000.000065042,EXPOSED,True,False,1.1541853912182718,0,TAKEOVER_IMMINENT,14684.327931750006,0.003580875759757517,30.0
33,32,4,7,64,Chutes,2026-09-30,9182355,0.070428666,0.0706552118062973,-0.0032063566226137896,IN BAND,False,False,0.009521481,202899.419433647,3442305.04709385,1.0,2880920.969285683,5067997.390706258,0.006078987608972017,10180.773724019527,,0.0,,0.08631410978268447,0.08631410978268447,0.12332441432235317,1.9146259805181238,-0.0390106722418011,2.253438698484131,0.299802045724206,0.3388127179660071,0.7634419274429721,-0.2154883036436539,1,0.0,,0.0,0.0,0.0001831082627603564,0.058942893397824776,-0.16308377333421628,5FRYKhbm...,721457.693845463,,,,False,4531295,0.17708285640156896,194,5FEm1mew...,,12.66560865129005,12.66560865129005,0.0,,COUNTER,274207.517615115,0.0,0.0,OK,1.0,0.0,1295.967040512703,788134.114371404,0.22895533765573234,788133.728683554,0.22895522561224846,0.38568785006646067,DORMITORY,True,True,2.2895522561224873,0,,13413.774227251997,0.0038967418760799577,30.0
34,33,24,43,34,BitMind,2026-09-30,9182355,0.011790115,0.01185852405615151,-0.005768766486249387,IN BAND,False,False,0.001724529,34852.83956722,2813459.373450708,1.0,2956106.852149681,638703.085960261,-0.0033068888932364145,9337.103870871477,ACCUMULATING_PRE_EMA,0.0,,,,0.1300342315942177,0.695859844163929,-0.0701866589160342,1.0085592225328817,0.24251271945291847,0.3126993783689527,0.9340813749788602,-0.18266514677473494,1,0.009985887302829703,MINER_BURN_ONLY,84.48695772199426,82.41490462059807,0.0007019150072480329,0.012387895093175982,0.05070180343245012,5DthmKBR...,3014244.470243129,,,,False,3493948,0.7031409855090167,72,5E2LP6En...,0.0,0.3412148251290785,0.3412148251290785,0.0015869867089863122,,COUNTER,360192.773797759,70194.435210903,0.0,DIVERGENT,0.7396871734807836,0.06359336468001034,1295.967040512703,130398.789921365,0.04634820433231665,130398.789921365,0.04634820433231665,0.0,DORMITORY,True,True,0.46348204332316817,,,12187.816788368993,0.004331968289067787,30.0
35,34,34,44,11,TrajectoryRL,2026-09-30,9182355,0.007684988,0.0077170270960778,-0.004151740777751515,IN BAND,False,False,0.001079802,20207.306512476,3417209.939545943,1.0,2629451.926769273,1019044.009564493,-0.004553696919034271,9192.793394204695,ACCUMULATING_PRE_EMA,0.0,,,,0.1404303762229761,-0.8264722032071438,-0.0505128461293101,-0.5675206134950344,0.20843874358279937,0.25895158971210946,0.7690484478542725,-0.11852121348913337,1,0.0,,0.0,0.0,0.0,0.00591339334426758,-0.23052666519875115,5D2Jhtbn...,2064174.816770227,,,,False,2918568,1.0,189,5GgqDcxk...,0.0,0.3584288481878256,0.3584288481878256,0.1530702557529146,,COUNTER,1146672.996281127,59096.263369892,100.0,OK,0.22330374415225693,0.0,1295.967040512703,46180.459268605,0.01351408315133871,46180.459268605,0.01351408315133871,0.0,DORMITORY,True,True,0.1351408315133871,,,12066.691561219997,0.003531153126290901,30.0
36,93,93,45,42,Unknown,2026-09-30,9182355,0.002025549,0.00200664927251637,0.009418550487365344,IN BAND,False,True,0.0,6654.56665165,2492647.62829383,1.0,3285313.634277747,371861.913700749,-0.0007519273179352004,-24071.235257958062,,0.0,,,,,-6.194716598952504,0.11459236426294502,-6.194716598952504,0.11459236426294502,,1.054300644090162,4.633786317796555,1,0.4100022880315373,,2952.0164738270687,2952.0164738270687,0.0,0.0026696780467943336,0.31800220423911413,5EC5HHfL...,126865.913822345,0.07147963183759076,,,False,3613591,1.0,11,5Gbdb5s2...,0.179995422293431,8.493108832049586,6.964388121240752,0.0,,COUNTER,575291.364408598,0.0,0.0,DIVERGENT,-0.9922087155664879,2.277848418628925,1295.967040512703,5444.016612431,0.002184029764430573,5444.016612431,0.002184029764430573,0.0,EXPOSED,True,True,0.02184029764430573,,UNDEFENDED_BURNER,10460.895585368999,0.004196700514997895,30.0
37,94,94,46,76,Ormas,2026-09-30,9182355,0.006031148,0.005977938650175929,0.008900952809628626,IN BAND,False,True,0.0,510.856292001,87227.596081399,1.0,84702.996036621,9518.424006791,,-1929.9987247945392,,,,,,,-3.231363817779084,0.10829492585048162,-3.231363817779084,0.10829492585048162,,30.12808008084511,42.54478170596104,1,0.41000228793777804,SKIN_IN_GAME,2952.0164731520017,2952.0164731520017,0.0,0.005856590287370518,-0.028942700896990425,5CLWmDjL...,516349.374132119,0.9233500486752791,BUYBACK_JUSTIFIED,,True,9003844,1.0,0,5CqaQ34d...,0.179995422293431,3.1214858665450658,2.55963269981331,0.49587230860787695,,COUNTER,18251.251847668,0.0,0.0,DIVERGENT,-0.9918506989307851,2.2778484181080265,1295.967040512703,0.0,0.0,0.0,0.0,0.0,EXPOSED,False,,,,,19122.742020234004,0.21922812136642003,30.0
38,95,95,47,72,StreetVision by NATIX,2026-09-30,9182355,0.002049163,0.0020340506453067064,0.007429684569636147,IN BAND,False,True,0.0,6071.035990948,2527934.865404905,1.0,2962690.067515283,246738.325098717,-0.000693472829379333,-20021.9422523994,,0.0,,,,,-0.6608715996309518,0.09039449559723979,-0.6608715996309518,0.09039449559723979,,1.0395837471781804,3.969801606697718,1,0.4100022879374996,MINER_BURN_ONLY,2952.016473149997,2952.016473149997,0.0,0.0024015792788140487,0.17198059832919518,5FjP8fFb...,0.014126817,7.738939408119687e-08,,,False,5064327,1.0,228,5E2LP6En...,0.0,0.39756280079311657,0.39756280079311657,0.34987562758473345,,COUNTER,527922.532297366,0.0,0.0,DIVERGENT,-0.9922087155647009,2.27784841810648,1295.967040512703,351232.438837767,0.1389404622897629,345244.194862193,0.13657163386086474,5988.243975573976,FORTRESS,True,True,1.365716338608649,0,,9915.520884724998,0.003922379892148371,30.0
39,96,96,48,39,deprecated,2026-09-30,9182355,0.006978355,0.006932066520676017,0.00667744303750124,IN BAND,False,True,0.0,17634.188389564,3635190.789799013,1.0,2526983.571598342,1112740.216519077,-0.008167090216750057,-1156.254245444201,,0.0,,,,,0.24302117602460516,0.08124222362293175,0.24302117602460516,0.08124222362293175,,0.7229331696632352,0.8386173678374638,1,0.4100022879340233,MINER_BURN_ONLY,2952.016473124968,2952.016473124968,0.0,0.004850966402932314,-0.30485531290220774,5DkwfxC9...,450077.602067704,0.0,,,False,3280104,1.0,136,5GP7c3fF...,0.0009918364232852674,2.7733227101228533,2.770572027645429,0.15844893100764545,,COUNTER,1598385.600635141,0.0,0.0,DIVERGENT,-0.9922087155649504,2.2778484180871668,1295.967040512703,438609.222775888,0.1206564519272834,437034.27836691,0.12022320247765407,1574.9444089779863,FORTRESS,True,True,1.2022320247765408,0,,8624.942829045998,0.0023726245272322733,30.0
40,97,97,49,109,Finsight,2026-09-30,9182355,0.002351983,0.0023387568071484566,0.005655223668881478,IN BAND,False,True,0.0,1268.444582153,1691266.486217924,1.0,539308.450986331,70625.306889191,-0.000708007104294364,-1178.8770973702194,,0.0,,,,,-1.5557372465447445,0.06880522130472465,-1.5557372465447445,0.06880522130472465,,1.5538651190782098,1.8122837727489445,1,0.41000228793640014,MINER_BURN_ONLY,2952.016473142081,2952.016473142081,0.0,0.000749996876594856,-0.6811214721386779,5FqZqKFx...,716736.84172059,0.0,,,False,7257480,1.0,0,5DyQkk4x...,0.179995422293431,2.0909953580833855,1.7146257655915627,0.39094738127212797,,COUNTER,771568.640000074,1308.746301495,0.0,DIVERGENT,-0.9922087155645223,2.2778484181003718,1295.967040512703,222817.609974098,0.1317460091533957,222817.609974098,0.1317460091533957,0.0,FORTRESS,False,True,1.3174600915339614,0,,24264.884227264996,0.014347167891635502,30.0
41,98,98,50,58,SN58,2026-09-30,9182355,0.006210564,0.00618870765902102,0.0035316486386492998,IN BAND,False,True,0.0,990.172422424,625999.058469492,1.0,159433.575452616,25642.296552144,,-3740.0055208951817,,,,,,,0.11092613791173746,0.04296839177023314,0.11092613791173746,0.04296839177023314,,4.19808938119685,6.478322892923501,1,0.3895021735366653,SKIN_IN_GAME,2804.41564946399,2804.41564946399,0.0,0.001581747462759572,-0.7453133946032,5DCsuLti...,836840.06855779,0.4007303326932837,BUYBACK_GAMING,,True,8511017,1.0,0,5DsnuvVc...,0.179995422293431,2.018736835314354,1.6553734461426426,0.5678991622285635,,COUNTER,115536.878038014,0.045668707,0.0,DIVERGENT,-0.9917986479627597,2.1639559971791593,1295.967040512703,213417.539421567,0.3409230996981889,213417.539421567,0.3409230996981889,0.0,FORTRESS,False,True,3.4092309969818886,0,,46941.481778558,0.07498650540038422,30.0
42,99,99,51,37,Aurelius,2026-09-30,9182355,0.002726861,0.0027201613411307335,0.0024629637837885318,IN BAND,False,True,0.0,7201.388332811,3504483.570582078,1.0,2640907.435017451,360236.055504453,-0.0011818962588911177,-2561.5737525676377,,0.0,,,,,-2.981796457879993,0.029966059369427134,-2.981796457879993,0.029966059369427134,,0.7498965103047984,1.0164265436690114,1,0.41000228793612525,SKIN_IN_GAME,2952.016473140102,2952.016473140102,0.0,0.0020549071461661563,-0.2464202809874958,5GRBbS3a...,1415141.340798386,0.38100528407399936,BUYBACK_JUSTIFIED,,False,3212175,1.0,110,5E2LP6En...,0.0,0.6488731941970652,0.6488731941970652,0.4428098341141819,,COUNTER,1353930.252267386,0.0,0.0,DIVERGENT,-0.9900287409084069,2.2778484180988445,1295.967040512703,45507.151093348,0.01298540859924462,45507.151093348,0.01298540859924462,0.0,FORTRESS,True,True,0.1298540859924462,,,9894.124253574006,0.00282327597042512,30.0
43,35,63,52,20,Witness,2026-09-30,9182355,0.002285388,0.0022847731597721577,0.0002691034010150138,IN BAND,False,True,4.0404e-05,6397.372852828,3217162.786813214,1.0,2799249.226658602,288538.44719831,-0.0009316292818717833,,,,,,,0.016597705721194865,-3.3282692950275807,0.003274091379016001,-3.311671589306386,0.019871797100210867,0.016597705721194865,0.8168688295077496,,,,,,,0.0,0.001988513879076964,-0.1299009712674768,5CFVA7aP...,1558968.497844107,,,,False,1970929,1.0,78,5Dc2Kn6m...,0.0,0.5436792987560305,0.5436792987560305,0.005997253166488631,,,1435279.45134117,0.0,,NO_ESTIMATE,,,,507964.892400345,0.15789219447720693,501923.087457499,0.15601420279844866,6041.804942846007,,True,True,1.560142027984487,0,,10609.505072235996,0.0032977831012229643,30.0
44,100,100,53,113,LongShort,2026-09-30,9182355,0.001925807,0.0019240020774304867,0.0009381084306956082,IN BAND,False,True,0.0,1596.120903911,1647724.454671847,1.0,828805.926508911,68688.083780806,-0.0004889739469761811,-642.2743098235223,,0.0,,,,,-1.312484131768844,0.011413652573463232,-1.312484131768844,0.011413652573463232,,1.5949268656836073,1.7398521109498584,1,0.41000228793694987,SKIN_IN_GAME,2952.016473146039,2952.016473146039,0.0,0.0009686819294242227,-0.4969994763627806,5GndoVhM...,580056.687815378,0.4574050775536198,BUYBACK_JUSTIFIED,,False,7119664,1.0,0,5FRumLA6...,0.179995422293431,1.821245739684398,1.4934298436697926,0.00025946275946275946,,COUNTER,826703.949302737,0.0,0.0,DIVERGENT,-0.9913282034598827,2.2778484181034258,1295.967040512703,55938.833437749,0.03394914318297808,55938.833437749,0.03394914318297808,0.0,FORTRESS,False,True,0.3394914318297858,,,22509.587702106015,0.013661014521137832,30.0
45,29,15,11,110,Green Compute,2026-09-30,9182355,0.016599611,0.017420894466340542,-0.04714358771459004,IN BAND,False,False,0.003532132,8791.535640075,3127409.870761588,1.0,529623.047913101,450966.14567611,0.0008840356011466324,4642.187326089246,,0.0,,0.05325640469205166,0.05325640469205166,1.0558386243339863,18.478757064964068,-0.5735803171941788,19.059822974204074,0.007485592045827771,0.5810659092400066,0.84031198614847,0.4747727150939798,1,0.0,,0.0,0.0,0.0,0.0028111235825747658,-0.8306512373949748,5D53sX6A...,1631595.086197116,,,,False,5606062,1.0,155,5FmpATto...,0.179995422293431,6.30989471806643,5.174142553660973,0.0,,COUNTER,653602.202903777,0.0,0.0,OK,1.0,0.0,1295.967040512703,9205.92186508,0.0029436249949668955,9205.92186508,0.0029436249949668955,0.0,NEITHER,True,True,0.02943624994966896,,,21731.59743845999,0.006948752589684672,30.0
46,101,101,54,12,Compute Horde,2026-09-30,9182355,0.004719227,0.004716994008049369,0.0004733930013099326,IN BAND,False,True,0.0,12579.183597656,3654482.445711814,1.0,2665517.73845515,425323.685860776,-0.0016389071287063602,-588.96171943238,,0.0,,,,,0.0730478539788695,0.005759614849270846,0.0730478539788695,0.005759614849270846,,0.719116876066461,0.777250604032732,1,0.4076124128215136,SKIN_IN_GAME,2935.0345954780933,2934.809372314898,7.629510948348184e-05,0.003442124509974448,-0.27061688069371365,5ELzhHvg...,1640120.007923158,4.145926109412168,BUYBACK_GAMING,,False,2256433,0.005829391118571614,157,5Hdt5YNb...,,2.6313286467725154,2.6313286467725154,0.0,,COUNTER,1665936.998881414,0.0,0.0,DIVERGENT,-0.9921636358101417,2.2645709964613343,1295.967040512703,3870.537061652,0.0010591204415809155,3870.537061652,0.0010591204415809155,0.0,EXPOSED,True,True,0.010591204415809154,,UNDEFENDED_BURNER,10073.419165452997,0.0027564557540215285,30.0
47,102,102,55,52,Dojo,2026-09-30,9182355,0.006093975,0.006091572344303131,0.00039442291104292823,IN BAND,False,True,0.0,17586.786542212,3176480.404462508,1.0,2885929.852798907,766449.299610528,-0.001055169699966047,-118.11891439789906,,0.0,,,,,-0.2236182889164111,0.004798812084355626,-0.2236182889164111,0.004798812084355626,,0.8273307766382031,0.8402004251903576,1,0.4100022879373541,MINER_BURN_ONLY,2952.0164731489494,2952.0164731489494,0.0,0.005536563838865507,-0.09146922347638327,5Fv1ZvNP...,47447.060238786,,,,False,3989825,1.0,140,5G9hfkx9...,0.009994659342336155,0.3992311046333494,0.3952409257436745,0.021135035326791902,,COUNTER,1221810.868073037,0.0,0.0,DIVERGENT,-0.9922087155646981,2.2778484181056715,1295.967040512703,167638.354572778,0.05277487446082453,167638.354572778,0.05277487446082453,0.0,FORTRESS,True,True,0.5277487446082453,,,9312.444411185,0.0029316864030082875,30.0
48,103,103,56,29,hoτfloaτ,2026-09-30,9182355,0.002801261,0.0028004031628370285,0.000306326308424335,IN BAND,False,True,0.0,8348.191016519,3105661.233655915,1.0,2980154.31642848,209735.859209358,-0.011022358310089313,246.16082758409902,ACCUMULATING_PRE_EMA,0.0,,,,,0.15302728473103658,0.003726970085829409,0.15302728473103658,0.003726970085829409,,0.8461966075116238,0.8163628927888547,1,0.0,,0.0,0.0,0.0,0.002688055904504335,-0.0404121913294281,5HHHHHzg...,3467.020437305,,,,False,3379782,1.0,144,5Hmmmmha...,0.0,0.3440386377294948,0.3440386377294948,0.8434915305966733,,COUNTER,610829.352749762,0.0,0.0,OK,1.0,0.0,1295.967040512703,3165.974907187,0.0010194205578114793,3165.974907187,0.0010194205578114793,0.0,NEITHER,True,True,0.010194205578114793,,,10194.887523922,0.003282678552779823,30.0
49,104,104,57,104,TAOstatus,2026-09-30,9182355,0.004159429,0.004160998621955514,-0.00037722241656888917,IN BAND,False,True,0.0,5921.755677072,3239220.148097515,1.0,1423694.318157708,76177.086004268,-0.0017383027949343672,-695.8605384058319,,0.0,,,,,-0.2513589977441011,-0.004589539401588151,-0.2513589977441011,-0.004589539401588151,,0.8113063885279604,0.5553299789949482,1,0.0,,0.0,0.0,0.0,0.001828142394258079,-0.5604823656665184,5HBb3F1b...,1146840.852264508,1.6287123742317173,BUYBACK_GAMING,,False,5528520,1.0,25,5Coeuhim...,0.179995422293431,1.32589896876667,1.0872432239650884,0.41123691518906214,,COUNTER,340321.172598343,236516.792986999,2952.016473137017,OK,0.007731049628634255,0.0,1295.967040512703,3017.92106809,0.000931681370857893,3017.92106809,0.000931681370857893,0.0,NEITHER,True,True,0.00931681370857893,,,11497.256600891,0.003549390308541907,30.0
50,105,105,58,31,rec4ll,2026-09-30,9182355,0.003995717,0.003998402506113052,-0.0006716447653647617,IN BAND,False,True,0.0,1802.10751874,1901337.414638607,1.0,451009.712154197,56281.966142836,-3.4653599990985635e-05,1927.1479541193112,ACCUMULATING_PRE_EMA,0.0,,,,,0.5080593513674286,-0.0081716779786046,0.5080593513674286,-0.0081716779786046,,1.3821849713610732,1.010609922847415,1,0.41000228793473475,MINER_BURN_ONLY,2952.01647313009,2952.01647313009,0.0,0.0009478104753345591,-0.7627933921910487,5H3mfhC8...,953613.992471035,,,,False,7173591,1.0,0,5CDZ527X...,0.179995422293431,1.6558813877885319,1.3578303181257025,0.46557091841406467,,COUNTER,805495.037702957,729.248648798,0.0,DIVERGENT,-0.9922087155644906,2.277848418091119,1295.967040512703,537527.111689664,0.28271000588910905,537527.111689664,0.28271000588910905,0.0,FORTRESS,False,True,2.827100058891091,0,,20790.637256828002,0.010934743668724229,30.0
51,106,106,59,22,Desearch,2026-09-30,9182355,0.002944777,0.0029494198970496655,-0.001574172960014884,IN BAND,False,True,0.0,7447.754843712,3635809.609088783,1.0,2529140.426739798,272018.288570755,-0.0015173520545156394,844.7466558781452,ACCUMULATING_PRE_EMA,0.0,,,,,-0.5938648540778629,-0.019152437680181086,-0.5938648540778629,-0.019152437680181086,,0.7228101255441252,0.635315753528807,1,0.4100022879373541,MINER_BURN_ONLY,2952.0164731489494,2952.0164731489494,0.0,0.0020484446779320156,-0.3043803731379267,5DFuaMas...,1913685.1870468159,,,,False,2009702,1.0,131,5E2LP6En...,0.0,0.41296595102504846,0.41296595102504846,0.1303657810807099,,COUNTER,1262305.247046656,0.0,0.0,DIVERGENT,-0.9871605361227749,2.2778484181056715,1295.967040512703,763677.586285475,0.2100433379064835,763677.586285475,0.2100433379064835,0.0,FORTRESS,True,True,2.1004333790648353,0,,10124.505038910007,0.002784663150017759,30.0
52,107,107,60,119,CapabilityForge Next,2026-09-30,9182355,0.002234304,0.002238648245111108,-0.0019405661968534603,IN BAND,False,True,0.0,3052.470158495,1641057.914245384,1.0,1366183.48067465,73669.071764244,-0.0008647727937628405,2106.8382989442907,ACCUMULATING_PRE_EMA,0.0,,,,,-5.776846381557052,-0.0236102220617171,-5.776846381557052,-0.0236102220617171,,1.6014060059595439,1.131210154939886,1,0.41000228812859857,MINER_BURN_ONLY,2952.01647452591,2952.01647452591,0.0,0.0018600624219277677,-0.16749805669784965,5GbLENPL...,102658.891411957,,,,False,5740660,1.0,0,5HMwvi1d...,0.179995422293431,11.13609978938508,9.131652805092925,0.06101022432473676,,COUNTER,921186.692962947,0.0,0.0,DIVERGENT,-0.9922087155683323,2.277848419168168,1295.967040512703,20722.542632217,0.012627551076858826,20722.542632217,0.012627551076858826,0.0,FORTRESS,True,True,0.12627551076858826,,,19709.306213952008,0.01201012227713794,30.0
53,108,108,61,69,Herald,2026-09-30,9182355,0.00605854,0.006078683538362384,-0.0033137994822823587,IN BAND,False,True,0.0,3824.780551288,1347255.789884125,1.0,631303.935194633,80229.56317927,0.0011393261345515797,1533.829011441092,,0.0,,,0.18805291944124816,,-4.253758545653526,-0.04031789370110203,-4.253758545653526,-0.04031789370110203,,1.9506318100336606,1.5353001744574086,1,0.41000228808930844,MINER_BURN_ONLY,2952.0164742430206,2952.0164742430206,0.0,0.002838941632321329,-0.5314148900029827,5HBPFVcJ...,881249.810462341,,,,False,8138182,1.0,0,5FWB5CFZ...,0.179995422293431,1.8072730662282057,1.481972187472916,0.47814741339844347,,COUNTER,386032.681307169,4110.268380516,0.0,DIVERGENT,-0.9922087155676647,2.2778484189498838,1295.967040512703,485.813350565,0.0003605947394791184,485.813350565,0.0003605947394791184,0.0,EXPOSED,False,True,0.0036059473947911845,,,21820.701886966,0.016196406095120776,30.0
54,109,109,62,84,SN84,2026-09-30,9182355,0.002519091,0.002529602497816086,-0.004155395096723944,IN BAND,False,True,0.0,1495.079046413,891340.881436694,1.0,593499.208183359,70949.134073319,-0.004139727322791386,1267.3380287922919,ACCUMULATING_PRE_EMA,0.0,,,,,0.22954458073575065,-0.050557307010141314,0.22954458073575065,-0.050557307010141314,,2.9483669544743636,2.4362204368868903,1,0.4100022879333341,MINER_BURN_ONLY,2952.0164731200057,2952.0164731200057,0.0,0.0016773370071427444,-0.33414989488559793,5FRdKaxK...,988834.100458307,,,,False,8085297,1.0,0,5DvbToTj...,0.179995422293431,2.3001703954961177,1.8861502538119457,1.0,,COUNTER,78711.306896922,61159.068233539,0.0,DIVERGENT,-0.9922087155645429,2.277848418083338,1295.967040512703,660.436412233,0.0007409470674883507,660.436412233,0.0007409470674883507,0.0,EXPOSED,False,True,0.0074094706748835054,,,14339.513798148002,0.01608757558055127,30.0
55,110,110,63,57,SN57,2026-09-30,9182355,0.002470112,0.002482295734807849,-0.004908252726298164,IN BAND,False,True,0.0,1267.974862814,1017382.622721916,1.0,513326.759211644,35493.249058331,-0.00013780237056893412,1215.9203255477478,ACCUMULATING_PRE_EMA,0.0,,,,,-2.7733606160604483,-0.05971707483662766,-2.7733606160604483,-0.05971707483662766,,2.5830989652339666,2.151197394837088,1,0.4100022880319496,MINER_BURN_ONLY,2952.0164738300373,2952.0164738300373,0.0,0.0012463107138803364,-0.49544364228005194,5HdpnCSY...,804459.455981884,,,,False,8057320,1.0,0,5Ejcqsbx...,0.179995422293431,2.070025325322673,1.6974302427331216,0.5455197460782518,,COUNTER,462245.127412401,6427.093693354,0.0,DIVERGENT,-0.9922087155664169,2.2778484186312156,1295.967040512703,1254.306998862,0.0012328763739901652,1254.306998862,0.0012328763739901652,0.0,EXPOSED,False,True,0.012328763739901652,,,32802.61908575701,0.032242165683935654,30.0
56,111,111,64,27,Orion,2026-09-30,9182355,0.002187732,0.0021985580679029226,-0.004924167371776099,IN BAND,False,True,0.0,6031.75323072,3420478.35063963,1.0,2757080.195861352,834163.191239523,-0.002571603639063033,-2426.038920728024,,0.0,,,,,-1.4510117074913553,-0.05991070302327586,-1.4510117074913553,-0.05991070302327586,,0.7683135896792224,1.0276236577686166,1,0.4100022879640326,SKIN_IN_GAME,2952.0164733410347,2952.0164733410347,0.0,0.0017634238876536262,-0.19394885312569077,5GLT9wjW...,87184.213581529,0.4309700540289878,BUYBACK_JUSTIFIED,,False,1727132,1.0,203,5H6Bqkzj...,0.179995422293431,12.358728357434863,10.134213827728574,0.0,,COUNTER,1370137.20147555,0.0,0.0,DIVERGENT,-0.9922087155652052,2.2778484182538894,1295.967040512703,29259.979274079,0.008554353009896227,29259.979274079,0.008554353009896227,0.0,FORTRESS,True,True,0.08554353009896226,,,10039.931734795,0.002935242005819897,30.0
57,112,112,65,30,Endure Network,2026-09-30,9182355,0.003231461,0.0032485555857419968,-0.005262211247677352,IN BAND,False,True,0.0,8289.474532735,3475904.336800057,1.0,2565240.376992974,417601.412829415,-0.0016359655505931488,8223.443833873607,ACCUMULATING_PRE_EMA,0.0,,,,,-1.3395936017216556,-0.06402357018007444,-1.3395936017216556,-0.06402357018007444,,0.7560622345606197,-0.10992028586616162,1,0.41000228793638394,MINER_BURN_ONLY,2952.0164731419645,2952.0164731419645,0.0,0.002384839664593977,-0.2619933631895984,5HTogQKF...,62102.144550259,,,,False,3250216,1.0,176,5HW12NvE...,0.179995422293431,17.679713148368577,14.49744571420125,0.018983961299577284,,COUNTER,854882.906701064,18187.150616168,0.0,DIVERGENT,-0.992156656849953,2.2778484181002816,1295.967040512703,4962.596266974,0.0014277137073175617,4962.596266974,0.0014277137073175617,0.0,EXPOSED,True,True,0.014277137073175617,,UNDEFENDED_BURNER,10005.547139966997,0.0028785450261206488,30.0
58,113,113,66,115,MoirAI,2026-09-30,9182355,0.002360388,0.002374818781390786,-0.006076582139178968,IN BAND,False,True,0.0,3378.0111447,1752723.829112596,1.0,1431125.239724405,162007.865747236,-0.0010310414951094963,11920.345803190256,ACCUMULATING_PRE_EMA,0.0,,,,,-4.125910292402112,-0.07393174936001078,-4.125910292402112,-0.07393174936001078,,1.499380539220806,-0.9857089316244438,1,0.4100022882301386,MINER_BURN_ONLY,2952.016475256998,2952.016475256998,0.0,0.0019272923027527312,-0.18348495978087878,5EkNnrTj...,105355.297398841,,,,False,5683635,1.0,0,5EhTo9AX...,0.179995422293431,10.861390464749316,8.906389901352918,0.06202023593327941,,COUNTER,1002143.380184429,0.0,0.0,DIVERGENT,-0.9912915639632095,2.2778484197322935,1295.967040512703,2942.008322496,0.0016785350171142127,2942.008322496,0.0016785350171142127,0.0,EXPOSED,True,True,0.01678535017114213,,UNDEFENDED_BURNER,20338.781145120993,0.011604099178259313,30.0
59,36,6,67,15,ORO,2026-09-30,9182355,0.023420152,0.023554858518764377,-0.0057188421937268905,IN BAND,False,False,0.007284613,13643.056979793,1606996.267238828,1.0,582535.229802633,598281.856508117,-0.0009198017926109515,2619.2112694093958,ACCUMULATING_PRE_EMA,0.0,,,,1.4032018624824698,-3.553113364372146,-0.06957924669034384,-3.5879303709897528,-0.10439625330795062,-0.03481700661760678,1.635349162643346,1.4380188691000766,1,0.0,,0.0,0.0,0.0006561379415579438,0.00848978759809739,-0.6375007473009829,5EHdase3...,216.588029224,0.0,,,False,7366897,0.0,134,5E2LP6En...,0.0,0.5939895912273795,0.5939895912273795,0.22354987867966855,,COUNTER,372945.467614599,2797.563389807,0.0,DIVERGENT,1.0,0.0,1295.967040512703,1010.651574802,0.000628907232335095,1010.651574802,0.000628907232335095,0.0,NEITHER,False,True,0.006289072323350949,,,27201.465367578003,0.016926900156598427,30.0
60,114,114,68,73,Parked,2026-09-30,9182355,0.00310197,0.0031312371138483286,-0.009346821331061399,IN BAND,False,True,0.0,6845.618914301,3573932.213269189,1.0,2206861.696236604,582075.249590931,-0.0012004820451322843,48353.88601837447,ACCUMULATING_PRE_EMA,0.0,,,,,-2.559437135613761,-0.11371965952791369,-2.559437135613761,-0.11371965952791369,,0.7353245230121713,-4.1574680604780765,1,0.4100022879352845,MINER_BURN_ONLY,2952.0164731340483,2952.0164731340483,0.0,0.0019154305414313092,-0.3825115841122547,5GHtVze5...,1504541.137489666,,,ENTRY_PRE_EMA_PATTERN,False,5160047,1.0,0,5Dnkprjf...,0.179995422293431,1.084301242044972,0.8891319820897955,0.5140929969936974,,COUNTER,1613602.876230891,0.0,0.0,DIVERGENT,-0.9922087155646588,2.2778484180941736,1295.967040512703,1002372.370045307,0.28046765026032916,934321.200009569,0.2614266707523576,68051.17003573803,FORTRESS,True,True,2.6142667075235764,0,,10590.413473466995,0.0029632384839721423,30.0
61,115,115,69,117,everyframe.studio,2026-09-30,9182355,0.002672665,0.002701314864680171,-0.01060589606001492,IN BAND,False,True,0.0,2955.76156315,1897168.851303547,1.0,1105923.022390267,238511.49491468,-0.0007537834211656891,8471.68930877163,ACCUMULATING_PRE_EMA,0.0,,,,,-7.463492473660406,-0.12903840206351486,-7.463492473660406,-0.12903840206351486,,1.3852219839021171,-0.8223691335143936,1,0.0,,0.0,0.0,0.0,0.001557985500931608,-0.41706667280350956,5FFDV7LG...,1502859.744367025,,,,False,5710859,1.0,0,5G9K4zDr...,,1.2247675023113826,1.2247675023113826,0.7082996352982467,,COUNTER,289424.602021989,194033.211884694,2952.0164732899866,OK,0.019932470144614124,0.0,1295.967040512703,184995.455974437,0.09751132897176043,154144.143623114,0.08124956485407263,30851.312351322995,DORMITORY,True,True,0.8124956485407263,,,21043.808956336994,0.01109221719610132,30.0
62,37,45,70,33,ReadyAI,2026-09-30,9182355,0.003967066,0.003978675464168191,-0.002917921874439215,IN BAND,False,False,0.000335697,13488.491046775,2061949.9610935,1.0,3400117.579748832,913916.11301828,-0.0054386194078304825,6098.740470875055,ACCUMULATING_PRE_EMA,0.0,,,,0.06540477455489213,-5.505082157588681,-0.03550138280567711,-5.602220611097506,-0.13263983631450244,-0.09713845350882533,1.2745217146813352,0.16254322806371746,1,0.0,,0.0,0.0,0.0052948805981536395,0.0065416190020546085,0.6489816408536204,5HinUfk5...,54497.423889657,,,,False,2943950,0.0,52,5G9hfkx9...,0.009994659342336155,0.5192803215501273,0.514090291633055,0.029406378757820845,,COUNTER,588076.249106669,0.0,0.0,DIVERGENT,1.0,0.0,1295.967040512703,138809.800536348,0.06731967465531216,138808.045342108,0.0673188234250335,1.755194239987759,DORMITORY,True,True,0.6731882342503349,,,14181.629211946001,0.0068777756393395475,30.0
63,116,116,71,120,Affine,2026-09-30,9182355,0.045776247,0.046387994196265936,-0.013187619056725247,IN BAND,False,True,0.0,76382.848512913,2692944.188010855,1.0,1668613.215689908,1539238.759103679,-0.0050901304439632976,14458.474813382374,ACCUMULATING_PRE_EMA,0.0,,,,,-0.357024599458079,-0.16044936519015718,-0.357024599458079,-0.16044936519015718,,0.97588357445357,-0.983313618659878,1,0.34850194474750124,MINER_BURN_ONLY,2509.2140021820087,2509.2140021820087,0.0,0.028364066679500415,-0.3803758818519916,5EfNFhH2...,3078759.351250048,,,ENTRY_REPEATED,False,5749344,1.0,0,5HmYnmUY...,0.179995422293431,0.6933022073248235,0.5685109837404241,0.9810174871059297,,COUNTER,187640.248690342,0.0,0.0,DIVERGENT,-0.993641400389664,1.9361711553939889,1295.967040512703,49537.141438454,0.01839516082769047,49537.141438454,0.01839516082769047,0.0,FORTRESS,True,True,0.18395160827690768,,,18304.895933001,0.006797354365714472,30.0
64,117,117,72,126,Attelier,2026-09-30,9182355,0.00432121,0.00438120705075562,-0.013694182918214878,IN BAND,False,True,0.0,2439.716306681,1427712.144087301,1.0,564590.985854437,68938.220034935,-0.0001583244541660852,5327.288254527608,ACCUMULATING_PRE_EMA,0.0,,,,,-2.479561741493258,-0.16661255883828102,-2.479561741493258,-0.16661255883828102,,1.8407071837859945,0.47352545964159776,1,0.4100022879384697,MINER_BURN_ONLY,2952.016473156982,2952.016473156982,0.0,0.0017088292740135278,-0.6045484311075999,5DqrUa2z...,573763.034583297,,,,False,7525773,1.0,1,5E2LP6En...,0.0,0.6391640377684126,0.6391640377684126,0.40996490157179916,,COUNTER,475066.396444947,5493.154491675,0.0,DIVERGENT,-0.9922087155648771,2.2778484181118697,1295.967040512703,171439.094523612,0.1200795939388808,1096.553699538,0.0007680495708320798,170342.540824074,EXPOSED,False,False,1.0827392656273216,0,,41088.587590544004,0.028779322050812184,30.0
65,118,118,73,118,Ditto,2026-09-30,9182355,0.007188466,0.007309202570468187,-0.016518432661314718,IN BAND,False,True,0.0,6294.632954303,2273551.119657362,1.0,875657.384403325,784044.14402166,-0.0019519015973399523,10190.180775090586,ACCUMULATING_PRE_EMA,0.0,,,,,4.530439937256091,-0.20097426404599572,4.530439937256091,-0.20097426404599572,,1.1559009943862866,-0.48309393664826705,1,0.41000228793805743,MINER_BURN_ONLY,2952.0164731540135,2952.0164731540135,0.0,0.0027686348900972323,-0.6148503880943123,5HGXqHbQ...,1514642.788479644,,,,False,5724794,1.0,0,5HEouuDa...,0.179995422293431,1.1325754908427075,0.9287170870892845,0.592125743934076,,COUNTER,340115.934001563,1788.13704218,0.0,DIVERGENT,-0.9922087155647116,2.277848418109579,1295.967040512703,126810.067442192,0.055776211207999166,106268.691733425,0.0467412809919314,20541.375708766995,FORTRESS,True,True,0.46741280991931594,,,41325.997860781004,0.018176850084201796,30.0
66,119,119,74,25,UR,2026-09-30,9182355,0.00662851,0.006743211066350341,-0.017009858540943053,IN BAND,False,True,0.0,13162.450602638,4086187.442482733,1.0,1985732.771547556,765006.992090611,-0.00189072698649151,22550.762144221226,ACCUMULATING_PRE_EMA,0.0,,,,,1.7617849988712857,-0.20695327891480714,1.7617849988712857,-0.20695327891480714,,0.6431423024498478,-1.3681473572341643,1,0.4100022879369337,MINER_BURN_ONLY,2952.0164731459226,2952.0164731459226,0.0,0.0032212057787149887,-0.514037728129702,5HTeZ516...,769104.952982356,,,,False,2998801,1.0,1,5CyQFykV...,0.179995422293431,1.6740763775584961,1.3727502930283975,0.19496375429225488,,COUNTER,1017340.266039699,0.0,0.0,DIVERGENT,-0.9921088642890827,2.277848418103336,1295.967040512703,1143904.821786172,0.2799442849570173,1143904.821786172,0.2799442849570173,0.0,FORTRESS,True,True,2.799442849570173,0,,7975.312848236998,0.0019517736179501509,30.0
67,38,25,5,83,CliqueAI,2026-09-30,9182355,0.008235255,0.008251381805166602,-0.0019544369109794416,IN BAND,False,False,0.00167259,8143.949393059,2889600.696186478,1.0,988912.845689088,154797.408465201,0.000950791968390149,2760.689718009904,,0.0,,0.11545385885320478,0.11545385885320478,0.5397340169802988,-2.056564053465977,-0.023778982416916537,-2.254704419339921,-0.22191934829086055,-0.198140365873944,0.9094682194215544,0.7378743828542428,1,0.0,,0.0,0.0,0.001907377737087046,0.0028183649747201742,-0.6577683417550307,5DqEjRLy...,1150969.760399602,3.6914311244619564,BUYBACK_GAMING,,False,5231190,0.0,198,5E2LP6En...,0.0,0.393397078906996,0.393397078906996,0.0950833180736129,,COUNTER,345172.824104195,26063.92679357,0.0,DIVERGENT,1.0,0.0,1295.967040512703,8057.340853611,0.002788392480748152,8057.340853611,0.002788392480748152,0.0,NEITHER,True,True,0.027883924807481517,,,14212.487919877007,0.00491849546500795,30.0
68,40,55,75,1,Apex,2026-09-30,9182355,0.006607315,0.006616824539378285,-0.0014371756908003234,IN BAND,False,True,9.7856e-05,23102.379534922,2525336.90749367,1.0,3496484.905528972,839262.931517661,-0.002493990990679855,5363.746464684606,ACCUMULATING_PRE_EMA,0.0,,,,0.01113156190734654,-1.622233402615277,-0.017485637571403933,-1.8905321663820114,-0.28578440133813837,-0.26829876376673445,1.0406532261900137,0.279430325674081,1,0.22029078328213236,MINER_BURN_ONLY,1609.6741896700114,1609.5841004047334,3.0518043793392735e-05,0.00914823660414107,0.38456189906808885,5HCFWvRq...,15505.344237599,,,,False,1497824,0.566645812033632,226,5CAQAgXx...,0.0899977111467155,0.42546979621402187,0.3871784883927004,0.03291571927789901,,COUNTER,910360.701597657,0.0,0.0,DIVERGENT,-0.9930667718869949,1.2419946264744193,1295.967040512703,192837.392404158,0.07636105575930618,192824.591394465,0.07635598672885129,12.801009692979278,FORTRESS,True,True,0.7635598672885128,,,10333.650675127,0.0040919889320363495,30.0
69,41,36,76,77,Liquidity,2026-09-30,9182355,0.005078503,0.005081881070509553,-0.0006647283678392742,IN BAND,False,False,0.000754784,11668.854697249,3364815.943210101,1.0,2297695.698393834,410131.162767786,-0.006935415302332664,4071.3508782284334,ACCUMULATING_PRE_EMA,0.0,,,,0.16998860671970134,-2.02734566174598,-0.008087528475377836,-2.307700380124108,-0.28844224685350567,-0.2803547183781278,0.7810234034652237,0.45034332509782915,1,0.0,,0.0,0.0,6.103608758678547e-05,0.003467902819705699,-0.31714073621582994,5GxxsUeY...,2672282.609921371,,,,False,5128460,0.4969403793624392,42,5E7F9Awq...,,5.5626877838296345,5.5626877838296345,0.0,,COUNTER,140886.89655137,14115.257752168,0.0,DIVERGENT,1.0,0.0,1295.967040512703,369577.913917543,0.10983599702186336,369577.913917543,0.10983599702186336,0.0,DORMITORY,True,True,1.0983599702186335,0,,11310.244402879995,0.003361326323272766,30.0
70,39,54,77,88,Investing,2026-09-30,9182355,0.00290823,0.0029182136058807373,-0.0034211360883996196,IN BAND,False,False,0.000104699,6046.87947408,3277044.362539333,1.0,2079230.15956516,727115.823867684,-0.0006446650318909965,4587.1750954398885,ACCUMULATING_PRE_EMA,0.0,,,,0.04550263870471181,-2.8097142011302183,-0.04162382240886204,-3.07617503355281,-0.30808465483145353,-0.2664608324225915,0.8019421494689812,0.3119634711273033,1,0.0,,0.0,0.0,0.0004730296787975874,0.0018452235627943602,-0.36551663286797803,5FhMsGJS...,2904793.017120876,,,,False,5299805,0.5463941133365902,252,5FWKTXUk...,0.179995422293431,2.1214659392146458,1.7396117816045753,0.0,,COUNTER,175269.313011837,0.0,0.0,DIVERGENT,1.0,0.0,1295.967040512703,1218911.010653371,0.37195438199953296,1208587.33929219,0.36880408245547025,10323.671361180954,DORMITORY,True,True,3.688040824554702,0,,11301.559525570996,0.0034487050754520715,30.0
71,42,38,78,111,Claims,2026-09-30,9182355,0.00442409,0.004431206965819001,-0.0016061009729175413,IN BAND,False,False,0.000494078,5637.700798074,3607325.409682929,1.0,1274318.730424938,212354.070787001,-0.0020882893709760026,1801.732672156999,ACCUMULATING_PRE_EMA,0.0,,,,0.2303132128692575,-1.4969098872630242,-0.01954089517049675,-1.8135532063568403,-0.33618421426431283,-0.3166433190938161,0.7285175861722416,0.5469565319630736,1,0.0,,0.0,0.0,3.0518043793392735e-05,0.0015628478603402552,-0.6467413953286992,5CGTryXj...,2773982.855811052,,,,False,5615562,0.0,111,5CsvRJXu...,0.0899977111467155,0.45642011841771696,0.4153433524388096,0.0073854792931913205,,COUNTER,734491.272679149,0.371911999,0.0,DIVERGENT,1.0,0.0,1295.967040512703,1221.604957048,0.00033864562198046187,1221.604957048,0.00033864562198046187,0.0,NEITHER,True,True,0.0033864562198046193,,,14843.553147348995,0.004114836190687241,30.0
72,120,120,79,116,for sale,2026-09-30,9182355,0.001944568,0.0020058380905538797,-0.030545880468827353,IN BAND,False,True,0.0,818.43908425,664160.724178976,1.0,420884.595926893,115017.402468455,0.0001614247536338362,5755.706621684367,,0.0,,,0.0830131698319813,,-3.886825966040416,-0.3716415457040661,-3.886825966040416,-0.3716415457040661,,3.9568735463071656,0.7827866942565199,1,0.41000228808721456,MINER_BURN_ONLY,2952.016474227945,2952.016474227945,0.0,0.0012322907008115245,-0.36629076442092817,5F48aA3P...,110167.11724545,,,ENTRY_REPEATED,False,8294730,1.0,0,5CXN6pP6...,0.179995422293431,9.780468433713157,8.020028887759386,0.0,,COUNTER,274446.101549621,1764.319155568,0.0,DIVERGENT,-0.9922087155676248,2.277848418938251,1295.967040512703,30.45052749,4.584813040193307e-05,30.45052749,4.584813040193307e-05,0.0,EXPOSED,False,True,0.00045848130401933076,,,36895.656479903,0.05555230102700332,30.0
73,46,50,80,66,conjectures,2026-09-30,9182355,0.003410649,0.0033808944281190634,0.008800798875429642,IN BAND,False,False,0.000183469,7176.119375041,3791100.73417387,1.0,2104033.313613648,1421983.494583718,-0.005772511456838813,1070.686673244927,ACCUMULATING_PRE_EMA,0.0,,,,0.0671890344629677,2.821589108686199,0.10707638631772731,2.302556208648133,-0.4119565137203387,-0.519032900038066,0.6932023663498551,0.5862219345010337,1,0.0,,0.0,0.0,0.0001373311970702673,0.0018928854383513946,-0.445007258632772,5CJCRGep...,1204834.453163201,,,,False,4958013,0.8026127033543937,227,5E2LP6En...,0.0,0.29495276769215284,0.29495276769215284,0.5345572189412321,,COUNTER,876389.726869251,0.0,0.0,DIVERGENT,1.0,0.0,1295.967040512703,392806.591766313,0.10361280781211177,392806.591766313,0.10361280781211177,0.0,DORMITORY,True,True,1.0361280781211177,0,,20459.276953374985,0.0053966587510984,30.0
74,43,72,81,13,Data Universe,2026-09-30,9182355,0.004726113,0.0047353580594062805,-0.0019523464308927032,IN BAND,False,True,5.754e-06,18368.805633036,2270316.983980392,1.0,3886661.90866659,972032.822301439,-0.0029832593986156373,4754.16182570532,ACCUMULATING_PRE_EMA,0.0,,,,0.0008232169419226804,-4.037778228113726,-0.02375354824252789,-4.426797334885691,-0.4127726550144923,-0.3890191067719644,1.1575476105510636,0.38984232371388705,1,0.28741736284782016,MINER_BURN_ONLY,2079.717257317039,2071.924535870484,0.0026398107881284716,0.008090855049162002,0.7119470163244092,5HBswBt1...,12281.783441769,,,,False,1907637,0.7068939138949236,247,5E2LP6En...,0.0,0.41996566866594653,0.41996566866594653,0.1155824138930855,,COUNTER,695591.869603225,0.0,0.0,DIVERGENT,-0.9843706067260332,1.5987478624848368,1295.967040512703,93697.039216446,0.04127046570042099,93697.039216446,0.04127046570042099,0.0,FORTRESS,True,True,0.41270465700420994,,,11154.113789983001,0.00491302045867941,30.0
75,44,87,82,2,DSperse,2026-09-30,9182355,0.003067614,0.003078505164012313,-0.0035378092392471094,IN BAND,False,True,1.57e-07,7741.106259886,3339958.350296056,1.0,2523493.78409175,712358.81270539,-0.002026472196230547,3161.7724368502386,ACCUMULATING_PRE_EMA,0.0,,,,5.3299358792948035e-05,-0.372094330799195,-0.043043345744173164,-0.811416882536084,-0.4823658974810622,-0.439322551736889,0.7868361591296648,0.43937585109568195,1,0.33058873883745177,MINER_BURN_ONLY,2381.4869203399867,2380.3608045240103,0.0003814755474174092,0.0023177253869647277,-0.24445338071715425,5EcYQ3W7...,2981423196229755.0,,,ENTRY_REPEATED,False,2734060,0.8161349412303465,14,5CFxLBvp...,0.179995422293431,0.6284504234538432,0.5153322240937831,0.9231227015396823,,COUNTER,759603.102065664,0.159820748,0.0,DIVERGENT,-0.990233342342073,1.8367448631890404,1295.967040512703,1144508.261830867,0.3426714173634582,1144508.261830867,0.3426714173634582,0.0,FORTRESS,True,True,3.4267141736345814,0,,11188.600685592997,0.0033499222182220424,30.0
76,45,42,83,48,Quantum Compute,2026-09-30,9182355,0.004004883,0.004008245188742876,-0.000838818132263678,IN BAND,False,False,0.000344866,10493.046207636,3333666.228081497,1.0,2620062.778501328,692798.642893598,-0.0027008449742481964,2400.904982510954,ACCUMULATING_PRE_EMA,0.0,,,,0.08637223453189995,0.1394365776049557,-0.010205620609208082,-0.36415201485132503,-0.5137942130654888,-0.5035885924562807,0.788321271596646,0.5899608269881806,1,0.0,,0.0,0.0,6.103608758678547e-05,0.0031475995164862917,-0.21405955767339724,5GNH5YMk...,35181.755945284,,,,False,3856677,0.9899894706322199,146,5FH19r4S...,,16.203990752371016,16.203990752371016,0.0,,COUNTER,695492.461656953,0.0,0.0,DIVERGENT,1.0,0.0,1295.967040512703,101862.559282014,0.030555716233366063,101862.559282014,0.030555716233366063,0.0,DORMITORY,True,True,0.3055571623336606,,,9994.137089862008,0.0029979417272417127,30.0
77,47,28,84,62,Ridges,2026-09-30,9182355,0.010475807,0.010469314875081182,0.0006201098158076277,IN BAND,False,False,0.001566928,29752.657277278,2780029.96747462,1.0,2840130.372180723,4396031.768897247,-0.02595581615076601,2865.6098867948167,ACCUMULATING_PRE_EMA,0.0,,,,0.1384040002082374,-0.7448723760684323,0.00754466942565947,-1.2962828030787936,-0.5438657575847019,-0.5514104270103614,0.9453135508417833,0.6898144272185988,1,0.044115381472576105,MINER_BURN_ONLY,365.7712902259955,365.1406653690488,0.00021362630655374915,0.010702279337048055,0.021618605330172132,5DhsVYew...,15511.514314413,,,,False,4474225,0.32429297477144725,107,5Hj8LMru...,,18.46644170663959,18.46644170663959,0.0,,COUNTER,192823.217960109,170981.9854291,0.0,DIVERGENT,-0.5432913045836574,0.28175150598320303,1295.967040512703,147873.945773386,0.05319149343836561,147873.945773386,0.05319149343836561,0.0,FORTRESS,True,True,0.5319149343836569,,,15529.989436632999,0.00558626691738163,30.0
78,48,31,85,14,Cacheon,2026-09-30,9182355,0.008854919,0.008859819499775767,-0.000553115080492561,IN BAND,False,False,0.001248416,24703.078414534,3233070.650023543,1.0,2789757.425995695,2663760.595721738,-0.012349965626037119,2032.856698563788,ACCUMULATING_PRE_EMA,0.0,,,,0.13281086644123377,-0.31219261556516775,-0.006729566812659492,-0.8757011310993513,-0.570238082346843,-0.5635085155341836,0.8128495428891612,0.6963193819754173,1,0.0,,0.0,0.0,0.00015259021896696368,0.0076407480963504824,-0.13711823943838639,5CKhH8nK...,1707704.065542654,,,ENTRY_REPEATED,False,4848444,0.009446776039679472,215,5C9xFZGA...,,7.695417759173196,7.695417759173196,0.0,,COUNTER,1226611.25981397,526.080568229,0.0,OK,1.0,0.0,1295.967040512703,56265.942973982,0.017403251912720272,50407.93462554,0.015591349550364121,5858.008348441996,DORMITORY,True,True,0.15591349550364145,,,17388.049269115,0.0053781841324712105,30.0
79,49,53,9,89,InfiniteQuant,2026-09-30,9182355,0.003050748,0.003050750819966197,-9.243515329833237e-07,IN BAND,False,False,0.000124158,6184.286257036,2944123.307913092,1.0,2027137.596221226,189274.957586582,0.00022740814707736934,2312.8559118041303,,0.0,,0.07454176715919157,0.07454176715919157,0.05276069225107032,-0.11273272077208382,-1.1246276984630438e-05,-0.6920045654971461,-0.5792830910020469,-0.5792718447250622,0.8926256563156071,0.6320325369761325,1,0.0,,0.0,0.0,0.0014038300144960658,0.0021005527317467083,-0.3114630471783614,5Dc5NmEU...,110579.1475956,,,,False,5313364,0.01876442094647257,166,5DZYLvUp...,,12.58924594769653,12.58924594769653,0.0,,COUNTER,601037.833009041,0.0,0.0,DIVERGENT,1.0,0.0,1295.967040512703,6094.632142656,0.002070100843356357,6094.632142656,0.002070100843356357,0.0,NEITHER,True,True,0.020701008433563574,,,14113.586227908996,0.004793816274602048,30.0
80,52,23,86,5,Hone,2026-09-30,9182355,0.012873168,0.012850782368332148,0.0017419664442390327,IN BAND,False,False,0.001846089,33737.787094435,3283708.774384892,1.0,2620783.559506844,978615.881985672,-0.015845505017582865,715.8057519621216,ACCUMULATING_PRE_EMA,0.0,,,,0.14380083312578174,0.13360720169270224,0.021193925071574898,-0.5129562421678612,-0.6253695187889885,-0.6465634438605634,0.8003145773766981,0.7903642769863451,1,0.0,,0.0,0.0,0.0018158236057068677,0.01027429331054329,-0.2018830710091495,5GurNtB3...,,,,,False,2491604,0.0,1,5E2LP6En...,0.0,0.44772312456525154,0.44772312456525154,0.07247062414161454,,COUNTER,1488567.694632255,0.0,0.0,DIVERGENT,1.0,0.0,1295.967040512703,6649.821324041,0.002025094727009295,6649.821324041,0.002025094727009295,0.0,NEITHER,True,True,0.020250947270092953,,,16390.5550725,0.004991476467205986,30.0
81,51,74,87,123,MANTIS,2026-09-30,9182355,0.002277807,0.0022824667394161224,-0.0020415366128464425,IN BAND,False,True,3.322e-06,5606.162438524,2007767.993491364,1.0,2461210.161555039,551998.479173682,-0.0026115959502149458,3861.586134278681,ACCUMULATING_PRE_EMA,0.0,,,,0.0015572534859154932,-2.2559425103704065,-0.024838695456298382,-2.859867146810693,-0.628763331896585,-0.6039246364402866,1.3089161738404334,0.6054818899262021,1,0.19037321181189548,MINER_BURN_ONLY,1377.9567628909717,1372.686540872203,0.001785305561913475,0.002792236183013998,0.22584406098233864,5HVuEdEG...,1668199.47172858,,,,False,5794330,0.4905530587911584,158,5Dszzjqs...,0.179995422293431,4.970138386067597,4.075536228410568,0.0,,COUNTER,322779.534164563,8560.983387542,0.0,DIVERGENT,-0.983134923278325,1.0591986508616367,1295.967040512703,350656.879907587,0.17465009953556435,350656.879907587,0.17465009953556435,0.0,FORTRESS,True,True,1.7465009953556432,0,,13182.816273645993,0.006565906178592889,30.0
82,121,121,88,87,Provenonce,2026-09-30,9182355,0.004394896,0.004662757273763418,-0.05744696925800333,IN BAND,False,True,0.0,1735.247696902,1900995.591501964,1.0,394832.404433488,117125.840744981,-0.0004810604927689679,11281.441848089918,ACCUMULATING_PRE_EMA,0.0,,,,,2.321293483693604,-0.6989381259723738,2.321293483693604,-0.6989381259723738,,1.3824335057629642,-0.7883462206492462,1,0.41000228793543,MINER_BURN_ONLY,2952.016473135096,2952.016473135096,0.0,0.0009128099531945744,-0.7923022630809525,5HartH15...,4250.303586169,,,,False,7208725,1.0,12,5DUNfPYw...,0.0,0.5458030653310751,0.5458030653310751,0.009232553525919823,,COUNTER,792051.709607706,811.040088965,0.0,DIVERGENT,-0.988697180159158,2.277848418094982,1295.967040512703,167985.337570978,0.0883670316343311,167985.337570978,0.0883670316343311,0.0,FORTRESS,False,True,0.8836703163433121,,,24921.113653374992,0.013109506284380694,30.0
83,55,64,89,7,Allways,2026-09-30,9182355,0.002429516,0.0024232303258031607,0.002593923544909438,IN BAND,False,True,3.9546e-05,5550.313532825,3088095.892515947,1.0,2284534.586252472,328680.896399928,-0.001063203871299582,691.707377652172,ACCUMULATING_PRE_EMA,0.0,,,,0.018724507613014658,-0.6918886687787209,0.031559403129731496,-1.427462515332202,-0.7040144434237497,-0.7355738465534812,0.851009842786619,0.7542983541664959,1,0.0,,0.0,0.0,1.5259021896696368e-05,0.0017973255125516923,-0.26021252276103873,5CAc19iE...,,,,,False,2627691,1.0,122,5Dk6D9eW...,0.179995422293431,19.791035928012636,16.228740058525535,0.0,,COUNTER,36084.978602376,226217.007675272,224.6123856420163,OK,0.12425313391310479,0.0,1295.967040512703,3211.260531444,0.001039883683413635,3211.260531444,0.001039883683413635,0.0,NEITHER,True,True,0.010398836834136352,,,12662.338034672995,0.004100370738279335,30.0
84,56,1,3,51,lium.io,2026-09-30,9182355,0.09504638,0.09485127753578126,0.0020569302732389226,IN BAND,False,False,0.013405124,164950.945478124,4284755.899300791,1.0,1735478.505248338,2192441.886927909,0.015805744069074572,-3047.5269297347404,DISTRIBUTING_PRE_EMA,0.0,,0.16629506635680993,0.16629506635680993,0.2135705604468455,2.358921666296493,0.025025984991073558,1.613212693582942,-0.7206829877224776,-0.7457089727135512,0.6133371565994811,0.9592795331603967,1,0.0,,0.0,0.0,0.0005645838101777656,0.03849716281504894,-0.5949644498291367,5FqACMtc...,216.588029224,0.0,,,False,3966206,0.7478701639744725,189,5GP7c3fF...,0.0009918364232852674,0.29625564472955646,0.29596180759050983,0.17048419831835313,,COUNTER,1233976.156315166,47834.295633396,0.0,OK,1.0,0.0,1295.967040512703,521376.396884941,0.12168170349447956,519111.831702587,0.1211531867631709,2264.565182353952,DORMITORY,True,True,1.2115318676317097,0,,15238.527415142,0.003556451703031368,30.0
85,50,75,90,74,Gittensor,2026-09-30,9182355,0.003254653,0.003289084881544113,-0.010468529327813643,IN BAND,False,True,3.134e-06,5984.420754848,3454865.521238666,1.0,1838727.681166547,359759.241544131,-0.0012658894502273344,-352.48711384413764,,0.0,,,,0.0013762655296801892,-0.2613163670406516,-0.12736710682173266,-0.859905359590591,-0.7259560993716722,-0.5985889925499395,0.7606663656933855,0.5999652580796196,1,0.0,,0.0,0.0,0.0001373311970702673,0.001732171836518377,-0.4677860169675917,5D1VXeeS...,216.588029224,0.0,,,False,5086205,0.8201782498550194,195,5E2LP6En...,0.0,0.2856841996987361,0.2856841996987361,0.07332519456737373,,COUNTER,531791.422968235,186342.751915647,1866.5019353310054,OK,0.012332457834920126,0.0,1295.967040512703,378229.609193408,0.10947737527503013,378229.609193408,0.10947737527503013,0.0,DORMITORY,True,True,1.0947737527503012,0,,17129.172059847,0.004957985181925608,30.0
86,54,89,91,101,Tag101,2026-09-30,9182355,0.003765581,0.003774006152525544,-0.002232416213711271,IN BAND,False,True,2.2e-08,3609.88278515,2559855.353480491,1.0,958652.109298614,167113.374187831,0.0003527464605012477,2241.5547779402696,,0.0,,,0.09367650317474187,1.60160324977415e-05,-1.9409604871614992,-0.02716106393348713,-2.642485315893732,-0.7286858926657198,-0.7015248287322327,1.0266205066731042,0.7015408447647304,1,0.37046565232227313,MINER_BURN_ONLY,2674.0803831079975,2667.3687328447795,0.0022735942626077588,0.0014101901422835653,-0.6255052959201873,5H8dNvi1...,1421646.141801349,,,,False,5481350,0.9095066222127061,0,5H6Dezn7...,0.179995422293431,1.145054224621577,0.9389497059119389,0.6033877613306882,,COUNTER,936913.918338687,6970.543419914,0.0,DIVERGENT,-0.9820993904962774,2.0582072301696273,1295.967040512703,13574.61335476,0.0053028829680955855,13574.61335476,0.0053028829680955855,0.0,FORTRESS,True,True,0.053028829680955854,,,16740.65157039999,0.006539686528630874,30.0
87,57,56,92,128,ByteLeap,2026-09-30,9182355,0.002786785,0.0027879145927727222,-0.0004051748126182196,IN BAND,False,True,8.7783e-05,4024.947381698,2999018.015609048,1.0,1444297.742854562,91644.969068458,-0.00022424396803000932,698.1234314769972,ACCUMULATING_PRE_EMA,0.0,,,,0.05731596021577741,-0.29834752260400405,-0.004929626886855005,-1.0582215378445314,-0.7648036421273825,-0.7598740152405274,0.876286833330776,0.8171899754563049,1,0.0,,0.0,0.0,9.15541313801782e-05,0.0013420884305293524,-0.518409769490882,5GgMeLFN...,954882.299968687,,,,False,5856038,1.0,96,5HQTcjYx...,,4.8336003875628295,4.8336003875628295,0.0,,COUNTER,186014.794503201,289.843039317,0.0,OK,1.0,0.0,1295.967040512703,3774.578658497,0.0012586048629422619,3774.573941721,0.0012586032901687823,0.004716775999895617,NEITHER,True,True,0.012586032901687822,,,13873.085034398004,0.00462587585742816,30.0
88,58,57,93,125,Refinery,2026-09-30,9182355,0.002776121,0.0027794772759079933,-0.0012075205424721496,IN BAND,False,True,8.676e-05,5469.494614075,2526926.217409573,1.0,1970192.56825825,243525.995370084,-0.00024021262101779379,1513.9486282258295,ACCUMULATING_PRE_EMA,0.0,,,,0.04168671807688766,-2.3631765700040854,-0.014691499933411152,-3.1731423953123956,-0.8246573252417214,-0.8099658253083103,1.0399987074787014,0.8516525433851979,1,0.0,,0.0,0.0,0.0,0.0021644852850836067,-0.2203202651888708,5DTzv2rL...,24558.57537768,,,,False,5834408,1.0,133,5G9hfkx9...,0.009994659342336155,0.6061665761162245,0.6001081476832326,0.030444071417671296,,COUNTER,1305773.13013795,0.0,0.0,OK,1.0,0.0,1295.967040512703,226023.662897553,0.08944608724241128,226023.662897553,0.08944608724241128,0.0,DORMITORY,True,True,0.8944608724241128,,,12594.339781166995,0.004984055210791958,30.0
89,59,65,94,6,Numinous,2026-09-30,9182355,0.002261748,0.002266487805172801,-0.002091255537304596,IN BAND,False,True,3.9149e-05,7391.090343972,2621955.607877894,1.0,3267866.441078084,704380.048690444,-0.004023880888700968,1127.8248880133033,ACCUMULATING_PRE_EMA,0.0,,,,0.013919945124728375,-2.0561319224189623,-0.025443609037205918,-2.878326136672996,-0.8476378232912395,-0.8221942142540336,1.002305299183535,0.836114159378762,1,0.0,,0.0,0.0,0.0019226367589837423,0.0028189227619891143,0.24634696791557428,5CfSg4e2...,99929.81959937,,,,False,3219949,0.7489336329862863,237,5FxePapj...,,7.996171129930988,7.996171129930988,0.0,,COUNTER,185360.665463109,0.0,0.0,DIVERGENT,1.0,0.0,1295.967040512703,662466.459537209,0.2526612035485158,662466.459537209,0.2526612035485158,0.0,DORMITORY,True,True,2.5266120354851576,0,,10280.760659793,0.0039210277355206016,30.0
90,61,66,95,98,NeverPlayAlone,2026-09-30,9182355,0.002126388,0.0021268262062221766,-0.0002060376258740183,IN BAND,False,True,3.0484e-05,4536.830404939,2809559.381186755,1.0,2133585.046165164,207896.218704775,-0.001032365332540136,613.9140646266751,ACCUMULATING_PRE_EMA,0.0,,,,0.017658132407327037,-2.3557015517294806,-0.0025067911148005557,-3.205784706693244,-0.8525899460785638,-0.8500831549637632,0.9353779875938893,0.8677412873710902,1,0.0,,0.0,0.0,0.0,0.0016147835974987107,-0.24059786008070455,5EWzZCNs...,1518595.161942962,,,,False,5445992,1.0,153,5E2LP6En...,0.0,0.4346127564806159,0.4346127564806159,0.20161142647866692,,COUNTER,1255490.393926426,0.181595662,0.0,OK,1.0,0.0,1295.967040512703,406332.517571085,0.144624997176408,406332.517571085,0.144624997176408,0.0,DORMITORY,True,True,1.44624997176408,0,,13093.653996037,0.004660394111515896,30.0
91,53,44,96,54,Yanez,2026-09-30,9182355,0.005654981,0.005758837563917041,-0.01803429299130984,IN BAND,False,False,0.000336084,9510.228633399,4303096.088157603,1.0,1681743.562127926,951808.051990663,-0.0018134332739084883,-1233.776938023977,,0.0,,,,0.09287145304774129,-3.6982426028170163,-0.21941723139426972,-4.353820089533036,-0.8749947181102895,-0.6555774867160198,0.6107230575753178,0.748448939763761,1,0.1193825271667786,MINER_BURN_ONLY,913.4316164499614,910.6388492263404,0.0009460593575951748,0.0022100897675912377,-0.6091782151715032,5FUfruyV...,3784182.11188884,0.0,,,False,4742549,0.3091808837230614,137,5HbUFHW4...,0.179995422293431,0.5849911421318,0.47969541446587016,0.0030062108009949497,,COUNTER,608345.065353629,0.0,0.0,DIVERGENT,-0.938659712784414,0.702671303173018,1295.967040512703,644081.425659809,0.14967860639514013,644081.425659809,0.14967860639514013,0.0,FORTRESS,True,True,1.496786063951401,0,,32536.666855744017,0.007561222475437399,30.0
92,60,85,97,127,Astrid,2026-09-30,9182355,0.002297844,0.0023068110458552837,-0.003887204316710402,IN BAND,False,True,3.2e-07,3014.578312332,2988810.452212345,1.0,1311916.000261763,601292.344316567,-0.0011311304522673383,412.95681664464064,ACCUMULATING_PRE_EMA,0.0,,,,0.0002789643899977025,-1.5283405800018341,-0.04729431918664322,-2.3560862098254534,-0.8750399490102622,-0.827745629823619,0.8792795802941369,0.8280245942136167,1,0.289498808395303,MINER_BURN_ONLY,2084.772263555089,2084.6821742898114,3.051804379328171e-05,0.0010086214433908253,-0.5610574767517615,5FU4uxAd...,1536981.070374851,,,,False,5848837,0.8825019455846673,0,5EKrpcqV...,0.179995422293431,0.9051111021958247,0.7421952471336144,0.5849166018098857,,COUNTER,1284415.666494322,203.185912805,0.0,DIVERGENT,-0.9889489752174561,1.6085919696422846,1295.967040512703,5535.674552263,0.0018521330277620793,5535.674552263,0.0018521330277620793,0.0,EXPOSED,True,True,0.018521330277620793,,UNDEFENDED_BURNER,14140.069573724008,0.0047310024505760806,30.0
93,62,46,98,100,Cortex,2026-09-30,9182355,0.003599982,0.003631139872595668,-0.008580741499609391,IN BAND,False,False,0.000239742,2406.043420379,1986733.805071497,1.0,668348.620033467,405837.86129901,-0.001453934361040321,1495.094914271147,ACCUMULATING_PRE_EMA,0.0,,,,0.26185810724095565,-0.11336704470464738,-0.10439902157858093,-0.984443633802034,-0.9754756106759676,-0.8710765890973866,1.3227740894585651,1.1329346963383422,1,0.0,,0.0,0.0,0.0002288853284504455,0.001211054754410047,-0.6635942195238623,5FX6kmhY...,1242960.240049182,,,ENTRY_REPEATED,False,6693448,0.0,153,5Fvp484S...,0.0,0.4968385900645564,0.4968385900645564,0.042270070653583805,,COUNTER,764908.901981949,1077.059572996,0.0,DIVERGENT,1.0,0.0,1295.967040512703,309303.221466383,0.15568427973432106,309303.221466383,0.15568427973432106,0.0,DORMITORY,False,True,1.556842797343213,0,,24629.43196020599,0.012396946132055999,30.0
94,64,84,99,43,Graphite,2026-09-30,9182355,0.003956272,0.003956854809075594,-0.0001472909934064132,IN BAND,False,True,7.15e-07,12290.913928983,3005553.388056733,1.0,3106690.277288387,159212.14971816,-0.0008349041341164327,-827.2149308947846,,0.0,,,,0.0001528787859761278,-2.796933241086753,-0.0017920404197780272,-3.7715591743966046,-0.9764179737296297,-0.9746259333098517,0.8743814069126074,0.9747788120958278,1,0.3248250066396206,SKIN_IN_GAME,2339.2530280459905,2339.1629387807125,3.0518043793392735e-05,0.00408940129888353,0.03365018858246601,5HjMs5JD...,2796752.936652152,6.469669189268714,BUYBACK_GAMING,,False,3408582,0.20934491019791557,108,5ERVu5z1...,,7.637887131367264,7.637887131367264,0.0,,COUNTER,974375.649661448,0.0,0.0,DIVERGENT,-0.9901337270384253,1.8049555780795985,1295.967040512703,3451.069241962,0.001148230890083546,3451.069241962,0.001148230890083546,0.0,EXPOSED,True,True,0.01148230890083546,,UNDEFENDED_BURNER,11293.205720858,0.0037574463876549943,30.0
95,63,68,100,47,GPUForge,2026-09-30,9182355,0.002021524,0.0020316329319030046,-0.004975766903687634,IN BAND,False,True,2.5448e-05,1072.55057171,1566477.445446536,1.0,530565.138927784,54547.029886529,1.9567391779975152e-05,3007.500648391084,,0.0,,,0.009679524843620533,0.062353557737958615,-1.3161239614826388,-0.06053849732819954,-2.248875658969355,-0.9932901948149158,-0.9327516974867163,1.6776494341741826,0.9951052552246749,1,0.0,,0.0,0.0,0.0,0.0006846894443502578,-0.6613003633148764,5D7yqC9y...,1031538.23669115,,,ENTRY_REPEATED,False,7340355,1.0,1,5E2LP6En...,0.0,0.6333896055421288,0.6333896055421288,0.23647988768845754,,COUNTER,682725.854146639,52.790049364,0.0,OK,1.0,0.0,1295.967040512703,77386.997966758,0.04940192288864923,1082.01056104,0.000690728464801844,76304.987405718,NEITHER,False,False,0.5878118489216276,,,23919.22912045101,0.015269437290642035,30.0
96,65,47,12,67,Harnyx,2026-09-30,9182355,0.003645543,0.003667015116661787,-0.005855475360389043,IN BAND,False,False,0.000227653,2721.666405484,973961.473003881,1.0,746573.763361322,69067.026329547,0.00015566218436049352,3969.069608693011,,0.0,,0.0426993137539438,0.0426993137539438,0.21981830058030494,-4.031451966484153,-0.07124161688473335,-5.080922340879885,-1.120711991280466,-1.0494703743957325,2.6982586815213048,1.2692886749760375,1,0.010491996151566506,MINER_BURN_ONLY,82.82731948600849,80.25977542558277,0.000869764248111693,0.002794429226332605,-0.23346694132188117,5HEAv3TU...,1100000.557750318,,,,False,7236936,0.023458260789883556,246,5HGnF3Wr...,0.0,0.6982030787160608,0.6982030787160608,0.008316674550975874,,COUNTER,280813.626851655,6279.314248273,0.0,DIVERGENT,0.7286032176047441,0.061930414058856666,1295.967040512703,522.283347221,0.0005362464139471344,522.283347221,0.0005362464139471344,0.0,NEITHER,False,True,0.005362464139471345,,,28424.089328285005,0.02918399763865376,30.0
97,122,122,101,35,SN35,2026-09-30,9182355,0.003121994,0.003454234916716814,-0.09618364839893488,IN BAND,False,True,0.0,473.17532855,105494.152011663,1.0,151561.861694474,8486.820311353,,5709.2629931514675,,,,,,,2.004208400150306,-1.1702343888537077,2.004208400150306,-1.1702343888537077,,24.911333470972487,5.149994378756472,1,0.0,,0.0,0.0,0.0,0.0044853228309535845,0.4366852822118123,5FjUeckL...,786816.432650931,,,,True,9046691,1.0,1,5E2LP6En...,0.0,0.9864003673935275,0.9864003673935275,0.27114583492286326,,COUNTER,0.0,0.11136414,0.0,OK,1.0,0.0,1295.967040512703,0.0,0.0,0.0,0.0,0.0,NEITHER,False,,,,,24343.47632398,0.23075664252259867,30.0
98,123,123,102,36,Epago,2026-09-30,9182355,0.003762073,0.00416983850300312,-0.09778927953911105,IN BAND,False,True,0.0,424.653869585,132187.358664029,1.0,112877.609337288,18637.423581171,,1781.1841586469818,,,,,,,-27.704471538197033,-1.189769567725851,-27.704471538197033,-1.189769567725851,,19.88087232062331,15.533154210790254,1,0.0,,0.0,0.0,0.0,0.0032125149778074614,-0.14607851102106167,5DCjvVt6...,653814.597397637,,,,True,8884359,1.0,1,5E2LP6En...,0.0,0.9945930348215124,0.9945930348215124,0.38577510567195156,,COUNTER,34545.255833249,0.0,0.0,OK,1.0,0.0,1295.967040512703,54815.276398022,0.4146786572636042,54815.276398022,0.4146786572636042,0.0,DORMITORY,False,True,4.146786572636063,0,,25548.603613155003,0.19327569497844369,30.0
99,67,69,103,121,sundae_bar,2026-09-30,9182355,0.003915653,0.003896760754287243,0.0048481923587357974,IN BAND,False,True,8.723e-06,5817.7194695,2981671.702293106,1.0,1485759.739014365,553360.183066006,-0.0014768339828714987,-3882.3834199232515,,0.0,,,,0.00394038318969859,-0.3458641962355666,0.05898634036461887,-1.7018369411787129,-1.2969864045785273,-1.3559727449431462,0.8813847607631958,1.359913128132845,1,0.31126945900914826,SKIN_IN_GAME,2246.1782505312003,2246.1332058985613,1.5259021896696368e-05,0.0019511603054842633,-0.5017024477183593,5CXGaDJs...,1893420.791298193,0.4003390768573611,BUYBACK_GAMING,,False,5766528,0.6020538956877346,0,5EL9y2gd...,0.179995422293431,0.7627751907551257,0.6254791481802044,0.7383833605469168,,COUNTER,1355265.317393714,0.0,0.0,DIVERGENT,-0.9864959879832245,1.7331715511915788,1295.967040512703,202885.709556554,0.0680442818035672,202885.709556554,0.0680442818035672,0.0,FORTRESS,True,True,0.6804428180356719,,,13450.903272839,0.004511195267572332,30.0
100,69,11,104,53,engy,2026-09-30,9182355,0.034617835,0.03407177096232772,0.016026875687678514,IN BAND,False,False,0.004819484,38171.967969249,5009089.214665988,1.0,1102667.727107226,1729818.207644113,-0.0011223092088040443,-19407.276844443986,,0.0,,,,0.33180379806991606,1.4380071745254015,0.19499365420008857,-0.25125972813477104,-1.494273248460084,-1.6892669026601725,0.524646275475698,2.0210707007300885,1,0.0,,0.0,0.0,0.00012207217517357094,0.007620540647885895,-0.7798666309465656,5H8SFVCx...,1945825.673011212,0.008018385617332532,,,False,4203869,0.541517237169411,20,5E1y7CXe...,0.0,0.21417462331422552,0.21417462331422552,0.02050937724130564,,COUNTER,534620.11590158,0.0,0.0,OK,1.0,0.0,1295.967040512703,151032.651291246,0.030151719168634735,136899.671989623,0.0273302522919332,14132.97930162301,DORMITORY,True,True,0.273302522919332,,,28442.812373982015,0.005678240325747245,30.0
101,66,21,105,49,Nepher Robotics,2026-09-30,9182355,0.009148889,0.00935325468890369,-0.021849687162495423,IN BAND,False,False,0.0022911,4736.151835813,2441116.493557378,1.0,517675.173596545,192832.436260218,-3.683535129229573e-05,-7663.229766603967,,0.0,,,,1.2712875365336431,20.35037974483494,-0.2658378604770276,19.119170456705167,-1.4970471486067982,-1.2312092881297707,1.0765565702971762,2.502496824663414,1,0.0,,0.0,0.0,1.5259021896696368e-05,0.0019401580581314755,-0.7879351188836726,5FL781vf...,1818795.520930908,0.2065877208659616,BUYBACK_GAMING,,False,6783158,0.9900051881466109,109,5CwD7HgZ...,0.0,0.446204318769493,0.446204318769493,0.05489005203644077,,COUNTER,790069.490844123,837.682351088,0.0,DIVERGENT,1.0,0.0,1295.967040512703,466379.245096928,0.19105161360705286,466379.245096928,0.19105161360705286,0.0,DORMITORY,False,True,1.9105161360705287,0,,19645.353378399002,0.008047691877977653,30.0
102,71,41,106,63,Enigma,2026-09-30,9182355,0.004094522,0.004062445601448417,0.007895834602719745,IN BAND,False,False,0.000362045,10956.858875062,3395552.996036473,1.0,2675979.535557343,1242846.126032259,-0.0023243817583002914,-9475.606670640875,,0.0,,,,0.08683640729968024,-1.1605037852976774,0.09606598766642356,-2.9402550761809403,-1.6836853032168395,-1.7797512908832631,0.7739534629757171,1.8665876981829435,1,0.0,,0.10046464705374092,0.0,6.103608758678547e-05,0.0032268260539156986,-0.21191629843100152,5CqTmNfg...,34820.010764323,0.09563203257203177,,,False,4885578,3.051990660907222e-05,147,5EZ52JMq...,0.0,0.33414940481377325,0.33414940481377325,0.9122705284521829,,COUNTER,725441.370856274,0.0,0.0,DIVERGENT,0.9972362174016298,0.0,1295.967040512703,72397.992373783,0.021321414349383148,72397.992373783,0.021321414349383148,0.0,DORMITORY,True,True,0.2132141434938315,,,10208.001644611997,0.003006285472948733,30.0
103,68,60,107,40,Ralph,2026-09-30,9182355,0.00261526,0.0026687514036893845,-0.020043606765109703,IN BAND,False,True,7.4116e-05,1483.042728594,471669.321147716,1.0,567072.788075115,81101.794137332,-1.8552276038102824e-06,5240.863254105905,ACCUMULATING_PRE_EMA,0.0,,,,0.1313359650700411,-5.898527653488927,-0.2438638823088347,-7.427445609108571,-1.7727818379284797,-1.5289179556196448,5.571700091931505,1.660253920689686,1,0.0,,0.0,0.0,0.0,0.00314424250656223,0.20226765467381064,5HeKCDfd...,835490.599610178,,,,True,8409860,0.0,6,5E2LP6En...,0.0,0.8253801470747762,0.8253801470747762,0.22387535860343039,,COUNTER,22349.634720453,0.042920633,0.0,OK,1.0,0.0,1295.967040512703,22427.898380107,0.04755004698107786,22427.898380107,0.04755004698107786,0.0,DORMITORY,False,True,0.47550046981077865,,,41649.930182571,0.0883032419433682,30.0
104,73,17,6,68,NOVA,2026-09-30,9182355,0.021246496,0.021099203499034047,0.006980950772511213,IN BAND,False,False,0.003048052,44202.939599837,3821346.365318252,1.0,2080481.366535837,1708650.19565886,0.0020257665134935203,-13852.941295911558,DISTRIBUTING_PRE_EMA,0.0,,0.0953459108501242,0.0953459108501242,0.18121601704583326,1.694875962294066,0.08493490106555308,-0.1936703659463479,-1.8036114271748607,-1.8885463282404138,0.6877157286372112,2.069762345286247,1,0.0,,0.0,0.0,0.0,0.01156737321720264,-0.45556325065541914,5EcdJLAe...,2539405.801710124,0.24156867245258737,BUYBACK_GAMING,,False,4972413,0.0,39,5EvbeQ75...,,0.16930661878246367,0.16930661878246367,0.04140341238592314,,COUNTER,682309.357738917,6247.123951755,0.0,DIVERGENT,1.0,0.0,1295.967040512703,540810.807384372,0.14152362954917116,540810.807384372,0.14152362954917116,0.0,DORMITORY,True,True,1.4152362954917141,0,,29142.63389970399,0.007626273861013097,30.0
105,72,18,108,93,Bitcast,2026-09-30,9182355,0.019044045,0.01893786806613207,0.0056065938096703785,IN BAND,False,False,0.003035032,24065.514785284,3950380.354587876,1.0,1263676.666277484,1156018.520374012,-0.0033716791650470626,-15448.938854783308,,0.0,,,,0.33143126864991657,1.0966775893189211,0.06821355801765627,-0.781437957407912,-1.8099019887091767,-1.8781155467268331,0.6652523970123294,2.2095468153767497,1,0.006952433163206796,SKIN_IN_GAME,58.08019102993421,58.035146397295165,1.5259021896696368e-05,0.0060919487809154614,-0.6801126661423316,5EbY1Seb...,2248654.13801979,0.3016424064242194,BUYBACK_GAMING,,False,5370681,0.9993591113010041,97,5G9hfkx9...,0.009994659342336155,1.3398592332005976,1.326467796598074,0.057722832722832726,,COUNTER,1087959.497365855,0.0,0.0,OK,-0.5440604599990645,0.04478134441932692,1295.967040512703,427930.957620956,0.1083265202865763,427930.957620956,0.1083265202865763,0.0,DORMITORY,True,True,1.0832652028657628,0,,35392.89080618,0.008959362802894551,30.0
106,70,71,109,92,Available,2026-09-30,9182355,0.0014349,0.0014510047622025013,-0.01109904158967447,IN BAND,False,True,6.696e-06,605.515539801,587376.49008857,1.0,421991.293642838,81411.382938969,-2.6195570558567144e-05,4338.056178361236,ACCUMULATING_PRE_EMA,0.0,,,,0.029061331779830463,-5.128937216120578,-0.13503833934103937,-6.893270464973469,-1.8993715881939308,-1.7643332488528913,4.474132084523379,1.7933945806327218,1,0.0,,0.0,0.0,0.0,0.0010308814704342267,-0.28156563493328685,5E9LPDS2...,811902.540938151,,,ENTRY_REPEATED,True,8352006,0.0,1,5E2LP6En...,0.0,0.8303670309495303,0.8303670309495303,0.24346512444112126,,COUNTER,230975.114966036,0.041020142,0.0,OK,1.0,0.0,1295.967040512703,46669.316879784,0.0794538386661454,46669.316879784,0.0794538386661454,0.0,DORMITORY,False,True,0.7945383866614588,,,44285.39232393696,0.07539524150389336,30.0
107,124,124,110,95,Actual,2026-09-30,9182355,0.029581728,0.03552763559855521,-0.16736007050232768,IN BAND,True,True,0.0,22849.887840805,2951102.138525285,1.0,772432.467830883,641282.148788181,-0.0011390409750780188,88826.43531688827,ACCUMULATING_PRE_EMA,0.0,,,,,-17.991001127150696,-2.0362141911116534,-17.991001127150696,-2.0362141911116534,,0.8905147557221641,-9.826732493064817,1,0.41000228793722476,MINER_BURN_ONLY,2952.016473148018,2952.016473148018,0.0,0.007742831921169449,-0.7382562668019444,5D5UhUuc...,489095.735447343,,,ENTRY_PRE_EMA_PATTERN,False,5403674,1.0,0,5ExqqyEB...,0.179995422293431,2.203016576520742,1.8064836775104625,0.0,,COUNTER,1120467.535860322,14658.86980412,0.0,DIVERGENT,-0.9922087155645379,2.277848418104953,1295.967040512703,9024.997700073,0.0030581786994952815,9024.997700073,0.0030581786994952815,0.0,EXPOSED,True,True,0.030581786994952814,,UNDEFENDED_BURNER,17288.275183757,0.005858243589087106,30.0
108,74,27,111,105,Beam,2026-09-30,9182355,0.006449414,0.006446687737479806,0.00042289352784124384,IN BAND,False,False,0.001593321,5140.533980239,2215672.150927173,1.0,797054.445089114,573425.185500231,-0.0010888053840733777,-10073.027399132843,,0.0,,,,0.8145549867185824,14.085975663331082,0.005145204588735133,11.751665459418831,-2.329164999323516,-2.334310203912251,1.1860960561788367,3.1488651906308336,1,0.0,,0.0,0.0,0.0018158236057068677,0.0023200787977986207,-0.6402651779218048,5G3ic2pA...,2250076.257119049,1.0985310676853661,BUYBACK_GAMING,,False,6841399,0.0,170,5E2LP6En...,0.0,1.7926832310524496,1.7926832310524496,0.008499664286150278,,COUNTER,452240.813141888,1869.377328683,0.0,DIVERGENT,1.0,0.0,1295.967040512703,175556.330698446,0.07923389325671781,175556.330698446,0.07923389325671781,0.0,DORMITORY,False,True,0.7923389325671807,,,16858.3661824,0.007608691644811001,30.0
109,76,8,112,114,SOMA,2026-09-30,9182355,0.019234602,0.018919253954663873,0.0166681015061056,IN BAND,False,False,0.005760106,8491.256650142,1870906.097740896,1.0,441457.56143519,262358.021949287,-0.00033109223172571404,-12813.912376961904,,0.0,,,,1.782723004579876,2.0944111515170833,0.20279523499095145,-0.494405157562519,-2.3860210740886507,-2.5888163090796024,1.4046669702842323,4.371539313659478,1,0.0,,0.0,0.0,0.0009918364232852639,0.004538579814558905,-0.7640408772399395,5FHrQMjz...,1209140.495028489,0.314976673331032,BUYBACK_GAMING,,False,7312241,0.0,3,5G9hfkx9...,0.009994659342336155,0.6758688538129073,0.6691137748589521,0.023164255630836846,,COUNTER,373811.447473431,13816.272943106,0.0,OK,1.0,0.0,1295.967040512703,146039.760277138,0.07805830578748972,146039.760277138,0.07805830578748972,0.0,DORMITORY,False,True,0.7805830578748972,,,32540.891011585005,0.017393118260118915,30.0
110,75,51,2,96,Verathos,2026-09-30,9182355,0.004579509,0.004606267204508185,-0.005809086472881363,IN BAND,False,False,0.000146991,2666.736845566,864989.612576718,1.0,582319.428900971,100413.024099452,0.0007914143622985852,1100.486074681743,,0.0,,0.17281642252446391,0.17281642252446391,0.14485581831679067,-4.80471624188943,-0.07067721875338992,-7.337285233225916,-2.6032462100898757,-2.5325689913364857,3.03818677333182,2.6774248096532762,1,0.12316378349034895,MINER_BURN_ONLY,916.6390879429528,915.2427043311422,0.0004730296787975874,0.00308296979153548,-0.32679031932561325,5CGq1JQh...,731939.090646803,,,,False,7692872,0.3663745725451881,38,5HHTmtVG...,,8.645143107456308,8.645143107456308,0.0,,COUNTER,276455.013258749,7897.141864024,0.0,DIVERGENT,-0.9653865839485458,0.7062237508517648,1295.967040512703,208395.916794472,0.24092302816640918,208395.916794472,0.24092302816640918,0.0,FORTRESS,False,True,2.4092302816640987,0,,30784.368768134995,0.03558929300483901,30.0
111,77,33,113,41,Almanac,2026-09-30,9182355,0.007588716,0.007609907304868102,-0.002784699473874824,IN BAND,False,False,0.001096324,15524.321242603,3808121.293633887,1.0,2045711.060700976,1644451.611506203,-0.002647854639532984,-22936.186868933728,,0.0,,,,0.1855887563118291,16.903219477291824,-0.03388051026547702,14.082379006698563,-2.854720980858738,-2.8208404705932613,0.6901040690046508,3.0064292269050905,1,0.030716125118399037,MINER_BURN_ONLY,255.76366554410197,253.10603221839816,0.0009002822919050857,0.004076635181908549,-0.46280303783821275,5FCSevLk...,18370.252674432,0.028151530618005842,,,False,3394182,0.13678294336856245,210,5FCSevLk...,0.179995422293431,8.0161517881165,6.5732811618462295,0.0,,COUNTER,1037812.077679333,0.0,0.0,DIVERGENT,-0.7426376373482004,0.19530283124967884,1295.967040512703,271111.945633162,0.07119309620898506,271111.945633162,0.07119309620898506,0.0,DORMITORY,True,True,0.7119309620898507,,,28747.712235066996,0.007549053724503241,30.0
112,78,37,114,91,cascade,2026-09-30,9182355,0.004670399,0.004660881124436855,0.0020420764462846267,IN BAND,False,False,0.000589573,3184.95050054,1147143.764439439,1.0,681944.064507274,188267.678644875,-0.00013977869327964234,-2945.5758110802853,,0.0,,,,0.4864747014866648,-9.661211057716448,0.02484526342979629,-12.672792699396954,-2.9867363782507086,-3.011581641680505,2.2909072789879947,3.4980563431671694,1,0.0,,0.0,0.0,1.5259021896585345e-05,0.002776417916629963,-0.4055287531900459,5HEe7NjS...,401890.382659405,0.3204811884489712,BUYBACK_GAMING,,False,7633645,0.0,9,5CsvRJXu...,0.0899977111467155,0.7570475353063415,0.6889149898995085,0.02542308220536845,,COUNTER,399376.775480423,9542.545852108,0.0,DIVERGENT,1.0,0.0,1295.967040512703,152159.491459508,0.13264204206685634,152159.491459508,0.13264204206685634,0.0,DORMITORY,False,True,1.3264204206685632,0,,34395.553851136014,0.029983647139418205,30.0
113,79,9,115,97,Albedo,2026-09-30,9182355,0.016503409,0.01634573470801115,0.009646204028477996,IN BAND,False,False,0.00572139,11625.347217262,1158408.059443326,1.0,704421.303937764,539072.912342828,-0.0002017478056674679,-4415.538958030171,,0.0,,,,1.2933646315246343,-4.2552335210233165,0.11736214901314895,-7.4179788284212815,-3.0453831583848165,-3.1627453073979654,2.268630625086369,4.4561099389226,1,0.0,,0.0,0.0,7.629510948348184e-05,0.010035623563296488,-0.3919060260036888,5GnW8owm...,1383772.599161001,0.6683600215007357,BUYBACK_GAMING,,False,7735450,0.0,28,5E2LP6En...,0.0,0.6290543911763248,0.6290543911763248,0.17665639210180975,,COUNTER,70872.776437572,4583.298014649,0.0,DIVERGENT,1.0,0.0,1295.967040512703,9204.302267113,0.007945647642969728,9204.302267113,0.007945647642969728,0.0,DORMITORY,False,True,0.07945647642969816,,,31889.951657607005,0.027529117565818516,30.0
114,80,83,116,112,for sale,2026-09-30,9182355,0.005758064,0.0057752542197704315,-0.00297653040303992,IN BAND,False,True,8.35e-07,5436.477077052,2709912.111494503,1.0,944150.173371751,196226.137884205,-0.0010482548438311206,-22802.791209375253,,0.0,,,,0.0004036400722193298,-9.153342489813202,-0.03621445323698569,-13.236241448238914,-4.119113411662699,-4.082898958425713,0.9697731483072605,4.083302598497933,1,0.3487370650791709,MINER_BURN_ONLY,2511.316336181946,2511.271291549307,1.5259021896696368e-05,0.0020061451638938247,-0.6515938058531783,5GQjr3Qt...,1325603.59546466,0.0,,,False,5633022,1.0,0,5C4xjnQk...,0.179995422293431,1.1815720091816517,0.9688944564189026,0.6028383946284145,,COUNTER,1055535.359107477,0.0,0.0,DIVERGENT,-0.9908359779253967,1.9377586104009346,1295.967040512703,109192.016768061,0.040293563877923017,109192.016768061,0.040293563877923017,0.0,FORTRESS,True,True,0.40293563877923017,,,14287.251353446998,0.005272219454219735,30.0
115,82,81,117,23,Trishool,2026-09-30,9182355,0.00533055,0.005281392484903336,0.009307680737074405,IN BAND,False,True,1.888e-06,8346.222956121,4549586.156520591,1.0,1565733.842674191,623508.602521875,3.250270980840306e-05,-52317.20732282591,DISTRIBUTING_PRE_EMA,0.0,,,0.0060974401906750825,0.0005944801649902231,5.517122975992927,0.1132434489677386,0.6812602695835004,-4.722619257441688,-4.835862706409427,0.5776349561450723,4.836457186574417,1,0.32889929048918054,MINER_BURN_ONLY,2368.9587887958623,2368.9137441632233,1.5259021896696368e-05,0.0018345015720075916,-0.6558513526732529,5CqTRwoF...,1473262.244707837,0.008223787908310609,,,False,2063528,0.7999969481490524,188,5HKsvivb...,0.0899977111467155,0.8729928514733344,0.7944254929932897,0.393700306743785,,COUNTER,1204801.138724611,0.055431535,0.0,DIVERGENT,-0.990141702149606,1.8279120302519787,1295.967040512703,847776.68763502,0.186341495351168,847776.68763502,0.186341495351168,0.0,FORTRESS,True,True,1.8634149535116806,0,,11662.492837591997,0.002563418393753681,30.0
116,81,70,118,70,SN70,2026-09-30,9182355,0.001376058,0.0014527232851833105,-0.05277349510759475,IN BAND,False,True,6.728e-06,269.017973158,263537.61762753,1.0,195498.997313786,14995.843998813,,3964.359512467374,,,,,,0.06572491715865936,-18.098864403064315,-0.6420775238090695,-22.584823540712243,-5.128036661456996,-4.485959137647926,9.972010916916897,4.551684054806586,1,0.0,,0.0,0.0,0.0,0.0010207953444362377,-0.25817418710821954,5Cz1mjiJ...,631026.681351488,,,,True,8825571,0.0,1,5E2LP6En...,0.0,0.9560776390099168,0.9560776390099168,0.4401379436628315,,COUNTER,114390.63833428,0.0,0.0,OK,1.0,0.0,1295.967040512703,0.0,0.0,0.0,0.0,0.0,NEITHER,False,,,,,47417.845676401004,0.17992818673582628,30.0
117,83,52,119,79,MVTRX,2026-09-30,9182355,0.003121152,0.0030677674803882837,0.017401748976411772,IN BAND,False,False,0.000126827,7015.537057574,2992470.491468515,1.0,2247739.512850931,489497.893133963,-0.0051205686723918425,-40027.073409456294,,0.0,,,,0.047509029353663905,0.8833245756992577,0.2117212792130099,-4.804325517010285,-5.475928813496533,-5.687650092709543,0.8782041485429466,5.735159122063207,1,0.0,,0.0,0.0,0.0021362630655374915,0.002344396403431607,-0.24886823729456076,5Fxp7QBG...,3326608.292881256,0.8609784255067423,BUYBACK_GAMING,,False,5173967,0.0,0,5EWwdZB7...,0.179995422293431,0.3238992775454375,0.2655988903031093,1.0,,COUNTER,444229.939659843,37317.847662374,0.0,DIVERGENT,1.0,0.0,1295.967040512703,1355085.827207694,0.4528318093932829,1355085.827207694,0.4528318093932829,0.0,DORMITORY,True,True,4.528318093932828,0,,12340.268988651003,0.0041237729908558535,30.0
118,84,80,120,16,kenju,2026-09-30,9182355,0.001052474,0.0010645959991961718,-0.011386478255905958,IN BAND,False,True,1.948e-06,345.158394701,531153.29181264,1.0,327949.512176505,81134.562707741,0.000900611716787907,-1062.5966120800003,DISTRIBUTING_PRE_EMA,0.0,,,0.8557092306203354,0.014831868726341506,-4.746138675184801,-0.13853548544685582,-10.491619263242328,-5.884016073504383,-5.745480588057527,4.947724207886497,5.760312456783868,1,0.0,,0.0,0.0,0.0,0.0006498282134769332,-0.3825707680408893,5FkKY8WJ...,603577.646603312,1.0521962327550403,BUYBACK_GAMING,,True,8460646,1.0,1,5E2LP6En...,0.0,0.7553960315527891,0.7553960315527891,0.46600238044373915,,COUNTER,63578.799840379,0.04568655,0.0,OK,1.0,0.0,1295.967040512703,7333.737256624,0.013807195342038689,0.0,0.0,7333.737256624,NEITHER,False,False,0.11972052748612393,,,48764.630934626,0.09180895927089035,30.0
119,85,49,121,21,AdTAO,2026-09-30,9182355,0.003436778,0.0033815510105341673,0.016331851654400716,IN BAND,False,False,0.000183602,7528.979291957,3896352.575450245,1.0,2190708.65931814,602250.78796378,-0.0017317969702688176,-61673.92395990621,,0.0,,,,0.06408651655018467,0.9838269099300577,0.19870419512854204,-5.548680978495432,-6.333803693296948,-6.53250788842549,0.6744769496883429,6.596594404975675,1,0.0,,0.0,0.0,0.0001831082627603564,0.0019323146830691998,-0.4377540000927614,5HjCYVfr...,2053851.9506888231,0.0,,,False,3156578,1.0,234,5EDE2DoD...,,19.629036647895155,19.629036647895155,0.0,,COUNTER,834653.38669571,0.0,0.0,DIVERGENT,1.0,0.0,1295.967040512703,7396.893130186,0.0018984147319705145,7396.893130186,0.0018984147319705145,0.0,NEITHER,True,True,0.018984147319705335,,,11154.395848345997,0.002862778876487338,30.0
120,86,90,122,26,Perturb,2026-09-30,9182355,0.002416235,0.002363909501582384,0.022135152966976806,IN BAND,False,True,4e-09,1683.954556686,971404.606912523,1.0,696933.205879676,71876.650037179,-0.00014188253281285655,-10222.569671405014,,0.0,,,,6.24244873964264e-06,-14.499416413537325,0.26931102776488447,-21.156467845849846,-6.387740404547636,-6.657051432312521,2.705360857153786,6.65705767476126,1,0.369504884364028,SKIN_IN_GAME,2660.575345503996,2660.4402116060787,4.57770656900891e-05,0.0017335253968356395,-0.2825509949008936,5FsVAEPM...,1412212.428267587,0.5830065762810924,BUYBACK_GAMING,,False,8123781,0.9205731550997985,126,5C5hoeGp...,,8.073409152535762,8.073409152535762,0.0,,COUNTER,117260.560555002,1668.571827101,0.0,DIVERGENT,-0.9913550050350727,2.052861013003518,1295.967040512703,34160.685147639,0.03516627871079804,31273.595233391,0.03219420106806972,2887.089914248001,FORTRESS,False,True,0.32194201068069744,,,29468.609578957996,0.030336081761666696,30.0
121,87,35,123,85,Vidaio,2026-09-30,9182355,0.005984195,0.005679059773683548,0.05372988460703165,IN BAND,False,False,0.00093659,13767.950744126,3026619.703730608,1.0,2300718.768303553,1483001.777742912,-0.006693889346863315,-108057.23658538423,,0.0,,,,0.17877450070411685,11.147778801891931,0.6537135960522185,-3.2664852591645825,-13.760550465004295,-14.414264061056514,0.8682954111349802,14.59303856176063,1,0.0,,0.0,0.0,3.0518043793392735e-05,0.004548952987769041,-0.23983877735116568,5GTPBjA4...,3396832.791243378,0.9634574165242924,BUYBACK_GAMING,,False,5258781,0.9000350968214488,0,5FR392L6...,0.179995422293431,0.3170831188164978,0.2600096089430041,0.999633777886288,,COUNTER,513164.203276716,0.0,0.0,OK,1.0,0.0,1295.967040512703,141170.89837343,0.046643091036321124,141170.89837343,0.046643091036321124,0.0,DORMITORY,True,True,0.4664309103632138,,,33327.339586072,0.011011406403319438,30.0
122,88,48,8,18,Zeus,2026-09-30,9182355,0.004046421,0.0039202384650707245,0.032187464118206076,IN BAND,False,False,0.000221068,10206.969396619,3331390.082070897,1.0,2522467.984685766,886309.272108183,0.00033872464815844845,-133021.53081206232,DISTRIBUTING_PRE_EMA,0.0,,0.08370969015790707,0.08370969015790707,0.05691862897055827,5.1595241587053255,0.39161414677150724,-10.863099014788387,-15.631009026722205,-16.022623173493713,0.7888598858907429,16.07954180246427,1,0.03638599349336502,SKIN_IN_GAME,276.8324089170201,276.2918733253515,0.0001831082627603564,0.003063876983830734,-0.2428180399837945,5GgvCi6h...,2172736.13677469,0.6963479792363991,BUYBACK_GAMING,,False,1604679,0.09367702944004397,84,5DCSySUE...,0.179995422293431,0.3359561623463044,0.27548559103270087,0.5838242026552725,,COUNTER,342656.971555762,30745.295806132,0.0,DIVERGENT,-0.8267842323164425,0.21319359573839664,1295.967040512703,472285.796249436,0.14176838635355735,375000.0,0.11256562298669275,97285.79624943598,DORMITORY,True,True,1.1256562298669275,0,,13560.533130955995,0.004070532959780664,30.0
123,89,40,10,122,CookingTAO,2026-09-30,9182355,0.005625916,0.004805043339729309,0.17083564126956127,IN BAND,False,False,0.000433796,1584.101599289,876982.311302704,1.0,281572.179570653,52440.810123173,0.0003625880589275153,-41269.3380823888,DISTRIBUTING_PRE_EMA,0.0,,0.06444960410491649,0.06444960410491649,0.7196608402590332,18.99319124294614,2.0785003021129955,-1.8084932579922466,-18.72318419882539,-20.801684500938386,2.9966396883151103,21.52134534119742,1,0.06545888398107458,MINER_BURN_ONLY,507.68977481801994,507.6447301853809,1.5259021896696368e-05,0.0018063096357507065,-0.6789305713503887,5F3uH1G4...,449351.805266849,0.007059300133390551,,,False,8238082,1.0,0,5CfPqfaz...,0.179995422293431,1.1009658794329498,0.9027970610337573,0.34819098774663143,,COUNTER,386912.392347773,4689.8056909,0.0,DIVERGENT,-0.6168416724119288,0.3917111425800994,1295.967040512703,130081.4192841,0.14832844130102457,130081.4192841,0.14832844130102457,0.0,FORTRESS,False,True,1.4832844130102476,0,,37841.860455283,0.04315008406392053,30.0
124,90,82,124,81,Reliquary,2026-09-30,9182355,0.006215514,0.005390784703195095,0.1529887283972019,IN BAND,False,True,1.013e-06,18087.828528856,2637480.969000983,1.0,2910109.752977099,937867.090359098,-0.010295262693937652,-224198.47615926387,,0.0,,,,0.00014717985609787146,1.2558175021789275,1.8613628621659564,-33.843250744917796,-33.23770538493077,-35.099068247096724,0.9964052938722913,35.099215426952824,1,0.3384561575172712,MINER_BURN_ONLY,2437.9573083620053,2437.2816388724195,0.0002288853284504455,0.0068579939500785295,0.10336714712227008,5GnpQR4N...,83437.772185823,0.007618067388266265,,,False,5203057,0.8325091575091575,237,5H47sFL6...,0.179995422293431,11.216747639767638,9.197784411588817,0.03627290900489845,,COUNTER,886119.985201491,0.0,0.0,DIVERGENT,-0.9906136940556696,1.880666377061716,1295.967040512703,465149.099534603,0.17636112070631954,461238.694976335,0.17487849216634976,3910.4045582680264,FORTRESS,True,True,1.7487849216634983,0,,15247.415953584998,0.005781052501531553,30.0
125,125,125,125,59,SN59,2026-09-30,9182355,0.005122747,0.0,,N/A,False,True,0.0,530.361161239,0.0,0.0,103530.603756369,1.345483354,,,,,,,,,0.0,,0,,,,,,,,,,0.0,,,5GzrQ2fe...,370338.177410141,,,,True,8938771,1.0,0,5FKjMupT...,,0.0,0.0,0.0,,,0.0,0.0,,NO_ESTIMATE,,,,0.0,,0.0,,0.0,,False,,,,,0.0,,30.0
126,126,126,126,82,SN82,2026-09-30,9182355,0.004456112,0.0,,N/A,False,True,0.0,629.701453104,211.283296268,0.0,141311.845162495,0.99,,0.0,,,,,,,67.26461932867468,,67.26461932867468,,,0.0,0.0,1,,,0.0,,0.0,2.980365529252545,667.8264409091479,5GGrRdUa...,715368.386180412,,,,True,9155260,1.0,0,5Hn6PHyj...,,0.0,0.0,0.0,,COUNTER,0.0,0.0,0.0,OK,0.0,,,0.0,0.0,0.0,0.0,0.0,,False,,,,,0.0,0.0,30.0
127,127,127,127,86,SN86,2026-09-30,9182355,0.005989978,0.0,,N/A,False,True,0.0,709.206653218,0.0,0.0,118398.856999575,2.125984345,,,,,,,,,0.0,,0,,,,,,,,,,0.0,,,5F4XAWGz...,284611.518201463,,,,True,8693284,1.0,0,5F1N5GEH...,,0.0,0.0,0.0,,,0.0,0.0,,NO_ESTIMATE,,,,0.0,,0.0,,0.0,,False,,,,,0.0,,30.0
128,128,128,128,108,ChipForge,2026-09-30,9182355,0.004442118,0.0,,N/A,False,True,0.0,509.727336193,0.0,0.0,114748.695018811,1.049812107,,,,,,,,,0.00019955164716296673,,0.00019955164716296673,,,,,,,,,,0.0,,,5FBwsAvv...,602348.5217283,,,,True,9111253,1.0,0,5HjH8Zqf...,0.0,0.0,0.0,0.0,,,0.0,0.0,,NO_ESTIMATE,,,,0.0,,0.0,,0.0,,False,,,,,0.0,,30.0
