combined_apy_rank,real_apy_rank,emission_rank,epr_rank,netuid,name,date,block,spot_price,moving_price,momentum_30d,ema_band,ema_lag_flag,low_emission,tao_emission,tao_reserves,alpha_outstanding,alpha_out_emission,alpha_in_pool,volume,ema_tao_inflow,pool_growth_real,pool_ema_divergence,flow_momentum,flow_price_divergence,emission_price_ratio,emission_price_ratio_raw,emission_apy,price_apy_7d,price_apy_30d,combined_apy_7d,combined_apy_30d,real_apy,gross_emission_rate,net_supply_delta,supply_days_gap,supply_defence,supply_defence_quality,burned_tokens,manual_burn,miner_burn_rate,liquidation_price,liquidation_haircut,owner_coldkey,owner_stake,owner_inflow_pct,owner_inflow_flag,large_entry_anomaly,immune,registered_at,vali_miner_share,best_validator_uid,best_validator_hotkey,best_validator_take,best_validator_raw_apy,best_validator_apy,best_validator_div_pct,best_validator_trust,burned_source,alpha_burned_cum,alpha_recycled_cum,recycled_tokens,recon_flag,recon_gap_relative,burn_coverage,owner_cut_emission,total_locked_alpha,locked_float_ratio,owner_locked_alpha,owner_lock_ratio,community_locked_alpha,commitment_class,gate_eligible,leader_is_owner,leader_pct_of_threshold,leader_blocks_to_threshold,governance_flag,basket_alpha,basket_share,ema_halving_days
1,1,70,14,123,MANTIS,2026-08-23,8907732,0.002536105,0.0025791816879063845,-0.0167016880231309,IN BAND,False,True,9.722e-06,5913.401015173,1862590.388366822,1.0,2331685.68365284,544095.170235191,-0.0026115959502149458,64123.60966952238,ACCUMULATING_PRE_EMA,0.0,,,,0.004320595869355654,-1.695410116907757,-0.20320387094809259,9.126289352089394,10.618495598049059,10.821699468997151,1.4109382376359805,-10.817378873127796,1,0.14234198282617763,MINER_BURN_ONLY,1034.241591995,1028.7911914456752,0.0018463416495002605,0.003174826334392317,0.2518512973210168,5HVuEdEG...,1749136.70978404,,,,False,5794330,0.37079218515914025,218,5FGxe3AF...,,3.1670736455871755,3.1670736455871755,0.0,,COUNTER,279140.572508031,8560.983387542,0.0,DIVERGENT,-1.0,0.7938405524870993,1295.967040512703,350656.879907587,0.1882630137563708,350656.879907587,0.1882630137563708,0.0,FORTRESS,True,True,1.882630137563708,0,,9985.994295366998,0.005361347485596676,30.0
2,2,74,15,45,AlphaRidge.ai,2026-08-23,8907732,0.002741581,0.0027816060464829206,-0.014389185892635183,IN BAND,False,True,2.118e-06,6634.392287037,3149813.353639171,1.0,2419914.622979761,738203.715654561,-0.0007759101295867152,50698.470597177744,ACCUMULATING_PRE_EMA,0.0,,,,0.0008389772203967591,2.42502944296732,-0.1750684283603947,7.472670036898582,4.872572165570867,5.047640593931262,0.8343351509903632,-5.046801616710865,1,0.2196450188244985,MINER_BURN_ONLY,1588.657363523962,1582.6664273829685,0.002029449912260617,0.0021062810846782026,-0.23172757446225273,5FbcZiAH...,722.836709609,,,,False,3633154,0.5901042781566312,55,5E2LP6En...,0.0,0.3601283505543235,0.3601283505543235,0.1976224267118375,,COUNTER,1035308.072202283,0.0,0.0,DIVERGENT,-0.5785483590720537,1.2212242888189835,1295.967040512703,111021.816570535,0.035247109623897155,111019.200205241,0.03524627898252249,2.616365294001298,FORTRESS,True,True,0.3524627898252249,,,7933.204621137001,0.0025186268932320343,30.0
3,3,69,16,13,Data Universe,2026-08-23,8907732,0.006039914,0.006087640067562461,-0.00783983071153719,IN BAND,False,True,1.0019e-05,20762.856273559,2444976.624583901,1.0,3437607.607344147,968297.886506481,-0.0029832593986156373,30836.06417063065,ACCUMULATING_PRE_EMA,0.0,,,,0.001268126680312792,-1.8737213114251614,-0.09538460699036913,1.6669734940057657,3.445310198440558,3.540694805430927,1.0748569019334682,-3.539426678750614,1,0.2947093384831523,MINER_BURN_ONLY,2132.9948033500696,2125.42730506671,0.0025635156786449897,0.008492046944249428,0.40598805616262545,5HBswBt1...,15779.783773951,,,,False,1907637,0.7244481160218459,77,5D4aUZhf...,0.0,0.39801444830972715,0.39801444830972715,0.04344575003815047,,COUNTER,616094.929162197,0.0,0.0,DIVERGENT,-0.8511648663294468,1.640031913331577,1295.967040512703,93697.039216446,0.038322263809942095,93697.039216446,0.038322263809942095,0.0,FORTRESS,True,True,0.3832226380994209,,,7616.858633807003,0.003115309388736295,30.0
4,4,42,17,50,Synth,2026-08-23,8907732,0.004957456,0.005005989456549287,-0.0096950776605794,IN BAND,False,False,0.000635795,11197.609957938,3297273.845928536,1.0,2258741.039353038,1196349.698773965,-0.0056701551055483215,38203.60415762942,ACCUMULATING_PRE_EMA,0.0,,,,0.14921659767364182,-3.6213127252949873,-0.11795677820371603,-0.12342442871655424,3.379931518374717,3.497888296578433,0.7970220621029238,-3.3486716989047913,1,0.0,,0.0,0.0,0.0019226367589837423,0.0033960206161719863,-0.3149670685585537,5DxyiWpG...,2262273.0289626983,,,,False,4763204,0.0,209,5E2LP6En...,0.0,0.317839102104819,0.317839102104819,0.26585484953915645,,COUNTER,467621.572125367,0.0,0.0,DIVERGENT,1.0,0.0,1295.967040512703,212500.00519846,0.06444718125576812,212500.00519846,0.06444718125576812,0.0,DORMITORY,True,True,0.6444718125576812,,,7944.045354980999,0.002409276792338702,30.0
5,5,40,18,33,ReadyAI,2026-08-23,8907732,0.005143427,0.005163438385352492,-0.0038755929400184604,IN BAND,False,False,0.000706875,15209.258246493,2233149.279167856,1.0,2957028.155876551,898807.090146901,-0.0054386194078304825,26279.98860274302,ACCUMULATING_PRE_EMA,0.0,,,,0.12214057187360515,-3.0671109201384965,-0.04715304743689126,0.07597364788048422,3.0959315205820896,3.1430845680189807,1.1768134018247443,-3.0209439961453755,1,0.0,,0.0,0.0,0.008743419546807019,0.006810676916395157,0.3241515659491535,5HinUfk5...,70609.70573564,,,,False,2943950,0.0,209,5E2LP6En...,0.0,0.4499673048177374,0.4499673048177374,0.38397680451701516,,COUNTER,584226.582883127,0.0,0.0,DIVERGENT,1.0,0.0,1295.967040512703,138809.800536348,0.06215876467876479,138808.045342108,0.062157978706122316,1.755194239987759,DORMITORY,True,True,0.6215797870612232,,,8487.339695029004,0.0038006145734205744,30.0
6,6,25,19,5,Hone,2026-08-23,8907732,0.012728672,0.012814176501706243,-0.006672648975520003,IN BAND,False,False,0.001872464,33043.040249245,3006019.518629067,1.0,2595953.36950191,970479.515168638,-0.015845505017582865,31659.338878649287,ACCUMULATING_PRE_EMA,0.0,,,,0.14892199249469595,-2.390129970397891,-0.0811838958688267,0.6491784762690584,2.9581245507981224,3.0393084466669493,0.8742458203327077,-2.8903864541722535,1,0.0,,0.0,0.0,0.0026245517662317752,0.0109922906502998,-0.1364149653396835,5GurNtB3...,,,,,False,2491604,0.0,1,5E2LP6En...,0.0,0.4809823499411854,0.4809823499411854,0.12693229158718775,,COUNTER,1488567.694632255,0.0,0.0,DIVERGENT,1.0,0.0,1295.967040512703,6649.821324041,0.002212168378425478,6649.821324041,0.002212168378425478,0.0,NEITHER,True,True,0.022121683784254782,,,7993.295219749997,0.00265909624678533,30.0
7,7,1,13,107,Minos,2026-08-23,8907732,0.071174545,0.07201314461417496,-0.01164509088816943,IN BAND,False,False,0.024503712,22840.514795403,1519392.701191297,1.0,320908.684098963,434221.655411981,0.001226016808458981,7421.418525858957,,0.0,,0.01722549555404929,0.01722549555404929,2.8193653125962213,6.513689101114134,-0.14168193913939472,8.833684232490914,2.178313192237384,2.319995131376779,1.7296384258917967,0.4993701812194426,1,0.0,,0.0,0.0,0.00015259021896696368,0.01503266060018232,-0.7887916164384006,5DA2vLrS...,1346776.57366754,,,,False,7457580,0.0,0,5E4WJ2tA...,0.179995422293431,0.6570750443455153,0.5388045442600694,0.8213239333455411,,COUNTER,389715.783508211,11728.725039684,0.0,DIVERGENT,1.0,0.0,1295.967040512703,41164.694002343,0.02709286017371767,41164.694002343,0.02709286017371767,0.0,DORMITORY,False,True,0.2709286017371767,,,19625.286905248,0.012916533618899557,30.0
8,9,66,20,35,OxMarkets,2026-08-23,8907732,0.002339886,0.0023439654614776373,-0.0017404102341447502,IN BAND,False,True,3.6658e-05,7000.856219577,2820643.214627405,1.0,2991964.089966103,776852.486551597,-0.005304274305624786,23348.585517105646,ACCUMULATING_PRE_EMA,0.0,,,,0.013760777393285876,1.7225014403221013,-0.021174991182094458,3.7986188645339256,2.05494243302973,2.0761174242118243,0.9317023813474926,-2.0623566468185386,1,0.0,,0.0,0.0,1.5259021896696368e-05,0.0024820070058033847,0.06073843161734587,5EqZVDbW...,11564.972917706,,,,False,3037158,0.3451490829187902,22,5E2LP6En...,0.0,0.3242460136239849,0.3242460136239849,0.12397564437119443,,COUNTER,266886.343998939,0.0,0.0,OK,0.0,0.0,1295.967040512703,91371.837492019,0.03239397206218044,91371.837492019,0.03239397206218044,0.0,DORMITORY,True,True,0.32393972062180487,,,7676.597410036003,0.002721576897860174,30.0
9,8,22,21,102,ConnitoAI,2026-08-23,8907732,0.010194608,0.010423664003610611,-0.021974615023207612,IN BAND,False,False,0.002486334,4245.246638274,919211.911315432,1.0,416420.772303738,220384.226466691,-9.995717380745074e-05,10332.768014419882,ACCUMULATING_PRE_EMA,0.0,,,,1.539153389367403,-0.5362382399538628,-0.2673578161156926,1.6285630509243891,1.8974434747625593,2.164801290878252,2.8589707853537476,-0.6256479015108489,1,0.08247812164725664,MINER_BURN_ONLY,738.7631443979917,738.6730551327137,3.0518043793392735e-05,0.0046183546862429885,-0.5469806503356491,5HBc11rC...,899339.094075274,,,,False,7840965,0.250057223078449,0,5EEinUEy...,0.179995422293431,0.9610867579430004,0.7880955410864255,0.5521424647500458,,COUNTER,126115.777933387,7309.092357836,0.0,DIVERGENT,-0.7271765256506011,0.5699782726268131,1295.967040512703,2002.340459168,0.0021783230118314766,2002.340459168,0.0021783230118314766,0.0,EXPOSED,False,True,0.021783230118314765,,,24105.512652090987,0.026224108233753145,30.0
10,10,23,22,28,gm,2026-08-23,8907732,0.016680024,0.016864729579538107,-0.010952181513909814,IN BAND,False,False,0.002348305,19378.333424617,4735079.57198231,1.0,1161768.892294967,6446522.585501861,-0.0018433106521580824,28409.4773836995,ACCUMULATING_PRE_EMA,0.0,,,,0.3184662687329095,-1.9995246000106353,-0.1332515417525694,-0.1309928640733744,1.7352801941846914,1.8685317359372609,0.5550065125726715,-1.5500654672043515,1,0.03342465424438293,MINER_BURN_ONLY,275.6647273239214,274.53861150794523,0.0003814755474174092,0.004092504282141216,-0.754646379277319,5CA6rwAy...,2743820.702700021,,,,False,4878363,0.2983208670431996,3,5Evgh9QT...,0.179995422293431,0.32872110742587735,0.26955281287799226,0.6732133864395916,,COUNTER,1385121.992296462,33762.848582854,0.0,DIVERGENT,-1.0,0.21184073585647195,1295.967040512703,434351.269328591,0.09173051111932057,434344.502651163,0.09172908206679356,6.7666774279787205,DORMITORY,True,True,0.9172908206679355,,,7553.796230171,0.0015952839050197107,30.0
11,11,32,23,79,MVTRX,2026-08-23,8907732,0.007101763,0.0071735018864274025,-0.010000539145760335,IN BAND,False,False,0.001155944,10437.418769633,3500246.849976811,1.0,1469694.01195323,470426.001016596,-0.0051205686723918425,22187.21133645717,ACCUMULATING_PRE_EMA,0.0,,,,0.291050967585812,3.9743593360319327,-0.12167322627341741,5.760351715804683,1.6643191534993333,1.7859923797727508,0.750804189715194,-1.4949414121869389,1,0.0,,0.0,0.0,0.001998931868467224,0.0029819093386805407,-0.5801170302809963,5Fxp7QBG...,3855301.901500254,,,,False,5173967,0.0,0,5EWwdZB7...,0.179995422293431,0.27948161952982375,0.2291762073993011,1.0,,COUNTER,444229.939659842,37317.847662374,0.0,DIVERGENT,1.0,0.0,1295.967040512703,1355085.827207694,0.3871400747683471,1355085.827207694,0.3871400747683471,0.0,DORMITORY,True,True,3.8714007476834706,0,,8696.392053561003,0.0024845082150759213,30.0
12,12,5,24,120,Affine,2026-08-23,8907732,0.053773088,0.05418354365974665,-0.007575282678522571,IN BAND,False,False,0.010358677,80378.606330194,2554766.989568277,1.0,1494773.884985514,1454979.211229391,-0.0050901304439632976,18204.82464341866,ACCUMULATING_PRE_EMA,0.0,,,,0.3386797109192214,-1.9216836612517074,-0.09216593925535793,-0.17224498742298966,1.6572727345733598,1.7494386738287178,1.0286652405995345,-1.4107589629094963,1,0.0,,0.0,0.0,7.629510948348184e-05,0.031462206400191886,-0.41490794800194686,5EfNFhH2...,2905588.207413411,,,,False,5749344,0.0,116,5E2LP6En...,0.0,0.3212978559700609,0.3212978559700609,0.012161997192211439,,COUNTER,176127.384445061,0.0,0.0,DIVERGENT,1.0,0.0,1295.967040512703,66446.017825304,0.02600864113894494,66446.017825304,0.02600864113894494,0.0,DORMITORY,True,True,0.26008641138945093,,,10272.163302354997,0.004020782851938627,30.0
13,13,17,25,91,cascade,2026-08-23,8907732,0.008260588,0.008230791194364429,0.003620162987000865,IN BAND,False,False,0.002835547,3609.198729954,1053482.796038143,1.0,436917.903536794,147644.850478221,-0.00013977869327964234,7805.298123655084,ACCUMULATING_PRE_EMA,0.0,,,,2.0646736501802367,2.2903874810454576,0.04404531634184385,3.740838077994922,1.4944959132913085,1.4504505969494645,2.494582740110403,0.6142230532307721,1,0.0,,0.0,0.0,1.5259021896585345e-05,0.0034259683627745952,-0.5852633780095805,5HEe7NjS...,315836.421106869,,,,False,7633645,0.5161290322580645,1,5E2LP6En...,0.0,0.7909905440108074,0.7909905440108074,0.5768808179459789,,COUNTER,399376.775480423,9542.545852108,0.0,DIVERGENT,1.0,0.0,1295.967040512703,68175.947453611,0.06471481803974574,68175.947453611,0.06471481803974574,0.0,DORMITORY,False,True,0.6471481803974662,,,23007.769898278,0.02183972057712176,30.0
14,15,76,26,2,DSperse,2026-08-23,8907732,0.003127378,0.0031387750059366226,-0.003631036284877516,IN BAND,False,True,1.18e-07,7816.120522043,3089570.778959844,1.0,2499256.23305667,700882.075067599,-0.002026472196230547,17251.936246251687,ACCUMULATING_PRE_EMA,0.0,,,,3.967492557534721e-05,-1.9953814056948287,-0.04417760813267644,-0.8123914214909662,1.1388123760711861,1.1829899842038625,0.8506035912486072,-1.1829503092782871,1,0.36290540598233495,MINER_BURN_ONLY,2613.198052842985,2613.017874312429,6.103608758678547e-05,0.0025298402533035446,-0.19106668483837116,5EcYQ3W7...,2779185852745915.0,,,,False,2734060,0.8230150615739116,14,5CFxLBvp...,0.179995422293431,0.6734957006607665,0.5522695576075216,0.9142111607892207,,COUNTER,663348.903618465,0.0,0.0,DIVERGENT,-1.0,2.016268772760364,1295.967040512703,1144508.261830867,0.37044248010922254,1144508.261830867,0.37044248010922254,0.0,FORTRESS,True,True,3.704424801092225,0,,7902.227655505996,0.0025577105108970555,30.0
15,14,75,27,23,Trishool,2026-08-23,8907732,0.004165768,0.0042506936006248,-0.019979233650789713,IN BAND,False,True,6.48e-07,7378.014973379,4069854.031219221,1.0,1771105.493227468,578606.571505392,3.250270980840306e-05,21539.419817660935,,0.0,,,0.00780233316123295,0.00023081330224247049,-5.601370973300619,-0.24308067608460815,-4.32026896029343,1.0380213369225806,1.2811020130071886,0.6457234042894459,-1.2808711997049462,1,0.3279435215155977,MINER_BURN_ONLY,2361.6059735980816,2361.5609289654426,1.5259021896696368e-05,0.0018128451086410933,-0.564823315018721,5CqTRwoF...,1413877.550612274,,,,False,2063528,0.7999969481490524,188,5HKsvivb...,0.0899977111467155,0.9033836693135001,0.8220812067879638,0.38544766439286426,,COUNTER,1114628.521953507,0.055431535,0.0,DIVERGENT,-1.0,1.8222384174455357,1295.967040512703,474492.407329123,0.11658708240869699,474492.407329123,0.11658708240869699,0.0,FORTRESS,True,True,1.165870824086971,0,,7607.319251427004,0.0018691872467838978,30.0
16,16,21,9,110,Green Compute,2026-08-23,8907732,0.011659475,0.011633368907496333,0.0022440698572573697,IN BAND,False,False,0.002619462,6768.459046777,2754005.272774402,1.0,580511.509743783,363381.084438769,0.0008840356011466324,7093.624385639443,,0.0,,0.0758212184636643,0.0758212184636643,1.0170625379314353,1.8993954398524642,0.027302849929964665,2.686666202903888,0.8145736129813888,0.7872707630514241,0.9542465390244284,0.2297917748800112,1,0.0,,0.0,0.0,0.0,0.0024576783180804925,-0.7892119226568527,5D53sX6A...,1554355.340336007,,,,False,5606062,1.0,155,5FmpATto...,0.179995422293431,18.532005118770495,15.196329031473375,0.0,,COUNTER,653602.202903777,0.0,0.0,OK,0.0,0.0,1295.967040512703,9205.92186508,0.0033427393752975265,9205.92186508,0.0033427393752975265,0.0,NEITHER,True,True,0.03342739375297527,,,12152.017753967999,0.0044124889208095016,30.0
17,79,79,28,113,TensorUSD,2026-08-23,8907732,0.002764544,0.002632190240547061,0.050282748341712244,IN BAND,False,True,0.0,1912.366271551,1510243.248031304,1.0,691747.433884195,65131.254804891,-0.0004889739469761811,-12371.326672927826,,0.0,,,,,2.8396981619899027,0.611773438157499,2.8396981619899027,0.611773438157499,,1.7401170330844131,4.79353098022248,1,0.410002287939165,,2952.016473161988,2952.016473161988,0.0,0.0012662637452899646,-0.5419628896158047,5GndoVhM...,532898.247683754,0.09522460113813355,,,False,7119664,1.0,0,5FRumLA6...,0.179995422293431,2.5925456563872626,2.125899306150837,0.30512820512820515,,COUNTER,714503.620849275,0.0,0.0,DIVERGENT,-1.0,2.2778484181157324,1295.967040512703,74920.497813887,0.04960823225765156,74920.497813887,0.04960823225765156,0.0,FORTRESS,False,True,0.4960823225765162,,,16998.83644777399,0.01125569438561174,30.0
18,80,80,29,90,KubeTEE,2026-08-23,8907732,0.042717531,0.04129871912300587,0.034354863955181905,IN BAND,False,True,0.0,2536.107413366,204735.700112648,1.0,59369.241114703,37457.344702118,,-164.83739088720904,,,,,,,25.35594817796348,0.41798417812137983,25.35594817796348,0.41798417812137983,,12.836061314924772,9.187180088464642,1,0.0,,0.0,0.0,1.5259021896696368e-05,0.012387226126027868,-0.7100200822461422,5C9y6fnL...,647054.544481593,5.959510474721081,BUYBACK_GAMING,,True,8618670,0.793572801904355,0,5EKtGWqs...,0.179995422293431,2.2200629418550744,1.8204617751178735,0.5396365190056918,,COUNTER,0.0,57518.02131936,2344.0913936409997,OK,-0.0025596271614045604,0.0,1295.967040512703,37896.984142657,0.1851019832975179,37896.984142657,0.1851019832975179,0.0,DORMITORY,False,True,1.8510198329751788,0,,45160.15629597899,0.22057782922632124,30.0
19,17,3,3,51,lium.io,2026-08-23,8907732,0.079545182,0.07995481975376606,-0.005123365358431178,IN BAND,False,False,0.01151746,147656.941033676,3850702.240177453,1.0,1856265.06446489,1905336.678384333,0.015805744069074572,10510.614690579474,,0.0,,0.19870146339063718,0.19870146339063718,0.20498789063425626,4.599098653890172,-0.062334278527579334,5.018843185768562,0.3574102533508101,0.41974453187838945,0.6824729195054284,-0.21475664124413318,1,0.0,,0.0,0.0,0.0005035477225909801,0.038345458003232025,-0.5179411620023445,5FqACMtc...,216.587394526,,,,False,3966206,0.7230160911117218,61,5FUY2npW...,,6.596870667908404,6.596870667908404,0.0,,COUNTER,1171146.945421614,47834.295633396,0.0,OK,0.0,0.0,1295.967040512703,469678.150073966,0.1219720769820732,469678.150073966,0.1219720769820732,0.0,DORMITORY,True,True,1.219720769820734,0,,7813.112695252999,0.0020290098293585393,30.0
20,18,15,30,38,ChronoLLM,2026-08-23,8907732,0.009991294,0.010025083785876632,-0.003370524037338757,IN BAND,False,False,0.003223256,5085.059900118,1519873.969448716,1.0,508949.20283105,181182.812364739,-0.0014355570088288021,3755.3704376913956,ACCUMULATING_PRE_EMA,0.0,,,,1.665804717030656,-2.3011100382872502,-0.041008042454288206,-2.0283760827751127,0.23172591305784931,0.2727339555121375,1.7290907356964738,1.3930707615185185,1,0.0,,0.0,0.0,6.103608758678547e-05,0.0033457115539405136,-0.6651373131507777,5GeWgtBA...,1467951.465885506,1.2257916314556547,BUYBACK_GAMING,,False,7284230,0.5203186278249988,4,5E2LP6En...,0.0,0.6119495194229865,0.6119495194229865,0.14959332224443392,,COUNTER,485297.062238848,10641.406258159,0.0,OK,0.0,0.0,1295.967040512703,35391.110354244,0.02328555595111676,35391.110354244,0.02328555595111676,0.0,DORMITORY,False,True,0.2328555595111717,,,18154.777746312993,0.011944923139185047,30.0
21,81,81,31,122,CookingTAO,2026-08-23,8907732,0.004605614,0.004532601218670607,0.016108362021490123,IN BAND,False,True,0.0,1431.389945006,572758.986216081,1.0,310792.364602689,45303.654335192,0.0003625880589275153,-6588.510594266991,DISTRIBUTING_PRE_EMA,0.0,,,0.0787274094024196,,1.500025039431563,0.19598507126146317,1.500025039431563,0.19598507126146317,,4.588317360783497,9.007761603424061,1,0.41000228793597165,SKIN_IN_GAME,2952.016473138996,2952.016473138996,0.0,0.0024991139021012044,-0.4573766055728499,5F3uH1G4...,347882.814277352,0.20948235849730806,BUYBACK_JUSTIFIED,,True,8238082,1.0,0,5CfPqfaz...,0.179995422293431,3.957186004976856,3.2449106389173914,0.2776463766346726,,COUNTER,278494.413110105,4689.8056909,0.0,DIVERGENT,-1.0,2.277848418097991,1295.967040512703,107852.34027887,0.18830318314408998,107852.34027887,0.18830318314408998,0.0,FORTRESS,False,True,1.883031831440901,0,,31046.483711806995,0.054205144675101256,30.0
22,82,82,32,10,Pareton,2026-08-23,8907732,0.00685475,0.006749533349648118,0.015588729605635196,IN BAND,False,True,0.0,17062.808079497,3289443.301386599,1.0,2489194.601694427,928171.651750631,0.0019830543029549486,-64285.96545326803,DISTRIBUTING_PRE_EMA,0.0,,,0.2892963715605892,,-0.280650699986411,0.18966287686856154,-0.280650699986411,0.18966287686856154,,0.7989193791217557,8.109053450653125,1,0.4100022879381949,MINER_BURN_ONLY,2952.016473155003,2952.016473155003,0.0,0.005187141566569795,-0.24327779035416391,5HK5714c...,12977.529247368,0.01552009798692821,,,False,2869647,1.0,168,5E2LP6En...,0.0,0.3210192397435594,0.3210192397435594,0.7110548162617507,,COUNTER,750984.149095651,0.0,0.0,DIVERGENT,-1.0,2.2778484181103424,1295.967040512703,71077.764191162,0.021607839892300498,21085.09090762,0.006409926840426769,49992.673283542,FORTRESS,True,True,0.06409926840426859,,,7682.646101616998,0.0023355459868782454,30.0
23,20,13,33,114,SOMA,2026-08-23,8907732,0.010659505,0.010670975083485246,-0.001074886165088841,IN BAND,False,False,0.003526971,5261.104648207,1460411.208368837,1.0,493560.044200063,198051.438061068,-0.00033109223172571404,3247.8984706779593,ACCUMULATING_PRE_EMA,0.0,,,,1.7617744576053742,-3.336269919427035,-0.013077781675247565,-3.167487138536054,0.1557049992157332,0.16878278089098075,1.7994931735256037,1.5929916767143935,1,0.0,,0.0,0.0,1.5259021896696368e-05,0.003602481696975768,-0.662040432742818,5FHrQMjz...,964682.69395378,0.6319025055577675,BUYBACK_GAMING,,False,7312241,1.0,5,5E2LP6En...,0.0,0.5818694885476188,0.5818694885476188,0.2901877002899435,,COUNTER,373811.447473431,13816.272943106,0.0,OK,0.0,0.0,1295.967040512703,146039.760277138,0.0999990683721558,146039.760277138,0.0999990683721558,0.0,DORMITORY,False,True,0.9999906837215581,,,18756.346158802997,0.01284319515717244,30.0
24,19,26,34,105,Beam,2026-08-23,8907732,0.006996529,0.0070202762726694345,-0.003382669249340687,IN BAND,False,False,0.001852566,4983.398212652,1970608.914030135,1.0,712267.220362626,514894.317886633,-0.0010888053840733777,4905.297072168905,ACCUMULATING_PRE_EMA,0.0,,,,0.9769525212012148,-2.760380989368205,-0.04115580920031169,-2.5642592291675026,0.1549659510003908,0.1961217602007025,1.3335979459391667,0.7808307610005123,1,0.0,,0.0,0.0,0.0017700465400167786,0.002528862108139126,-0.638554759347224,5G3ic2pA...,1996096.289114303,,,,False,6841399,0.0,131,5GbBrQUY...,0.0,0.4725657157102229,0.4725657157102229,0.010269791857413172,,COUNTER,451650.409847256,1869.377328683,0.0,OK,0.0,0.0,1295.967040512703,194170.671656835,0.09853333671354017,194170.671656835,0.09853333671354017,0.0,DORMITORY,False,True,0.9853333671354022,,,14406.481076029004,0.007310674874887274,30.0
25,83,83,35,58,greevils,2026-08-23,8907732,0.009004474,0.008892044192180037,0.01264386516644139,IN BAND,False,True,0.0,1030.694240941,376911.513314769,1.0,114464.677385789,20211.082663817,,-674.338226914042,,,,,,,5.8155817602729165,0.15383369285837026,5.8155817602729165,0.15383369285837026,,6.972458805749683,7.79424691991345,1,0.0,,0.0,0.0,0.0,0.0027345788189819488,-0.6963088772334788,5CLUzEqe...,734415.769996983,1.1761117683231084,BUYBACK_GAMING,,True,8511017,0.0,36,5C5nmRa4...,0.0,0.855607161069544,0.855607161069544,0.003692795995910457,,COUNTER,78931.873767343,0.045668707,0.0,OK,0.0,0.0,1295.967040512703,32808.027617922,0.08704437635611074,32808.027617922,0.08704437635611074,0.0,DORMITORY,False,True,0.8704437635611075,,,38204.455565962,0.10136186934161501,30.0
26,21,61,36,55,NIOME,2026-08-23,8907732,0.002848895,0.0028500815387815237,-0.0004163174861414027,IN BAND,False,True,7.2722e-05,6757.423943182,2960235.376932552,1.0,2371945.028625206,542343.480585885,-0.002858824195392448,8356.969412873965,ACCUMULATING_PRE_EMA,0.0,,,,0.028281992902461986,0.3309150544121657,-0.0050651960813870665,0.4778675611957857,0.14188731070223298,0.14695250678362004,0.8877672432667093,-0.11867051388115807,1,0.008037215005264527,MINER_BURN_ONLY,59.66042924602516,59.345116817551826,0.00010681315327687457,0.0022827319732203733,-0.19873074535201432,5GeWUxaF...,1235095.325448946,,,,False,4703386,0.02012879990233185,142,5E2LP6En...,0.0,0.3272170630398724,0.3272170630398724,0.5693728063482374,,COUNTER,317606.260508687,0.0,0.0,DIVERGENT,-1.0,0.04579214977108835,1295.967040512703,14841.866940702,0.005013745547518388,14841.866940702,0.005013745547518388,0.0,DORMITORY,True,True,0.05013745547518388,,,8256.069896416,0.002788991024413432,30.0
27,84,84,37,39,deprecated,2026-08-23,8907732,0.008331881,0.008253603707998991,0.009484013864773488,IN BAND,False,True,0.0,19268.614172246,3574915.153955707,1.0,2312636.703500364,1076468.524918319,-0.008167090216750057,-27859.092506728135,,0.0,,,,,0.5163956440409299,0.1153888353547441,0.5163956440409299,0.1153888353547441,,0.735122341880498,3.6156070877198445,1,0.410002287936675,SKIN_IN_GAME,2952.01647314406,2952.01647314406,0.0,0.00538995006662604,-0.35309324909632767,5DkwfxC9...,514570.061416576,0.7167489423664073,BUYBACK_GAMING,,False,3280104,1.0,136,5GP7c3fF...,0.0009918364232852674,2.4843568496173676,2.481892774005479,0.18645464534244904,,COUNTER,1485766.172184704,0.0,0.0,DIVERGENT,-1.0,2.2778484181018985,1295.967040512703,526790.574632851,0.1473575041494196,525215.630223872,0.14691694980304962,1574.944408979034,FORTRESS,True,True,1.469169498030497,0,,7562.917776046001,0.0021155516845420786,30.0
28,85,85,38,46,Instant,2026-08-23,8907732,0.00386966,0.003834896720945835,0.009064984426905487,IN BAND,False,True,0.0,8853.96062638,3315555.285085667,1.0,2288045.754167216,1423545.534961477,-0.006844200137852545,-61084.39991321135,,0.0,,,,,-15.9023884830198,0.11029064386068342,-15.9023884830198,0.11029064386068342,,0.7926274105039084,7.676002396847593,1,0.4100022880520879,MINER_BURN_ONLY,2952.0164739750326,2952.0164739750326,0.0,0.0026704307016709064,-0.3099055985097124,5Ft9E2ov...,500367.614539373,0.02080464696277493,,,False,3919107,1.0,238,5CDnZ6oe...,0.179995422293431,2.5063446356311245,2.0552140745278247,0.16390965969784832,,COUNTER,952484.113281602,28041.129768459,0.0,DIVERGENT,-1.0,2.2778484187430976,1295.967040512703,171816.900722627,0.05182145551772563,171816.900722627,0.05182145551772563,0.0,FORTRESS,True,True,0.5182145551772575,,,7880.711235274,0.002376890311774843,30.0
29,86,86,39,71,Leadpoet,2026-08-23,8907732,0.006181051,0.006126383552327752,0.008923281933837885,IN BAND,False,True,0.0,6259.396828886,4540295.785078051,1.0,1012675.147632488,1364820.260061559,-0.0022417272015353455,-8292.941846518079,,0.0,,,,,1.2825624031888962,0.10856659686169427,1.2825624031888962,0.10856659686169427,,0.5788169151087197,1.2502480614010816,1,0.4100022879809775,,2952.016473463038,2952.016473463038,0.0,0.0013786319493672363,-0.7769583280631019,5DwHzMhB...,2371479.052183084,0.08300942632313062,,,False,5048438,1.0,0,5FNVgRnr...,0.0,0.7056331947848088,0.7056331947848088,0.5530648680817298,,COUNTER,908467.726501846,0.0,0.0,DIVERGENT,-1.0,2.27784841834803,1295.967040512703,63565.086413894,0.014000208229341445,63565.086413894,0.014000208229341445,0.0,FORTRESS,True,True,0.14000208229341443,,,7900.294492900996,0.0017400396068612488,30.0
30,87,87,40,72,StreetVision by NATIX,2026-08-23,8907732,0.002283506,0.002268162090331316,0.006764908792934856,IN BAND,False,True,0.0,6408.784428068,2409449.077286361,1.0,2806553.757378708,228646.849227655,-0.000693472829379333,-25605.99622576777,,0.0,,,,,-3.076796591926296,0.08230639031404074,-3.076796591926296,0.08230639031404074,,1.0907057653859122,5.039330446209154,1,0.41000228793722476,MINER_BURN_ONLY,2952.016473148018,2952.016473148018,0.0,0.0026598546898056407,0.1648117805714725,5FjP8fFb...,,,,,False,5064327,1.0,119,5EAHFCo6...,,0.45227059203598247,0.45227059203598247,0.06058109015442837,,COUNTER,415303.103846965,0.0,0.0,DIVERGENT,-1.0,2.277848418104953,1295.967040512703,465384.050494749,0.19314956887110776,459395.632375981,0.19066417991841306,5988.418118767964,FORTRESS,True,True,1.9066417991841331,0,,8339.281088549,0.003461073806108866,30.0
31,23,59,41,106,Nodexo,2026-08-23,8907732,0.002862739,0.0028664616402238607,-0.0012986883102227805,IN BAND,False,True,8.0467e-05,6500.49026429,2402590.541166601,1.0,2270723.555041842,351750.373400284,-0.0008091572467977437,7739.48237933917,ACCUMULATING_PRE_EMA,0.0,,,,0.032530973419294396,-3.1055684450876346,-0.015800707774377164,-3.024018024856374,0.06574971245688321,0.08155042023126038,1.0938193399878906,-0.04901944681196599,1,0.0,,0.0,0.0,0.0001373311970702673,0.0027056171881595873,-0.0548851333776543,5CTdHCps...,1111950.345121924,,,,False,5558480,0.0,31,5E4vCZrj...,0.0,0.44505381818124123,0.44505381818124123,0.02286115435094466,,COUNTER,838637.534343767,0.0,0.0,OK,0.0,0.0,1295.967040512703,285530.301631142,0.11884268115552474,285530.301631142,0.11884268115552474,0.0,DORMITORY,True,True,1.18842681155525,0,,9205.00225513799,0.0038312821504193607,30.0
32,88,88,42,31,rec4ll,2026-08-23,8907732,0.004791727,0.004772933665663004,0.00393748073060334,IN BAND,False,True,0.0,1973.464654468,1666433.358248612,1.0,411848.263411751,47607.044818008,-3.4653599990985635e-05,-6943.716649241338,,0.0,,,,,2.28138206806606,0.04790601555567397,2.28138206806606,0.04790601555567397,,1.5770207593311594,3.1257685838710274,1,0.41000228793722476,SKIN_IN_GAME,2952.016473148018,2952.016473148018,0.0,0.0011842445692170204,-0.7528564191538832,5H3mfhC8...,833765.844678767,0.20677625015547588,BUYBACK_JUSTIFIED,,False,7173591,1.0,0,5CDZ527X...,0.179995422293431,1.8546219752124355,1.520798509589396,0.4351508492423202,,COUNTER,692875.609252371,729.248648798,0.0,DIVERGENT,-1.0,2.277848418104953,1295.967040512703,394799.969174704,0.23691314580358067,394799.969174704,0.23691314580358067,0.0,FORTRESS,False,True,2.369131458035807,0,,17679.806596581,0.01060936911102291,30.0
33,22,31,43,63,Enigma,2026-08-23,8907732,0.008164622,0.008196540176868439,-0.003894103631495099,IN BAND,False,False,0.001170972,15289.404579862,3898128.847432663,1.0,1872640.701324715,1216943.536820754,-0.0023243817583002914,7077.547962786863,ACCUMULATING_PRE_EMA,0.0,,,,0.20127104361233242,-0.3862536445919251,-0.04737826084985704,-0.2938699959316156,0.04500538781045246,0.0923836486603095,0.6741696087677606,0.10888739495202292,1,0.0,,0.0,0.0,6.103608758678547e-05,0.003922241972563764,-0.5196051975751279,5CqTmNfg...,284287.786880778,,,,False,4885578,0.0,141,5E2LP6En...,0.0,0.298867780153594,0.298867780153594,0.4024965283606232,,COUNTER,725439.396179942,0.0,0.0,OK,0.0,0.0,1295.967040512703,72397.992373783,0.018572498551828232,72397.992373783,0.018572498551828232,0.0,DORMITORY,True,True,0.18572498551828234,,,7717.904716766002,0.0019798998490901786,30.0
34,89,89,44,73,Parked,2026-08-23,8907732,0.003233379,0.0032225230243057013,0.003368781421395084,IN BAND,False,True,0.0,6989.116067477,3345686.261006099,1.0,2161551.477001657,574589.538655454,-0.0012004820451322843,-11493.332172501832,,0.0,,,,,0.2609487929650705,0.04098684062697352,0.2609487929650705,0.04098684062697352,,0.7854890730877199,2.0514435815202434,1,0.4100022879348641,SKIN_IN_GAME,2952.0164731310215,2952.0164731310215,0.0,0.0020889932654280814,-0.35392873355456284,5Fvs6HPW...,1405858.827450549,0.2793152609062961,BUYBACK_GAMING,,False,5160047,1.0,0,5Dnkprjf...,0.179995422293431,1.1486838573035199,0.9419260213265256,0.49878679668543696,,COUNTER,1500983.447780696,0.0,0.0,DIVERGENT,-1.0,2.2778484180918377,1295.967040512703,975085.65042206,0.29144563307882815,907034.480386322,0.27110565953472365,68051.17003573803,FORTRESS,True,True,2.7110565953472365,0,,8004.190372189006,0.0023923912010153704,30.0
35,90,90,45,20,ChronoSeek,2026-08-23,8907732,0.002766085,0.002758486196398735,0.0027547006075961224,IN BAND,False,True,0.0,7037.95786145,3198308.586853191,1.0,2544374.315363342,280437.676547104,-0.0009316292818717833,-18234.803222510964,,0.0,,,,,-0.35397434776617576,0.03351552405908616,-0.35397434776617576,0.03351552405908616,,0.8216843148914795,2.9267327258687676,1,0.410002287936675,SKIN_IN_GAME,2952.01647314406,2952.01647314406,0.0,0.0022005249557156183,-0.20446227946154286,5CFVA7aP...,1219627.909727069,0.9134195488149128,BUYBACK_GAMING,,False,1970929,1.0,240,5ED4s3B3...,0.179995422293431,1.3071405448517157,1.0718612304842656,0.47960507240847844,,COUNTER,1334845.584692639,0.0,0.0,DIVERGENT,-1.0,2.2778484181018985,1295.967040512703,679350.179861522,0.2124092036190708,673308.374918676,0.21052014107905162,6041.804942846065,FORTRESS,True,True,2.105201410790516,0,,7789.272903345997,0.00243543507195153,30.0
36,91,91,46,108,Prometheon,2026-08-23,8907732,0.003243178,0.003235425101593137,0.002396253402078713,IN BAND,False,True,0.0,2000.949729354,1624166.122850393,1.0,616971.740956173,53583.259003253,0.0005111478403079943,-1986.9476050429512,DISTRIBUTING_PRE_EMA,0.0,,,0.157607087957551,,1.505090220419925,0.02915441639195767,1.505090220419925,0.02915441639195767,,1.6180610856406057,2.077709627803636,1,0.2687071357402411,SKIN_IN_GAME,1934.7814665950136,1934.6913773297356,3.0518043793392735e-05,0.0012319858795246611,-0.62013004542931,5GpmtjiG...,1590325.86148065,1.4683776540354416,BUYBACK_GAMING,,False,7105263,0.6551966184975508,0,5CAxp9fh...,0.179995422293431,1.0074519898328989,0.8261152434825688,0.8318200546306329,,COUNTER,470586.017399945,0.238163524,0.0,DIVERGENT,-1.0,1.4928553866341725,1295.967040512703,412122.243570419,0.25374389834406175,412122.243570419,0.25374389834406175,0.0,FORTRESS,False,True,2.5374389834406177,0,,16514.931018805986,0.010168252364371739,30.0
37,92,92,47,57,SN57,2026-08-23,8907732,0.005253283,0.005245814565569162,0.0014236939444746467,IN BAND,False,True,0.0,1849.131021806,904103.162761795,1.0,351995.297872665,31223.380151431,-0.00013780237056893412,-441.97883678704966,,0.0,,,,,0.49489211099695785,0.017321609657774868,0.49489211099695785,0.017321609657774868,,2.906747933468298,3.113927416050637,1,0.4100022880591698,SKIN_IN_GAME,2952.0164740260225,2952.0164740260225,0.0,0.002045265516113666,-0.6106690775818349,5HdpnCSY...,852446.37089667,4.159935778922448,BUYBACK_GAMING,,True,8057320,1.0,0,5Ejcqsbx...,0.179995422293431,2.071261859281378,1.6984442062397491,0.638690085608338,,COUNTER,349625.698925754,6427.093693354,0.0,DIVERGENT,-1.0,2.2778484187824426,1295.967040512703,1254.306998862,0.0013873494204250157,1254.306998862,0.0013873494204250157,0.0,EXPOSED,False,True,0.013873494204250159,,,25161.39504335801,0.027830225664178226,30.0
38,93,93,48,16,trav,2026-08-23,8907732,0.001991103,0.001989977201446891,0.0005657343975050351,IN BAND,False,True,0.0,474.087515899,346478.25674685,1.0,238102.935320382,50488.387858436,0.000900611716787907,-3401.4156342822826,DISTRIBUTING_PRE_EMA,0.0,,,0.45231799499468733,,-7.264681061602385,0.00688310183631126,-7.264681061602385,0.00688310183631126,,7.584891544637721,11.527291570972839,1,0.0,,0.0,0.0,0.0,0.0013683038016592947,-0.312791050156976,5FkKY8WJ...,754265.11248833,0.8806159502429106,BUYBACK_GAMING,,True,8460646,1.0,1,5E2LP6En...,0.0,0.8799049634595747,0.8799049634595747,0.3841059602649007,,COUNTER,63578.799840379,0.04568655,0.0,OK,0.0,0.0,1295.967040512703,7333.737256624,0.021166515109726794,0.0,0.0,7333.737256624,NEITHER,False,False,0.14375350804841353,,,36778.30359188501,0.10614895127100751,30.0
39,94,94,49,12,Compute Horde,2026-08-23,8907732,0.004927049,0.004925177665427327,0.0003799527042057812,IN BAND,False,True,0.0,12853.176277178,3436680.98702269,1.0,2608696.580441949,424157.715750664,-0.0016389071287063602,-530.8779129078612,,0.0,,,,,-0.07039775498017249,0.004622757901170338,-0.07039775498017249,0.004622757901170338,,0.7646912849704804,0.8235244732204149,1,0.4075859377845506,SKIN_IN_GAME,2934.8439752119593,2934.6187520487642,7.629510948348184e-05,0.003739996911471591,-0.24092556995646056,5ELzhHvg...,1735867.046024346,6.846264039671336,BUYBACK_GAMING,,False,2256433,0.0,99,5DoKZ3oP...,0.179995422293431,0.3900156146220036,0.319814589367084,0.0564313073201996,,COUNTER,1553972.116413208,0.0,0.0,DIVERGENT,-1.0,2.2644239091819705,1295.967040512703,3870.537061652,0.0011262427546425175,3870.537061652,0.0011262427546425175,0.0,EXPOSED,True,True,0.011262427546425174,,UNDEFENDED_BURNER,7393.569463817999,0.002151369152894023,30.0
40,95,95,50,115,HashiChain,2026-08-23,8907732,0.00266969,0.002668689703568816,0.0003748268035232038,IN BAND,False,True,0.0,3592.5254375,1563610.935695814,1.0,1345670.91775862,155426.152234184,-0.0010310414951094963,-130.39407987939194,,0.0,,,,,-3.7813336875588637,0.004560392776198979,-3.7813336875588637,0.004560392776198979,,1.6807250064611041,1.7207197566458454,1,0.41000228827762636,MINER_BURN_ONLY,2952.01647559891,2952.01647559891,0.0,0.002297582701352309,-0.13938221240956486,5EkNnrTj...,107862.578242831,,,,False,5683635,1.0,0,5EhTo9AX...,0.179995422293431,10.652600991288363,8.735181577337991,0.0663868752384586,,COUNTER,889523.95165637,0.0,0.0,DIVERGENT,-1.0,2.277848419996121,1295.967040512703,2942.008322496,0.0018815475482632084,2942.008322496,0.0018815475482632084,0.0,EXPOSED,True,True,0.018815475482632082,,UNDEFENDED_BURNER,13673.262437582,0.008744670509417572,30.0
41,96,96,51,42,Unknown,2026-08-23,8907732,0.002461502,0.0024606927763670683,0.00032886008391766664,IN BAND,False,True,0.0,7335.816114036,2523161.297353466,1.0,2980218.996462999,364211.06733224,-0.0007519273179352004,50.413692636881024,ACCUMULATING_PRE_EMA,0.0,,,,,-0.45952577515194043,0.0040011310209982776,-0.45952577515194043,0.0040011310209982776,,1.0415505353369596,1.0381189262114976,1,0.4100022879368044,MINER_BURN_ONLY,2952.0164731449913,2952.0164731449913,0.0,0.002907390867849197,0.18114503577457877,5EC5HHfL...,77424.771307385,,,,False,3613591,1.0,11,5Gbdb5s2...,0.179995422293431,13.916554024296177,11.41163800582364,0.0,,COUNTER,462671.935948507,0.0,0.0,DIVERGENT,-1.0,2.2778484181026175,1295.967040512703,5444.016612431,0.00215761735809011,5444.016612431,0.00215761735809011,0.0,EXPOSED,True,True,0.021576173580901102,,UNDEFENDED_BURNER,8025.013506338998,0.003180539236534899,30.0
42,97,97,52,104,Masx.ai,2026-08-23,8907732,0.004359496,0.004358108853921294,0.00031829082870605825,IN BAND,False,True,0.0,6062.500500521,3109872.05425575,1.0,1390642.343761246,74521.850921365,-0.0017383027949343672,-192.9425091445446,,0.0,,,,,0.06138871715238109,0.0038725384159237087,0.06138871715238109,0.0038725384159237087,,0.8450508426556247,0.5391450173987298,1,0.0,,0.0,0.0,0.0001831082627603564,0.0019494372741877537,-0.5528296678818483,5HBb3F1b...,45047.62821512,,,,False,5528520,0.9570074630282496,51,5CrZmCAt...,,1.6342032447603219,1.6342032447603219,0.0,,COUNTER,340321.172598343,124526.538664139,2812.2709346730117,OK,-0.0021335070977729536,0.0,1295.967040512703,3017.92106809,0.0009704325500980279,3017.92106809,0.0009704325500980279,0.0,NEITHER,True,True,0.00970432550098028,,,9570.741892361,0.00307753557875919,30.0
43,98,98,53,24,Quasar,2026-08-23,8907732,0.004065632,0.004064764361828566,0.0002134534979645581,IN BAND,False,True,0.0,8733.012899476,3610661.547502833,1.0,2148008.437063672,1560814.113298808,-0.003987432863262727,-19663.58221384976,,0.0,,,,,-4.02997171865524,0.0025970175585687903,-4.02997171865524,0.0025970175585687903,,0.7278444588132469,2.736625805821023,1,0.410002287933894,MINER_BURN_ONLY,2952.0164731240366,2952.0164731240366,0.0,0.0024186739146226078,-0.4050927593489504,5ELutYW7...,342392.710742874,0.02007024015079988,,,False,2538424,1.0,155,5ELpkVn8...,0.179995422293431,3.1469303490355482,2.5804972919328804,0.0,,COUNTER,613640.759857282,0.0,0.0,DIVERGENT,-1.0,2.2778484180864482,1295.967040512703,700000.000065042,0.19387028965624556,0.0,0.0,700000.000065042,EXPOSED,True,False,0.4230939903009861,149290,UNDEFENDED_BURNER,7693.859464710998,0.0021308725183705303,30.0
44,99,99,54,7,Allways,2026-08-23,8907732,0.003271053,0.003270398359745741,0.00020017141101731094,IN BAND,False,True,0.0,6427.604678058,3164748.214960556,1.0,1964995.32229685,322333.070809012,-0.001063203871299582,105.28606024407782,ACCUMULATING_PRE_EMA,0.0,,,,,-1.0146447607727014,0.0024354188340439497,-1.0146447607727014,0.0024354188340439497,,0.8303978141378789,0.47923488987703283,1,0.0,,0.0,0.0,1.5259021896696368e-05,0.002031000332877385,-0.37909892231113795,5CAc19iE...,2077.384366303,,,,False,2627691,1.0,189,5EvkLKgQ...,,0.2660798632482818,0.2660798632482818,0.0,,COUNTER,36084.978602376,190826.562394963,2950.6711894799955,OK,-0.002033435653869564,0.0,1295.967040512703,3211.260531444,0.0010146970037817127,3211.260531444,0.0010146970037817127,0.0,NEITHER,True,True,0.010146970037817126,,,8407.849533327997,0.00265671989120082,30.0
45,100,100,55,52,Dojo,2026-08-23,8907732,0.006572093,0.006571280304342508,0.00012367386869113384,IN BAND,False,True,0.0,18263.667860602,3008814.672427752,1.0,2778972.584833663,765294.786230243,-0.001055169699966047,-224.80838706158102,,0.0,,,,,-0.23881759822762902,0.0015046987357421283,-0.23881759822762902,0.0015046987357421283,,0.8734336561445706,0.9036552490527779,1,0.4100022879373541,SKIN_IN_GAME,2952.0164731489494,2952.0164731489494,0.0,0.006070054107342349,-0.07638949915310869,5Fv1ZvNP...,74338.376285586,5.326689079261381,BUYBACK_JUSTIFIED,,False,3989825,1.0,158,5EgfUiH6...,0.179995422293431,14.49434419366544,11.885428589660288,0.0,,COUNTER,1109191.439622676,0.0,0.0,DIVERGENT,-1.0,2.2778484181056715,1295.967040512703,167638.354572778,0.05571574617372959,167638.354572778,0.05571574617372959,0.0,FORTRESS,True,True,0.557157461737296,,,7726.930057048001,0.0025680977056700195,30.0
46,101,101,56,29,hoτfloaτ,2026-08-23,8907732,0.003042007,0.0030420005787163973,2.110875207396627e-06,IN BAND,False,True,0.0,8699.326588932,2951395.271173588,1.0,2859731.827300184,204204.489010248,-0.011022358310089313,18.55564098013565,ACCUMULATING_PRE_EMA,0.0,,,,,-2.094753401873704,2.5682315023325628e-05,-2.094753401873704,2.5682315023325628e-05,,0.8904263097755138,0.8910992153646756,1,0.0,,0.0,0.0,0.0,0.002947530164427218,-0.03105740242306543,5HHHHHzg...,12025.877922345,,,,False,3379782,1.0,37,5E2LP6En...,0.0,0.3666498605159667,0.3666498605159667,0.07932244773386235,,COUNTER,610829.352749762,0.0,0.0,OK,0.0,0.0,1295.967040512703,3165.974907187,0.0010727044723928445,3165.974907187,0.0010727044723928445,0.0,NEITHER,True,True,0.010727044723928445,,,7664.491658976,0.0025969044993178103,30.0
47,102,102,57,14,Cacheon,2026-08-23,8907732,0.009685687,0.009685677709057927,9.592454293926612e-07,IN BAND,False,True,0.0,25516.413671773,3079971.670309389,1.0,2634445.305284683,2653661.731251679,-0.012349965626037119,-17.916511576622725,,0.0,,,,,-0.6260630052473621,1.1670819390944044e-05,-0.6260630052473621,1.1670819390944044e-05,,0.8532546014411919,0.8581099172963254,1,0.4100022879346054,MINER_BURN_ONLY,2952.016473129159,2952.016473129159,0.0,0.008284626095021785,-0.14465271332619098,5CKhH8nK...,1579560.006820598,,,,False,4848444,1.0,29,5FxbrVDh...,0.179995422293431,1.1036120822034652,0.9049669594191198,0.6178813404138437,,COUNTER,1212297.169552569,526.080568229,0.0,DIVERGENT,-1.0,2.2778484180904006,1295.967040512703,53078.612404847,0.017233474228519497,53078.612404847,0.017233474228519497,0.0,FORTRESS,True,True,0.17233474228519552,,,7797.870224602003,0.0025317993343161797,30.0
48,103,103,58,125,8 Ball,2026-08-23,8907732,0.003219944,0.0032199446577578783,-2.042761438546288e-07,IN BAND,False,True,0.0,5879.370290836,2393002.743153398,1.0,1825922.73535377,234526.380480883,-0.00024021262101779379,22.995290762512013,ACCUMULATING_PRE_EMA,0.0,,,,,-0.4173798657386462,-2.485359750231317e-06,-0.4173798657386462,-2.485359750231317e-06,,1.0982018334575465,1.0989171946046001,1,0.410002288126529,MINER_BURN_ONLY,2952.0164745110087,2952.0164745110087,0.0,0.0024569007735814018,-0.23697406738086077,5DTzv2rL...,67206.889838102,,,,False,5834408,1.0,0,5CFFokuo...,0.179995422293431,16.032374296348326,13.146620314510761,0.0,,COUNTER,1243190.380883765,0.0,0.0,DIVERGENT,-1.0,2.27784841915667,1295.967040512703,45923.662897553,0.0191908108041016,45923.662897553,0.0191908108041016,0.0,FORTRESS,True,True,0.19190810804101602,,,10038.759206223998,0.004195047095096659,30.0
49,104,104,59,121,sundae_bar,2026-08-23,8907732,0.004532427,0.004533435916528106,-0.00022255008048687177,IN BAND,False,True,0.0,6257.880762764,2811850.304058267,1.0,1380690.909822411,548127.071184448,-0.0014768339828714987,9.805719723692164,ACCUMULATING_PRE_EMA,0.0,,,,,-2.1800853647651603,-0.0027076926459236065,-2.1800853647651603,-0.0027076926459236065,,0.9346158990779414,0.9364940037750024,1,0.410002287933894,MINER_BURN_ONLY,2952.0164731240366,2952.0164731240366,0.0,0.0022255383772500875,-0.5089742477374511,5CXGaDJs...,1810669.271800485,,,,False,5766528,1.0,0,5EL9y2gd...,0.179995422293431,1.0444433279195129,0.8564483100490837,0.7551845691352185,,COUNTER,1258624.923548449,0.0,0.0,DIVERGENT,-1.0,2.2778484180864482,1295.967040512703,202885.709556554,0.07215380892209468,202885.709556554,0.07215380892209468,0.0,FORTRESS,True,True,0.7215380892209468,,,10070.870950243001,0.0035815814717120565,30.0
50,105,105,60,119,Satori,2026-08-23,8907732,0.002789205,0.0027898603584617376,-0.0002349072632793297,IN BAND,False,True,0.0,3410.518966322,1509866.84797845,1.0,1222756.519107871,71262.299063131,-0.0008647727937628405,1273.0886948797852,ACCUMULATING_PRE_EMA,0.0,,,,,-1.621395916584487,-0.0028580383698985114,-1.621395916584487,-0.0028580383698985114,,1.7405508330212103,1.4399111585122113,1,0.4100022881215167,MINER_BURN_ONLY,2952.01647447492,2952.01647447492,0.0,0.002258821015169861,-0.19015597090573805,5GbLENPL...,104743.168233655,,,,False,5740660,1.0,0,5HMwvi1d...,0.179995422293431,10.933627238098273,8.965624386177815,0.0628567068518236,,COUNTER,808567.264461909,0.0,0.0,DIVERGENT,-1.0,2.277848419128823,1295.967040512703,20722.542632217,0.013724748417360289,20722.542632217,0.013724748417360289,0.0,FORTRESS,True,True,0.13724748417360288,,,14228.417351176,0.009423623924338976,30.0
51,106,106,61,69,Herald,2026-08-23,8907732,0.009646497,0.009652952430769801,-0.0006687519508770571,IN BAND,False,True,0.0,4623.03034859,1199815.458473098,1.0,479244.437264923,72527.538949963,0.0011393261345515797,95.72648794937413,,0.0,,,0.11810775813765138,,-0.9545493050862095,-0.008136482069004193,-0.9545493050862095,-0.008136482069004193,,2.1903368400874164,2.175933075549334,1,0.41000228810749834,MINER_BURN_ONLY,2952.016474373988,2952.016474373988,0.0,0.0038531178406997135,-0.600568181309784,5HBPFVcJ...,520501.655735409,,,,True,8138182,1.0,0,5FWB5CFZ...,0.179995422293431,2.070091422966822,1.6974844431038996,0.0,,COUNTER,313708.277690226,4110.268380516,0.0,DIVERGENT,-1.0,2.277848419050941,1295.967040512703,485.813350565,0.00040490672722557925,485.813350565,0.00040490672722557925,0.0,EXPOSED,False,True,0.0040490672722557925,,,21138.044551748,0.017617746464650967,30.0
52,107,107,62,47,wait (reproduce paper),2026-08-23,8907732,0.002781075,0.0027836570516228676,-0.0009275753352454866,IN BAND,False,True,0.0,1254.664140105,1370742.320048147,1.0,451143.466202171,40246.399009215,1.9567391779975152e-05,-395.92404371028533,DISTRIBUTING_PRE_EMA,0.0,,,0.0070359094163138895,,-1.6297688025868118,-0.01128549991215342,-1.6297688025868118,-0.01128549991215342,,1.9172093555174483,2.0355250481903764,1,0.4100022879388901,SKIN_IN_GAME,2952.016473160009,2952.016473160009,0.0,0.0009153172859366668,-0.6708764467205427,5GBmFsPk...,24668.89626984,1.078225299431308,BUYBACK_JUSTIFIED,,False,7340355,1.0,111,5GbvpAAx...,,0.6794069381384426,0.6794069381384426,0.014817414658711144,,COUNTER,620682.563911172,52.790049364,0.0,DIVERGENT,-1.0,2.277848418114205,1295.967040512703,103441.890694437,0.07546414025562705,1082.01056104,0.0007893610237422265,102359.88013339699,EXPOSED,False,False,0.7260297542186459,,,19491.679648092995,0.014219798544928818,30.0
53,108,108,63,83,CliqueAI,2026-08-23,8907732,0.010526975,0.010544742224738002,-0.001684936849031802,IN BAND,False,True,0.0,8908.269425989,2728717.385012391,1.0,846232.577096969,151461.024689285,0.000950791968390149,1617.718488121871,,0.0,,,0.09031958073332073,,-0.19992923378759847,-0.02050006499655359,-0.19992923378759847,-0.02050006499655359,,0.9630898437611802,0.7158639709079098,1,0.0,,0.0,0.0,0.002365148393987937,0.0032646361528379927,-0.6898789868088417,5DqEjRLy...,915919.493845634,,,,False,5231190,0.12055674518201287,193,5GCbhT36...,,2.8565997766972284,2.8565997766972284,0.0,,COUNTER,345172.824104195,26063.92679357,0.0,DIVERGENT,1.0,0.0,1295.967040512703,8057.340853611,0.002952794194762098,8057.340853611,0.002952794194762098,0.0,NEITHER,True,True,0.029527941947620977,,,11365.892910437999,0.0041652876816286296,30.0
54,109,109,64,37,Aurelius,2026-08-23,8907732,0.003913673,0.003922308562323451,-0.002201652977127145,IN BAND,False,True,0.0,8627.34188266,3666386.579291713,1.0,2204410.145976011,351684.446202329,-0.0011818962588911177,-4256.03909499431,,0.0,,,,,2.5205397652477513,-0.026786777888380263,2.5205397652477513,-0.026786777888380263,,0.7167820258898305,1.1446852404907704,1,0.41000228793638394,,2952.0164731419645,2952.0164731419645,0.0,0.002353091169215076,-0.39875120654815166,5GRBbS3a...,8647.58556559,0.1834231100762683,,,False,3212175,1.0,47,5GQsPAfP...,,0.5578771014199957,0.5578771014199957,0.012254303503845683,,COUNTER,1241310.823816509,0.0,0.0,DIVERGENT,-1.0,2.2778484181002816,1295.967040512703,45507.151093348,0.012411989327688205,45507.151093348,0.012411989327688205,0.0,FORTRESS,True,True,0.12411989327688203,,,7657.321044356999,0.0020885198215612796,30.0
55,110,110,65,95,Actual,2026-08-23,8907732,0.048421992,0.048538156086578965,-0.0023932529775495134,IN BAND,False,True,0.0,29234.362309295,2845170.216281142,1.0,603741.414371338,557148.462135255,-0.0011390409750780188,3584.4941435598303,ACCUMULATING_PRE_EMA,0.0,,,,,-0.002695452523536726,-0.02911791122685241,-0.002695452523536726,-0.02911791122685241,,0.9236705716099474,0.4651866246271384,1,0.4100022879340233,MINER_BURN_ONLY,2952.016473124968,2952.016473124968,0.0,0.010275083768979761,-0.7878012996867259,5D5UhUuc...,439653.937850448,,,,False,5403674,1.0,0,5ExqqyEB...,0.179995422293431,2.450759381196344,2.0096339114383204,0.0,,COUNTER,1007848.107409896,14658.86980412,0.0,DIVERGENT,-1.0,2.2778484180871668,1295.967040512703,9024.997700073,0.0031720413943702006,9024.997700073,0.0031720413943702006,0.0,EXPOSED,True,True,0.03172041394370201,,UNDEFENDED_BURNER,11798.029152416995,0.004146686579560056,30.0
56,111,111,66,127,Astrid,2026-08-23,8907732,0.003046065,0.0030553091783076525,-0.003025611408915649,IN BAND,False,True,0.0,3470.819018696,2886657.080953307,1.0,1139443.407359099,595162.088917629,-0.0011311304522673383,2343.34986030031,ACCUMULATING_PRE_EMA,0.0,,,,,2.759595040731018,-0.03681160547514039,2.759595040731018,-0.03681160547514039,,0.9103956328377298,0.6158029588204899,1,0.4100022879387446,MINER_BURN_ONLY,2952.016473158961,2952.016473158961,0.0,0.0012023662393420753,-0.6052722974256705,5FU4uxAd...,1334504.264897975,,,,False,5848837,1.0,0,5EKrpcqV...,0.179995422293431,1.233270147431132,1.0112871664423835,0.5274916449205695,,COUNTER,1182851.426137794,203.185912805,0.0,DIVERGENT,-1.0,2.277848418113397,1295.967040512703,5535.674552263,0.0019176765362219144,5535.674552263,0.0019176765362219144,0.0,EXPOSED,True,True,0.019176765362219145,,UNDEFENDED_BURNER,10405.558449494996,0.003604708892563921,30.0
57,112,112,67,111,Claims,2026-08-23,8907732,0.006721915,0.006745006190612912,-0.0034234498768953275,IN BAND,False,True,0.0,6780.779412257,3611208.092945121,1.0,1008756.940359582,186046.049590842,-0.0020882893709760026,10727.039994149236,ACCUMULATING_PRE_EMA,0.0,,,,,1.216023165935573,-0.041651973502226484,1.216023165935573,-0.041651973502226484,,0.7277343017518368,-0.35552928614332585,1,0.4100022879369337,MINER_BURN_ONLY,2952.0164731459226,2952.0164731459226,0.0,0.0018777038702100755,-0.7206593849803106,5Do2YQao...,2647540.943333078,,,,False,5615562,1.0,0,5ExhNF86...,0.0,0.7137724877934997,0.7137724877934997,0.7538874731043322,,COUNTER,718993.186195161,0.371911999,0.0,DIVERGENT,-1.0,2.277848418103336,1295.967040512703,1221.604957048,0.0003382815184299501,1221.604957048,0.0003382815184299501,0.0,EXPOSED,True,True,0.003382815184299501,,UNDEFENDED_BURNER,9265.116850591996,0.002565655761763601,30.0
58,113,113,68,116,Memo,2026-08-23,8907732,0.00773691,0.007770780706778169,-0.004358726369491405,IN BAND,False,True,0.0,1632.519914323,599432.274288579,1.0,211004.103882885,106325.380651086,0.0001614247536338362,1118.3791370872932,,0.0,,,0.020864240844708833,,1.8193091889430002,-0.05303117082881209,1.8193091889430002,-0.05303117082881209,,4.384148322875967,3.7448438142408866,1,0.41000228806138894,MINER_BURN_ONLY,2952.0164740420005,2952.0164740420005,0.0,0.0027234434720094357,-0.6479933885738058,5F48aA3P...,83740.689250071,,,,True,8294730,1.0,0,5CXN6pP6...,0.179995422293431,12.866935092452518,10.55094567686436,0.0,,COUNTER,161826.673064525,1764.319155568,0.0,DIVERGENT,-1.0,2.277848418794772,1295.967040512703,30.45052749,5.079894559587976e-05,30.45052749,5.079894559587976e-05,0.0,EXPOSED,False,True,0.0005079894559587977,,,31417.869210369,0.052412708754556975,30.0
59,114,114,69,30,Endure Network,2026-08-23,8907732,0.003604042,0.00362182455137372,-0.004909832357002336,IN BAND,False,True,0.0,8754.321476521,3337497.757178984,1.0,2429028.317071952,403634.600986373,-0.0016359655505931488,17615.053810055833,ACCUMULATING_PRE_EMA,0.0,,,,,-0.8594909049430217,-0.05973629367686175,-0.8594909049430217,-0.05973629367686175,,0.7874162594857633,-1.1348006151158585,1,0.4100022879377745,MINER_BURN_ONLY,2952.0164731519762,2952.0164731519762,0.0,0.0026230194335532917,-0.27220064761917545,5HTogQKF...,842.406056097,,,,False,3250216,1.0,80,5GP7c3fF...,0.0009918364232852674,0.3394056294213109,0.3390689945557828,0.023715776943503342,,COUNTER,742263.478250574,18187.150616168,0.0,DIVERGENT,-1.0,2.277848418108007,1295.967040512703,4962.596266974,0.0014869212290253727,4962.596266974,0.0014869212290253727,0.0,EXPOSED,True,True,0.014869212290253729,,UNDEFENDED_BURNER,7672.895829091004,0.0022989965499112456,30.0
60,115,115,70,109,Finsight,2026-08-23,8907732,0.002672058,0.002691174391657114,-0.007103364135886707,IN BAND,False,True,0.0,1352.001901947,1450832.03961914,1.0,505977.749801991,63138.288144259,-0.000708007104294364,4247.10212368943,ACCUMULATING_PRE_EMA,0.0,,,,,1.7224664743380838,-0.08642426365328827,1.7224664743380838,-0.08642426365328827,,1.8113743894778336,0.7459153654560736,1,0.4100022879356887,MINER_BURN_ONLY,2952.0164731369587,2952.0164731369587,0.0,0.0009318803727976092,-0.6512499456233326,5FqZqKFx...,530966.751707537,,,,False,7257480,1.0,0,5DyQkk4x...,0.179995422293431,2.6596924801138235,2.180960008985073,0.31067161104243923,,COUNTER,658949.211549616,1308.746301495,0.0,DIVERGENT,-1.0,2.2778484180964194,1295.967040512703,173568.762101978,0.11963394615102502,173568.762101978,0.11963394615102502,0.0,FORTRESS,False,True,1.1963394615102543,0,,18627.957694364002,0.012839499808161152,30.0
61,116,116,71,65,True Performance Network,2026-08-23,8907732,0.003254284,0.003279804950580001,-0.007781240337321788,IN BAND,False,True,0.0,6913.032929122,3602830.691327006,1.0,2124286.386055431,283526.498731872,-0.00012719120635281114,4730.746849115472,ACCUMULATING_PRE_EMA,0.0,,,,,-7.490717235118701,-0.09467175743741509,-7.490717235118701,-0.09467175743741509,,0.7294264496875502,0.25093985957379233,1,0.4100022879356887,MINER_BURN_ONLY,2952.0164731369587,2952.0164731369587,0.0,0.0019187781834332518,-0.41038391749667463,5GxEEHxL...,1094630.646044993,,,,False,4950813,1.0,0,5DAmVrUg...,0.179995422293431,1.29142565526399,1.0589749490841773,0.31199926749988555,,COUNTER,971380.50418732,0.0,0.0,DIVERGENT,-1.0,2.2778484180964194,1295.967040512703,171794.150223016,0.047683103909537373,171794.150223016,0.047683103909537373,0.0,FORTRESS,True,True,0.4768310390953737,,,7715.6132831589985,0.0021415420107674167,30.0
62,117,117,72,43,Graphite,2026-08-23,8907732,0.004916976,0.004957977682352066,-0.008269840039420034,IN BAND,False,True,0.0,13702.072750164,3051016.656529488,1.0,2786686.630816174,157099.839925924,-0.0008349041341164327,26804.043643557467,ACCUMULATING_PRE_EMA,0.0,,,,,-4.486506188159206,-0.10061638714627708,-4.486506188159206,-0.10061638714627708,,0.8613522297152364,-2.329571331178152,1,0.331508368523865,MINER_BURN_ONLY,2387.085476535023,2386.860253371828,7.629510948348184e-05,0.004490985888536584,-0.08663660580474991,5HjMs5JD...,2962304.47390308,,,,False,3408582,0.0947047153975279,108,5ERVu5z1...,,16.672690670839156,16.672690670839156,0.0,,COUNTER,883686.899060482,0.0,0.0,DIVERGENT,-1.0,1.841759997559469,1295.967040512703,3451.069241962,0.0011311210755196497,3451.069241962,0.0011311210755196497,0.0,EXPOSED,True,True,0.011311210755196496,,UNDEFENDED_BURNER,7674.667866234,0.002515446072642516,30.0
63,24,35,73,11,TrajectoryRL,2026-08-23,8907732,0.006976712,0.006974990479648113,0.0002468132905572029,IN BAND,False,False,0.001003152,18964.461309339,3035386.947075018,1.0,2718251.996945329,963495.952963073,-0.004553696919034271,6148.421076417901,ACCUMULATING_PRE_EMA,0.0,,,,0.1390117764484968,-1.9990884056886051,0.003002895035112635,-2.1047796206937375,-0.10268831997001956,-0.1056912150051322,0.8657874748168146,0.244702991453629,1,0.0,,0.0,0.0,0.0,0.006247790360834777,-0.10447925027795668,5D2Jhtbn...,2286107.959375479,,,,False,2918568,1.0,189,5GgqDcxk...,0.0,0.4013049198575858,0.4013049198575858,0.0023805527155086907,,COUNTER,1145934.992162841,39596.465498293,0.0,DIVERGENT,1.0,0.0,1295.967040512703,46180.459268605,0.015214027098952162,46180.459268605,0.015214027098952162,0.0,DORMITORY,True,True,0.15214027098952163,,,7709.595786417003,0.0025399054291401564,30.0
64,118,118,74,84,SN84,2026-08-23,8907732,0.002251349,0.002276347018778324,-0.010981637936618285,IN BAND,False,True,0.0,1411.390924715,611449.538841745,1.0,626908.774065189,61758.48692869,-0.004139727322791386,7169.026967079262,ACCUMULATING_PRE_EMA,0.0,,,,,-1.0991366129063944,-0.1336099282288558,-1.0991366129063944,-0.1336099282288558,,4.297983452531767,-0.7496524396497909,1,0.0,,0.0,0.0,0.0002746623941405346,0.002308270486863995,0.025283279875308096,5G1hDNpP...,260051.811835813,,,,True,8085297,0.9989468382251935,4,5CDbJi49...,0.179995422293431,3.346499757842758,2.744145120724986,1.0,,COUNTER,43139.508392941,32123.514925686,1295.532928845998,OK,-0.004631298723734095,0.0,1295.967040512703,660.436412233,0.001080115970786485,660.436412233,0.001080115970786485,0.0,NEITHER,False,True,0.010801159707864851,,,2452.6550037539996,0.0040112140871019514,30.0
65,119,119,75,59,Babelbit,2026-08-23,8907732,0.001956247,0.0019807328935712576,-0.012362037128140806,IN BAND,False,True,0.0,5035.594873835,3204941.16989484,1.0,2574110.015576992,728431.640526007,-0.0017216286651020377,41225.059814875945,ACCUMULATING_PRE_EMA,0.0,,,,,-0.9761751416333102,-0.15040478505904648,-0.9761751416333102,-0.15040478505904648,,0.8199838501516798,-3.8336657467887125,1,0.4100022879365214,MINER_BURN_ONLY,2952.016473142954,2952.016473142954,0.0,0.0015711972878429549,-0.19683082563553841,5DkPyHKT...,2607380.705201,,,,False,4401833,1.0,248,5EF9dnwE...,0.179995422293431,0.7193792093991908,0.5898942448142689,0.7408402130289482,,COUNTER,472968.54771464,0.0,0.0,DIVERGENT,-1.0,2.2778484181010454,1295.967040512703,386131.518102638,0.12048006426130677,386131.518102638,0.12048006426130677,0.0,FORTRESS,True,True,1.2048006426130689,0,,7674.714588937,0.002394650691572233,30.0
66,120,120,76,27,Orion,2026-08-23,8907732,0.002257472,0.0022859876044094563,-0.012474085316321212,IN BAND,False,True,0.0,6127.138395335,3188786.942180562,1.0,2714158.92589353,815663.153173264,-0.002571603639063033,22062.486043806653,ACCUMULATING_PRE_EMA,0.0,,,,,-2.422911034012841,-0.1517680380152414,-2.422911034012841,-0.1517680380152414,,0.8241378454099277,-1.6926607906323183,1,0.41000228793861526,MINER_BURN_ONLY,2952.01647315803,2952.01647315803,0.0,0.001921463712199326,-0.14884272664319823,5CopvHeT...,37743.071066569,,,,False,1727132,1.0,112,5E2LP6En...,0.0,0.38553724478383744,0.38553724478383744,0.36569658308788744,,COUNTER,1257517.77302195,0.0,0.0,DIVERGENT,-1.0,2.2778484181126784,1295.967040512703,29259.979274079,0.0091758966041395,29259.979274079,0.0091758966041395,0.0,FORTRESS,True,True,0.09175896604139501,,,7551.654227978002,0.0023681902757711425,30.0
67,121,121,77,70,SN70,2026-08-23,8907732,0.008723082,0.008841672679409385,-0.013412697315244474,IN BAND,False,True,0.0,673.854099455,106405.531018483,1.0,77249.539990909,5067.071928418,,3012.325606300612,,,,,,,4.192617942445779,-0.16318781733547444,4.192617942445779,-0.16318781733547444,,24.69796423969265,14.975671169857522,1,0.41000228793708376,MINER_BURN_ONLY,2952.016473147003,2952.016473147003,0.0,0.006332886016404065,-0.2740081984321522,5EP42hSo...,634514.012329558,,,,True,8825571,1.0,0,5DFxKepZ...,0.179995422293431,2.8161068795073816,2.3092205325070143,0.6583605456709494,,COUNTER,31438.975438992,0.0,0.0,DIVERGENT,-1.0,2.2778484181041696,1295.967040512703,0.0,0.0,0.0,0.0,0.0,EXPOSED,False,,,,,26961.24530998101,0.25338199106677783,30.0
68,122,122,78,92,MicroTensor,2026-08-23,8907732,0.003495437,0.0035451501607894897,-0.014022864627663254,IN BAND,False,True,0.0,928.892837961,466225.818781139,1.0,265744.397414197,63766.074879322,-2.6195570558567144e-05,-1429.527445027139,,0.0,,,,,-8.70296434680151,-0.1706115196365696,-8.70296434680151,-0.1706115196365696,,5.636753466100224,6.746027949806329,1,0.4100022879383363,SKIN_IN_GAME,2952.0164731560217,2952.0164731560217,0.0,0.0019923667899590337,-0.43000924063027496,5E9LPDS2...,725445.703060254,0.8116320990767459,BUYBACK_JUSTIFIED,,True,8352006,1.0,0,5FeHbWK1...,0.179995422293431,2.3645051371401244,1.9389050364656006,0.5919675283059176,,COUNTER,188883.517183412,0.041020142,0.0,DIVERGENT,-0.9427542230110488,2.2778484181111285,1295.967040512703,0.0,0.0,0.0,0.0,0.0,EXPOSED,False,,,,,33899.70490874801,0.07271091291634708,30.0
69,123,123,79,94,pending...,2026-08-23,8907732,0.00324499,0.0033065492752939463,-0.018617377262122804,IN BAND,False,True,0.0,1949.250122095,1650752.313505277,1.0,600695.133040125,104075.593056632,-7.290167659344193e-05,10877.08331151004,ACCUMULATING_PRE_EMA,0.0,,,,,-3.029071321622688,-0.22651142335582744,-3.029071321622688,-0.22651142335582744,,1.5920014035416337,-0.8099160201556975,1,0.4100022879365295,MINER_BURN_ONLY,2952.0164731430123,2952.0164731430123,0.0,0.0011808253159166441,-0.6361081803282463,5CnwnkkC...,702691.240951297,,,,False,6962737,1.0,0,5EeKtCKE...,0.179995422293431,2.105066050275448,1.726163797600554,0.3728521287959713,,COUNTER,712226.138837437,0.075116968,0.0,DIVERGENT,-1.0,2.2778484181010903,1295.967040512703,273.723032556,0.00016581714307870027,273.723032556,0.00016581714307870027,0.0,EXPOSED,False,True,0.0016581714307870028,,,16564.94671177101,0.010034786306975577,30.0
70,124,124,80,87,Provenonce,2026-08-23,8907732,0.004427506,0.004543454851955175,-0.025519974498102265,IN BAND,False,True,0.0,1741.67339336,1627857.908759478,1.0,393375.715677305,95263.484062466,-0.0004810604927689679,7102.940121956402,ACCUMULATING_PRE_EMA,0.0,,,,,-1.6510235523102927,-0.31049302306024423,-1.6510235523102927,-0.31049302306024423,,1.6143915177478163,0.023102664669387034,1,0.4100022879355594,MINER_BURN_ONLY,2952.0164731360273,2952.0164731360273,0.0,0.0010699173336862404,-0.7583476264772447,5HartH15...,4233.032142922,,,,False,7208725,1.0,1,5E2LP6En...,0.0,0.673055943753623,0.673055943753623,0.41555270707440645,,COUNTER,679432.281157335,811.040088965,0.0,DIVERGENT,-1.0,2.2778484180957004,1295.967040512703,167077.079391926,0.10263615668965138,167077.079391926,0.10263615668965138,0.0,FORTRESS,False,True,1.0263615668965158,0,,18276.52283514102,0.011227345296413976,30.0
71,26,49,7,18,Zeus,2026-08-23,8907732,0.004251156,0.004231140716001391,0.004730469947008462,IN BAND,False,False,0.00034241,10399.080843694,3119123.397880673,1.0,2446177.171643975,855218.261029867,0.00033872464815844845,3586.9785794122145,,0.0,,0.07967824473118569,0.07967824473118569,0.0865320208127501,-3.471427214361768,0.05755405102193629,-3.861386887702248,-0.3324056223185437,-0.38995967334048,0.8425444154551972,0.4764916941532301,1,0.038181554455817834,MINER_BURN_ONLY,297.8604947720305,297.04969138452765,0.0002746623941405346,0.0033339754530903733,-0.21574850391508255,5GgvCi6h...,2648953.561478487,,,,False,1604679,0.006151075293435282,84,5DCSySUE...,0.11999694819562066,0.3296733191593824,0.29011352695873566,0.8043673986357602,,COUNTER,333597.858681773,30745.295806132,0.0,DIVERGENT,-0.5756046327134604,0.22921083800635125,1295.967040512703,472285.796249436,0.1514161948739625,375000.0,0.12022608668025074,97285.79624943598,DORMITORY,True,True,1.2022608668025072,0,,7901.006145362001,0.0025330854658492954,30.0
72,125,125,81,25,UR,2026-08-23,8907732,0.011148077,0.011482669273391366,-0.02913889318111015,IN BAND,False,True,0.0,17069.812870998,4266133.792397692,1.0,1531188.988340613,664025.517830171,-0.00189072698649151,46683.37995711737,ACCUMULATING_PRE_EMA,0.0,,,,,-11.872966862899803,-0.3545232003701735,-11.872966862899803,-0.3545232003701735,,0.6160144355254707,-3.346623126447172,1,0.4100022879354138,MINER_BURN_ONLY,2952.0164731349796,2952.0164731349796,0.0,0.004001237115773687,-0.6410827521397917,5F6aRdsB...,42712.407049499,,,,False,2998801,1.0,204,5E2LP6En...,0.0,0.25740069233399676,0.25740069233399676,0.600180078440948,,COUNTER,904720.837589348,0.0,0.0,DIVERGENT,-1.0,2.277848418094892,1295.967040512703,323519.372769362,0.07583432412407644,323519.372769362,0.07583432412407644,0.0,FORTRESS,True,True,0.7583432412407644,,,7605.414900238002,0.0017827417681533931,30.0
73,25,14,6,68,NOVA,2026-08-23,8907732,0.022364007,0.022340366151183844,0.0010582122359218964,IN BAND,False,False,0.003290092,44479.229247822,3612671.038546737,1.0,1988875.607786376,1668801.665144322,0.0020257665134935203,2372.425441565225,,0.0,,0.0905815542578537,0.0905815542578537,0.19439099827529913,-1.766108790809861,0.012874915537049739,-2.14096235574391,-0.36197864939699914,-0.37485356493404887,0.727439606861399,0.569244563209348,1,0.0,,0.0,0.0,0.0,0.012312006483079783,-0.44947224873074926,5EcdJLAe...,3110986.519035676,,,,False,4972413,0.0,11,5E2LP6En...,0.0,0.1717354249362045,0.1717354249362045,0.06473568550848492,,COUNTER,681206.505097183,6247.123951755,0.0,DIVERGENT,1.0,0.0,1295.967040512703,586729.343271534,0.16240873774866493,586729.343271534,0.16240873774866493,0.0,DORMITORY,True,True,1.6240873774866493,0,,7859.797456519999,0.0021756194717584216,30.0
74,126,126,82,103,Capcomp,2026-08-23,8907732,0.009977412,0.010388341965153813,-0.03955683847645934,IN BAND,False,True,0.0,777.992087938,172106.081046184,1.0,77975.337133579,12086.573902476,,2137.0762762761733,,,,,,,-5.699229897741978,-0.4812748681302553,-5.699229897741978,-0.4812748681302553,,15.269652205344135,11.076315982971819,1,0.3279735534360839,MINER_BURN_ONLY,2361.6348079029995,2361.4095847398044,7.629510948348184e-05,0.004520421842208056,-0.5469344312725528,5H3SQ4du...,993052.322807684,,,,True,8762380,0.9800701968564016,0,5E529AKM...,0.179995422293431,1.8493490150001488,1.5164746580772563,0.9044312875759148,,COUNTER,49776.052989576,0.014698804,0.0,DIVERGENT,-1.0,1.8221216365237167,1295.967040512703,0.0,0.0,0.0,0.0,0.0,EXPOSED,False,,,,,44599.38421812503,0.2591389214548262,30.0
75,29,24,83,124,Swarm,2026-08-23,8907732,0.012034897,0.011960962787270546,0.0061812927641692675,IN BAND,False,False,0.002103604,13110.414736509,3472240.347772836,1.0,1089366.608969083,279911.020520089,-7.80977163950547e-05,-925.2639560198877,,0.0,,,,0.42167020823568935,-0.6393823265798826,0.07520572863072608,-1.2032190707508856,-0.488631015540277,-0.563836744171003,0.7568600490705234,0.9855069524066924,1,0.0,,0.0,0.0,0.0001373311970702673,0.0037757797339456295,-0.686264059098667,5HKYqfJr...,2238276.998839551,0.662188799987014,BUYBACK_GAMING,,False,5813454,0.0,105,5HgiWPLV...,,0.32585138613006837,0.32585138613006837,0.007111355277815929,,COUNTER,897004.632666029,6243.286010635,0.0,OK,1.0,0.0,1295.967040512703,1000000.110795789,0.2879985285111985,1000000.110795789,0.2879985285111985,0.0,DORMITORY,True,True,2.879985285111985,0,,9349.552526610998,0.0026926570715670606,30.0
76,27,37,84,77,Liquidity,2026-08-23,8907732,0.006055927,0.006056955782696605,-0.0001698514457615365,IN BAND,False,False,0.000926704,12510.611334701,3282094.245529108,1.0,2065845.758927594,408673.964583065,-0.006935415302332664,2035.6599164039362,ACCUMULATING_PRE_EMA,0.0,,,,0.19466499652538402,-3.987976669556197,-0.0020665259234320275,-4.492305077678443,-0.5063949340456781,-0.5043284081222461,0.8007082683807389,0.6989934046476302,1,0.0,,0.0,0.0,6.103608758678547e-05,0.00381177699322408,-0.3705708484887483,5GxxsUeY...,2688816.547877281,17.13030720625503,BUYBACK_GAMING,,False,5128460,0.6411316781370648,148,5C8dR6A6...,0.179995422293431,6.731203157790867,5.5196174028614235,0.0,,COUNTER,140886.89655137,14115.257752168,0.0,OK,0.0,0.0,1295.967040512703,369577.913917543,0.11260429660756532,369577.913917543,0.11260429660756532,0.0,DORMITORY,True,True,1.1260429660756532,0,,8191.302050277996,0.002495754672930628,30.0
77,28,73,85,74,Gittensor,2026-08-23,8907732,0.003526068,0.003525953972712159,3.233941472950014e-05,IN BAND,False,True,3.574e-06,6227.977311656,3327681.361436341,1.0,1766266.617851726,341698.107373296,-0.0012658894502273344,-61.920305053237826,,0.0,,,,0.0015081095402228707,-1.9827253986191806,0.00039346287920891836,-2.5401084923366604,-0.5569896308382707,-0.5573830937174796,0.7897390749172166,0.5588912032577025,1,0.0,,0.0,0.0,0.00010681315327687457,0.0018715666060550318,-0.46921993391646677,5D1VXeeS...,216.587394526,,,,False,5086205,0.7897692589427421,202,5HbuCiVz...,,0.8872865168328293,0.8872865168328293,0.0,,COUNTER,531791.422968235,111888.373134247,2188.2110305459937,OK,-0.002856671815922369,0.0,1295.967040512703,378229.609193408,0.11366160641959756,378229.609193408,0.11366160641959756,0.0,DORMITORY,True,True,1.1366160641959757,0,,8502.481021342002,0.002555076672867513,30.0
78,30,56,86,32,ItsAI,2026-08-23,8907732,0.003138674,0.0031421768944710493,-0.0011147986216857569,IN BAND,False,False,0.000114695,7354.120250204,3513462.825551364,1.0,2343065.443729274,304018.847784704,-0.0011755096356559623,1062.4497877899557,ACCUMULATING_PRE_EMA,0.0,,,,0.04098633823558145,-2.637230204835953,-0.013563383230510042,-3.2626365183448764,-0.6389696967394336,-0.6254063135089235,0.7479800215582445,0.6663926517445049,1,0.0,,0.0,0.0,0.0018921187151903496,0.002093125960155826,-0.33311775604735444,5DWgkCSv...,36374.738755362,,,,False,2515294,0.1807341272874593,34,5Dq5DECR...,,5.495774629775361,5.495774629775361,0.0,,COUNTER,17419.272873098,0.0,0.0,OK,0.0,0.0,1295.967040512703,634410.218859858,0.18056551338644108,634410.218859858,0.18056551338644108,0.0,DORMITORY,True,True,1.8056551338644111,0,,7562.551798704002,0.0021524496413356012,30.0
79,53,44,12,78,Vocence,2026-08-23,8907732,0.005152981,0.004787434590980411,0.07635538451183932,IN BAND,False,False,0.000544436,1612.982166727,860438.982812422,1.0,313019.296611345,129619.135390993,0.0001379181554245564,2131.6991369359894,,0.0,,0.0267647319919395,0.0267647319919395,0.8870388262898641,107.8500747837617,0.9289905115607117,106.26786689609898,-0.6532173761020036,-1.5822078876627153,3.054254923934462,2.4692467139525793,1,0.0,,0.0,0.0,0.0,0.0018746037766150753,-0.636209841135631,5FnQCJW2...,1065261.575317,,,,False,7966145,1.0,200,5E2LP6En...,0.0,0.7070615103167379,0.7070615103167379,0.24534578526521392,,COUNTER,67226.187965887,8107.779671713,0.0,DIVERGENT,1.0,0.0,1295.967040512703,525.331216911,0.0006105386057636623,525.331216911,0.0006105386057636623,0.0,NEITHER,False,True,0.006105386057636624,,,26013.727023534986,0.030233087462526148,30.0
80,34,71,87,80,OpenRoboto,2026-08-23,8907732,0.017123149,0.01699133706279099,0.007757596516501536,IN BAND,False,True,7.968e-06,3276.910473562,1892845.859044364,1.0,191373.118791438,189600.645465574,-0.0002903473733555673,3192.4020628289436,ACCUMULATING_PRE_EMA,0.0,,,,0.00639013612637343,6.079729524890195,0.09438409095076869,5.30975937347601,-0.6755860604634162,-0.7699701514141849,1.3883856350177353,0.7763602875405583,1,0.37134899246491415,MINER_BURN_ONLY,2675.047111407999,2674.957022142721,3.0518043793392735e-05,0.0017312083062148572,-0.8988966161414085,5CG1eFia...,287846.352895803,,,,False,7151800,0.9061999298063571,0,5HTwtytU...,0.179995422293431,3.8475593808065516,3.1550163052592244,0.12168286765042499,,COUNTER,221970.765349101,2501.379452446,0.0,DIVERGENT,-1.0,2.0640625405754687,1295.967040512703,392970.591560726,0.20760834258269925,392970.591560726,0.20760834258269925,0.0,FORTRESS,False,True,2.076083425826995,0,,17435.64008029,0.009211336463019066,30.0
81,31,46,88,56,Gradients,2026-08-23,8907732,0.016551375,0.016570243053138256,-0.001138670873912288,IN BAND,False,False,0.000429139,51625.38758434,2705301.493688822,1.0,3119099.53117852,2831763.120536128,-0.009019599530651996,2097.493348720018,ACCUMULATING_PRE_EMA,0.0,,,,0.02184540096977594,-0.8179444564258245,-0.013853828965932838,-1.513335738850562,-0.7092451113906703,-0.6953912824247375,0.971425922815199,0.7172366833945134,1,0.291208337408152,MINER_BURN_ONLY,2151.152809725958,2151.06272046068,3.0518043793392735e-05,0.01908304405434163,0.15295823182917603,5EJ1zbdw...,29080.364629219,,,,False,4312927,0.7899531533731097,101,5E2LP6En...,0.0,0.38998184678189785,0.38998184678189785,0.10056923100401362,,COUNTER,796688.996067585,0.0,0.0,DIVERGENT,-1.0,1.6598128295065966,1295.967040512703,264724.185506575,0.09785385700046671,264724.185506575,0.09785385700046671,0.0,FORTRESS,True,True,0.9785385700046673,,,7679.682922865001,0.002838753070879855,30.0
82,32,68,89,41,Almanac,2026-08-23,8907732,0.004939352,0.004941058112308383,-0.0003452929047996498,IN BAND,False,True,1.3705e-05,12393.08478485,3046587.42417388,1.0,2509050.39876118,1581369.774194709,-0.002647854639532984,1275.317031536717,ACCUMULATING_PRE_EMA,0.0,,,,0.0029061965301834195,-0.626987824315754,-0.004201063675062406,-1.3375423307757957,-0.7147555701351043,-0.7105545064600418,0.8626044928655264,0.7134607029902252,1,0.2787130155330172,MINER_BURN_ONLY,2014.238664903096,2012.301745699617,0.0006561379415579438,0.004067857920804796,-0.17643894972360824,5FCSevLk...,22258.109524774,,,,False,3394182,0.6305808343003725,239,5HisenFt...,,0.3571541445821548,0.3571541445821548,0.007111029725935421,,COUNTER,996377.55253621,0.0,0.0,DIVERGENT,-0.9993011492883315,1.552741453134118,1295.967040512703,258549.369288686,0.08486523880364105,258549.369288686,0.08486523880364105,0.0,FORTRESS,True,True,0.8486523880364105,,,7976.699344521003,0.002618240750693043,30.0
83,33,48,90,48,Quantum Compute,2026-08-23,8907732,0.004309989,0.004311433993279934,-0.00033515375213583314,IN BAND,False,False,0.000374919,10811.019430339,3153117.473642214,1.0,2508363.547391579,689522.369624713,-0.0027008449742481964,930.1133221313357,ACCUMULATING_PRE_EMA,0.0,,,,0.0911373010055819,-1.54946922359828,-0.004077703984319303,-2.2617228521202986,-0.7163313325063378,-0.7122536285220186,0.8334608595994861,0.8033909295276005,1,0.0,,0.0,0.0,3.0518043793392735e-05,0.003428676387959319,-0.2044814063424944,5GNH5YMk...,224154.448982836,2.800616852201016,BUYBACK_GAMING,,False,3856677,1.0,230,5CFKbodp...,,7.003398343698047,7.003398343698047,0.0,,COUNTER,695492.461656953,0.0,0.0,OK,0.0,0.0,1295.967040512703,101862.559282014,0.03230534863782002,101862.559282014,0.03230534863782002,0.0,DORMITORY,True,True,0.32305348637820025,,,7884.503913110999,0.002500542393050611,30.0
84,35,53,10,89,InfiniteQuant,2026-08-23,8907732,0.003540847,0.0035436463076621294,-0.0007899512025442595,IN BAND,False,False,0.000181338,6622.056517332,2816421.888027935,1.0,1870189.613705038,186515.063878592,0.00022740814707736934,979.5616846256889,,0.0,,0.06422422292670915,0.06422422292670915,0.07196499497591159,-1.1949437353254602,-0.00961107296428849,-1.9815717747912482,-0.7962391124300766,-0.7866280394657881,0.9330988411825374,0.8585930344416997,1,0.0,,0.0,0.0,0.0006866559853513365,0.00235123031300143,-0.33596952565263904,5Dc5NmEU...,125732.874553732,,,,False,5313364,0.0,137,5FFQKsXc...,0.0,0.25838348461943167,0.25838348461943167,0.000976696628870542,,COUNTER,600426.954984618,0.0,0.0,OK,0.0,0.0,1295.967040512703,6094.632142656,0.0021639627814863615,6094.632142656,0.0021639627814863615,0.0,NEITHER,True,True,0.021639627814863616,,,9220.926279765003,0.003273986159162226,30.0
85,36,57,91,128,ByteLeap,2026-08-23,8907732,0.002937017,0.0029394037555903196,-0.0008119863036101354,IN BAND,False,True,8.869e-05,4108.785442099,2761720.577211521,1.0,1398965.461916994,90847.07007275,-0.00022424396803000932,1026.2392338574864,ACCUMULATING_PRE_EMA,0.0,,,,0.056726573651636324,-1.0768573269761634,-0.009879166693923313,-1.8685948895485103,-0.80161672926627,-0.7917375625723467,0.9515806999756155,0.8484641362239831,1,0.0,,0.0,0.0,0.00016784924086366004,0.0014877629098334036,-0.49344422935468074,5GgMeLFN...,830056.052793546,,,,False,5856038,1.0,96,5HQTcjYx...,,5.291544136839498,5.291544136839498,0.0,,COUNTER,186014.794503201,289.843039317,0.0,OK,0.0,0.0,1295.967040512703,3774.580269075,0.0013667495184781337,3774.573941721,0.0013667472273868292,0.006327353999949992,NEITHER,True,True,0.013667472273868293,,,10105.567893619003,0.0036591565334326776,30.0
86,37,72,92,22,Desearch,2026-08-23,8907732,0.003276806,0.003278158837929368,-0.000412682239101742,IN BAND,False,True,7.857e-06,7854.653797136,3492791.957148199,1.0,2397045.311070859,264438.873292119,-0.0015173520545156394,-456.58300791401416,,0.0,,,,0.002628784989547068,-1.007796725351272,-0.005020967242404527,-1.8095791024285548,-0.8068033443196873,-0.8017823770772827,0.7524066798830223,0.8044111620668298,1,0.21114647172761494,SKIN_IN_GAME,1525.9719600989483,1523.8999069975519,0.0007019150072481439,0.0022488181069762834,-0.3137164339371073,5DFuaMas...,1763160.889167338,4.268830483105572,BUYBACK_GAMING,,False,2009702,0.5157660065049092,131,5E2LP6En...,0.0,0.4032996738743075,0.4032996738743075,0.14773611683376825,,COUNTER,1197927.75184451,0.0,0.0,DIVERGENT,-1.0,1.1758785982664153,1295.967040512703,763677.586285475,0.21864388021237996,763677.586285475,0.21864388021237996,0.0,FORTRESS,True,True,2.1864388021237997,0,,7578.500808012,0.0021697544259692203,30.0
87,38,58,93,98,NeverPlayAlone,2026-08-23,8907732,0.002896248,0.002895447425544262,0.0002764942124921231,IN BAND,False,True,8.3666e-05,5276.788900247,2846751.17767145,1.0,1821939.192843878,205728.12927334,-0.001032365332540136,232.3340119458735,ACCUMULATING_PRE_EMA,0.0,,,,0.0416681910450706,-0.5314571987956778,0.003364012918654164,-1.4139671266439175,-0.8791459149295856,-0.8825099278482398,0.9231576052774723,0.9241781188933104,1,0.0,,0.0,0.0,0.0,0.0018536178861136862,-0.35999338243351875,5EWzZCNs...,1455878.185312216,,,,False,5445992,1.0,0,5HWVxikT...,0.179995422293431,0.5266167385188768,0.43182813628238226,0.7115760239272417,,COUNTER,1255490.393926426,0.0,0.0,OK,0.0,0.0,1295.967040512703,541974.231863406,0.19038342237789932,541974.231863406,0.19038342237789932,0.0,DORMITORY,True,True,1.9038342237789958,0,,9251.874427403996,0.0032499764995168033,30.0
88,50,10,94,53,engy,2026-08-23,8907732,0.030264285,0.029116951627656817,0.039404309455711814,IN BAND,False,False,0.004322056,34552.352900256,4657066.298645023,1.0,1141687.417328149,1369345.682193412,-0.0011223092088040443,-13983.897531077964,,0.0,,,,0.32872907963138587,-6.428210771195697,0.47941909837782704,-7.849297275847345,-0.9416674062738213,-1.4210865046516483,0.5643037550838859,1.7498155842830343,1,0.0,,0.0,0.0,0.0009918364232852639,0.007419338846498499,-0.7548483684151633,5H8SFVCx...,2697413.388175065,0.0,,,False,4203869,0.0,45,5E2LP6En...,0.0,0.2283365994563305,0.2283365994563305,0.23578873475865647,,COUNTER,521849.737433356,0.0,0.0,OK,0.0,0.0,1295.967040512703,101591.508776286,0.021814486258407813,87458.529474663,0.018779747563419727,14132.97930162301,DORMITORY,True,True,0.18779747563419727,,,7654.437892308004,0.001643617977810423,30.0
89,39,6,95,97,Albedo,2026-08-23,8907732,0.022360754,0.022452360950410366,-0.004080058690161566,IN BAND,False,False,0.00876619,11336.767092751,991415.082659384,1.0,506994.140436057,487793.833172889,-0.0002017478056674679,1846.789526721288,ACCUMULATING_PRE_EMA,0.0,,,,2.0321090776162065,-4.556875862150801,-0.04964071406363239,-5.493365469099598,-0.9861303210124293,-0.9364896069487969,2.6507565256629144,2.9685986845650034,1,0.0,,0.0,0.0,7.629510948348184e-05,0.011434935065080025,-0.4886158550342254,5GnW8owm...,1634343.054661475,0.7041908132929544,BUYBACK_GAMING,,False,7735450,0.19999999999999996,28,5E2LP6En...,0.0,0.6535464551808778,0.6535464551808778,0.0009002960295419173,,COUNTER,70872.776437572,4583.298014649,0.0,DIVERGENT,1.0,0.0,1295.967040512703,7940.331821389,0.00800908919005928,7940.331821389,0.00800908919005928,0.0,DORMITORY,False,True,0.08009089190059279,,,22536.647011130994,0.02273179761465643,30.0
90,40,52,96,1,Apex,2026-08-23,8907732,0.007783807,0.007785117486491799,-0.00016833226911128763,IN BAND,False,False,0.000181467,25046.372146353,2525645.538412146,1.0,3217753.148437688,831449.750617548,-0.002493990990679855,396.3282267204486,ACCUMULATING_PRE_EMA,0.0,,,,0.01904049309869576,-0.7208409151764252,-0.002048042607520666,-1.7172776830299146,-0.9984848104610101,-0.9964367678534894,1.0405260595879988,1.0154772609521852,1,0.21022424923764718,MINER_BURN_ONLY,1548.9922059410019,1548.9021166757234,3.051804379350376e-05,0.009916819983416779,0.2740321006696053,5HCFWvRq...,15788.684105383,,,,False,1497824,0.544748447347138,226,5CAQAgXx...,0.0899977111467155,0.411913651561443,0.3748423657308274,0.03271733988493995,,COUNTER,844166.85685586,0.0,0.0,DIVERGENT,-1.0,1.195170917358327,1295.967040512703,192837.392404349,0.0763517245280525,192824.591394465,0.07634665611695153,12.801009883987717,FORTRESS,True,True,0.7634665611695153,,,7738.204129165001,0.0030638519980242165,30.0
91,42,27,97,34,BitMind,2026-08-23,8907732,0.012198546,0.012191426241770387,0.0005839971540998924,IN BAND,False,False,0.001828054,35054.410192881,2607684.851489364,1.0,2873654.642110936,629799.890081321,-0.0033068888932364145,117.63263043900952,ACCUMULATING_PRE_EMA,0.0,,,,0.13704768916567428,0.6891176600312283,0.007105298708215357,-0.3208331310668826,-1.0028454923898955,-1.009950791098111,1.0077904922057712,1.1469984802637851,1,0.0,,0.0,0.0,0.000869764248111693,0.013442732611212538,0.10199466487338234,5DthmKBR...,2874261.727343669,1.5146048786136999,BUYBACK_GAMING,,False,3493948,0.8055530101713553,72,5E2LP6En...,0.0,0.352299060992051,0.352299060992051,0.001693828969053287,,COUNTER,359469.273754254,58226.411706465,0.0,OK,0.0,0.0,1295.967040512703,138276.433939843,0.053026512717158754,138276.433939843,0.053026512717158754,0.0,DORMITORY,True,True,0.5302651271715902,,,8033.921007229002,0.003080863472685541,30.0
92,43,12,98,8,Vanta,2026-08-23,8907732,0.027824722,0.027807510225102305,0.0006189613797986445,IN BAND,False,False,0.003937038,78797.602146348,3030542.725045184,1.0,2831927.665800922,1387442.116318182,-0.008329727580013033,-1610.6422622264363,,0.0,,,,0.13130521211525886,-1.2334833694767875,0.007530696787550174,-2.2907814039790164,-1.0497673377146786,-1.0572980345022287,0.8671714073791247,1.1886032466174876,1,0.018899249109210807,SKIN_IN_GAME,156.94998231402133,155.3283755390156,0.0005493247882810692,0.026001152036281935,-0.0655377604030712,5F6tnxzA...,18524.135636991,0.3395778003000902,BUYBACK_GAMING,,False,1477264,0.9399074795035038,1,5FeNwZ5o...,0.0,0.39154638970785904,0.39154638970785904,0.5466282104106578,,COUNTER,784678.453241619,0.0,0.0,DIVERGENT,-1.0,0.11985518974121864,1295.967040512703,607572.709684141,0.20048313612707186,607571.159893335,0.20048262473655648,1.54979080602061,DORMITORY,True,True,2.0048262473655654,0,,7602.375959386,0.0025085856393173445,30.0
93,41,55,4,82,Compelle,2026-08-23,8907732,0.003219353,0.003235053736716509,-0.004853315584316939,IN BAND,False,False,0.000128246,1560.574804111,634092.384434564,1.0,484747.989416279,109631.054638175,0.0004909697292762227,5405.967487348826,,0.0,,0.15250571443275177,0.15250571443275177,0.21596560902570344,-7.637207819857695,-0.05904867294252276,-8.639552017021106,-1.0613928701059354,-1.0023441971634126,4.1445064859806715,1.218309806189116,1,0.0,,0.0,0.0,0.0,0.0024611158285753635,-0.23552470680432883,5H6h1PUD...,336915.574894257,,,,False,8026517,0.0,5,5E2LP6En...,0.0,0.7872964794150057,0.7872964794150057,0.4566541026384459,,COUNTER,51466.221683119,7195.897335065,0.0,OK,0.0,0.0,1295.967040512703,744.314271862,0.0011738262280593758,744.314271862,0.0011738262280593758,0.0,NEITHER,False,True,0.01173826228059376,,,27059.968821540984,0.04267512035438027,30.0
94,44,78,99,101,Tag101,2026-08-23,8907732,0.004601904,0.004600166110321879,0.00037778846164305613,IN BAND,False,True,4.8e-08,3990.659151421,2377649.716321212,1.0,867175.559230553,165450.465371105,0.0003527464605012477,152.981775441207,,0.0,,,0.07665228577155188,3.160981562534161e-05,-1.1102988287126532,0.0045964262833238494,-2.1867349331737973,-1.07183967817782,-1.076436104461144,1.1052931733216529,1.0764677142767693,1,0.3687270988155251,MINER_BURN_ONLY,2661.1691375810187,2654.862889011552,0.0021362630655374915,0.0016784049912934595,-0.6352803119549084,5H8dNvi1...,1444528.096971623,,,,False,5481350,0.9054820704946861,0,5H6Dezn7...,0.179995422293431,1.1471470546230937,0.9406658360935444,0.6343923579320027,,COUNTER,835385.324387682,6970.543419914,0.0,DIVERGENT,-0.9791351365386993,2.0485574138993923,1295.967040512703,13574.61335476,0.0057092570287279945,13574.61335476,0.0057092570287279945,0.0,FORTRESS,True,True,0.05709257028727994,,,12341.942031676002,0.005190815933463873,30.0
95,45,9,1,9,iota,2026-08-23,8907732,0.031030102,0.0309448828920722,0.0027538998362030306,IN BAND,False,False,0.004371249,59059.515784001,3989371.428175007,1.0,1903297.505702314,1083510.718617169,0.01301328860220348,-6446.4476137037855,DISTRIBUTING_PRE_EMA,0.0,,0.419376275405201,0.419376275405201,0.19450959289970948,1.0953079613424321,0.033505781340470206,-0.057155491460395114,-1.118957671462357,-1.1524634528028272,0.6587503939692612,1.3469730457025366,1,0.0,,0.0,0.0,0.0,0.014804215863905805,-0.522907921349862,5Fsbubec...,15836.176278588,0.07321588378434674,,,False,1489797,1.0,254,5E2LP6En...,0.0,0.3084734148826597,0.3084734148826597,0.10451701510758432,,COUNTER,1143124.969029318,46681.104420658,0.0,OK,0.0,0.0,1295.967040512703,566487.003304132,0.14199906263510773,566487.003304132,0.14199906263510773,0.0,DORMITORY,True,True,1.4199906263510773,0,,7555.799531249001,0.0018939824649783252,30.0
96,46,28,100,62,Ridges,2026-08-23,8907732,0.011655384,0.011648379266262054,0.0006013483573833615,IN BAND,False,False,0.001795263,30916.380638377,2654230.329140166,1.0,2652540.733079188,4363571.080838001,-0.02595581615076601,-1286.9157584309578,,0.0,,,,0.15260360580965068,-1.127968319789029,0.0073164050148308984,-2.3006719578497306,-1.1653872330458708,-1.1727036380607017,0.9901175384622091,1.3253072438703524,1,0.010208881447400715,SKIN_IN_GAME,84.96080049799639,84.82566660007924,4.57770656900891e-05,0.01164796449613034,-0.0006365730952887838,5DhsVYew...,9375.466045015,0.36957715651882445,BUYBACK_GAMING,,False,4474225,0.7635811511933102,148,5E2LP6En...,0.0,0.3293081979288056,0.3293081979288056,0.580817945978941,,COUNTER,185014.26975724,170778.551517578,0.0,DIVERGENT,-1.0,0.06545356783650995,1295.967040512703,148791.254498923,0.056058154737130036,148791.254498923,0.056058154737130036,0.0,DORMITORY,True,True,0.5605815473713036,,,8306.416132314003,0.003129500873047764,30.0
97,48,60,101,6,Numinous,2026-08-23,8907732,0.002859406,0.002859733998775482,-0.00011469555406989744,IN BAND,False,True,7.9737e-05,8291.819291876,2712807.486823945,1.0,2899839.121798276,689145.06745079,-0.004023880888700968,-2282.531981914304,,0.0,,,,0.025271756248391442,-1.9295412589145884,-0.0013954625745170855,-3.1951490822584727,-1.2670032859184015,-1.2656078233438843,0.9687381108921834,1.2908795795922758,1,0.0,,0.0,0.0,0.0019378957808804387,0.0030565454173026325,0.06894418536669238,5CfSg4e2...,52192.982750259,0.5123471741888966,BUYBACK_GAMING,,False,3219949,0.5249510763209393,151,5FWn49Jw...,0.179995422293431,5.278736666144677,4.328588230746147,0.0,,COUNTER,185360.665463109,0.0,0.0,DIVERGENT,1.0,0.0,1295.967040512703,662466.459537209,0.24419958391990446,662466.459537209,0.24419958391990446,0.0,DORMITORY,True,True,2.4419958391990444,0,,7869.954531386001,0.0029010368666446927,30.0
98,47,36,11,67,Harnyx,2026-08-23,8907732,0.00575468,0.0057953104842454195,-0.007010924497638877,IN BAND,False,False,0.000929594,3265.55927999,865967.413949509,1.0,567461.457195145,65524.326605851,0.00015566218436049352,3259.370806679479,,0.0,,0.027049668158871304,0.027049668158871304,0.7481024910402119,-3.4280276789675646,-0.08529958138793967,-4.6517336287606925,-1.3090055311810673,-1.2237059497931277,3.0347562248493887,1.9718084408333396,1,0.014402538412574516,MINER_BURN_ONLY,123.55747022101423,120.44939056891994,0.0010528725108720494,0.003770995567946857,-0.34470803451332527,5HEAv3TU...,1017287.448474098,,,,False,7236936,0.03727125530809883,25,5G4dUAuB...,,4.011019639252128,4.011019639252128,0.0,,COUNTER,276653.114765317,6279.314248273,0.0,DIVERGENT,0.7258797820763403,0.09294170824071918,1295.967040512703,522.283347221,0.0006031212477603138,522.283347221,0.0006031212477603138,0.0,NEITHER,False,True,0.006031212477603137,,,23373.23084739499,0.026990889577235045,30.0
99,49,29,102,19,blockmachine,2026-08-23,8907732,0.01091675,0.010907601099461317,0.0008387637625594996,IN BAND,False,False,0.001560968,33303.672904713,2740419.972677966,1.0,3050694.83288633,1665674.405897786,-0.008205630128196056,-3214.052081228234,,0.0,,,,0.12317632099429701,-2.066595922206735,0.010204959111140577,-3.462640103076919,-1.3858392217590432,-1.3960441808701838,0.9589771006638416,1.5192205018644809,1,0.0,,0.0,0.0,0.0001831082627603564,0.012152762436688969,0.11322164899708885,5FWh37Lf...,1246622.751711107,11.646681227188619,BUYBACK_GAMING,,False,1956072,0.7050043496176914,237,5GFBXbxR...,,18.48197011264289,18.48197011264289,0.0,,COUNTER,1006514.180053119,0.0,0.0,DIVERGENT,1.0,0.0,1295.967040512703,169492.989899939,0.061849275508785884,169492.989899939,0.061849275508785884,0.0,DORMITORY,True,True,0.6184927550878588,,,7447.003617168,0.0027174680127187633,30.0
100,51,45,103,88,Investing,2026-08-23,8907732,0.004595544,0.0045758269261568785,0.004308964076069507,IN BAND,False,False,0.000464175,7540.174928902,3427001.976934128,1.0,1640757.907102822,694594.243594063,-0.0006446650318909965,-7201.7912594638765,,0.0,,,,0.1617803182952991,-0.07697665091802154,0.052425729592179,-1.538578943828353,-1.4091765633181523,-1.4616022929103314,0.7668510312185659,1.6233826112056304,1,0.0,,0.0,0.0,0.0009460593575951748,0.0022002248553260563,-0.5212264629984924,5FhMsGJS...,2916068.765105011,0.4345984371410889,BUYBACK_GAMING,,False,5299805,0.0,153,5E2LP6En...,0.0,0.2609797816787275,0.2609797816787275,0.1231783430742702,,COUNTER,175269.312981134,0.0,0.0,OK,0.0,0.0,1295.967040512703,1116106.368302929,0.325680106348063,1116106.368302929,0.325680106348063,0.0,DORMITORY,True,True,3.25680106348063,0,,8592.979623419995,0.0025074335180592646,30.0
101,52,64,104,66,conjectures,2026-08-23,8907732,0.002441763,0.002437952673062682,0.0015629207980198915,IN BAND,False,True,4.2779e-05,6044.78015817,3136841.546226925,1.0,2475580.096282193,1352456.117830892,-0.005772511456838813,-5603.269822319504,,0.0,,,,0.018598395484747465,-1.8774164897068055,0.01901553637590868,-3.3707830880257377,-1.4743510619430236,-1.4933665983189321,0.8377853842062972,1.5119649938036797,1,0.0,,0.0,0.0,0.0,0.0019270275750590013,-0.2108048262427593,5CJCRGep...,1039583.590931323,0.14899107979475884,,,False,4958013,1.0,121,5Gn2SyG6...,,19.54111742822675,19.54111742822675,0.0,,COUNTER,876389.726869251,0.0,0.0,OK,0.0,0.0,1295.967040512703,392806.591766313,0.12522360022895992,392806.591766313,0.12522360022895992,0.0,DORMITORY,True,True,1.2522360022895993,0,,7917.158031930996,0.0025239266680377784,30.0
102,54,51,105,54,Yanez,2026-08-23,8907732,0.005190999,0.005190262803807855,0.00014184179490972886,IN BAND,False,False,0.000197643,9063.066097091,3954923.076170241,1.0,1745919.375300864,855907.096165336,-0.0018134332739084883,-11184.52165063913,,0.0,,,,0.05731016395949217,6.180007651737701,0.0017257418380683678,4.506766780787131,-1.671515129112502,-1.6732408709505704,0.6644882718034633,1.7305510349100626,1,0.1197396641619114,SKIN_IN_GAME,896.5269893960794,894.9504272537127,0.0005340657663843729,0.0022915909924263915,-0.5585452833979757,5FUfruyV...,3577115.27877517,0.6085492332551842,BUYBACK_GAMING,,False,4742549,0.3016335877862596,59,5DUB7kNL...,0.01998931868467231,0.3402635338100887,0.3334618975959861,0.8282034456974561,,COUNTER,573023.754515139,0.0,0.0,DIVERGENT,-1.0,0.6905657314399428,1295.967040512703,644081.425659809,0.16285561394117096,644081.425659809,0.16285561394117096,0.0,FORTRESS,True,True,1.6285561394117094,0,,7753.354079697999,0.001960431070433354,30.0
103,55,34,2,61,RedTeam,2026-08-23,8907732,0.007235794,0.007184708258137107,0.0071103432495029616,IN BAND,False,False,0.001019154,10863.330629128,4392426.607433562,1.0,1501332.079606346,562100.265862217,0.001606769924520486,-20094.714144387748,DISTRIBUTING_PRE_EMA,0.0,,0.22205855010804426,0.22205855010804426,0.2465483932541405,-5.268866511007702,0.08650917620228603,-7.390125315540661,-2.034749628330674,-2.12125880453296,0.5983025409126884,2.3678071977871005,1,0.0,,0.0,0.0,0.0006408789196612474,0.0024731957070707445,-0.6581998178678463,5ECEsYL8...,,,,,False,4457976,0.0,67,5E2LP6En...,0.0,0.29883539985423424,0.29883539985423424,0.5186179953607618,,COUNTER,808370.14496251,0.0,0.0,OK,0.0,0.0,1295.967040512703,1021287.884224886,0.23251108680939606,1021287.884224886,0.23251108680939606,0.0,DORMITORY,True,True,2.3251108680939607,0,,7557.269075820002,0.0017205225610441369,30.0
104,56,8,106,44,Score,2026-08-23,8907732,0.041272727,0.04107794165611267,0.004741847717638643,IN BAND,False,False,0.005918794,69427.877796174,4089219.145373837,1.0,1682173.28745592,2135071.892005277,-0.0010141890605900883,-18162.888138130773,,0.0,,,,0.224039551916956,0.10557717515310559,0.05769248056460349,-2.0423787657310255,-2.0902634603195276,-2.147955940884131,0.6426654836958482,2.371995492801087,1,0.0,,0.0,0.0,0.0,0.01697827270390198,-0.5886321564382703,5CaCekux...,246822.166690448,0.026645764648957928,,,False,3550319,1.0,56,5GP7c3fF...,0.0009918364232852674,0.271186832808614,0.270917859830319,0.020997695747051015,,COUNTER,506457.808183131,2206.282255223,0.0,OK,0.0,0.0,1295.967040512703,245862.449528441,0.060124547202755556,245862.449528441,0.060124547202755556,0.0,DORMITORY,True,True,0.6012454720275556,,,7706.675492029003,0.001884632546716803,30.0
105,57,43,107,100,BASE,2026-08-23,8907732,0.004900555,0.0048521331045776606,0.009979506822815034,IN BAND,False,False,0.000570608,2801.035186088,1807535.893803155,1.0,571575.065630707,346893.65603983,-0.001453934361040321,-5890.230751817697,,0.0,,,,0.535358438711483,-7.11063389553049,0.12141733301091624,-9.413393661478784,-2.1813424329373783,-2.3027597659482946,1.4539130365320398,2.8381182046597777,1,0.0,,0.0,0.0,0.0,0.0015496429120389237,-0.6837821609921889,5FX6kmhY...,1482226.241838451,2.6293067032520683,BUYBACK_GAMING,,False,6693448,0.0,153,5Fvp484S...,0.0,0.5642723693250503,0.5642723693250503,0.0251781545175713,,COUNTER,665094.912643286,1077.059572996,0.0,OK,0.0,0.0,1295.967040512703,302897.338760864,0.16757472966334921,302897.338760864,0.16757472966334921,0.0,DORMITORY,False,True,1.6757472966334963,0,,15683.468301266,0.00867671195633472,30.0
106,58,19,108,75,Hippius,2026-08-23,8907732,0.017936949,0.01780443568713963,0.007442713444497787,IN BAND,False,False,0.002729461,33350.367549703,3524091.534521597,1.0,1859310.985421354,1493123.535197327,-0.01292806119265099,-15979.851972321281,,0.0,,,,0.21508079325692106,-7.773405257750686,0.09055301357472306,-10.084976381009955,-2.2210181096845463,-2.3115711232592693,0.7457241034338674,2.5266519165161903,1,0.0,,0.0,0.0,0.0009460593575951748,0.009463536126404952,-0.4723998977526807,5DAQpczE...,1517194.830720072,0.3174516917154661,BUYBACK_GAMING,,False,5102795,0.0,157,5E2LP6En...,0.0,0.29686301540715176,0.29686301540715176,0.4191057530901877,,COUNTER,784604.879643725,0.0,0.0,DIVERGENT,1.0,0.0,1295.967040512703,552610.274686765,0.15680928525081092,552609.767120331,0.15680914122321427,0.5075664340984076,DORMITORY,True,True,1.5680914122321428,0,,8136.099443743998,0.002308708319305472,30.0
107,59,67,109,76,Phylax,2026-08-23,8907732,0.002260402,0.002257784130051732,0.0011594863802182238,IN BAND,False,True,3.1634e-05,1071.522351757,1085703.479332522,1.0,474040.625603178,62476.652560755,-0.0004971316610077797,69.31385602342198,ACCUMULATING_PRE_EMA,0.0,,,,0.07758508430895819,0.8072291204465765,0.014107084292655055,-1.5658649649260041,-2.3589870010799254,-2.3730940853725806,2.420550408124016,2.4506791696815386,1,0.0,,0.0,0.0,0.00012207217517357094,0.0009869383051215417,-0.5633792992920986,5FFNhWd8...,732666.350100112,,,,False,7574784,0.768431333648725,124,5CcWKodC...,,13.868142291379577,13.868142291379577,0.0,,COUNTER,475840.83810665,7026.080961259,0.0,OK,0.0,0.0,1295.967040512703,56651.148490303,0.05217920875148293,56651.148490303,0.05217920875148293,0.0,DORMITORY,False,True,0.5217920875148293,,,21937.899839299003,0.020206161495205092,30.0
108,61,47,110,126,Poker44,2026-08-23,8907732,0.004322227,0.004312858683988452,0.002172182465965721,IN BAND,False,False,0.000375366,2411.83820212,1153468.463586859,1.0,558008.240610587,62695.562636209,-0.0001583244541660852,-996.134011020069,,0.0,,,,0.40900830210455347,-1.7413595763180778,0.026428220002582936,-4.158216178266388,-2.3904283819457266,-2.4168566019483095,2.278345774472147,2.825864904052863,1,0.0,,0.0,0.0,0.0,0.0020909442071958156,-0.5162345228059942,5DqrUa2z...,425867.38544653397,0.36556383026800593,BUYBACK_GAMING,,False,7525773,1.0,1,5E2LP6En...,0.0,1.48212315591972,1.48212315591972,0.876548861624855,,COUNTER,393147.939315364,5493.154491675,0.0,OK,0.0,0.0,1295.967040512703,171439.094523612,0.1486291996146128,1096.553699538,0.0009506577198722234,170342.540824074,NEITHER,False,False,1.1469928913493366,0,,20877.351245507,0.018099628992531088,30.0
109,60,41,5,96,Verathos,2026-08-23,8907732,0.008393774,0.008408911526203156,-0.0018001766525888075,IN BAND,False,False,0.000644936,3473.657977163,741912.540286616,1.0,413837.489597132,82377.161003806,0.0007914143622985852,1925.0420591307338,,0.0,,0.0942858793075183,0.0942858793075183,0.4879270841121351,-2.3294789407797993,-0.021902149273163824,-4.733483171081716,-2.4259063795750806,-2.4040042303019167,3.5421964952698466,2.8919313144140517,1,0.1531560988352588,MINER_BURN_ONLY,1189.52388879098,1187.4518356895837,0.0007019150072480329,0.004682031625750732,-0.44220184797080164,5CGq1JQh...,951848.721602926,,,,False,7692872,0.40247980576890774,0,5GpKXttD...,0.179995422293431,1.3057076441606679,1.0706862453582076,0.75129328104256,,COUNTER,237093.290454121,7897.141864024,0.0,DIVERGENT,-1.0,0.9162670026081919,1295.967040512703,162724.525704169,0.21933114331954168,162724.525704169,0.21933114331954168,0.0,FORTRESS,False,True,2.193311433195423,0,,26458.664806331006,0.035662781486493655,30.0
110,66,2,111,15,ORO,2026-08-23,8907732,0.036715326,0.03588751400820911,0.02306685248806958,IN BAND,False,False,0.012539909,14583.973166463,1465535.174882527,1.0,397217.703880154,471747.557656759,-0.0009198017926109515,-11169.172825826681,,0.0,,,,2.2596641173053142,20.051301591172344,0.2806467052715132,17.203825289794807,-2.566829596106023,-2.847476301377536,1.7932015860422135,5.10714041868285,1,0.0,,0.0,0.0,0.0005951018539711583,0.009951295210387569,-0.7289607285418747,5GMtrkkv...,216.587394526,0.0,,,False,7366897,0.9290796384512031,134,5E2LP6En...,0.0,0.6480927427195162,0.6480927427195162,0.16354091956478614,,COUNTER,354654.991781899,2797.563389807,0.0,DIVERGENT,1.0,0.0,1295.967040512703,1010.651574802,0.0006896126357956649,1010.651574802,0.0006896126357956649,0.0,NEITHER,False,True,0.0068961263579566485,,,19319.853628293997,0.01318279762875198,30.0
111,63,39,112,85,Vidaio,2026-08-23,8907732,0.005270873,0.005229884991422296,0.007837267673176352,IN BAND,False,False,0.000738192,12794.344433431,2600860.047226483,1.0,2427366.992843882,1398201.261755568,-0.006693889346863315,-12048.059199338779,,0.0,,,,0.1516270400639642,-3.931582774582311,0.09535342335697894,-6.652843301394598,-2.625907103455308,-2.721260526812287,1.01043499161074,2.8728875668762512,1,0.0,,0.0,0.0,7.629510948348184e-05,0.004919274471179136,-0.0667059382422729,5GTPBjA4...,2932599.900056985,1.0963030544687784,BUYBACK_GAMING,,False,5258781,0.5834426980009155,184,5EM4mjLn...,,16.911946912734425,16.911946912734425,0.0,,COUNTER,496360.999970373,0.0,0.0,OK,0.0,0.0,1295.967040512703,143874.406841709,0.05531801182271781,143874.406841709,0.05531801182271781,0.0,DORMITORY,True,True,0.5531801182271782,,,8665.288741957003,0.0033317012775053133,30.0
112,62,4,8,64,Chutes,2026-08-23,8907732,0.07800532,0.0776742456946522,0.004262343359590519,IN BAND,False,False,0.010801784,210745.56730476,3309680.320019526,1.0,2701681.995866673,4947629.965242503,0.006078987608972017,-17418.812290429603,DISTRIBUTING_PRE_EMA,0.0,,0.07793042332205055,0.07793042332205055,0.13469838874926046,-1.1126381722191805,0.05185851087501798,-3.8257682748624635,-2.661271591768265,-2.7131301026432832,0.7940343918123475,2.847828491392544,1,0.006038976241576566,,49.907011855975725,49.501610162224296,0.0001373311970702673,0.06367550546498603,-0.18370304147222233,5FRYKhbm...,649580.752178442,0.08037920816067046,,,False,4531295,0.26178921344199246,194,5FEm1mew...,,17.893018908249758,17.893018908249758,0.0,,COUNTER,273562.891469008,0.0,0.0,DIVERGENT,-1.0,0.03819665825964274,1295.967040512703,738978.071349125,0.22327777908917962,738977.553965355,0.22327762276478574,0.5173837699694559,DORMITORY,True,True,2.232776227647859,0,,7420.774814941998,0.002242142472206566,30.0
113,65,7,113,4,Targon,2026-08-23,8907732,0.05828334,0.05814753728918731,0.0023354851665909446,IN BAND,False,False,0.008051537,139304.732158358,3637912.586950311,1.0,2390129.522807744,2271393.644585801,-0.0046476622979413,-21379.282152808737,,0.0,,,,0.1518931834415108,4.27584738173697,0.02841506952685649,1.435458291405908,-2.811974020804205,-2.840389090331062,0.7223922887611414,2.9922822737725725,1,0.07024532733157417,MINER_BURN_ONLY,575.7704793500016,575.6353454520844,4.57770656900891e-05,0.03829249022037063,-0.3429942377981319,5CXGPMnq...,,,,,False,1411451,0.28074833669047183,28,5Hp18g9P...,0.179995422293431,0.39773814393289714,0.32614709875348985,0.5238814624916072,,COUNTER,556168.805740644,0.0,0.0,DIVERGENT,-1.0,0.4441743713052724,1295.967040512703,183019.057563734,0.05030881121779791,183019.057563734,0.05030881121779791,0.0,FORTRESS,True,True,0.503088112177979,,,7352.589367956004,0.0020211011650831706,30.0
114,64,50,114,26,Perturb,2026-08-23,8907732,0.003923287,0.003926390781998634,-0.0007904923811618936,IN BAND,False,False,0.000266151,2097.744106676,846850.311854026,1.0,534690.397004404,56061.530029727,-0.00014188253281285655,438.0383204749087,ACCUMULATING_PRE_EMA,0.0,,,,0.3334271447952305,-0.9470876429234089,-0.00961765730413637,-3.754122986268862,-2.8166530006495893,-2.807035343345453,3.103263898251945,3.1404624881406833,1,0.0,,0.0,0.0,4.57770656900891e-05,0.0024771132245123314,-0.36861279215302595,5FsVAEPM...,1616384.845615634,9.394857179996942,BUYBACK_GAMING,,True,8123781,0.850119025819447,119,5H1HKMon...,0.179995422293431,0.6336419898378334,0.5195893322941226,0.03776665547654652,,COUNTER,93577.704880545,1668.571827101,0.0,OK,1.0,0.0,1295.967040512703,4588.979687509,0.005418879373690323,716.07193135,0.0008455708421270928,3872.9077561589997,NEITHER,False,False,0.02744145782631548,,,23536.843173925998,0.027793392580084578,30.0
115,67,30,115,17,404—GEN,2026-08-23,8907732,0.00947642,0.009422801900655031,0.005690250088059348,IN BAND,False,False,0.001354649,26070.556460759,3041858.555954466,1.0,2751097.459210781,651844.168677269,-0.008483605846616416,-17560.926240573637,,0.0,,,,0.136553187016107,-0.21831234491462237,0.06923137607138873,-3.2037262369101462,-2.9161825159241355,-2.985413891995524,0.8639454963662482,3.121967079011631,1,0.0,,0.0,0.0,0.0,0.008570601157547462,-0.09558660785956485,5E7a4a7Q...,1076654.255144285,0.12237856759770328,,,False,2840556,1.0,251,5EhrAFV5...,0.01998931868467231,0.31286387572800006,0.3066099400111513,0.43423060489531834,,COUNTER,340475.604612198,0.0,0.0,OK,0.0,0.0,1295.967040512703,503791.506062023,0.16561963575717434,498782.722096477,0.1639730161417615,5008.7839655459975,DORMITORY,True,True,1.639730161417615,0,,7695.607761914997,0.0025299032221109607,30.0
116,69,20,116,49,Nepher Robotics,2026-08-23,8907732,0.010184509,0.009484405862167478,0.07381623561947895,IN BAND,False,False,0.002728444,4591.554276108,2189569.502322098,1.0,450837.131565474,125884.488831263,-3.683535129229573e-05,-23901.70644208457,,0.0,,,,1.5616391315051381,42.86811604186199,0.8980975333703272,38.83755123629745,-3.1324672721942086,-4.030564805564536,1.2002359355174315,5.592203937069674,1,0.0,,0.0,0.0,1.5259021896696368e-05,0.0020970123447730396,-0.7940978455836172,5FL781vf...,1744646.380281385,0.22463891190144777,BUYBACK_GAMING,,False,6783158,0.9801019318216498,52,5DACoz1E...,,0.47393345582273205,0.47393345582273205,0.010300625667633146,,COUNTER,718085.305537548,837.682351088,0.0,OK,0.0,0.0,1295.967040512703,80451.602286592,0.0367431142063638,80451.602286592,0.0367431142063638,0.0,DORMITORY,False,True,0.367431142063638,,,14539.991980292993,0.0066405711099250045,30.0
117,68,16,117,118,Ditto,2026-08-23,8907732,0.011364606,0.010926085989922285,0.04013514175910612,IN BAND,False,False,0.002901226,7355.706411848,2171385.493261551,1.0,647246.970270093,716576.91149366,-0.0019519015973399523,-19299.860789760714,,0.0,,,,1.0365315716950276,19.62050706948802,0.48831089140245776,15.82895249232731,-3.303243685758252,-3.79155457716071,1.2102871683335172,4.828086148855737,1,0.0,,0.0,0.0,1.5259021896696368e-05,0.0033875635784962757,-0.7019198396762479,5DUJfND9...,2057608.752173786,6.588422018385191,BUYBACK_GAMING,,False,5724794,0.1794793542283395,28,5DPQjF6B...,0.0,4.0910995158047525,4.0910995158047525,0.050466205802011325,,COUNTER,320927.826926128,1788.13704218,0.0,OK,0.0,0.0,1295.967040512703,115919.816513849,0.05338518511502557,115919.816513849,0.05338518511502557,0.0,DORMITORY,True,True,0.5338518511502567,,,13810.181682095994,0.006360078265675559,30.0
118,70,33,118,81,Reliquary,2026-08-23,8907732,0.006663495,0.0066141055431216955,0.007467291919716487,IN BAND,False,False,0.001036204,18557.75300161,2462243.329994155,1.0,2784987.685926595,894900.876879153,-0.010295262693937652,-21344.801391397603,,0.0,,,,0.1467388919210074,-7.2229360928136,0.09085205168988392,-11.528329330529473,-4.214541186025988,-4.305393237715872,1.0673193700990709,4.45213212963688,1,0.016387591644928597,,137.23965595592745,136.3387633031465,0.00030518043793392735,0.007536928936123487,0.13107745051560582,5GnpQR4N...,23669.261647066,0.0644642511298511,,,False,5203057,0.07201404258566735,237,5H47sFL6...,0.179995422293431,3.7390682083220126,3.0660530471811493,0.010117349040911935,,COUNTER,851688.326493401,0.0,0.0,DIVERGENT,-1.0,0.10520233851719633,1295.967040512703,546381.350237266,0.22190388073406336,541135.709611847,0.21977344928501907,5245.640625419095,DORMITORY,True,True,2.1977344928501923,0,,8463.108970932995,0.0034371537807975643,30.0
119,71,77,119,112,minotaur,2026-08-23,8907732,0.002311564,0.0022763146553188562,0.015485268962610127,IN BAND,False,True,5.3e-08,3444.460945438,1889312.469861003,1.0,1490099.608143027,122460.652550026,-0.0010482548438311206,-16736.195830155164,,0.0,,,,4.0437096604179537e-05,0.5829171848536465,0.18840410571175653,-4.016928191915776,-4.411441271057665,-4.599845376769422,1.3909821916293932,4.599885813866027,1,0.3283471850078202,SKIN_IN_GAME,2364.199370844057,2364.154326211418,1.5259021896696368e-05,0.0018231293131153734,-0.21130052504911243,5D7Rf7Hb...,1363762.693331643,0.9020016906278097,BUYBACK_GAMING,,False,5633022,0.7999969481490524,0,5E1ohAsz...,0.179995422293431,1.2699700198321258,1.0413812298124454,0.8074592928321812,,COUNTER,951362.878815792,0.0,0.0,DIVERGENT,-0.8211019896705027,1.8242395464595493,1295.967040512703,109192.016768061,0.057794577927119846,109192.016768061,0.057794577927119846,0.0,FORTRESS,True,True,0.5779457792711984,,,12104.064815260002,0.006406597642448472,30.0
120,72,18,120,93,Bitcast,2026-08-23,8907732,0.016647731,0.016292797401547432,0.021784693549240147,IN BAND,False,False,0.002744198,21711.218083409,3591219.350959663,1.0,1304154.778725093,940621.588416375,-0.0033716791650470626,-43897.09917023778,,0.0,,,,0.33216709980500747,22.028703526100532,0.26504710484908844,16.96758746524376,-4.7960689560076855,-5.061116060856774,0.7317848739308372,5.393283160661781,1,0.0,,0.0,0.0,3.0518043793392735e-05,0.0060456396453776136,-0.63684903093535,5EbY1Seb...,2386161.025555351,0.42058903722067337,BUYBACK_GAMING,,False,5370681,0.9945371034440663,158,5HVydkt4...,0.179995422293431,1.1798377963633961,0.9674723939692156,0.0,,COUNTER,1085835.159306595,0.0,0.0,OK,0.0,0.0,1295.967040512703,427930.957620956,0.1191603507890996,427930.957620956,0.1191603507890996,0.0,DORMITORY,True,True,1.191603507890996,0,,8846.402878995003,0.002463342395565736,30.0
121,73,63,121,117,glyph,2026-08-23,8907732,0.002590926,0.0025533775333315134,0.014705411236032624,IN BAND,False,True,5.1278e-05,2893.650237351,1648047.965272833,1.0,1116839.931202381,221914.51812547,-0.0007537834211656891,-16968.114891765406,,0.0,,,,0.046570446649200105,1.1848439623540687,0.17891583670506359,-4.235214182368935,-5.24114230801794,-5.420058144723003,1.594613782715321,5.466628591372204,1,0.0,,0.0,0.0,0.0,0.0017558046236063032,-0.3223254451858898,5HdThE9W...,1743410.945620659,0.8621151055729902,BUYBACK_GAMING,,False,5710859,1.0,125,5EsLkLnu...,,13.543132786252878,13.543132786252878,0.0,,COUNTER,289424.602021989,151819.376318443,0.0,OK,0.0,0.0,1295.967040512703,184995.455974437,0.11225125716763418,154144.143623114,0.09353134548944732,30851.312351322995,DORMITORY,True,True,0.935313454894473,,,14036.501567099005,0.008517046750381002,30.0
122,74,11,122,3,Teutonic,2026-08-23,8907732,0.027907004,0.02779514924623072,0.004024254476145553,IN BAND,False,False,0.003952136,78047.147356552,3059812.665743189,1.0,2796686.715602066,3359163.900575635,-0.03954664999786193,-38402.65607803641,,0.0,,,,0.13307614384099697,0.1991671754505201,0.04896176279310423,-5.316193928997062,-5.466399341654477,-5.515361104447582,0.8588761101038493,5.6484372482885785,1,0.0,,0.0,0.0,7.629510948348184e-05,0.02550716526875849,-0.08599413721521341,5GsGUrd2...,2928649.438044517,2.7749045365410594,BUYBACK_GAMING,,False,4165565,0.0,244,5EtUYRu7...,0.09999237048905166,0.5478485974269489,0.49306791750112616,0.08777257259701218,,COUNTER,578475.334942498,0.0,0.0,OK,0.0,0.0,1295.967040512703,387859.057796646,0.12675908631237726,387721.268373765,0.12671405433234015,137.7894228810328,DORMITORY,True,True,1.2671405433234018,0,,7609.994643972998,0.0024870786140512393,30.0
123,75,65,123,60,Bitsec.ai,2026-08-23,8907732,0.005031766,0.004842997528612614,0.038977610513351496,IN BAND,False,True,4.1655e-05,7808.760889648,3948160.430311006,1.0,1551892.703042193,901781.134470975,0.00042835187573598795,-57187.14425186976,DISTRIBUTING_PRE_EMA,0.0,,,0.08512953021583038,0.014018784996365104,13.124740560529927,0.47422759457910985,7.081442463241725,-5.569070502709093,-6.043298097288202,0.6656264471484473,6.057316882284567,1,0.2033055500327003,MINER_BURN_ONLY,1476.008238966926,1475.918149701648,3.0518043793392735e-05,0.001977822590414059,-0.606932716979673,5CXLwkK1...,104519.682606516,0.009217392666472014,,,False,4796992,0.8499992370256206,113,5CXLwkK1...,0.179995422293431,5.154464632012894,4.226684593877179,0.0,,COUNTER,644980.953630582,0.0,0.0,DIVERGENT,-1.0,1.138854695809049,1295.967040512703,1068101.793543093,0.27053150762137496,1068101.793543093,0.27053150762137496,0.0,FORTRESS,True,True,2.7053150762137497,0,,7973.672182568,0.0020195917372941947,30.0
124,76,38,124,40,Ralph,2026-08-23,8907732,0.00557792,0.005574026610702276,0.0006984877485601632,IN BAND,False,False,0.000912906,2076.407256671,374861.57013539,1.0,372254.759225763,78170.596887238,-1.8552276038102824e-06,787.9057672065683,ACCUMULATING_PRE_EMA,0.0,,,,1.1554173490254431,-1.6044892810690874,0.008498267607481985,-8.033981741920972,-6.420994193244402,-6.429492460851884,7.0105879326356035,7.5849098098773275,1,0.0,,0.0,0.0,0.0,0.00553913076744852,-0.0069540675648771975,5HeKCDfd...,738238.572911331,2.5838381821908576,BUYBACK_GAMING,,True,8409860,1.0,6,5E2LP6En...,0.0,0.8971955940099472,0.8971955940099472,0.2204877006653238,,COUNTER,22349.634720453,0.042920633,0.0,OK,0.0,0.0,1295.967040512703,22427.898380107,0.05982981496878072,22427.898380107,0.05982981496878072,0.0,DORMITORY,False,True,0.5982981496878071,,,34287.74449852399,0.09146775031150879,30.0
125,77,62,125,21,AdTAO,2026-08-23,8907732,0.003922609,0.003796942066401243,0.03309687938374684,IN BAND,False,True,5.9627e-05,8005.907986973,3762261.311674908,1.0,2040964.6687209,573384.472052797,-0.0017317969702688176,-96882.02429047739,,0.0,,,,0.0195730148603978,10.015676848476549,0.4026786991689199,-0.36062321294782684,-9.973621362255455,-10.376300061424375,0.6985160737891569,10.395873076284774,1,0.12151560827276982,MINER_BURN_ONLY,888.6172788440017,888.2118771502503,0.0001373311970702673,0.002127951070843848,-0.4575163951227746,5HjCYVfr...,1835303.232895563,0.0,,,False,3156578,0.6276287275280041,113,5FCjRA6V...,,16.0444906703387,16.0444906703387,0.0,,COUNTER,823872.197527129,0.0,0.0,DIVERGENT,-0.9964143761112632,0.6853661006678542,1295.967040512703,5839.628796876,0.0015521592768568955,5839.628796876,0.0015521592768568955,0.0,EXPOSED,True,True,0.015521592768568954,,UNDEFENDED_BURNER,7657.475030419998,0.0020353384297517054,30.0
126,78,54,126,99,Thirty Spokes,2026-08-23,8907732,0.003361935,0.0033251484856009483,0.01106311930379952,IN BAND,False,False,0.00014243,698.492998978,274173.263537434,1.0,207765.184387907,28015.354261794,,-570.5109758418112,,,,,,0.5358765807927437,1.6800447189440526,0.13460128486289416,-8.872047894661371,-10.41749132874253,-10.552092613605424,9.58517970021241,11.087969194398168,1,0.0,,0.0,0.0,1.5259021896696368e-05,0.0025476335291264893,-0.2422121399948276,5DebFXsw...,1019030.413058151,3.4649169090732563,BUYBACK_GAMING,,True,8572056,1.0,1,5E2LP6En...,0.0,0.9776878756107266,0.9776878756107266,0.002197366212442586,,COUNTER,71412.968505913,0.012273672,0.0,OK,0.0,0.0,1295.967040512703,0.0,0.0,0.0,0.0,0.0,NEITHER,False,,,,,40257.534240466004,0.14683245813634735,30.0
127,127,127,127,36,SN36,2026-08-23,8907732,0.005260333,0.0,,N/A,False,True,0.0,502.143770759,0.0,0.0,95458.544371282,0.994240422,,,,,,,,,200.65625525570894,,200.65625525570894,,,,,,,,,,0.0,,,5DCjvVt6...,695223.891003274,,,,True,8884359,1.0,0,5EFY7fKV...,,0.0,0.0,0.0,,,0.0,0.0,,NO_ESTIMATE,,,,0.0,,0.0,,0.0,,False,,,,,0.0,,30.0
128,128,128,128,86,SN86,2026-08-23,8907732,0.00598997,0.0,,N/A,False,True,0.0,709.206153468,0.0,0.0,118398.940430478,2.080493178,,,,,,,,,0.0,,0,,,,,,,,,,0.0,,,5F4XAWGz...,330461.145639173,,,,True,8693284,1.0,0,5F1N5GEH...,,0.0,0.0,0.0,,,0.0,0.0,,NO_ESTIMATE,,,,0.0,,0.0,,0.0,,False,,,,,0.0,,30.0
