combined_apy_rank,real_apy_rank,emission_rank,epr_rank,netuid,name,date,block,spot_price,moving_price,momentum_30d,ema_band,ema_lag_flag,low_emission,tao_emission,tao_reserves,alpha_outstanding,alpha_out_emission,alpha_in_pool,volume,ema_tao_inflow,pool_growth_real,pool_ema_divergence,flow_momentum,flow_price_divergence,emission_price_ratio,emission_price_ratio_raw,emission_apy,price_apy_7d,price_apy_30d,combined_apy_7d,combined_apy_30d,real_apy,gross_emission_rate,net_supply_delta,supply_days_gap,supply_defence,supply_defence_quality,burned_tokens,manual_burn,miner_burn_rate,liquidation_price,liquidation_haircut,owner_coldkey,owner_stake,owner_inflow_pct,owner_inflow_flag,large_entry_anomaly,immune,registered_at,vali_miner_share,best_validator_uid,best_validator_hotkey,best_validator_take,best_validator_raw_apy,best_validator_apy,best_validator_div_pct,best_validator_trust,burned_source,alpha_burned_cum,alpha_recycled_cum,recycled_tokens,recon_flag,recon_gap_relative,burn_coverage,owner_cut_emission,total_locked_alpha,locked_float_ratio,owner_locked_alpha,owner_lock_ratio,community_locked_alpha,commitment_class,gate_eligible,leader_is_owner,leader_pct_of_threshold,leader_blocks_to_threshold,governance_flag,basket_alpha,basket_share,ema_halving_days
1,1,37,15,105,Beam,2026-09-18,9095651,0.005270804,0.0057678616140037775,-0.08617710466509337,IN BAND,False,False,0.000884806,4576.396595841,2044700.909464991,1.0,868254.019856168,552655.221912735,-0.0010888053840733777,80489.6540448746,ACCUMULATING_PRE_EMA,0.0,,,,0.508100668135535,-5.234174809626447,-1.048488106758636,7.743186610593838,11.928873313461649,12.977361420220285,1.2852735516646456,-12.46926075208475,1,0.0,,0.0,0.0,0.0018463416495002605,0.0022381740892551583,-0.5753638175020057,5G3ic2pA...,2039284.452017205,,,,False,6841399,0.0,177,5FmsqfCN...,0.179995422293431,0.9308807048820888,0.7633264393020305,0.02452274496040042,,COUNTER,452240.813141888,1869.377328683,0.0,DIVERGENT,1.0,0.0,1295.967040512703,180854.136021186,0.0884501665666631,180854.136021186,0.0884501665666631,0.0,DORMITORY,False,True,0.8845016656666347,,,16302.866352571004,0.007973227906880891,30.0
2,2,46,16,85,Vidaio,2026-09-18,9095651,0.005040153,0.0053977700881659985,-0.06625274554580107,IN BAND,False,False,0.000320702,12599.72878837,2733844.874058872,1.0,2499870.20387692,1446852.099749182,-0.006693889346863315,87641.29987016274,ACCUMULATING_PRE_EMA,0.0,,,,0.06689071409044448,3.6676938437030464,-0.8060750708072464,14.1386141829418,9.664845268431508,10.470920339238754,0.9612835113421316,-10.40402962514831,1,0.07321046297609635,MINER_BURN_ONLY,560.9257269199588,560.6554591241245,9.15541313801782e-05,0.004608794342329853,-0.08558443715302834,5GTPBjA4...,3077491.917294455,,,,False,5258781,0.31734041416777303,244,5FCm8AUA...,,9.757613596969282,9.757613596969282,0.0,,COUNTER,507879.906498244,0.0,0.0,DIVERGENT,-0.5916355920238114,0.4326155230786743,1295.967040512703,143823.619066003,0.052608551579033686,143823.619066003,0.052608551579033686,0.0,FORTRESS,True,True,0.5260855157903388,,,24400.993627005995,0.008925522387368835,30.0
3,3,2,17,90,KubeTEE,2026-09-18,9095651,0.029649578,0.030490810051560402,-0.027589691783782292,IN BAND,False,False,0.014628974,2572.106594086,324723.028161268,1.0,86750.1927252,80989.097555061,,3393.6297212370555,,,,,,14.946870304829432,-6.074292708540276,-0.3356745833693512,1.2783675230355849,7.01698564820651,7.352660231575861,8.09305091443915,7.594210073253571,1,0.0,,0.0,0.0,3.0518043793392735e-05,0.00792092451419432,-0.73284865928971,5C9y6fnL...,434493.560699854,1.2871362401803197,BUYBACK_GAMING,,True,8618670,0.2439381685562999,0,5EKtGWqs...,0.179995422293431,1.434094876676982,1.175964363740663,0.33436083685583917,,COUNTER,0.0,112878.401821767,671.4092908859893,OK,0.09308010124420786,0.0,1295.967040512703,71721.723844897,0.22087045766670318,71721.723844897,0.22087045766670318,0.0,DORMITORY,False,True,2.2087045766670315,0,,53489.84930477199,0.16472453342054694,30.0
4,4,44,18,66,conjectures,2026-09-18,9095651,0.004170614,0.00453279004432261,-0.07990135011354463,IN BAND,False,False,0.000382718,7920.22399445,3906908.280054693,1.0,1899054.363757987,1402231.500274495,-0.005772511456838813,77775.82927212492,ACCUMULATING_PRE_EMA,0.0,,,,0.1269891993843596,25.67164777252894,-0.9721330930481262,32.243912748023014,5.600131882445949,6.572264975494075,0.6726546444451494,-6.445275776109716,1,0.0,,0.0,0.0,0.0,0.002027235713437103,-0.5139239178123166,5CJCRGep...,1181907.65135847,,,,False,4958013,1.0,227,5E2LP6En...,0.0,0.29205567690015233,0.29205567690015233,0.5543110025942317,,COUNTER,876389.726869251,0.0,0.0,DIVERGENT,1.0,0.0,1295.967040512703,392806.591766313,0.10054154426190268,392806.591766313,0.10054154426190268,0.0,DORMITORY,True,True,1.0054154426190267,0,,11634.326000905001,0.0029778856238575763,30.0
5,5,31,19,91,cascade,2026-09-18,9095651,0.006742979,0.007094550179317594,-0.049555105035765726,IN BAND,False,False,0.001690897,3731.685692672,1175930.998323384,1.0,553417.963628399,183824.410844492,-0.00013977869327964234,24521.10084225633,ACCUMULATING_PRE_EMA,0.0,,,,1.190796246512978,-11.170121316014022,-0.6029204446018163,-5.062812164375689,5.504388707036517,6.107309151638333,2.234825005673754,-4.916512905125355,1,0.0,,0.0,0.0,1.5259021896585345e-05,0.003173388317845651,-0.529378881671491,5HEe7NjS...,392762.640043593,,,,False,7633645,0.0,0,5FcCsoB2...,0.0,0.667006673190004,0.667006673190004,0.24313683600128183,,COUNTER,399376.775480423,9542.545852108,0.0,DIVERGENT,1.0,0.0,1295.967040512703,56989.761335735,0.0484635250001826,56989.761335735,0.0484635250001826,0.0,DORMITORY,False,True,0.48463525000182694,,,37037.111617439994,0.031495990555778085,30.0
6,7,23,3,69,Herald,2026-09-18,9095651,0.007442014,0.007801888044923544,-0.04612653281505404,IN BAND,False,False,0.002212484,4102.404348885,1321254.603889954,1.0,551249.141547618,79525.553628883,0.0011393261345515797,24620.78697675024,,0.0,,0.15309379081409677,0.15309379081409677,1.417317128571275,-3.7215316706367783,-0.5612061492498241,1.9744262110097694,5.134751732396723,5.695957881646548,1.9890186132656107,-4.278640753075273,1,0.0,,0.0,0.0,4.57770656900891e-05,0.0031049309775776457,-0.5827835075857629,5HBPFVcJ...,707957.734611908,,,,False,8138182,1.0,155,5FLBpbxv...,0.0,0.593731090618564,0.593731090618564,0.004486357809924922,,COUNTER,382933.064009199,4110.268380516,0.0,DIVERGENT,1.0,0.0,1295.967040512703,485.813350565,0.00036769094248352975,485.813350565,0.00036769094248352975,0.0,NEITHER,False,True,0.0036769094248352975,,,23831.722920377993,0.01803719196149943,30.0
7,6,24,5,61,RedTeam,2026-09-18,9095651,0.013993051,0.014842651085928082,-0.05724045394650326,IN BAND,False,False,0.00193938,15448.104954168,4997196.307428679,1.0,1103984.070122464,743077.889209608,0.001606769924520486,82386.46639673691,,0.0,,0.11482627516475757,0.11482627516475757,0.3299233566266572,-5.87751823943021,-0.6964255230157896,-0.17428785581761552,5.006804860596805,5.703230383612595,0.525894889519008,-5.3733070269859375,1,0.0,,0.0,0.0,0.0009765774013885675,0.0030913544323250457,-0.7790793135589197,5ECEsYL8...,234.586770589,,,,False,4457976,0.004032319652976124,69,5HbLhpEA...,,2.643034764858687,2.643034764858687,0.0,,COUNTER,808370.14496251,0.0,0.0,DIVERGENT,1.0,0.0,1295.967040512703,1021287.884224886,0.20437217619541392,1021287.884224886,0.20437217619541392,0.0,DORMITORY,True,True,2.0437217619541395,0,,28646.569529147007,0.005732528355262308,30.0
8,8,55,20,88,Investing,2026-09-18,9095651,0.003227165,0.0032444552052766085,-0.005329155184047062,IN BAND,False,False,0.00010919,6360.403980625,3296070.926659308,1.0,1970894.736995187,720883.880949744,-0.0006446650318909965,41650.782116101356,ACCUMULATING_PRE_EMA,0.0,,,,0.04511526640039033,1.9551046455260674,-0.06483805473923925,5.772874176298329,3.752931476033022,3.8177695307722614,0.7973129397016882,-3.7726542643718712,1,0.0,,0.0,0.0,0.0004882887006942838,0.0019296926923449156,-0.4020470932397583,5FhMsGJS...,2900795.955120239,,,,False,5299805,0.48237485306016525,36,5FYoKjj4...,0.179995422293431,7.537375924673584,6.180682762127622,0.0,,COUNTER,175269.313011837,0.0,0.0,DIVERGENT,1.0,0.0,1295.967040512703,1189771.485128892,0.3609665907082801,1189771.485128892,0.3609665907082801,0.0,DORMITORY,True,True,3.609665907082802,0,,9911.854702961005,0.003007172759175739,30.0
9,9,9,21,80,OpenRoboto,2026-09-18,9095651,0.022783966,0.022982500959187746,-0.008638527179452949,IN BAND,False,False,0.006820757,4296.672566962,2108853.718464149,1.0,188583.245506765,281130.877085295,-0.0002903473733555673,4268.655487278767,ACCUMULATING_PRE_EMA,0.0,,,,4.17182112824436,16.830058247903725,-0.10510208068334422,20.162810412134327,3.227650083547259,3.332752164230603,1.2461746288945723,0.8390689640137565,1,0.0029257920171792268,MINER_BURN_ONLY,27.417136868985835,27.372092236346788,1.5259021896696368e-05,0.0020374445744350683,-0.9105755084766599,5CG1eFia...,302681.026670443,,,,False,7151800,0.8500015259254738,42,5G9hfkx9...,0.009994659342336155,0.5849792661620103,0.5791325976743913,0.0069282302492026425,,COUNTER,258210.682638495,2501.379452446,0.0,DIVERGENT,0.890341777397979,0.021120978682851375,1295.967040512703,340235.75332635,0.16133682025804014,340235.75332635,0.16133682025804014,0.0,DORMITORY,False,True,1.6133682025804037,0,,21431.076819072005,0.010162429300539622,30.0
10,10,1,14,107,Minos,2026-09-18,9095651,0.048891425,0.049354484770447016,-0.009382324070461965,IN BAND,False,False,0.015718271,21422.351040007,1633597.017629192,1.0,438162.069837612,557141.420313796,0.001226016808458981,15228.91797066899,,0.0,,0.025076315702783895,0.025076315702783895,1.9282484966685758,-5.4195069593569185,-0.11415160952395391,-2.135330004120993,3.1700253457119714,3.2841769552359255,1.608719881120967,-1.3559284585673494,1,0.0,,0.0,0.0,0.00010681315327687457,0.013113608073977049,-0.7317810214372552,5DA2vLrS...,1301049.347785571,,,,False,7457580,0.0,0,5E4WJ2tA...,0.179995422293431,0.6467658200224435,0.5303509331225467,0.781004410126505,,COUNTER,406798.248425295,11728.725039684,0.0,DIVERGENT,1.0,0.0,1295.967040512703,41164.694002343,0.025198805799783185,41164.694002343,0.025198805799783185,0.0,DORMITORY,False,True,0.25198805799783186,,,27250.453133847986,0.01668125788659681,30.0
11,12,32,22,62,Ridges,2026-09-18,9095651,0.010843597,0.010983258252963424,-0.012715830744100128,IN BAND,False,False,0.001636881,30130.610087426,2742698.094034231,1.0,2778654.496573951,4389298.496290731,-0.02595581615076601,30382.62494664127,ACCUMULATING_PRE_EMA,0.0,,,,0.14276920565226722,-1.5965290280808948,-0.15470927405321822,1.4934885627366241,2.9353083167643006,3.090017590817519,0.9581805615850626,-2.947248385165252,1,0.03779549322951501,MINER_BURN_ONLY,313.7467674429936,313.206231851325,0.0001831082627603564,0.010985755287089193,0.01310988291884995,5DhsVYew...,1715.589963282,,,,False,4474225,0.31920089129008133,61,5DhRJtUe...,,5.248473958379711,5.248473958379711,0.0,,COUNTER,189405.87464315,170981.9854291,0.0,DIVERGENT,-0.2645440395893937,0.2416776214674535,1295.967040512703,148136.013159382,0.05401105337900642,148136.013159382,0.05401105337900642,0.0,DORMITORY,True,True,0.5401105337900656,,,16645.530621263006,0.0060690349614015,30.0
12,11,11,23,44,Score,2026-09-18,9095651,0.036547157,0.03760752431116998,-0.028195615919738716,IN BAND,False,False,0.005149407,66330.777501459,4170544.864647571,1.0,1814936.765470558,2232729.593037636,-0.0010141890605900883,41455.029815355316,ACCUMULATING_PRE_EMA,0.0,,,,0.20401753312332782,-2.7568968582962166,-0.343046660356821,0.3541730172133164,2.768023215152712,3.111069875509533,0.6301334922150699,-2.9070523423862054,1,0.01753569857157645,MINER_BURN_ONLY,144.04635430604685,144.04635430604685,0.0,0.01590458313102555,-0.5648202367416554,5CaCekux...,280667.984847634,,,ENTRY_REPEATED,False,3550319,1.0,184,5G9hfkx9...,0.009994659342336155,0.28273853781102903,0.27991266244265756,0.31562161419786056,,COUNTER,507486.140169611,2206.282255223,0.0,DIVERGENT,0.4059869417241578,0.11114970504887227,1295.967040512703,245862.449528441,0.05895211717119783,245862.449528441,0.05895211717119783,0.0,DORMITORY,True,True,0.5895211717119783,,,20859.984867900002,0.005001740910336127,30.0
13,13,43,24,33,ReadyAI,2026-09-18,9095651,0.004615103,0.004638563608750701,-0.005057731386165,IN BAND,False,False,0.000415912,14513.752907603,2230616.664656748,1.0,3144838.232514235,907300.994192163,-0.0054386194078304825,23956.657454057597,ACCUMULATING_PRE_EMA,0.0,,,,0.07530903570966992,2.238026852237151,-0.0615357318650075,5.06741970188798,2.7678571177858213,2.8293928496508287,1.178149541173809,-2.754083813941159,1,0.0,,0.0,0.0,0.00764476997024488,0.006506610094673711,0.40985154495440546,5HinUfk5...,53803.50885097,,,,False,2943950,0.0,209,5E2LP6En...,0.0,0.45322106240856697,0.45322106240856697,0.40460240191665015,,COUNTER,588076.249106669,0.0,0.0,DIVERGENT,1.0,0.0,1295.967040512703,138809.800536348,0.062229338969682774,138808.045342108,0.062228552104656706,1.755194239987759,DORMITORY,True,True,0.6222855210465671,,,13183.941138475995,0.005910446804854642,30.0
14,14,4,8,64,Chutes,2026-09-18,9095651,0.069159925,0.06983946869149804,-0.009730081059175767,IN BAND,False,False,0.009420899,200252.254838761,3329279.817275604,1.0,2895495.549057829,5017147.302007959,0.006078987608972017,32476.26385764731,,0.0,,0.0878975448422192,0.0878975448422192,0.12363467563416318,-0.511831543354328,-0.11838265288663849,2.2799042130256604,2.67335310349335,2.7917357563799885,0.7893599049149702,-2.668101080745825,1,0.0,,0.0,0.0,0.00010681315327687457,0.0601488207148146,-0.13029372552363808,5FRYKhbm...,699162.594962896,,,,False,4531295,0.22016542546697593,194,5FEm1mew...,,8.172641366078793,8.172641366078793,0.0,,COUNTER,274207.517615115,0.0,0.0,DIVERGENT,1.0,0.0,1295.967040512703,772623.135230413,0.2320691493761739,772622.712060745,0.23206902227070628,0.42316966806538403,DORMITORY,True,True,2.320690222707063,0,,14099.511771192,0.004235003527798942,30.0
15,15,79,25,45,AlphaRidge.ai,2026-09-18,9095651,0.002452731,0.0024785855785012245,-0.010431182495969506,IN BAND,False,True,1.396e-06,6275.609131108,3179718.394545812,1.0,2558620.591637123,749701.943451452,-0.0007759101295867152,30306.552270951215,ACCUMULATING_PRE_EMA,0.0,,,,0.0005845947259230067,-2.255139595552802,-0.126912720367629,0.45131126254366016,2.579538137728833,2.706450858096462,0.8264882841536604,-2.705866263370539,1,0.22987746970922654,MINER_BURN_ONLY,1662.0059865869116,1656.0600950785574,0.0020141908903639205,0.0019736367666622887,-0.19533093247392858,5FbcZiAH...,1087.020184038,,,ENTRY_REPEATED,False,3633154,0.5663807470605324,55,5E2LP6En...,0.0,0.36669550085648633,0.36669550085648633,0.23111199279730205,,COUNTER,1080343.370600934,0.0,0.0,DIVERGENT,-0.6116735474841997,1.2778566455080496,1295.967040512703,111021.340137912,0.03491546305746682,111019.200205241,0.034914790063067476,2.1399326710088644,FORTRESS,True,True,0.3491479006306748,,,14160.928074071997,0.004453516417794202,30.0
16,16,60,26,125,Refinery,2026-09-18,9095651,0.002980162,0.002997596748173237,-0.005816242022500714,IN BAND,False,True,8.0419e-05,5659.631621086,2508826.278265219,1.0,1899101.803306179,243184.0843697,-0.00024021262101779379,23919.7195350884,ACCUMULATING_PRE_EMA,0.0,,,,0.03734185299492103,-0.7414338492743819,-0.07076427794042535,1.7128648218697753,2.383534393203732,2.4542986711441572,1.0475017831115776,-2.4169568181492362,1,0.0,,0.0,0.0,0.0,0.0022558882096051194,-0.24303168431611458,5DTzv2rL...,9176.759335549,,,,False,5834408,1.0,12,5E2LP6En...,0.0,0.5423540645145952,0.5423540645145952,0.1181632279330973,,COUNTER,1305773.13013795,0.0,0.0,DIVERGENT,1.0,0.0,1295.967040512703,226023.662897553,0.09009139646521952,226023.662897553,0.09009139646521952,0.0,DORMITORY,True,True,0.9009139646521952,,,11046.430982205991,0.00440302745467266,30.0
17,18,8,27,97,Albedo,2026-09-18,9095651,0.020082631,0.020254014991223812,-0.008461729257042307,IN BAND,False,False,0.007225562,12247.960330589,1136860.818848461,1.0,609878.541316932,528749.054294634,-0.0002017478056674679,11620.657418415882,ACCUMULATING_PRE_EMA,0.0,,,,1.5503623806305091,-6.585445627787695,-0.10295103929401472,-4.341243451219502,2.141251137274178,2.2442021765681925,2.3116286148923058,-0.6938397959376833,1,0.0,,0.0,0.0,7.629510948348184e-05,0.010773491466611626,-0.4635418304199472,5GnW8owm...,1350229.068139293,,,,False,7735450,0.0,28,5E2LP6En...,0.0,0.6326399543171262,0.6326399543171262,0.18845467169212457,,COUNTER,70872.776437572,4583.298014649,0.0,DIVERGENT,1.0,0.0,1295.967040512703,9327.137122723,0.008204291121731648,9327.137122723,0.008204291121731648,0.0,DORMITORY,False,True,0.08204291121732236,,,36227.448073527994,0.03186621218085709,30.0
18,17,21,28,75,Hippius,2026-09-18,9095651,0.015889645,0.01618269132450223,-0.01810862721323289,IN BAND,False,False,0.002370857,31858.030467889,3592494.189366474,1.0,2004955.498809507,1536369.395498496,-0.01292806119265099,28680.026460975176,ACCUMULATING_PRE_EMA,0.0,,,,0.19557430589690994,-4.938352136309478,-0.22032163109433348,-2.6527375051435707,2.0652930000715735,2.285614631165907,0.7315251915448304,-2.090040325268997,1,0.0,,0.0,0.0,0.0019836728465705278,0.008867942100556903,-0.44190432822401615,5DAQpczE...,1500514.785450615,,,,False,5102795,0.0,0,5G1Qj93F...,0.0,0.298885250609737,0.298885250609737,0.4052251674830991,,COUNTER,784604.879643725,0.0,0.0,DIVERGENT,1.0,0.0,1295.967040512703,552610.182260371,0.15382354240016802,552609.767120331,0.15382342684255867,0.4151400401024148,DORMITORY,True,True,1.538234268425587,0,,34765.76009434699,0.00967733231058554,30.0
19,88,88,29,112,for sale,2026-09-18,9095651,0.003934044,0.0034510313998907804,0.1399618097141934,IN BAND,False,True,0.0,4493.602252901,2425114.438890361,1.0,1142234.747784677,168922.482949886,-0.0010482548438311206,-122833.30377279362,,0.0,,,,,17.41100836694712,1.7028686848560195,17.41100836694712,1.7028686848560195,,1.0836602008779723,20.64737702809637,1,0.38950217353985256,SKIN_IN_GAME,2804.4156494869385,2804.4156494869385,0.0,0.0018529444140199416,-0.5289975368806394,5GQjr3Qt...,915611.952399232,0.5628999659149744,BUYBACK_GAMING,,False,5633022,1.0,0,5C4xjnQk...,0.179995422293431,1.5967360693287804,1.3093308862387933,0.35688015992919164,,COUNTER,1024574.38446485,0.0,0.0,DIVERGENT,-0.9308233784690612,2.1639559971968665,1295.967040512703,109192.016768061,0.04502551096847333,109192.016768061,0.04502551096847333,0.0,FORTRESS,True,True,0.4502551096847333,,,15826.283672071002,0.006525994575048796,30.0
20,20,36,30,11,TrajectoryRL,2026-09-18,9095651,0.008598002,0.008644022978842258,-0.005324023195554008,IN BAND,False,False,0.00121604,21274.545404574,3484753.455385733,1.0,2474359.209014134,1009477.53028576,-0.004553696919034271,22330.8626169106,ACCUMULATING_PRE_EMA,0.0,,,,0.15021487224412877,-1.042004273506012,-0.06477561554590709,0.6034207680747412,1.580649426034846,1.6454250415807532,0.7541423040813378,-1.4952101693366244,1,0.0,,0.0,0.0,0.0,0.0061050360310838945,-0.28994712596206723,5D2Jhtbn...,2018479.532436074,,,ENTRY_REPEATED,False,2918568,0.0,189,5GgqDcxk...,0.0,0.35092372638832203,0.35092372638832203,0.15244228098820442,,COUNTER,1146082.592986499,48146.465498293,0.0,DIVERGENT,1.0,0.0,1295.967040512703,46180.459268605,0.013252145341080726,46180.459268605,0.013252145341080726,0.0,DORMITORY,True,True,0.13252145341080723,,,12313.264429404,0.0035334678871969225,30.0
21,19,28,31,49,Nepher Robotics,2026-09-18,9095651,0.007281838,0.007503846427425742,-0.029585950295347975,IN BAND,False,False,0.001865272,4063.814575411,2292548.216926086,1.0,558075.465485408,159718.808216793,-3.683535129229573e-05,13265.528370292624,ACCUMULATING_PRE_EMA,0.0,,,,1.2062397840837105,1.4115073489305643,-0.359962395260067,3.328096198539571,1.5566264543489394,1.9165888496090064,1.146322672996469,-0.710349065525296,1,0.0,,0.0,0.0,0.0,0.0017726190207941965,-0.756569835693379,5FL781vf...,1746223.45854647,,,,False,6783158,1.0,8,5CsvRJXu...,0.0899977111467155,0.6550312587922182,0.5960799447713667,0.01976163952938304,,COUNTER,790069.490844123,837.682351088,0.0,DIVERGENT,1.0,0.0,1295.967040512703,466379.245096928,0.2034326875455045,466379.245096928,0.2034326875455045,0.0,DORMITORY,False,True,2.0343268754550454,0,,19465.343972560997,0.008490702105563862,30.0
22,24,16,32,93,Bitcast,2026-09-18,9095651,0.021471703,0.021353173069655895,0.0055509281902718435,IN BAND,False,False,0.003458125,25272.826932399,3936455.39386019,1.0,1177029.501212761,1082942.554941645,-0.0033716791650470626,18804.959933559643,ACCUMULATING_PRE_EMA,0.0,,,,0.35959382479486374,-2.5792784242291664,0.06753629298164077,-1.2329731785671019,1.4138415386437053,1.3463052456620646,0.6676056850787568,-0.9867114208672009,1,0.0007149197011255568,MINER_BURN_ONLY,6.021485185949132,5.976440553310084,1.5259021896696368e-05,0.0064201989870932615,-0.7009925581080708,5EbY1Seb...,2226816.179723975,,,ENTRY_REPEATED,False,5370681,0.5201574755088961,158,5HVydkt4...,0.179995422293431,0.8966255129963023,0.7352370251454686,0.0,,COUNTER,1087597.901219067,0.0,0.0,DIVERGENT,0.9732344765021482,0.004611568324257474,1295.967040512703,427930.957620956,0.1087097184661137,427930.957620956,0.1087097184661137,0.0,DORMITORY,True,True,1.087097184661137,0,,30400.536021484,0.007722819892459761,30.0
23,23,67,33,81,Reliquary,2026-09-18,9095651,0.006053296,0.006115348311141133,-0.010146979040929652,IN BAND,False,True,3.4897e-05,17849.983833877,2512053.039187535,1.0,2948803.812105889,909791.476122131,-0.010295262693937652,17602.748621573206,ACCUMULATING_PRE_EMA,0.0,,,,0.005137781459832327,-0.864347530630248,-0.1234549116646441,0.6635448926740865,1.4044375116396903,1.5278924233043345,1.0461562550645687,-1.5227546418445022,1,0.2113007990525846,MINER_BURN_ONLY,1530.9023665430723,1530.1366077882085,0.00025940337224383825,0.007105735251374373,0.17386218208631682,5GnpQR4N...,70695.0364904,,,,False,5203057,0.604215635397906,237,5H47sFL6...,0.179995422293431,9.671600850105612,7.930756970837346,0.030504181163401086,,COUNTER,856953.380289967,0.0,0.0,DIVERGENT,-0.893681358676122,1.1806909897823208,1295.967040512703,490584.029504265,0.195292066628869,486293.605005484,0.19358413115463688,4290.42449878098,FORTRESS,True,True,1.9358413115463715,0,,14105.304789367996,0.00561505054603864,30.0
24,22,3,2,51,lium.io,2026-09-18,9095651,0.0872478,0.0883490911219269,-0.012465222991451688,IN BAND,False,False,0.012407242,156960.438043527,4122315.133081803,1.0,1799018.893583024,2082738.035722726,0.015805744069074572,23028.69892985816,,0.0,,0.18115922772923296,0.18115922772923296,0.20773535282156835,-5.758302538482744,-0.1516602130626622,-4.224446106662892,1.3821962187571897,1.5338564318198518,0.6375058468747712,-1.3261210789982834,1,0.9926387056634292,MINER_BURN_ONLY,8165.198895052075,8163.352065113874,0.0006256198977645511,0.03807579793788955,-0.5635901657361039,5FqACMtc...,451.174799813,,,,False,3966206,0.8278010199407579,189,5GP7c3fF...,0.0009918364232852674,0.30493682285439466,0.3046343754066868,0.1761483290096139,,COUNTER,1220050.075654349,47834.295633396,0.0,DIVERGENT,-0.972193656258925,6.299042961682371,1295.967040512703,503497.552323807,0.12213951046178195,503497.552323807,0.12213951046178195,0.0,FORTRESS,True,True,1.2213951046178217,0,,14595.753381433002,0.003540668995512082,30.0
25,21,20,34,28,SayGM,2026-09-18,9095651,0.02101896,0.02138154930435121,-0.01695804635997181,IN BAND,False,False,0.002909444,22285.907343101,5049911.883649983,1.0,1060276.403671464,6551292.453101324,-0.0018433106521580824,24733.680318606435,ACCUMULATING_PRE_EMA,0.0,,,,0.34308761650518854,0.9948106290179876,-0.206322897379657,2.5470121359626745,1.34587860956503,1.5522015069446868,0.5204051200395461,-1.2091138904394982,1,0.04017164628333461,MINER_BURN_ONLY,330.8034195371438,329.27190202741616,0.0005188067444876765,0.004413127962738462,-0.790040612725917,5CA6rwAy...,2558230.527399425,,,,False,4878363,0.16560052518282165,3,5Evgh9QT...,0.179995422293431,0.32130963751616626,0.2634753736244947,0.5976499313291622,,COUNTER,1407477.583928612,33762.848582854,0.0,DIVERGENT,-0.25295405382916275,0.25407428718029085,1295.967040512703,409418.554808318,0.08107439579963478,409413.020323459,0.08107329984291584,5.534484858973883,FORTRESS,True,True,0.8107329984291602,,,30480.82419728,0.006035912091053957,30.0
26,25,33,35,19,blockmachine,2026-09-18,9095651,0.009714277,0.009755415376275778,-0.004216978435979468,IN BAND,False,False,0.00136507,31679.233770921,2743005.013431289,1.0,3261100.302020636,1680089.251696384,-0.008205630128196056,16941.66644456284,ACCUMULATING_PRE_EMA,0.0,,,,0.113241500281896,-1.854577222576659,-0.05130657097108353,-0.5541408093955285,1.249129842210047,1.3004364131811306,0.9580733491670048,-1.1871949128992345,1,0.0,,0.0,0.0,0.0002288853284504455,0.011549098020529211,0.18887880390163989,5FWh37Lf...,1317556.515770648,,,,False,1956072,0.1371489621489621,100,5GNNB5kZ...,0.179995422293431,1.477049378400959,1.2111872517874287,0.00041202502670532583,,COUNTER,1013639.146969995,0.0,0.0,DIVERGENT,1.0,0.0,1295.967040512703,169479.50978264,0.06178607365016593,169479.50978264,0.06178607365016593,0.0,DORMITORY,True,True,0.6178607365016601,,,33167.585577401,0.012091697031173448,30.0
27,89,89,36,35,SN35,2026-09-18,9095651,0.00380041,0.003447341499850154,0.10241761663739815,IN BAND,False,True,0.0,522.061047765,33264.753557875,1.0,137369.631122161,6830.462635726,,7173.349269414277,,,,,,,33.37564192834692,1.2460810024216775,33.37564192834692,1.2460810024216775,,79.00253929215883,-1.8268896068413014,1,0.0,,0.0,0.0,0.0,0.015694120410563173,3.1295861263819353,5FjUeckL...,770444.334821829,,,,True,9046691,1.0,1,5E2LP6En...,0.0,1.0651148581585794,1.0651148581585794,0.2384105960264901,,COUNTER,0.0,0.0,0.0,DIVERGENT,1.0,0.0,1295.967040512703,0.0,0.0,0.0,0.0,0.0,NEITHER,False,,,,,6354.022524340999,0.19101366595985994,30.0
28,26,45,37,50,Synth,2026-09-18,9095651,0.004380914,0.004402281949296594,-0.004853834793568422,IN BAND,False,False,0.000344132,10638.769303931,3328601.102440419,1.0,2428435.537328234,1226682.977588466,-0.0056701551055483215,17724.746291775256,ACCUMULATING_PRE_EMA,0.0,,,,0.08500784913776015,-3.194362580479784,-0.0590549899884158,-1.9564174703233397,1.1788901201680286,1.2379451101564445,0.789520858499157,-1.1529372610186843,1,0.0,,0.0012797130038961768,0.0,0.0017090104524299932,0.0031961682930799398,-0.2704334545074521,5DxyiWpG...,2312043.440462774,,,,False,4763204,0.2613606835516561,220,5Ff9fYuf...,,18.946985636620223,18.946985636620223,0.0,,COUNTER,467621.614716916,0.0,0.0,DIVERGENT,0.9999978259751724,0.0,1295.967040512703,212500.00519846,0.06384063414587651,212500.00519846,0.06384063414587651,0.0,DORMITORY,True,True,0.6384063414587651,,,27105.980902964016,0.008143355141921577,30.0
29,27,61,38,32,ItsAI,2026-09-18,9095651,0.002849751,0.0028668821323662996,-0.005975527271558788,IN BAND,False,True,6.7623e-05,7027.197842826,3577704.320494783,1.0,2465898.601418804,305735.987339063,-0.0011755096356559623,18224.46418399131,ACCUMULATING_PRE_EMA,0.0,,,,0.025289346902538937,-1.8858091990247128,-0.07270224847063192,-0.7254436233289305,1.0876633272251504,1.1603655756957822,0.7345492429169097,-1.1350762287932432,1,0.0,,0.0,0.0,0.00831616693369952,0.001964163947973813,-0.3107594495189886,5DWgkCSv...,70434.065862889,,,,False,2515294,0.2363594399138329,197,5Cd5x6Y7...,,4.362735557780389,4.362735557780389,0.0,,COUNTER,17419.272873098,0.0,0.0,DIVERGENT,1.0,0.0,1295.967040512703,634410.218859858,0.17732326710892682,634410.218859858,0.17732326710892682,0.0,DORMITORY,True,True,1.7732326710892683,0,,11190.088220524996,0.0031277286265449264,30.0
30,28,58,39,40,Ralph,2026-09-18,9095651,0.003086644,0.003128976561129093,-0.013529203655593222,IN BAND,False,True,9.4949e-05,1603.454539457,430319.476180389,1.0,519481.398879404,80689.487499014,-1.8552276038102824e-06,8317.877222482348,ACCUMULATING_PRE_EMA,0.0,,,,0.15561774023509292,-7.345271244025072,-0.16460531114305085,-6.266406769543298,0.9142591633387224,1.0788644744817733,6.107090534982777,-0.9232467342466802,1,0.0,,0.0,0.0,3.0518043793392735e-05,0.0037261956016716178,0.2071996646427699,5HeKCDfd...,782653.657985584,,,,True,8409860,0.0,72,5G9hfkx9...,0.009994659342336155,0.9923614253389837,0.9824431109482454,0.009216730502189737,,COUNTER,22349.634720453,0.042920633,0.0,DIVERGENT,1.0,0.0,1295.967040512703,22427.898380107,0.05211918033360236,22427.898380107,0.05211918033360236,0.0,DORMITORY,False,True,0.5211918033360237,,,41734.85920535498,0.09698575480664468,30.0
31,30,85,40,65,True Performance Network,2026-09-18,9095651,0.002351851,0.002351851901039481,-3.8311914151989544e-07,IN BAND,False,True,1.23e-07,5876.932730242,3414317.507829095,1.0,2498853.592013054,301049.676065539,-0.00012719120635281114,13978.947972160764,ACCUMULATING_PRE_EMA,0.0,,,,5.50021609634265e-05,-3.0558395625210064,-4.661282888492061e-06,-2.3119657508908458,0.7438691503472722,0.7438738116301606,0.76969994558911,-0.7438188094691972,1,0.28218235465808356,MINER_BURN_ONLY,2031.9551708990475,2031.8200370011305,4.57770656900891e-05,0.001721261340448298,-0.2681248342483014,5GxEEHxL...,1552589.110355264,,,,False,4950813,0.912516022706464,0,5DAmVrUg...,0.179995422293431,0.8599481974889618,0.7051614585314613,0.4891724022158805,,COUNTER,1032414.657030915,0.0,0.0,DIVERGENT,-0.9047774136364478,1.5678022461106058,1295.967040512703,171794.150223016,0.05031580977137855,171794.150223016,0.05031580977137855,0.0,FORTRESS,True,True,0.5031580977137854,,,17998.72163835899,0.005271543023484952,30.0
32,29,50,41,54,Yanez,2026-09-18,9095651,0.005321563,0.0053711384534835815,-0.009229971245933633,IN BAND,False,False,0.000190748,9203.764243438,4164681.187757642,1.0,1729522.505024496,911756.729949487,-0.0018134332739084883,15559.630436955253,ACCUMULATING_PRE_EMA,0.0,,,,0.0544652960181375,12.249654561282881,-0.11229798349219253,13.0311380576663,0.6691855128912264,0.781483496383419,0.6310206907854511,-0.7270182003652814,1,0.11335491634003173,MINER_BURN_ONLY,848.6081352710025,845.4099663536301,0.001083390554665442,0.0022099564957080214,-0.584716652662381,5FUfruyV...,3651458.084820121,,,,False,4742549,0.30109678601979717,59,5DUB7kNL...,0.01998931868467231,0.32945893769427254,0.3228732779951881,0.8157541353842398,,COUNTER,596633.254260751,0.0,0.0,DIVERGENT,-0.7517729873731266,0.6523390949967168,1295.967040512703,644081.425659809,0.15465323673589454,644081.425659809,0.15465323673589454,0.0,FORTRESS,True,True,1.5465323673589453,0,,13456.339415559996,0.0032310611086187827,30.0
33,31,7,42,4,Targon,2026-09-18,9095651,0.056234166,0.056505122454836965,-0.004795254714358522,IN BAND,False,False,0.007642591,138272.394951879,3782477.615220348,1.0,2458868.064390738,2317452.521289508,-0.0046476622979413,13437.673538527451,ACCUMULATING_PRE_EMA,0.0,,,,0.1452548005333227,-1.5286404194072267,-0.058342265691362014,-0.8554020148676401,0.6148961388482246,0.6732384045395866,0.6947826973053761,-0.5279836040062639,1,0.013060146521454805,MINER_BURN_ONLY,106.94790182693396,106.81276792901649,4.5777065690200125e-05,0.03655603787197137,-0.3499318924375731,5CXGPMnq...,,,,,False,1411451,0.10674174449124085,238,5CdBXrFk...,0.0,0.2884619734059469,0.2884619734059469,0.02165387373914636,,COUNTER,560462.893039487,0.0,0.0,DIVERGENT,0.5144439567060735,0.08241935526906598,1295.967040512703,183019.057563734,0.04838602529391896,183019.057563734,0.04838602529391896,0.0,DORMITORY,True,True,0.4838602529391895,,,16470.298353931998,0.004354367700064372,30.0
34,32,78,43,74,Gittensor,2026-09-18,9095651,0.003328218,0.00334513490088284,-0.005057165520701575,IN BAND,False,True,2.661e-06,6051.43742893,3411325.802394275,1.0,1818221.307362092,353412.107912705,-0.0012658894502273344,11268.85376211349,ACCUMULATING_PRE_EMA,0.0,,,,0.0011556110564025948,-1.0434166205153497,-0.06152884716853583,-0.39232607841622325,0.5895616949305906,0.6510905420991264,0.7703749662830535,-0.6499349310427238,1,0.0,,0.0,0.0,9.15541313801782e-05,0.0017739253825250977,-0.4670044502718579,5D1VXeeS...,451.174799813,,,ENTRY_REPEATED,False,5086205,0.7588853789925072,55,5FCbecPr...,,13.988033545659981,13.988033545659981,0.0,,COUNTER,531791.422968235,163977.509310585,1781.9710884439992,OK,0.11872161607538578,0.0,1295.967040512703,378229.609193408,0.11087466606911117,378229.609193408,0.11087466606911117,0.0,DORMITORY,True,True,1.1087466606911118,0,,15803.842386881002,0.004632756676535823,30.0
35,90,90,44,71,Leadpoet,2026-09-18,9095651,0.004466986,0.00429897359572351,0.03908198097416182,IN BAND,False,True,0.0,5321.327648923,4549582.64165433,1.0,1191256.69855596,1413385.524628963,-0.0022417272015353455,-32204.889682964887,,0.0,,,,,0.8998044241834728,0.4754974351856355,0.8998044241834728,0.4754974351856355,,0.5776354024079009,3.173132382993849,1,0.38950217367402123,,2804.415650452953,2804.415650452953,0.0,0.0011696298469672476,-0.7381612910881639,5DwHzMhB...,2469712.255218374,0.07650819996736367,,,False,5048438,1.0,0,5FNVgRnr...,0.0,0.6793463142599373,0.6793463142599373,0.5571561551021654,,COUNTER,980832.114128729,0.0,0.0,DIVERGENT,-0.9308233784932219,2.163955997942267,1295.967040512703,63565.086413894,0.013971630239643325,63565.086413894,0.013971630239643325,0.0,FORTRESS,True,True,0.13971630239643326,,,16304.512087996005,0.0035837379760327464,30.0
36,91,91,45,27,Orion,2026-09-18,9095651,0.002433857,0.0023809666745364666,0.022213803338440447,IN BAND,False,True,0.0,6362.005266575,3476903.375352537,1.0,2613960.01412898,831346.142601148,-0.002571603639063033,-55645.90581435105,,0.0,,,,,2.1977768829321587,0.2702679406176921,2.1977768829321587,0.2702679406176921,,0.7558449908702272,6.697751134300046,1,0.3895021735758443,MINER_BURN_ONLY,2804.415649746079,2804.415649746079,0.0,0.0018297906440756155,-0.24819303513903432,5GLT9wjW...,71802.397539398,0.020224867987127058,,,False,1727132,1.0,203,5H6Bqkzj...,0.179995422293431,15.00626789064645,12.305208364621189,0.0,,COUNTER,1334565.402972284,0.0,0.0,DIVERGENT,-0.9308233784754534,2.1639559973968256,1295.967040512703,29259.979274079,0.008415528450258477,29259.979274079,0.008415528450258477,0.0,FORTRESS,True,True,0.08415528450258476,,,8754.754644020999,0.0025179746742698367,30.0
37,33,25,46,124,Swarm,2026-09-18,9095651,0.010994766,0.011075299931690097,-0.0072714899087891124,IN BAND,False,False,0.001876032,12892.775471826,3598840.719680702,1.0,1172628.424619308,304995.177498308,-7.80977163950547e-05,7553.552870573243,ACCUMULATING_PRE_EMA,0.0,,,,0.38240114448388324,-1.6845582795806633,-0.08846979389026753,-1.3360865012298042,0.2600019844605916,0.34847177835085913,0.7302351520111628,0.033929366133024115,1,0.0,,0.0,0.0,0.00021362630655374915,0.0035824801584911155,-0.6741649473493919,5HKYqfJr...,2303078.837089811,,,,False,5813454,0.04360434059309226,148,5EF2Fpn2...,,17.609750832517012,17.609750832517012,0.0,,COUNTER,897004.632666029,6243.286010635,0.0,DIVERGENT,1.0,0.0,1295.967040512703,1000000.110795789,0.27786728802060223,1000000.110795789,0.27786728802060223,0.0,DORMITORY,True,True,2.778672880206022,0,,22305.992658445997,0.006198104999885919,30.0
38,92,92,47,31,rec4ll,2026-09-18,9095651,0.00424013,0.004155537113547325,0.02035666729504025,IN BAND,False,True,0.0,1856.405669141,1827825.032216186,1.0,437818.094576618,54311.1540008,-3.4653599990985635e-05,-3504.742582844454,,0.0,,,,,-2.026744558629212,0.2476727854229897,-2.026744558629212,0.2476727854229897,,1.4377743786633803,2.1110359103664353,1,0.3895021735383327,SKIN_IN_GAME,2804.4156494759955,2804.4156494759955,0.0,0.0010156364183776174,-0.7604704529395048,5H3mfhC8...,914677.906050465,0.5384912968235651,BUYBACK_GAMING,,False,7173591,1.0,0,5CDZ527X...,0.179995422293431,1.7176522916428887,1.4084827420553474,0.45817626859977106,,COUNTER,769923.239201555,729.248648798,0.0,DIVERGENT,-0.9308233784687913,2.1639559971884226,1295.967040512703,428624.708876944,0.2344998571100915,428624.708876944,0.2344998571100915,0.0,FORTRESS,False,True,2.344998571100915,0,,20343.003013413,0.011129622723651884,30.0
39,34,40,48,111,Claims,2026-09-18,9095651,0.004906052,0.004889348056167364,0.003416394914157499,IN BAND,False,False,0.000501884,5895.146172945,3594700.995271635,1.0,1201606.735477636,210862.746612444,-0.0020882893709760026,5598.306186016183,ACCUMULATING_PRE_EMA,0.0,,,,0.22373510567950852,-6.541909853946808,0.04156613812224957,-6.349610783998393,0.23386520807066496,0.1922990699484154,0.7310761043705151,0.031436035731093125,1,0.0,,0.0,0.0,3.0518043793392735e-05,0.001639954527706005,-0.6657282622145047,5CGTryXj...,2728253.496587981,,,,False,5615562,0.0,145,5E2LP6En...,0.0,0.3360592926260832,0.3360592926260832,0.10176552271374727,,COUNTER,734491.272679149,0.371911999,0.0,DIVERGENT,1.0,0.0,1295.967040512703,1221.604957048,0.00033983492887304495,1221.604957048,0.00033983492887304495,0.0,NEITHER,True,True,0.0033983492887304494,,,12257.847788612005,0.00340997702026834,30.0
40,93,93,49,25,UR,2026-09-18,9095651,0.010684335,0.010510876774787903,0.016502736063671246,IN BAND,False,True,0.0,16711.003521762,4421173.688505556,1.0,1564065.825109092,726259.638688058,-0.00189072698649151,-31852.988539293176,,0.0,,,,,5.10288772318628,0.2007832887746668,5.10288772318628,0.2007832887746668,,0.5944122952763513,3.236530252074871,1,0.38950217354151795,MINER_BURN_ONLY,2804.4156494989293,2804.4156494989293,0.0,0.003779766346933691,-0.6462328870319313,5HTeZ516...,745958.186025216,0.022211614765650246,,,False,2998801,1.0,1,5CyQFykV...,0.179995422293431,1.667889981305658,1.3676774197815633,0.1547148503670243,,COUNTER,981768.467538346,0.0,0.0,DIVERGENT,-0.930823378469689,2.163955997206119,1295.967040512703,1158456.784435147,0.2620247169766199,1158456.784435147,0.2620247169766199,0.0,FORTRESS,True,True,2.620247169766199,0,,8322.22636817,0.0018823568026306327,30.0
41,94,94,50,10,Pareton,2026-09-18,9095651,0.007483229,0.007384784519672394,0.013330718054854432,IN BAND,False,True,0.0,17827.920199114,3584176.435925825,1.0,2382383.058509238,987321.292328449,0.0019830543029549486,-29122.382094554603,DISTRIBUTING_PRE_EMA,0.0,,,0.26499981531434474,,2.869812043474249,0.1621904030007289,2.869812043474249,0.1621904030007289,,0.7332228329103346,3.71699638500408,1,0.3423744631238838,SKIN_IN_GAME,2465.0961344919633,2465.0961344919633,0.0,0.004974063224236585,-0.33530522395658546,5HK5714c...,899829.444424481,0.51923167489888,BUYBACK_GAMING,,False,2869647,1.0,201,5GKbzKzG...,0.179995422293431,1.4945480170619898,1.225536215593107,0.24813820046392382,,COUNTER,824037.192897236,0.0,0.0,DIVERGENT,-0.9226432807981404,1.9021287250613534,1295.967040512703,60878.639422653,0.016985391347490265,19989.488691312,0.005577149743787246,40889.150731341004,FORTRESS,True,False,0.05668143902114647,,,20374.923788662003,0.005684687724754537,30.0
42,36,22,51,56,Gradients,2026-09-18,9095651,0.015939253,0.0159796888474375,-0.0025304527405729045,IN BAND,False,False,0.002232198,50912.814586019,2833767.941537931,1.0,3194178.112954871,2851084.287971992,-0.009019599530651996,8336.337472230196,ACCUMULATING_PRE_EMA,0.0,,,,0.11522082194235835,-0.5638874632636363,-0.03078717501030367,-0.4037081152629115,0.12939217299042108,0.16017934800072475,0.9273871587995107,-0.0449585260583664,1,0.0,,0.0,0.0,7.629510948348184e-05,0.01796647277983807,0.1271841145778958,5EJ1zbdw...,16566.878464305,,,,False,4312927,0.0,50,5G9hfkx9...,0.009994659342336155,0.4383120683096059,0.43393128850121665,0.026614170825130855,,COUNTER,841047.343861356,0.0,0.0,DIVERGENT,1.0,0.0,1295.967040512703,264724.185506575,0.09341773602072191,264724.185506575,0.09341773602072191,0.0,DORMITORY,True,True,0.9341773602072192,,,22588.492426963003,0.007971186382574385,30.0
43,35,38,52,77,Liquidity,2026-09-18,9095651,0.005416609,0.005435753148049116,-0.0035218943038255444,IN BAND,False,False,0.000725041,11987.097941539,3350788.052369123,1.0,2213026.132227752,409662.258154538,-0.006935415302332664,7968.24109803047,ACCUMULATING_PRE_EMA,0.0,,,,0.15895488276584221,-1.1600116980927608,-0.04284971402987745,-0.9960340966537132,0.12112788740917013,0.16397760143904758,0.7842931152096932,-0.00502271867320537,1,0.0,,0.0,0.0,0.00010681315327687457,0.003577396646458646,-0.33955051094538186,5GxxsUeY...,2789680.222105984,,,,False,5128460,0.1586039555609815,42,5E7F9Awq...,,1.911814022003893,1.911814022003893,0.0,,COUNTER,140886.89655137,14115.257752168,0.0,DIVERGENT,1.0,0.0,1295.967040512703,369577.913917543,0.11029581941365664,369577.913917543,0.11029581941365664,0.0,DORMITORY,True,True,1.1029581941365663,0,,13384.529851272999,0.003994442394471854,30.0
44,95,95,53,126,Attelier,2026-09-18,9095651,0.004888925,0.004845938645303249,0.008870594087775607,IN BAND,False,True,0.0,2595.035631393,1374800.310165154,1.0,530798.819776584,67713.907974935,-0.0001583244541660852,-10374.290120287798,,0.0,,,,,8.303280326677719,0.10792556140126988,8.303280326677719,0.10792556140126988,,1.9115503397611975,4.673434987055793,1,0.3895021735370877,SKIN_IN_GAME,2804.4156494670315,2804.4156494670315,0.0,0.0018875727712639662,-0.6139084213269856,5DqrUa2z...,575201.989524941,0.7148766699966698,BUYBACK_GAMING,,False,7525773,1.0,2,5G9hfkx9...,0.009994659342336155,0.8169490073714469,0.8087838803427096,0.022691204297137276,,COUNTER,439494.597943696,5493.154491675,0.0,DIVERGENT,-0.9308233784686532,2.163955997181506,1295.967040512703,171439.094523612,0.12470108804602838,1096.553699538,0.0007976094356614391,170342.540824074,EXPOSED,False,False,1.0876395867691022,0,,25717.638289157003,0.018706453656580538,30.0
45,96,96,54,95,Actual,2026-09-18,9095651,0.039487415,0.03924915730021894,0.006070390198663682,IN BAND,False,True,0.0,26399.861523088,2968266.673265129,1.0,668563.933091039,585806.244257223,-0.0011390409750780188,-4684.037385225063,,0.0,,,,,0.2651775951575978,0.07385641408374147,0.2651775951575978,0.07385641408374147,,0.885365194330457,1.4431771362742092,1,0.3895021735404023,,2804.4156494908966,2804.4156494908966,0.0,0.008894032925299071,-0.7747628472185614,5D5UhUuc...,473713.919405212,0.07097628505676207,,,False,5403674,1.0,0,5ExqqyEB...,0.179995422293431,2.2745500365165015,1.8651414421661747,0.0,,COUNTER,1084895.737358922,14658.86980412,0.0,DIVERGENT,-0.9308233784689928,2.163955997199921,1295.967040512703,9024.997700073,0.003040494232327648,9024.997700073,0.003040494232327648,0.0,EXPOSED,True,True,0.030404942323276483,,UNDEFENDED_BURNER,16735.834067384,0.005638251514974017,30.0
46,37,57,10,89,InfiniteQuant,2026-09-18,9095651,0.003164265,0.003179397201165557,-0.004759456025189183,IN BAND,False,False,0.000100992,6289.024852864,2894717.131892974,1.0,1987515.108150804,187375.086067235,0.00022740814707736934,7891.943912154529,,0.0,,0.07186760498168432,0.07186760498168432,0.042201610298794504,-2.0023314264459118,-0.05790671497313506,-1.8759609339815237,0.06846377749125303,0.12637049246438808,0.9078607270622824,-0.0841688821655936,1,0.0,,0.0,0.0,0.0012512397955291021,0.0021725870150052797,-0.3133991574645993,5Dc5NmEU...,112856.365443791,,,,False,5313364,0.18177929201106136,137,5FFQKsXc...,0.0,0.24223726360330983,0.24223726360330983,0.0010072645137659485,,COUNTER,601037.833009041,0.0,0.0,DIVERGENT,1.0,0.0,1295.967040512703,6094.632142656,0.0021054327124082313,6094.632142656,0.0021054327124082313,0.0,NEITHER,True,True,0.021054327124082315,,,12455.863293670996,0.004302963891164591,30.0
47,40,6,55,15,ORO,2026-09-18,9095651,0.027387885,0.02720147999934852,0.006852752153777805,IN BAND,False,False,0.008779272,14039.763399746,1568089.732383531,1.0,512627.02111675,580027.680285452,-0.0009198017926109515,1776.2255174726015,ACCUMULATING_PRE_EMA,0.0,,,,1.643327323907567,-6.597165192468336,0.08337515120429662,-6.625217999482192,0.055322344190440464,-0.02805280701385615,1.675924499553595,1.6713801309214231,1,0.0,,0.0,0.0,0.0004119935912108019,0.00895341835980601,-0.6730883615216725,5EHdase3...,451.174799813,0.02851976805640192,,,False,7366897,0.0,76,5DWsubqY...,0.0,0.6142282457409016,0.6142282457409016,0.02115061803754006,,COUNTER,372945.467614599,2797.563389807,0.0,DIVERGENT,1.0,0.0,1295.967040512703,1010.651574802,0.0006445113145826083,1010.651574802,0.0006445113145826083,0.0,NEITHER,False,True,0.0064451131458260836,,,27234.137404982008,0.0173677161724575,30.0
48,38,18,7,68,NOVA,2026-09-18,9095651,0.021911667,0.02196428715251386,-0.0023957141039216427,IN BAND,False,False,0.003167784,44622.050576043,3772019.887622498,1.0,2036451.686926801,1692346.135623414,0.0020257665134935203,6296.281953090569,,0.0,,0.09245150145324499,0.09245150145324499,0.18656552633799284,0.9245967333945301,-0.02914785493104665,0.9874116845498014,0.03366709622422472,0.06281495115527137,0.6967089459479036,0.12375057518272146,1,0.0,,0.0,0.0,0.0,0.011829749552081036,-0.46011640501468754,5EcdJLAe...,2511144.897316087,,,,False,4972413,0.0,39,5EvbeQ75...,,0.17018271413577668,0.17018271413577668,0.04001465067301529,,COUNTER,682309.357738917,6247.123951755,0.0,DIVERGENT,1.0,0.0,1295.967040512703,554462.705622842,0.1469935796049897,554462.705622842,0.1469935796049897,0.0,DORMITORY,True,True,1.469935796049897,0,,30147.293761666006,0.007992347511366868,30.0
49,97,97,56,122,CookingTAO,2026-09-18,9095651,0.004130211,0.0041209368500858545,0.0022504955187440463,IN BAND,False,True,0.0,1355.502411753,743259.792018869,1.0,328192.014420998,47256.430325188,0.0003625880589275153,-996.9459619276458,DISTRIBUTING_PRE_EMA,0.0,,,0.08778923375283135,,-4.319438312194439,0.027381028811385894,-4.319438312194439,0.027381028811385894,,3.5357758191947015,3.9726761096735834,1,0.3895021735387531,SKIN_IN_GAME,2804.4156494790222,2804.4156494790222,0.0,0.0018237262748616275,-0.5584423471678256,5F3uH1G4...,420156.762030309,1.0802859643640346,BUYBACK_JUSTIFIED,,True,8238082,1.0,0,5CfPqfaz...,0.179995422293431,3.378775941034105,2.7706117386927867,0.31753952267594454,,COUNTER,355542.043059291,4689.8056909,0.0,DIVERGENT,-0.9306824696505911,2.1639559971907585,1295.967040512703,123280.855078099,0.1658650937423093,123280.855078099,0.1658650937423093,0.0,FORTRESS,False,True,1.6586509374230987,0,,37461.04311793299,0.05040100853051657,30.0
50,39,83,57,127,Astrid,2026-09-18,9095651,0.00257542,0.00257381540723145,0.0006234296228244491,IN BAND,False,True,3.39e-07,3191.439491511,2974825.347382931,1.0,1239191.86669959,600812.060295953,-0.0011311304522673383,,,,,,,0.0002791505220041642,-3.128955863267843,0.007585060411030797,-3.128676712745839,0.007864210933034962,0.0002791505220041642,0.8834132068667336,,,,,,,3.051804379328171e-05,0.0010728157517948518,-0.583440467265591,5FU4uxAd...,1522930.382062171,,,,False,5848837,0.7061938260113225,85,5FRaa9oo...,0.179995422293431,0.9440766487935369,0.774147173716577,0.002456852482031405,,,1259293.011416994,203.185912805,,NO_ESTIMATE,,,,5535.674552263,0.0018608401858391274,5535.674552263,0.0018608401858391274,0.0,,True,True,0.01860840185839127,,,12636.827701116004,0.004247922558624529,30.0
51,98,98,58,115,MoirAI,2026-09-18,9095651,0.002450907,0.0024500987492501736,0.00032988496895228675,IN BAND,False,True,0.0,3442.173826352,1692715.706020437,1.0,1404448.831426469,160637.827397554,-0.0010310414951094963,1098.969765003072,ACCUMULATING_PRE_EMA,0.0,,,,,-3.7567117861972954,0.004013600455586156,-3.7567117861972954,0.004013600455586156,,1.5525347763083088,1.2782092880803257,1,0.389502173777356,MINER_BURN_ONLY,2804.415651196963,2804.415651196963,0.0,0.002033521526449664,-0.17029837262300684,5EkNnrTj...,95665.884310297,,,,False,5683635,1.0,0,5EhTo9AX...,0.179995422293431,11.914294324010326,9.769775885831859,0.057823492606101305,,COUNTER,966571.581660299,0.0,0.0,DIVERGENT,-0.9308233785112424,2.163955998516364,1295.967040512703,2942.008322496,0.0017380404234640448,2942.008322496,0.0017380404234640448,0.0,EXPOSED,True,True,0.01738040423464045,,UNDEFENDED_BURNER,18460.473353956,0.010905832141982335,30.0
52,99,99,59,73,Parked,2026-09-18,9095651,0.003261033,0.003260204102844,0.0002542470133317868,IN BAND,False,True,0.0,7018.940444007,3541723.140240761,1.0,2152366.769265032,580506.330273575,-0.0012004820451322843,-2810.5671063871123,,0.0,,,,,-1.4421945925803916,0.0030933386622034064,-1.4421945925803916,0.0030933386622034064,,0.7420116976792693,1.0144877550177225,1,0.38950217353639244,SKIN_IN_GAME,2804.4156494620256,2804.4156494620256,0.0,0.001981786877765342,-0.39228248295391616,5GHtVze5...,1491688.532239246,1.6240604947697828,BUYBACK_GAMING,,False,5160047,1.0,0,5Dnkprjf...,0.179995422293431,1.0914326362742857,0.8949797580032629,0.511040913183476,,COUNTER,1578031.077729495,0.0,0.0,DIVERGENT,-0.9308233784684466,2.163955997177643,1295.967040512703,997890.864412489,0.2817529278543929,929839.694376751,0.26253878622300836,68051.17003573803,FORTRESS,True,True,2.6253878622300837,0,,9306.596795151008,0.0026277030774682067,30.0
53,100,100,60,121,sundae_bar,2026-09-18,9095651,0.004023273,0.004023080226033926,4.791700767647523e-05,IN BAND,False,True,0.0,5897.034841929,2914983.663510682,1.0,1465730.752565556,552169.112508816,-0.0014768339828714987,-90.40523759112693,,0.0,,,,,-1.025293104690618,0.000582990260063782,-1.025293104690618,0.000582990260063782,,0.9015487918155084,0.8907337523239366,1,0.38950217353930283,MINER_BURN_ONLY,2804.4156494829804,2804.4156494829804,0.0,0.0020230078527530625,-0.49717360647585623,5CXGaDJs...,1834082.843249078,,,,False,5766528,1.0,0,5EL9y2gd...,0.179995422293431,1.0158844606587738,0.8330299081611634,0.7292579084708001,,COUNTER,1321635.434706971,0.0,0.0,DIVERGENT,-0.9308233784692956,2.1639559971938125,1295.967040512703,202885.709556554,0.06960097653247467,202885.709556554,0.06960097653247467,0.0,FORTRESS,True,True,0.6960097653247467,,,12046.68566139299,0.004132676903885107,30.0
54,101,101,61,29,hoτfloaτ,2026-09-18,9095651,0.002749437,0.0027494383975863457,-5.083170246421214e-07,IN BAND,False,True,0.0,8270.609573348,2991002.260278309,1.0,3008109.289806086,208608.194968899,-0.011022358310089313,169.1254260740243,ACCUMULATING_PRE_EMA,0.0,,,,,-0.5649778448526032,-6.184523799812477e-06,-0.5649778448526032,-6.184523799812477e-06,,0.8786352437445057,0.836259047646728,1,0.0,,0.0,0.0,0.0,0.0027651632642291717,0.00571981253950235,5HHHHHzg...,46085.204395174,,,,False,3379782,1.0,19,5GRRRRhL...,0.179995422293431,10.339943342684718,8.478800874228032,0.0,,COUNTER,610829.352749762,0.0,0.0,DIVERGENT,1.0,0.0,1295.967040512703,3165.974907187,0.0010584996705727697,3165.974907187,0.0010584996705727697,0.0,NEITHER,True,True,0.0105849967057277,,,9516.128235286007,0.003181585103316018,30.0
55,102,102,62,12,Compute Horde,2026-09-18,9095651,0.004765882,0.00476619740948081,-6.617633591567761e-05,IN BAND,False,True,0.0,12641.211389968,3580857.58646509,1.0,2652438.597701874,424747.415073218,-0.0016389071287063602,314.21400067722425,ACCUMULATING_PRE_EMA,0.0,,,,,-0.5964326391747808,-0.0008051454203074109,-0.5964326391747808,-0.0008051454203074109,,0.7339024064886867,0.6833969995914492,1,0.40922648902632647,MINER_BURN_ONLY,2946.6108995201066,2946.4307209895505,6.103608758678547e-05,0.0035302189726140456,-0.2592726860182343,5ELzhHvg...,1658016.605330754,,,,False,2256433,0.0,170,5HKxhdGD...,0.179995422293431,0.7437637323557358,0.6098896652638267,0.038074164504806954,,COUNTER,1630572.033702172,0.0,0.0,DIVERGENT,-0.9341616499037605,2.2735383145422436,1295.967040512703,3870.537061652,0.001080896675780081,3870.537061652,0.001080896675780081,0.0,EXPOSED,True,True,0.010808966757800811,,UNDEFENDED_BURNER,8497.176995783999,0.002372944690093678,30.0
56,103,103,63,52,Dojo,2026-09-18,9095651,0.006173112,0.006173912435770035,-0.00012964806002067309,IN BAND,False,True,0.0,17700.6097719,3108334.288251629,1.0,2867371.969009786,766163.101815703,-0.001055169699966047,617.6191278351471,ACCUMULATING_PRE_EMA,0.0,,,,,-1.2469960535582696,-0.0015773847302515225,-1.2469960535582696,-0.0015773847302515225,,0.845468909162339,0.751718372986501,1,0.38950217354082267,MINER_BURN_ONLY,2804.4156494939234,2804.4156494939234,0.0,0.005694564397015422,-0.07752128958369416,5Fv1ZvNP...,32065.244196655,,,,False,3989825,1.0,130,5E2LP6En...,0.0,0.39108273510138925,0.39108273510138925,0.7411567221120098,,COUNTER,1186239.069571635,0.0,0.0,DIVERGENT,-0.9308233784692335,2.1639559972022564,1295.967040512703,167638.354572778,0.053931893749777776,167638.354572778,0.053931893749777776,0.0,FORTRESS,True,True,0.5393189374977778,,,8362.335913254992,0.0026902949096760842,30.0
57,41,54,64,79,MVTRX,2026-09-18,9095651,0.003296496,0.0032911058515310287,0.001637792496544477,IN BAND,False,False,0.000115352,7200.206999406,2972885.429714918,1.0,2184199.920298729,488423.111385853,-0.0051205686723918425,5706.685437331907,ACCUMULATING_PRE_EMA,0.0,,,,0.04210226956322349,-1.3265289832355085,0.01992647537462447,-1.3557824652382682,-0.009327006628135126,-0.029253482002759595,0.8839896666492154,0.07135575156598309,1,0.0,,0.0,0.0,0.0019684138246738314,0.0024219591267923353,-0.26529286648843636,5Fxp7QBG...,3294351.945666664,,,,False,5173967,0.0,0,5EWwdZB7...,0.179995422293431,0.3270707064787074,0.26819947654626164,1.0,,COUNTER,444229.939659842,37317.847662374,0.0,DIVERGENT,1.0,0.0,1295.967040512703,1355085.827207694,0.4558150185214634,1355085.827207694,0.4558150185214634,0.0,DORMITORY,True,True,4.558150185214633,0,,12565.335127963004,0.004226646275153612,30.0
58,104,104,65,104,TAOstatus,2026-09-18,9095651,0.004293317,0.004298680927604437,-0.0012478078030849472,IN BAND,False,True,0.0,6016.308914264,3210457.69830032,1.0,1401319.318887769,76055.952962761,-0.0017383027949343672,1882.4966606581584,ACCUMULATING_PRE_EMA,0.0,,,,,0.05525807520527562,-0.015181661604200189,0.05525807520527562,-0.015181661604200189,,0.8185748721720629,0.264061668721428,1,0.0,,0.0,0.0,4.57770656900891e-05,0.0018739723365453944,-0.5635140995772279,5HBb3F1b...,1116074.906606851,,,,False,5528520,0.9882042360983947,25,5Coeuhim...,0.179995422293431,1.348124721747475,1.105468443152324,0.40823084200567644,,COUNTER,340321.172598343,200950.242052941,2802.669331832003,OK,0.06473854303552785,0.0,1295.967040512703,3017.92106809,0.0009400282924418369,3017.92106809,0.0009400282924418369,0.0,NEITHER,True,True,0.00940028292441837,,,8815.101803358995,0.0027457461308479114,30.0
59,105,105,66,37,Aurelius,2026-09-18,9095651,0.003123278,0.003131508594378829,-0.002628316075390325,IN BAND,False,True,0.0,7707.08356944,3591089.256618394,1.0,2467626.024446815,359494.497514071,-0.0011818962588911177,4285.87756162649,ACCUMULATING_PRE_EMA,0.0,,,,,-3.2617085077731094,-0.03197784558391562,-3.2617085077731094,-0.03197784558391562,,0.731811384291433,0.2766370043341435,1,0.38950217356788924,MINER_BURN_ONLY,2804.4156496888027,2804.4156496888027,0.0,0.00214616875791539,-0.3128473488701966,5GRBbS3a...,1400082.897498417,,,,False,3212175,1.0,9,5FeKsRjZ...,0.09999237048905166,0.7800249230003851,0.7020283819090366,0.04114271761689659,,COUNTER,1318358.453765652,0.0,0.0,DIVERGENT,-0.9307667983772873,2.16395599735263,1295.967040512703,45507.151093348,0.012672241718714764,45507.151093348,0.012672241718714764,0.0,FORTRESS,True,True,0.12672241718714763,,,8410.698231782006,0.00234210225108748,30.0
60,106,106,67,119,CapabilityForge Next,2026-09-18,9095651,0.00250533,0.002513129962608218,-0.003103684538511908,IN BAND,False,True,0.0,3232.30785083,1630365.759641742,1.0,1290172.377469788,72883.787381032,-0.0008647727937628405,2884.409004945075,ACCUMULATING_PRE_EMA,0.0,,,,,-5.103298243347038,-0.03776149521856154,-5.103298243347038,-0.03776149521856154,,1.6119082386626415,0.9250526279785634,1,0.3895021737243062,MINER_BURN_ONLY,2804.4156508150045,2804.4156508150045,0.0,0.0019825660786327295,-0.2086607039261377,5GbLENPL...,97934.069560425,,,,False,5740660,1.0,0,5HMwvi1d...,0.179995422293431,11.64061285608494,9.54535582929959,0.058020113232309364,,COUNTER,885614.89444565,0.0,0.0,DIVERGENT,-0.9308233785019866,2.163955998221635,1295.967040512703,20722.542632217,0.0127103642294172,20722.542632217,0.0127103642294172,0.0,FORTRESS,True,True,0.127103642294172,,,17770.634403864995,0.010899783866762467,30.0
61,107,107,68,24,Quasar,2026-09-18,9095651,0.00514511,0.005166440736502409,-0.004128710187596172,IN BAND,False,True,0.0,9824.20467551,4037144.626094869,1.0,1909425.349359509,1590027.281536951,-0.003987432863262727,-12085.02232431597,,0.0,,,,,12.878393394106132,-0.05023264061575342,12.878393394106132,-0.05023264061575342,,0.6509551287841935,1.7342244328052026,1,0.38950217353666733,,2804.4156494640047,2804.4156494640047,0.0,0.002433453736586335,-0.5270356247803575,5ELutYW7...,323958.794935245,0.05765619449327196,,,False,2538424,1.0,155,5ELpkVn8...,0.179995422293431,3.3259971006626783,2.727332847982172,0.0,,COUNTER,690688.389806261,0.0,0.0,DIVERGENT,-0.9308233784684954,2.1639559971791704,1295.967040512703,700000.000065042,0.17338987450200719,0.0,0.0,700000.000065042,EXPOSED,True,False,0.9922388233745998,3279,TAKEOVER_IMMINENT,8474.586792945001,0.002099153629069383,30.0
62,108,108,69,42,Unknown,2026-09-18,9095651,0.002387631,0.0023987579625099897,-0.004638634945205953,IN BAND,False,True,0.0,7224.902008766,2665287.011077159,1.0,3025970.251494418,368913.261206116,-0.0007519273179352004,6245.682171430904,ACCUMULATING_PRE_EMA,0.0,,,,,-2.0808104662058615,-0.05643672516667243,-2.0808104662058615,-0.05643672516667243,,0.9860101328966857,0.10412874954940506,1,0.3895021735469345,MINER_BURN_ONLY,2804.4156495379284,2804.4156495379284,0.0,0.002710740711502624,0.1353264853332127,5EC5HHfL...,111484.097780214,,,,False,3613591,1.0,11,5Gbdb5s2...,0.179995422293431,9.664930103552672,7.925286928127215,0.0,,COUNTER,539719.565903059,0.0,0.0,DIVERGENT,-0.9308233784703189,2.163955997236212,1295.967040512703,5444.016612431,0.0020425629922050438,5444.016612431,0.0020425629922050438,0.0,EXPOSED,True,True,0.02042562992205044,,UNDEFENDED_BURNER,9191.850061394996,0.003448728044369288,30.0
63,109,109,70,57,SN57,2026-09-18,9095651,0.002716913,0.002731160493567586,-0.005216644573301902,IN BAND,False,True,0.0,1329.81188106,954560.691696719,1.0,489456.768937741,34645.661332723,-0.00013780237056893412,2720.5016180810635,ACCUMULATING_PRE_EMA,0.0,,,,,-24.035186611397247,-0.0634691756418398,-24.035186611397247,-0.0634691756418398,,2.753098910168577,1.64605713099892,1,0.3895021737140309,MINER_BURN_ONLY,2804.4156507410225,2804.4156507410225,0.0,0.0013931140184457803,-0.48724378791452644,5HdpnCSY...,791882.165455267,,,,False,8057320,1.0,0,5Ejcqsbx...,0.179995422293431,2.113709288941238,1.7332512928727122,0.553480138564605,,COUNTER,426673.328901384,6427.093693354,0.0,DIVERGENT,-0.9308233784999956,2.163955998164549,1295.967040512703,1254.306998862,0.0013140149283043343,1254.306998862,0.0013140149283043343,0.0,EXPOSED,False,True,0.013140149283043343,,,30656.488476609993,0.032115808605232304,30.0
64,110,110,71,113,TensorUSD,2026-09-18,9095651,0.002111303,0.0021247852127999067,-0.006345212080114484,IN BAND,False,True,0.0,1671.224090598,1598348.301694699,1.0,791560.193092688,67397.082095432,-0.0004889739469761811,5338.375503735151,ACCUMULATING_PRE_EMA,0.0,,,,,-4.831619396496624,-0.07720008030805955,-4.831619396496624,-0.07720008030805955,,1.6441973237082181,0.3812552464732415,1,0.38746137394264224,MINER_BURN_ONLY,2789.721892387024,2789.721892387024,0.0,0.0010455944357221966,-0.5047634395810566,5GndoVhM...,598653.977884813,,,,False,7119664,1.0,0,5FRumLA6...,0.179995422293431,2.3708159039881758,1.9440798941698416,0.3430765003968496,,COUNTER,791153.052941208,0.0,0.0,DIVERGENT,-0.9304590179654059,2.152617933310534,1295.967040512703,61341.182239201,0.0383778568001493,61341.182239201,0.0383778568001493,0.0,FORTRESS,False,True,0.3837785680014976,,,19480.959222461996,0.012188181513257589,30.0
65,43,41,72,41,Almanac,2026-09-18,9095651,0.005150916,0.005150123033672571,0.00015397036580377103,IN BAND,False,False,0.000501569,12720.003004488,3286303.456185811,1.0,2469464.156292187,1590931.28400931,-0.002647854639532984,5989.467323788907,ACCUMULATING_PRE_EMA,0.0,,,,0.10362602363654523,4.1353640338610935,0.001873306117279214,4.0506891219355685,-0.08280160580824569,-0.08467491192552491,0.7996826936518336,0.18830093556207014,1,0.008646062988653993,MINER_BURN_ONLY,70.52058513194788,68.31339813263455,0.000747692072938122,0.003870611212286294,-0.24855866174360175,5FCSevLk...,2988.436632301,,,,False,3394182,0.050835293039733775,210,5FCSevLk...,0.179995422293431,18.317463248284273,15.020403715564942,0.0,,COUNTER,1036328.835307792,0.0,0.0,DIVERGENT,0.6748544818673323,0.05271229591271765,1295.967040512703,271111.945633162,0.08249753841899408,271111.945633162,0.08249753841899408,0.0,DORMITORY,True,True,0.8249753841899409,,,9358.411901832002,0.0028477016887216112,30.0
66,111,111,73,72,StreetVision by NATIX,2026-09-18,9095651,0.00222848,0.002244830597192049,-0.007283666398926081,IN BAND,False,True,0.0,6331.096912894,2562928.792152777,1.0,2840992.370666579,240671.784380274,-0.000693472829379333,17096.448817365803,ACCUMULATING_PRE_EMA,0.0,,,,,-2.0403817616797046,-0.08861794118693397,-2.0403817616797046,-0.08861794118693397,,1.025389393590044,-1.431391964428823,1,0.38950217354000616,MINER_BURN_ONLY,2804.4156494880444,2804.4156494880444,0.0,0.002470258608931575,0.10849485251452767,5FjP8fFb...,234.644531338,,,,False,5064327,1.0,29,5H9ABR2Z...,0.0899977111467155,0.5930949191475293,0.5397177339315054,0.012879400589034197,,COUNTER,492350.733795972,0.0,0.0,DIVERGENT,-0.9308233784690885,2.16395599719772,1295.967040512703,384783.921874493,0.1501344567405195,378795.628336233,0.14779795267665513,5988.293538259983,FORTRESS,True,True,1.477979526766553,0,,8940.670399855,0.003488458371231269,30.0
67,42,68,74,7,Allways,2026-09-18,9095651,0.002570066,0.002582104643806815,-0.004662337692505869,IN BAND,False,True,3.1512e-05,5705.93523688,3068655.024151264,1.0,2220151.128401637,327909.573954753,-0.001063203871299582,6378.326256489381,ACCUMULATING_PRE_EMA,0.0,,,,0.014513577978372282,-8.454984203982967,-0.05672510859215474,-8.493382705284434,-0.09512360989362093,-0.03839850130146619,0.8564012504881868,0.052912079279838466,1,0.0,,0.0,0.0,3.0518043793392735e-05,0.0018594254459926335,-0.27650673329298414,5CAc19iE...,234.927093698,,,,False,2627691,1.0,189,5EvkLKgQ...,,2.06384353895259,2.06384353895259,0.0,,COUNTER,36084.978602376,222279.947464261,270.68195403998834,DIVERGENT,0.41826328932449497,0.0,1295.967040512703,3211.260531444,0.0010464716646773216,3211.260531444,0.0010464716646773216,0.0,NEITHER,True,True,0.010464716646773217,,,10655.653043362,0.003472418033144395,30.0
68,112,112,75,117,glyph,2026-09-18,9095651,0.002725006,0.002748234895989299,-0.008452296426043707,IN BAND,False,True,0.0,2984.563788506,1856783.574785081,1.0,1095250.426442249,232715.537949075,-0.0007537834211656891,8403.405324036488,ACCUMULATING_PRE_EMA,0.0,,,,,-5.0974805018421065,-0.10283627318353177,-5.0974805018421065,-0.10283627318353177,,1.4153507364498235,-0.8241202423444646,1,0.0,,0.0,0.0,0.0,0.001607383773228098,-0.4101356939294452,5HdThE9W...,1972699.223137452,,,,False,5710859,1.0,0,5DwRMxJG...,0.179995422293431,1.0375465888453066,0.8507929524369868,0.8995925716814429,,COUNTER,289424.602021989,158461.413382992,2804.4156494709896,OK,0.06470083626816518,0.0,1295.967040512703,184995.455974437,0.099632212653459,154144.143623114,0.08301675311887434,30851.312351322995,DORMITORY,True,True,0.8301675311887433,,,18679.002302508998,0.010059870496576886,30.0
69,113,113,76,30,Endure Network,2026-09-18,9095651,0.003537542,0.003577302908524871,-0.011114772649002971,IN BAND,False,True,0.0,8673.1803443,3502688.306566999,1.0,2451752.866780636,415536.369593079,-0.0016359655505931488,34507.82005273923,ACCUMULATING_PRE_EMA,0.0,,,,,-2.62479697333026,-0.13522973389620283,-2.62479697333026,-0.13522973389620283,,0.7502808614380293,-2.8434807015714556,1,0.3895021735404185,MINER_BURN_ONLY,2804.415649491013,2804.415649491013,0.0,0.0024761496271418523,-0.3000366844713498,5HTogQKF...,1400.590391251,,,ENTRY_PRE_EMA_PATTERN,False,3250216,1.0,80,5GP7c3fF...,0.0009918364232852674,0.35586285401416173,0.35550989627385626,0.02540898547185936,,COUNTER,819311.108199693,18187.150616168,0.0,DIVERGENT,-0.9308233784691616,2.1639559972000106,1295.967040512703,4962.596266974,0.0014167964239552517,4962.596266974,0.0014167964239552517,0.0,EXPOSED,True,True,0.014167964239552517,,UNDEFENDED_BURNER,8744.624422852998,0.002496546554387434,30.0
70,114,114,77,108,Prometheon,2026-09-18,9095651,0.00214603,0.0021710898727178574,-0.011542531257117536,IN BAND,False,True,0.0,1633.161730635,1669901.97844869,1.0,761015.072941914,58298.470380387,0.0005111478403079943,9445.789961389033,,0.0,,,0.2381829891977252,,-5.870511549523282,-0.14043413029493002,-5.870511549523282,-0.14043413029493002,,1.573745066426813,-0.5325033921602584,1,0.38950217354027294,MINER_BURN_ONLY,2804.4156494899653,2804.4156494899653,0.0,0.0009779985602221867,-0.5442754480495675,5GpmtjiG...,1401963.829995374,,,,False,7105263,1.0,0,5CAxp9fh...,0.179995422293431,1.2917076866229678,1.0592062160895959,0.6807312569623537,,COUNTER,500360.226482971,0.238163524,0.0,DIVERGENT,-0.9308233784691358,2.1639559971992024,1295.967040512703,465461.411491652,0.27873576862520855,465461.411491652,0.27873576862520855,0.0,FORTRESS,False,True,2.78735768625209,0,,19339.38393487999,0.011581149183885597,30.0
71,115,115,78,39,deprecated,2026-09-18,9095651,0.007613331,0.007721131667494774,-0.013961770390291915,IN BAND,False,True,0.0,18419.011574547,3656160.064352766,1.0,2419310.297044589,1105451.135790504,-0.008167090216750057,2326.252189341001,ACCUMULATING_PRE_EMA,0.0,,,,,-0.19864573275549086,-0.1698682064152183,-0.19864573275549086,-0.1698682064152183,,0.7187869113343164,0.46778873716895614,1,0.3895021735401436,MINER_BURN_ONLY,2804.415649489034,2804.415649489034,0.0,0.005037802298135335,-0.33829196469517286,5DkwfxC9...,629598.05555117,,,,False,3280104,1.0,136,5GP7c3fF...,0.0009918364232852674,2.085782218048592,2.083713463273691,0.21877002899435374,,COUNTER,1562813.802133772,0.0,0.0,DIVERGENT,-0.930823378469445,2.1639559971984834,1295.967040512703,463706.411888228,0.12682880501029592,462131.467479249,0.12639804038805344,1574.9444089789758,FORTRESS,True,True,1.2639804038805362,0,,8889.926826681003,0.002431492787571582,30.0
72,116,116,79,46,Instant,2026-09-18,9095651,0.003818375,0.0038744632620364428,-0.01447639537223596,IN BAND,False,True,0.0,8795.093051073,3488023.110015691,1.0,2303360.170573812,1462866.906255987,-0.006844200137852545,34866.10589724127,ACCUMULATING_PRE_EMA,0.0,,,,,0.9402488734892654,-0.17612947702887083,0.9402488734892654,-0.17612947702887083,,0.7534353750277125,-2.894967668669525,1,0.3895021736612479,MINER_BURN_ONLY,2804.4156503609847,2804.4156503609847,0.0,0.0025215122645885894,-0.3396373419089038,5Ft9E2ov...,682796.256805168,,,,False,3919107,1.0,238,5CDnZ6oe...,0.179995422293431,1.9101108654442298,1.5662996535913247,0.21043796734320158,,COUNTER,1029531.743256753,28041.129768459,0.0,DIVERGENT,-0.921604698887619,2.163955997871302,1295.967040512703,167331.156771997,0.04797306425278938,167331.156771997,0.04797306425278938,0.0,FORTRESS,True,True,0.4797306425278943,,,9427.609436830004,0.0027028517700353177,30.0
73,47,13,80,53,engy,2026-09-18,9095651,0.027729614,0.02719894633628428,0.019510596372176076,IN BAND,False,False,0.003879681,33801.868494116,4793972.674225682,1.0,1218980.886171336,1549150.789408451,-0.0011223092088040443,-1659.5491383336484,,0.0,,,,0.30163426231229834,7.707318511541015,0.23737892252814224,7.272826623787132,-0.19711296522573984,-0.4344918877538821,0.548188356210118,0.7361261500661804,1,0.0,,0.0,0.0,0.0004882887006942838,0.007050909713325733,-0.7457263662838678,5H8SFVCx...,1854536.217346414,0.0,,,False,4203869,0.49255759278201006,182,5CFLNbkc...,,1.0408858578891107,1.0408858578891107,0.0,,COUNTER,529354.821141889,0.0,0.0,DIVERGENT,1.0,0.0,1295.967040512703,135416.248478526,0.028247188225869118,121283.269176903,0.02529911566433627,14132.979301622981,DORMITORY,True,True,0.25299115664336275,,,26609.439952702993,0.005550603176310537,30.0
74,44,15,1,9,iota,2026-09-18,9095651,0.027318992,0.027436401462182403,-0.00427933168802171,IN BAND,False,False,0.003787243,55942.795679506,4051663.461370713,1.0,2047762.036456546,1110368.172077121,0.01301328860220348,4254.454786502058,,0.0,,0.4763458550082477,0.4763458550082477,0.17791164140275745,0.7317990820432682,-0.05206520220426413,0.574014650776677,-0.20984963347085528,-0.15778443126659114,0.6486224793978631,0.3356960726693486,1,0.10784110278287097,MINER_BURN_ONLY,884.1414334650617,884.0963888324227,1.5259021896696368e-05,0.013807364854676273,-0.4945873239145766,5Fsbubec...,31984.315412377,,,ENTRY_REPEATED,False,1489797,0.32000183111056857,209,5Fsbubec...,0.179995422293431,10.780143921460148,8.839767363932966,0.0,,COUNTER,1195257.931302258,46681.104420658,0.0,DIVERGENT,-0.7502984231791023,0.6821904887972008,1295.967040512703,566487.003304132,0.1398159073933758,566487.003304132,0.1398159073933758,0.0,FORTRESS,True,True,1.3981590739337577,0,,14098.136500465997,0.003479592181058511,30.0
75,117,117,81,94,pending...,2026-09-18,9095651,0.003718016,0.0037847182247787714,-0.017624092684646334,IN BAND,False,True,0.0,2086.490942244,1878182.27778357,1.0,561183.872582102,116020.49336689,-7.290167659344193e-05,5275.790727323969,ACCUMULATING_PRE_EMA,0.0,,,,,-5.236201045555564,-0.21442646099653037,-5.236201045555564,-0.21442646099653037,,1.399225214232819,0.3365476034614674,1,0.3895021735422294,MINER_BURN_ONLY,2804.4156495040515,2804.4156495040515,0.0,0.0011109097167641543,-0.7012090005088321,5CnwnkkC...,770455.16741113,,,,False,6962737,1.0,0,5EeKtCKE...,0.179995422293431,1.9291842476346899,1.581939914299849,0.3794866316689049,,COUNTER,789273.768786704,0.075116968,0.0,DIVERGENT,-0.9308233784694833,2.1639559972100715,1295.967040512703,273.723032556,0.0001457382682148501,273.723032556,0.0001457382682148501,0.0,EXPOSED,False,True,0.0014573826821485008,,,20044.768434841008,0.010672429759317982,30.0
76,45,5,82,120,Affine,2026-09-18,9095651,0.048797715,0.0489597509149462,-0.0033095739238480164,IN BAND,False,False,0.009132482,78223.42160415,2660610.640531607,1.0,1603014.089624059,1497971.467006735,-0.0050901304439632976,4330.465435291873,ACCUMULATING_PRE_EMA,0.0,,,,0.3068155573333642,-2.3025785526511293,-0.040266482740150863,-2.5024345684170504,-0.24012249850607215,-0.19985601576592127,0.9877431744296523,0.5066715730992855,1,0.0,,0.0,0.0,0.0,0.029400552043391235,-0.39750145998862374,5EfNFhH2...,3076040.552012857,,,,False,5749344,0.0,116,5E2LP6En...,0.0,0.29136881052646446,0.29136881052646446,0.010849330118717002,,COUNTER,181441.01409672,0.0,0.0,DIVERGENT,1.0,0.0,1295.967040512703,54349.556528737,0.020427474693507808,54349.556528737,0.020427474693507808,0.0,DORMITORY,True,True,0.2042747469350781,,,21239.941417348004,0.007983107747439561,30.0
77,118,118,83,100,Cortex,2026-09-18,9095651,0.004248845,0.004353771917521954,-0.02410023297262546,IN BAND,False,True,0.0,2610.150984413,1953111.448237983,1.0,614320.070432418,397716.674413593,-0.001453934361040321,8234.356895484845,ACCUMULATING_PRE_EMA,0.0,,,,,-7.207004880700942,-0.29321950116694306,-7.207004880700942,-0.29321950116694306,,1.345545336069211,-0.22941400965425882,1,0.38950217353264127,MINER_BURN_ONLY,2804.4156494350173,2804.4156494350173,0.0,0.0013364065766793651,-0.6854659144592554,5FX6kmhY...,1217866.637126909,,,,False,6693448,1.0,0,5ExuWpCM...,0.179995422293431,1.3837991893934962,1.1347216699293063,0.5641060855765122,,COUNTER,741109.336826599,1077.059572996,0.0,DIVERGENT,-0.9308233784677804,2.163955997156803,1295.967040512703,338221.544643024,0.17317063240203398,338221.544643024,0.17317063240203398,0.0,FORTRESS,False,True,1.731706324020344,0,,26575.321331916002,0.013606658931773282,30.0
78,119,119,84,109,Finsight,2026-09-18,9095651,0.002430091,0.0024912895169109106,-0.024564995957111386,IN BAND,False,True,0.0,1289.334809261,1613300.539704635,1.0,530570.39749962,68725.693328133,-0.000708007104294364,10332.294296949112,ACCUMULATING_PRE_EMA,0.0,,,,,-5.29738800670975,-0.29887411747818854,-5.29738800670975,-0.29887411747818854,,1.6289587310750775,-0.7509994070055291,1,0.3895021735398687,MINER_BURN_ONLY,2804.415649487055,2804.415649487055,0.0,0.0007991907134036247,-0.6711272485665661,5FqZqKFx...,703089.822579289,,,ENTRY_PRE_EMA_PATTERN,False,7257480,1.0,0,5DyQkk4x...,0.179995422293431,2.137980283029885,1.7531536191308918,0.39511674042423317,,COUNTER,735996.84149867,1308.746301495,0.0,DIVERGENT,-0.930823378468898,2.1639559971969566,1295.967040512703,207255.935909724,0.12846703438633242,207255.935909724,0.12846703438633242,0.0,FORTRESS,False,True,1.2846703438633271,0,,21675.311929459996,0.013435383796145223,30.0
79,120,120,85,87,Provenonce,2026-09-18,9095651,0.00422255,0.004342624684795737,-0.02765025612647088,IN BAND,False,True,0.0,1700.883458711,1806338.871194978,1.0,402809.502358349,102455.664369827,-0.0004810604927689679,-847.2682361742482,,0.0,,,,,0.8132252325131831,-0.33641144953872903,0.8132252325131831,-0.33641144953872903,,1.4548765139851387,1.5937992731989323,1,0.3895021735413886,,2804.415649497998,2804.415649497998,0.0,0.0009416192530838833,-0.7770022254126339,5HartH15...,4465.009893808,0.06194636805228013,,,False,7208725,1.0,1,5E2LP6En...,0.0,0.5606179280098517,0.5606179280098517,0.3708931650669149,,COUNTER,756479.911106354,811.040088965,0.0,DIVERGENT,-0.930823378469168,2.1639559972054005,1295.967040512703,167911.837260107,0.09295699712702601,167911.837260107,0.09295699712702601,0.0,FORTRESS,False,True,0.9295699712702645,,,23470.547336559,0.012993435346398836,30.0
80,48,10,86,114,SOMA,2026-09-18,9095651,0.017841731,0.01770664262585342,0.00762924835616991,IN BAND,False,False,0.005504508,7712.017984276,1767924.286146256,1.0,432246.229767636,230771.12119901,-0.00033109223172571404,-2061.7439056815347,,0.0,,,,1.8757537979675818,21.358757538260758,0.09282252166673391,20.900848495272047,-0.36508652132197594,-0.4579090429887098,1.4864889976304065,2.3336628409562916,1,0.0,,0.0,0.0,0.00035095750362390543,0.004362187931184969,-0.7555064622830056,5FHrQMjz...,1108856.220368477,0.018735166638701513,,,False,7312241,0.09993588960801081,74,5DUtdSu5...,,0.5149614890916079,0.5149614890916079,0.010819141793322346,,COUNTER,373811.447473431,13816.272943106,0.0,DIVERGENT,1.0,0.0,1295.967040512703,146039.760277138,0.08260521189822974,146039.760277138,0.08260521189822974,0.0,DORMITORY,False,True,0.8260521189822972,,,35400.934023121,0.020024010247796535,30.0
81,121,121,87,36,Epago,2026-09-18,9095651,0.021779984,0.022471372270956635,-0.030767514445489776,IN BAND,False,True,0.0,1021.763121856,111681.825856507,1.0,46912.941445416,13971.520871109,,582.4163149755987,,,,,,,-29.21681862999688,-0.3743380924201256,-29.21681862999688,-0.3743380924201256,,23.53113391409407,22.10697644805385,1,0.38971145623699466,MINER_BURN_ONLY,2805.9675295390007,2805.9224849063617,1.5259021896696368e-05,0.009148875513271064,-0.5799411279057384,5DCjvVt6...,593683.696700327,,,,True,8884359,0.9505294961394085,0,5EFY7fKV...,0.179995422293431,2.745053648234033,2.250956557602025,0.5619764088321915,,COUNTER,25846.781178654,0.0,0.0,DIVERGENT,-0.9145974022620502,2.1651187084173826,1295.967040512703,60142.320637436,0.538514840496153,60142.320637436,0.538514840496153,0.0,FORTRESS,False,True,5.385148404961536,0,,7702.426719419999,0.06896759307388443,30.0
82,122,122,88,58,SN58,2026-09-18,9095651,0.006230289,0.006435542367398739,-0.031893717060820594,IN BAND,False,True,0.0,991.743640024,539547.648955986,1.0,159180.984966122,23751.587175606,,8063.74410937709,,,,,,,-12.743209184156115,-0.38804022423998386,-12.743209184156115,-0.38804022423998386,,4.870746828542628,-0.09150692471352481,1,0.1640009151826396,MINER_BURN_ONLY,1180.806589315005,1180.806589315005,0.0,0.0018381020507512251,-0.7049732282481237,5DCsuLti...,636150.799018261,,,,True,8511017,1.0,0,5DsnuvVc...,0.179995422293431,2.539709948633771,2.082573783926607,0.49946590978453276,,COUNTER,80112.680356658,0.045668707,0.0,DIVERGENT,-1.0,0.9111393672850362,1295.967040512703,213417.539421567,0.39554901190752234,213417.539421567,0.39554901190752234,0.0,FORTRESS,False,True,3.9554901190752236,0,,44775.11465383099,0.0829863956232039,30.0
83,46,39,89,102,ConnitoAI,2026-09-18,9095651,0.006692052,0.006761603057384491,-0.010286178705585557,IN BAND,False,False,0.000570449,3662.331708082,995845.882904478,1.0,547265.875579883,230895.037989446,-9.995717380745074e-05,5076.372258882504,ACCUMULATING_PRE_EMA,0.0,,,,0.4093403032531738,-5.052212684774364,-0.12514850758462426,-5.342309022645377,-0.41524484545563706,-0.2900963378710128,2.63896255948279,0.6994366411241866,1,0.0897373542703461,MINER_BURN_ONLY,701.2751851239882,701.1850958587102,3.0518043793392735e-05,0.0036776089261929424,-0.4504512328665494,5HBc11rC...,804832.489582973,,,,False,7840965,0.25008774205362183,0,5EEinUEy...,0.179995422293431,1.0031305569965652,0.8225716487745237,0.499221754257462,,COUNTER,147203.376683004,7309.092357836,0.0,OK,0.15784934908040588,0.5410516424717957,1295.967040512703,2002.340459168,0.0020106931138059096,2002.340459168,0.0020106931138059096,0.0,EXPOSED,False,True,0.020106931138059097,,,30904.249397331987,0.031033164797746458,30.0
84,49,14,90,8,Vanta,2026-09-18,9095651,0.027654304,0.02764850715175271,0.00020966225103850715,IN BAND,False,False,0.003849994,79085.965302604,3209699.462171333,1.0,2859806.695820124,1405464.682097498,-0.008329727580013033,2674.5069656679407,ACCUMULATING_PRE_EMA,0.0,,,,0.12793400438733546,0.31156491636985567,0.0025508907209685033,-0.16500061410845562,-0.4740146397573428,-0.4765655304783113,0.8187682463647801,0.6044995348656468,1,0.055356583107579946,MINER_BURN_ONLY,458.3797181720147,454.0554334386661,0.0014648661020828513,0.024639679270501872,-0.10901105048596156,5F6tnxzA...,21126.853672529,,,,False,1477264,0.9379880499396385,114,5G9hfkx9...,0.009994659342336155,0.45830369262828285,0.45372310334512844,0.013261101785441784,,COUNTER,791593.194340675,0.0,0.0,DIVERGENT,-0.5180055769738747,0.3503603249501124,1295.967040512703,607572.427471676,0.18929262213872783,607571.159893335,0.18929222721753472,1.2675783410668373,FORTRESS,True,True,1.8929222721753474,0,,17297.092366420988,0.005389006843251194,30.0
85,51,26,91,5,Hone,2026-09-18,9095651,0.012923816,0.012924207840114832,-3.031830806807991e-05,IN BAND,False,False,0.001868216,33643.604482225,3205929.570781656,1.0,2603225.220499127,976650.104235661,-0.015845505017582865,1559.054286570754,ACCUMULATING_PRE_EMA,0.0,,,,0.1459317966537723,0.4843408132784215,-0.0003688727481616389,-0.07781046782608791,-0.5625201538526711,-0.5621512811045094,0.8197310458567723,0.7080830777582817,1,0.0,,0.0,0.0,0.0018616006713969568,0.010494180779530399,-0.18799673567540737,5GurNtB3...,234.586770589,,,,False,2491604,0.0,1,5E2LP6En...,0.0,0.4602972764564105,0.4602972764564105,0.07331105312151873,,COUNTER,1488567.694632255,0.0,0.0,DIVERGENT,1.0,0.0,1295.967040512703,6649.821324041,0.0020742256425862996,6649.821324041,0.0020742256425862996,0.0,NEITHER,True,True,0.020742256425862995,,,17339.851340891986,0.005408681306952185,30.0
86,50,76,92,22,Desearch,2026-09-18,9095651,0.003083999,0.0030875185038894415,-0.001139913456391544,IN BAND,False,True,4.894e-06,7621.466046832,3606884.916645859,1.0,2471292.698884647,270066.610164508,-0.0015173520545156394,1457.4589944328181,ACCUMULATING_PRE_EMA,0.0,,,,0.001687527297369,-4.019042058482046,-0.013868947052763784,-4.580902928429414,-0.5757298170001325,-0.5618608699473687,0.7286065568301662,0.5635483972447377,1,0.20101595597675967,MINER_BURN_ONLY,1452.5395744561683,1449.6116733346303,0.0009918364232852639,0.0021130327756393764,-0.3148399932557123,5DFuaMas...,1853072.973878059,,,,False,2009702,0.5226210478081563,131,5E2LP6En...,0.0,0.39348988066778545,0.39348988066778545,0.12536051639681983,,COUNTER,1237835.66008719,0.0,0.0,DIVERGENT,-0.8663423579678924,1.1185559725046272,1295.967040512703,763677.586285475,0.21172773845960122,763677.586285475,0.21172773845960122,0.0,FORTRESS,True,True,2.1172773845960124,0,,8945.640663012007,0.002480156941444864,30.0
87,52,62,93,128,ByteLeap,2026-09-18,9095651,0.002816338,0.002820716705173254,-0.001552337803092224,IN BAND,False,True,6.3477e-05,4039.869225425,2919905.843918036,1.0,1434440.092278254,91622.093523705,-0.00022424396803000932,2041.2478946154006,ACCUMULATING_PRE_EMA,0.0,,,,0.04129281090341496,-1.5136775317572808,-0.018886776604288724,-2.1133382243163403,-0.6185474691633481,-0.5996606925590594,0.9000290216460041,0.6409535034624744,1,0.0,,0.0,0.0,9.15541313801782e-05,0.0013835614712850316,-0.508737420265241,5GgMeLFN...,874135.292039338,,,,False,5856038,1.0,96,5HQTcjYx...,,5.800072490097251,5.800072490097251,0.0,,COUNTER,186014.794503201,289.843039317,0.0,DIVERGENT,1.0,0.0,1295.967040512703,3774.579116882,0.0012927057647232666,3774.573941721,0.0012927039923507052,0.005175160999897344,NEITHER,True,True,0.01292703992350705,,,12420.909251821002,0.004253873212279397,30.0
88,53,35,94,17,404—GEN,2026-09-18,9095651,0.009223652,0.009247585898265243,-0.0025881239199661565,IN BAND,False,False,0.001295556,25969.244806078,3191670.399710895,1.0,2815505.657525913,674654.876879688,-0.008483605846616416,1495.959435082972,ACCUMULATING_PRE_EMA,0.0,,,,0.13110589828176822,-5.027898259163687,-0.031488841026254905,-5.640988410022191,-0.6445789918847591,-0.6130901508585042,0.8233932928155887,0.7441960491402724,1,0.0,,0.0,0.0,0.0,0.008136568490415027,-0.117858252846592,5E7a4a7Q...,930917.04807004,0.0,,,False,2840556,0.0,42,5CcEPLdb...,0.0,0.3460976093919025,0.3460976093919025,0.03329721811051258,,COUNTER,340475.604612198,0.0,0.0,DIVERGENT,1.0,0.0,1295.967040512703,539089.660162477,0.16890517899696297,532342.868416656,0.16679130416000232,6746.791745821014,DORMITORY,True,True,1.6679130416000245,0,,25930.656030701004,0.008124478026631394,30.0
89,123,123,95,70,SN70,2026-09-18,9095651,0.002680134,0.002830733312293887,-0.053201519069222755,IN BAND,False,True,0.0,373.9579128,232155.012406243,1.0,139529.514021615,14117.897169345,,3391.12300115783,,,,,,,-10.085988282274759,-0.6472851486755435,-10.085988282274759,-0.6472851486755435,,11.320022655385618,5.773367397695115,1,0.41000228793639004,MINER_BURN_ONLY,2952.016473142008,2952.016473142008,0.0,0.0016108112804629829,-0.39898106569933334,5Cz1mjiJ...,505074.177706498,,,,True,8825571,1.0,0,5DFxKepZ...,0.179995422293431,3.135243458114186,2.5709139878782064,0.46965650893443,,COUNTER,107453.399622411,0.0,0.0,DIVERGENT,-0.9342822095455803,2.2778484181003154,1295.967040512703,0.0,0.0,0.0,0.0,0.0,EXPOSED,False,,,,,35996.80094951201,0.15505502369478025,30.0
90,54,49,96,48,Quantum Compute,2026-09-18,9095651,0.004029293,0.004031080985441804,-0.0004435498686981121,IN BAND,False,False,0.000248694,10500.254319619,3254890.007418522,1.0,2605979.13477925,692154.025211241,-0.0027008449742481964,820.5783434482291,ACCUMULATING_PRE_EMA,0.0,,,,0.06224304784493206,-0.8155217336875397,-0.005396523402493697,-1.4957142476984349,-0.685589037413389,-0.6801925140108952,0.8074005554750794,0.7424355618558273,1,0.0,,0.0,0.0,3.0518043793392735e-05,0.0032259935960007543,-0.19936485234487675,5GNH5YMk...,19799.939903153,,,,False,3856677,0.9899745166557307,146,5FH19r4S...,,15.67569050916562,15.67569050916562,0.0,,COUNTER,695492.461656953,0.0,0.0,DIVERGENT,1.0,0.0,1295.967040512703,101862.559282014,0.03129523856408345,101862.559282014,0.03129523856408345,0.0,DORMITORY,True,True,0.3129523856408345,,,8935.362558457,0.002745211831457157,30.0
91,56,27,6,83,CliqueAI,2026-09-18,9095651,0.009039014,0.009020776487886906,0.0020217230897565616,IN BAND,False,False,0.001865663,8376.537838092,2847680.066501282,1.0,926709.250523273,153946.880145099,0.000950791968390149,-2144.3124800382648,DISTRIBUTING_PRE_EMA,0.0,,0.10518757559067272,0.10518757559067272,0.585320863913962,-0.3072968285041815,0.024597630925371497,-1.0725055432403732,-0.7406110838108202,-0.7652087147361917,0.9228564791791426,1.3505295786501537,1,0.0,,0.0,0.0,0.0018463416495002605,0.0029415305239621193,-0.6745739608366443,5DqEjRLy...,982898.185751622,0.16861853929146783,,,False,5231190,0.0,198,5E2LP6En...,0.0,0.40547261938910933,0.40547261938910933,0.09325357464406159,,COUNTER,345172.824104195,26063.92679357,0.0,DIVERGENT,1.0,0.0,1295.967040512703,8057.340853611,0.002829440339311155,8057.340853611,0.002829440339311155,0.0,NEITHER,True,True,0.028294403393111553,,,15579.323052601001,0.005470882503926108,30.0
92,55,81,97,43,Graphite,2026-09-18,9095651,0.00442887,0.004429584834724665,-0.000161377364095441,IN BAND,False,True,7.59e-07,13004.254725482,3089301.42185224,1.0,2936246.239096057,158085.363434463,-0.0008349041341164327,660.8030320191756,ACCUMULATING_PRE_EMA,0.0,,,,0.00015338456852059766,-1.8185241170144781,-0.0019634245964945322,-2.569707998361002,-0.7531473059430186,-0.751183881346524,0.8506777556281124,0.7513372659150446,1,0.3089090254128873,MINER_BURN_ONLY,2224.616548688966,2224.526459423688,3.0518043793392735e-05,0.004209448334661074,-0.04954348746721522,5HjMs5JD...,2906929.707677262,,,,False,3408582,1.0,108,5ERVu5z1...,,15.742875033493132,15.742875033493132,0.0,,COUNTER,946184.42215408,0.0,0.0,DIVERGENT,-0.9127440064510303,1.7164992549066937,1295.967040512703,3451.069241962,0.0011171034388392106,3451.069241962,0.0011171034388392106,0.0,EXPOSED,True,True,0.011171034388392105,,UNDEFENDED_BURNER,9432.495379542002,0.0030532777775651946,30.0
93,60,19,98,38,ChronoLLM,2026-09-18,9095651,0.010202959,0.010130084352567792,0.007193883574497083,IN BAND,False,False,0.00307754,5682.505942796,1715871.403621723,1.0,556946.997621805,204738.00902678,-0.0014355570088288021,-1679.5728985008318,,0.0,,,,1.4232761393330844,9.398713765844606,0.0875255834897145,8.54113822848868,-0.770049953866211,-0.8575755373559255,1.5315833077310046,2.28085167668901,1,0.0,,9.89530235528946e-10,0.0,6.103608758678547e-05,0.0033117318295542574,-0.6754145704638961,5GeWgtBA...,1626330.428704658,1.4421750444373007,BUYBACK_GAMING,,False,7284230,0.7541011124505959,10,5HbScNss...,0.0899977111467155,0.7496841618318524,0.6822143031840419,0.01924280111702858,,COUNTER,485297.062238849,10641.406258159,0.0,DIVERGENT,0.9999999999974984,0.0,1295.967040512703,29013.447452059,0.016908870554529762,29013.447452059,0.016908870554529762,0.0,DORMITORY,False,True,0.169088705545299,,,21347.618644255006,0.012441269549219234,30.0
94,57,65,99,98,NeverPlayAlone,2026-09-18,9095651,0.002520594,0.002521389862522483,-0.00031564437309450095,IN BAND,False,True,4.092e-05,4936.38313504,2897447.308856543,1.0,1958420.153568691,206921.387791354,-0.001032365332540136,105.5437058287207,ACCUMULATING_PRE_EMA,0.0,,,,0.02178472720981951,-4.428097712648089,-0.0038403398726497614,-5.233620355048179,-0.809362982272739,-0.8055226424000892,0.9070052773581313,0.8273073696099087,1,0.0,,0.0,0.0,0.0,0.0017037007437378069,-0.3240875985034453,5EWzZCNs...,1516204.662120875,,,,False,5445992,1.0,153,5E2LP6En...,0.0,0.44117433515097365,0.44117433515097365,0.23855156943829828,,COUNTER,1255490.393926426,0.181595662,0.0,DIVERGENT,1.0,0.0,1295.967040512703,444937.343687135,0.15356184125492392,444937.343687135,0.15356184125492392,0.0,DORMITORY,True,True,1.53561841254924,0,,11767.275501468994,0.004061256080654272,30.0
95,58,59,100,1,Apex,2026-09-18,9095651,0.007065055,0.007072873180732131,-0.0011053755005009085,IN BAND,False,True,8.5029e-05,23880.524341061,2553776.511319895,1.0,3380090.05853352,836715.852258277,-0.002493990990679855,1359.891105425544,ACCUMULATING_PRE_EMA,0.0,,,,0.00935725735367467,-0.37049377808938677,-0.013448735256094387,-1.183464612130774,-0.8264195692974814,-0.812970834041387,1.029064206813361,0.8223280913950617,1,0.21945464103663873,MINER_BURN_ONLY,1599.1800943630515,1599.0900050977734,3.0518043793392735e-05,0.009351062724246994,0.32356545338245696,5HCFWvRq...,35780.99786068,,,,False,1497824,0.5700486777654006,248,5HCFWvRq...,0.179995422293431,17.1659819544929,14.076183783512533,0.0,,COUNTER,890467.622879709,0.0,0.0,DIVERGENT,-0.8834384234816897,1.2338971247796167,1295.967040512703,192837.392404212,0.07551067665844646,192824.591394465,0.07550566407817945,12.801009746995987,FORTRESS,True,True,0.7550566407817944,,,10432.231685617007,0.004085021394540593,30.0
96,59,75,101,13,Data Universe,2026-09-18,9095651,0.005553197,0.005555450916290283,-0.0004057125738747619,IN BAND,False,True,7.775e-06,19910.742460555,2484771.337251696,1.0,3585455.731306481,970150.23019278,-0.0029832593986156373,1339.3015115484595,ACCUMULATING_PRE_EMA,0.0,,,,0.0010262148707150948,-0.4736778202064193,-0.004936169648809603,-1.308254200161486,-0.8395125496038763,-0.8345763799550667,1.057642592942465,0.8356025948257818,1,0.28826263226114734,MINER_BURN_ONLY,2083.4870691429824,2078.39702565477,0.0017242694743266895,0.008013108555323832,0.4429721393503295,5HBswBt1...,31889.967399638,,,,False,1907637,0.7028675369141879,247,5E2LP6En...,0.0,0.3923321919269359,0.3923321919269359,0.1597387535860343,,COUNTER,670534.830985544,0.0,0.0,DIVERGENT,-0.9062515578869783,1.6037421945796757,1295.967040512703,93697.039216446,0.037708515794487744,93697.039216446,0.037708515794487744,0.0,FORTRESS,True,True,0.3770851579448774,,,9936.398100998997,0.003998918512956303,30.0
97,61,87,102,101,Tag101,2026-09-18,9095651,0.004042071,0.004046914866194129,-0.0011969281179082388,IN BAND,False,True,2.7e-08,3740.061894527,2506674.398892743,1.0,925283.523008296,166818.878036532,0.0003527464605012477,915.6995806205086,,0.0,,,0.08726874429005518,1.8971878541323903e-05,-2.460276994217127,-0.014562625434550239,-3.3492375784646886,-0.9035232096821115,-0.8889605842475613,1.0484010213535708,0.8889795561261026,1,0.3496469276215755,MINER_BURN_ONLY,2525.312861848972,2517.4750957697775,0.002655069810025168,0.0014920413661140327,-0.6308720539263084,5H8dNvi1...,1372514.802429968,,,,False,5481350,0.902556570431909,0,5H6Dezn7...,0.179995422293431,1.1686491171646527,0.9582976258077557,0.5885090798107737,,COUNTER,904785.96121004,6970.543419914,0.0,DIVERGENT,-0.9231766858990633,1.942545618115279,1295.967040512703,13574.61335476,0.005415387559212407,13574.61335476,0.005415387559212407,0.0,FORTRESS,True,True,0.05415387559212407,,,14953.576487280003,0.005965504133239382,30.0
98,62,77,103,123,MANTIS,2026-09-18,9095651,0.002414021,0.0024169066455215216,-0.0011939416554911108,IN BAND,False,True,4.628e-06,5771.06984786,1991785.204429916,1.0,2390646.16509041,551559.438640464,-0.0026115959502149458,2095.1150036682375,ACCUMULATING_PRE_EMA,0.0,,,,0.0021074747526249396,-0.7887278926246384,-0.014526290141808515,-1.6915591798384604,-0.9173575773556304,-0.9028312872138219,1.319419380239939,0.9049387619664468,1,0.14489079681306188,MINER_BURN_ONLY,1051.0247923260322,1045.214034715595,0.0019684138246738314,0.0028974358455041245,0.20025295782601904,5HVuEdEG...,1605847.895337837,,,,False,5794330,0.42002262789346534,158,5Dszzjqs...,0.179995422293431,5.578444945459429,4.574350391760803,0.0,,COUNTER,306342.13035872,8560.983387542,0.0,DIVERGENT,-0.8168408757858837,0.8065128217320199,1295.967040512703,350656.879907587,0.17605155371557807,350656.879907587,0.17605155371557807,0.0,FORTRESS,True,True,1.7605155371557808,0,,11617.292351530996,0.005832602996393915,30.0
99,65,42,104,63,Enigma,2026-09-18,9095651,0.004864456,0.004854456055909395,0.0020599515116490456,IN BAND,False,False,0.000489255,11908.298901573,3529286.116069373,1.0,2448022.768421741,1236098.285296553,-0.0023243817583002914,-3849.384787567891,,0.0,,,,0.10797194046163554,-1.180346220739042,0.025062743391730053,-2.269964401362726,-1.0645554372319541,-1.0896181806236842,0.7446265090365779,1.1975901210853197,1,5.572483167148519e-06,,0.08920187701005489,0.04415724437100721,1.5259021896696368e-05,0.0033741381429385152,-0.3063688636635802,5CqTmNfg...,19438.194722192,0.19504091280455796,,,False,4885578,3.0518509475996325e-05,141,5E2LP6En...,0.0,0.3398166730670101,0.3398166730670101,0.03851494666809089,,COUNTER,725440.211341126,0.0,0.0,DIVERGENT,0.9996142955573035,3.4072814346835525e-05,1295.967040512703,72397.992373783,0.020513494795489657,72397.992373783,0.020513494795489657,0.0,DORMITORY,True,True,0.2051349479548966,,,8611.929280302002,0.0024401334992622406,30.0
100,64,34,105,14,Cacheon,2026-09-18,9095651,0.009194416,0.009194087237119675,3.575807710398736e-05,IN BAND,False,False,0.001307029,25061.086630076,3198186.448871455,1.0,2725685.256182476,2661808.691632976,-0.012349965626037119,-2690.4025388453156,,0.0,,,,0.13705998717061948,-0.427105310402056,0.0004350566047651795,-1.5144462416073514,-1.08690587460053,-1.0873409312052953,0.8217156948205265,1.2244009183759148,1,0.0,,0.0,0.0,0.00012207217517357094,0.007836030522522948,-0.14774026729669973,5CKhH8nK...,1723998.420071104,0.0,,,False,4848444,0.27147588017153235,211,5GnRHZth...,,2.2906381111328216,2.2906381111328216,0.0,,COUNTER,1226611.25981397,526.080568229,0.0,DIVERGENT,1.0,0.0,1295.967040512703,53961.180839022,0.016872431204898418,47533.881014229,0.014862761059788211,6427.299824793001,DORMITORY,True,True,0.1486276105978847,,,14515.103962056994,0.004538542137585175,30.0
101,66,29,106,34,BitMind,2026-09-18,9095651,0.01179988,0.011796753387898207,0.00026504004949371807,IN BAND,False,False,0.001740621,34717.584307589,2730892.919787988,1.0,2942197.934168757,634516.715986987,-0.0033068888932364145,-1401.909942297265,,0.0,,,,0.1317589365513568,0.2890672482485723,0.003224653935506903,-0.81595508528791,-1.1017976796009754,-1.1050223335364824,0.9623226091940741,1.2367812700878391,1,0.0,,0.0,0.0,0.0006866559853513365,0.012712905751824311,0.07737585058698146,5DthmKBR...,2947778.700246793,10.293457373709924,BUYBACK_GAMING,,False,3493948,0.3416246755229806,72,5E2LP6En...,0.0,0.3524087674198371,0.3524087674198371,0.001693828969053287,,COUNTER,359511.697520475,70171.661546406,0.0,DIVERGENT,1.0,0.0,1295.967040512703,126146.84968058,0.0461925287390519,126146.84968058,0.0461925287390519,0.0,DORMITORY,True,True,0.46192528739052263,,,12754.823486670999,0.004670568880328422,30.0
102,124,124,107,92,MicroTensor,2026-09-18,9095651,0.002216344,0.0024708129931241274,-0.10298998500990303,IN BAND,False,True,0.0,752.061927487,583075.641637127,1.0,339325.331784147,79293.424465879,-2.6195570558567144e-05,29206.804461000196,ACCUMULATING_PRE_EMA,0.0,,,,,-13.172239734321806,-1.2530448176204867,-13.172239734321806,-1.2530448176204867,,4.50713391597229,-13.37637246163104,1,0.12300068638097097,MINER_BURN_ONLY,885.604941942991,885.604941942991,0.0,0.0012898188052846845,-0.418042142697756,5E9LPDS2...,596550.697754676,,,ENTRY_PRE_EMA_PATTERN,True,8352006,1.0,0,5HBFHduz...,0.179995422293431,2.762983438271035,2.2656590675096844,0.5297331115621138,,COUNTER,218281.444131301,0.041020142,0.0,DIVERGENT,-0.8030415792855046,0.6833545254303944,1295.967040512703,50000.0,0.08575216735107097,50000.0,0.08575216735107097,0.0,FORTRESS,False,True,0.8575216735107096,,,40279.63514335902,0.06908132027306804,30.0
103,69,84,108,20,Witness,2026-09-18,9095651,0.002591568,0.0025820177979767323,0.003698735938517195,IN BAND,False,True,2.15e-07,6812.326813854,3301534.505751356,1.0,2628650.291347087,287604.953875859,-0.0009316292818717833,-5574.875623905566,,0.0,,,,8.294082410299779e-05,-0.8874478578329144,0.045001287251959204,-2.2835446401527584,-1.3510954950678846,-1.3960967823198438,0.795993497999781,1.3961797231439468,1,0.30314320528348726,SKIN_IN_GAME,2182.858010052005,2182.812965419366,1.5259021896696368e-05,0.0020633819825256272,-0.20380943794427644,5CFVA7aP...,1315701.514750137,0.8859938894412567,BUYBACK_GAMING,,False,1970929,1.0,240,5ED4s3B3...,0.179995422293431,1.0312643639278434,0.8456414992464847,0.5209144043095424,,COUNTER,1409383.559347143,0.0,0.0,DIVERGENT,-0.911104460028472,1.6843120983661852,1295.967040512703,556742.654136894,0.16863148126031527,550700.849194048,0.16680148223037294,6041.804942846065,FORTRESS,True,True,1.668014822303732,0,,9265.830157227001,0.002806522282619095,30.0
104,68,47,13,67,Harnyx,2026-09-18,9095651,0.004279631,0.0042976438999176025,-0.00419134305612152,IN BAND,False,False,0.000315129,2926.728431062,949345.831420469,1.0,683873.952880055,68697.153513093,0.00015566218436049352,2925.6676296538208,,0.0,,0.03637280512279996,0.03637280512279996,0.28296407798228557,-4.451217201881169,-0.05099467384947849,-5.761233070041398,-1.3610105420097074,-1.310015868160229,2.7682219829920425,1.5929799461425145,1,0.002791049100707925,MINER_BURN_ONLY,25.223898402007762,21.5752831582449,0.0012359807736324058,0.0030828896427373053,-0.27963657550445226,5HEAv3TU...,1075583.161557233,,,,False,7236936,0.0,246,5HGnF3Wr...,0.0,0.7145338084312357,0.7145338084312357,0.008560964443766216,,COUNTER,279974.915695672,6279.314248273,0.0,DIVERGENT,0.9628691731214285,0.016648018416972558,1295.967040512703,522.283347221,0.0005501507774459049,522.283347221,0.0005501507774459049,0.0,NEITHER,False,True,0.005501507774459049,,,28862.214171525004,0.03040221299369862,30.0
105,63,73,109,103,Capcomp,2026-09-18,9095651,0.001907745,0.0019762027077376842,-0.034641035289367274,IN BAND,False,True,1.5639e-05,418.56496251,232273.395528129,1.0,219402.935348731,36042.99586087,,6353.4246875185345,,,,,,0.09819095165907034,-14.162119117781334,-0.4214659293539685,-15.189327108776704,-1.4486739203493382,-1.0272079909953697,11.314253162849816,1.1253989426544402,1,0.0,,0.0,0.0,0.0,0.0018020357499759826,-0.05541057637368589,5H3SQ4du...,1072281.621017422,,,,True,8762380,1.0,103,5H6VKx1U...,,0.9554389609141488,0.9554389609141488,0.019486365647841546,,COUNTER,60139.256694016,0.014698804,0.0,DIVERGENT,1.0,0.0,1295.967040512703,0.0,0.0,0.0,0.0,0.0,NEITHER,False,,,,,60115.90804632698,0.2588152978503591,30.0
106,67,30,110,118,Ditto,2026-09-18,9095651,0.007061094,0.007192413089796901,-0.018258001613281716,IN BAND,False,False,0.001718057,6169.920315946,2179082.382966779,1.0,873791.080744828,765479.435203786,-0.0019519015973399523,-3373.7216518352507,,0.0,,,,0.7317847824275721,-7.100629846851142,-0.22213901962826088,-8.404457296745234,-1.5259664695223534,-1.3038274498940925,1.2060122281480832,2.0356122323216645,1,0.0,,0.0,0.0,4.57770656900891e-05,0.0028314304976142166,-0.5990096580481415,5HGXqHbQ...,1435708.90953551,0.46158542643329986,BUYBACK_GAMING,,False,5724794,0.0699963376670939,34,5CaJhaYX...,0.009994659342336155,0.45949428795555075,0.45490179907768574,0.027316150101481786,,COUNTER,320927.826926128,1788.13704218,0.0,DIVERGENT,1.0,0.0,1295.967040512703,107372.30796589,0.049274092987574264,84834.685511155,0.038931380554623266,22537.622454735,DORMITORY,True,True,0.38931380554623524,,,31638.60333536799,0.014519232307450732,30.0
107,70,53,111,21,AdTAO,2026-09-18,9095651,0.003398309,0.0033781114034354687,0.005978961068007041,IN BAND,False,False,0.000127497,7473.990422515,3797675.232202893,1.0,2199326.291032261,597542.306458482,-0.0017317969702688176,-10520.705771559384,,0.0,,,,0.04483041816465848,-1.5840084185482968,0.07274402632741898,-3.251023463973433,-1.5942710190977174,-1.6670150454251365,0.6920023012277416,1.7118454635897948,1,0.0,,0.0,0.0,0.00016784924086366004,0.0019680435965504115,-0.42087561885914093,5HjCYVfr...,1986551.238817853,0.0,,,False,3156578,1.0,199,5CyRmxMU...,,18.137642670158257,18.137642670158257,0.0,,COUNTER,834653.38669571,0.0,0.0,DIVERGENT,1.0,0.0,1295.967040512703,5839.628796876,0.0015376851467861416,5839.628796876,0.0015376851467861416,0.0,NEITHER,True,True,0.015376851467861415,,,9680.449164423002,0.002549046080174614,30.0
108,75,70,112,47,Feval,2026-09-18,9095651,0.002228994,0.002130678156390786,0.046142981901947086,IN BAND,False,True,2.1068e-05,1124.148331403,1505086.274898767,1.0,504329.726801445,53420.692702599,1.9567391779975152e-05,-3197.327380702598,DISTRIBUTING_PRE_EMA,0.0,,,0.008778575348329851,0.049252133773929334,-9.972356901833335,0.5614062798070228,-12.425871706299423,-1.8921085246590654,-2.453514804466088,1.7460793070993628,2.5027669382400175,1,0.0,,0.0,0.0,0.0,0.0007468995964889859,-0.664916282193229,5GBmFsPk...,988997.219746228,4.755757599963893,BUYBACK_GAMING,,False,7340355,1.0,28,5G9hfkx9...,0.009994659342336155,0.81726652824315,0.809098227701466,0.017518159067325886,,COUNTER,682725.854146639,52.790049364,0.0,DIVERGENT,1.0,0.0,1295.967040512703,84802.449831785,0.05634391280160259,1082.01056104,0.0007189026829128296,83720.43927074499,NEITHER,False,False,0.6379951943715498,,,22129.094181118002,0.01470287421404226,30.0
109,71,66,113,106,Nodexo,2026-09-18,9095651,0.002436246,0.002433020155876875,0.0013258600079136817,IN BAND,False,True,3.5566e-05,6011.460086001,2399281.635869195,1.0,2467508.847621111,360730.301673222,-0.0008091572467977437,-6422.823088340461,,0.0,,,,0.01554821069471282,-4.220064900549258,0.016131296762949793,-6.274337469117912,-2.0381412718057033,-2.054272568568653,1.095327851766742,2.069820779263366,1,0.0,,0.0,0.0,0.00012207217517357094,0.0025055249855331007,0.028436777539337467,5CTdHCps...,969146.55650767,0.4180038619658638,BUYBACK_GAMING,,False,5558480,0.3334808552199856,31,5E4vCZrj...,0.0,0.45141696364414935,0.45141696364414935,0.027805332153158238,,COUNTER,838637.534343767,0.0,0.0,DIVERGENT,1.0,0.0,1295.967040512703,322578.529637031,0.1344479634297578,322578.529637031,0.1344479634297578,0.0,DORMITORY,True,True,1.344479634297581,0,,11845.191626396996,0.004936974238168502,30.0
110,74,17,11,110,Green Compute,2026-09-18,9095651,0.015368895,0.014986627269536257,0.025507255474404848,IN BAND,False,False,0.003327946,8183.769434736,3019256.990764453,1.0,532489.179624118,413362.535000678,0.0008840356011466324,-20275.81866899773,DISTRIBUTING_PRE_EMA,0.0,,0.05752109056289553,0.05752109056289553,1.068681389150369,9.37723711186354,0.3103382749385923,6.93077379358968,-2.1361250433352685,-2.4464633182738607,0.8704128227702175,3.5151447074242297,1,0.0,,0.0,0.0,0.0,0.002710524297788885,-0.8236357072002324,5D53sX6A...,1633733.894267054,0.11741189384712278,,,False,5606062,1.0,155,5FmpATto...,0.179995422293431,7.970188243648686,6.535590844975002,0.0,,COUNTER,653602.202903777,0.0,0.0,DIVERGENT,1.0,0.0,1295.967040512703,9205.92186508,0.0030490686593555357,9205.92186508,0.0030490686593555357,0.0,NEITHER,True,True,0.030490686593555357,,,19759.143732054,0.006544372934299684,30.0
111,72,52,114,26,Perturb,2026-09-18,9095651,0.003431882,0.003439693246036768,-0.0022709135606113428,IN BAND,False,False,0.000136622,2003.45234821,996936.589671099,1.0,583776.609996257,68532.430552829,-0.00014188253281285655,996.7302697045961,ACCUMULATING_PRE_EMA,0.0,,,,0.17921195696058825,-1.5206077723836053,-0.027629448320771337,-3.657779639108731,-2.1648013150458967,-2.1371718667251254,2.636075380548534,2.3163838236857135,1,0.0,,0.0,0.0,6.103608758678547e-05,0.002009608603964433,-0.41442957422066573,5FsVAEPM...,1457027.200064324,,,,False,8123781,0.8501625185026934,119,5H1HKMon...,0.179995422293431,0.5852450193503401,0.47990359494724844,0.031755478239638646,,COUNTER,93577.704880545,1668.571827101,0.0,DIVERGENT,1.0,0.0,1295.967040512703,37410.89103695,0.03752584810764373,34243.228685472,0.03434845208838131,3167.6623514780003,DORMITORY,False,True,0.34348452088382236,,,29759.60869883399,0.029851054728217,30.0
112,73,86,115,2,DSperse,2026-09-18,9095651,0.003103903,0.003085220931097865,0.006055342330212578,IN BAND,False,True,9.5e-08,7786.746411194,3268051.201931077,1.0,2508694.870571862,711708.314804422,-0.002026472196230547,-13312.646456348244,,0.0,,,,3.206217164605439e-05,-1.6865200108098686,0.07367333168425302,-3.9699603470635303,-2.2097670045694087,-2.2834403362536615,0.8041489675703754,2.2834723984253076,1,0.33493506180564997,SKIN_IN_GAME,2412.507441633963,2411.606548981182,0.00030518043793392735,0.0023826880088637674,-0.2323574516137368,5EcYQ3W7...,2846072445063291.0,805082613.2123995,BUYBACK_GAMING,,False,2734060,0.8217660077844768,14,5CFxLBvp...,0.179995422293431,0.648032078636946,0.531389270982999,0.8902215711408167,,COUNTER,730750.068015541,0.159820748,0.0,DIVERGENT,-0.9194555726916096,1.86085484707012,1295.967040512703,1144508.261830867,0.3502112393938572,1144508.261830867,0.3502112393938572,0.0,FORTRESS,True,True,3.5021123939385714,0,,9912.273387328,0.0030330838701275184,30.0
113,76,63,116,55,NIOME,2026-09-18,9095651,0.002826558,0.002769310725852847,0.020672029907197454,IN BAND,False,True,5.2772e-05,6748.756742661,3132978.886441399,1.0,2387623.202413066,567402.214357415,-0.002858824195392448,-27680.182075663935,,0.0,,,,0.02054968363629555,-4.257686181026273,0.25150969720423566,-8.301591082985633,-3.7923952047551244,-4.04390490195936,0.8388182925117059,4.064454585595656,1,0.007830996243526392,MINER_BURN_ONLY,57.570997999981046,57.4358641020639,4.57770656900891e-05,0.0021541022098385703,-0.23790624149988415,5GeWUxaF...,1235318.165220509,0.0,,,False,4703386,0.02847463834462549,109,5GP7c3fF...,0.0009918364232852674,0.3019920887060986,0.3016925619529759,0.023561727453074926,,COUNTER,321483.599568412,0.0,0.0,DIVERGENT,0.8873894591661805,0.044318923480755695,1295.967040512703,14841.866940702,0.004737301934887971,14841.866940702,0.004737301934887971,0.0,NEITHER,True,True,0.04737301934887971,,,13048.242357935,0.004164803795647622,30.0
114,125,125,117,116,Memo,2026-09-18,9095651,0.002094028,0.0032078956719487906,-0.3472269007028268,DISCOUNT,True,True,0.0,849.309550217,592754.920363386,1.0,405586.399742483,111592.9966081,0.0001614247536338362,137109.82057724276,,0.0,,,0.07708815432928127,,-33.303557979767724,-4.2245939585510595,-33.303557979767724,-4.2245939585510595,,4.433535529977406,-65.69453037662385,1,0.3895021736311092,MINER_BURN_ONLY,2804.4156501439866,2804.4156501439866,0.0,0.0014328173770305173,-0.31576016317331124,5F48aA3P...,100218.398767758,,,ENTRY_PRE_EMA_PATTERN,True,8294730,1.0,0,5CXN6pP6...,0.179995422293431,10.751379251902854,8.816180203219767,0.0,,COUNTER,238874.303033402,1764.319155568,0.0,DIVERGENT,-0.9308233784853516,2.163955997703861,1295.967040512703,30.45052749,5.1371193125368616e-05,30.45052749,5.1371193125368616e-05,0.0,EXPOSED,False,True,0.0005137119312536862,,,35530.829067337,0.05994185429208241,30.0
115,78,69,118,60,Bitsec.ai,2026-09-18,9095651,0.004696398,0.004561241250485182,0.029631572217418134,IN BAND,False,True,2.7563e-05,7551.867499564,4081600.743175167,1.0,1608012.497712,955976.05531173,0.00042835187573598795,-46178.76068929676,DISTRIBUTING_PRE_EMA,0.0,,,0.09120859768188044,0.009591741910750155,8.607126670120612,0.3605174619785873,3.794379356262157,-4.452229851879868,-4.8127473138584556,0.643865033686666,4.822339055769206,1,0.19360852471387574,MINER_BURN_ONLY,1402.2078247379977,1402.1627801053587,1.5259021896696368e-05,0.0018502220022846322,-0.6060338152165485,5CXLwkK1...,138970.963176641,0.012621318303839996,,,False,4796992,1.0,113,5CXLwkK1...,0.179995422293431,3.8766587930755225,3.178877956528351,0.0,,COUNTER,683720.739647121,0.0,0.0,DIVERGENT,-0.8583105936999572,1.0819432410492809,1295.967040512703,1056980.136322563,0.2589621579450015,1056980.136322563,0.2589621579450015,0.0,FORTRESS,True,True,2.5896215794500153,0,,9083.227384379,0.0022254081072400427,30.0
116,77,48,4,96,Verathos,2026-09-18,9095651,0.006013839,0.006012216676026583,0.00026983790851820244,IN BAND,False,False,0.000287455,3039.600334785,852267.730291367,1.0,505434.293479138,98766.685867311,0.0007914143622985852,-4157.331442817871,DISTRIBUTING_PRE_EMA,0.0,,0.1315988609436643,0.1315988609436643,0.24852995683507645,-10.120869167488996,0.003283027886971463,-14.860146967355595,-4.735994771979628,-4.739277799866599,3.0835380791685716,4.987807756701676,1,0.1146936123326493,SKIN_IN_GAME,866.9778879899532,865.2661919496693,0.000579842832074462,0.003566485303562818,-0.406953644159277,5CGq1JQh...,718613.668750664,0.7669464715362082,BUYBACK_GAMING,,False,7692872,0.3414812892193536,211,5FA9tyak...,,15.264077249104636,15.264077249104636,0.0,,COUNTER,265411.293172789,7897.141864024,0.0,DIVERGENT,-0.7553633326685469,0.6676606463752023,1295.967040512703,194299.238983827,0.22797911041099891,194299.238983827,0.22797911041099891,0.0,FORTRESS,False,True,2.27979110411,0,,32453.981682535003,0.038079561772730586,30.0
117,81,51,9,18,Zeus,2026-09-18,9095651,0.003969237,0.003841117024421692,0.033354874314873835,IN BAND,False,False,0.00013909,10092.142577091,3221241.495943034,1.0,2542589.980241253,878192.130965349,0.00033872464815844845,-46764.23363433685,DISTRIBUTING_PRE_EMA,0.0,,0.0853374711962144,0.0853374711962144,0.036219119697114055,-0.2594147935395594,0.4058176374976316,-6.4535557336957545,-5.788323302658564,-6.1941409401561955,0.8158345170052642,6.23036005985331,1,0.03000425504747314,MINER_BURN_ONLY,223.96117719903123,223.60082013791884,0.00012207217517357094,0.0031329978177052123,-0.21068008342529995,5GgvCi6h...,1966442.381769382,0.0,,,False,1604679,0.1002945350771437,84,5DCSySUE...,0.179995422293431,0.3781330069888538,0.3100707967128102,0.5898519761941096,,COUNTER,341091.336764967,30745.295806132,0.0,DIVERGENT,-0.3099286750602519,0.1725358849014086,1295.967040512703,472285.796249436,0.14661607856605982,375000.0,0.11641474272335392,97285.79624943598,DORMITORY,True,True,1.1641474272335393,0,,12471.791689743,0.0038717344556285192,30.0
118,80,64,119,6,Numinous,2026-09-18,9095651,0.002679174,0.0026548788882791996,0.009151118654812735,IN BAND,False,True,5.0095e-05,8040.575832682,2801718.656211116,1.0,3001139.942899044,699131.718540162,-0.004023880888700968,-38034.49260158278,,0.0,,,,0.016373163158898682,-0.8724963586663693,0.1113386103002216,-6.826238390613824,-5.842403421647233,-5.9537420319474545,0.9379956813914917,5.970115195106353,1,0.0,,0.0,0.0,0.0018921187151903496,0.0028698726814903016,0.07117816218368113,5CfSg4e2...,84548.003557239,0.04336983892683786,,,False,3219949,0.20982709330234983,37,5G6UKAFt...,,13.897022678644491,13.897022678644491,0.0,,COUNTER,185360.665463109,0.0,0.0,DIVERGENT,1.0,0.0,1295.967040512703,662466.459537209,0.23645002972321666,662466.459537209,0.23645002972321666,0.0,DORMITORY,True,True,2.3645002972321665,0,,9104.061860217997,0.003249456129378033,30.0
119,82,80,120,16,kenju,2026-09-18,9095651,0.001088823,0.0010400561150163412,0.04688870559920954,IN BAND,False,True,1.212e-06,350.834287835,449984.863089467,1.0,322214.117417818,64258.148432122,0.000900611716787907,-990.8140706591075,DISTRIBUTING_PRE_EMA,0.0,,,0.8271424435265483,0.009078747746280699,-10.602337459368366,0.5704792514570494,-17.204115010465408,-6.0312982996399915,-6.601777551097041,5.840196450069244,6.610856298843322,1,0.0,,0.0,0.0,0.0,0.0007796579765511942,-0.2839442438750888,5FkKY8WJ...,645994.996255232,1.4751737762495971,BUYBACK_GAMING,,True,8460646,1.0,1,5E2LP6En...,0.0,0.8243929055457362,0.8243929055457362,0.41345581615369353,,COUNTER,63578.799840379,0.04568655,0.0,DIVERGENT,1.0,0.0,1295.967040512703,7333.737256624,0.016297742120196364,0.0,0.0,7333.737256624,NEITHER,False,False,0.13436678548514056,,,42726.925470942995,0.09495191722137536,30.0
120,83,82,121,23,Trishool,2026-09-18,9095651,0.004725822,0.004601356806233525,0.027049672304886266,IN BAND,False,True,7.43e-07,7858.460403561,4365763.936166865,1.0,1662876.741586446,609366.364839385,3.250270980840306e-05,-72477.51482882444,DISTRIBUTING_PRE_EMA,0.0,,,0.006877683884074149,0.0002484715707309784,11.916174130338577,0.32910434637611624,5.147884141858681,-6.43918564210378,-6.768289988479896,0.601956504846522,6.768538460050627,1,0.31154552493047494,,2243.5256748611573,2243.4806302285183,1.5259021896696368e-05,0.0018000195426188614,-0.6191097458560942,5CqTRwoF...,1485035.788547461,0.05120476869810519,,,False,2063528,1.0,188,5HKsvivb...,0.0899977111467155,0.8611367657552785,0.7836364278530181,0.3868821437836683,,COUNTER,1176321.130126225,0.055431535,0.0,DIVERGENT,-0.913465557395933,1.7311247586520142,1295.967040512703,886671.489884568,0.20309652625493638,886671.489884568,0.20309652625493638,0.0,FORTRESS,True,True,2.0309652625493655,0,,10296.052009719,0.0023583620553609044,30.0
121,79,56,12,78,Umi,2026-09-18,9095651,0.003046368,0.00320032867603004,-0.04810777004973936,IN BAND,False,False,0.000103584,1301.785908659,947394.3878456,1.0,427323.947435821,160465.323895979,0.0001379181554245564,-8360.235698719043,DISTRIBUTING_PRE_EMA,0.0,,0.045272979306687965,0.045272979306687965,0.20911176729545253,-19.315207743931868,-0.5853112022718289,-25.232308740810325,-6.502412199150287,-5.9171009968784585,2.7739239684289685,6.126212764173911,1,0.0,,0.0,0.0,0.002578774700541686,0.001374069685613502,-0.5489482276555222,5GvYz1tB...,866331.206905541,0.13244082281607977,,,False,7966145,0.0,200,5E2LP6En...,0.0,0.6601751755382399,0.6601751755382399,0.28036256542505306,,COUNTER,82861.627752537,8107.779671713,0.0,DIVERGENT,1.0,0.0,1295.967040512703,63813.915540371,0.06735728684807342,63813.915540371,0.06735728684807342,0.0,DORMITORY,False,True,0.6735728684807376,,,33004.841941448,0.03483748939710513,30.0
122,84,74,122,99,Thirty Spokes,2026-09-18,9095651,0.001982792,0.0019955600146204233,-0.006398211292508675,IN BAND,False,True,8.525e-06,552.698934723,395988.02550215,1.0,278747.764172647,31948.16882632,,-286.8417892837897,,,,,,0.040535088078699155,-14.308304112570745,-0.07784490405885555,-21.144589541246614,-6.914130332734723,-6.836285428675868,6.63656431698269,6.8768205167545675,1,0.05960189762287277,MINER_BURN_ONLY,431.0238964409946,430.97885180835556,1.5259021896696368e-05,0.0013957465860795306,-0.29607009404943607,5DebFXsw...,1038153.210525228,,,,True,8572056,1.0,229,5E2LP6En...,0.0,0.9015836200972921,0.9015836200972921,0.028641621143223363,,COUNTER,92348.023615877,0.012273672,0.0,DIVERGENT,-0.5471380575771428,0.33255386775720325,1295.967040512703,0.0,0.0,0.0,0.0,0.0,EXPOSED,False,,,,,50532.00415024097,0.12760992983603897,30.0
123,85,12,123,3,Teutonic,2026-09-18,9095651,0.032494063,0.031669987831264734,0.026020697359464478,IN BAND,False,False,0.004523377,85019.609804628,3453667.674943116,1.0,2616465.954412824,3490148.333439958,-0.03954664999786193,-79524.48737954488,,0.0,,,,0.13981991664413537,5.188157402956684,0.3165851512068178,-4.16047274190795,-9.032044993657816,-9.348630144864634,0.7609301899735575,9.48845006150877,1,0.0,,0.0,0.0,7.629510948348184e-05,0.024617194764122264,-0.24240945910265926,5GsGUrd2...,3318902.26641824,0.8682617022972225,BUYBACK_GAMING,,False,4165565,0.0,244,5EtUYRu7...,0.09999237048905166,0.30725621045608736,0.27653293362510023,0.012100589007232886,,COUNTER,578475.334942498,0.0,0.0,DIVERGENT,1.0,0.0,1295.967040512703,387615.65867771,0.11223305053057667,387502.960313904,0.11220041902852926,112.69836380600464,DORMITORY,True,True,1.1220041902852935,0,,23757.724972865002,0.006878984085594253,30.0
124,86,72,124,82,Compelle,2026-09-18,9095651,0.002094683,0.0020562009885907173,0.01871510208525749,IN BAND,False,True,1.8301e-05,1277.248532715,703554.510059525,1.0,609757.459765351,121143.394786078,0.0004909697292762227,-13016.14518053073,DISTRIBUTING_PRE_EMA,0.0,,,0.23438855868702935,0.03765518359826664,-5.075423637149495,0.2277004087039661,-15.760093694140197,-10.456969648286737,-10.684670056990702,3.73531824815913,10.722325240588969,1,0.0,,0.0,0.0,0.0,0.0018154222799409486,-0.1333188458869678,5H6h1PUD...,371713.576530307,0.16958865471360265,,,False,8026517,0.0,5,5E2LP6En...,0.0,0.7645970761664113,0.7645970761664113,0.4442036836403033,,COUNTER,51466.221683119,7195.897335065,0.0,DIVERGENT,1.0,0.0,1295.967040512703,744.314271862,0.0010579340494868358,744.314271862,0.0010579340494868358,0.0,NEITHER,False,True,0.010579340494868358,,,34933.58673193599,0.0496529923871576,30.0
125,87,71,125,84,SN84,2026-09-18,9095651,0.002464225,0.0020878580398857594,0.18026463146643543,IN BAND,False,True,1.944e-05,1478.705265756,798066.08759093,1.0,600068.948502572,69317.176687161,-0.004139727322791386,-50850.51690851012,,0.0,,,,0.03454935962095238,3.205748280990617,2.193219682841631,-24.739376912554555,-25.75190551070354,-27.94512519354517,3.2929603711554414,27.979674553166124,1,0.0,,0.0,0.0,0.000457770656900891,0.0018528606699974822,-0.248095985554289,5FRdKaxK...,503853.81414423004,5.05445270222832,BUYBACK_GAMING,,False,8085297,0.9971147240668651,29,5DvHwsBt...,0.179995422293431,2.7158312565338485,2.226994062636339,0.0028687398907437365,,COUNTER,43139.508395224,61159.068233539,1097.0848540820007,OK,0.1468457935500581,0.0,1295.967040512703,660.436412233,0.0008275460171808782,660.436412233,0.0008275460171808782,0.0,NEITHER,False,True,0.008275460171808783,,,4008.786478373,0.005023125954987088,30.0
126,126,126,126,59,SN59,2026-09-18,9095651,0.005123182,0.0,,N/A,False,True,0.0,530.383656822,4.39112585,0.0,103526.212630519,1.322987771,,0.0,,,,,,,0.013071605207964927,,0.013071605207964927,,,0.0,0.0,1,,,0.0,,0.0,120.78534638719135,,5GzrQ2fe...,376645.147108034,,,,True,8938771,1.0,0,5FKjMupT...,,0.0,0.0,0.0,,COUNTER,0.0,0.0,0.0,OK,0.0,,,0.0,0.0,0.0,0.0,0.0,,False,,,,,4.39112585,1.0,30.0
127,127,127,127,76,Ormas,2026-09-18,9095651,0.004978774,0.0,,N/A,False,True,0.0,462.53167138,4.518517305,0.0,92900.709745664,1.955342274,,0.0,,,,,,,0.006054115070716862,,0.006054115070716862,,,0.0,0.0,1,,,0.0,,0.0,102.36359410822263,,5CLWmDjL...,487072.972078976,,,,True,9003844,1.0,0,5CqaQ34d...,,0.0,0.0,0.0,,COUNTER,0.0,0.0,0.0,OK,0.0,,,0.0,0.0,0.0,0.0,0.0,,False,,,,,4.518517305,1.0,30.0
128,128,128,128,86,SN86,2026-09-18,9095651,0.005990358,0.0,,N/A,False,True,0.0,709.229148801,3.755417312,0.0,118395.101582263,2.103488762,,0.0,,,,,,,0.00330790625847102,,0.00330790625847102,,,0.0,0.0,1,,,0.0,,0.0,188.85495003038426,,5F4XAWGz...,281187.699790921,,,,True,8693284,1.0,0,5F1N5GEH...,,0.0,0.0,0.0,,COUNTER,0.0,0.0,0.0,OK,0.0,,,0.0,0.0,0.0,0.0,0.0,,False,,,,,3.755417312,1.0,30.0
