combined_apy_rank,real_apy_rank,emission_rank,epr_rank,netuid,name,date,block,spot_price,moving_price,momentum_30d,ema_band,ema_lag_flag,low_emission,tao_emission,tao_reserves,alpha_outstanding,alpha_out_emission,alpha_in_pool,volume,ema_tao_inflow,pool_growth_real,pool_ema_divergence,flow_momentum,flow_price_divergence,emission_price_ratio,emission_price_ratio_raw,emission_apy,price_apy_7d,price_apy_30d,combined_apy_7d,combined_apy_30d,real_apy,gross_emission_rate,net_supply_delta,supply_days_gap,supply_defence,supply_defence_quality,burned_tokens,manual_burn,miner_burn_rate,liquidation_price,liquidation_haircut,owner_coldkey,owner_stake,owner_inflow_pct,owner_inflow_flag,large_entry_anomaly,immune,registered_at,vali_miner_share,best_validator_uid,best_validator_hotkey,best_validator_take,best_validator_raw_apy,best_validator_apy,best_validator_div_pct,best_validator_trust,burned_source,alpha_burned_cum,alpha_recycled_cum,recycled_tokens,recon_flag,recon_gap_relative,burn_coverage,owner_cut_emission,total_locked_alpha,locked_float_ratio,owner_locked_alpha,owner_lock_ratio,community_locked_alpha,commitment_class,gate_eligible,leader_is_owner,leader_pct_of_threshold,leader_blocks_to_threshold,governance_flag,basket_alpha,basket_share,ema_halving_days
1,1,1,13,90,KubeTEE,2026-09-24,9138871,0.021825598,0.02249154495075345,-0.029608768637796046,IN BAND,False,False,0.013639659,2792.599721861,350024.041102225,1.0,127950.660921123,88517.588296298,,7947.223049140855,,,,,,12.835718478161533,-13.491478150578507,-0.36024001842651854,-4.764525096999323,8.366713035152666,8.726953053579184,7.508055708757699,4.108765424582351,1,0.0,,0.0,0.0,1.5259021896696368e-05,0.007978308327242634,-0.6344517878849123,5C9y6fnL...,441144.188220936,0.741861156133606,BUYBACK_GAMING,,True,8618670,0.07745597705008078,9,5G9hfkx9...,0.009994659342336155,0.832553808012921,0.8242327163176671,0.008179210156869926,,COUNTER,0.0,115260.709551946,131.56981110799825,DIVERGENT,-1.0,0.0,1295.967040512703,79497.526075297,0.22712018815896032,79497.526075297,0.22712018815896032,0.0,DORMITORY,False,True,2.271201881589603,0,,58228.312299543984,0.16635517982188636,30.0
2,3,87,14,20,Witness,2026-09-24,9138871,0.00232805,0.0023655754048377275,-0.015863119290548164,IN BAND,False,True,1.92e-07,6456.706395594,3199969.722712114,1.0,2773439.552504577,288318.515864563,-0.0009316292818717833,65043.51799532771,ACCUMULATING_PRE_EMA,0.0,,,,7.814758316164388e-05,-5.103134530207979,-0.19300128470166933,1.367199241978999,6.2773324874853085,6.470333772186978,0.8212577704556078,-6.470255624603816,1,0.29825210008120695,MINER_BURN_ONLY,2147.6380570859183,2147.5930124532792,1.5259021896696368e-05,0.0020177398397762526,-0.13329187956605199,5CFVA7aP...,1472666.48857758,,,ENTRY_PRE_EMA_PATTERN,False,1970929,1.0,240,5ED4s3B3...,0.179995422293431,0.964268514289678,0.7907045958558481,0.5902945215931634,,COUNTER,1422279.875552629,0.0,0.0,DIVERGENT,-1.0,1.6571355175851237,1295.967040512703,531862.62777976,0.16620864378959913,525820.822836914,0.1643205618805849,6041.804942846065,FORTRESS,True,True,1.6432056188058513,0,,10491.936297904002,0.00327876111559319,30.0
3,2,69,15,70,SN70,2026-09-24,9138871,0.001816484,0.002002333989366889,-0.09281667811355104,IN BAND,False,True,1.7778e-05,308.60971884,245382.010813226,1.0,169893.962121702,14746.333909283,,12250.813300861948,,,,,,0.15139051412772414,-18.49951761331723,-1.129269583714871,-11.24091505014697,6.1293329794553895,7.25860256317026,10.709831545069203,-7.107212049042536,1,0.0,,0.0,0.0,0.0,0.0012576705106345394,-0.30763468842305275,5Cz1mjiJ...,594332.897010865,,,,True,8825571,0.0,1,5E2LP6En...,0.0,0.9883041351537537,0.9883041351537537,0.4526047547837764,,COUNTER,114390.63833428,0.0,0.0,OK,0.0,0.0,1295.967040512703,0.0,0.0,0.0,0.0,0.0,NEITHER,False,,,,,44223.80842613601,0.18022432972805505,30.0
4,4,46,16,85,Vidaio,2026-09-24,9138871,0.004727031,0.004836508305743337,-0.022635607926762613,IN BAND,False,False,0.000229838,12213.284909233,2695543.808009848,1.0,2583711.315087855,1459929.742260531,-0.006693889346863315,54141.42047665175,ACCUMULATING_PRE_EMA,0.0,,,,0.049455512459500334,-6.5922233406965445,-0.27539989644227847,-0.3543600662260573,5.962463378028208,6.237863274470487,0.9749424187397212,-6.1884077620109865,1,0.07815418260978131,MINER_BURN_ONLY,590.430681222002,590.0703241608896,0.00012207217517357094,0.004530916868403713,-0.04148780314668693,5GTPBjA4...,3034768.346049445,,,,False,5258781,0.328002197567415,98,5GsAAHbe...,,10.527191196178906,10.527191196178906,0.0,,COUNTER,511422.512806106,0.0,0.0,DIVERGENT,-1.0,0.45531275542891075,1295.967040512703,142470.548355096,0.05285410236396183,142470.548355096,0.05285410236396183,0.0,FORTRESS,True,True,0.5285410236396219,,,14564.806044022,0.0054032904235288125,30.0
5,5,85,17,43,Graphite,2026-09-24,9138871,0.004055376,0.00414902507327497,-0.02257134426065285,IN BAND,False,True,5.3e-07,12443.877092003,3000264.252029924,1.0,3068488.62359195,158767.933031637,-0.0008349041341164327,46275.49791336432,ACCUMULATING_PRE_EMA,0.0,,,,0.00011192974582617039,-4.418748571504661,-0.274618021837943,0.26275041833274937,4.406880967999467,4.681498989837411,0.875922845203366,-4.681387060091584,1,0.32491082257439824,MINER_BURN_ONLY,2339.799123988021,2339.663990090104,4.57770656900891e-05,0.004147593693983355,0.022739616248494497,5HjMs5JD...,2795820.306443058,,,ENTRY_PRE_EMA_PATTERN,False,3408582,0.19997863639138125,1,5Hmi3jtS...,,8.012184123316393,8.012184123316393,0.0,,COUNTER,960223.515877953,0.0,0.0,DIVERGENT,-1.0,1.8053422015767466,1295.967040512703,3451.069241962,0.0011502550949060802,3451.069241962,0.0011502550949060802,0.0,EXPOSED,True,True,0.011502550949060802,,UNDEFENDED_BURNER,10919.571120882007,0.0036395364553285675,30.0
6,7,10,18,114,SOMA,2026-09-24,9138871,0.017311655,0.017286285292357206,0.001467620556627576,IN BAND,False,False,0.00523855,7821.550145202,1804766.785401048,1.0,451808.518878913,243317.428552453,-0.00033109223172571404,16806.35844941245,ACCUMULATING_PRE_EMA,0.0,,,,1.760125441175504,-0.551978567601357,0.01785605010563551,2.6841314006546715,3.253966018361664,3.2361099682560286,1.4561438193888396,-1.4759845270805245,1,0.0,,0.0,0.0,0.00012207217517357094,0.004333828729823353,-0.7496583238388616,5FHrQMjz...,1152600.063261585,,,,False,7312241,0.4998855433638042,5,5E2LP6En...,0.0,0.5117197349207203,0.5117197349207203,0.2888600640927819,,COUNTER,373811.447473431,13816.272943106,0.0,OK,0.0,0.0,1295.967040512703,146039.760277138,0.08091890955577712,146039.760277138,0.08091890955577712,0.0,DORMITORY,False,True,0.8091890955577711,,,34371.054497959,0.019044596108477918,30.0
7,6,50,4,96,Verathos,2026-09-24,9138871,0.004789499,0.004857804626226425,-0.014061007282519185,IN BAND,False,False,0.000137506,2721.230777436,834417.431267832,1.0,568166.071526663,99565.924018635,0.0007914143622985852,14746.96709818521,,0.0,,0.16523948795032323,0.16523948795032323,0.132794973140972,-9.8753492478336,-0.17107558860398342,-6.603398546682811,3.1008751125468055,3.271950701150789,3.149502756680142,-3.139155728009817,1,0.12340472816477668,MINER_BURN_ONLY,915.7800411750213,914.0233005020984,0.0005951018539711583,0.0032612343360340673,-0.31908653994205505,5CGq1JQh...,706921.954021081,,,,False,7692872,0.3448302186393062,66,5GTn5Pfe...,,9.142358690350783,9.142358690350783,0.0,,COUNTER,270961.593360088,7897.141864024,0.0,DIVERGENT,-1.0,0.7052828289062797,1295.967040512703,201299.876533415,0.2412460106778397,201299.876533415,0.2412460106778397,0.0,FORTRESS,False,True,2.412460106778406,0,,33159.737546186,0.03973998661054141,30.0
8,8,6,19,80,OpenRoboto,2026-09-24,9138871,0.028384955,0.027741627069190145,0.023189985547903767,IN BAND,False,False,0.008339539,5123.985961447,2172978.662700494,1.0,180517.781886635,320456.252486682,-0.0002903473733555673,-1320.3447243315459,,0.0,,,,4.277199168166904,11.3182540208634,0.2821448241661625,13.778638863814532,2.742529667117294,2.4603848429511315,1.2093998183737447,1.8168143252157725,1,0.006207431817583817,MINER_BURN_ONLY,57.869619539997075,57.82457490735803,1.5259021896696368e-05,0.0023580470666376024,-0.9169261650533671,5CG1eFia...,307597.006390034,0.0,,,False,7151800,0.8950010681478316,2,5HVjAxFQ...,,17.143991418069543,17.143991418069543,0.0,,COUNTER,258349.734265951,2501.379452446,0.0,DIVERGENT,-1.0,0.044618862285634824,1295.967040512703,329534.581783607,0.15165108955744377,329534.581783607,0.15165108955744377,0.0,DORMITORY,False,True,1.516510895574441,0,,22348.657012793006,0.010284802790018638,30.0
9,9,67,20,98,NeverPlayAlone,2026-09-24,9138871,0.002173235,0.0021929629147052765,-0.008996009268094669,IN BAND,False,True,2.5475e-05,4585.359957428,2789566.475513257,1.0,2109923.345265895,207811.563673117,-0.001032365332540136,25717.679866833147,ACCUMULATING_PRE_EMA,0.0,,,,0.014600445902081885,-7.185473468124687,-0.1094514460951518,-4.769725489119505,2.306296532910029,2.415747979005181,0.9420818693759466,-2.401147533103099,1,0.0,,0.0,0.0,0.0,0.0016437536074792164,-0.2436374310743125,5EWzZCNs...,1514988.671027168,,,,False,5445992,1.0,153,5E2LP6En...,0.0,0.46758932269102743,0.46758932269102743,0.21169487128622222,,COUNTER,1255490.393926426,0.181595662,0.0,DIVERGENT,1.0,0.0,1295.967040512703,425246.216889076,0.15244168605476024,425246.216889076,0.15244168605476024,0.0,DORMITORY,True,True,1.5244168605476036,0,,13113.192687010996,0.004700799497742128,30.0
10,10,3,2,51,lium.io,2026-09-24,9138871,0.08832133,0.08945418312214315,-0.012664059774558757,IN BAND,False,False,0.012443343,158458.077189986,4176534.979711602,1.0,1794108.853125367,2136664.538316261,0.015805744069074572,26972.468923941953,,0.0,,0.17895726965473202,0.17895726965473202,0.2063707069018164,-0.643745527814537,-0.1540793939237982,1.185645745893782,1.6753118797845206,1.8293912737083189,0.6292297353586318,-1.6230205668065025,1,0.0,,0.0,0.0,0.0005340657663843729,0.03794008142149641,-0.5704312715683018,5FqACMtc...,216.588029224,,,ENTRY_REPEATED,False,3966206,0.8114503816793893,189,5GP7c3fF...,0.0009918364232852674,0.30399580825002953,0.3036942941348811,0.17183708971052752,,COUNTER,1220050.075654349,47834.295633396,0.0,OK,0.0,0.0,1295.967040512703,513536.836638639,0.12295762854453567,511272.271456285,0.12241541707178263,2264.56518235401,DORMITORY,True,True,1.2241541707178278,0,,15504.697648859992,0.0037123351592114814,30.0
11,11,7,21,15,ORO,2026-09-24,9138871,0.02457165,0.02476229751482606,-0.007699104443435086,IN BAND,False,False,0.007724819,13644.875186084,1580054.160247294,1.0,555309.953157848,591154.863856635,-0.0009198017926109515,8517.921366764465,ACCUMULATING_PRE_EMA,0.0,,,,1.4877984631698355,-5.277998188351367,-0.09367243739512689,-3.942109075625816,1.2422166753304233,1.3358891127255503,1.6632341258407828,0.1519093504442852,1,0.0,,0.0,0.0,0.000457770656900891,0.008635700933155636,-0.6485502221806173,5EHdase3...,216.588029224,,,,False,7366897,0.9687199450423631,134,5E2LP6En...,0.0,0.6127779246768066,0.6127779246768066,0.22168472455363955,,COUNTER,372945.467614599,2797.563389807,0.0,DIVERGENT,1.0,0.0,1295.967040512703,1010.651574802,0.0006396309697661397,1010.651574802,0.0006396309697661397,0.0,NEITHER,False,True,0.006396309697661396,,,28070.725583946005,0.017765673032089393,30.0
12,93,93,22,118,Ditto,2026-09-24,9138871,0.007364402,0.006815947592258453,0.0804663475353714,IN BAND,False,True,0.0,6371.196955218,2240590.215616699,1.0,865134.428575378,773508.443823639,-0.0019519015973399523,-46815.11844281212,,0.0,,,,,2.876801794651631,0.9790072283470186,2.876801794651631,0.9790072283470186,,1.172905237951631,9.196395475600418,1,0.18450102957014072,SKIN_IN_GAME,1328.4074129050132,1328.4074129050132,0.0,0.0028435351144583997,-0.6138810572184409,5HGXqHbQ...,1495931.347012755,0.32892899884071247,BUYBACK_GAMING,,False,5724794,1.0,0,5HEouuDa...,0.179995422293431,1.2379088969029477,1.0150909622441062,0.7187089882496567,,COUNTER,322256.234339033,1788.13704218,0.0,DIVERGENT,-1.0,1.0250317881382818,1295.967040512703,129837.141384595,0.05794774094773894,108317.742601608,0.04834339713109685,21519.398782987002,FORTRESS,True,True,0.48343397131096894,,,32596.138507222015,0.014548014304458734,30.0
13,14,64,23,6,Numinous,2026-09-24,9138871,0.002335424,0.0023432483430951834,-0.003339101089408319,IN BAND,False,True,3.309e-05,7508.906860758,2630949.594184393,1.0,3215221.658704757,703542.411728442,-0.004023880888700968,13222.78511623526,ACCUMULATING_PRE_EMA,0.0,,,,0.011580982640024598,-5.526944850335553,-0.04062572992113454,-4.662248712403738,0.8240704080106807,0.8646961379318152,0.9988788860908194,-0.8531151552917906,1,0.0,,0.0,0.0,0.0018616006713969568,0.002854067169266995,0.22207666328126927,5CfSg4e2...,92089.21901705,,,,False,3219949,0.03269992203384653,237,5FxePapj...,,13.79337594827071,13.79337594827071,0.0,,COUNTER,185360.665463109,0.0,0.0,DIVERGENT,1.0,0.0,1295.967040512703,662466.459537209,0.2517974730498692,662466.459537209,0.2517974730498692,0.0,DORMITORY,True,True,2.517974730498692,0,,10480.085462199,0.003983385118956594,30.0
14,12,38,24,105,Beam,2026-09-24,9138871,0.004951393,0.005082172574475408,-0.025733005433981514,IN BAND,False,False,0.000618051,4467.269720101,2060124.042196874,1.0,902224.821223954,559929.658901268,-0.0010888053840733777,12217.878044577781,ACCUMULATING_PRE_EMA,0.0,,,,0.3635862909041628,-11.704982171282111,-0.3130848994467751,-10.634020398419297,0.7578768734160389,1.070961772862814,1.275651342429631,-0.7073754819586512,1,0.0,,0.0,0.0,0.001617456321049815,0.002168446961735952,-0.562053151156462,5G3ic2pA...,2055194.300064152,,,,False,6841399,0.0,42,5CFqNvdc...,,0.45869997432660337,0.45869997432660337,0.010285208527261907,,COUNTER,452240.813141888,1869.377328683,0.0,OK,0.0,0.0,1295.967040512703,178151.889518433,0.08647629262578552,178151.889518433,0.08647629262578552,0.0,DORMITORY,False,True,0.8647629262578557,,,18831.168751090998,0.009140793644158351,30.0
15,13,53,25,88,Investing,2026-09-24,9138871,0.003028149,0.0030952654778957367,-0.021683593337966194,IN BAND,False,True,9.8174e-05,6165.909609847,3275340.679272412,1.0,2036197.145155014,723468.219748871,-0.0006446650318909965,15432.737119026715,ACCUMULATING_PRE_EMA,0.0,,,,0.041843181026846414,-5.249630441583808,-0.2638170522785887,-4.3214832825203935,0.664330106784826,0.9281471590634147,0.8023592833047789,-0.8863039780365684,1,0.0,,0.0,0.0,0.000579842832074462,0.0018825246634242342,-0.37832495579833286,5FhMsGJS...,2867749.217650432,,,,False,5299805,0.42328656274333176,252,5FWKTXUk...,0.179995422293431,0.3399164725392978,0.2787330635200934,0.0,,COUNTER,175269.313011837,0.0,0.0,OK,0.0,0.0,1295.967040512703,1189728.094809283,0.36323796859921476,1189728.094809283,0.36323796859921476,0.0,DORMITORY,True,True,3.6323796859921487,0,,11402.152139388,0.0034812110421200177,30.0
16,16,31,26,19,blockmachine,2026-09-24,9138871,0.009458527,0.009485631017014384,-0.0028573762742582134,IN BAND,False,False,0.001316947,31317.076995901,2742184.454494417,1.0,3310988.590340456,1681246.206434358,-0.008205630128196056,12111.00239682477,ACCUMULATING_PRE_EMA,0.0,,,,0.11051276325862058,-1.8684732255696896,-0.034764744670141595,-1.2529604911665713,0.5807479897329767,0.6155127344031183,0.9583600387248677,-0.5049999711444977,1,0.0,,0.0,0.0,0.0002441443503471419,0.011420485206446479,0.20742745740922233,5FWh37Lf...,1319587.018800802,,,,False,1956072,0.0,20,5ChmduXv...,0.0,0.42591843537617974,0.42591843537617974,0.01571823162264036,,COUNTER,1013639.146969995,0.0,0.0,OK,0.0,0.0,1295.967040512703,169452.424168906,0.06179468485104089,169452.424168906,0.06179468485104089,0.0,DORMITORY,True,True,0.61794684851041,,,48280.25971043297,0.01760649602958037,30.0
17,17,42,27,63,Enigma,2026-09-24,9138871,0.004150772,0.0041592970956116915,-0.0020496481534551456,IN BAND,False,False,0.000300718,11017.461030049,3370243.316095581,1.0,2654315.630200133,1241857.582015414,-0.0023243817583002914,12267.35119746346,ACCUMULATING_PRE_EMA,0.0,,,,0.0717304015729734,-7.485034268928018,-0.024937385867037604,-6.932910021032013,0.5271868620289675,0.5521242478960051,0.7797656588915165,-0.48039384632303167,1,4.4484925803820815e-07,MINER_BURN_ONLY,0.09352422703523189,0.0034349617571365343,3.0518043793392735e-05,0.0032690402433058464,-0.21242596719216408,5CqTmNfg...,26979.410182003,,,,False,4885578,3.051897517281077e-05,147,5EZ52JMq...,0.0,0.344787544442138,0.344787544442138,0.9444079901115502,,COUNTER,725440.77586467,0.0,0.0,OK,-1.0,2.650500861331793e-06,1295.967040512703,72397.992373783,0.021481532810413196,72397.992373783,0.021481532810413196,0.0,DORMITORY,True,True,0.21481532810413195,,,10063.671012459,0.002986036932228899,30.0
18,18,88,28,45,AlphaRidge.ai,2026-09-24,9138871,0.002421394,0.0024251402355730534,-0.0015447500800580488,IN BAND,False,True,1.25e-07,6235.450337006,3204911.328141007,1.0,2575148.59824254,750903.427870199,-0.0007759101295867152,11494.486775109079,ACCUMULATING_PRE_EMA,0.0,,,,5.2682642350693755e-05,-1.8783334820552373,-0.018794459307372925,-1.3573962368169799,0.5021427859308846,0.5209372452382575,0.8199914852322477,-0.5208845625959068,1,0.2584833450078009,MINER_BURN_ONLY,1868.4285212508403,1861.1763353959536,0.002456702525368115,0.0019455921548453081,-0.19649914270651195,5FbcZiAH...,917.231765369,,,ENTRY_REPEATED,False,3633154,0.763407470859975,48,5G9hfkx9...,0.009994659342336155,0.3658691052680148,0.36221236819697566,0.01300167862047917,,COUNTER,1091041.402353,0.0,0.0,DIVERGENT,-0.8467089961718234,1.4361293746017227,1295.967040512703,111021.243458233,0.03464097196181409,111019.200205241,0.03464033442374118,2.043252992007183,FORTRESS,True,True,0.34640334423741187,,,15444.877974155997,0.0048191280172218435,30.0
19,19,72,29,13,Data Universe,2026-09-24,9138871,0.005094321,0.005107201170176268,-0.0025219625675765847,IN BAND,False,True,5.653e-06,19070.684634214,2369972.102191924,1.0,3743518.435907113,971043.732560157,-0.0029832593986156373,10431.048516295385,ACCUMULATING_PRE_EMA,0.0,,,,0.0007790010838597401,-4.344196611727548,-0.030683877905515113,-3.860990461219157,0.4525222726028758,0.48320615050839094,1.10887381229907,-0.4824271494245312,1,0.2875299266489246,MINER_BURN_ONLY,2078.1435201870045,2072.5129411071234,0.001907377737087046,0.008046797097981041,0.5795622415589913,5HBswBt1...,4441.182859449,,,,False,1907637,0.7074606329307445,3,5HEU7ksV...,0.179995422293431,0.7195171557962606,0.5900073614913443,0.04498702884175187,,COUNTER,683004.615144173,0.0,0.0,DIVERGENT,-1.0,1.5992018904178362,1295.967040512703,93697.039216446,0.039535081079557055,93697.039216446,0.039535081079557055,0.0,FORTRESS,True,True,0.39535081079557055,,,11245.62019937699,0.00474504328087922,30.0
20,15,68,30,47,GPUForge,2026-09-24,9138871,0.001995041,0.0020543579012155533,-0.0288736939072086,IN BAND,False,True,1.9678e-05,1064.525515247,1519513.984897637,1.0,533585.736993919,54103.320301199,1.9567391779975152e-05,10310.318683593709,,0.0,,,0.009808014862839987,0.04857918693287586,-4.87055800128771,-0.3512966092043713,-4.115934695072252,0.40332669701108664,0.7546233062154579,1.729500370591875,-0.706044119282582,1,0.0,,0.0,0.0,0.0,0.0007005697386317326,-0.6488444404742898,5D7yqC9y...,1002924.071244612,,,,False,7340355,1.0,28,5G9hfkx9...,0.009994659342336155,0.7115295995850915,0.7044181036252497,0.021500618009247248,,COUNTER,682725.854146639,52.790049364,0.0,OK,0.0,0.0,1295.967040512703,81020.057379084,0.05331971813641581,1082.01056104,0.0007120767375582202,79938.046818044,NEITHER,False,False,0.6197900600192845,,,25140.717302834997,0.016545235879832074,30.0
21,94,94,31,84,SN84,2026-09-24,9138871,0.002607756,0.0025240869726985693,0.033148234671160334,IN BAND,False,True,0.0,1521.162685751,858033.714730353,1.0,583322.3748897,70487.245844808,-0.004139727322791386,-11481.786215529777,,0.0,,,,,12.797668057313913,0.4033035218324507,12.797668057313913,0.4033035218324507,,3.06281671090964,8.165763481099443,1,0.41000228793486104,,2952.0164731309997,2952.0164731309997,0.0,0.001772847219912615,-0.32016368866081996,5FRdKaxK...,761724.4399815891,0.1524021791150468,,,False,8085297,1.0,0,5DvbToTj...,0.179995422293431,3.079095372711838,2.524872300818821,1.0,,COUNTER,60851.60723447,61159.068233539,0.0,DIVERGENT,-1.0,2.2778484180918213,1295.967040512703,660.436412233,0.000769709162815997,660.436412233,0.000769709162815997,0.0,EXPOSED,False,True,0.00769709162815997,,,9134.690996755,0.010646074670417447,30.0
22,95,95,32,121,sundae_bar,2026-09-24,9138871,0.004096059,0.003995978971943259,0.02504518386093295,IN BAND,False,True,0.0,5950.138783011,2971285.052023423,1.0,1452649.364052815,552581.322136361,-0.0014768339828714987,-28151.398959275102,,0.0,,,,,0.9498743920289042,0.3047164036413509,0.9498743920289042,0.3047164036413509,,0.8844657964439836,4.406799266232278,1,0.4100022879369337,MINER_BURN_ONLY,2952.0164731459226,2952.0164731459226,0.0,0.0020025472746073286,-0.5111038989899002,5CXGaDJs...,1859483.71923721,0.015582643851509394,,,False,5766528,1.0,0,5EL9y2gd...,0.179995422293431,1.0036490340580522,0.8229968023383789,0.7321074317106668,,COUNTER,1339347.533545814,0.0,0.0,DIVERGENT,-1.0,2.277848418103336,1295.967040512703,202885.709556554,0.06828214257611882,202885.709556554,0.06828214257611882,0.0,FORTRESS,True,True,0.6828214257611882,,,13752.40097305099,0.004628435418434764,30.0
23,20,47,11,67,Harnyx,2026-09-24,9138871,0.003872477,0.0039003135170787573,-0.007136994745900874,IN BAND,False,False,0.000222425,2795.369213169,954709.375337376,1.0,721855.546320922,68936.296398325,0.00015566218436049352,7642.262568513281,,0.0,,0.04019705846167544,0.04019705846167544,0.20910758308643534,-5.2956799169656135,-0.0868334360751273,-4.949066792995173,0.2597796878953136,0.34661312397044086,2.752670150611347,-0.13750554088400552,1,0.005163701337342267,MINER_BURN_ONLY,43.05280803097412,39.31410352193316,0.0012664988174257985,0.0029279792210914132,-0.24390016490958805,5HEAv3TU...,1073848.555321507,,,,False,7236936,0.01662286866711493,246,5HGnF3Wr...,0.0,0.7130939745779384,0.7130939745779384,0.0084083625820235,,COUNTER,280375.514816735,6279.314248273,0.0,DIVERGENT,0.8699783649795431,0.03033572791047212,1295.967040512703,522.283347221,0.0005470600380732986,522.283347221,0.0005470600380732986,0.0,NEITHER,False,True,0.005470600380732986,,,31485.027128227994,0.03297865082460491,30.0
24,96,96,33,27,Orion,2026-09-24,9138871,0.002319072,0.0022826523054391146,0.015954989936095197,IN BAND,False,True,0.0,6210.172547292,3456205.959993471,1.0,2677868.811406757,833088.552049384,-0.002571603639063033,-40578.78298849566,,0.0,,,,,-0.32131042942711335,0.19411904422249154,-0.32131042942711335,0.19411904422249154,,0.7603713524077612,5.126588780965613,1,0.4100022879780348,MINER_BURN_ONLY,2952.0164734418504,2952.0164734418504,0.0,0.0017968178456887248,-0.2251996291237509,5GLT9wjW...,79343.612999209,0.02511959050288582,,,False,1727132,1.0,203,5H6Bqkzj...,0.179995422293431,13.57999682595172,11.135659562521088,0.0,,COUNTER,1352277.501811859,0.0,0.0,DIVERGENT,-1.0,2.277848418331681,1295.967040512703,29259.979274079,0.0084659246621212,29259.979274079,0.0084659246621212,0.0,FORTRESS,True,True,0.08465924662121198,,,10117.832115922001,0.002927438999017615,30.0
25,24,44,34,50,Synth,2026-09-24,9138871,0.003992789,0.004006600007414818,-0.003447064191398791,IN BAND,False,False,0.000261817,10169.619715346,3256095.491380747,1.0,2546996.490140873,1229847.993124011,-0.0056701551055483215,9263.337388049811,ACCUMULATING_PRE_EMA,0.0,,,,0.06765789628905415,-5.290057957742111,-0.041939280995351956,-5.055893285462227,0.19222539128453223,0.2341646722798842,0.8071016365940782,-0.16650677599083002,1,0.0,,0.0028779369895346463,0.0,0.001785305561913475,0.0031232559801351446,-0.21777585038048727,5DxyiWpG...,2208456.291549856,,,,False,4763204,0.19390687578342347,220,5Ff9fYuf...,,13.628828321520043,13.628828321520043,0.0,,COUNTER,467621.623798156,0.0,0.0,OK,-1.0,0.0,1295.967040512703,212500.00519846,0.06526221536222496,212500.00519846,0.06526221536222496,0.0,DORMITORY,True,True,0.6526221536222496,,,26820.153430206006,0.008236906288897849,30.0
26,21,16,1,9,iota,2026-09-24,9138871,0.025014767,0.025189326843246818,-0.006929912987873921,IN BAND,False,False,0.003436375,53678.280882493,4002522.796286541,1.0,2145863.709441946,1116176.819683448,0.01301328860220348,9468.865060467739,,0.0,,0.5202242580234099,0.5202242580234099,0.16823924595814252,-4.550952838885442,-0.08431394135246605,-4.275960558363456,0.19067833916951915,0.2749922805219852,0.6565858918875377,-0.10675303456384268,1,0.10432562482519106,MINER_BURN_ONLY,854.3771836159285,854.3321389832895,1.5259021896696368e-05,0.013411111844833118,-0.46387220617193364,5Fsbubec...,4525.530872188,,,,False,1489797,0.499938962981048,128,5G8vqtuA...,0.179995422293431,2.8069067527700495,2.301676386466921,0.0,,COUNTER,1201549.393967141,46681.104420658,0.0,DIVERGENT,-1.0,0.659223662544152,1295.967040512703,566487.003304132,0.1415324864182428,566487.003304132,0.1415324864182428,0.0,FORTRESS,True,True,1.4153248641824279,0,,16038.904816786006,0.004007198867590854,30.0
27,97,97,35,94,pending...,2026-09-24,9138871,0.004149715,0.004097338067367673,0.012783161108787038,IN BAND,False,True,0.0,2204.296336431,1951393.927913803,1.0,531192.222451869,117473.584570093,-7.290167659344193e-05,-9420.198493855307,,0.0,,,,,4.965205896860071,0.15552846015690897,4.965205896860071,0.15552846015690897,,1.3467296184576856,3.153329437751059,1,0.4100022879356887,,2952.0164731369587,2952.0164731369587,0.0,0.0011296008995926158,-0.727788318091094,5CnwnkkC...,810729.785925428,0.09497931221638117,,,False,6962737,1.0,0,5EeKtCKE...,0.179995422293431,1.8535150567371903,1.519890831372547,0.39467700337265554,,COUNTER,806985.867625586,0.075116968,0.0,DIVERGENT,-1.0,2.2778484180964194,1295.967040512703,273.723032556,0.0001402705156762643,273.723032556,0.0001402705156762643,0.0,EXPOSED,False,True,0.0014027051567626425,,,22784.642747470003,0.01167608570547753,30.0
28,23,90,36,65,True Performance Network,2026-09-24,9138871,0.002138913,0.002155191730707884,-0.007553263348192647,IN BAND,False,True,9.4e-08,5604.576170288,3336102.355080849,1.0,2620291.030725426,303604.362510365,-0.00012719120635281114,9501.041453168727,ACCUMULATING_PRE_EMA,0.0,,,,4.407683872861092e-05,-5.250097980652532,-0.09189803740301053,-5.008833797895379,0.14936614535414194,0.24126418275715247,0.7877456145785166,-0.24122010591842385,1,0.30747299299137515,MINER_BURN_ONLY,2214.0383410400245,2213.9032071421075,4.57770656900891e-05,0.0016799772829968148,-0.21456492947734912,5GxEEHxL...,1448819.328605785,,,,False,4950813,0.7500305194408838,0,5DAmVrUg...,0.179995422293431,0.896338624457743,0.7350017752305585,0.4552710291783665,,COUNTER,1045698.885906917,0.0,0.0,DIVERGENT,-1.0,1.7083020925179206,1295.967040512703,171794.150223016,0.051495467446127756,171794.150223016,0.051495467446127756,0.0,FORTRESS,True,True,0.5149546744612776,,,19307.87875206799,0.005787555865203684,30.0
29,22,71,37,92,Available,2026-09-24,9138871,0.001532556,0.0015511573292315006,-0.011991903645722625,IN BAND,False,True,6.445e-06,625.534174047,557556.184883219,1.0,408163.770666919,80775.222721385,-2.6195570558567144e-05,7654.044402115105,ACCUMULATING_PRE_EMA,0.0,,,,0.027076794046950653,-22.008707063317583,-0.14590149435629193,-21.76724081415232,0.09556475480897245,0.24146624916526438,4.713426325905503,-0.21438945511831373,1,0.0,,0.0,0.0,0.0,0.0011219213256113715,-0.2679410568936003,5E9LPDS2...,794792.723296923,,,,True,8352006,1.0,1,5E2LP6En...,0.0,0.8625713846463309,0.8625713846463309,0.23018937024094732,,COUNTER,228023.09849291,0.041020142,0.0,OK,0.0,0.0,1295.967040512703,48891.352512339,0.08768865602769589,48891.352512339,0.08768865602769589,0.0,DORMITORY,False,True,0.8768865602769652,,,45048.33791317101,0.08079605093539848,30.0
30,98,98,38,116,Memo,2026-09-24,9138871,0.002079614,0.002065218985080719,0.0069702123713134495,IN BAND,False,True,0.0,846.381500883,634571.797461268,1.0,406989.522644601,113526.56740172,0.0001614247536338362,2095.479591573996,,0.0,,,0.07762245956886048,,-29.45249934258388,0.08480425051764696,-29.45249934258388,0.08480425051764696,,4.141375350297385,3.0148709981115367,1,0.4100022881295849,MINER_BURN_ONLY,2952.016474533011,2952.016474533011,0.0,0.0013337836699789042,-0.3586388291390113,5F48aA3P...,107345.882594915,,,,True,8294730,1.0,0,5CXN6pP6...,0.179995422293431,10.03751599186293,8.230809062130495,0.0,,COUNTER,256586.401880238,1764.319155568,0.0,DIVERGENT,-1.0,2.2778484191736474,1295.967040512703,30.45052749,4.798594518669669e-05,30.45052749,4.798594518669669e-05,0.0,EXPOSED,False,True,0.00047985945186696693,,,39999.56532951498,0.06303394744226151,30.0
31,99,99,39,24,Quasar,2026-09-24,9138871,0.004445952,0.004421228775754571,0.005591935070405837,IN BAND,False,True,0.0,9132.348203135,3935708.702978762,1.0,2054081.272475616,1594604.827210671,-0.003987432863262727,6441.204198053107,ACCUMULATING_PRE_EMA,0.0,,,,,-6.513429880892746,0.06803521002327101,-6.513429880892746,0.06803521002327101,,0.6677323446247392,0.07910619257586142,1,0.41000228793722476,MINER_BURN_ONLY,2952.016473148018,2952.016473148018,0.0,0.00232038214520885,-0.47809104884424086,5ELutYW7...,326880.724679791,,,,False,2538424,1.0,155,5ELpkVn8...,0.179995422293431,3.2962665931177013,2.7029536956977513,0.0,,COUNTER,708400.488645127,0.0,0.0,DIVERGENT,-1.0,2.277848418104953,1295.967040512703,700000.000065042,0.177858691507134,0.0,0.0,700000.000065042,EXPOSED,True,False,1.1163364462704297,0,TAKEOVER_IMMINENT,10938.372980364999,0.0027792638647484843,30.0
32,27,51,40,21,AdTAO,2026-09-24,9138871,0.003351332,0.003344874596223235,0.0019305368829240681,IN BAND,False,False,0.000132317,7428.245793999,3825351.378221896,1.0,2216505.216768208,600003.150073629,-0.0017317969702688176,7465.577326541301,ACCUMULATING_PRE_EMA,0.0,,,,0.04681173531992132,-0.21542095659207847,0.023488198742242828,-0.18008808625360354,0.058821069080717756,0.035332870338474924,0.6869957136386121,0.011478864981446393,1,0.0,,0.0,0.0,0.00015259021896696368,0.0019418466591824056,-0.4205746672718771,5HjCYVfr...,2059679.239696651,,,,False,3156578,1.0,110,5GCYWvew...,,18.263133352271232,18.263133352271232,0.0,,COUNTER,834653.38669571,0.0,0.0,OK,0.0,0.0,1295.967040512703,5839.628796876,0.0015265601037649991,5839.628796876,0.0015265601037649991,0.0,NEITHER,True,True,0.015265601037649991,,,11124.967100554995,0.002908220971252611,30.0
33,25,26,41,124,Swarm,2026-09-24,9138871,0.009958602,0.010014478815719485,-0.0055796029676328605,IN BAND,False,False,0.001681683,12344.343075752,3579546.891884755,1.0,1239565.826116728,309015.378204794,-7.80977163950547e-05,5534.816438560607,ACCUMULATING_PRE_EMA,0.0,,,,0.35801523798225876,-5.424848847877761,-0.06788516943953313,-5.300947460784099,0.056016217654128814,0.12390138709366194,0.7341711337705839,0.23411385088859682,1,0.0,,0.0,0.0,0.00021362630655374915,0.0034485769983173143,-0.6537087235419877,5HKYqfJr...,2313380.121886488,,,,False,5813454,0.012759268020939962,97,5DJinaSF...,,11.431616186903218,11.431616186903218,0.0,,COUNTER,897004.632666029,6243.286010635,0.0,DIVERGENT,1.0,0.0,1295.967040512703,1000000.110795789,0.2793649981406598,1000000.110795789,0.2793649981406598,0.0,DORMITORY,True,True,2.7936499814065976,0,,21617.709764409003,0.006039230779018105,30.0
34,100,100,42,46,Instant,2026-09-24,9138871,0.003617177,0.00360974227078259,0.002059628821034447,IN BAND,False,True,0.0,8560.242779029,3468023.814855087,1.0,2366552.859220681,1469030.549437735,-0.006844200137852545,-16103.060469471384,,0.0,,,,,-4.231600681420219,0.02505881732258577,-4.231600681420219,0.02505881732258577,,0.7577802634293076,2.479217251180506,1,0.4100022880613849,MINER_BURN_ONLY,2952.0164740419714,2952.0164740419714,0.0,0.0024683344855827333,-0.31760749181399384,5Ft9E2ov...,693596.805394446,0.04150742343153892,,,False,3919107,1.0,238,5CDnZ6oe...,0.179995422293431,1.8894387148606004,1.549348395481709,0.21626405823198183,,COUNTER,1047243.842101145,28041.129768459,0.0,DIVERGENT,-1.0,2.277848418794749,1295.967040512703,166420.891051655,0.04798723997764962,166420.891051655,0.04798723997764962,0.0,FORTRESS,True,True,0.4798723997764978,,,10963.391496036002,0.0031612791841494643,30.0
35,101,101,43,113,LongShort,2026-09-24,9138871,0.001974055,0.001970629207789898,0.0017384255731926082,IN BAND,False,True,0.0,1615.99126561,1614513.634403677,1.0,818614.86038371,68236.421009978,-0.0004889739469761811,306.3734043117147,ACCUMULATING_PRE_EMA,0.0,,,,,-4.044981952200912,0.0211508444738434,-4.044981952200912,0.0211508444738434,,1.627734782785316,1.5866311931026078,1,0.41000228793861526,MINER_BURN_ONLY,2952.01647315803,2952.01647315803,0.0,0.0010009152175459136,-0.4929648781083032,5GndoVhM...,583134.050633114,,,,False,7119664,1.0,0,5FRumLA6...,0.179995422293431,2.4199137259522385,1.9843403329357951,0.3362536058242647,,COUNTER,808844.249640273,0.0,0.0,DIVERGENT,-1.0,2.2778484181126784,1295.967040512703,58585.611344077,0.03628684830878848,58585.611344077,0.03628684830878848,0.0,FORTRESS,False,True,0.36286848308788605,,,22238.530451061008,0.013774136047649323,30.0
36,28,36,44,91,cascade,2026-09-24,9138871,0.005636829,0.005644069518893957,-0.0012828543074670901,IN BAND,False,False,0.000883657,3464.617293583,1165351.19982625,1.0,614639.405612236,186041.00252258,-0.00013977869327964234,6264.983164460282,ACCUMULATING_PRE_EMA,0.0,,,,0.6702762236686756,-12.079598754150748,-0.015608060740849595,-12.044519630954177,0.019471062455721763,0.03507912319657136,2.2551141667780716,0.6351971004721042,1,0.0,,0.0,0.0,1.5259021896585345e-05,0.0029730241785476882,-0.47257151519982454,5HEe7NjS...,411198.803816453,,,,False,7633645,0.0,1,5E2LP6En...,0.0,0.6769353001997542,0.6769353001997542,0.4910195174802765,,COUNTER,399376.775480423,9542.545852108,0.0,DIVERGENT,1.0,0.0,1295.967040512703,152159.491459508,0.1305696441400622,152159.491459508,0.1305696441400622,0.0,DORMITORY,False,True,1.3056964414006222,0,,37319.124704361006,0.03202392953293836,30.0
37,102,102,45,29,hoτfloaτ,2026-09-24,9138871,0.002800802,0.0027973174583166838,0.0012456725899865856,IN BAND,False,True,0.0,8347.507224388,3061933.112261112,1.0,2980398.437823283,208904.76989501,-0.011022358310089313,-4125.478928805795,,0.0,,,,,0.9681642283635311,0.015155683178170124,0.9681642283635311,0.015155683178170124,,0.8582813221740595,1.3664028573498208,1,0.0,,0.0,0.0,0.0,0.002726221285161814,-0.026628342466974073,5HHHHHzg...,53626.419854985,0.30617117589683374,BUYBACK_GAMING,,False,3379782,1.0,19,5GRRRRhL...,0.179995422293431,8.837772396898494,7.247013822185521,0.0,,COUNTER,610829.352749762,0.0,0.0,OK,0.0,0.0,1295.967040512703,3165.974907187,0.0010339791207421437,3165.974907187,0.0010339791207421437,0.0,NEITHER,True,True,0.010339791207421437,,,10469.734889616997,0.0034193218812299682,30.0
38,26,37,46,77,Liquidity,2026-09-24,9138871,0.005254429,0.005269766319543123,-0.002910436367215095,IN BAND,False,False,0.000700558,11838.362226926,3360068.926759981,1.0,2253025.368768158,409863.216887679,-0.006935415302332664,7277.0279755690135,ACCUMULATING_PRE_EMA,0.0,,,,0.1555169869538668,-1.883131903953537,-0.03541030913445032,-1.8355254769541802,0.012196117864906493,0.04760642699935681,0.782126812658604,0.10791055995450997,1,0.0,,0.0,0.0,0.00010681315327687457,0.0035232498156939286,-0.32947046849544853,5GxxsUeY...,2677493.409924267,,,,False,5128460,0.44632828714442674,42,5E7F9Awq...,,19.10716054201515,19.10716054201515,0.0,,COUNTER,140886.89655137,14115.257752168,0.0,OK,0.0,0.0,1295.967040512703,369577.913917543,0.10999117041147025,369577.913917543,0.10999117041147025,0.0,DORMITORY,True,True,1.0999117041147024,0,,11579.116168650999,0.003446094833482006,30.0
39,29,24,6,83,CliqueAI,2026-09-24,9138871,0.008517295,0.008538157446309924,-0.002443436589347648,IN BAND,False,False,0.001735413,8207.586735317,2862757.686318586,1.0,963637.721551549,154337.830537618,0.000950791968390149,4644.313325989875,,0.0,,0.11163074290489516,0.11163074290489516,0.5556645955839362,-2.62767289601184,-0.029728478503729717,-2.599003335119492,-0.0010589176113816497,0.028669560892348067,0.9179959633186849,0.5269950346915881,1,0.0,,0.0,0.0,0.0018616006713969568,0.0028670211155285346,-0.6633883039710924,5DqEjRLy...,994671.617094134,,,,False,5231190,0.0,198,5E2LP6En...,0.0,0.40180257482307435,0.40180257482307435,0.09618495345643217,,COUNTER,345172.824104195,26063.92679357,0.0,OK,0.0,0.0,1295.967040512703,8057.340853611,0.0028145381958514554,8057.340853611,0.0028145381958514554,0.0,NEITHER,True,True,0.028145381958514553,,,16293.82137712,0.005691652302599641,30.0
40,103,103,47,12,Compute Horde,2026-09-24,9138871,0.004711629,0.004712529480457306,-0.00019108219079371383,IN BAND,False,True,0.0,12569.054131509,3608850.291170976,1.0,2667665.892995988,425243.256690262,-0.0016389071287063602,281.98399478849024,ACCUMULATING_PRE_EMA,0.0,,,,,-0.6057833124961735,-0.0023248333213235182,-0.6057833124961735,-0.0023248333213235182,,0.7282097587781298,0.710591321336665,1,0.40761978070790955,MINER_BURN_ONLY,2935.087644260144,2934.8624210969488,7.629510948348184e-05,0.003482841657981516,-0.260798832424727,5ELzhHvg...,1619479.199468491,,,,False,2256433,0.0056920494430031665,136,5EHcd8Jp...,,3.8415146358241516,3.8415146358241516,0.0,,COUNTER,1648181.318492867,0.0,0.0,DIVERGENT,-1.0,2.2646119302045484,1295.967040512703,3870.537061652,0.0010725125038079963,3870.537061652,0.0010725125038079963,0.0,EXPOSED,True,True,0.010725125038079963,,UNDEFENDED_BURNER,9833.043039140995,0.0027247023971034372,30.0
41,104,104,48,104,TAOstatus,2026-09-24,9138871,0.00417787,0.004179514711722732,-0.0003935173904564319,IN BAND,False,True,0.0,5934.868225014,3216741.370070505,1.0,1420548.795847251,76144.183040332,-0.0017383027949343672,289.9675078766886,ACCUMULATING_PRE_EMA,0.0,,,,,-1.5383497944605928,-0.004787794917219921,-1.5383497944605928,-0.004787794917219921,,0.8169758453233681,0.46032377662574675,1,0.0,,0.0,0.0,0.0,0.0018449939060173554,-0.5583888665713975,5HBb3F1b...,1131254.393281299,,,,False,5528520,1.0,25,5Coeuhim...,0.179995422293431,1.344862693697837,1.1027935652190137,0.4119693594164861,,COUNTER,340321.172598343,218657.093324466,2952.0164731449913,OK,-0.03184264073586068,0.0,1295.967040512703,3017.92106809,0.0009381920151149276,3017.92106809,0.0009381920151149276,0.0,NEITHER,True,True,0.009381920151149276,,,10723.188722752997,0.003333556381785821,30.0
42,105,105,49,72,StreetVision by NATIX,2026-09-24,9138871,0.002058318,0.0020594072993844748,-0.000528938294430818,IN BAND,False,True,0.0,6084.582475553,2491046.886821827,1.0,2956094.046098361,245623.645497772,-0.000693472829379333,12238.613060559612,ACCUMULATING_PRE_EMA,0.0,,,,,-4.559421020513571,-0.006435415915574952,-4.559421020513571,-0.006435415915574952,,1.0549781354589047,-0.7231067687981694,1,0.41000228793624655,MINER_BURN_ONLY,2952.016473140975,2952.016473140975,0.0,0.002442580469979007,0.1866876109420444,5FjP8fFb...,0.006316171,,,,False,5064327,1.0,29,5H9ABR2Z...,0.0899977111467155,0.4905173498867398,0.44637191111918056,0.01040728815369825,,COUNTER,510062.832634847,0.0,0.0,DIVERGENT,-1.0,2.277848418099518,1295.967040512703,367670.348956095,0.14759671963669174,361682.080698227,0.14519280331960144,5988.268257868011,FORTRESS,True,True,1.4519280331960165,0,,9963.646148234997,0.0039997826620385285,30.0
43,106,106,50,52,Dojo,2026-09-24,9138871,0.006090652,0.006095046177506447,-0.000720942447107813,IN BAND,False,True,0.0,17581.990641119,3132209.199345489,1.0,2886717.057915926,766283.110260488,-0.001055169699966047,6982.110086243134,ACCUMULATING_PRE_EMA,0.0,,,,,-0.7186793812984043,-0.008771466439811726,-0.7186793812984043,-0.008771466439811726,,0.8390244178291637,0.036358900054314545,1,0.41000228793638394,MINER_BURN_ONLY,2952.0164731419645,2952.0164731419645,0.0,0.0056132874664926455,-0.07837658981458055,5Fv1ZvNP...,39606.459656466,,,ENTRY_PRE_EMA_PATTERN,False,3989825,1.0,130,5E2LP6En...,0.0,0.39053763412735043,0.39053763412735043,0.7402563711277278,,COUNTER,1203951.16841051,0.0,0.0,DIVERGENT,-1.0,2.2778484181002816,1295.967040512703,167638.354572778,0.05352080397688888,167638.354572778,0.05352080397688888,0.0,FORTRESS,True,True,0.5352080397688889,,,9655.407363498998,0.0030826189277257106,30.0
44,107,107,51,73,Parked,2026-09-24,9138871,0.003255437,0.0032584310974925756,-0.000918877030998061,IN BAND,False,True,0.0,7012.91541753,3583093.970948614,1.0,2154215.938557179,581715.343970824,-0.0012004820451322843,2197.7561892955564,ACCUMULATING_PRE_EMA,0.0,,,,,0.04655536381732155,-0.011179670543809741,0.04655536381732155,-0.011179670543809741,,0.7334443420428196,0.5198561362493619,1,0.4100022879381949,MINER_BURN_ONLY,2952.016473155003,2952.016473155003,0.0,0.0019572234148448387,-0.3987832002754657,5GHtVze5...,1513901.462841522,,,,False,5160047,1.0,0,5Dnkprjf...,0.179995422293431,1.0790913136550107,0.8848598169605038,0.5161989348227503,,COUNTER,1595743.176568375,0.0,0.0,DIVERGENT,-1.0,2.2778484181103424,1295.967040512703,999987.100269667,0.2790848100489319,931935.930233929,0.2600925171904441,68051.17003573803,FORTRESS,True,True,2.6009251719044424,0,,10715.749880361003,0.0029906415983625566,30.0
45,108,108,52,122,CookingTAO,2026-09-24,9138871,0.004111672,0.004120133118703961,-0.0020536032356698896,IN BAND,False,True,0.0,1352.456902651,785740.33697872,1.0,328931.048657752,48190.317285232,0.0003625880589275153,484.3339394303039,,0.0,,,0.08818506411200001,,0.08179805672371153,-0.024985506033983657,0.08179805672371153,-0.024985506033983657,,3.3446163781091123,3.1909582269521994,1,0.4100022879352764,MINER_BURN_ONLY,2952.01647313399,2952.01647313399,0.0,0.0017212517151039787,-0.5813742645074854,5F3uH1G4...,431820.952314677,,,,False,8238082,1.0,0,5CfPqfaz...,0.179995422293431,3.2962666647530816,2.702953754439091,0.3210443593304137,,COUNTER,373254.141898168,4689.8056909,0.0,DIVERGENT,-1.0,2.2778484180941283,1295.967040512703,126559.970927519,0.16107098614048446,126559.970927519,0.16107098614048446,0.0,FORTRESS,False,True,1.610709861404854,0,,41598.552000011994,0.05294185628799988,30.0
46,109,109,53,57,SN57,2026-09-24,9138871,0.002593347,0.002601554384455085,-0.003154800262537549,IN BAND,False,True,0.0,1299.219898774,986244.044949839,1.0,500981.725643953,35414.841731675,-0.00013780237056893412,1492.8479104168946,ACCUMULATING_PRE_EMA,0.0,,,,,-2.9232138612822416,-0.03838340319420685,-2.9232138612822416,-0.03838340319420685,,2.664654872652399,2.1574951563857963,1,0.41000228799985455,MINER_BURN_ONLY,2952.016473598953,2952.016473598953,0.0,0.0013173411848991993,-0.49203049769305873,5HdpnCSY...,789904.661016339,,,,False,8057320,1.0,0,5Ejcqsbx...,0.179995422293431,2.110067486016801,1.7302649978035685,0.5469250724858844,,COUNTER,444385.427745596,6427.093693354,0.0,DIVERGENT,-1.0,2.2778484184529053,1295.967040512703,1254.306998862,0.0012718018479146254,1254.306998862,0.0012718018479146254,0.0,EXPOSED,False,True,0.012718018479146252,,,34681.03184950801,0.03516475666149336,30.0
47,31,9,54,97,Albedo,2026-09-24,9138871,0.017817434,0.01786553766578436,-0.0026925394961096467,IN BAND,False,False,0.006266701,11818.465979583,1141423.557145619,1.0,663309.396650728,534851.338471259,-0.0002017478056674679,5382.010647236719,ACCUMULATING_PRE_EMA,0.0,,,,1.3934879752119138,-7.254692450944231,-0.0327592305360007,-7.2664050272300855,-0.04447180682185502,-0.011712576285854315,2.3023880868307054,1.4052005514977681,1,0.0,,0.0,0.0,7.629510948348184e-05,0.010354145843229025,-0.41887558875037645,5GnW8owm...,1349323.725574854,,,,False,7735450,0.0,28,5E2LP6En...,0.0,0.636815268050037,0.636815268050037,0.18459120456556902,,COUNTER,70872.776437572,4583.298014649,0.0,OK,0.0,0.0,1295.967040512703,9264.48286588,0.008116603874067466,9264.48286588,0.008116603874067466,0.0,DORMITORY,False,True,0.08116603874067484,,,35324.801332965006,0.030948021978188755,30.0
48,110,110,55,109,Finsight,2026-09-24,9138871,0.002400544,0.00240985956043005,-0.0038656030347209856,IN BAND,False,True,0.0,1281.472473896,1653265.282359341,1.0,533825.654844914,69267.702672833,-0.000708007104294364,2623.638335570693,ACCUMULATING_PRE_EMA,0.0,,,,,-2.620618105477908,-0.04703150358910532,-2.620618105477908,-0.04703150358910532,,1.5895815559918098,1.0340412770932996,1,0.4100022879387446,MINER_BURN_ONLY,2952.016473158961,2952.016473158961,0.0,0.0007751160612695121,-0.6771081632873581,5FqZqKFx...,708065.988577445,,,,False,7257480,1.0,0,5DyQkk4x...,0.179995422293431,2.119510062094523,1.738007953412643,0.3928702234159443,,COUNTER,753708.940337549,1308.746301495,0.0,DIVERGENT,-1.0,2.277848418113397,1295.967040512703,215003.822699709,0.13004798745479096,215003.822699709,0.13004798745479096,0.0,FORTRESS,False,True,1.3004798745479123,0,,24665.576104852997,0.01491930930144088,30.0
49,111,111,56,37,Aurelius,2026-09-24,9138871,0.002864846,0.0028768687043339014,-0.00417909385846832,IN BAND,False,True,0.0,7381.3425636,3525395.877790714,1.0,2576523.14952779,359952.464423273,-0.0011818962588911177,12237.398520202376,ACCUMULATING_PRE_EMA,0.0,,,,,-4.480502201276152,-0.050845641944697886,-4.480502201276152,-0.050845641944697886,,0.7454481967701477,-0.5121408236682028,1,0.41000228793363525,MINER_BURN_ONLY,2952.016473122174,2952.016473122174,0.0,0.0020937627487741094,-0.2691534732498328,5GRBbS3a...,1407208.9452172609,,,,False,3212175,1.0,100,5GnbbUkw...,0.0,0.6422534971021543,0.6422534971021543,0.0493521952112805,,COUNTER,1336070.552604854,0.0,0.0,DIVERGENT,-1.0,2.2778484180850107,1295.967040512703,45507.151093348,0.012908380411979805,45507.151093348,0.012908380411979805,0.0,FORTRESS,True,True,0.12908380411979806,,,9735.634438353,0.0027615719697426156,30.0
50,38,13,57,53,engy,2026-09-24,9138871,0.033746202,0.03312369785271585,0.01879331679850815,IN BAND,False,False,0.004692569,37483.85618052,4951466.370376686,1.0,1110757.816550266,1640883.387875615,-0.0011223092088040443,57.81716544996016,ACCUMULATING_PRE_EMA,0.0,,,,0.32899686928179117,11.58814156721939,0.2286520210485158,11.307794277604122,-0.0516952685667523,-0.2803472896152681,0.5307518628668528,0.6093441588970593,1,0.0,,0.0,0.0,0.0001831082627603564,0.007570253613106615,-0.7756709447449341,5H8SFVCx...,1940807.217973156,0.0,,,False,4203869,0.20377577339254915,20,5E1y7CXe...,0.0,0.2161567144938229,0.2161567144938229,0.019060263394832824,,COUNTER,531564.335480105,0.0,0.0,OK,0.0,0.0,1295.967040512703,143192.050708926,0.0289191201147212,129059.071407303,0.026064818329258842,14132.979301622996,DORMITORY,True,True,0.26064818329258843,,,26988.46306381401,0.005450600094000204,30.0
51,30,78,58,71,Leadpoet,2026-09-24,9138871,0.003954652,0.003974255174398422,-0.0049325404480071436,IN BAND,False,True,2.257e-06,5006.885526005,4517987.05840168,1.0,1266074.618721992,1422278.698865369,-0.0022417272015353455,,,,,,,0.0011846478153321527,-3.450757542791051,-0.06001257545075358,-3.4495728949757187,-0.058827927635421426,0.0011846478153321527,0.5816749729534867,,,,,,,1.5259021896696368e-05,0.0011082115688432887,-0.7197701418877593,5DwHzMhB...,2422869.793772516,,,,False,5048438,0.7000030518509477,0,5FNVgRnr...,0.0,0.5598940180753135,0.5598940180753135,0.5590093389489105,,,997950.410453539,0.0,,NO_ESTIMATE,,,,63565.086413894,0.014069337869325661,63565.086413894,0.014069337869325661,0.0,,True,True,0.1406933786932566,,,17301.351091146,0.0038294379482500486,30.0
52,112,112,59,126,Attelier,2026-09-24,9138871,0.00445938,0.004482387797906995,-0.005132933370409921,IN BAND,False,True,0.0,2478.413903178,1393043.584583003,1.0,555775.545358735,68738.618833634,-0.0001583244541660852,4772.0576377043035,ACCUMULATING_PRE_EMA,0.0,,,,,-2.7039944160549356,-0.06245068933998737,-2.7039944160549356,-0.06245068933998737,,1.886516709946783,0.661985320362283,1,0.41000228793166266,MINER_BURN_ONLY,2952.0164731079713,2952.0164731079713,0.0,0.0017791359370280537,-0.6010351355955192,5DqrUa2z...,558992.005510252,,,,False,7525773,1.0,2,5G9hfkx9...,0.009994659342336155,0.6758149678077292,0.6690604274260391,0.026125040057377424,,COUNTER,457206.696782471,5493.154491675,0.0,DIVERGENT,-1.0,2.277848418074052,1295.967040512703,171439.094523612,0.12306800477813548,1096.553699538,0.0007871639564430749,170342.540824074,EXPOSED,False,False,1.0927456008636485,0,,28767.811861246,0.02065104938540557,30.0
53,113,113,60,25,UR,2026-09-24,9138871,0.006527504,0.006566364550963044,-0.005918122678300706,IN BAND,False,True,0.0,13061.779624254,4027418.953777724,1.0,2001037.398110918,749468.799432696,-0.00189072698649151,-17963.454473122023,,0.0,,,,,-18.97587303888883,-0.07200382591932525,-18.97587303888883,-0.07200382591932525,,0.652527097419287,2.3034250676995462,1,0.4100022879334736,,2952.0164731210098,2952.0164731210098,0.0,0.003243213525625894,-0.5031464514420989,5HTeZ516...,756859.631721095,0.0542238677362078,,,False,2998801,1.0,1,5CyQFykV...,0.179995422293431,1.702978949710809,1.3964505345007883,0.1962397179788484,,COUNTER,999480.56637717,0.0,0.0,DIVERGENT,-1.0,2.2778484180841128,1295.967040512703,1152654.706707013,0.2862018379353907,1152654.706707013,0.2862018379353907,0.0,FORTRESS,True,True,2.8620183793539073,0,,9562.708984967003,0.002374401346052456,30.0
54,33,12,61,44,Score,2026-09-24,9138871,0.034596688,0.034631421556696296,-0.00100294920436436,IN BAND,False,False,0.004829755,64746.237147617,4163183.098494303,1.0,1871457.721461236,2274234.776297481,-0.0010141890605900883,5239.48756031692,ACCUMULATING_PRE_EMA,0.0,,,,0.19603604316126894,-4.959728413932286,-0.012202548653099712,-5.03226128160499,-0.08473541632580404,-0.07253286767270434,0.6312477587042635,0.2685689108339733,1,0.0008349020336445505,MINER_BURN_ONLY,6.850481864006724,6.850481864006724,0.0,0.015552099347019772,-0.5504743301723051,5CaCekux...,288209.200307445,,,,False,3550319,1.0,124,5FLoWCDo...,0.179995422293431,1.3822393146721048,1.1334425655171165,0.009919121013276362,,COUNTER,508143.820403933,2206.282255223,0.0,OK,-1.0,0.005286000067792292,1295.967040512703,245862.449528441,0.05905636233423459,245862.449528441,0.05905636233423459,0.0,DORMITORY,True,True,0.5905636233423459,,,25025.940867311998,0.006011251553255758,30.0
55,114,114,62,95,Actual,2026-09-24,9138871,0.044279687,0.04464152455329895,-0.008105403140229733,IN BAND,False,True,0.0,27955.970279781,3048700.841814075,1.0,631349.764542093,602103.095545889,-0.0011390409750780188,6219.870306294877,ACCUMULATING_PRE_EMA,0.0,,,,,7.150341649656216,-0.09861573820612841,7.150341649656216,-0.09861573820612841,,0.8620065189591561,0.12864338510826712,1,0.41000228793654564,MINER_BURN_ONLY,2952.0164731431287,2952.0164731431287,0.0,0.009169797802511282,-0.7929118649255293,5D5UhUuc...,481255.134865023,,,,False,5403674,1.0,0,5ExqqyEB...,0.179995422293431,2.238908085621364,1.8359148792737694,0.0,,COUNTER,1102607.836197802,14658.86980412,0.0,DIVERGENT,-1.0,2.27784841810118,1295.967040512703,9024.997700073,0.002960276579548827,9024.997700073,0.002960276579548827,0.0,EXPOSED,True,True,0.029602765795488272,,UNDEFENDED_BURNER,16322.137258355999,0.005353800882819254,30.0
56,34,41,63,54,Yanez,2026-09-24,9138871,0.006046369,0.006057250779122114,-0.0017964881295027164,IN BAND,False,False,0.000313579,9820.849618736,4314943.092641064,1.0,1624255.610618938,936238.515576597,-0.0018134332739084883,5741.024217144819,ACCUMULATING_PRE_EMA,0.0,,,,0.08391184510430011,6.0570939379794675,-0.02185727224228305,5.979679543681548,-0.0992716665402028,-0.07741439429791974,0.6090462709651797,0.16132623940221985,1,0.11827376859527063,MINER_BURN_ONLY,898.8888499219902,895.7357256372569,0.0010681315327687457,0.002276009070776624,-0.6235742359130539,5FUfruyV...,3757777.481043908,,,,False,4742549,0.3058275414343543,59,5DUB7kNL...,0.01998931868467231,0.32282713533468677,0.31637404084642184,0.820418129101175,,COUNTER,602007.496915648,0.0,0.0,DIVERGENT,-1.0,0.6911716869611831,1295.967040512703,644081.425659809,0.14926765239575468,644081.425659809,0.14926765239575468,0.0,FORTRESS,True,True,1.4926765239575468,0,,14673.185407034001,0.0034005513148153543,30.0
57,115,115,64,39,deprecated,2026-09-24,9138871,0.006892224,0.006949053145945072,-0.008177969681845577,IN BAND,False,True,0.0,17525.025296383,3575966.250981444,1.0,2542724.110415911,1110373.723682953,-0.008167090216750057,9858.797301611397,ACCUMULATING_PRE_EMA,0.0,,,,,-5.029514035624161,-0.09949863112912118,-5.029514035624161,-0.09949863112912118,,0.7349062646435017,-0.2615905583587267,1,0.41000228793654564,MINER_BURN_ONLY,2952.0164731431287,2952.0164731431287,0.0,0.004900780395109478,-0.28894063873874704,5DkwfxC9...,582768.20949763,,,,False,3280104,1.0,136,5GP7c3fF...,0.0009918364232852674,2.237365818917414,2.235146718005998,0.21010544949564317,,COUNTER,1580525.900972705,0.0,0.0,DIVERGENT,-1.0,2.27784841810118,1295.967040512703,450905.112599886,0.12609322374788426,449330.168190907,0.1256527988952876,1574.944408979034,FORTRESS,True,True,1.256527988952878,0,,10138.957051643998,0.002835305576181348,30.0
58,116,116,65,30,Endure Network,2026-09-24,9138871,0.003252721,0.0032806559465825558,-0.008515049135724028,IN BAND,False,True,0.0,8316.698381882,3440817.844646547,1.0,2556843.328701088,417345.49125665,-0.0016359655505931488,24768.772782346234,ACCUMULATING_PRE_EMA,0.0,,,,,-5.538333143342014,-0.10359976448464234,-5.538333143342014,-0.10359976448464234,,0.7637719050105535,-1.8443850155426909,1,0.4100022879334736,MINER_BURN_ONLY,2952.0164731210098,2952.0164731210098,0.0,0.002417070230794598,-0.2569082221332238,5HTogQKF...,61712.207767071,,,,False,3250216,1.0,176,5HW12NvE...,0.179995422293431,17.79041945077228,14.588225388953255,0.018922630856096443,,COUNTER,837023.20703859,18187.150616168,0.0,DIVERGENT,-1.0,2.2778484180841128,1295.967040512703,4962.596266974,0.001442272300085614,4962.596266974,0.001442272300085614,0.0,EXPOSED,True,True,0.01442272300085614,,UNDEFENDED_BURNER,10114.310229288001,0.0029395076071883656,30.0
59,32,30,3,69,Herald,2026-09-24,9138871,0.006515139,0.006556808715686202,-0.006355182451260736,IN BAND,False,False,0.001428925,3914.935742845,1326165.553733152,1.0,600898.238346585,80013.45952104,0.0011393261345515797,5345.827712794417,,0.0,,0.17487364959543913,0.17487364959543913,0.9592021802306951,-10.176410965300763,-0.07732138649033896,-10.20380476532047,-0.10471518651004577,-0.027393800019706815,1.9816530391716085,0.986595980250402,1,0.0,,0.0,0.0,4.57770656900891e-05,0.002952071656381413,-0.5468904567682419,5HBPFVcJ...,577006.49412629,,,,False,8138182,1.0,155,5FLBpbxv...,0.0,0.5903521626708759,0.5903521626708759,0.0032350607336873592,,COUNTER,382933.064009199,4110.268380516,0.0,OK,0.0,0.0,1295.967040512703,485.813350565,0.0003663293388954621,485.813350565,0.0003663293388954621,0.0,NEITHER,False,True,0.003663293388954621,,,24152.059935708996,0.01821194938122244,30.0
60,117,117,66,31,rec4ll,2026-09-24,9138871,0.003910252,0.003956376109272242,-0.011658171012645605,IN BAND,False,True,0.0,1782.730557093,1852951.273002987,1.0,455911.853789817,55599.291856736,-3.4653599990985635e-05,2710.269603503286,ACCUMULATING_PRE_EMA,0.0,,,,,-3.2837220473511572,-0.14184108065385487,-3.2837220473511572,-0.14184108065385487,,1.418277986199243,0.9051698610415458,1,0.4100022879374996,MINER_BURN_ONLY,2952.016473149997,2952.016473149997,0.0,0.0009621033121954773,-0.7539536295370535,5H3mfhC8...,924718.823373883,,,,False,7173591,1.0,0,5CDZ527X...,0.179995422293431,1.7061509318810517,1.399051574400791,0.46429007447198145,,COUNTER,787635.33804047,729.248648798,0.0,DIVERGENT,-1.0,2.27784841810648,1295.967040512703,529686.511107344,0.28586100391561137,529686.511107344,0.28586100391561137,0.0,FORTRESS,False,True,2.858610039156114,0,,23166.71707404599,0.01250260458090775,30.0
61,36,4,9,64,Chutes,2026-09-24,9138871,0.067698856,0.06782509759068489,-0.0018612813717827528,IN BAND,False,False,0.009139153,198526.323323739,3341377.33758248,1.0,2932491.56235367,5033777.801930793,0.006078987608972017,6069.773245952558,,0.0,,0.08979453964439246,0.08979453964439246,0.12097989668017017,-2.2069704041030445,-0.022645590023356824,-2.3276465450481125,-0.1433217309684251,-0.12067614094506826,0.7865020123412294,0.24165603762523843,1,0.0,,0.0,0.0,0.0001373311970702673,0.05941451780701151,-0.12237043108953699,5FRYKhbm...,709843.273446992,,,,False,4531295,0.15691481244086314,194,5FEm1mew...,,17.05974990770105,17.05974990770105,0.0,,COUNTER,274207.517615115,0.0,0.0,OK,0.0,0.0,1295.967040512703,780345.16410923,0.23353997027878856,780344.760057877,0.23353984935519562,0.4040513529907912,DORMITORY,True,True,2.335398493551957,0,,14658.199496373996,0.004386873440333844,30.0
62,118,118,67,87,Provenonce,2026-09-24,9138871,0.004137229,0.0041874058078974485,-0.011982790825483163,IN BAND,False,True,0.0,1683.611728805,1845426.343664005,1.0,406941.819364719,107425.95471173,-0.0004810604927689679,3416.5379384915577,ACCUMULATING_PRE_EMA,0.0,,,,,-0.8384586874842004,-0.14579062171004514,-0.8384586874842004,-0.14579062171004514,,1.4240611710257873,0.7685262252297254,1,0.4100022879368044,MINER_BURN_ONLY,2952.0164731449913,2952.0164731449913,0.0,0.0009123158638031959,-0.7794862542529805,5HartH15...,4227.42922997,,,,False,7208725,1.0,1,5E2LP6En...,0.0,0.55373976867692,0.55373976867692,0.37092934533801314,,COUNTER,774192.009945201,811.040088965,0.0,DIVERGENT,-1.0,2.2778484181026175,1295.967040512703,167940.586581275,0.09100367899150995,167940.586581275,0.09100367899150995,0.0,FORTRESS,False,True,0.9100367899151028,,,26552.589262816997,0.01438832243507379,30.0
63,37,18,68,93,Bitcast,2026-09-24,9138871,0.018607934,0.018501263111829758,0.005765600301205178,IN BAND,False,False,0.00296603,23657.904893205,3892256.164564535,1.0,1271388.089335055,1134590.712633319,-0.0033716791650470626,2648.313591969665,ACCUMULATING_PRE_EMA,0.0,,,,0.3294766326598428,-8.303149460077194,0.07014813699799632,-8.519385941531375,-0.14608834445618535,-0.21623648145418167,0.6751868039738901,0.5457131141140245,1,0.002791587362291547,MINER_BURN_ONLY,23.39328989502974,23.303200629751643,3.0518043793392735e-05,0.00607819832327296,-0.6733544775431297,5EbY1Seb...,2101885.903124839,,,,False,5370681,0.21677628065249566,97,5G9hfkx9...,0.009994659342336155,1.4528460777722958,1.4383253761481125,0.05911081943193785,,COUNTER,1087751.659286459,0.0,0.0,OK,-1.0,0.01798132197909336,1295.967040512703,427930.957620956,0.10994419162769387,427930.957620956,0.10994419162769387,0.0,DORMITORY,True,True,1.0994419162769387,0,,33120.02473653002,0.008509209912250336,30.0
64,119,119,69,115,MoirAI,2026-09-24,9138871,0.002484599,0.002515516011044383,-0.012290524452494714,IN BAND,False,True,0.0,3465.752509401,1745489.894204483,1.0,1394893.89262977,161874.867821007,-0.0010310414951094963,21555.716658561723,ACCUMULATING_PRE_EMA,0.0,,,,,0.6341054990304773,-0.14953471417201902,0.6341054990304773,-0.14953471417201902,,1.5055945088686555,-2.9581129942445386,1,0.41000228818472045,MINER_BURN_ONLY,2952.0164749299875,2952.0164749299875,0.0,0.0019855471640989,-0.20085810060339715,5EkNnrTj...,105023.948380433,,,,False,5683635,1.0,0,5EhTo9AX...,0.179995422293431,10.898112435377106,8.936502085370112,0.06225009919726521,,COUNTER,984283.680510376,0.0,0.0,DIVERGENT,-1.0,2.277848419479964,1295.967040512703,2942.008322496,0.0016854914670456098,2942.008322496,0.0016854914670456098,0.0,EXPOSED,True,True,0.016854914670456096,,UNDEFENDED_BURNER,20572.326193672994,0.011785989859912051,30.0
65,120,120,70,119,CapabilityForge Next,2026-09-24,9138871,0.002392882,0.0024236373137682676,-0.012689734389527736,IN BAND,False,True,0.0,3158.93643692,1643618.674635684,1.0,1320138.72028435,73473.185490898,-0.0008647727937628405,31854.85319199739,ACCUMULATING_PRE_EMA,0.0,,,,,-2.562792099677628,-0.15439176840592078,-2.562792099677628,-0.15439176840592078,,1.5989110129711255,-5.373994706527992,1,0.4100022880968107,MINER_BURN_ONLY,2952.0164742970373,2952.0164742970373,0.0,0.0019219399765095717,-0.196809547437119,5GbLENPL...,92935.722708611,,,ENTRY_REPEATED,False,5740660,1.0,0,5HMwvi1d...,0.179995422293431,12.234904296018836,10.032677530537212,0.05528681082235888,,COUNTER,903326.993292495,0.0,0.0,DIVERGENT,-1.0,2.277848418991564,1295.967040512703,20722.542632217,0.012607877333110888,20722.542632217,0.012607877333110888,0.0,FORTRESS,True,True,0.12607877333110887,,,19971.808801875006,0.012151120640133791,30.0
66,121,121,71,58,SN58,2026-09-24,9138871,0.006024293,0.006127216387540102,-0.016797739957315712,IN BAND,False,True,0.0,975.210518119,580068.991999096,1.0,161879.641923012,25263.940573374,,2276.587482430943,,,,,,,-6.15801308775648,-0.20437250281400782,-6.15801308775648,-0.20437250281400782,,4.530495572506133,3.1846881634887505,1,0.43050240236347237,MINER_BURN_ONLY,3099.617297017001,3099.617297017001,0.0,0.0016811974636984557,-0.7209303293019687,5DCsuLti...,808194.375635005,,,,True,8511017,1.0,0,5DsnuvVc...,0.179995422293431,2.0878861920158522,1.7120762351833354,0.5661071265069434,,COUNTER,97824.779199151,0.045668707,0.0,DIVERGENT,-1.0,2.3917408391734623,1295.967040512703,213417.539421567,0.36791751044313636,213417.539421567,0.36791751044313636,0.0,FORTRESS,False,True,3.679175104431364,0,,49416.744363431986,0.08519114975121614,30.0
67,35,82,72,112,for sale,2026-09-24,9138871,0.006877372,0.007007416570559144,-0.0185581332649056,IN BAND,False,True,9.27e-07,5941.384342732,2746668.789804273,1.0,863903.250839902,188365.225857352,-0.0010482548438311206,6625.7021645280765,ACCUMULATING_PRE_EMA,0.0,,,,0.0004100317130602922,59.67089576095925,-0.22579062138968478,59.58233389173077,-0.3143524906181615,-0.08856186922847674,0.9567953769144735,0.08897190094153704,1,0.3518065935290238,MINER_BURN_ONLY,2533.3942663439084,2533.3492217112694,1.5259021896696368e-05,0.002163123695433035,-0.6854723438788777,5GQjr3Qt...,1368768.856816874,,,,False,5633022,1.0,0,5C4xjnQk...,0.179995422293431,1.1674662143687227,0.9573276401001112,0.6193041355104533,,COUNTER,1040150.640950162,0.0,0.0,DIVERGENT,-1.0,1.9547944835919904,1295.967040512703,109192.016768061,0.039754344307324364,109192.016768061,0.039754344307324364,0.0,FORTRESS,True,True,0.39754344307324363,,,16111.690566985997,0.005865902225558879,30.0
68,39,19,73,28,SayGM,2026-09-24,9138871,0.020478969,0.0204646538477391,0.0006995062006622067,IN BAND,False,False,0.002808972,22120.985142184,5079118.838006278,1.0,1080180.649616106,6579466.040157394,-0.0018433106521580824,-909.9149511053693,,0.0,,,,0.3337092976895865,-3.5922810323539185,0.008510658774723515,-3.9202999714090585,-0.31950828028041667,-0.3280189390551402,0.5174125835243456,0.6617282367447267,1,0.120182473046217,SKIN_IN_GAME,985.8504314490128,984.0036015108119,0.0006256198977645511,0.004355280088478343,-0.7873291331961906,5CA6rwAy...,2449819.018492,0.8334419764613358,BUYBACK_GAMING,,False,4878363,0.1524567135920848,219,5FHBJCMk...,0.179995422293431,0.6602290128010928,0.5413908128315851,0.0,,COUNTER,1411317.205468627,33762.848582854,0.0,DIVERGENT,-1.0,0.7592813480206456,1295.967040512703,391607.892479885,0.07710154161968852,391602.60803664,0.07710050119448612,5.2844432450365275,FORTRESS,True,True,0.7710050119448628,,,37137.15040266001,0.007311730949228503,30.0
69,122,122,74,117,everyframe.studio,2026-09-24,9138871,0.002984465,0.0030684510711580515,-0.027370836037595575,IN BAND,False,True,0.0,3123.420080573,1930982.461568748,1.0,1046559.440819686,237816.813768781,-0.0007537834211656891,22839.97866473894,ACCUMULATING_PRE_EMA,0.0,,,,,4.091769484485075,-0.33301183845741283,4.091769484485075,-0.33301183845741283,,1.360965235212436,-3.4633642895247476,1,0.0,,0.0,0.0,0.0,0.0016175289743623588,-0.45801710713231386,5FFDV7LG...,1942593.331408267,,,,False,5710859,1.0,0,5DwRMxJG...,0.179995422293431,1.0294277078034708,0.8441354328168263,0.8559787584691448,,COUNTER,289424.602021989,176173.512221888,2952.016473200987,OK,-0.03184264073498062,0.0,1295.967040512703,184995.455974437,0.09580379918321215,154144.143623114,0.07982679630237857,30851.312351322995,DORMITORY,True,True,0.7982679630237857,,,21266.972540893996,0.011013550337280903,30.0
70,40,39,75,111,Claims,2026-09-24,9138871,0.004552095,0.004555089166387916,-0.0006573233318920939,IN BAND,False,False,0.000419128,5698.847740048,3586456.445383488,1.0,1251917.501337425,211709.051660092,-0.0020882893709760026,1052.0508065130562,ACCUMULATING_PRE_EMA,0.0,,,,0.19327913891426807,-4.155102533459572,-0.007997433871353809,-4.490523569492734,-0.34341846990451647,-0.33542103603316265,0.7327567028961915,0.5287001749474307,1,0.0,,0.0,0.0,3.0518043793392735e-05,0.001588991202551364,-0.6509318890419984,5CGTryXj...,2723696.369589944,1.7241751257564601,BUYBACK_GAMING,,False,5615562,0.0,145,5E2LP6En...,0.0,0.3352666687816546,0.3352666687816546,0.08816931927425878,,COUNTER,734491.272679149,0.371911999,0.0,DIVERGENT,1.0,0.0,1295.967040512703,1221.604957048,0.00034061614176869717,1221.604957048,0.00034061614176869717,0.0,NEITHER,True,True,0.003406161417686972,,,14148.402516308004,0.003944953112289967,30.0
71,123,123,76,42,Unknown,2026-09-24,9138871,0.002159523,0.0022244639694690704,-0.029193985769331382,IN BAND,False,True,0.0,6871.11540579,2552702.942292234,1.0,3181774.320279343,369423.726295049,-0.0007519273179352004,97780.34422791982,ACCUMULATING_PRE_EMA,0.0,,,,,-5.176077629329283,-0.35519349352686513,-5.176077629329283,-0.35519349352686513,,1.029496991780858,-12.495424043760611,1,0.41000228797417043,MINER_BURN_ONLY,2952.016473414027,2952.016473414027,0.0,0.0026917019179756143,0.24643354943458082,5EC5HHfL...,119025.313240025,,,ENTRY_PRE_EMA_PATTERN,False,3613591,1.0,11,5Gbdb5s2...,0.179995422293431,9.052578677058843,7.423155955237128,0.0,,COUNTER,557431.664742647,0.0,0.0,DIVERGENT,-1.0,2.277848418310212,1295.967040512703,5444.016612431,0.0021326479169340683,5444.016612431,0.0021326479169340683,0.0,EXPOSED,True,True,0.021326479169340683,,UNDEFENDED_BURNER,10626.403159799,0.004162804446903986,30.0
72,41,89,77,2,DSperse,2026-09-24,9138871,0.00307962,0.003086626064032316,-0.0022698130213945245,IN BAND,False,True,1.04e-07,7756.232621388,3301398.888097496,1.0,2518568.016442237,712077.688081848,-0.002026472196230547,4096.271525348071,ACCUMULATING_PRE_EMA,0.0,,,,3.523772601228276e-05,0.14259731134387965,-0.027616058426966714,-0.21114713150605263,-0.381360501276899,-0.3537444428499323,0.7960261964934637,0.35377968057594456,1,0.3346059603835656,MINER_BURN_ONLY,2410.0106043289416,2409.2448455740778,0.00025940337224383825,0.0023493776075806765,-0.23712094103146605,5EcYQ3W7...,2836285266336156.0,,,,False,2734060,0.8210415458347324,14,5CFxLBvp...,0.179995422293431,0.6551004717020534,0.5371853856534164,0.9036210764042544,,COUNTER,745150.061508511,0.159820748,0.0,DIVERGENT,-1.0,1.8590324987130429,1295.967040512703,1144508.261830867,0.34667372850858846,1144508.261830867,0.34667372850858846,0.0,FORTRESS,True,True,3.466737285085884,0,,11304.024199998996,0.003424010421992112,30.0
73,42,57,78,125,Refinery,2026-09-24,9138871,0.002896275,0.0029025673866271973,-0.0021678692650471953,IN BAND,False,True,7.6519e-05,5583.016663173,2524730.302959316,1.0,1927653.944975979,243407.45695711,-0.00024021262101779379,4054.6148033367936,ACCUMULATING_PRE_EMA,0.0,,,,0.03601850829614277,-2.726286736890588,-0.026375742724740876,-3.187305527290921,-0.48739453312507375,-0.4610187904003329,1.0409032588231852,0.49703729869647567,1,0.0,,0.0,0.0,0.0,0.002211331902116028,-0.2364910438007343,5DTzv2rL...,16717.97479536,,,,False,5834408,1.0,12,5E2LP6En...,0.0,0.5185472030822503,0.5185472030822503,0.1155824138930855,,COUNTER,1305773.13013795,0.0,0.0,OK,0.0,0.0,1295.967040512703,226023.662897553,0.08952388404916896,226023.662897553,0.08952388404916896,0.0,DORMITORY,True,True,0.8952388404916896,,,12506.334474950001,0.004953532842811342,30.0
74,44,79,79,74,Gittensor,2026-09-24,9138871,0.003267986,0.00327177788130939,-0.0011589666068261518,IN BAND,False,True,2.174e-06,5996.545313192,3426433.736727393,1.0,1834935.857038413,353730.488695383,-0.0012658894502273344,863.8208981093485,ACCUMULATING_PRE_EMA,0.0,,,,0.0009527605815687212,-1.5760569359462127,-0.014100760383051513,-2.053042062569478,-0.49108588700631683,-0.4769851266232653,0.7669782058911252,0.47793788720483404,1,0.0,,0.0,0.0,0.0001373311970702673,0.001750083548651764,-0.46447642411816825,5D1VXeeS...,216.588029224,,,,False,5086205,0.747321673839392,195,5E2LP6En...,0.0,0.29527964364383247,0.29527964364383247,0.07372195940790478,,COUNTER,531791.422968235,175091.413428119,1863.0735729809967,OK,-0.0015147261517814911,0.0,1295.967040512703,378229.609193408,0.11038579416821213,378229.609193408,0.11038579416821213,0.0,DORMITORY,True,True,1.1038579416821215,0,,17320.40772913401,0.005054937307988577,30.0
75,46,23,80,5,Hone,2026-09-24,9138871,0.012827652,0.01282833144068718,-5.296407333415593e-05,IN BAND,False,False,0.001837303,33598.270076038,3237764.367130727,1.0,2619206.421208601,977722.90804111,-0.015845505017582865,2333.1546486392617,ACCUMULATING_PRE_EMA,0.0,,,,0.1437107408528035,-0.4097063739036578,-0.0006443962255655638,-0.9059382043822298,-0.4968762267041376,-0.49623183047857206,0.8116711724543766,0.6399425713313756,1,0.0,,0.0,0.0,0.005722133211261138,0.010376996676201128,-0.19104473085166893,5GurNtB3...,,,,,False,2491604,0.0,1,5E2LP6En...,0.0,0.4242754224587341,0.4242754224587341,0.06778471257877951,,COUNTER,1488567.694632255,0.0,0.0,DIVERGENT,1.0,0.0,1295.967040512703,6649.821324041,0.0020538311532330568,6649.821324041,0.0020538311532330568,0.0,NEITHER,True,True,0.020538311532330572,,,17483.22677470602,0.0053997835519449715,30.0
76,43,34,81,11,TrajectoryRL,2026-09-24,9138871,0.007799373,0.007824474247172475,-0.0032080426594215724,IN BAND,False,False,0.001093894,20309.467287994,3398028.205353345,1.0,2603987.231656166,1016407.477456474,-0.004553696919034271,2590.0209838738665,ACCUMULATING_PRE_EMA,0.0,,,,0.1415474562299041,-5.655844130607297,-0.03903118568962913,-6.119376473744507,-0.5025635288268393,-0.4635323431372102,0.7733896957829185,0.6050797993671143,1,0.0,,0.0,0.0,0.0,0.005976838937357236,-0.23367699719487245,5D2Jhtbn...,2062062.133418619,,,,False,2918568,0.0,189,5GgqDcxk...,0.0,0.385350888513657,0.385350888513657,0.16044314904396395,,COUNTER,1146672.996281127,54196.465498293,100.0,DIVERGENT,-1.0,0.0,1295.967040512703,46180.459268605,0.013590369613722179,46180.459268605,0.013590369613722179,0.0,DORMITORY,True,True,0.13590369613722175,,,13438.176998619994,0.0039546984858598675,30.0
77,45,32,82,14,Cacheon,2026-09-24,9138871,0.00889626,0.008914112579077482,-0.0020027320632437194,IN BAND,False,False,0.001252905,24706.256355238,3196067.913905421,1.0,2777150.628031101,2663275.803990106,-0.012349965626037119,2900.069346651435,ACCUMULATING_PRE_EMA,0.0,,,,0.1332712772286087,-1.5542740053925799,-0.024366573436131918,-2.041416569873641,-0.5115091379171932,-0.48714256448106125,0.8222603745577882,0.62041384170967,1,0.0,,0.0,0.0,0.0001373311970702673,0.007730203806917326,-0.1310726297435859,5CKhH8nK...,1743555.324136068,,,,False,4848444,0.0,75,5G1CLuQ8...,0.0,0.4662675981359616,0.4662675981359616,0.02800158701092596,,COUNTER,1226611.25981397,526.080568229,0.0,OK,0.0,0.0,1295.967040512703,56879.261130648,0.017796637200097744,50742.339265653,0.015876489684366134,6136.921864995005,DORMITORY,True,True,0.1587648968436631,,,16363.368406659993,0.0051198437728642784,30.0
78,47,8,83,4,Targon,2026-09-24,9138871,0.054032665,0.054079428780823946,-0.0008647240157338245,IN BAND,False,False,0.007277643,135857.879417301,3776060.104023685,1.0,2514365.717159602,2326306.811362711,-0.0046476622979413,1485.8015613947064,ACCUMULATING_PRE_EMA,0.0,,,,0.14077686098171513,-2.548934873429563,-0.010520808858094864,-3.0659171340952294,-0.5275030695237611,-0.5169822606656663,0.6959634983563058,0.6577591216473815,1,0.0018531557360107254,MINER_BURN_ONLY,15.229938374017365,15.13984910873927,3.0518043793392735e-05,0.035978738599137736,-0.3341298527633657,5CXGPMnq...,,,,,False,1411451,0.07986815802725333,32,5HEj6CFU...,0.179995422293431,16.63780411276463,13.643075535452178,0.0,,COUNTER,560685.995558058,0.0,0.0,OK,-1.0,0.011682279437253073,1295.967040512703,183019.057563734,0.048468258587492555,183019.057563734,0.048468258587492555,0.0,DORMITORY,True,True,0.4846825858749255,,,17270.814709400005,0.004573765838895576,30.0
79,48,60,84,32,ItsAI,2026-09-24,9138871,0.002756385,0.002757623791694641,-0.0004492243279783114,IN BAND,False,True,6.2677e-05,6914.088432107,3576414.062954779,1.0,2508389.381735618,307185.012775476,-0.0011755096356559623,1429.2510914271697,ACCUMULATING_PRE_EMA,0.0,,,,0.023823119651624803,-2.4444212438177075,-0.0054655626570694555,-2.9726510276795257,-0.5336953465188876,-0.5282297838618182,0.7348142451460965,0.5520529035134429,1,0.0,,0.0,0.0,0.00457770656900891,0.0019332460700578627,-0.29862988295979603,5DWgkCSv...,77975.2813227,,,,False,2515294,0.0,82,5E7sa41c...,0.013550011444266423,0.254777559785303,0.25132532093446985,0.8549585704912028,,COUNTER,17419.272873098,0.0,0.0,DIVERGENT,1.0,0.0,1295.967040512703,634410.218859858,0.17738723975817217,634410.218859858,0.17738723975817217,0.0,DORMITORY,True,True,1.7738723975817217,0,,12385.973079406993,0.0034632379980001227,30.0
80,50,45,85,48,Quantum Compute,2026-09-24,9138871,0.003989087,0.003989575430750847,-0.00012242674924315723,IN BAND,False,False,0.000257699,10459.384412812,3285005.666680134,1.0,2621999.072667158,692529.539628896,-0.0027008449742481964,2150.7458940874785,ACCUMULATING_PRE_EMA,0.0,,,,0.06474883657306237,-0.5360957495728589,-0.0014895254491250796,-1.0962993328217916,-0.5616931086980577,-0.5602035832489326,0.7999986199889537,0.624952419821995,1,0.0,,0.0,0.0,4.57770656900891e-05,0.0031839775860668085,-0.20182799069892213,5GNH5YMk...,27341.155362964,,,,False,3856677,0.9899896233900994,255,5CXkLYCA...,,18.773102139101965,18.773102139101965,0.0,,COUNTER,695492.461656953,0.0,0.0,OK,0.0,0.0,1295.967040512703,101862.559282014,0.031008335941458975,101862.559282014,0.031008335941458975,0.0,DORMITORY,True,True,0.31008335941458975,,,10270.159846119,0.0031263750776107935,30.0
81,49,33,86,17,404—GEN,2026-09-24,9138871,0.008686979,0.008700605714693666,-0.0015661800040718305,IN BAND,False,False,0.001208957,25255.744351754,3149141.450112412,1.0,2907310.239642677,677125.404032747,-0.008483605846616416,2508.7938719638623,ACCUMULATING_PRE_EMA,0.0,,,,0.12579866788916674,-3.0517272080061613,-0.019055190049540604,-3.599690684953128,-0.567018666996507,-0.5479634769469665,0.8345131654553626,0.6737621448361332,1,0.0,,0.0,0.0,0.0,0.008019882482843846,-0.07679269365750208,5E7a4a7Q...,893486.228760943,,,,False,2840556,0.0,42,5CcEPLdb...,0.0,0.3255219701585252,0.3255219701585252,0.046421486342133375,,COUNTER,340475.604612198,0.0,0.0,OK,0.0,0.0,1295.967040512703,546817.022613878,0.17364003214093757,540022.195450013,0.17148235606588466,6794.827163864975,DORMITORY,True,True,1.7148235606588496,0,,26727.39152401899,0.008487199431154458,30.0
82,51,84,87,81,Reliquary,2026-09-24,9138871,0.006056407,0.00606709043495357,-0.0017608827605439113,IN BAND,False,True,5.41e-07,17854.757818636,2556022.185349308,1.0,2948077.549655449,921034.728270939,-0.010295262693937652,3142.6271089562215,ACCUMULATING_PRE_EMA,0.0,,,,7.962852335728927e-05,-0.5916331132674352,-0.021424073586617586,-1.1846388030281996,-0.6144297633473821,-0.5930056897607645,1.0281600899488497,0.5930853182841218,1,0.36654472425241985,MINER_BURN_ONLY,2640.0336612019455,2639.3579917123598,0.0002288853284504455,0.006985368875503698,0.15338498147560065,5GnpQR4N...,90602.945165663,,,,False,5203057,0.8627136752136753,237,5H47sFL6...,0.179995422293431,10.691163748223305,8.766803214553631,0.036456028444552965,,COUNTER,871356.842022985,0.0,0.0,DIVERGENT,-1.0,2.0365934543120727,1295.967040512703,477610.459059295,0.18685693019289049,473513.870968738,0.18525421010930201,4096.588090557023,FORTRESS,True,True,1.8525421010930232,0,,15373.586901448993,0.006014653155034344,30.0
83,54,29,88,49,Nepher Robotics,2026-09-24,9138871,0.006661483,0.006581299472600222,0.012183540307443057,IN BAND,False,False,0.001445337,3960.51362598,2310078.840236857,1.0,594539.404645888,166441.871452333,-3.683535129229573e-05,-1983.0957942173118,,0.0,,,,0.959053798245708,-6.385338421388651,0.1482330737405572,-7.162018997619437,-0.6284475024902287,-0.7766805762307859,1.1376235106030173,1.735734374476494,1,0.0,,0.0,0.0,1.5259021896696368e-05,0.001714449549078559,-0.7426324515008806,5FL781vf...,1739972.757206452,0.15970308012306295,,,False,6783158,0.9900051881466109,8,5CsvRJXu...,0.0899977111467155,0.5752859696869801,0.5235115491603332,0.01732057562300661,,COUNTER,790069.490844123,837.682351088,0.0,OK,0.0,0.0,1295.967040512703,466379.245096928,0.2018888866360549,466379.245096928,0.2018888866360549,0.0,DORMITORY,False,True,2.018888866360549,0,,21918.837660989004,0.009488350474974101,30.0
84,53,52,89,66,conjectures,2026-09-24,9138871,0.003236501,0.0032307025976479053,0.0017947806016921145,IN BAND,False,False,0.000115799,6984.240084391,3693353.946801451,1.0,2157960.215881121,1414712.78822568,-0.005772511456838813,-59.649435732513666,,0.0,,,,0.043572352657251984,-14.902837837560934,0.021836497320587393,-15.612539755783219,-0.687865420901698,-0.7097019182222853,0.7115483752311155,0.7532742708795374,1,0.0,,0.0,0.0,0.0,0.0018910291797079317,-0.4157180301480112,5CJCRGep...,1165849.353253847,0.0,,,False,4958013,1.0,155,5G9hfkx9...,0.009994659342336155,0.49585925827620725,0.4909033139079931,0.031084524881353864,,COUNTER,876389.726869251,0.0,0.0,OK,0.0,0.0,1295.967040512703,392806.591766313,0.10635498179276714,392806.591766313,0.10635498179276714,0.0,DORMITORY,True,True,1.0635498179276714,0,,15380.964938065994,0.004164497949454951,30.0
85,52,55,90,89,InfiniteQuant,2026-09-24,9138871,0.003053152,0.0030561021994799376,-0.0009653471276057603,IN BAND,False,True,9.3455e-05,6182.101006038,2901741.666097375,1.0,2024825.785227551,187491.489893518,0.00022740814707736934,1617.4569813234266,,0.0,,,0.07448307423848186,0.03972755213156903,-2.2187566162620422,-0.011745056719203418,-2.9196547024748853,-0.7126431429320466,-0.7008980862128431,0.90566297844648,0.7406256383444121,1,0.0,,0.0,0.0,0.0012359807736324058,0.0021304794559305006,-0.30220327847074085,5Dc5NmEU...,111127.064017259,,,,False,5313364,0.020319613774559264,191,5GCNwrsH...,0.179995422293431,13.180163476184802,10.807794385392462,0.0,,COUNTER,601037.833009041,0.0,0.0,OK,0.0,0.0,1295.967040512703,6094.632142656,0.0021003358823643396,6094.632142656,0.0021003358823643396,0.0,NEITHER,True,True,0.0210033588236434,,,14123.198946266002,0.004867145518594922,30.0
86,56,66,91,7,Allways,2026-09-24,9138871,0.002461542,0.002464192919433117,-0.0010757759314260974,IN BAND,False,True,2.9732e-05,5585.54528242,3061818.507026188,1.0,2269124.109634772,328356.81642167,-0.001063203871299582,387.49800132168457,ACCUMULATING_PRE_EMA,0.0,,,,0.01398891102824375,-2.48441304247738,-0.013088607165684185,-3.2809778279472557,-0.8096533926355598,-0.7965647854698756,0.8583134480274804,0.8105536964981194,1,0.0,,0.0,0.0,1.5259021896696368e-05,0.001824257469736506,-0.2588964682558714,5CAc19iE...,,,,,False,2627691,1.0,26,5DCaForB...,,0.2785620044263647,0.2785620044263647,0.007462117165921473,,COUNTER,36084.978602376,223918.789485046,212.68271614800324,DIVERGENT,-0.4564999603775554,0.0,1295.967040512703,3211.260531444,0.0010488082569475872,3211.260531444,0.0010488082569475872,0.0,NEITHER,True,True,0.010488082569475872,,,12544.100475486997,0.004096944494489499,30.0
87,57,91,92,101,Tag101,2026-09-24,9138871,0.003897272,0.0039042450953274965,-0.001786029093266187,IN BAND,False,True,2.1e-08,3672.461957375,2532772.271859357,1.0,942316.060996051,166999.740141857,0.0003527464605012477,1675.6878895306727,,0.0,,,0.09051112175420338,1.5027521221607763e-05,-1.9673676176160269,-0.021730020634738608,-2.7680720238746837,-0.8224344268933955,-0.8007044062586569,1.0375982196262494,0.8007194337798785,1,0.36937852560736006,MINER_BURN_ONLY,2665.9366261879914,2659.5402883532465,0.002166781109330884,0.001449977164618505,-0.6279507397434655,5H8dNvi1...,1383481.622980883,,,,False,5481350,0.9062437875613598,0,5H6Dezn7...,0.179995422293431,1.1663358491430402,0.9564007354405712,0.5933069844806275,,COUNTER,920746.008115863,6970.543419914,0.0,DIVERGENT,-1.0,2.052166610117719,1295.967040512703,13574.61335476,0.005359587004951935,13574.61335476,0.005359587004951935,0.0,FORTRESS,True,True,0.05359587004951936,,,17041.438406169,0.006728373725308731,30.0
88,58,54,93,79,MVTRX,2026-09-24,9138871,0.003068728,0.003072395920753479,-0.0011938307588233322,IN BAND,False,True,9.5397e-05,6951.737914623,2934184.638130475,1.0,2265347.884875014,489081.062455938,-0.0051205686723918425,385.88190911663696,ACCUMULATING_PRE_EMA,0.0,,,,0.036063401566483806,-3.845249015267729,-0.014524940899017208,-4.662100664398384,-0.8313765900296717,-0.8168516491306544,0.8956491578097957,0.8529150506971382,1,0.0,,0.0,0.0,0.001617456321049815,0.002369223062612829,-0.22794621660413403,5Fxp7QBG...,3253770.356153164,,,,False,5173967,0.0,0,5EWwdZB7...,0.179995422293431,0.3311499891695429,0.27154450702650595,1.0,,COUNTER,444229.939659842,37317.847662374,0.0,DIVERGENT,1.0,0.0,1295.967040512703,1355085.827207694,0.4618270471455714,1355085.827207694,0.4618270471455714,0.0,DORMITORY,True,True,4.6182704714557135,0,,13602.452218427994,0.004635854213692169,30.0
89,60,59,94,128,ByteLeap,2026-09-24,9138871,0.002801952,0.0028023303020745516,-0.00013499553363556475,IN BAND,False,True,6.6734e-05,4032.546142029,2959447.395501763,1.0,1439191.283655429,91633.694323923,-0.00022424396803000932,397.1565753328614,ACCUMULATING_PRE_EMA,0.0,,,,0.04349037700328905,-0.4027927759063373,-0.0016424456592327044,-1.2334448159353932,-0.8322944856882886,-0.8306520400290559,0.8880036198631037,0.874142417032345,1,0.0,,0.0,0.0,9.15541313801782e-05,0.0013626010545611665,-0.5136957897347397,5GgMeLFN...,922320.077638636,,,,False,5856038,1.0,96,5HQTcjYx...,,6.2509984783747,6.2509984783747,0.0,,COUNTER,186014.794503201,289.843039317,0.0,OK,0.0,0.0,1295.967040512703,3774.578883074,0.0012754336802239508,3774.573941721,0.0012754320105362222,0.004941352999594528,NEITHER,True,True,0.012754320105362222,,,14129.343644727998,0.004774318227857002,30.0
90,59,86,95,127,Astrid,2026-09-24,9138871,0.002364817,0.0023704092018306255,-0.0023591714992950642,IN BAND,False,True,2.63e-07,3058.182017404,2964037.328304949,1.0,1293199.950106204,601116.489766416,-0.0011311304522673383,659.8799619434867,ACCUMULATING_PRE_EMA,0.0,,,,0.00022600486042577303,-4.23938991159185,-0.02870325324142328,-5.058031388636858,-0.847344730286432,-0.8186414770450087,0.8866285100069506,0.8188674819054345,1,0.2895378613429749,MINER_BURN_ONLY,2084.949516096851,2084.9044714642123,1.5259021896585345e-05,0.001031762315609193,-0.5637031044646613,5FU4uxAd...,1515880.758219387,,,,False,5848837,0.8825189977721488,0,5EKrpcqV...,0.179995422293431,0.917138967368759,0.752058151635458,0.5840441928247699,,COUNTER,1271802.03905904,203.185912805,0.0,DIVERGENT,-1.0,1.6087634996021152,1295.967040512703,5535.674552263,0.0018676129680960188,5535.674552263,0.0018676129680960188,0.0,EXPOSED,True,True,0.01867612968096019,,UNDEFENDED_BURNER,14408.868553159002,0.004861230462775256,30.0
91,61,75,96,123,MANTIS,2026-09-24,9138871,0.002377295,0.002379678888246417,-0.0010017688765451634,IN BAND,False,True,2.871e-06,5727.147112749,2016609.855977406,1.0,2409101.917726256,551845.850566738,-0.0026115959502149458,1789.2253674138337,ACCUMULATING_PRE_EMA,0.0,,,,0.0013174077514447582,-0.882593498696114,-0.012188187997966154,-1.882063952849924,-1.011658642151776,-0.9994704541538099,1.3031772071381982,1.0007878619052546,1,0.19042487845206296,MINER_BURN_ONLY,1378.3458144780016,1372.7152353981205,0.001907377737087046,0.002839987663341643,0.19462988957686894,5HVuEdEG...,1642910.904277952,,,,False,5794330,0.4891148142485858,158,5Dszzjqs...,0.179995422293431,4.3003972190881266,3.526345405608863,0.0,,COUNTER,314445.254987342,8560.983387542,0.0,DIVERGENT,-1.0,1.0592207922626293,1295.967040512703,350656.879907587,0.17388434300675945,350656.879907587,0.17388434300675945,0.0,FORTRESS,True,True,1.7388434300675943,0,,13435.549593282994,0.006662443681636715,30.0
92,62,25,97,34,BitMind,2026-09-24,9138871,0.011648249,0.011640415526926517,0.0006729547631149072,IN BAND,False,False,0.001702136,34568.103266058,2753758.777663749,1.0,2967665.132352602,635903.56964804,-0.0033068888932364145,-640.9168717623688,,0.0,,,,0.1294029172954998,-0.5847479944400431,0.008187616284564703,-1.646807212590482,-1.0538716018658743,-1.062059218150439,0.954331955767585,1.1914621354459387,1,0.0,,0.0,0.0,0.0009613183794918712,0.012553061490514831,0.07767798323291608,5DthmKBR...,2953678.161721875,2.9394886503818864,BUYBACK_GAMING,,False,3493948,0.703858137829912,72,5E2LP6En...,0.0,0.3478678326542057,0.3478678326542057,0.001602270646401758,,COUNTER,359938.133384116,70171.661546406,0.0,OK,0.0,0.0,1295.967040512703,125169.217237727,0.045453951251285284,125169.217237727,0.045453951251285284,0.0,DORMITORY,True,True,0.4545395125128535,,,12347.188005301005,0.004483758020292608,30.0
93,55,77,98,10,Pareton,2026-09-24,9138871,0.006241239,0.006383751053363085,-0.02232418717017586,IN BAND,False,True,2.699e-06,16281.544539209,3401098.502846469,1.0,2608703.896471691,1009949.149869225,0.0019830543029549486,-46.17486259294674,DISTRIBUTING_PRE_EMA,0.0,,,0.3177340753903109,0.0004356449096655909,-7.584296291909074,-0.27161094390380625,-8.373572411733495,-1.060887063728226,-0.7892761198244198,0.7726915282813942,0.7897117647340854,1,0.3310398753587716,MINER_BURN_ONLY,2384.5629481839715,2384.5179035513324,1.5259021896696368e-05,0.00478714289679718,-0.2329819613065322,5HK5714c...,766939.793321258,,,,False,2869647,0.804681539353618,201,5GKbzKzG...,0.179995422293431,1.442925220734307,1.1832052862903932,0.22239008683178438,,COUNTER,838649.054323513,0.0,0.0,DIVERGENT,-1.0,1.8399525829051817,1295.967040512703,58808.990573057,0.017291175343448068,19767.164300006,0.005811994061172394,39041.826273051,FORTRESS,True,False,0.06720388887792948,,,22154.886967219005,0.006514038610959664,30.0
94,63,17,7,68,NOVA,2026-09-24,9138871,0.020748489,0.020572005305439234,0.008578827972307707,IN BAND,False,False,0.00297261,43552.213585323,3756063.249168596,1.0,2099054.707910816,1700069.341622213,0.0020257665134935203,-7649.858290628996,DISTRIBUTING_PRE_EMA,0.0,,0.09763441152237738,0.09763441152237738,0.17937134388578205,-3.0239382395043615,0.10437574032974377,-4.357999123675278,-1.2296851438411733,-1.3340608841709172,0.699668729109316,1.5134322280566992,1,0.0,,0.0,0.0,0.0,0.011595175772123451,-0.44115565369008547,5EcdJLAe...,2517699.163342605,0.5376307910634498,BUYBACK_GAMING,,False,4972413,0.0,11,5E2LP6En...,0.0,0.17203683664371477,0.17203683664371477,0.16372127094588407,,COUNTER,682309.357738917,6247.123951755,0.0,DIVERGENT,1.0,0.0,1295.967040512703,547499.294922848,0.14576413084738038,547499.294922848,0.14576413084738038,0.0,DORMITORY,True,True,1.457641308473806,0,,31638.765113216,0.008423384542371386,30.0
95,124,124,99,35,SN35,2026-09-24,9138871,0.002770389,0.0030833797063678503,-0.10150897267743461,IN BAND,False,True,0.0,445.73471049,52679.71094305,1.0,160892.414127227,7323.525328906,,6445.261474695348,,,,,,,-17.998347158953006,-1.235025834242121,-17.998347158953006,-1.235025834242121,,49.88637851185306,5.977198067847834,1,0.0,,0.0,0.0,0.0,0.008461221645120007,2.0541637456400554,5FjUeckL...,786419.543293955,,,,True,9046691,0.0,1,5E2LP6En...,0.0,1.0476747312282586,1.0476747312282586,0.22748496963408307,,COUNTER,0.0,0.0,0.0,OK,0.0,0.0,1295.967040512703,0.0,0.0,0.0,0.0,0.0,NEITHER,False,,,,,18417.70467466499,0.3496166616133422,30.0
96,67,20,10,110,Green Compute,2026-09-24,9138871,0.012849676,0.01259138248860836,0.020513514828520468,IN BAND,False,False,0.002745018,7603.509419541,3012552.167971603,1.0,591727.787194063,426230.325265427,0.0008840356011466324,-12585.041256079916,DISTRIBUTING_PRE_EMA,0.0,,0.06879827951666893,0.06879827951666893,0.9487602245168891,-4.898306190405541,0.24958109708033235,-6.565904998146985,-1.4180177106611116,-1.6675988077414439,0.872350038595173,2.616359032258333,1,0.0,,0.0,0.0,0.0,0.0025239428217638327,-0.8035792636511744,5D53sX6A...,1603071.785217283,0.1866601143514428,,,False,5606062,1.0,155,5FmpATto...,0.179995422293431,7.046922992592885,5.7785091126718395,0.0,,COUNTER,653602.202903777,0.0,0.0,OK,0.0,0.0,1295.967040512703,9205.92186508,0.003055854754302391,9205.92186508,0.003055854754302391,0.0,NEITHER,True,True,0.030558547543023916,,,21589.835846399987,0.007166626382751323,30.0
97,64,62,100,60,Bitsec.ai,2026-09-24,9138871,0.003923488,0.003927946090698242,-0.0011349673837935887,IN BAND,False,True,4.6364e-05,6903.962640961,3973541.222282392,1.0,1759649.218705924,964071.045888719,0.00042835187573598795,-8190.659814914921,DISTRIBUTING_PRE_EMA,0.0,,,0.10917629306779782,0.01764850106185392,-6.041374804778885,-0.013808769836155328,-7.460069091617075,-1.4325030566743453,-1.41869428683819,0.661374792153404,1.4363427879000439,1,0.14181974816720835,,1033.2136562230298,1033.1686115903908,1.5259021896696368e-05,0.0017374835832193484,-0.5571584306567655,5CXLwkK1...,146311.654628014,0.0688720538660621,,,False,4796992,1.0,113,5CXLwkK1...,0.179995422293431,2.5775320872988954,2.113588110770662,0.0,,COUNTER,691695.522286848,0.0,0.0,DIVERGENT,-1.0,0.7972182773889486,1295.967040512703,1054723.283628192,0.2654366029257806,1054723.283628192,0.2654366029257806,0.0,FORTRESS,True,True,2.654366029257806,0,,10465.804574744001,0.0026338734114685915,30.0
98,65,5,101,120,Affine,2026-09-24,9138871,0.046441689,0.046430508606135845,0.0002407984361962942,IN BAND,False,False,0.008591555,76689.951603594,2662265.237876417,1.0,1651317.073597779,1512124.747956001,-0.0050901304439632976,-4899.744866261724,,0.0,,,,0.29441414511131175,-2.704305399479232,0.0029297143070549127,-4.260060166863354,-1.5528250530770678,-1.5557547673841228,0.9871292922324489,1.8501689124954346,1,1.159790161906825e-13,MINER_BURN_ONLY,9.89530235528946e-10,9.89530235528946e-10,0.0,0.028806277643758187,-0.3797323425563143,5EfNFhH2...,3032222.074483658,0.0,,,False,5749344,0.0,116,5E2LP6En...,0.0,0.3393941902433549,0.3393941902433549,0.01229914699464392,,COUNTER,181441.014096721,0.0,0.0,OK,0.9999999997971007,7.635458345742138e-13,1295.967040512703,51894.892558414,0.0194927582045914,51894.892558414,0.0194927582045914,0.0,DORMITORY,True,True,0.19492758204591534,,,19124.317167484005,0.00718347552129656,30.0
99,66,61,102,1,Apex,2026-09-24,9138871,0.006836011,0.006834402913227677,0.00023529294259351023,IN BAND,False,True,5.285e-05,23494.251527955,2540830.967700154,1.0,3436836.201381339,838317.759512682,-0.002493990990679855,-4098.158815904055,,0.0,,,,0.005911650338583453,-1.7282035784215548,0.0028627308015543745,-3.3756315897379734,-1.644565280514864,-1.6474280113164184,1.0343072929321022,1.6533396616550018,1,0.2481751814386412,SKIN_IN_GAME,1800.8109169630334,1800.6757830651163,4.57770656900891e-05,0.009246680250131294,0.35264268154795153,5HCFWvRq...,8219.568685706,0.4228667777666062,BUYBACK_JUSTIFIED,,False,1497824,0.6137459561740829,226,5CAQAgXx...,0.0899977111467155,0.4184234655793401,0.380766311387123,0.03244315580650084,,COUNTER,900525.032081918,0.0,0.0,DIVERGENT,-1.0,1.3894456624087779,1295.967040512703,192837.392404184,0.07589540384842355,192824.591394465,0.0758903657290517,12.801009718998102,FORTRESS,True,True,0.7589036572905169,,,11752.655370313,0.004625516423452197,30.0
100,69,76,103,22,Desearch,2026-09-24,9138871,0.003009596,0.002993430942296982,0.005400177259681119,IN BAND,False,True,2.74e-06,7529.200225385,3619739.145498006,1.0,2501730.876166021,271340.154655546,-0.0015173520545156394,-12928.910439543426,,0.0,,,,0.0009563724943484017,-1.3174991927415776,0.06570215665945361,-3.368306569247447,-1.9851052198464159,-2.0508073765058694,0.7260191672288137,2.0517637490002176,1,0.21556760932060587,SKIN_IN_GAME,1553.5448903541546,1553.4998457215156,1.5259021896696368e-05,0.002080039451116063,-0.3088642292466952,5DFuaMas...,1856750.038967982,0.3481479074032293,BUYBACK_GAMING,,False,2009702,0.5818811609241005,131,5E2LP6En...,0.0,0.38443980049848203,0.38443980049848203,0.12189650699668858,,COUNTER,1247047.584396698,0.0,0.0,DIVERGENT,-1.0,1.1987186380194739,1295.967040512703,763677.586285475,0.2109758619582538,763677.586285475,0.2109758619582538,0.0,FORTRESS,True,True,2.109758619582538,0,,10306.141492087001,0.002847205579690764,30.0
101,68,49,8,18,Zeus,2026-09-24,9138871,0.003711564,0.003715133760124445,-0.0009608698784307811,IN BAND,False,False,0.000142684,9767.326456011,3177387.409973252,1.0,2631592.573156124,881367.944205374,0.00033872464815844845,-10159.981672844384,DISTRIBUTING_PRE_EMA,0.0,,0.09126197154580884,0.09126197154580884,0.03839060296476873,-1.5635370197064036,-0.011690583520907835,-3.5509120408791497,-1.999065604693654,-1.9873750211727461,0.8270946097889029,2.025765624137515,1,0.018927537368296922,SKIN_IN_GAME,141.92266244097846,141.51726074722703,0.0001373311970702673,0.0030740118203254362,-0.17177453485230587,5GgvCi6h...,2050613.269211711,6.152768525774925,BUYBACK_GAMING,,False,1604679,0.08173854653114798,10,5E4z3h9y...,0.0899977111467155,0.33447374730665724,0.3043718756103932,0.06526781626735846,,COUNTER,341805.515371735,30745.295806132,0.0,DIVERGENT,-0.29720651783486807,0.10919819433929491,1295.967040512703,472285.796249436,0.14863966375866386,375000.0,0.11802149112284574,97285.79624943598,DORMITORY,True,True,1.1802149112284575,0,,13799.364946499998,0.004342991006758022,30.0
102,70,65,104,106,Nodexo,2026-09-24,9138871,0.002330769,0.002328688744455576,0.0008933162705307343,IN BAND,False,True,3.2287e-05,5881.622505195,2387268.076824008,1.0,2523468.348580899,363936.532987547,-0.0008091572467977437,-7786.442065443844,,0.0,,,,0.014426331496973022,-1.99341726130152,0.010868681291457268,-4.315668932597562,-2.311382990004585,-2.3222516712960424,1.1008399205405783,2.336678002793015,1,0.0,,0.0,0.0,7.629510948348184e-05,0.0024637461382300383,0.057052903239247804,5CTdHCps...,984817.451650207,3.775008245555531,BUYBACK_GAMING,,False,5558480,0.6347474439188159,31,5E4vCZrj...,0.0,0.4491958693444017,0.4491958693444017,0.02482870179615132,,COUNTER,838637.534343767,0.0,0.0,OK,0.0,0.0,1295.967040512703,330278.013178209,0.1383497799784626,330278.013178209,0.1383497799784626,0.0,DORMITORY,True,True,1.3834977997846258,0,,13235.227038575005,0.0055440891482044985,30.0
103,72,15,105,8,Vanta,2026-09-24,9138871,0.028346086,0.028056824347004294,0.010309850089167,IN BAND,False,False,0.003910281,80238.102474946,3288069.483105971,1.0,2830658.909285922,1411591.666309641,-0.008329727580013033,-14850.805603614077,,0.0,,,,0.12807155392550196,1.240852022524705,0.1254365094181985,-1.2194484041350098,-2.3348639172415164,-2.460300426659715,0.7992531829094873,2.5883719805852166,1,0.06744137892282175,,555.9857753269607,552.5623832463928,0.001159685664149035,0.02440280014981667,-0.13911218113792964,5F6tnxzA...,20179.48503082,0.06653429660105924,,,False,1477264,0.9155196382468416,143,5HbScNss...,0.0899977111467155,0.7703985356712229,0.7010644307900316,0.026263181186955396,,COUNTER,795728.480353771,0.0,0.0,DIVERGENT,-1.0,0.42637070694929957,1295.967040512703,607572.370203955,0.1847808792744948,607571.159893335,0.18478051118293645,1.2103106200229377,FORTRESS,True,True,1.8478051118293646,0,,18644.738087755002,0.0056704209517320905,30.0
104,74,2,12,107,Minos,2026-09-24,9138871,0.042211435,0.04075381066650152,0.035766577644151504,IN BAND,False,False,0.013299607,20495.88054617,1642914.157723475,1.0,485553.197135623,587745.833940505,0.001226016808458981,-11738.526572187664,DISTRIBUTING_PRE_EMA,0.0,,0.02904466072899396,0.02904466072899396,1.7052874170137204,-9.762651741161354,0.4351600280038433,-12.84321136366537,-2.645399594500172,-3.0805596225040155,1.5995966603888312,4.785847039517736,1,0.0,,0.0,0.0,0.00012207217517357094,0.012475320423661318,-0.7044563771958636,5DA2vLrS...,1300388.015691923,0.17549237274335855,,,False,7457580,0.0,2,5G9hfkx9...,0.009994659342336155,0.6176315426124382,0.6114585257449454,0.019318806079472624,,COUNTER,406798.248425295,11728.725039684,0.0,OK,0.0,0.0,1295.967040512703,41164.694002343,0.02505590070474734,41164.694002343,0.02505590070474734,0.0,DORMITORY,False,True,0.2505590070474734,,,30213.958713293014,0.018390467068078207,30.0
105,73,27,106,62,Ridges,2026-09-24,9138871,0.010732783,0.010751484660431743,-0.0017394491107419262,IN BAND,False,False,0.001604507,30045.940068382,2770987.17002548,1.0,2799454.574103254,4392881.017523068,-0.02595581615076601,-12716.516004617792,,0.0,,,,0.14033990570450705,-1.6165770698169828,-0.021163297514026767,-4.27322996563975,-2.6778161933367937,-2.656652895822767,0.9483984727276218,2.796992801527274,1,0.03467550225843395,,287.4828127050132,286.9873217459837,0.00016784924086366004,0.010843045537488258,0.010273433972182111,5DhsVYew...,7838.482178093,0.08270844497943936,,,False,4474225,0.32818509248519623,181,5DNz7cGz...,,13.50438719568194,13.50438719568194,0.0,,COUNTER,191150.219552227,170981.9854291,0.0,DIVERGENT,-1.0,0.2214464664413436,1295.967040512703,148002.34069802,0.05341141319562988,148002.34069802,0.05341141319562988,0.0,DORMITORY,True,True,0.5341141319563018,,,17420.16628106901,0.0062866282707865545,30.0
106,71,80,107,16,kenju,2026-09-24,9138871,0.001129127,0.001151248812675476,-0.019215492282737327,IN BAND,False,True,1.962e-06,357.41872574,498995.941135172,1.0,316544.176861009,78123.811392071,0.000900611716787907,3966.8142311269767,,0.0,,,0.7976177319184706,0.014426037665835029,2.2659263621722783,-0.2337884894399708,-0.18017679786521823,-2.6798916494774674,-2.4461031600374965,5.266575904448302,2.4605291977033317,1,0.0,,0.0,0.0,0.0,0.0007162758176487443,-0.36563750787223726,5FkKY8WJ...,608443.954051056,,,,True,8460646,1.0,1,5E2LP6En...,0.0,0.7857881001708946,0.7857881001708946,0.4432355723746452,,COUNTER,63578.799840379,0.04568655,0.0,OK,0.0,0.0,1295.967040512703,7333.737256624,0.014696987795011702,0.0,0.0,7333.737256624,NEITHER,False,False,0.1245106665798742,,,48110.88770416801,0.0964153888601177,30.0
107,75,63,108,55,NIOME,2026-09-24,9138871,0.002453961,0.002443054923787713,0.0044641142145827525,IN BAND,False,True,3.6002e-05,6290.089177083,2999154.122977744,1.0,2563239.277817021,570710.079202638,-0.002858824195392448,-18972.338673626073,,0.0,,,,0.01504163984585612,-5.812679486967282,0.05431338961075682,-8.997458304948113,-3.130465428370075,-3.1847788179808316,0.8762470657529132,3.1998204578266876,1,0.00827867623020186,,60.841316237987485,60.4809591768751,0.00012207217517357094,0.002097287741530874,-0.14534593600677695,5GeWUxaF...,1247864.347222868,0.11120188272269904,,,False,4703386,0.020083324431150573,28,5G9hfkx9...,0.009994659342336155,0.33271376783881496,0.3293884070707609,0.01664860905525629,,COUNTER,321851.498483328,0.0,0.0,DIVERGENT,0.7146581114531513,0.046668593634100426,1295.967040512703,14841.866940702,0.004948684306349047,14841.866940702,0.004948684306349047,0.0,NEITHER,True,True,0.04948684306349047,,,14493.493871112001,0.00483252719827615,30.0
108,76,21,109,75,Hippius,2026-09-24,9138871,0.017179819,0.017370085464790463,-0.010953686162116975,IN BAND,False,False,0.002539094,33233.888209465,3711337.149901819,1.0,1934472.586319986,1556072.225268718,-0.01292806119265099,-26111.872802776517,,0.0,,,,0.2007811722162442,2.6900852588790185,-0.13326984830575653,-0.5209268908890476,-3.3442819980738228,-3.211012149768066,0.7081005831198931,3.41179332198431,1,0.0,,0.0,0.0,0.002151522087434188,0.008954693919506661,-0.47876669017836204,5DAQpczE...,1553089.161786899,0.11200932922843902,,,False,5102795,0.0,157,5E2LP6En...,0.0,0.30591262205027725,0.30591262205027725,0.44548895128799904,,COUNTER,784604.879643725,0.0,0.0,OK,1.0,0.0,1295.967040512703,552610.163504825,0.14889786111710274,552609.767120331,0.148897754313415,0.3963844940299168,DORMITORY,True,True,1.4889775431341503,0,,41089.656059773995,0.01107138866671302,30.0
109,125,125,110,36,Epago,2026-09-24,9138871,0.00706847,0.009953108383342624,-0.2898228646008027,DISCOUNT,True,True,0.0,582.081988917,119231.892678573,1.0,82349.075322744,17749.765469027,,5072.711773856834,,,,,,,-35.637998857936836,-3.5261781859764327,-35.637998857936836,-3.5261781859764327,,22.041082641240955,6.9290251710838096,1,0.0,,0.0,0.0,0.0,0.004881931971726598,-0.3093368194635335,5DCjvVt6...,643403.679446353,,,,True,8884359,0.0,1,5E2LP6En...,0.0,1.0352140164396026,1.0352140164396026,0.38177129428998685,,COUNTER,34545.255833249,0.0,0.0,OK,0.0,0.0,1295.967040512703,57425.160268371,0.48162583834157985,57425.160268371,0.48162583834157985,0.0,DORMITORY,False,True,4.81625838341581,0,,19254.940380493998,0.1614915267041993,30.0
110,78,14,111,3,Teutonic,2026-09-24,9138871,0.030436749,0.030243006302043796,0.006406198379263324,IN BAND,False,False,0.004198517,82469.410650204,3409476.146046544,1.0,2709534.122406796,3536814.173715869,-0.03954664999786193,-27290.281802839134,,0.0,,,,0.13379145781457946,-0.24918613021092564,0.07794208028103711,-3.965915868601674,-3.6387876581097114,-3.7167297383907485,0.7707928982132037,3.850521196205328,1,0.0,,0.0,0.0,7.629510948348184e-05,0.02418829377816042,-0.20529312187183915,5GsGUrd2...,3304005.264162911,0.8562145626498534,BUYBACK_GAMING,,False,4165565,0.19999999999999996,204,5E6yHkmZ...,0.179995422293431,0.3212340960645841,0.2634134292883907,0.9850609616529078,,COUNTER,578475.334942498,0.0,0.0,OK,0.0,0.0,1295.967040512703,387454.284291444,0.1136404150358161,387346.677509149,0.11360885394616901,107.60678229498444,DORMITORY,True,True,1.136088539461691,0,,23455.991965153993,0.006879646890139523,30.0
111,77,70,112,82,Compelle,2026-09-24,9138871,0.001945706,0.0019513017032295465,-0.002867677110251734,IN BAND,False,True,1.6048e-05,1231.873417111,723838.527913532,1.0,633124.174687795,121735.717904813,0.0004909697292762227,92.33068815968,,0.0,,,0.2523350029635632,0.03423577732435136,-1.6093686048887867,-0.03489007150806276,-5.274525038862576,-3.7000465054818523,-3.6651564339737894,3.630643988480722,3.6993922112981408,1,0.0,,0.0,0.0,0.0,0.001701862182801848,-0.1253240814378698,5H6h1PUD...,383633.567975271,,,,False,8026517,0.0,5,5E2LP6En...,0.0,0.7552823442285996,0.7552823442285996,0.4251270391112603,,COUNTER,51466.221683119,7195.897335065,0.0,OK,0.0,0.0,1295.967040512703,744.314271862,0.0010282877232405542,744.314271862,0.0010282877232405542,0.0,NEITHER,False,True,0.010282877232405539,,,38607.505615629,0.05333717967032692,30.0
112,81,40,113,33,ReadyAI,2026-09-24,9138871,0.004486023,0.004426910309121013,0.013353035582671209,IN BAND,False,False,0.000377956,14327.652426053,2225381.589424631,1.0,3193842.218928058,912044.653627571,-0.0054386194078304825,-17565.770231980365,,0.0,,,,0.0693252696578449,-2.207795202002535,0.1624619329224997,-6.252262375919722,-3.8820052409946877,-4.044467173917187,1.1809210665212095,4.113792443575032,1,0.0,,0.0,0.0,0.0051270313572899795,0.006438290176453465,0.43518884688140597,5HinUfk5...,61344.724310781,0.09935542347072293,,,False,2943950,0.0,209,5E2LP6En...,0.0,0.4615949059018057,0.4615949059018057,0.4018464825270868,,COUNTER,588076.249106669,0.0,0.0,DIVERGENT,1.0,0.0,1295.967040512703,138809.800536348,0.06237572971574598,138808.045342108,0.06237494099966766,1.755194239987759,DORMITORY,True,True,0.6237494099966766,,,14430.010963320992,0.0064842861250828665,30.0
113,80,22,114,56,Gradients,2026-09-24,9138871,0.016113941,0.016054651699960232,0.003692967069470262,IN BAND,False,False,0.002235964,51287.699686693,2894388.431063014,1.0,3182815.277398576,2853515.200074932,-0.009019599530651996,-24075.00558541715,,0.0,,,,0.1145715917831387,0.32894476185623406,0.04493109934522152,-3.6864031049065673,-3.97041676741758,-4.015347866762801,0.9079638281427285,4.12991945854594,1,0.0,,0.0,0.0,7.629510948348184e-05,0.01771970172913409,0.0996504039039296,5EJ1zbdw...,15243.790360287,0.00034470648344164925,,,False,4312927,0.3584617732336334,26,5HbScNss...,0.0899977111467155,0.9010564878924624,0.8199634663682426,0.022631201452791894,,COUNTER,841047.343861356,0.0,0.0,OK,0.0,0.0,1295.967040512703,264724.185506575,0.09146118145910032,264724.185506575,0.09146118145910032,0.0,DORMITORY,True,True,0.9146118145910033,,,23515.495649012006,0.008124512728367814,30.0
114,82,43,115,102,ConnitoAI,2026-09-24,9138871,0.005555547,0.005457648076117039,0.01793793269877043,IN BAND,False,False,0.000283351,3353.888371613,984826.673210308,1.0,603700.834808731,232347.94745731,-9.995717380745074e-05,-4942.557806708268,,0.0,,,,0.22202480986028583,-9.563269243582159,0.21824484783504022,-13.994504685767204,-4.212990594350005,-4.431235442185045,2.668489868814505,4.653260252045331,1,0.09755217862852963,SKIN_IN_GAME,738.3793235239864,738.1991449934302,6.103608758678547e-05,0.003405562077923922,-0.3869978819504322,5HBc11rC...,799820.602401093,1.0952089445406155,BUYBACK_GAMING,,False,7840965,0.2500801147548488,0,5EEinUEy...,0.179995422293431,0.992903159152374,0.8141851357242608,0.486968198742599,,COUNTER,151649.318559446,7309.092357836,0.0,DIVERGENT,-0.847489047720634,0.5696125919231619,1295.967040512703,2002.340459168,0.002033190726486755,2002.340459168,0.002033190726486755,0.0,EXPOSED,False,True,0.020331907264867548,,,31455.373744387,0.03194000995307096,30.0
115,79,74,116,103,Capcomp,2026-09-24,9138871,0.001378478,0.0014447241555899382,-0.04585384367916739,IN BAND,False,True,4.856e-06,356.26904293,236747.822993987,1.0,258450.909333139,36681.963247073,,4808.755964660202,,,,,,0.03582003054502662,-16.596452060290588,-0.5578884314298699,-20.478458383070798,-4.439894754210082,-3.8820063227802115,11.100418862422853,3.917826353325238,1,0.0,,0.0,0.0,0.0,0.0015048461203339076,0.09167220683529771,5H3SQ4du...,1072691.107941659,,,,True,8762380,0.0,103,5H6VKx1U...,,0.950336568788861,0.950336568788861,0.018448438978240302,,COUNTER,60139.256694016,0.014698804,0.0,OK,0.0,0.0,1295.967040512703,0.0,0.0,0.0,0.0,0.0,NEITHER,False,,,,,66888.33628681902,0.28252988957164715,30.0
116,85,81,117,100,Cortex,2026-09-24,9138871,0.003826893,0.003721837652847171,0.028226740914521854,IN BAND,False,True,1.665e-06,2477.176334705,1963348.213312382,1.0,647307.404894955,401426.497966501,-0.001453934361040321,-19359.559743283433,,0.0,,,,0.0017663740520599959,-6.428887410343653,0.3434253477933492,-11.450947304587519,-4.678634546450516,-5.022059894243865,1.3385297535001588,5.023826268295926,1,0.2881380359623603,SKIN_IN_GAME,2075.767118597054,2075.49685080122,9.15541313801782e-05,0.0012617101326746997,-0.6703043088284152,5FX6kmhY...,1228414.992095984,0.3168914480782194,BUYBACK_GAMING,,False,6693448,0.703184849455966,0,5ExuWpCM...,0.179995422293431,1.1192596612067145,0.9177980458318094,0.5729349468190627,,COUNTER,756983.090018394,1077.059572996,0.0,DIVERGENT,-1.0,1.6015043484285862,1295.967040512703,323471.203150831,0.16475488197027457,323471.203150831,0.16475488197027457,0.0,FORTRESS,False,True,1.6475488197027472,0,,27732.628309132986,0.014125170523034742,30.0
117,83,56,118,40,Ralph,2026-09-24,9138871,0.002934199,0.002959218341857195,-0.008454713024484929,IN BAND,False,True,8.2486e-05,1567.376091268,459860.476556963,1.0,534175.15428029,80851.879757517,-1.8552276038102824e-06,1540.5567615518812,ACCUMULATING_PRE_EMA,0.0,,,,0.1383032503862117,-4.108885182055293,-0.10286567513123329,-8.768499997420268,-4.762480490496208,-4.659614815364975,5.714776837696921,4.797918065751187,1,0.0,,0.0,0.0,0.0,0.003408373128743646,0.16160258003756592,5HeKCDfd...,815318.999239489,,,,True,8409860,0.0,6,5E2LP6En...,0.0,0.8465196580003712,0.8465196580003712,0.23148995910394923,,COUNTER,22349.634720453,0.042920633,0.0,OK,0.0,0.0,1295.967040512703,22427.898380107,0.04877109367612472,22427.898380107,0.04877109367612472,0.0,DORMITORY,False,True,0.48771093676124727,,,46320.28421136102,0.10072682166157698,30.0
118,84,73,119,99,Thirty Spokes,2026-09-24,9138871,0.001442701,0.0014735490549355745,-0.02093452866889677,IN BAND,False,True,5.253e-06,471.670268199,390568.500402397,1.0,326935.596546707,32486.224919395,,2292.316103540128,,,,,,0.029268081816375274,-14.116904419498324,-0.254703432138244,-18.844312151540695,-4.9821111641806155,-4.727407732042372,6.728653225471102,4.756675813858747,1,0.021440781335545264,MINER_BURN_ONLY,154.98086425899237,154.93581962635332,1.5259021896696368e-05,0.0012076505599223825,-0.16292387686541943,5DebFXsw...,1062029.666614986,,,,True,8572056,1.0,18,5CkCPddn...,,13.801413563995053,13.801413563995053,0.0,,COUNTER,94717.016826704,0.012273672,0.0,DIVERGENT,-1.0,0.11955228395705071,1295.967040512703,0.0,0.0,0.0,0.0,0.0,NEITHER,False,,,,,56393.730133308,0.14438883339339031,30.0
119,86,83,120,23,Trishool,2026-09-24,9138871,0.005206917,0.004938988713547587,0.05424760046879407,IN BAND,False,True,9.27e-07,8248.801015596,4487622.809323739,1.0,1584200.587800261,616921.235134612,3.250270980840306e-05,-62270.11419732869,DISTRIBUTING_PRE_EMA,0.0,,,0.006242217766944059,0.0002953345577610567,10.425507248189891,0.6600124723703279,4.68038718545417,-5.085107590365394,-5.7451200627357215,0.5856107145502333,5.745415397293483,1,0.3282106636758705,,2363.5826091249473,2363.5375644923083,1.5259021896696368e-05,0.0018381226244010133,-0.6469844584807068,5CqTRwoF...,1476565.904253449,0.061005938033867495,,,False,2063528,0.8068025757621997,188,5HKsvivb...,0.0899977111467155,0.8716373367837054,0.793191971523153,0.38769437365521664,,COUNTER,1190505.427620062,0.055431535,0.0,DIVERGENT,-1.0,1.823763637968184,1295.967040512703,866832.455236959,0.1931607205124234,866832.455236959,0.1931607205124234,0.0,FORTRESS,True,True,1.931607205124234,0,,11583.549825856,0.002581221800056226,30.0
120,87,92,121,26,Perturb,2026-09-24,9138871,0.00349466,0.003431030549108982,0.018545288355867957,IN BAND,False,True,1.4e-08,2025.177678154,1045376.471568718,1.0,579506.363423891,69847.674469394,-0.00014188253281285655,-12652.587759213755,,0.0,,,,1.8167294848685486e-05,0.8229366245032038,0.22563434166306012,-6.277021339629153,-6.874323622469297,-7.099957964132357,2.5139268689071965,7.099976131427206,1,0.3701796902416282,SKIN_IN_GAME,2665.394637453006,2665.304548187728,3.0518043793392735e-05,0.0019372711489430863,-0.44564817494603587,5FsVAEPM...,1492321.437185247,0.6622761462959004,BUYBACK_GAMING,,False,8123781,0.962492179512612,0,5EHfTi6R...,0.179995422293431,1.2252712107477568,1.0047280017452307,0.7947019867549668,,COUNTER,101163.889969836,1668.571827101,0.0,DIVERGENT,-1.0,2.056614454587746,1295.967040512703,35753.061622207,0.03420113480127888,32728.510585903,0.03130786991674854,3024.551036304001,FORTRESS,False,True,0.3130786991674925,,,32609.822899580002,0.03119433408582928,30.0
121,88,28,5,61,RedTeam,2026-09-24,9138871,0.010696362,0.009938276838511229,0.076279336328322,IN BAND,False,False,0.001469184,13571.290677724,4880656.123461848,1.0,1268776.268714636,816310.880881036,0.001606769924520486,-122425.26023325394,DISTRIBUTING_PRE_EMA,0.0,,0.15021648711220564,0.15021648711220564,0.28449877345398655,-17.949389944148173,0.9280652586612509,-27.691648462803364,-8.814193259993939,-9.74225851865519,0.5384521944430619,10.026757292109176,1,0.0,,0.0,0.0,0.0008239871824216038,0.0027806283283276856,-0.7400398071486655,5ECEsYL8...,,,,,False,4457976,0.002260197614575188,69,5HbLhpEA...,,1.4215327568321128,1.4215327568321128,0.0,,COUNTER,808370.14496251,0.0,0.0,DIVERGENT,1.0,0.0,1295.967040512703,1021287.884224886,0.20925216987024414,1021287.884224886,0.20925216987024414,0.0,DORMITORY,True,True,2.0925216987024418,0,,29237.186468967,0.0059904213141386145,30.0
122,89,11,122,38,ChronoLLM,2026-09-24,9138871,0.017130743,0.015776988118886948,0.08580566017492564,IN BAND,False,False,0.005070684,7545.431023069,1888300.144427304,1.0,440461.510960362,217227.71408637,-0.0014355570088288021,-82937.29462378798,,0.0,,,,1.7660697594688144,36.60338099780398,1.0439688654615953,19.590907936584657,-15.96850419575773,-17.012473061219325,1.3917279028737441,18.778542820688138,1,0.0,,0.0,0.0,6.103608758678547e-05,0.003995885423901944,-0.7667418497900561,5GeWgtBA...,1849543.256678549,0.23045568239365485,BUYBACK_GAMING,,False,7284230,0.7541011124505959,10,5HbScNss...,0.0899977111467155,1.1127584068001837,1.0126126971289013,0.011337799276700289,,COUNTER,485297.062238849,10641.406258159,0.0,OK,0.0,0.0,1295.967040512703,27719.265711048,0.014679480798035357,27719.265711048,0.014679480798035357,0.0,DORMITORY,False,True,0.14679480798035746,,,22645.79878076501,0.01199269027627659,30.0
123,90,58,123,78,Umi,2026-09-24,9138871,0.004891631,0.004143692785874009,0.18050040212337592,IN BAND,False,True,7.3822e-05,1657.372309704,1080810.149919995,1.0,338818.014270597,170905.102344728,0.0001379181554245564,-51902.83421089442,DISTRIBUTING_PRE_EMA,0.0,,,0.028194717758669125,0.11705530185589282,35.00510725653612,2.1960882258344068,13.918115308451355,-18.890903722250357,-21.086991948084766,2.4315093637809864,21.204047249940658,1,0.030628048596970787,MINER_BURN_ONLY,225.74915488400438,223.76719104788629,0.0006713969634546402,0.0015334536873350827,-0.6865148480465753,5GvYz1tB...,865999.724410724,0.0,,,False,7966145,0.3061183979478096,79,5HK7dfn8...,0.0899977111467155,3.3378194997284103,3.0374233845319782,0.0470144812537195,,COUNTER,83087.376907421,8107.779671713,0.0,DIVERGENT,-1.0,0.17266426078194147,1295.967040512703,60954.610623049,0.05639714859039864,60954.610623049,0.05639714859039864,0.0,DORMITORY,False,True,0.5639714859039923,,,35392.201625478985,0.032745993020234704,30.0
124,91,35,124,41,Almanac,2026-09-24,9138871,0.007035032,0.006660670042037964,0.05620484960211192,IN BAND,False,False,0.001015456,14902.381353201,3685954.549790595,1.0,2118310.390335959,1614809.083041201,-0.002647854639532984,-227551.41538280807,,0.0,,,,0.1790732839773146,18.769120691884453,0.6838256701590283,-6.003940173828333,-24.08923519555376,-24.773060865712786,0.7129767783352893,24.9521341496901,1,0.0016033934115824054,MINER_BURN_ONLY,15.553109873901121,13.210788976670642,0.0007934691386282111,0.004043018206517937,-0.42530208725163765,5FCSevLk...,10546.634599153,0.003639691290455642,,,False,3394182,0.03034375334056172,210,5FCSevLk...,0.179995422293431,3.0980589013887,2.540422481143318,0.0,,COUNTER,1036835.162634061,0.0,0.0,OK,-1.0,0.010193769257777008,1295.967040512703,271111.945633162,0.07355270988042006,271111.945633162,0.07355270988042006,0.0,DORMITORY,True,True,0.7355270988042006,,,10750.459199351006,0.002916601128454434,30.0
125,92,48,125,76,Ormas,2026-09-24,9138871,0.006443537,0.0036404691636562347,0.7699743385626039,PREMIUM,False,False,0.000182669,527.231127992,46500.083871999,1.0,81823.243588098,7790.261192687,,35.41892751863634,,,,,,0.9105193273172675,15.340509100662706,9.368021119178346,-52.6275683511518,-58.600056332636164,-67.96807745181451,56.51602709436198,68.87859677913178,1,0.0,,0.0,0.0,0.0,0.011338283376935654,0.7596365749022088,5CLWmDjL...,513041.172577787,5.626647770156511,BUYBACK_GAMING,,True,9003844,1.0,1,5E2LP6En...,0.0,2.225843327516436,2.225843327516436,0.6409442570918469,,COUNTER,1719.959597884,0.0,0.0,OK,0.0,0.0,1295.967040512703,0.0,0.0,0.0,0.0,0.0,NEITHER,False,,,,,11047.468048524997,0.23757952951085884,30.0
126,126,126,126,59,SN59,2026-09-24,9138871,0.005122747,0.0,,N/A,False,True,0.0,530.361161239,0.0,0.0,103530.603756369,1.345483354,,,,,,,,,-0.0044273544951445865,,-0.0044273544951445865,,,,,,,,,,0.0,,,5GzrQ2fe...,368890.437600135,,,,True,8938771,1.0,0,5FKjMupT...,,0.0,0.0,0.0,,,0.0,0.0,,NO_ESTIMATE,,,,0.0,,0.0,,0.0,,False,,,,,0.0,,30.0
127,127,127,127,86,SN86,2026-09-24,9138871,0.005989978,0.0,,N/A,False,True,0.0,709.206653218,0.0,0.0,118398.856999575,2.125984345,,,,,,,,,-0.003307696420531748,,-0.003307696420531748,,,,,,,,,,0.0,,,5F4XAWGz...,274499.70193306,,,,True,8693284,1.0,0,5F1N5GEH...,,0.0,0.0,0.0,,,0.0,0.0,,NO_ESTIMATE,,,,0.0,,0.0,,0.0,,False,,,,,0.0,,30.0
128,128,128,128,108,SN108,2026-09-24,9138871,0.004442118,0.0,,N/A,False,True,0.0,509.727336193,0.0,0.0,114748.695018811,1.049812107,,,,,,,,,53.12617937819729,,53.12617937819729,,,,,,,,,,0.0,,,5FBwsAvv...,609568.733698165,,,,True,9111253,1.0,0,5HjH8Zqf...,0.0,0.0,0.0,0.0,,,0.0,0.0,,NO_ESTIMATE,,,,0.0,,0.0,,0.0,,False,,,,,0.0,,30.0
