combined_apy_rank,real_apy_rank,emission_rank,epr_rank,netuid,name,date,block,spot_price,moving_price,momentum_30d,ema_band,ema_lag_flag,low_emission,tao_emission,tao_reserves,alpha_outstanding,alpha_out_emission,alpha_in_pool,volume,ema_tao_inflow,pool_growth_real,pool_ema_divergence,flow_momentum,flow_price_divergence,emission_price_ratio,emission_price_ratio_raw,emission_apy,price_apy_7d,price_apy_30d,combined_apy_7d,combined_apy_30d,real_apy,gross_emission_rate,net_supply_delta,supply_days_gap,supply_defence,supply_defence_quality,burned_tokens,manual_burn,miner_burn_rate,liquidation_price,liquidation_haircut,owner_coldkey,owner_stake,owner_inflow_pct,owner_inflow_flag,large_entry_anomaly,immune,registered_at,vali_miner_share,best_validator_uid,best_validator_hotkey,best_validator_take,best_validator_raw_apy,best_validator_apy,best_validator_div_pct,best_validator_trust,burned_source,alpha_burned_cum,alpha_recycled_cum,recycled_tokens,recon_flag,recon_gap_relative,burn_coverage,owner_cut_emission,total_locked_alpha,locked_float_ratio,owner_locked_alpha,owner_lock_ratio,community_locked_alpha,commitment_class,gate_eligible,leader_is_owner,leader_pct_of_threshold,leader_blocks_to_threshold,governance_flag,basket_alpha,basket_share,ema_halving_days
1,93,93,12,108,ChipForge,2026-10-07,9233016,0.015527232,0.0022088445257395506,6.029572167285643,PREMIUM,False,True,0.0,952.993348581,66751.454174266,1.0,61375.608551382,15294.045075386,,953.7362139959441,,,,,,,130.12025248187592,73.35979470197532,130.12025248187592,73.35979470197532,,39.369928827904786,38.05713820243206,1,0.37131883043782793,MINER_BURN_ONLY,2673.540623785,2673.495579152361,1.5259021896696368e-05,0.014276742887024591,-0.08053522437066754,5FBwsAvv...,716666.192081688,,,,True,9111253,0.9000061037018952,0,5HjH8Zqf...,0.0,2.417659866946125,2.417659866946125,0.7080707429844506,,COUNTER,5409.16919313,0.0,0.0,DIVERGENT,-1.0,2.0629348552681464,1295.967040512703,0.0,0.0,0.0,0.0,0.0,EXPOSED,False,,,,,4169.623657849998,0.06246491120574675,30.0
2,94,94,13,116,Carbon,2026-10-07,9233016,0.04183005,0.01146250986494124,2.6492923882176687,PREMIUM,False,True,0.0,1998.021091455,119846.41799116,1.0,47765.208771416,44558.594011439,,737.8689766030438,,,,,,,1069.514149158065,32.23305738998163,1069.514149158065,32.23305738998163,,21.92806463513865,21.270593186201317,1,0.4100022879344445,MINER_BURN_ONLY,2952.016473128,2952.016473128,0.0,0.01667151279900895,-0.6014465008048293,5D5RwyMP...,741088.107637098,,,,True,9210632,1.0,0,5DDLUnX2...,0.179995422293431,2.4353249504419043,1.996977607565385,0.6750083925901059,,COUNTER,6937.238711856,0.0,0.0,DIVERGENT,-1.0,2.2778484180895067,1295.967040512703,0.0,0.0,0.0,0.0,0.0,EXPOSED,False,,,,,6399.747448916999,0.05339957218737277,30.0
3,1,20,5,68,NOVA,2026-10-07,9233016,0.019915758,0.020401143236085773,-0.023792060595271884,IN BAND,False,False,0.002820531,42945.162637982,3799632.741798562,1.0,2156340.876593475,1716424.111426751,0.0020257665134935203,90685.67092101183,,0.0,,0.10171676686840242,0.10171676686840242,0.17260047494718972,-3.2658788267284877,-0.2894700705758079,4.7027512608335496,7.679160016986229,7.968630087562037,0.6916457927868135,-7.796029612614847,1,0.0,,0.0,0.0,0.0,0.011302450935732762,-0.43248703184017584,5EcdJLAe...,2485938.9856164157,,,,False,4972413,0.0,39,5EvbeQ75...,,0.17194107935392608,0.17194107935392608,0.0425333842045021,,COUNTER,682309.357738917,6247.123951755,0.0,DIVERGENT,1.0,0.0,1295.967040512703,533400.80192819,0.14038219959008563,533400.80192819,0.14038219959008563,0.0,DORMITORY,True,True,1.4038219959008569,0,,33044.865803260975,0.008696857840955212,30.0
4,2,52,14,66,conjectures,2026-10-07,9233016,0.002974473,0.0030464883893728256,-0.023638819574707533,IN BAND,False,False,0.000107852,6709.136017354,3691008.402300241,1.0,2255570.8978731,1427576.486600862,-0.005772511456838813,76655.74895817135,ACCUMULATING_PRE_EMA,0.0,,,,0.042246133521046614,-6.668368060490204,-0.28760563815894163,0.09132178240784139,6.472084204739104,6.759689842898045,0.7120005466154526,-6.717443709376999,1,0.0,,0.0,0.0,0.0005645838101777656,0.001817697302767682,-0.3889010581815057,5CJCRGep...,1268815.64806835,,,ENTRY_PRE_EMA_PATTERN,False,4958013,0.8032306329964274,53,5GP7c3fF...,0.0009918364232852674,0.30736545537987886,0.30706059912597344,0.03619716160537159,,COUNTER,876389.726869251,0.0,0.0,OK,1.0,0.0,1295.967040512703,392806.591766313,0.10642256775181423,392806.591766313,0.10642256775181423,0.0,DORMITORY,True,True,1.0642256775181422,0,,20557.730563685003,0.005569678614351948,30.0
5,95,95,15,58,Attune,2026-10-07,9233016,0.011495105,0.00762527622282505,0.5075001434821775,PREMIUM,False,True,0.0,1347.106011539,718887.101314219,1.0,117189.538063196,29220.520629065,,-39710.20782696543,,,,,,,44.368122835312775,6.17458507903316,44.368122835312775,6.17458507903316,,3.6556505120145775,25.567565812965427,1,0.41000228793708327,,2952.0164731469995,2952.0164731469995,0.0,0.00187387700944462,-0.836984785311259,5DCsuLti...,872863.179738271,0.07510714473966283,,,True,8511017,1.0,0,5DsnuvVc...,0.179995422293431,1.9314639884828457,1.5838093122313213,0.5646859549533052,,COUNTER,136348.594173689,0.045668707,0.0,DIVERGENT,-1.0,2.277848418104167,1295.967040512703,213417.539421567,0.29687212224480314,213417.539421567,0.29687212224480314,0.0,FORTRESS,False,True,2.968721222448031,0,,49579.36530052399,0.06896683110586693,30.0
6,3,71,16,81,Reliquary,2026-10-07,9233016,0.005880357,0.005904487334191799,-0.004086778889686954,IN BAND,False,True,1.2019e-05,17593.718793431,2606351.101366587,1.0,2991947.324395506,951394.287978731,-0.010295262693937652,45138.52104939381,ACCUMULATING_PRE_EMA,0.0,,,,0.0017952959445841148,-2.81168115322861,-0.04972247649119128,2.402900456502293,5.164859133239712,5.214581609730903,1.00830620963617,-5.212786313786319,1,0.3308137130826818,MINER_BURN_ONLY,2387.673400336993,2386.727463051573,0.0003204394598306237,0.006750325688740128,0.14794487626178612,5GnpQR4N...,137893.059847417,,,,False,5203057,0.7053759501785878,237,5H47sFL6...,0.179995422293431,5.929902538045804,4.862547226551361,0.05372947567600562,,COUNTER,902198.882194254,0.0,0.0,DIVERGENT,-1.0,1.8416575332867644,1295.967040512703,451343.475835938,0.17317063522227888,447639.339284027,0.17174943891838534,3704.1365519110113,FORTRESS,True,True,1.7174943891838568,0,,15073.220450855,0.00578326551743227,30.0
7,4,46,17,33,ReadyAI,2026-10-07,9233016,0.003760702,0.0038146681617945433,-0.014147013450615835,IN BAND,False,False,0.000252222,13147.249367295,2015134.626967131,1.0,3495955.773102307,919769.133517908,-0.0054386194078304825,33148.008321011905,ACCUMULATING_PRE_EMA,0.0,,,,0.05041658505762235,-2.712434976233967,-0.17212199698249264,1.9947482479303278,4.535061227181802,4.707183224164295,1.3041312301576888,-4.656766639106673,1,0.0,,0.0,0.0,0.001831082627603564,0.006524253611324325,0.7348499326254315,5HinUfk5...,39213.987969113,,,,False,2943950,0.0,209,5E2LP6En...,0.0,0.5090794501988479,0.5090794501988479,0.39934990614842286,,COUNTER,592698.514492922,0.0,0.0,DIVERGENT,1.0,0.0,1295.967040512703,138809.800536348,0.06888363619916701,138808.045342108,0.06888276519322206,1.755194239987759,DORMITORY,True,True,0.6888276519322206,,,15418.178124997998,0.0076511901084261825,30.0
8,5,30,18,19,blockmachine,2026-10-07,9233016,0.009013778,0.00910590891726315,-0.010117706875860206,IN BAND,False,False,0.001240103,30690.574389755,2755104.571378715,1.0,3404851.416866818,1686657.319355256,-0.008205630128196056,29997.485506657045,ACCUMULATING_PRE_EMA,0.0,,,,0.10618865071120671,-0.3891442241839118,-0.1230987669896325,2.5728916826038426,2.838937139798122,2.9620359067877544,0.9538657905405351,-2.8558472560765478,1,0.0,,0.0,0.0,0.00025940337224383825,0.011139531583876238,0.23583380729769896,5FWh37Lf...,1280528.983046082,,,ENTRY_REPEATED,False,1956072,0.14119783876186698,61,5E2LP6En...,0.0,0.44651548967258414,0.44651548967258414,0.22131172556918757,,COUNTER,1013639.146969995,0.034430037,0.034430037,OK,-1.0,0.0,1295.967040512703,169397.585189573,0.061484992965186336,169397.585189573,0.061484992965186336,0.0,DORMITORY,True,True,0.6148499296518642,,,27715.23583615301,0.010059594878565243,30.0
9,6,27,19,124,Swarm,2026-10-07,9233016,0.009634926,0.009790507378056645,-0.015891043441256983,IN BAND,False,False,0.001603028,12294.636912702,3647585.232092606,1.0,1276048.922443341,321100.841423645,-7.80977163950547e-05,24780.54799305764,ACCUMULATING_PRE_EMA,0.0,,,,0.3426500199975535,0.6951917370574644,-0.19334102853529328,2.720102958222677,1.8315701926299195,2.0249112211652127,0.7204766531232846,-1.6822612011676594,1,0.0,,0.0,0.0,0.0001831082627603564,0.0033706236127205216,-0.6501661130847791,5HKYqfJr...,2363984.42487089,,,,False,5813454,0.02466309540161471,10,5CMg5yeC...,,18.29285498494172,18.29285498494172,0.0,,COUNTER,897004.632666029,6243.286010635,0.0,DIVERGENT,1.0,0.0,1295.967040512703,1000000.110795789,0.2741540079714855,1000000.110795789,0.2741540079714855,0.0,DORMITORY,True,True,2.7415400797148544,0,,23721.954308279004,0.006503468129974254,30.0
10,7,5,20,120,Affine,2026-10-07,9233016,0.045620521,0.04613876761868596,-0.011232346363670025,IN BAND,False,False,0.008304394,76661.223023348,2735267.040082114,1.0,1680411.000082305,1559456.802202791,-0.0050901304439632976,19383.581425894517,ACCUMULATING_PRE_EMA,0.0,,,,0.28468039735490897,-0.1773845411885485,-0.13666021409131862,1.683868395017307,1.7245927221145367,1.8612529362058554,0.9607837046583599,-1.5765725388509464,1,0.0,,0.0,0.0,0.001785305561913475,0.028026961133947124,-0.3856501302572339,5EfNFhH2...,3058803.058032424,,,ENTRY_PRE_EMA_PATTERN,False,5749344,0.0,0,5HmYnmUY...,0.179995422293431,0.35194926627832224,0.2886000094686924,0.9991302224799341,,COUNTER,188525.853632295,0.0,0.0,DIVERGENT,1.0,0.0,1295.967040512703,46925.656146602,0.01715578605633813,46925.048859569,0.01715556403522498,0.607287033002649,DORMITORY,True,True,0.17155564035225196,,,20986.723011543,0.007672641356038483,30.0
11,8,70,21,46,Instant,2026-10-07,9233016,0.003396364,0.0034452828112989664,-0.014198779600483033,IN BAND,False,True,1.5055e-05,8295.349741189,3486026.05041106,1.0,2442420.519452014,1482693.494827564,-0.006844200137852545,24778.399325420614,ACCUMULATING_PRE_EMA,0.0,,,,0.004769484257372503,-1.0772102955903575,-0.17275181847254356,0.7385029741325677,1.6429614512503816,1.8157132697229252,0.7538669998435943,-1.8109437854655528,1,0.2070102370042115,MINER_BURN_ONLY,1497.306132462807,1497.0809092996117,7.629510948348184e-05,0.002379600617215939,-0.2993682016368272,5Ft9E2ov...,1644796.417447571,,,ENTRY_REPEATED,False,3919107,0.5457195177781169,238,5CDnZ6oe...,0.179995422293431,0.6502567282970705,0.5332134938880945,0.5274835952998627,,COUNTER,1075718.862378402,28041.129768459,0.0,DIVERGENT,-1.0,1.1551844009145056,1295.967040512703,169577.918486282,0.04864505199732686,169577.918486282,0.04864505199732686,0.0,FORTRESS,True,True,0.48645051997327005,,,12467.708288186,0.003576481675091284,30.0
12,10,84,22,112,for sale,2026-10-07,9233016,0.005753725,0.0057672683615237474,-0.0023483147782928683,IN BAND,False,True,8.46e-07,5434.470612634,2760217.154866815,1.0,944513.35294354,198907.542626468,-0.0010482548438311206,19843.683837628574,ACCUMULATING_PRE_EMA,0.0,,,,0.00040910847780303085,-0.03929234845997756,-0.02857116313589656,1.603397254989365,1.614118440313446,1.6426896034493426,0.9520990025608348,-1.6422804949715395,1,0.3637627777588838,MINER_BURN_ONLY,2619.522548648063,2619.477504015424,1.5259021896696368e-05,0.0019688561833086,-0.657811907362865,5GQjr3Qt...,1387456.715409655,,,,False,5633022,1.0,0,5C4xjnQk...,0.179995422293431,1.1329955325440642,0.9290615232072246,0.6141368207413286,,COUNTER,1073213.104875385,0.0,0.0,DIVERGENT,-1.0,2.02125318170061,1295.967040512703,109192.016768061,0.03955921242483898,109192.016768061,0.03955921242483898,0.0,FORTRESS,True,True,0.3955921242483898,,,16330.524682925998,0.005916391271654846,30.0
13,9,6,23,15,ORO,2026-10-07,9233016,0.02352419,0.02408948028460145,-0.023466271497886826,IN BAND,False,False,0.007149403,13998.640163366,1655608.829128904,1.0,595074.580634601,612053.691849922,-0.0009198017926109515,10730.147337328875,ACCUMULATING_PRE_EMA,0.0,,,,1.3421754445241942,0.23163122815892104,-0.2855063032242897,1.9072431216809438,1.390105590297733,1.6756118935220228,1.5873314721223841,-0.33343644899782854,1,0.0,,0.0,0.0,0.0005035477225909801,0.008455282381365024,-0.6405707324517859,5EHdase3...,216.588029224,,,ENTRY_PRE_EMA_PATTERN,False,7366897,0.0,134,5E2LP6En...,0.0,0.6172378058139181,0.6172378058139181,0.23047459179001983,,COUNTER,375749.883265379,2797.563389807,0.0,DIVERGENT,1.0,0.0,1295.967040512703,1010.651574802,0.0006104410395864782,1010.651574802,0.0006104410395864782,0.0,NEITHER,False,True,0.006104410395864781,,,29544.915871292003,0.017845348098824175,30.0
14,13,33,24,105,Beam,2026-10-07,9233016,0.005819645,0.005850858753547072,-0.005334901227644421,IN BAND,False,False,0.001108898,4953.265509489,2223672.922007082,1.0,851128.473724364,584381.874244026,-0.0010888053840733777,14009.129510794184,ACCUMULATING_PRE_EMA,0.0,,,,0.5883359045496918,-5.091618401299713,-0.06490796493634045,-3.6479033149485915,1.378807121414781,1.4437150863511214,1.181828484752143,-0.8553791818014296,1,0.0,,0.0,0.0,0.001785305561913475,0.00222751532406942,-0.6172420613165546,5G3ic2pA...,2231789.343775132,,,,False,6841399,0.0,131,5GbBrQUY...,0.0,0.4325929005113792,0.4325929005113792,0.007492522736983458,,COUNTER,452240.813141888,1869.377328683,0.0,OK,0.0,0.0,1295.967040512703,172680.777009021,0.07765565488523363,172680.777009021,0.07765565488523363,0.0,DORMITORY,False,True,0.7765565488523364,,,19240.621442396005,0.00865263108255573,30.0
15,11,8,25,80,OpenRoboto,2026-10-07,9233016,0.02236894,0.022620740812271833,-0.011131413173490331,IN BAND,False,False,0.006357393,5199.961332996,2242463.86873314,1.0,232463.698641953,380129.003259925,-0.0002903473733555673,-945.3281629284029,,0.0,,,,3.212952507547589,-9.880281384193582,-0.13543219361079903,-8.369678384297039,1.3751708062857444,1.5106029998965433,1.1719252366303075,1.7023495076510455,1,0.02101313550304697,MINER_BURN_ONLY,194.42864657798782,194.29351268007068,4.57770656900891e-05,0.0023188606984930697,-0.8963356914322685,5CG1eFia...,245067.314245638,0.017127529972918883,,,False,7151800,0.8329518403222853,2,5HVjAxFQ...,0.179995422293431,7.045471066475397,5.777318526609008,0.0,,COUNTER,259604.761906075,2501.379452446,0.0,DIVERGENT,-1.0,0.14992164662089352,1295.967040512703,307868.41867332,0.13729024710986648,307868.41867332,0.13729024710986648,0.0,DORMITORY,False,True,1.3729024710986648,0,,27101.281481973012,0.012085493041760195,30.0
16,14,41,8,122,CookingTAO,2026-10-07,9233016,0.004605108,0.004631926771253347,-0.005789981702601576,IN BAND,False,False,0.000349155,1450.02680106,897942.902056814,1.0,314873.519242573,59363.7176813,0.0003625880589275153,9822.133139178972,,0.0,,0.07873605981173847,0.07873605981173847,0.6328016415484391,-9.461187425174089,-0.07044477738165252,-8.045251568896171,1.3454910788962642,1.4159358562779167,2.9266894297848385,-0.7831342147294778,1,0.05049979738928317,MINER_BURN_ONLY,391.25636134896195,391.16627208368385,3.0518043793392735e-05,0.0016148318537165239,-0.6493389832080977,5F3uH1G4...,491281.275710949,,,,False,8238082,1.0,0,5CfPqfaz...,0.179995422293431,0.9614836910540385,0.7884210280545201,0.3383943967161583,,COUNTER,390025.735800916,4689.887542556,0.08185165600025357,DIVERGENT,-1.0,0.3018335033651264,1295.967040512703,134432.907860461,0.14971208921250012,134432.907860461,0.14971208921250012,0.0,FORTRESS,False,True,1.4971208921250052,0,,41931.67405054299,0.046697483720284386,30.0
17,12,15,9,110,Green Compute,2026-10-07,9233016,0.018321759,0.018586952704936266,-0.014267734423504324,IN BAND,False,False,0.003829832,9428.207132756,3203797.120097396,1.0,514590.80326167,473294.409017253,0.0008840356011466324,12493.445841929875,,0.0,,0.04825058560952758,0.04825058560952758,1.0675198745933696,5.409627800486237,-0.1735907688193026,6.885004419770931,1.301785850465392,1.4753766192846947,0.8202766596906449,-0.40785674469132505,1,0.0,,0.0,0.0,0.0,0.0029428227753914024,-0.8393809909086021,5D53sX6A...,1665157.098538698,,,,False,5606062,1.0,155,5FmpATto...,0.179995422293431,5.624413432521345,4.612044761581819,0.0,,COUNTER,653602.202903777,0.0,0.0,OK,0.0,0.0,1295.967040512703,9205.92186508,0.002873440957709625,9205.92186508,0.002873440957709625,0.0,NEITHER,True,True,0.028734409577096248,,,26846.628133844995,0.008379628024957102,30.0
18,15,48,26,118,Ditto,2026-10-07,9233016,0.006328438,0.006476664217188954,-0.022886197619380197,IN BAND,False,False,0.000195194,5921.172029399,2266494.064697948,1.0,935645.105979153,790078.323771412,-0.0019519015973399523,15555.520450568874,ACCUMULATING_PRE_EMA,0.0,,,,0.08663315800538673,-6.238370904565338,-0.27844873770245904,-4.875588801273647,1.0843333655892313,1.3627821032916905,1.159500058232109,-1.2761489452863037,1,0.18793655834604217,MINER_BURN_ONLY,1395.0148171339533,1394.8796832360363,4.57770656900891e-05,0.002612480712667609,-0.5871839602967416,5HGXqHbQ...,1515936.856107633,,,,False,5724794,0.7427668925105293,0,5HEouuDa...,0.179995422293431,0.7478595014332876,0.6132482146566482,0.6020753853197008,,COUNTER,352161.650078601,1788.13704218,0.0,DIVERGENT,-1.0,1.076323424617498,1295.967040512703,123456.449109133,0.054470228284310925,103998.600322492,0.04588522950151724,19457.848786641,FORTRESS,True,True,0.4588522950151766,,,49082.41449980599,0.021655655430250213,30.0
19,16,13,27,44,Score,2026-10-07,9233016,0.035970542,0.03606775333173573,-0.0026952422248655425,IN BAND,False,False,0.004961552,66484.177514775,4293266.885685619,1.0,1848295.140974016,2343265.093319018,-0.0010141890605900883,18408.149419489317,ACCUMULATING_PRE_EMA,0.0,,,,0.19612122979339422,5.012463577502757,-0.0327921137358641,6.062124500780542,1.0168688095419212,1.0496609232777852,0.6121212750043882,-0.853539693484391,1,0.004632778312874071,MINER_BURN_ONLY,37.956925817998126,37.956925817998126,0.0,0.015485684744277835,-0.5694898135180217,5CaCekux...,304889.474889879,,,,False,3550319,1.0,124,5FLoWCDo...,0.179995422293431,0.3639884619223506,0.2984722050087007,0.00877447315011216,,COUNTER,510095.869158276,2206.282255223,0.0,DIVERGENT,-1.0,0.02928849625911923,1295.967040512703,245862.449528441,0.05726698481014131,245862.449528441,0.05726698481014131,0.0,DORMITORY,True,True,0.5726698481014131,,,22059.35210574799,0.005138127373189191,30.0
20,18,32,28,17,404—GEN,2026-10-07,9233016,0.008294499,0.008325685048475862,-0.0037457636571984303,IN BAND,False,False,0.001140552,24789.088992576,3175050.83458044,1.0,2988617.742236705,683702.276748058,-0.008483605846616416,15998.46829850506,ACCUMULATING_PRE_EMA,0.0,,,,0.1209149177243937,-2.9582573156494654,-0.045573457829247564,-1.9636917549062676,0.9489921029139501,0.9945655607431977,0.8277032831656288,-0.873650643018804,1,0.0,,0.0,0.0,0.0,0.007807462079847833,-0.0587180636409948,5E7a4a7Q...,848751.802960058,,,,False,2840556,1.0,42,5CcEPLdb...,0.0,0.3251217531208701,0.3251217531208701,0.0840378452617122,,COUNTER,340475.604612198,0.0,0.0,OK,0.0,0.0,1295.967040512703,564577.641796047,0.17781688269273074,556803.256915621,0.17536829673758547,7774.384880425991,DORMITORY,True,True,1.753682967375855,0,,38878.001903817996,0.012244843918839315,30.0
21,17,67,29,55,NIOME,2026-10-07,9233016,0.00214121,0.0021710426080971956,-0.013741143534415554,IN BAND,False,True,2.6579e-05,5879.103726141,2909263.065414961,1.0,2745691.537448076,579690.220253775,-0.002858824195392448,15398.919790309388,ACCUMULATING_PRE_EMA,0.0,,,,0.011880996705232273,-6.493902319713607,-0.1671839130020559,-5.447075206845001,0.8796431998665505,1.0468271128686064,0.9033215425725541,-1.0349461161633742,1,0.008490650737513981,MINER_BURN_ONLY,62.20687034504954,61.891557916576204,0.00010681315327687457,0.0020208223161498244,-0.05622413674986373,5GeWUxaF...,1240067.976015925,,,,False,4703386,0.020067757294591648,28,5G9hfkx9...,0.009994659342336155,0.5258826828909136,0.5206266646213851,0.026247520219746683,,COUNTER,323070.539252069,0.0,0.0,DIVERGENT,0.6200183461759938,0.04775704626877781,1295.967040512703,14841.866940702,0.005101589855225086,14841.866940702,0.005101589855225086,0.0,DORMITORY,True,True,0.05101589855225085,,,15665.260710313003,0.00538461471447533,30.0
22,19,35,30,11,TrajectoryRL,2026-10-07,9233016,0.007592598,0.007609215565025806,-0.002183873604814899,IN BAND,False,False,0.001053795,20139.443044145,3444976.227989365,1.0,2652509.85000022,1020817.068016594,-0.004553696919034271,12857.849866325036,ACCUMULATING_PRE_EMA,0.0,,,,0.1375099228876203,-0.6268687174825244,-0.026570462191914602,0.115911403299361,0.7162096585899708,0.7427801207818854,0.7628499664666228,-0.6052701978942651,1,0.0,,0.0,0.0,0.0,0.005846032515556497,-0.2300352902186449,5D2Jhtbn...,2057145.026927228,,,ENTRY_PRE_EMA_PATTERN,False,2918568,0.0,189,5GgqDcxk...,0.0,0.3788008554072606,0.3788008554072606,0.16919719835807914,,COUNTER,1146672.996281127,66004.313497381,1250.0501274889903,OK,-0.1489328653939092,0.0,1295.967040512703,46180.459268605,0.013405160503983474,46180.459268605,0.013405160503983474,0.0,DORMITORY,True,True,0.13405160503983474,,,13566.808027014,0.00393814271250637,30.0
23,20,17,1,9,iota,2026-10-07,9233016,0.02450279,0.02467475412413478,-0.006969233544117794,IN BAND,False,False,0.003326589,53444.088691468,4074294.36587045,1.0,2181142.995453151,1143381.665590792,0.01301328860220348,14204.016911612358,,0.0,,0.5310941571226574,0.5310941571226574,0.16357797664899928,0.9785143247734254,-0.08479234145343316,1.664128585265572,0.6008219190387135,0.6856142604921467,0.6450196681943825,-0.5220362838431474,1,0.0,,0.0,0.0,1.5259021896696368e-05,0.013117385218691721,-0.4646574851805969,5Fsbubec...,21437.891221742,,,,False,1489797,0.14999847407452627,254,5E2LP6En...,0.0,0.3085985500156211,0.3085985500156211,0.3187395086220052,,COUNTER,1208010.008104386,46681.104420658,0.0,OK,0.0,0.0,1295.967040512703,566487.003304132,0.13903929182178895,566487.003304132,0.13903929182178895,0.0,DORMITORY,True,True,1.3903929182178894,0,,16167.403475635998,0.003968148107085023,30.0
24,21,90,31,65,True Performance Network,2026-10-07,9233016,0.002054033,0.002052136929705739,0.0009239492096332357,IN BAND,False,True,9.1e-08,5492.253943305,3376655.086447259,1.0,2673887.835498431,308823.252579376,-0.00012719120635281114,10813.983486164827,ACCUMULATING_PRE_EMA,0.0,,,,4.3542779060957094e-05,1.1476738340098178,0.0112413820505377,1.5198982838869097,0.38346583192762956,0.37222444987709186,0.7782849988285434,-0.3721809070980309,1,0.32284741194532873,MINER_BURN_ONLY,2324.740121526178,2324.604987628261,4.57770656900891e-05,0.00162653685457808,-0.20812525671297386,5GxEEHxL...,1541671.796975177,,,,False,4950813,0.7500305194408838,0,5DAmVrUg...,0.179995422293431,0.8606361709511533,0.705725599919799,0.4814357002243282,,COUNTER,1074702.78544843,0.0,0.0,DIVERGENT,-1.0,1.7937223053979938,1295.967040512703,171794.150223016,0.05087702054987467,171794.150223016,0.05087702054987467,0.0,FORTRESS,True,True,0.5087702054987466,,,20830.310184575985,0.006168918545510242,30.0
25,22,79,32,45,AlphaRidge.ai,2026-10-07,9233016,0.002445054,0.002447436098009348,-0.0009733034546991987,IN BAND,False,True,2.192e-06,6265.997785286,3308998.583736234,1.0,2562723.552753971,752679.0760403,-0.0007759101295867152,9660.258706720546,ACCUMULATING_PRE_EMA,0.0,,,,0.0009193389779880155,-2.9598845988514983,-0.01184185869884025,-2.672254970646116,0.2757877695065422,0.28762962820538246,0.794197982711945,-0.28671028922739444,1,0.23468862700061388,MINER_BURN_ONLY,1696.9492534438614,1691.2736297313413,0.0019226367589837423,0.0018936235923712544,-0.22552892804361194,5FbcZiAH...,1046.820237864,,,,False,3633154,0.5370208992646271,55,5E2LP6En...,0.0,0.3399541355159742,0.3399541355159742,0.22504539974667706,,COUNTER,1115026.087636845,0.0,0.0,DIVERGENT,-0.9135276475645459,1.30502827376092,1295.967040512703,111021.047715395,0.0335512527146626,111019.200205241,0.03355069438557685,1.8475101540097967,FORTRESS,True,True,0.33550694385576846,,,16582.696923961994,0.00501139438543919,30.0
26,23,54,33,88,Investing,2026-10-07,9233016,0.002830137,0.0028311123605817556,-0.00034451496709769725,IN BAND,False,True,8.1288e-05,5969.491315883,3298980.017180469,1.0,2109258.24728415,729002.194651993,-0.0006446650318909965,9579.830810633488,ACCUMULATING_PRE_EMA,0.0,,,,0.03578610851340201,-1.400161659448236,-0.004191598766355316,-1.136896404741292,0.25907365594058873,0.26326525470694406,0.79660985708124,-0.22747914619354206,1,0.0,,0.0,0.0,0.0006713969634546402,0.001809496051747816,-0.36063305354199604,5FhMsGJS...,2932853.797881058,,,,False,5299805,0.41651524636973014,145,5D4hVjoh...,0.179995422293431,15.851436926404526,12.998250842878658,0.0,,COUNTER,175269.313011837,0.0,0.0,OK,0.0,0.0,1295.967040512703,1239091.572499426,0.37559838678817986,1239091.572499426,0.37559838678817986,0.0,DORMITORY,True,True,3.7559838678818003,0,,12904.885378558994,0.003911780402231227,30.0
27,96,96,34,109,Finsight,2026-10-07,9233016,0.003118846,0.003063059411942959,0.018212701927859388,IN BAND,False,True,0.0,1460.66744436,1812900.118751347,1.0,468335.818452908,73232.91087255,-0.000708007104294364,-14690.728046355187,,0.0,,,,,17.001155134685437,0.22158787345562253,17.001155134685437,0.22158787345562253,,1.4496110253498473,4.495666402854822,1,0.43050240233251114,,3099.61729679408,3099.61729679408,0.0,0.0008057076224177476,-0.7416648265359215,5FqZqKFx...,735433.747822548,0.14815487340062727,,,False,7257480,1.0,0,5DyQkk4x...,0.179995422293431,2.0229936932645147,1.6588640891484208,0.3808143083872543,,COUNTER,792380.356135742,1308.746301495,0.0,DIVERGENT,-1.0,2.3917408390014514,1295.967040512703,231924.47181202,0.12793008804685846,231924.47181202,0.12793008804685846,0.0,FORTRESS,False,True,1.279300880468589,0,,24855.40125142999,0.01371029820911998,30.0
28,97,97,35,31,rec4ll,2026-10-07,9233016,0.003897393,0.003858851734548807,0.00998775493396849,IN BAND,False,True,0.0,1779.796731889,1946344.74553263,1.0,456663.381260174,57780.206571292,-3.4653599990985635e-05,-3166.759660166281,,0.0,,,,,-1.2830974480210442,0.12151768502994996,-1.2830974480210442,0.12151768502994996,,1.3502232870265902,1.9861487983363688,1,0.43050240233223624,,3099.617296792101,3099.617296792101,0.0,0.0009144303628502087,-0.7653738376267909,5H3mfhC8...,961691.742570557,0.08608682673853067,,,False,7173591,1.0,0,5CDZ527X...,0.179995422293431,1.6429812997184758,1.3472521868554386,0.466449968716141,,COUNTER,826306.753838601,729.248648798,0.0,DIVERGENT,-1.0,2.391740838999924,1295.967040512703,546663.679310384,0.2808668302802574,546663.679310384,0.2808668302802574,0.0,FORTRESS,False,True,2.808668302802574,0,,21703.880263677995,0.011151097622090883,30.0
29,24,4,7,64,Chutes,2026-10-07,9233016,0.069869845,0.07021631789393723,-0.004934364323412438,IN BAND,False,False,0.009324423,202571.444633467,3481430.001105756,1.0,2899268.570719994,5086388.711507616,0.006078987608972017,8725.29191987589,,0.0,,0.08700445247834766,0.08700445247834766,0.12096761065380474,-0.4137310164504412,-0.06003476593485132,-0.25357262845741746,0.1001236220581724,0.16015838799302373,0.7548622259144393,-0.039190777339218996,1,0.0,,0.0,0.0,0.0001373311970702673,0.058186275343501716,-0.16721905789970315,5FRYKhbm...,734900.100089293,,,,False,4531295,0.4922168299606263,127,5CLbM842...,,18.04833192411813,18.04833192411813,0.0,,COUNTER,274207.517615115,0.0,0.0,OK,0.0,0.0,1295.967040512703,797213.459914353,0.22899023092842472,797213.094570962,0.22899012598781385,0.3653433909639716,DORMITORY,True,True,2.289901259878139,0,,15281.859774875997,0.004389535268559828,30.0
30,98,98,36,27,Orion,2026-10-07,9233016,0.002261234,0.0022484883666038513,0.005668534285280673,IN BAND,False,True,0.0,6132.241458933,3516319.031507508,1.0,2711900.288275568,835838.782231658,-0.002571603639063033,-34269.19077621121,,0.0,,,,,1.7518618760041393,0.06896716713758151,1.7518618760041393,0.06896716713758151,,0.7473724586569525,4.373653859675398,1,0.43050240235998194,MINER_BURN_ONLY,3099.61729699187,3099.61729699187,0.0,0.0017439377382956064,-0.2287672402344886,5GLT9wjW...,95541.072705994,0.031004437238655723,,,False,1727132,1.0,203,5H6Bqkzj...,0.179995422293431,11.27772571710409,9.247786714144452,0.0,,COUNTER,1390948.917611555,0.0,0.0,DIVERGENT,-1.0,2.3917408391540707,1295.967040512703,29259.979274079,0.008321195833455058,29259.979274079,0.008321195833455058,0.0,FORTRESS,True,True,0.08321195833455057,,,11509.983567435005,0.003273304687174665,30.0
31,99,99,37,69,Herald,2026-10-07,9233016,0.005724959,0.005696346517652273,0.005022953266459516,IN BAND,False,True,0.0,3717.994170466,1379784.704535207,1.0,649435.932920643,80591.222567739,0.0011393261345515797,-2293.9171793976566,DISTRIBUTING_PRE_EMA,0.0,,,0.1990103570264136,,-2.8709666732532004,0.06111259807525744,-2.8709666732532004,0.06111259807525744,,1.9046449720467553,2.5736378435502183,1,0.4305024024087551,SKIN_IN_GAME,3099.6172973430366,3099.6172973430366,0.0,0.002694619065021771,-0.5293208099792905,5HBPFVcJ...,912541.686790213,0.5976248736895449,BUYBACK_JUSTIFIED,,False,8138182,1.0,0,5FWB5CFZ...,0.179995422293431,1.758521216990512,1.4419954479263466,0.48935585771185275,,COUNTER,406844.397448341,4110.268380516,0.0,DIVERGENT,-1.0,2.3917408394250397,1295.967040512703,485.813350565,0.0003520935903755004,485.813350565,0.0003520935903755004,0.0,EXPOSED,False,True,0.0035209359037550038,,,24036.890230638994,0.017420754231897387,30.0
32,26,87,38,10,Pareton,2026-10-07,9233016,0.006477461,0.006450706161558628,0.00414758288027612,IN BAND,False,True,2.15e-07,16586.963506914,3543245.150547117,1.0,2560719.882317765,1046932.791816004,0.0019830543029549486,,,,,,0.30614685336661207,3.4064100988977324e-05,2.432063519712004,0.050462258376692784,2.432097583812993,0.05049632247768176,3.4064100988977324e-05,0.741692964596087,,,,,,,1.5259021896696368e-05,0.004681291528573117,-0.2772952969422561,5HK5714c...,854448.254330575,,,,False,2869647,0.9015472884304331,201,5GKbzKzG...,0.179995422293431,1.4468797412641183,1.1864480112274731,0.24586061133238718,,,872367.54054565,0.0,,NO_ESTIMATE,,,,54618.669038892,0.015414871598838784,19317.034470184,0.005451791690789793,35301.634568708,,True,False,0.07494993453581804,,,24152.349775325005,0.006816448975198798,30.0
33,25,47,39,100,Cortex,2026-10-07,9233016,0.00362137,0.003632680745795369,-0.0031136085405965457,IN BAND,False,False,0.000210269,2421.26365382,2039333.34779527,1.0,668604.256004256,410580.51181257,-0.001453934361040321,6833.133280752343,ACCUMULATING_PRE_EMA,0.0,,,,0.22822253624804134,0.30978805687679556,-0.03788223724392464,0.39297140450965884,0.045301110388938616,0.08318334763286325,1.2886564145293558,0.1450391886151781,1,0.07139788358305825,MINER_BURN_ONLY,544.5888840469997,543.913214557414,0.0002288853284504455,0.0011872819401681613,-0.6721456409678764,5FX6kmhY...,1258862.480897064,,,,False,6693448,0.0,153,5Fvp484S...,0.0,0.5214275641189998,0.5214275641189998,0.0554233046450589,,COUNTER,767376.231998529,1077.059572996,0.0,DIVERGENT,-1.0,0.4196967959480159,1295.967040512703,293606.874425155,0.14397198709204376,293606.874425155,0.14397198709204376,0.0,FORTRESS,False,True,1.439719870920438,0,,25242.848965697995,0.012377990578631062,30.0
34,100,100,40,24,Quasar,2026-10-07,9233016,0.00512815,0.005115265259519219,0.00251888021971149,IN BAND,False,True,0.0,9807.999062539,4171354.604171784,1.0,1912580.265251763,1607278.44262749,-0.003987432863262727,-12461.821662592702,,0.0,,,,,1.092327460129814,0.030646376006489794,1.092327460129814,0.030646376006489794,,0.6300111712803629,1.7433201869487713,1,0.43050240233110443,,3099.617296783952,3099.617296783952,0.0,0.00235127434448512,-0.5414965739135711,5ELutYW7...,343539.78258288,0.050292228638177984,,,False,2538424,1.0,155,5ELpkVn8...,0.179995422293431,3.1364228171203234,2.571881067661998,0.0,,COUNTER,747071.904443336,0.0,0.0,DIVERGENT,-1.0,2.391740838993636,1295.967040512703,700000.000065042,0.1678111948010773,0.0,0.0,700000.000065042,EXPOSED,True,False,1.2161968240879582,0,TAKEOVER_IMMINENT,15922.733602844006,0.003817161357348913,30.0
35,101,101,41,25,UR,2026-10-07,9233016,0.006863824,0.006853893166407943,0.0014489332341405636,IN BAND,False,True,0.0,13394.048577571,4171177.376399168,1.0,1951397.246754473,771574.12893185,-0.00189072698649151,26046.59367865231,ACCUMULATING_PRE_EMA,0.0,,,,,1.8510863354983706,0.017628687682043523,1.8510863354983706,0.017628687682043523,,0.6300379396161429,-1.6272963371644125,1,0.4305024023261083,MINER_BURN_ONLY,3099.6172967479797,3099.6172967479797,0.0,0.003211095421967794,-0.5321710722816037,5HTeZ516...,1505849.487214281,,,,False,2998801,1.0,1,5CyQFykV...,0.179995422293431,0.8798216083657443,0.7214577464250664,0.2296117690147723,,COUNTER,1038151.98217534,0.0,0.0,DIVERGENT,-1.0,2.391740838965879,1295.967040512703,1129302.375682181,0.2707394756386669,1129302.375682181,0.2707394756386669,0.0,FORTRESS,True,True,2.7073947563866705,0,,10982.56933844,0.002632966270046485,30.0
36,102,102,42,39,deprecated,2026-10-07,9233016,0.008095508,0.008086222223937511,0.0011483453960737745,IN BAND,False,True,0.0,18993.325330934,3866679.351505063,1.0,2346156.009892292,1117321.987017329,-0.008167090216750057,-7724.340835427865,,0.0,,,,,8.347461441229953,0.013971535652230922,8.347461441229953,0.013971535652230922,,0.6796529427704109,1.430141786372648,1,0.4305024023315572,SKIN_IN_GAME,3099.6172967872117,3099.6172967872117,0.0,0.004912050781645769,-0.3932374865609707,5DkwfxC9...,633106.534546676,0.5439933068736105,BUYBACK_GAMING,,False,3280104,1.0,136,5GP7c3fF...,0.0009918364232852674,2.05600117931595,2.053961962459987,0.20806946330744228,,COUNTER,1619197.316770821,0.0,0.0,DIVERGENT,-1.0,2.391740838996151,1295.967040512703,424986.918755689,0.10991004945632936,423411.97434671,0.10950273758332237,1574.9444089789758,FORTRESS,True,True,1.0950273758332256,0,,10071.333283450002,0.002604646614809124,30.0
37,103,103,43,119,CapabilityForge Next,2026-10-07,9233016,0.002262733,0.002261166926473379,0.000692595273832008,IN BAND,False,True,0.0,3071.828187608,1700328.321174162,1.0,1357574.073745872,73972.260042773,-0.0008647727937628405,1084.8102501989342,ACCUMULATING_PRE_EMA,0.0,,,,,0.6634590842223277,0.008426575831622764,0.6634590842223277,0.008426575831622764,,1.5455838541730778,1.3535051367736537,1,0.43050240244806953,MINER_BURN_ONLY,3099.6172976261005,3099.6172976261005,0.0,0.0018066088468647917,-0.2015810761301524,5GbLENPL...,100721.529775367,,,,False,5740660,1.0,0,5HMwvi1d...,0.179995422293431,11.325669751843714,9.287101042104666,0.05870683208960918,,COUNTER,941998.409106416,0.0,0.0,DIVERGENT,-1.0,2.3917408396434583,1295.967040512703,20722.542632217,0.012187377210718366,20722.542632217,0.012187377210718366,0.0,FORTRESS,True,True,0.12187377210718367,,,20442.618358287007,0.012022747668032933,30.0
38,104,104,44,126,Attelier,2026-10-07,9233016,0.004316887,0.004313924815505743,0.0006866564951734923,IN BAND,False,True,0.0,2438.495439223,1478090.473504044,1.0,564873.656437694,69374.541548826,-0.0001583244541660852,557.8087580794236,ACCUMULATING_PRE_EMA,0.0,,,,,-0.05216445658242792,0.008354320691277489,-0.05216445658242792,0.008354320691277489,,1.7779696487522283,1.6892268876847534,1,0.4305024023331983,MINER_BURN_ONLY,3099.617296799028,3099.617296799028,0.0,0.0016497606086602846,-0.6178355818300816,5DqrUa2z...,588258.772945724,,,,False,7525773,1.0,1,5E2LP6En...,0.0,0.6324839554137324,0.6324839554137324,0.40698295463215883,,COUNTER,495878.112580617,5493.154491675,0.0,DIVERGENT,-1.0,2.391740839005269,1295.967040512703,171439.094523612,0.11598687468513945,1096.553699538,0.0007418718401847543,170342.540824074,EXPOSED,False,False,1.061832777787935,0,,42504.91513221202,0.02875663966052598,30.0
39,105,105,45,42,Unknown,2026-10-07,9233016,0.002057982,0.0020569879561662674,0.0004832521409532856,IN BAND,False,True,0.0,6707.630717662,2569298.743868625,1.0,3259323.518702952,372888.48750816,-0.0007519273179352004,-2268.0292387027293,,0.0,,,,,0.8349090966025847,0.005879567714931641,0.8349090966025847,0.005879567714931641,,1.0228471898300888,1.3738923931685891,1,0.4305024024076314,SKIN_IN_GAME,3099.6172973349458,3099.6172973349458,0.0,0.00261068539953522,0.26856571123324713,5EC5HHfL...,136002.47520019,0.7617158798165646,BUYBACK_JUSTIFIED,,False,3613591,1.0,11,5Gbdb5s2...,0.179995422293431,7.922547079563702,6.496524872338045,0.0,,COUNTER,596103.080549373,0.0,0.0,DIVERGENT,-1.0,2.3917408394187962,1295.967040512703,5444.016612431,0.0021188725621816467,5444.016612431,0.0021188725621816467,0.0,EXPOSED,True,True,0.02118872562181647,,UNDEFENDED_BURNER,12083.346281291995,0.0047029744244913895,30.0
40,106,106,46,115,MoirAI,2026-10-07,9233016,0.002308957,0.002308520022779703,0.0001892889019739276,IN BAND,False,True,0.0,3341.006553494,1787527.502686222,1.0,1446976.212867534,162450.304014168,-0.0010310414951094963,162.0751319709234,ACCUMULATING_PRE_EMA,0.0,,,,,-1.136151889314086,0.002303014974016119,-1.136151889314086,0.002303014974016119,,1.4701871697362703,1.4771901645537164,1,0.43050240263860257,MINER_BURN_ONLY,3099.6172989979386,3099.6172989979386,0.0,0.0018690658177137269,-0.19051510369672242,5EkNnrTj...,116579.532313106,,,,False,5683635,1.0,0,5EhTo9AX...,0.179995422293431,9.873593270916704,8.096391680564473,0.06827719871198132,,COUNTER,1022955.096334948,0.0,0.0,DIVERGENT,-1.0,2.3917408407020027,1295.967040512703,2942.008322496,0.001645853458520147,2942.008322496,0.001645853458520147,0.0,EXPOSED,True,True,0.01645853458520147,,UNDEFENDED_BURNER,20368.474157481996,0.011394775256253736,30.0
41,107,107,47,29,hoτfloaτ,2026-10-07,9233016,0.002533919,0.0025342535227537155,-0.00013200050851743314,IN BAND,False,True,0.0,7939.843464276,3003052.370411284,1.0,3133424.179673111,210145.406559668,-0.011022358310089313,302.0806713523343,ACCUMULATING_PRE_EMA,0.0,,,,,-4.97632163310942,-0.0016060061869621032,-4.97632163310942,-0.0016060061869621032,,0.8751096137694334,0.8606621007046726,1,0.0,,0.0,0.0,0.0,0.0026439244092132156,0.04341315141218628,5HHHHHzg...,12603.472521706,,,,False,3379782,1.0,61,5CajPH81...,,0.3312888635135642,0.3312888635135642,0.0565381269933314,,COUNTER,610829.352749762,0.0,0.0,OK,0.0,0.0,1295.967040512703,3165.974907187,0.001054252312873719,3165.974907187,0.001054252312873719,0.0,NEITHER,True,True,0.01054252312873719,,,11639.926623706999,0.0038760318462620915,30.0
42,108,108,48,52,Dojo,2026-10-07,9233016,0.006024717,0.006026830058544874,-0.0003506086158640791,IN BAND,False,True,0.0,17486.563383044,3210600.875462874,1.0,2902470.381798541,767431.198397013,-0.001055169699966047,387.14387728087604,ACCUMULATING_PRE_EMA,0.0,,,,,-0.5926033500301527,-0.004265738159679629,-0.5926033500301527,-0.004265738159679629,,0.8185383677194444,0.7952139326204575,1,0.43050240232945525,MINER_BURN_ONLY,3099.6172967720777,3099.6172967720777,0.0,0.005446508009352907,-0.0959728051370865,5Fv1ZvNP...,56583.617259345,,,,False,3989825,1.0,158,5EgfUiH6...,0.179995422293431,19.04236711763331,15.614828206828358,0.0,,COUNTER,1242622.584208622,0.0,0.0,DIVERGENT,-1.0,2.3917408389844734,1295.967040512703,167638.354572778,0.052214012602425856,167638.354572778,0.052214012602425856,0.0,FORTRESS,True,True,0.5221401260242586,,,8533.446204976999,0.002657896928327078,30.0
43,109,109,49,73,Parked,2026-10-07,9233016,0.003079039,0.003080172697082162,-0.0003680628307743447,IN BAND,False,True,0.0,6820.269668764,3616390.857205791,1.0,2215064.052300002,582419.136270039,-0.0012004820451322843,233.93746532825753,ACCUMULATING_PRE_EMA,0.0,,,,,-0.3854608062434042,-0.004478097774421194,-0.3854608062434042,-0.004478097774421194,,0.7266913626782388,0.7213925014981246,1,0.43050240233514664,MINER_BURN_ONLY,3099.617296813056,3099.617296813056,0.0,0.0018859326710149052,-0.3874930876111328,5GHtVze5...,1848145.242171689,,,,False,5160047,1.0,0,5Dnkprjf...,0.179995422293431,0.9532097409460769,0.7816363510902758,0.6350415089732633,,COUNTER,1634414.592366874,0.0,0.0,DIVERGENT,-1.0,2.3917408390160935,1295.967040512703,1005465.1152308,0.2780299903776645,937413.945195062,0.2592125636329465,68051.17003573803,FORTRESS,True,True,2.5921256363294662,0,,9709.207203215003,0.0026847781632533033,30.0
44,110,110,50,104,TAOstatus,2026-10-07,9233016,0.004122347,0.00412509823217988,-0.0006669494942975233,IN BAND,False,True,0.0,5895.300313416,3262680.554462243,1.0,1430083.195657318,76364.434539137,-0.0017383027949343672,31.169462026795372,ACCUMULATING_PRE_EMA,0.0,,,,,-0.46486222714017333,-0.008114552180619867,-0.46486222714017333,-0.008114552180619867,,0.8054726646179888,0.47455376464515125,1,0.0,,0.0,0.0,0.0,0.0018068886043266553,-0.5616844956703899,5HBb3F1b...,1201618.865182785,,,,False,5528520,1.0,25,5Coeuhim...,0.179995422293431,1.2748504084412626,1.0453831708129246,0.4217200231940672,,COUNTER,340321.172598343,257328.509122661,3099.6172968089813,OK,-0.05387761907655715,0.0,1295.967040512703,3017.92106809,0.0009249820868802204,3017.92106809,0.0009249820868802204,0.0,NEITHER,True,True,0.009249820868802203,,,9390.518222225,0.0028781604773970132,30.0
45,111,111,51,84,SN84,2026-10-07,9233016,0.002347721,0.002349318005144596,-0.0006797739348606027,IN BAND,False,True,0.0,1443.32945788,920722.374492146,1.0,614778.715127907,71004.408789959,-0.004139727322791386,67.31873800815083,ACCUMULATING_PRE_EMA,0.0,,,,,-3.5472007277908713,-0.008270582874137332,-3.5472007277908713,-0.008270582874137332,,2.8542805875110377,2.9169481787685165,1,0.43050240233597126,MINER_BURN_ONLY,3099.617296818993,3099.617296818993,0.0,0.001567605499623179,-0.33228628971535423,5FRdKaxK...,1030473.3864866219,,,,False,8085297,1.0,0,5DvbToTj...,0.179995422293431,2.1155015819973997,1.7347209813833564,1.0,,COUNTER,99523.023032631,61159.068233539,0.0,DIVERGENT,-1.0,2.3917408390206747,1295.967040512703,660.436412233,0.0007173024470023171,660.436412233,0.0007173024470023171,0.0,EXPOSED,False,True,0.007173024470023171,,,20945.561098268998,0.022749051916786747,30.0
46,112,112,52,37,Aurelius,2026-10-07,9233016,0.002738017,0.0027424409054219723,-0.001613126982326512,IN BAND,False,True,0.0,7216.104846004,3560502.537389871,1.0,2635521.572632994,360644.600893675,-0.0011818962588911177,9926.200287081301,ACCUMULATING_PRE_EMA,0.0,,,,,0.21332430009660008,-0.01962637828497256,0.21332430009660008,-0.01962637828497256,,0.7380980556543939,-0.26210962694799916,1,0.4288562949912043,MINER_BURN_ONLY,3087.810387095902,3087.765342463263,1.5259021896696368e-05,0.0020267096484907926,-0.2597892385289089,5GRBbS3a...,1467345.963183082,,,,False,3212175,0.978316599017304,110,5E2LP6En...,0.0,0.3674522129933812,0.3674522129933812,0.22408399334645732,,COUNTER,1374730.161493622,0.0,0.0,DIVERGENT,-1.0,2.3825955799321092,1295.967040512703,45507.151093348,0.012781103401967614,45507.151093348,0.012781103401967614,0.0,FORTRESS,True,True,0.1278110340196761,,,11352.567170141005,0.003188473270535381,30.0
47,113,113,53,57,SN57,2026-10-07,9233016,0.002335343,0.0023407181724905968,-0.002296377476694377,IN BAND,False,True,0.0,1232.899528428,1053436.565909662,1.0,527930.632072403,35771.37221327,-0.00013780237056893412,719.4810670353472,ACCUMULATING_PRE_EMA,0.0,,,,,-2.844907726566936,-0.027939259299781586,-2.844907726566936,-0.027939259299781586,,2.4946922150273694,2.3179238713832575,1,0.43050240234319065,MINER_BURN_ONLY,3099.6172968709725,3099.6172968709725,0.0,0.0011703595340488,-0.49884897676752415,5HdpnCSY...,827480.520489674,,,,False,8057320,1.0,0,5Ejcqsbx...,0.179995422293431,2.028176146487962,1.6631137245153977,0.5576224629940485,,COUNTER,483056.843550672,6427.093693354,0.0,DIVERGENT,-1.0,2.391740839060783,1295.967040512703,1254.306998862,0.0011906810903026539,1254.306998862,0.0011906810903026539,0.0,EXPOSED,False,True,0.01190681090302654,,,36737.22459060098,0.0348736941354202,30.0
48,114,114,54,12,Compute Horde,2026-10-07,9233016,0.004816668,0.0048321015201509,-0.0031939561051313086,IN BAND,False,True,0.0,12708.385642599,3732242.901974254,1.0,2638418.28219271,428313.6194873,-0.0016389071287063602,8581.591083104722,ACCUMULATING_PRE_EMA,0.0,,,,,1.076628045834012,-0.038859799279097586,1.076628045834012,-0.038859799279097586,,0.7041342348349997,-0.11877300978485207,1,0.4280154628809404,MINER_BURN_ONLY,3081.936555905966,3081.711332742771,7.629510948348184e-05,0.0034050264080820176,-0.2930742978170765,5ELzhHvg...,1657586.411370309,,,,False,2256433,0.005676789256828907,157,5Hdt5YNb...,,3.547834620303253,3.547834620303253,0.0,,COUNTER,1686625.561749829,0.0,0.0,DIVERGENT,-1.0,2.3779241573332004,1295.967040512703,3870.537061652,0.0010370539011822066,3870.537061652,0.0010370539011822066,0.0,EXPOSED,True,True,0.010370539011822067,,UNDEFENDED_BURNER,11627.604551275997,0.0031154468925710366,30.0
49,30,40,55,54,Yanez,2026-10-07,9233016,0.006183858,0.006157472264021635,0.00428515709807388,IN BAND,False,False,0.000371628,9964.388599686,4427265.586429546,1.0,1611354.546534478,962366.544783198,-0.0018134332739084883,4958.62047746731,ACCUMULATING_PRE_EMA,0.0,,,,0.0980128759762316,4.876613706950189,0.05213607802656554,4.739148720654639,-0.08532890826898398,-0.1374649862955495,0.5935943865792342,0.2354778622717811,1,0.1270190147803975,MINER_BURN_ONLY,972.3802465660265,969.4973900771274,0.0009765774013885675,0.002250686886783762,-0.6360383943512672,5FUfruyV...,3778709.838583368,,,,False,4742549,0.3114814192543264,59,5DUB7kNL...,0.01998931868467231,0.3200625577442091,0.31366472527842876,0.8113077979551351,,COUNTER,614846.927394428,0.0,0.0,DIVERGENT,-1.0,0.7480879989768724,1295.967040512703,644081.425659809,0.14548063880198364,644081.425659809,0.14548063880198364,0.0,FORTRESS,True,True,1.454806388019836,0,,32842.42996498301,0.007418219965310333,30.0
50,115,115,56,30,Endure Network,2026-10-07,9233016,0.003427556,0.0034566891845315695,-0.008428060197583959,IN BAND,False,True,0.0,8539.096400716,3600284.326792675,1.0,2491307.07266243,421762.92006711,-0.0016359655505931488,14536.576041804627,ACCUMULATING_PRE_EMA,0.0,,,,,3.164189068482821,-0.10254139907060483,3.164189068482821,-0.10254139907060483,,0.7299423493980439,-0.7648729568993343,1,0.42328423133017934,MINER_BURN_ONLY,3047.69151020993,3047.646465577291,1.5259021896696368e-05,0.0023717838997241313,-0.30802475591233774,5HTogQKF...,1099844.843037192,,,,False,3250216,0.9962309640797143,218,5CtFePDA...,,1.5432236630237937,1.5432236630237937,0.0,,COUNTER,870135.197820577,18187.150616168,0.0,DIVERGENT,-0.9265970402809743,2.3516388691271026,1295.967040512703,4962.596266974,0.0013783900982606407,4962.596266974,0.0013783900982606407,0.0,EXPOSED,True,True,0.013783900982606408,,UNDEFENDED_BURNER,11545.585926222004,0.003206853925480776,30.0
51,116,116,57,117,everyframe.studio,2026-10-07,9233016,0.002621993,0.0026445856783539057,-0.00854299353536856,IN BAND,False,True,0.0,2927.60797587,1916372.405397324,1.0,1116558.223272262,239148.336694107,-0.0007537834211656891,20034.01121546235,ACCUMULATING_PRE_EMA,0.0,,,,,-0.9885948508858576,-0.10393975468031748,-0.9885948508858576,-0.10393975468031748,,1.3713409734968154,-2.978521263172386,1,0.0,,0.0,0.0,0.0,0.0015276821809918596,-0.4173584059942725,5FFDV7LG...,1292979.962692362,,,,False,5710859,1.0,7,5E2LP6En...,0.0,1.099924004351997,1.099924004351997,0.5513558054720523,,COUNTER,289424.602021989,214836.88214602,3099.6172968620085,OK,-0.05387761907546642,0.0,1295.967040512703,184995.455974437,0.09653418899865743,154144.143623114,0.0804353805079734,30851.312351322995,DORMITORY,True,True,0.8043538050797339,,,23258.617589264,0.012136794249258542,30.0
52,27,28,4,83,CliqueAI,2026-10-07,9233016,0.007936989,0.007959990296512842,-0.002889613637207387,IN BAND,False,False,0.001584693,8077.027363973,2921433.876045625,1.0,1017643.682674466,155228.925208418,0.000950791968390149,3971.1581361888675,,0.0,,0.11979252691293246,0.11979252691293246,0.5156071678766101,-1.8885197153666082,-0.03515696591935654,-1.9775512950601195,-0.12418854561286771,-0.08903157969351116,0.8995582688173626,0.6046387475701213,1,0.0,,0.0,0.0,0.0017242694743266895,0.002764747622802899,-0.6516629136309878,5DqEjRLy...,1169337.446528957,,,,False,5231190,0.0,198,5E2LP6En...,0.0,0.39129073468406117,0.39129073468406117,0.09166653950038912,,COUNTER,345172.824104195,26063.92679357,0.0,OK,0.0,0.0,1295.967040512703,8057.340853611,0.002758008976235054,8057.340853611,0.002758008976235054,0.0,NEITHER,True,True,0.02758008976235054,,,16062.927774551006,0.005498302702059906,30.0
53,29,51,58,79,MVTRX,2026-10-07,9233016,0.003087331,0.003094499697908759,-0.0023165935073781573,IN BAND,False,False,0.000114518,6983.305211823,3018625.173814991,1.0,2261923.126722495,490460.893414743,-0.0051205686723918425,3705.3964007068425,ACCUMULATING_PRE_EMA,0.0,,,,0.0430961120660278,-0.5650232899354353,-0.028185221006434245,-0.6865998361277285,-0.14976176719872739,-0.12157654619229315,0.8705950055662882,0.16467265825832095,1,0.0,,0.0,0.0,0.0018921187151903496,0.0023134058750982245,-0.2506777293726444,5Fxp7QBG...,3347789.026791771,,,,False,5173967,0.0,0,5EWwdZB7...,0.179995422293431,0.3218500380753589,0.2639185045568278,1.0,,COUNTER,444229.939659843,37317.847662374,0.0,DIVERGENT,1.0,0.0,1295.967040512703,1355085.827207694,0.4489082775040642,1355085.827207694,0.4489082775040642,0.0,DORMITORY,True,True,4.489082775040641,0,,13972.085302541998,0.004628625449672453,30.0
54,117,117,59,95,Actual,2026-10-07,9233016,0.033765957,0.0341907050460577,-0.012422909837206668,IN BAND,False,True,0.0,24412.476167928,3051204.823506953,1.0,722990.782849215,715494.193225814,-0.0011390409750780188,-22909.683338880073,,0.0,,,,,7.375419549527326,-0.15114540301934778,7.375419549527326,-0.15114540301934778,,0.8612991103558444,3.658145075811065,1,0.43050240233220394,MINER_BURN_ONLY,3099.6172967918683,3099.6172967918683,0.0,0.00800092998668936,-0.7630474389726505,5D5UhUuc...,498232.303068063,0.014520229686198963,,,False,5403674,1.0,0,5ExqqyEB...,0.179995422293431,2.1626177308770482,1.7733564391485723,0.0,,COUNTER,1141279.251996008,14658.86980412,0.0,DIVERGENT,-1.0,2.3917408389997443,1295.967040512703,9024.997700073,0.0029578472184309044,9024.997700073,0.0029578472184309044,0.0,EXPOSED,True,True,0.029578472184309045,,UNDEFENDED_BURNER,18630.078927003004,0.006105810656654053,30.0
55,32,10,60,38,ChronoLLM,2026-10-07,9233016,0.019358904,0.019254680490121245,0.005412892202092211,IN BAND,False,False,0.005542062,8580.125933849,2006671.53897349,1.0,443213.565410555,285636.698520403,-0.0014355570088288021,-1224.8714951061993,,0.0,,,,1.6974737956400163,1.570156912392882,0.06585685512545524,1.331493094842115,-0.17280696242531168,-0.23866381755076693,1.3096313716316272,1.9361376131907833,1,0.0,,0.0,0.0,7.629510948348184e-05,0.00427579988413956,-0.7791300641741102,5GeWgtBA...,1953382.901852319,0.05939804110620954,,,False,7284230,0.7553181748817336,6,5G9hfkx9...,0.009994659342336155,0.5030783270001917,0.49805023049931246,0.014145760849661234,,COUNTER,485297.062238849,10641.406258159,0.0,OK,0.0,0.0,1295.967040512703,25098.996277641,0.012507775084347065,25098.996277641,0.012507775084347065,0.0,DORMITORY,False,True,0.12507775084347478,,,29714.220922081997,0.01480771533605458,30.0
56,28,89,61,2,DSperse,2026-10-07,9233016,0.002969012,0.002983857411891222,-0.004975241723032829,IN BAND,False,True,1.26e-07,7615.687149959,3349054.406439731,1.0,2565057.428770242,712940.992487448,-0.002026472196230547,6319.8581019947305,ACCUMULATING_PRE_EMA,0.0,,,,4.347972723666605e-05,-1.676022472188485,-0.06053210763023275,-1.7901454136236037,-0.17465504906535134,-0.1141229414351186,0.7846991063945539,0.11416642116235527,1,0.3304593350371514,MINER_BURN_ONLY,2380.5344415020663,2379.40832568609,0.0003814755474174092,0.002273981317029419,-0.2340949389798966,5EcYQ3W7...,3009575873962437.0,,,,False,2734060,0.814028392611815,14,5CFxLBvp...,0.179995422293431,0.6229291625738554,0.510804764897481,0.9262215033417768,,COUNTER,776264.308469151,0.324465392,0.0,DIVERGENT,-1.0,1.8360099071229172,1295.967040512703,1144508.261830867,0.3417407192997966,1144508.261830867,0.3417407192997966,0.0,FORTRESS,True,True,3.4174071929979655,0,,12737.453053823998,0.0038032983367877753,30.0
57,118,118,62,87,Provenonce,2026-10-07,9233016,0.004123338,0.004192215856164694,-0.016429940281679066,IN BAND,False,True,0.0,1680.783000969,1938822.342941026,1.0,407626.695679124,123133.744574147,-0.0004810604927689679,247.2784993997193,ACCUMULATING_PRE_EMA,0.0,,,,,-3.2218760125381793,-0.19989760676042861,-3.2218760125381793,-0.19989760676042861,,1.3554619945288804,1.345293418040002,1,0.4305024023322201,MINER_BURN_ONLY,3099.6172967919847,3099.6172967919847,0.0,0.000866909238532602,-0.7897554751677883,5HartH15...,4260.514516659,,,,False,7208725,1.0,1,5E2LP6En...,0.0,0.5263937095587549,0.5263937095587549,0.44145340231042746,,COUNTER,812863.425743371,811.040088965,0.0,DIVERGENT,-1.0,2.3917408389998345,1295.967040512703,168037.581837316,0.08666992231088975,168037.581837316,0.08666992231088975,0.0,FORTRESS,False,True,0.8666992231089011,,,24141.480713851997,0.012451620852084599,30.0
58,31,91,63,111,Claims,2026-10-07,9233016,0.004170516,0.0041889294516295195,-0.00439574164285735,IN BAND,False,True,5e-08,5492.468642284,3618284.530871904,1.0,1316975.599360564,213574.630082069,-0.0020882893709760026,5867.854430505773,ACCUMULATING_PRE_EMA,0.0,,,,2.3923668673938632e-05,-2.9886536795460477,-0.053481523321431086,-3.152101175104553,-0.21692901887993646,-0.16344749555850538,0.7263110398249213,0.1634714192271793,1,0.18342029683900782,MINER_BURN_ONLY,1320.8222979889251,1320.642119458369,6.103608758678547e-05,0.0015179758792934041,-0.6360220463622717,5CGTryXj...,2719230.299565599,,,,False,5615562,0.8945232027589995,111,5CsvRJXu...,0.0899977111467155,2.9538018086064133,2.6879664066508075,0.09495979125020981,,COUNTER,735812.094977138,0.371911999,0.0,DIVERGENT,-1.0,1.019039896983726,1295.967040512703,1221.604957048,0.00033761992641126757,1221.604957048,0.00033761992641126757,0.0,EXPOSED,True,True,0.003376199264112676,,UNDEFENDED_BURNER,15250.983866692999,0.004214976389106123,30.0
59,119,119,64,76,Ormas,2026-10-07,9233016,0.005305805,0.0054029785096645355,-0.017985174194329465,IN BAND,False,True,0.0,479.15321036,132273.216757134,1.0,90307.353669222,9754.184008053,,359.18590058646805,,,,,,,-6.271021110503576,-0.21881961936434183,-6.271021110503576,-0.21881961936434183,,19.867967714320077,20.41943436113962,1,0.41000228793569377,MINER_BURN_ONLY,2952.016473136995,2952.016473136995,0.0,0.0036224507281755313,-0.31726651692334507,5CLWmDjL...,437476.742934529,,,,True,9003844,1.0,0,5CqaQ34d...,0.179995422293431,3.480025482196069,2.8536368259362868,0.4129585545992797,,COUNTER,38915.367159664,0.0,0.0,DIVERGENT,-1.0,2.2778484180964473,1295.967040512703,0.0,0.0,0.0,0.0,0.0,EXPOSED,False,,,,,29875.980632985007,0.22586568441773136,30.0
60,120,120,65,121,sundae_bar,2026-10-07,9233016,0.003794731,0.003887038677930832,-0.023747558380347693,IN BAND,False,True,0.0,5727.28649411,3008844.530346874,1.0,1509273.4052463,554626.639882785,-0.0014768339828714987,52366.754093388095,ACCUMULATING_PRE_EMA,0.0,,,,,-1.610259788451266,-0.28892862696089694,-1.610259788451266,-0.28892862696089694,,0.8734249887271615,-5.378450049293111,1,0.43050240233488796,MINER_BURN_ONLY,3099.6172968111932,3099.6172968111932,0.0,0.001903483691611587,-0.49838771401409293,5CXGaDJs...,1908296.821622555,,,,False,5766528,1.0,0,5EL9y2gd...,0.179995422293431,0.9807006876609263,0.8041790532419397,0.7369296505417366,,COUNTER,1373896.906960033,0.0,0.0,DIVERGENT,-1.0,2.391740839014656,1295.967040512703,202885.709556554,0.06742977495522653,202885.709556554,0.06742977495522653,0.0,FORTRESS,True,True,0.6742977495522654,,,13768.889129584995,0.004576138444746313,30.0
61,121,121,66,113,LongShort,2026-10-07,9233016,0.002743805,0.002812777180224657,-0.024521025237821376,IN BAND,False,True,0.0,1905.179762275,1832820.591300925,1.0,694356.769581158,74140.582862979,-0.0004889739469761811,-169.5692312300671,,0.0,,,,,22.147989314164327,-0.2983391403934934,22.147989314164327,-0.2983391403934934,,1.433855562553813,1.5070466861718992,1,0.43050240233639164,MINER_BURN_ONLY,3099.61729682202,3099.61729682202,0.0,0.0010394796802903196,-0.621153952161207,5GndoVhM...,544827.504681708,,,,False,7119664,1.0,0,5FRumLA6...,0.179995422293431,2.483497561565247,2.0364793692066043,0.28128386318890125,,COUNTER,847515.665438437,0.0,0.0,DIVERGENT,-1.0,2.39174083902301,1295.967040512703,53006.535423532,0.028920744166186108,53006.535423532,0.028920744166186108,0.0,FORTRESS,False,True,0.28920744166186624,,,25558.607961768004,0.013944958979114621,30.0
62,33,37,67,77,Liquidity,2026-10-07,9233016,0.005028217,0.005030787317082286,-0.0005109174608830087,IN BAND,False,False,0.000676164,11646.053431319,3403989.025193548,1.0,2316139.679277559,410674.637890145,-0.006935415302332664,4139.998397729825,ACCUMULATING_PRE_EMA,0.0,,,,0.15258035715526908,-0.5163048469767013,-0.006216162440743272,-0.8183185491636744,-0.3082298646277163,-0.30201370218697304,0.7720353915801988,0.4545940593422421,1,0.0,,0.0,0.0,0.00010681315327687457,0.0034212958223791027,-0.31958071372434743,5GxxsUeY...,2700902.705197136,,,,False,5128460,0.2956140886338665,42,5E7F9Awq...,,4.910717203080872,4.910717203080872,0.0,,COUNTER,140886.89655137,14115.257752168,0.0,OK,0.0,0.0,1295.967040512703,369577.913917543,0.10857200513345637,369577.913917543,0.10857200513345637,0.0,DORMITORY,True,True,1.0857200513345635,0,,11560.634035964003,0.0033962019120513105,30.0
63,34,64,68,20,Witness,2026-10-07,9233016,0.002285945,0.0022864199709147215,-0.00020773563945529412,IN BAND,False,True,3.5299e-05,6399.894714623,3266301.277915335,1.0,2799670.973028975,288630.666276541,-0.0009316292818717833,4088.8857458988205,ACCUMULATING_PRE_EMA,0.0,,,,0.01449489032812387,0.012708376620762341,-0.002527450280039412,-0.34267364203142253,-0.3579094689322243,-0.3553820186521849,0.8045797911444591,0.3698769089803087,1,0.0,,0.0,0.0,0.0,0.001959370606102702,-0.14286187720933707,5CFVA7aP...,1546644.042185561,,,,False,1970929,1.0,154,5G9hfkx9...,0.009994659342336155,0.5218174805558823,0.5166020925988501,0.010544466825367759,,COUNTER,1435722.253812141,0.0,0.0,OK,0.0,0.0,1295.967040512703,481489.198376369,0.14741114104565145,475447.393433523,0.14556140202013754,6041.804942846007,DORMITORY,True,True,1.455614020201378,0,,12164.257114114003,0.0037241687398406947,30.0
64,122,122,69,72,StreetVision by NATIX,2026-10-07,9233016,0.002064008,0.0021266744006425142,-0.029466852388678477,IN BAND,False,True,0.0,6092.986980376,2589269.444226231,1.0,2952016.488693957,248182.144526285,-0.000693472829379333,53245.32841522712,ACCUMULATING_PRE_EMA,0.0,,,,,0.37774482278164684,-0.3585133707289214,0.37774482278164684,-0.3585133707289214,,1.0149581017379763,-6.354749296611457,1,0.4305024023326405,MINER_BURN_ONLY,3099.6172967950115,3099.6172967950115,0.0,0.0023531683788115027,0.140096539747667,5FjP8fFb...,0.023425394,,,,False,5064327,1.0,228,5E2LP6En...,0.0,0.3970721376052465,0.3970721376052465,0.32876545093850146,,COUNTER,548734.248433058,0.0,0.0,DIVERGENT,-1.0,2.39174083900217,1295.967040512703,333021.295740862,0.12861592928594615,327033.078667026,0.12630322402184588,5988.217073836015,FORTRESS,True,True,1.2630322402184604,0,,11403.172718414995,0.004404011619510183,30.0
65,36,53,70,89,InfiniteQuant,2026-10-07,9233016,0.002980893,0.0029841263312846422,-0.0010835101888096717,IN BAND,False,True,9.9604e-05,6118.329066071,2970688.982613481,1.0,2052514.922821515,189374.105410724,0.00022740814707736934,3990.860647963593,,0.0,,,0.07628859777166418,0.04278281033486381,-1.1939495775181277,-0.013182707297184338,-1.581501431339996,-0.40073456111905253,-0.3875518538218682,0.884643264704204,0.430334664156732,1,0.0,,0.0,0.0,0.001739528496223386,0.002059565677147516,-0.30907762299837127,5Dc5NmEU...,110579.177790083,,,,False,5313364,0.08943611378609317,232,5H8Vq6jZ...,,9.856818476641296,9.856818476641296,0.0,,COUNTER,601037.833009041,0.0,0.0,OK,0.0,0.0,1295.967040512703,6094.632142656,0.002051588765544285,6094.632142656,0.002051588765544285,0.0,NEITHER,True,True,0.02051588765544285,,,15767.746998519002,0.005307774422298235,30.0
66,35,58,71,32,ItsAI,2026-10-07,9233016,0.002668678,0.00267226854339242,-0.0013436312010251055,IN BAND,False,True,6.4969e-05,6809.786843299,3620148.555377458,1.0,2551745.444027134,307453.915677454,-0.0011755096356559623,2339.0418104315177,ACCUMULATING_PRE_EMA,0.0,,,,0.02507252222850572,-1.295459918609089,-0.01634751294580545,-1.6825929915531743,-0.4034805858898907,-0.3871330729440853,0.7259370602613265,0.412205595172591,1,0.0,,0.0,0.0,0.0017700465400167786,0.001881079391944724,-0.2951268785725651,5DWgkCSv...,94952.433722918,,,,False,2515294,0.0,82,5E7sa41c...,0.013550011444266423,0.2527184867363554,0.2492941483489001,0.8510063632063235,,COUNTER,17419.272873099,0.0,0.0,DIVERGENT,1.0,0.0,1295.967040512703,634410.218859858,0.17524425010611494,634410.218859858,0.17524425010611494,0.0,DORMITORY,True,True,1.7524425010611495,0,,13332.996390717,0.0036829970336194734,30.0
67,123,123,72,94,Cathedral,2026-10-07,9233016,0.004558915,0.004717320669442415,-0.0335795847987452,IN BAND,False,True,0.0,2310.423677541,2069922.136181927,1.0,506792.36213868,139226.915098772,-7.290167659344193e-05,12197.467661669129,ACCUMULATING_PRE_EMA,0.0,,,,,-8.75719593405364,-0.40855161505139986,-8.75719593405364,-0.40855161505139986,,1.2696129743544242,-0.8497920501039274,1,0.43050240233194526,MINER_BURN_ONLY,3099.6172967900056,3099.6172967900056,0.0,0.001116188689977822,-0.7551635224658012,5CnwnkkC...,846460.10582915,,,,False,6962737,1.0,0,5EeKtCKE...,0.179995422293431,1.7635590090623885,1.4461264604868191,0.38545704257591945,,COUNTER,845657.283423741,0.075116968,0.0,DIVERGENT,-1.0,2.3917408389983073,1295.967040512703,273.723032556,0.00013223832325446577,273.723032556,0.00013223832325446577,0.0,EXPOSED,False,True,0.001322383232544658,,,22772.078207249004,0.011001417787266732,30.0
68,124,124,73,36,Epago,2026-10-07,9233016,0.002085058,0.0021858031395822763,-0.04609067383878387,IN BAND,False,True,0.0,316.140836921,144103.943688316,1.0,151622.024313001,21025.255703566,,2633.830817373906,,,,,,,-23.24366209040297,-0.560769865038537,-23.24366209040297,-0.560769865038537,,18.236836083293667,12.395835288096878,1,0.0,,0.0,0.0,0.0,0.0021938388973225084,0.05217164094356539,5DCjvVt6...,651953.87568374,,,,True,8884359,1.0,1,5E2LP6En...,0.0,0.9901452168336614,0.9901452168336614,0.38996551408429214,,COUNTER,34545.255833249,0.0,0.0,OK,0.0,0.0,1295.967040512703,51923.852349154,0.36032221617376875,51923.852349154,0.36032221617376875,0.0,DORMITORY,False,True,3.603222161737714,0,,36123.93808491998,0.2506797327008124,30.0
69,37,59,74,60,Bitsec.ai,2026-10-07,9233016,0.00394202,0.003936214838176966,0.0014748081752882637,IN BAND,False,True,5.4838e-05,6925.842859627,4071810.492119606,1.0,1756927.41550653,980372.629462358,0.00042835187573598795,742.3590144547634,,0.0,,,0.10866303969436683,0.020808191424626324,-1.1587634984046464,0.017943499466007207,-1.7421809456100341,-0.5654739477393806,-0.5834174472053878,0.6454131411778887,0.6042256386300141,1,0.1486034593926642,MINER_BURN_ONLY,1084.8743389101,1084.829294277461,1.5259021896696368e-05,0.0017009246557596323,-0.5685144530571554,5CXLwkK1...,163288.656469483,,,,False,4796992,0.8505050813318278,113,5CXLwkK1...,0.179995422293431,2.309547966793275,1.8938399052033845,0.0,,COUNTER,705251.990594804,0.0,0.0,DIVERGENT,-1.0,0.8370809290398983,1295.967040512703,1050153.939197366,0.2579083533552913,1050153.939197366,0.2579083533552913,0.0,FORTRESS,True,True,2.579083533552914,0,,11792.593325113998,0.0028961547566952925,30.0
70,125,125,75,35,SN35,2026-10-07,9233016,0.002191894,0.002301369560882449,-0.04756974400950688,IN BAND,False,True,0.0,396.475001708,126834.654219302,1.0,180882.359486835,8775.891775737,,3116.976062032889,,,,,,,-15.534325635658313,-0.5787652187823337,-15.534325635658313,-0.5787652187823337,,20.719889340779744,12.654633140964451,1,0.0,,0.0,0.0,0.0,0.0031259201528825034,0.4261274280975739,5FjUeckL...,802087.761221103,,,,True,9046691,1.0,1,5E2LP6En...,0.0,0.9743854520228147,0.9743854520228147,0.2661366618854335,,COUNTER,0.0,0.11136414,0.0,OK,0.0,0.0,1295.967040512703,0.0,0.0,0.0,0.0,0.0,NEITHER,False,,,,,34970.51893892801,0.2757173830305292,30.0
71,42,2,76,90,KubeTEE,2026-10-07,9233016,0.021579089,0.021360277431085706,0.010243854257990863,IN BAND,False,False,0.013038243,3989.529048458,439293.407635837,1.0,184879.403032269,104358.002600541,,657.9929395687359,,,,,,8.588608376530967,-1.8676962355395523,0.12463356013888884,-2.572073490898377,-0.579743695219936,-0.7043772553588248,5.982334253871947,9.292985631889792,1,0.0,,0.0,0.0,1.5259021896696368e-05,0.009081695693838451,-0.5791436935155858,5C9y6fnL...,462771.394579377,0.22640168733379132,BUYBACK_GAMING,,True,8618670,0.031922360911893044,1,5E2LP6En...,0.0,0.7607747788546692,0.7607747788546692,0.3894034884253254,,COUNTER,0.0,118953.194134261,180.88498730398715,DIVERGENT,-1.0,0.0,1295.967040512703,96409.895926417,0.2194658382088409,96409.895926417,0.2194658382088409,0.0,DORMITORY,False,True,2.194658382088409,0,,56405.373708477,0.12840022802080292,30.0
72,38,73,77,74,Gittensor,2026-10-07,9233016,0.003131883,0.0031356671825051308,-0.001206818927162967,IN BAND,False,True,7.878e-06,5870.851707239,3458983.618202505,1.0,1874543.840445037,362723.622912846,-0.0012658894502273344,167.86001483001746,ACCUMULATING_PRE_EMA,0.0,,,,0.0035264702691215795,-1.9669004872189417,-0.014682963613816097,-2.561867657261704,-0.6096501336565786,-0.5949671700427626,0.7597607534682879,0.5984936403118841,1,0.0,,0.0,0.0,0.0001831082627603564,0.0016972765283837469,-0.4580651549295593,5D1VXeeS...,216.588029224,,,,False,5086205,0.7010515391541902,195,5E2LP6En...,0.0,0.2901277656622009,0.2901277656622009,0.07471501167422057,,COUNTER,531791.422968235,197100.071986746,1555.5257898590062,OK,-0.10783346741502622,0.0,1295.967040512703,378229.609193408,0.1093470368587518,378229.609193408,0.1093470368587518,0.0,DORMITORY,True,True,1.093470368587518,0,,18677.999266595998,0.005399851901091744,30.0
73,41,45,78,63,Enigma,2026-10-07,9233016,0.003955013,0.003955469932407141,-0.00011551912034441448,IN BAND,False,False,0.000288249,10783.719854276,3399412.122441394,1.0,2726595.348275086,1243745.687067171,-0.0023243817583002914,784.4407270564698,ACCUMULATING_PRE_EMA,0.0,,,,0.07024648101365746,-1.77661711358318,-0.0014054826308570428,-2.4734051499866854,-0.6981935190343623,-0.6967880364035053,0.773074845103694,0.7670345174171628,1,1.4629406254122671e-06,SKIN_IN_GAME,0.10139011708088219,0.011300851802786838,3.0518043793392735e-05,0.003172230805169729,-0.1979215225917769,5CqTmNfg...,43956.475575227,3.5413302366682964,BUYBACK_GAMING,,False,4885578,3.051897517281077e-05,147,5EZ52JMq...,0.0,0.3299622437342847,0.3299622437342847,0.9184648252708683,,COUNTER,725442.062936675,0.0,0.0,OK,-1.0,8.720014822534421e-06,1295.967040512703,72397.992373783,0.021297209566278806,72397.992373783,0.021297209566278806,0.0,DORMITORY,True,True,0.21297209566278807,,,11649.409875186002,0.0034268895490140263,30.0
74,43,69,79,1,Apex,2026-10-07,9233016,0.006577297,0.006586405681446195,-0.0013829517777584652,IN BAND,False,True,2.2955e-05,23052.580412696,2568022.283065753,1.0,3504871.080237218,841188.434699471,-0.002493990990679855,2269.877297537867,ACCUMULATING_PRE_EMA,0.0,,,,0.002616875808262061,-0.2368926387971923,-0.016825913296061326,-0.9647169167976395,-0.7446501912965086,-0.7278242780004472,1.023355606113606,0.7304411538087093,1,0.27986428650285844,MINER_BURN_ONLY,2022.1455511390232,2022.0554618737451,3.0518043793392735e-05,0.008976783638020227,0.364813484630575,5HCFWvRq...,24940.862426656,,,,False,1497824,0.6887827506752323,226,5CAQAgXx...,0.0899977111467155,0.41775164642720464,0.38015495442098424,0.031252384367703834,,COUNTER,923271.812036793,0.0,0.0,DIVERGENT,-1.0,1.5602676601048364,1295.967040512703,192837.392404128,0.0750917909380113,192824.591394465,0.07508680616441825,12.801009663002333,FORTRESS,True,True,0.7508680616441824,,,11881.996291371996,0.004626905447715604,30.0
75,44,24,80,5,Hone,2026-10-07,9233016,0.012743887,0.012726571876555681,0.0013605489060425243,IN BAND,False,False,0.001805557,33659.963415262,3311911.546178593,1.0,2641263.362547999,979664.594892496,-0.015845505017582865,-1757.3401753013022,,0.0,,,,0.14096877460801205,-0.5236535959358042,0.016553345023517376,-1.2897133892329653,-0.7495064482736437,-0.766059793297161,0.7934994529163331,0.907028567905173,1,0.0,,0.0,0.0,0.009308003356984784,0.01016330386422914,-0.20249576410798845,5GurNtB3...,,,,,False,2491604,0.0,1,5E2LP6En...,0.0,0.4187084981923673,0.4187084981923673,0.06656391631441608,,COUNTER,1488567.694632255,0.0,0.0,DIVERGENT,1.0,0.0,1295.967040512703,6649.821324041,0.002007849917282305,6649.821324041,0.002007849917282305,0.0,NEITHER,True,True,0.020078499172823054,,,17704.09594515599,0.0053455823618187015,30.0
76,54,12,81,53,engy,2026-10-07,9233016,0.036680847,0.03613249980844557,0.015176010363563596,IN BAND,False,False,0.00503981,39542.327086648,5091421.185290472,1.0,1078010.261282231,1790179.063194342,-0.0011223092088040443,-9348.10997784743,,0.0,,,,0.3349479318952936,3.1073965197419238,0.18464145942335708,2.166949265654812,-0.7558057946637546,-0.9404472540871117,0.5161623649586298,1.2753951859824053,1,0.0,,0.0,0.0,0.00015259021896696368,0.007766461592470289,-0.7882692950773386,5H8SFVCx...,1981477.982221294,0.020008846026334733,,,False,4203869,0.4621900038153377,177,5HotnJix...,,19.81623307522708,19.81623307522708,0.0,,COUNTER,536463.072307602,0.0,0.0,OK,0.0,0.0,1295.967040512703,160169.218911966,0.031458646433476734,146036.239610343,0.028682804721057754,14132.979301622981,DORMITORY,True,True,0.28682804721057753,,,29712.405442028004,0.005835778333929543,30.0
77,39,19,82,93,Bitcast,2026-10-07,9233016,0.019006946,0.01923165423795581,-0.011684290658279499,IN BAND,False,False,0.002985829,24197.788860609,3999639.206150703,1.0,1273102.427383844,1176102.157677039,-0.0033716791650470626,-1825.2488150575664,,0.0,,,,0.3242758525252508,-0.10157757226171191,-0.14215886967573388,-0.7243885917548688,-0.7649698891688907,-0.6228110194931569,0.6570592657354252,0.9470868720184077,1,0.007281779058600939,MINER_BURN_ONLY,60.70998006290756,60.664935430268514,1.5259021896696368e-05,0.006049992915210274,-0.6816956856082891,5EbY1Seb...,2307565.542267869,0.0,,,False,5370681,0.9853663747062593,158,5HVydkt4...,0.179995422293431,1.0857279006992693,0.890301848717144,0.0,,COUNTER,1088352.711777075,0.0,0.0,DIVERGENT,-1.0,0.046810554230043225,1295.967040512703,427930.957620956,0.10699238995429328,427930.957620956,0.10699238995429328,0.0,DORMITORY,True,True,1.0699238995429328,0,,36605.60623624198,0.009152227075869582,30.0
78,57,18,83,28,SayGM,2026-10-07,9233016,0.023307899,0.02285811654292047,0.019677144275425208,IN BAND,False,False,0.003159643,23887.480174253,5241387.632440808,1.0,1024866.315146167,6630403.310905316,-0.0018433106521580824,-10979.223668556311,,0.0,,,,0.34761062043496455,8.156881470575994,0.23940525535100668,7.152267101141782,-0.7652091140832056,-1.0046143694342122,0.5013939407446942,1.3522249898691767,1,1.4678903529426927e-06,,1.6336083060596138,0.012001531053897674,0.0005493247882810692,0.00455747253387727,-0.8044666087716758,5CA6rwAy...,3257474.158565397,0.09744934825402339,,,False,4878363,0.2169040748713721,219,5FHBJCMk...,0.179995422293431,3.3286567631476154,2.729513783394975,0.0,,COUNTER,1419495.741249027,33762.848582854,0.0,OK,-1.0,9.2606761427742e-06,1295.967040512703,355547.474836006,0.0678346078880708,355542.69664036,0.0678336962600858,4.778195646009408,DORMITORY,True,True,0.6783369626008584,,,37630.78729777697,0.007179546703408593,30.0
79,45,68,84,7,Allways,2026-10-07,9233016,0.002455451,0.00245609600096941,-0.00026261227946927803,IN BAND,False,True,2.5712e-05,5581.750454191,3149488.604109256,1.0,2273207.362758837,329236.921638243,-0.001063203871299582,569.9941635024734,ACCUMULATING_PRE_EMA,0.0,,,,0.01210572499694337,0.5566232121953495,-0.003195116066876216,-0.21383429188428893,-0.7736526201465146,-0.7704575040796384,0.8344211808136565,0.7825632290765818,1,0.0,,0.0,0.0,1.5259021896696368e-05,0.0017722719958117267,-0.27822954080055895,5CAc19iE...,,,,,False,2627691,1.0,26,5DCaForB...,,0.26254661026689846,0.26254661026689846,0.0071875476880817945,,COUNTER,36084.978602376,227519.085368222,171.77808362600626,DIVERGENT,-1.0,0.0,1295.967040512703,3211.260531444,0.0010196133198431478,3211.260531444,0.0010196133198431478,0.0,NEITHER,True,True,0.010196133198431477,,,14206.262162202993,0.004510656791603421,30.0
80,40,39,85,50,Synth,2026-10-07,9233016,0.004469499,0.0045098119881004095,-0.008938950937817214,IN BAND,False,False,0.000462746,10794.930127076,3486609.062835638,1.0,2415243.435795266,1245089.36395316,-0.0056701551055483215,594.2267004302703,ACCUMULATING_PRE_EMA,0.0,,,,0.11265441032821222,6.6469527280621366,-0.10875723641010943,5.981937359958439,-0.7737726045138069,-0.6650153681036975,0.7537409421699443,0.7776697784319098,1,0.0,,0.016182249994017184,0.0,0.0017547875181200823,0.0030961114172910883,-0.3072799843358085,5DxyiWpG...,2284339.412383528,4.254962302139269,BUYBACK_GAMING,,False,4763204,0.14217364720269032,38,5EP1j1aU...,,18.955818984904628,18.955818984904628,0.0,,COUNTER,467621.711243943,0.0,0.0,OK,-1.0,0.0,1295.967040512703,212500.00519846,0.06094747112991069,212500.00519846,0.06094747112991069,0.0,DORMITORY,True,True,0.6094747112991068,,,28859.165374639997,0.00827714402576841,30.0
81,46,44,86,48,Quantum Compute,2026-10-07,9233016,0.003964023,0.003967880504205823,-0.0009721825548260433,IN BAND,False,False,0.000291618,10454.674007343,3370840.399574354,1.0,2637389.826665099,694168.200516346,-0.0027008449742481964,121.48155773431063,ACCUMULATING_PRE_EMA,0.0,,,,0.0733042563987865,-0.5319898590937996,-0.01182822108371686,-1.3051509993378916,-0.7849893613278088,-0.773161140244092,0.7796275374923848,0.8464653966428785,1,0.0,,0.0,0.0,4.57770656900891e-05,0.0031015037106660827,-0.21758685288504054,5GNH5YMk...,44318.312566295,1.0793897655364562,BUYBACK_GAMING,,False,3856677,1.0,146,5FH19r4S...,,18.018047663620326,18.018047663620326,0.0,,COUNTER,695492.461656953,0.0,0.0,OK,0.0,0.0,1295.967040512703,101862.559282014,0.03021874286746904,101862.559282014,0.03021874286746904,0.0,DORMITORY,True,True,0.30218742867469045,,,11405.399232816999,0.003383547685692029,30.0
82,47,75,87,13,Data Universe,2026-10-07,9233016,0.00445897,0.004466784885153174,-0.0017495548485332562,IN BAND,False,True,3.711e-06,17842.339657919,2206054.13822173,1.0,4001448.518176404,972637.964464599,-0.0029832593986156373,2545.694946069736,ACCUMULATING_PRE_EMA,0.0,,,,0.0005465935626705506,-2.947369071732794,-0.021286250657154615,-3.7340899561174585,-0.8080071350418191,-0.7867208843846645,1.1912672288806088,0.787267477947335,1,0.3030981576103754,MINER_BURN_ONLY,2189.843728306005,2184.1230599608457,0.0019378957808804387,0.0080878974585372,0.8138488167754437,5HBswBt1...,21418.343196717,,,,False,1907637,0.7112891389432485,3,5HEU7ksV...,0.179995422293431,0.7732215485375915,0.634045209382187,0.049595605066381804,,COUNTER,710272.783065588,0.015999689,0.015999689,DIVERGENT,-1.0,1.685322999492931,1295.967040512703,93697.039216446,0.04247268350901574,93697.039216446,0.04247268350901574,0.0,FORTRESS,True,True,0.4247268350901574,,,11342.35754477099,0.005141468356671387,30.0
83,50,7,88,4,Targon,2026-10-07,9233016,0.051720797,0.051703112898394465,0.0003420316614259914,IN BAND,False,False,0.006886897,133579.219425195,3814528.46093421,1.0,2582698.429014249,2344454.877402853,-0.0046476622979413,-1672.0706725907512,,0.0,,,,0.1354908749570542,-0.5481099269034575,0.0041613852140162284,-1.3740534216243265,-0.8217821095068528,-0.825943494720869,0.6889449185958835,0.9614343696779232,1,4.813190643162373e-07,MINER_BURN_ONLY,0.09401621203869581,0.003926946760600458,3.0518043793392735e-05,0.03501854050722703,-0.32293115074721235,5CXGPMnq...,,,,,False,1411451,0.05839805899317907,50,5E7vw1mZ...,,0.28234663650751823,0.28234663650751823,0.041568112801574825,,COUNTER,561137.878920594,0.0,0.0,OK,-1.0,3.030128574139433e-06,1295.967040512703,183019.057563734,0.047979470972124065,183019.057563734,0.047979470972124065,0.0,DORMITORY,True,True,0.4797947097212406,,,17632.631585376017,0.004622493124892726,30.0
84,51,55,89,128,ByteLeap,2026-10-07,9233016,0.002777582,0.0027775855269283056,-1.2697820721049464e-06,IN BAND,False,True,7.5493e-05,4022.169420421,3047287.409254426,1.0,1448082.669949361,91655.037782964,-0.00022424396803000932,280.28273609816097,ACCUMULATING_PRE_EMA,0.0,,,,0.0493255214444035,-0.17219509732028943,-1.544901521061018e-05,-0.9982799447590878,-0.8261002964540088,-0.8260848474387983,0.8624063460567993,0.8754103688832018,1,0.0,,0.0,0.0,9.15541313801782e-05,0.0013199179730162363,-0.5247960373388666,5GgMeLFN...,987822.476496362,,,,False,5856038,1.0,96,5HQTcjYx...,,5.234558461186476,5.234558461186476,0.0,,COUNTER,186014.794503201,289.843039317,0.0,OK,0.0,0.0,1295.967040512703,3774.578409694,0.0012386683311297897,3774.573941721,0.0012386668649165974,0.004467972999918857,NEITHER,True,True,0.012386668649165973,,,15709.488215415,0.005155236807564079,30.0
85,48,29,90,62,Ridges,2026-10-07,9233016,0.00963018,0.009649781044572592,-0.0020312424170096403,IN BAND,False,False,0.001421027,28601.253163175,2706854.762062418,1.0,2969960.329236734,4399288.761377996,-0.02595581615076601,1462.589039644692,ACCUMULATING_PRE_EMA,0.0,,,,0.13056976681036592,-4.20907027564968,-0.02471344940695062,-5.016420680114685,-0.8320638538719556,-0.807350404465005,0.9708684916650879,0.9379201712753709,1,0.044302347420141705,SKIN_IN_GAME,366.7207594270003,366.0450899374146,0.0002288853284504455,0.010566231171332966,0.09719975860606607,5DhsVYew...,7991.933472891,2.08881073386808,BUYBACK_GAMING,,False,4474225,0.3233516483516483,39,5DyBQppB...,,16.464527151162,16.464527151162,0.0,,COUNTER,195529.930771159,170982.004100011,0.018670910998480394,DIVERGENT,-1.0,0.2824493821946289,1295.967040512703,147731.700297617,0.054576884718061734,147731.700297617,0.054576884718061734,0.0,FORTRESS,True,True,0.5457688471806185,,,16215.325193527995,0.005990467394406174,30.0
86,52,86,91,43,Graphite,2026-10-07,9233016,0.003949025,0.0039499117992818356,-0.000224511160476213,IN BAND,False,True,6.19e-07,12279.681716983,3053364.932683243,1.0,3109547.486083567,159362.480427366,-0.0008349041341164327,398.7803774867207,ACCUMULATING_PRE_EMA,0.0,,,,0.00013247346612821432,-0.09551398026078435,-0.0027315524524605915,-0.9304203599902532,-0.8376379321819294,-0.8349063797294688,0.8606897825641039,0.835038853195597,1,0.34061852142085547,MINER_BURN_ONLY,2452.973297678982,2452.838163781065,4.57770656900891e-05,0.004021688198990296,0.018400288423166777,5HjMs5JD...,2815910.410407307,,,,False,3408582,0.20950070194714032,108,5ERVu5z1...,,18.483347727923842,18.483347727923842,0.0,,COUNTER,990873.656061839,0.0,0.0,DIVERGENT,-1.0,1.892670173780567,1295.967040512703,3451.069241962,0.0011302511550524887,3451.069241962,0.0011302511550524887,0.0,EXPOSED,True,True,0.011302511550524887,,UNDEFENDED_BURNER,10273.569361212001,0.003364671301240029,30.0
87,49,11,92,97,Albedo,2026-10-07,9233016,0.015303647,0.015387830324470997,-0.005470772857244306,IN BAND,False,False,0.00516299,11466.500239146,1180806.109616061,1.0,749266.231937543,543035.187186779,-0.0002017478056674679,3255.3602338461205,ACCUMULATING_PRE_EMA,0.0,,,,1.1833024407637862,-3.7906724950844146,-0.06656106976313905,-4.607671668089781,-0.8835602427685051,-0.8169991730053661,2.2255982405566095,2.0003016137691523,1,0.0,,0.0,0.0,7.629510948348184e-05,0.009710739253266848,-0.36546241211216857,5GnW8owm...,1393299.081504238,0.6884802133550928,BUYBACK_GAMING,,False,7735450,0.0,28,5E2LP6En...,0.0,0.6274236897289021,0.6274236897289021,0.17298155127950804,,COUNTER,70872.776437572,4583.298014649,0.0,OK,0.0,0.0,1295.967040512703,9137.629711799,0.007738467507396366,9137.629711799,0.007738467507396366,0.0,DORMITORY,False,True,0.07738467507397058,,,33477.22715043296,0.028351163563438947,30.0
88,53,66,93,98,NeverPlayAlone,2026-10-07,9233016,0.002151977,0.0021511090453714132,0.0004034916920897905,IN BAND,False,True,2.7763e-05,4565.424093006,2871538.164119989,1.0,2121502.018816865,207965.53354516,-0.001032365332540136,34.56821445003152,ACCUMULATING_PRE_EMA,0.0,,,,0.01598124566604291,0.6274882906734645,0.0049091489204257845,-0.285490033339598,-0.9080691750926366,-0.9129783240130624,0.9151889509382077,0.9289595696791053,1,0.0,,0.0,0.0,0.0,0.0015898880084726712,-0.26119656089601734,5EWzZCNs...,1710977.031627028,,,,False,5445992,1.0,153,5E2LP6En...,0.0,0.5182078875224313,0.5182078875224313,0.1764023683086126,,COUNTER,1255490.393926426,0.416529519,0.0,OK,0.0,0.0,1295.967040512703,385378.510504961,0.13420629936954503,385378.510504961,0.13420629936954503,0.0,DORMITORY,True,True,1.3420629936954525,0,,14927.952727127999,0.005198591094366602,30.0
89,56,92,94,101,Tag101,2026-10-07,9233016,0.003693714,0.0036967231426388025,-0.0008140027052863592,IN BAND,False,True,1.5e-08,3575.269587674,2601095.27801956,1.0,967933.575505858,167150.376301567,0.0003527464605012477,402.8000279542757,,0.0,,,0.09549912648928631,1.1025741984857113e-05,-0.9951587057311275,-0.009903699580984037,-1.972893806132146,-0.9876387999820024,-0.9777351004010184,1.0103436126341843,0.9777461261430033,1,0.3920258235147028,MINER_BURN_ONLY,2826.246743766009,2822.598128522246,0.0012359807736324058,0.0013745246542434092,-0.6278746393891327,5H8dNvi1...,1443659.253055875,,,,False,5481350,0.911449262077184,0,5H6Dezn7...,0.179995422293431,1.1370768597366971,0.9324082301883019,0.613215321226919,,COUNTER,955826.800660908,6970.543419914,0.0,DIVERGENT,-1.0,2.1779860446185313,1295.967040512703,13574.61335476,0.0052188066578997185,13574.61335476,0.0052188066578997185,0.0,FORTRESS,True,True,0.05218806657899719,,,16962.833347623993,0.006521419453938371,30.0
90,58,56,95,125,Refinery,2026-10-07,9233016,0.002716492,0.002717215334996581,-0.0002662045172735451,IN BAND,False,True,6.9321e-05,5414.099700587,2556074.057645613,1.0,1993047.679817153,243626.673875315,-0.00024021262101779379,306.177380253328,ACCUMULATING_PRE_EMA,0.0,,,,0.033648362253145866,-1.1199895208355186,-0.0032388216268281317,-2.124981665628897,-1.0082309664202065,-1.0049921447933783,1.0281392247377361,1.038640507046524,1,0.0,,0.0,0.0,1.5259021896696368e-05,0.002118131000309866,-0.2202697448364045,5DTzv2rL...,33695.1429984,,,,False,5834408,1.0,203,5HNaCr7K...,0.0,0.5398716157283575,0.5398716157283575,0.4047001373416756,,COUNTER,1305773.13013795,0.0,0.0,OK,0.0,0.0,1295.967040512703,226023.662897553,0.08842610104409192,226023.662897553,0.08842610104409192,0.0,DORMITORY,True,True,0.8842610104409191,,,14503.163351568997,0.00567399966686716,30.0
91,55,49,10,67,Harnyx,2026-10-07,9233016,0.003441194,0.003460682462900877,-0.005631392972281303,IN BAND,False,False,0.000173024,2653.181731937,1000098.717605647,1.0,771006.157957951,69184.936951428,0.00015566218436049352,4211.546790516819,,0.0,,0.04523493425842703,0.04523493425842703,0.1713818041661373,-2.922840497090752,-0.06851528116275585,-3.897316454602022,-1.0429912386740257,-0.9744759575112698,2.627740595740127,1.145857761677407,1,0.008121902530782826,MINER_BURN_ONLY,64.21075253200252,61.41798530838156,0.0009460593575951748,0.0026529198420422203,-0.22906995593906637,5HEAv3TU...,1115861.330153241,,,,False,7236936,0.003375437203121834,246,5HGnF3Wr...,0.0,0.6891476948340305,0.6891476948340305,0.008347067081731063,,COUNTER,281338.123335124,6279.314248273,0.0,DIVERGENT,0.7091030392030923,0.047391626012405166,1295.967040512703,522.283347221,0.0005222317937487284,522.283347221,0.0005222317937487284,0.0,NEITHER,False,True,0.005222317937487284,,,30082.776644538,0.030079807237989142,30.0
92,61,80,96,23,Trishool,2026-10-07,9233016,0.005391711,0.0053364890627563,0.010347990334899755,IN BAND,False,True,2.103e-06,8394.083299223,4609134.185109628,1.0,1556849.559293719,629894.031488697,3.250270980840306e-05,-7467.746659340104,DISTRIBUTING_PRE_EMA,0.0,,,0.006028273735072792,0.0006584023297114026,0.5982702133390203,0.12590054907461368,-0.5799546811958163,-1.052324345460223,-1.1782248945348366,0.5701721612900912,1.178883296864548,1,0.33438377404922187,,2408.592592452187,2408.502503186909,3.0518043793392735e-05,0.0018211844051624951,-0.6622251442700666,5CqTRwoF...,1481582.477588238,0.11245268298548856,,,False,2063528,0.7894190713075855,188,5HKsvivb...,0.0899977111467155,0.8549567701548768,0.7780126177115494,0.386220051884633,,COUNTER,1221169.79620885,0.055431535,0.0,DIVERGENT,-1.0,1.858459689093691,1295.967040512703,826665.286725647,0.17935370365139083,826665.286725647,0.17935370365139083,0.0,FORTRESS,True,True,1.7935370365139087,0,,12148.153845519004,0.0026356693811963863,30.0
93,59,14,97,8,Vanta,2026-10-07,9233016,0.029571925,0.02953269495628774,0.0013283597643331518,IN BAND,False,False,0.004031282,82335.362747525,3441591.881720335,1.0,2784240.867179716,1446404.461599204,-0.008329727580013033,-3707.1180268982425,,0.0,,,,0.12867143281418847,1.7955580722062525,0.016161710466053344,0.6385920210727771,-1.140804340667422,-1.1569660511334754,0.7636001275916399,1.2856374839476639,1,0.04183610507202235,,345.21056514501106,342.282664023473,0.0009918364232852639,0.023923627663361507,-0.19100201750946183,5F6tnxzA...,18522.057972703,0.18365597486285298,,,False,1477264,0.9574308843745227,174,5CM9pBQo...,,19.63101869416791,19.63101869416791,0.0,,COUNTER,802781.976330085,0.0,0.0,DIVERGENT,-1.0,0.26411371070676387,1295.967040512703,607572.25425667,0.17653814721139022,607571.159893335,0.1765378292296618,1.0943633350543678,FORTRESS,True,True,1.7653782922966184,0,,18845.505073909015,0.005475810532330982,30.0
94,60,23,98,56,Gradients,2026-10-07,9233016,0.014933017,0.014921198133379221,0.0007920856297953483,IN BAND,False,False,0.002047461,49569.318071351,2864938.496906184,1.0,3319444.318136217,2867746.200693712,-0.009019599530651996,-1684.707458036486,,0.0,,,,0.10854955680961519,-1.0366441840822784,0.009637041829176738,-2.2146640196392235,-1.1683827937277684,-1.1780198355569451,0.9172971785739724,1.2865693923665602,1,0.0,,0.0,0.0,0.00012207217517357094,0.01730205312430978,0.15864417246091525,5EJ1zbdw...,15221.214437081,0.0031113031547173107,,,False,4312927,0.23721519373693278,26,5HbScNss...,0.0899977111467155,0.7899715032233141,0.7188758760620857,0.02037234854265222,,COUNTER,841047.343861356,0.0,0.0,OK,0.0,0.0,1295.967040512703,264724.185506575,0.09240135025322455,264724.185506575,0.09240135025322455,0.0,DORMITORY,True,True,0.9240135025322457,,,24701.112193546,0.008621864734695164,30.0
95,62,3,11,107,Minos,2026-10-07,9233016,0.038884401,0.03893614700064063,-0.0013289964371610867,IN BAND,False,False,0.011816304,20835.230626161,1715221.347565815,1.0,535825.360540713,616231.587538001,0.001226016808458981,-3060.937400759314,DISTRIBUTING_PRE_EMA,0.0,,0.031529785130520106,0.031529785130520106,1.4904201191326925,-3.3652489466884643,-0.016169456652126553,-4.580347724354111,-1.2312682343177725,-1.215098777665646,1.532163766343959,2.7055188967983383,1,0.0,,0.0,0.0,0.0001373311970702673,0.012147254729385023,-0.6876059700807782,5DA2vLrS...,1151259.647093421,0.0,,,False,7457580,0.0,31,5DZStHLC...,0.179995422293431,0.8489727346636358,0.6961615287722457,0.025210212272429002,,COUNTER,406798.248425295,11728.725039684,0.0,OK,0.0,0.0,1295.967040512703,41164.694002343,0.023999639498868505,41164.694002343,0.023999639498868505,0.0,DORMITORY,False,True,0.23999639498868505,,,31647.299295515997,0.018450854369570894,30.0
96,66,22,99,49,Nepher Robotics,2026-10-07,9233016,0.009191729,0.009042550809681416,0.016497357157105035,IN BAND,False,False,0.002257036,4836.729161068,2493035.319080315,1.0,526204.559393392,205621.677326016,-3.683535129229573e-05,-10503.761834693025,,0.0,,,,1.2263433428822104,0.2441607937313416,0.20071784541144458,-1.375863112725296,-1.419306061045193,-1.6200239064566377,1.0541366902774059,2.846367249338848,1,0.06450239653694619,SKIN_IN_GAME,578.5904629920842,578.455329094167,4.57770656900891e-05,0.0019400965257292376,-0.7889301865047111,5FL781vf...,1803636.280299368,0.21853458230868095,BUYBACK_GAMING,,False,6783158,0.7030153207593237,213,5CPtyBct...,0.179995422293431,3.6052795995979143,2.956345775582396,0.0,,COUNTER,794586.146282696,837.682351088,0.0,DIVERGENT,-0.6874857840279398,0.44635033994793716,1295.967040512703,512815.871872598,0.20569940102644702,512815.871872598,0.20569940102644702,0.0,FORTRESS,False,True,2.05699401026447,0,,24701.81716360999,0.00990833020878442,30.0
97,63,77,100,123,MANTIS,2026-10-07,9233016,0.002270422,0.002267879666760564,0.001121017696264026,IN BAND,False,True,2.826e-06,5597.210916776,2053978.788497918,1.0,2465273.122695051,552239.176705069,-0.0026115959502149458,-1242.8988516428508,,0.0,,,,0.0013268622730904349,-0.1690551482193266,0.013639048637878983,-1.6488337366988512,-1.4661395398416457,-1.4797785884795247,1.2794679354609428,1.4811054507526151,1,0.19985790722691174,SKIN_IN_GAME,1446.4440618809895,1440.7684381684694,0.0019226367589837423,0.0027250577990969712,0.20024286194239285,5HVuEdEG...,1685695.58661894,6.527849216571912,BUYBACK_GAMING,,False,5794330,0.5245608402513415,158,5Dszzjqs...,0.179995422293431,3.9519909736085204,3.2406506894140272,0.0,,COUNTER,332490.965981843,8560.983387542,0.0,DIVERGENT,-0.8954980777953555,1.1117323150428893,1295.967040512703,350656.879907587,0.17072078926580525,350656.879907587,0.17072078926580525,0.0,FORTRESS,True,True,1.7072078926580523,0,,15106.650915354998,0.007354823233789354,30.0
98,65,21,101,75,Hippius,2026-10-07,9233016,0.015890896,0.015716965775936842,0.01106639961826806,IN BAND,False,False,0.002318609,32187.495322734,3726673.094426951,1.0,2025530.57195478,1586166.741241037,-0.01292806119265099,-9965.920368149178,,0.0,,,,0.18930657359028194,-0.6040660874540863,0.1346411953555947,-2.2078859549752505,-1.4691786721655693,-1.6038198675211641,0.7051866191134499,1.793126441111446,1,0.0,,0.0,0.0,0.0025024795910582043,0.008637058981875485,-0.4564775339366966,5DAQpczE...,1535834.4719263061,0.22777961099568628,BUYBACK_GAMING,,False,5102795,0.0,0,5G1Qj93F...,0.0,0.2927370396083827,0.2927370396083827,0.40075386470112473,,COUNTER,784604.879643725,0.0,0.0,OK,0.0,0.0,1295.967040512703,553109.08174977,0.14841899671235353,552609.767120331,0.14828501269583602,499.3146294390317,DORMITORY,True,True,1.4828501269583603,0,,44760.990219523,0.012010978447897879,30.0
99,64,72,102,47,GPUForge,2026-10-07,9233016,0.001712826,0.0017180412542074919,-0.003035581476707684,IN BAND,False,True,1.1405e-05,988.096236257,1571283.910771708,1.0,576880.70731776,54805.147097342,1.9567391779975152e-05,848.0417664621491,,0.0,,,0.011424039441236385,0.03033342188766754,-7.962505374304588,-0.036932907966610154,-9.464565215815458,-1.538992749477479,-1.502059841510869,1.6725176029514008,1.5323932633985367,1,0.0,,0.0,0.0,0.0,0.0006288464035577849,-0.632860311813468,5D7yqC9y...,1104995.900015536,,,,False,7340355,1.0,1,5E2LP6En...,0.0,0.6103511887605672,0.6103511887605672,0.23204284994887917,,COUNTER,682725.854146639,52.790049364,0.0,OK,0.0,0.0,1295.967040512703,73362.023723611,0.04668922224728983,1082.01056104,0.0006886155669401528,72280.01316257099,NEITHER,False,False,0.5689593027326995,,,24858.533882241,0.01582052340243984,30.0
100,67,25,103,34,BitMind,2026-10-07,9233016,0.012120735,0.012083551846444607,0.003077170854059298,IN BAND,False,False,0.001749506,35426.659915206,2902555.239541475,1.0,2922814.540808018,640713.866852235,-0.0033068888932364145,-6877.662045701407,,0.0,,,,0.12978084242219382,1.462197054784575,0.03743891205772146,-0.2594045256138071,-1.6841626683406608,-1.7216015803983822,0.9054091251042486,1.851382422820576,1,0.009672540077933386,SKIN_IN_GAME,82.5773156969808,79.69445920808175,0.0009765774013885675,0.012205335296496355,0.006979799203295357,5DthmKBR...,3047337.50427206,0.9648445287846333,BUYBACK_GAMING,,False,3493948,0.04018573108704615,72,5E2LP6En...,0.0,0.3296472838996978,0.3296472838996978,0.0015565389897756754,,COUNTER,360444.24514758,70194.435210903,0.0,DIVERGENT,0.8237685510687668,0.06149420218013684,1295.967040512703,136195.166598989,0.04692250632945891,136195.166598989,0.04692250632945891,0.0,DORMITORY,True,True,0.4692250632945922,,,14214.448432538997,0.004897218919004792,30.0
101,70,9,104,114,SOMA,2026-10-07,9233016,0.020989112,0.02005046559497714,0.04681419494108912,IN BAND,False,False,0.006137327,9181.693442609,1940527.152604049,1.0,437450.513678941,281456.307303624,-0.00033109223172571404,-11755.626319975127,,0.0,,,,1.7566362302134253,4.756280597109019,0.5695727051165843,2.4729523674643072,-1.713755524528128,-2.283328229644712,1.3542711816597934,4.039964459858138,1,0.0,,0.0,0.0,4.57770656900891e-05,0.004731545977229858,-0.7745714074406835,5FHrQMjz...,1226841.050063762,0.36846451038861605,BUYBACK_GAMING,,False,7312241,0.0,3,5G9hfkx9...,0.009994659342336155,0.5208438054844451,0.515638149078062,0.018357723825365095,,COUNTER,373811.447473431,13816.272943106,0.0,OK,0.0,0.0,1295.967040512703,146039.760277138,0.0752577772906517,146039.760277138,0.0752577772906517,0.0,DORMITORY,False,True,0.752577772906517,,,32064.837539076998,0.016523776797479114,30.0
102,68,63,105,6,Numinous,2026-10-07,9233016,0.002297182,0.002295293379575014,0.0008228231047900365,IN BAND,False,True,3.5841e-05,7450.59160594,2697134.548075545,1.0,3243360.567491855,705267.107096509,-0.004023880888700968,-6926.721151407808,,0.0,,,,0.012641968984705416,0.8169035630848349,0.01001101444161211,-1.1191826490383814,-1.9260751976816042,-1.9360862121232163,0.9743674085058627,1.9487281811079218,1,0.0,,0.0,0.0,0.0014801251239795477,0.00276241005894798,0.20252120160613307,5CfSg4e2...,109001.574372532,0.21813025690258342,BUYBACK_GAMING,,False,3219949,0.08441578287844986,104,5CsvRJXu...,0.0899977111467155,0.8238936695150217,0.7497451250304014,0.0007783051261312132,,COUNTER,185360.665463109,0.0,0.0,OK,0.0,0.0,1295.967040512703,662466.459537209,0.2456186177326196,662466.459537209,0.2456186177326196,0.0,DORMITORY,True,True,2.456186177326196,0,,12662.338368679002,0.004694737375157577,30.0
103,69,62,106,40,Ralph,2026-10-07,9233016,0.002301889,0.0023306701332330704,-0.012348866028992921,IN BAND,False,True,3.806e-05,1393.741344559,484929.541718961,1.0,605477.042811681,81223.71801692,-1.8552276038102824e-06,4613.125725560705,ACCUMULATING_PRE_EMA,0.0,,,,0.07176487975367359,-6.247967424162139,-0.15024453668608054,-8.356688508242534,-2.258965620766477,-2.108721084080396,5.419343995179917,2.1804859638340695,1,0.0,,0.0,0.0,0.0,0.0028741110298591325,0.24858802047324277,5HeKCDfd...,823751.189223865,,,,True,8409860,0.0,6,5E2LP6En...,0.0,0.8207687984670923,0.8207687984670923,0.23626625160227063,,COUNTER,22349.634720453,0.042920633,0.0,OK,0.0,0.0,1295.967040512703,22427.898380107,0.04624980837547117,22427.898380107,0.04624980837547117,0.0,DORMITORY,False,True,0.4624980837547117,,,46086.33378471001,0.09503717513547394,30.0
104,71,61,107,26,Perturb,2026-10-07,9233016,0.002363881,0.0023560053668916225,0.0033427908183282624,IN BAND,False,True,3.971e-05,1666.562640966,1014351.276942068,1.0,705011.129667361,72662.622442346,-0.00014188253281285655,868.7029638247332,ACCUMULATING_PRE_EMA,0.0,,,,0.06261863636851382,-1.1298102803978705,0.040670621622993855,-3.4667783159143264,-2.296297413893462,-2.336968035516456,2.5908184469610434,2.39958667188497,1,0.0,,0.0,0.0,3.0518043793392735e-05,0.0016429837264957485,-0.3049634366130323,5FsVAEPM...,1472005.285441019,,,,False,8123781,0.7626234111058551,143,5CDK1b4s...,0.179995422293431,0.5908240651861743,0.4844784380718672,0.10152292010010376,,COUNTER,126702.64959091,1668.571827101,0.0,OK,0.0,0.0,1295.967040512703,32396.531697852,0.0319381780594951,29661.731469214,0.029242070418281783,2734.8002286379997,DORMITORY,False,True,0.2924207041828272,,,33389.60251720401,0.032917198682750774,30.0
105,72,60,108,96,Verathos,2026-10-07,9233016,0.004262605,0.004279932007193565,-0.004048430480774619,IN BAND,False,True,4.3475e-05,2578.148563619,894318.029202208,1.0,604829.4537412,101116.222186398,0.0007914143622985852,1531.0409638526617,,0.0,,,0.18566448505047622,0.04431563859905021,-3.6083082269300033,-0.04925590418275787,-6.002646174667673,-2.4435938519204274,-2.3943379477376694,2.93855196271102,2.4386535863367196,1,0.17261286919340077,MINER_BURN_ONLY,1257.1552468120353,1255.4885954043905,0.0005645838101777656,0.0028828095592782384,-0.3236977014576208,5CGq1JQh...,701717.296482811,,,,False,7692872,0.4593422699929769,66,5GTn5Pfe...,,4.280365840128127,4.280365840128127,0.0,,COUNTER,283235.260382361,7897.141864024,0.0,DIVERGENT,-1.0,0.9687658375229213,1295.967040512703,216707.60494711,0.2423160418005078,216707.60494711,0.2423160418005078,0.0,FORTRESS,False,True,2.4231604180050788,0,,33286.668124211006,0.03722016893017908,30.0
106,73,16,109,3,Teutonic,2026-10-07,9233016,0.025883257,0.025809449376538396,0.002859713215296153,IN BAND,False,False,0.003528792,76396.54784053,3273530.047493309,1.0,2951581.642471544,3571463.342353169,-0.03954664999786193,-17376.875459570903,,0.0,,,,0.12138853964131772,-3.2820301282379223,0.034793177452769865,-6.045777609117625,-2.7289543034269323,-2.7637474808797022,0.8028030785947358,2.88513602052102,1,0.0,,0.0,0.0,7.629510948348184e-05,0.0233376650686406,-0.0983489802446191,5GsGUrd2...,3098722.881599294,0.5734913731425124,BUYBACK_GAMING,,False,4165565,0.8,244,5EtUYRu7...,0.09999237048905166,0.3133542334511218,0.2820212008455644,0.013092640349137076,,COUNTER,578475.334942498,0.0,0.0,OK,0.0,0.0,1295.967040512703,387127.557095199,0.11825996752088475,387030.259000609,0.11823024483828266,97.2980945900199,DORMITORY,True,True,1.182302448382829,0,,22939.570931325994,0.007007594431244604,30.0
107,74,57,110,78,Umi,2026-10-07,9233016,0.003867854,0.003859490854665637,0.002166903783242029,IN BAND,False,True,6.5473e-05,1481.601421079,1132413.568269151,1.0,383055.290491182,190937.830280553,0.0001379181554245564,-1535.815031418344,DISTRIBUTING_PRE_EMA,0.0,,,0.0356575391482089,0.11613315264957855,6.748473442566435,0.026363996029444683,3.9568274198622824,-2.765282026674708,-2.7916460227041524,2.3207069163051384,2.9077791753537308,1,0.1290343536012484,MINER_BURN_ONLY,949.1431010170054,944.7737716510178,0.0014801251239795477,0.0013083571785028757,-0.6617356346690243,5GvYz1tB...,548654.654149189,0.0,,,False,7966145,0.30668724594272445,200,5E2LP6En...,0.0,0.895803956941803,0.895803956941803,0.7652058473464155,,COUNTER,94932.892330215,8107.779671713,0.0,DIVERGENT,-1.0,0.7290106477378095,1295.967040512703,55165.509264073,0.04871498435716492,55165.509264073,0.04871498435716492,0.0,FORTRESS,False,True,0.48714984357165164,,,33419.271541066984,0.029511542847501383,30.0
108,77,31,111,14,Cacheon,2026-10-07,9233016,0.008871121,0.00874318671412766,0.014632454968120151,IN BAND,False,False,0.001234199,24787.934954815,3286312.010983158,1.0,2794228.005194075,2665594.709627808,-0.012349965626037119,-21331.226810057648,,0.0,,,,0.13084893832069552,0.09540669671044597,0.1780282021121285,-3.1052842197458967,-3.022662714344214,-3.2006909164563426,0.7996806119494989,3.3315398547770383,1,0.0,,0.0,0.0,4.57770656900891e-05,0.00754278196104674,-0.1497374501997278,5CKhH8nK...,1712114.521096827,0.0,,,False,4848444,0.5566440822804126,243,5DZYnuVE...,,0.4318652331225621,0.4318652331225621,0.010498687664041996,,COUNTER,1226758.860637625,526.080568229,0.0,OK,0.0,0.0,1295.967040512703,55586.463366503,0.016914542253056896,50037.456218641,0.015226021160319288,5549.007147862001,DORMITORY,True,True,0.15226021160319297,,,17972.229839883996,0.005468814214785189,30.0
109,75,81,112,16,kenju,2026-10-07,9233016,0.001006107,0.001019519055262208,-0.013155276689515683,IN BAND,False,True,1.425e-06,337.550129039,574341.01997593,1.0,335501.015179878,81283.431540443,0.000900611716787907,2819.5879681120277,,0.0,,,0.895145065870635,0.011094352150484054,-2.2971663500883257,-0.16005586638910746,-5.206140615197606,-3.0690301314983874,-2.90897426510928,4.57567874937809,2.9200686172597643,1,0.0,,0.0,0.0,0.0,0.0005877172573415466,-0.4158501458179432,5FkKY8WJ...,617190.674228443,,,ENTRY_REPEATED,True,8460646,1.0,1,5E2LP6En...,0.0,0.7468322073348872,0.7468322073348872,0.4615009002960296,,COUNTER,63578.799840379,0.04568655,0.0,OK,0.0,0.0,1295.967040512703,7333.737256624,0.012768959558088589,0.0,0.0,7333.737256624,NEITHER,False,False,0.11326459791980262,,,52475.880532686984,0.09136711240803624,30.0
110,79,85,113,22,Desearch,2026-10-07,9233016,0.003057997,0.0030453000217676163,0.004169368581626215,IN BAND,False,True,8.42e-07,7589.597235478,3732916.806023171,1.0,2481885.081921382,275078.77481189,-0.0015173520545156394,-26503.025962868705,,0.0,,,,0.0002915538112689636,2.004774652109235,0.05072731774311894,-1.3168847397798111,-3.270932074145927,-3.321659391889046,0.7040071173725717,3.321950945700315,1,0.3015359055324933,SKIN_IN_GAME,2176.9721888320055,2171.656922180598,0.0018005645838101714,0.0020331546696224145,-0.33513516539669114,5DFuaMas...,1939099.985579058,0.5049340480714293,BUYBACK_GAMING,,False,2009702,0.7077518076341012,131,5E2LP6En...,0.0,0.3936819232139544,0.3936819232139544,0.13382979048084112,,COUNTER,1278970.599168272,0.0,0.0,DIVERGENT,-0.9828411104256756,1.6757038213884357,1295.967040512703,763677.586285475,0.20457932120353142,763677.586285475,0.20457932120353142,0.0,FORTRESS,True,True,2.0457932120353144,0,,11633.880072762,0.003116565591279825,30.0
111,76,74,114,92,Available,2026-10-07,9233016,0.001382924,0.001395445317029953,-0.00897299011085809,IN BAND,False,True,4.987e-06,594.67593162,630178.923617398,1.0,430013.283488561,81845.241515072,-2.6195570558567144e-05,1929.8642132920795,ACCUMULATING_PRE_EMA,0.0,,,,0.02203861852000204,-1.8887568073434693,-0.10917137968210676,-5.059535397112889,-3.279949969451526,-3.1707785897694194,4.17024419813117,3.1928172082894215,1,0.0,,0.0,0.0,0.0,0.0009436620447513522,-0.3176327515095897,5E9LPDS2...,699118.922884162,,,,False,8352006,1.0,1,5E2LP6En...,0.0,0.8103727320169265,0.8103727320169265,0.34503227381624524,,COUNTER,233927.13143919,0.041020142,0.0,OK,0.0,0.0,1295.967040512703,44207.580042218,0.07015083873077585,44207.580042218,0.07015083873077585,0.0,DORMITORY,False,True,0.7015083873077719,,,48151.91166753497,0.07640990496973452,30.0
112,80,34,115,41,Almanac,2026-10-07,9233016,0.007516459,0.007446071598678827,0.009452957897109308,IN BAND,False,False,0.001071345,15505.390262975,3848808.4699075,1.0,2062858.246554605,1661675.530809379,-0.002647854639532984,-29252.632134983316,,0.0,,,,0.18158167013203538,-0.4964853643978021,0.11501098774816325,-3.920225583385817,-3.3087292312398517,-3.423740218988015,0.6828087239329839,3.60532188912005,1,2.3639794978668505,MINER_BURN_ONLY,19449.995848488063,19446.662545672774,0.0011291676203555312,0.004028620905458475,-0.46402675708621904,5FCSevLk...,27530.472513072,0.02401733553848129,,,False,3394182,1.5276271367659078e-05,228,5HbScNss...,0.0899977111467155,0.3181088802707081,0.2894798091508998,0.010636349763467114,,COUNTER,1057303.70631419,0.0,0.0,DIVERGENT,-1.0,15.005522469135787,1295.967040512703,271111.945633162,0.07044048768674575,271111.945633162,0.07044048768674575,0.0,FORTRESS,True,True,0.7044048768674575,,,35651.202828808,0.009262919448331191,30.0
113,78,38,116,91,cascade,2026-10-07,9233016,0.004672853,0.004804519936442375,-0.027404805929449622,IN BAND,False,False,0.000577514,3219.406248376,1196784.071035565,1.0,688959.427141582,194960.965196156,-0.00013977869327964234,-4129.270282720914,,0.0,,,,0.4714244413129263,0.027397781523283614,-0.3334251388083037,-3.261840693267774,-3.6226636135993613,-3.2892384747910577,2.195884841386649,3.760662916103984,1,0.0,,0.0,0.0,1.5259021896585345e-05,0.0026900477089323895,-0.42432434554812887,5HEe7NjS...,475071.751868527,0.30218485366424064,BUYBACK_GAMING,,False,7633645,0.5161290322580645,2,5G9hfkx9...,0.009994659342336155,0.6998638972956212,0.6928689960561517,0.007202588048586951,,COUNTER,399376.775480423,9542.545852108,0.0,OK,1.0,0.0,1295.967040512703,152159.491459508,0.1271403047066343,152159.491459508,0.1271403047066343,0.0,DORMITORY,False,True,1.2714030470663429,0,,35586.444253258,0.02973505840737453,30.0
114,82,50,6,18,Zeus,2026-10-07,9233016,0.003790152,0.0037471193354576826,0.01148419911133187,IN BAND,False,False,0.00015977,9889.934265863,3297873.567763643,1.0,2609376.510623252,888835.716240342,0.00033872464815844845,-26572.9756333502,DISTRIBUTING_PRE_EMA,0.0,,0.08936967387019001,0.08936967387019001,0.04245483829445468,-3.3023251552774253,0.1397244225212044,-7.074458625016796,-3.6324090472181654,-3.77213346973937,0.7968771227885797,3.8145883080338243,1,0.012854958206484364,SKIN_IN_GAME,96.9077411290491,96.45729480265862,0.00015259021896696368,0.002998882177453992,-0.2087699444629155,5GgvCi6h...,2177077.140051871,0.6700302084139651,BUYBACK_GAMING,,False,1604679,0.09877146127432279,84,5DCSySUE...,0.179995422293431,0.3481690969141406,0.28550025328555734,0.6047611780863726,,COUNTER,343555.678512027,30745.295806132,0.0,DIVERGENT,-1.0,0.0744288178536537,1295.967040512703,472285.796249436,0.14320918814656164,375000.0,0.11370963510111012,97285.79624943598,DORMITORY,True,True,1.1370963510111012,0,,15441.593051417996,0.004682287763350875,30.0
115,83,76,117,71,Leadpoet,2026-10-07,9233016,0.00425769,0.004168480634689331,0.021400930729600785,IN BAND,False,True,3.221e-06,5195.40626887,4658002.809572331,1.0,1220240.416918648,1442449.332728193,-0.0022417272015353455,-43379.27123860177,,0.0,,,,0.0016292831709272836,7.310773648222518,0.2603779905434762,3.2922981503628117,-3.7580975073162297,-4.018475497859706,0.5641902994561068,4.020104781030633,1,0.3011189951041974,SKIN_IN_GAME,2169.7420418879483,2169.6969972553093,1.5259021896696368e-05,0.0011153720771042235,-0.7380335165067857,5DwHzMhB...,2990515.999495891,0.8463257204308267,BUYBACK_GAMING,,False,5048438,0.7000030518509477,0,5FNVgRnr...,0.0,0.4918323656313951,0.4918323656313951,0.6650999542194415,,COUNTER,1025118.2470897,0.0,0.0,DIVERGENT,-1.0,1.6741914951764099,1295.967040512703,63565.086413894,0.013646425090870686,63565.086413894,0.013646425090870686,0.0,FORTRESS,True,True,0.13646425090870684,,,22873.307283772,0.004910539606538384,30.0
116,81,82,118,99,Thirty Spokes,2026-10-07,9233016,0.001007372,0.0010175742208957672,-0.010026021381306364,IN BAND,False,True,1.414e-06,394.443807182,420359.413242262,1.0,391557.195247476,33535.231049751,,3215.2845558993286,,,,,,0.009420840008993745,-8.222793424319542,-0.12198326013922743,-11.863794872495493,-3.7629847083151784,-3.641001448175951,6.2517929115231405,3.650422288184945,1,0.0,,0.0,0.0,1.5259021896696368e-05,0.0009383489336889756,-0.06851795196910819,5DebFXsw...,1105167.718498137,,,,True,8572056,0.14999847407452627,18,5CkCPddn...,,9.229625562537946,9.229625562537946,0.0,,COUNTER,94717.016826704,0.012273672,0.0,OK,0.0,0.0,1295.967040512703,0.0,0.0,0.0,0.0,0.0,NEITHER,False,,,,,63118.07733603602,0.15015264401765577,30.0
117,87,26,3,61,RedTeam,2026-10-07,9233016,0.012868692,0.012266080593690276,0.04912827709771522,IN BAND,False,False,0.001747785,15040.019434387,5083873.351606808,1.0,1168729.440180682,882941.38713454,0.001606769924520486,-58989.74521228322,DISTRIBUTING_PRE_EMA,0.0,,0.12485883759751855,0.12485883759751855,0.30539714393575235,9.791326626726564,0.5977273713555352,5.23567237128361,-3.9579268840874184,-4.5556542554429535,0.5169286916184478,4.861051399378706,1,0.0,,0.0,0.0,0.0009765774013885675,0.0029583780700660955,-0.7701104300214743,5ECEsYL8...,,,,,False,4457976,0.0,217,5G9hfkx9...,0.009994659342336155,0.25294425522265507,0.25041616355910373,0.021746429007447197,,COUNTER,808370.14496251,0.0,0.0,DIVERGENT,1.0,0.0,1295.967040512703,1021287.884224886,0.20088775104952172,1021287.884224886,0.20088775104952172,0.0,DORMITORY,True,True,2.0088775104952172,0,,37374.37588101403,0.007351555260360979,30.0
118,84,1,2,51,lium.io,2026-10-07,9233016,0.098994562,0.09852279117330909,0.0047884435781059605,IN BAND,False,False,0.013777727,169030.347090675,4370471.691999475,1.0,1707471.076703329,2234363.776370127,0.015805744069074572,-42192.280025069835,DISTRIBUTING_PRE_EMA,0.0,,0.15966275065770352,0.15966275065770352,0.21420926584607067,2.1659898041356205,0.05825939686695585,-1.892668783179626,-4.000399190448291,-4.0586585873152465,0.6013080933142253,4.272867853161317,1,0.0,,0.0,0.0,0.0006408789196612474,0.03867553870674866,-0.6093165328945174,5FqACMtc...,216.588029224,0.0,,,False,3966206,0.8572824576672317,189,5GP7c3fF...,0.0009918364232852674,0.29325000653213057,0.29295915049452337,0.1694643674652831,,COUNTER,1233976.156315166,47834.295633396,0.0,OK,0.0,0.0,1295.967040512703,530511.811943812,0.12138548178105342,528247.246761458,0.12086733057405684,2264.565182353952,DORMITORY,True,True,1.2086733057405683,0,,16331.846124156002,0.0037368612074648267,30.0
119,85,65,119,106,Nodexo,2026-10-07,9233016,0.002255635,0.0022303133737295866,0.011353393908081233,IN BAND,False,True,3.2013e-05,5788.915804789,2439746.454027523,1.0,2566423.437218321,368216.97785985,-0.0008091572467977437,-20621.17706065392,,0.0,,,,0.014532974193613523,5.387621776095847,0.13813295921498833,1.1502416563922493,-4.09924716048861,-4.237380119703598,1.077161110598894,4.251913093897212,1,0.0,,0.0,0.0,6.103608758678547e-05,0.002372753035559364,0.05192242342372053,5CTdHCps...,1035016.715535019,1.0836060183099931,BUYBACK_GAMING,,False,5558480,0.35285590026094515,31,5E4vCZrj...,0.0,0.44006401269559803,0.44006401269559803,0.03380285988981641,,COUNTER,838637.534343767,0.0,0.0,OK,0.0,0.0,1295.967040512703,347095.662489326,0.14226710399203243,347095.662489326,0.14226710399203243,0.0,DORMITORY,True,True,1.4226710399203248,0,,15097.442214579005,0.006188119339063374,30.0
120,88,42,120,102,ConnitoAI,2026-10-07,9233016,0.005499893,0.0053606240544468164,0.025979987430316986,IN BAND,False,False,0.000305863,3376.81766936,1072284.23723441,1.0,613978.747722546,243747.145202041,-9.995717380745074e-05,-6644.408720928361,,0.0,,,,0.23803712332278334,-1.7260395785870717,0.3160898470688567,-6.34016285978705,-4.2980334341311215,-4.614123281199978,2.4508427045221017,4.8521604045227615,1,0.10197264384498607,MINER_BURN_ONLY,775.3042902110028,775.0340224151685,9.15541313801782e-05,0.0031491814876150235,-0.42741040823611953,5HBc11rC...,832931.08237365,0.0,,,False,7840965,0.25011826824764605,0,5EEinUEy...,0.179995422293431,0.9555609706452934,0.783564370206873,0.48857827354157446,,COUNTER,161364.98883886,7309.092357836,0.0,DIVERGENT,-0.7711976437435789,0.5980352880799761,1295.967040512703,2002.340459168,0.0018673597817052238,2002.340459168,0.0018673597817052238,0.0,EXPOSED,False,True,0.018673597817052235,,,31402.960364990005,0.02928604121420566,30.0
121,86,88,121,127,Astrid,2026-10-07,9233016,0.002164348,0.0021370998583734035,0.012750055417314759,IN BAND,False,True,2.05e-07,2925.713534597,2999617.521723336,1.0,1351775.435774365,601669.292003504,-0.0011311304522673383,-28825.229089780943,,0.0,,,,0.00018413969571159957,-3.029301752922675,0.15512567424399623,-7.486987743523445,-4.3025603163567725,-4.457685990600769,0.876111697897459,4.457870130296481,1,0.3040331318488829,,2189.336122218054,2189.246032952776,3.051804379328171e-05,0.0009753621964830113,-0.5493505681697161,5FU4uxAd...,1546449.207000301,0.10622888222605309,,,False,5848837,0.8825172050722537,0,5EKrpcqV...,0.179995422293431,0.9050617279639677,0.7421547600374709,0.5927299363640526,,COUNTER,1299113.986082694,203.185912805,0.0,DIVERGENT,-1.0,1.689276011283959,1295.967040512703,5535.674552263,0.0018454601335581783,5535.674552263,0.0018454601335581783,0.0,EXPOSED,True,True,0.018454601335581782,,UNDEFENDED_BURNER,16102.797327444994,0.005368283526425609,30.0
122,89,78,122,70,SN70,2026-10-07,9233016,0.00116644,0.0011423472315073013,0.021090582467564376,IN BAND,False,True,2.245e-06,247.86563377,297350.775196986,1.0,212497.577200301,15740.691374548,,-258.50046462612227,,,,,,0.02380265432631379,-7.94303832292784,0.2566020866886999,-17.546784310371372,-9.347143900754833,-9.603745987443533,8.838046573979936,9.627548641769847,1,0.0,,0.0,0.0,0.0,0.0008335799145161012,-0.2853640868659329,5Cz1mjiJ...,625077.218360449,,,,True,8825571,1.0,1,5E2LP6En...,0.0,0.9326225572068138,0.9326225572068138,0.4576403088473159,,COUNTER,114390.63833428,0.0,0.0,OK,0.0,0.0,1295.967040512703,0.0,0.0,0.0,0.0,0.0,NEITHER,False,,,,,56239.48413724897,0.18913515224566674,30.0
123,90,83,123,103,Deprecated,2026-10-07,9233016,0.000946088,0.0009418858680874109,0.004461402442656761,IN BAND,False,True,1.038e-06,295.357555483,277352.285790395,1.0,312188.184721475,37936.03515113,,-442.7794070802629,,,,,,0.009235802333003156,-6.413162316377834,0.05428039638565725,-16.99138589032506,-10.523943177561568,-10.578223573947225,9.4753140126852,10.58745937628023,1,0.0,,0.0,0.0,0.0,0.0010649184110428144,0.12560185843474853,5H3SQ4du...,1125665.343755172,,,,True,8762380,1.0,103,5H6VKx1U...,,0.9091302413697978,0.9091302413697978,0.01817377239295633,,COUNTER,60139.256694016,0.014698804,0.0,OK,0.0,0.0,1295.967040512703,0.0,0.0,0.0,0.0,0.0,NEITHER,False,,,,,69647.21906073498,0.2511146387788196,30.0
124,91,36,124,85,Vidaio,2026-10-07,9233016,0.006004602,0.005823993356898427,0.031011134806265758,IN BAND,False,False,0.000926548,13837.155730159,3081224.705648221,1.0,2304425.037802853,1525239.384006654,-0.006693889346863315,-94032.91878941376,,0.0,,,,0.17597316901571217,0.17781494181160357,0.37730214014290003,-12.210945552062483,-12.011458353731188,-12.388760493874088,0.852907610140406,12.5647336628898,1,0.0,,0.0,0.0,7.629510948348184e-05,0.0044907973458715895,-0.2521074093051314,5GTPBjA4...,2747176.534660053,0.7811472512688272,BUYBACK_GAMING,,False,5258781,0.8955745460094613,0,5FR392L6...,0.179995422293431,0.3922157892327559,0.3216187426196547,1.0,,COUNTER,513754.606571334,0.0,0.0,OK,0.0,0.0,1295.967040512703,139731.049169875,0.0453491914801711,139731.049169875,0.0453491914801711,0.0,DORMITORY,True,True,0.4534919148017113,,,34159.024390815975,0.011086184116399805,30.0
125,92,43,125,21,AdTAO,2026-10-07,9233016,0.004403432,0.003984543727710843,0.10512829094482337,IN BAND,False,False,0.000296102,8533.133094615,4202444.272371314,1.0,1937836.76014258,614768.165107789,-0.0017317969702688176,-215950.949310367,,0.0,,,,0.091192302683181,14.666091737252566,1.2790608731620177,-5.769698038040852,-19.156728902131402,-20.43578977529342,0.625350350813123,20.526982077976598,1,0.0,,0.0,0.0,0.00016784924086366004,0.0020305166568693146,-0.5388786162998964,5HjCYVfr...,2194832.907335814,0.029442987776964826,,,False,3156578,1.0,245,5FjSAsDU...,,17.723731928497585,17.723731928497585,0.0,,COUNTER,834653.38669571,0.0,0.0,OK,0.0,0.0,1295.967040512703,9492.13944518,0.0022587186955899527,9492.13944518,0.0022587186955899527,0.0,NEITHER,True,True,0.02258718695590097,,,12499.451513426997,0.0029743289151039545,30.0
126,126,126,126,59,SN59,2026-10-07,9233016,0.005122747,0.0,,N/A,False,True,0.0,530.361161239,0.0,0.0,103530.603756369,1.345483354,,,,,,,,,0.0,,0,,,,,,,,,,0.0,,,5GzrQ2fe...,364391.556494623,,,,True,8938771,1.0,0,5FKjMupT...,,0.0,0.0,0.0,,,0.0,0.0,,NO_ESTIMATE,,,,0.0,,0.0,,0.0,,False,,,,,0.0,,30.0
127,127,127,127,82,SN82,2026-10-07,9233016,0.004456112,0.0,,N/A,False,True,0.0,629.701453104,211.283296268,0.0,141311.845162495,0.99,,0.0,,,,,,,0.0,,0,,,0.0,0.0,1,,,0.0,,0.0,2.980365529252545,667.8264409091479,5GGrRdUa...,594332.923323028,,,,True,9155260,1.0,0,5Hn6PHyj...,,0.0,0.0,0.0,,COUNTER,0.0,0.0,0.0,OK,0.0,,,0.0,0.0,0.0,0.0,0.0,,False,,,,,0.0,0.0,30.0
128,128,128,128,86,SN86,2026-10-07,9233016,0.005989978,0.0,,N/A,False,True,0.0,709.206653218,0.0,0.0,118398.856999575,2.125984345,,,,,,,,,0.0,,0,,,,,,,,,,0.0,,,5DGneGQE...,278942.35835126,,,,True,8693284,1.0,0,5F1N5GEH...,,0.0,0.0,0.0,,,0.0,0.0,,NO_ESTIMATE,,,,0.0,,0.0,,0.0,,False,,,,,0.0,,30.0
