combined_apy_rank,real_apy_rank,emission_rank,epr_rank,netuid,name,date,block,spot_price,moving_price,momentum_30d,ema_band,ema_lag_flag,low_emission,tao_emission,tao_reserves,alpha_outstanding,alpha_out_emission,alpha_in_pool,volume,ema_tao_inflow,pool_growth_real,pool_ema_divergence,flow_momentum,flow_price_divergence,emission_price_ratio,emission_price_ratio_raw,emission_apy,price_apy_7d,price_apy_30d,combined_apy_7d,combined_apy_30d,real_apy,gross_emission_rate,net_supply_delta,supply_days_gap,supply_defence,supply_defence_quality,burned_tokens,manual_burn,miner_burn_rate,liquidation_price,liquidation_haircut,owner_coldkey,owner_stake,owner_inflow_pct,owner_inflow_flag,large_entry_anomaly,immune,registered_at,vali_miner_share,best_validator_uid,best_validator_hotkey,best_validator_take,best_validator_raw_apy,best_validator_apy,best_validator_div_pct,best_validator_trust,burned_source,alpha_burned_cum,alpha_recycled_cum,recycled_tokens,recon_flag,recon_gap_relative,burn_coverage,owner_cut_emission,total_locked_alpha,locked_float_ratio,owner_locked_alpha,owner_lock_ratio,community_locked_alpha,commitment_class,gate_eligible,leader_is_owner,leader_pct_of_threshold,leader_blocks_to_threshold,governance_flag,basket_alpha,basket_share,ema_halving_days
1,1,42,5,96,Verathos,2026-09-09,9031117,0.00745855,0.007751763332635164,-0.03782537211897667,IN BAND,False,False,0.000818283,3346.698133835,839331.499449678,1.0,448706.33564513,93799.353434596,0.0007914143622985852,27386.97522818629,,0.0,,0.10610834040109474,0.10610834040109474,0.6425580192784791,-2.0627675054503416,-0.46020869411421617,6.741069307332804,8.34362811866893,8.803836812783146,3.131063235114008,-8.161278793504668,1,0.11472367175375152,MINER_BURN_ONLY,918.5245332299965,916.6326586591565,0.0006408789196612474,0.00398733770390998,-0.46540041912838553,5CGq1JQh...,713646.109227363,,,,False,7692872,0.3824836242041134,0,5GpKXttD...,0.179995422293431,1.1935565711439047,0.978721852089758,0.4879217469594543,,COUNTER,257276.235605032,7897.141864024,0.0,DIVERGENT,-1.0,0.7072962737513167,1295.967040512703,183205.877871317,0.21827594697856456,183205.877871317,0.21827594697856456,0.0,FORTRESS,False,True,2.1827594697856507,0,,32345.963767109002,0.0385377693894691,30.0
2,2,22,14,58,greevils,2026-09-09,9031117,0.007999226,0.007563352817669511,0.0576296244321965,IN BAND,False,False,0.002242423,974.408205885,493317.954094365,1.0,121812.807219745,22437.040885106,,,,,,,,6.047863316840236,-3.189129866249167,0.7011604305917241,2.8587334505910693,6.74902374743196,6.047863316840236,5.327193097653404,,,,,,,0.0,0.0019752133442493946,-0.7530744419210815,5CLUzEqe...,769760.604624902,,,,True,8511017,0.0,36,5C5nmRa4...,0.0,0.7908087227222181,0.7908087227222181,0.012574009644143319,,,78931.873767343,0.045668707,,NO_ESTIMATE,,,,32808.027617922,0.06650483191545523,32808.027617922,0.06650483191545523,0.0,,False,True,0.6650483191545522,,,44886.568537912004,0.0909891240839084,30.0
3,3,35,15,105,Beam,2026-09-09,9031117,0.006078294,0.0062211069744080305,-0.0229561997560121,IN BAND,False,False,0.001281379,4850.04060431,2039634.109025061,1.0,797927.97171726,538856.583709869,-0.0010888053840733777,33508.03833891405,ACCUMULATING_PRE_EMA,0.0,,,,0.6943166638661736,-7.0348789937544565,-0.2793004303648139,-2.0013994069980354,4.754179156391607,5.033479586756421,1.2884663912863157,-4.339162922890248,1,0.0,,0.0,0.0,0.0015716792553597259,0.0023778973801474156,-0.6087886864065122,5G3ic2pA...,1995722.94156126,,,,False,6841399,0.0,131,5GbBrQUY...,0.0,0.5011469350356373,0.5011469350356373,0.006729536714887384,,COUNTER,452240.813141888,1869.377328683,0.0,OK,0.0,0.0,1295.967040512703,185128.830091039,0.09076570609987006,185128.830091039,0.09076570609987006,0.0,DORMITORY,False,True,0.9076570609987027,,,16158.482228365,0.00792224554240697,30.0
4,4,11,16,3,Teutonic,2026-09-09,9031117,0.029348392,0.029616590589284897,-0.009055687503136454,IN BAND,False,False,0.004025594,80535.31964418,3252909.435576284,1.0,2744113.528840342,3457989.242673494,-0.03954664999786193,42301.500396104995,ACCUMULATING_PRE_EMA,0.0,,,,0.1313617562920361,2.2947612969894493,-0.11017753128816019,6.217261065676061,3.8123222373984507,3.922499768686611,0.8078921507184306,-3.791138012394575,1,0.0,,0.0,0.0,7.629510948348184e-05,0.02475793477782833,-0.15641256332448034,5GsGUrd2...,3167366.570718295,,,,False,4165565,0.3999999999999999,244,5EtUYRu7...,0.09999237048905166,0.33448021873092104,0.30103474877831976,0.013550218207342753,,COUNTER,578475.334942498,0.0,0.0,OK,1.0,0.0,1295.967040512703,387689.685267927,0.11918244050321804,387568.93251187,0.11914531904058634,120.75275605701609,DORMITORY,True,True,1.1914531904058636,0,,17943.46858572399,0.005516129157941077,30.0
5,5,86,17,65,True Performance Network,2026-09-09,9031117,0.00255393,0.002572805853560567,-0.007336680120827746,IN BAND,False,True,2.12e-07,6124.167012842,3450922.536631053,1.0,2397938.126604228,299210.202047427,-0.00012719120635281114,43678.83085117722,ACCUMULATING_PRE_EMA,0.0,,,,9.097335177693883e-05,-5.737149195346354,-0.08926294147007091,-1.91679657102799,3.731089682848293,3.820352624318364,0.7615354943798804,-3.8202616509665868,1,0.30746094797198964,MINER_BURN_ONLY,2214.0381916180486,2213.9030577201315,4.57770656900891e-05,0.0017746463294480929,-0.30513117843946663,5GxEEHxL...,1563088.397220972,,,,False,4950813,0.8500274674967955,0,5DAmVrUg...,0.179995422293431,0.8548311776079969,0.7009654788048545,0.4901263581980222,,COUNTER,1013717.795491439,0.0,0.0,DIVERGENT,-0.9897011509723217,1.708301977220254,1295.967040512703,171794.150223016,0.04978209403411566,171794.150223016,0.04978209403411566,0.0,FORTRESS,True,True,0.49782094034115654,,,13929.195066921002,0.00403636851278595,30.0
6,7,6,18,97,Albedo,2026-09-09,9031117,0.023458654,0.02365835104137659,-0.008440868978033905,IN BAND,False,False,0.008555295,12704.300808841,1119182.439817179,1.0,541561.613553184,519012.522048306,-0.0002017478056674679,13500.686422746861,ACCUMULATING_PRE_EMA,0.0,,,,1.769740468074695,0.7487889166441793,-0.10269723923274583,3.8599845629942817,3.0084984071173566,3.1111956463501023,2.348142632071041,-1.3414551782754072,1,0.0,,0.0,0.0,7.629510948348184e-05,0.011351411849274795,-0.5161098394957019,5GnW8owm...,1353927.110385567,,,ENTRY_REPEATED,False,7735450,0.19999999999999996,28,5E2LP6En...,0.0,0.6317007678142252,0.6317007678142252,0.18709657729693438,,COUNTER,70872.776437572,4583.298014649,0.0,DIVERGENT,1.0,0.0,1295.967040512703,9426.250131069,0.008422442843732251,9426.250131069,0.008422442843732251,0.0,DORMITORY,False,True,0.08422442843732918,,,32350.894675633997,0.02890582761548563,30.0
7,6,56,19,117,glyph,2026-09-09,9031117,0.0030923,0.0031462155748158693,-0.017136643543258993,IN BAND,False,False,0.000115026,3174.643587626,1865513.522051244,1.0,1026628.526314565,229246.805240695,-0.0007537834211656891,23314.105429681716,ACCUMULATING_PRE_EMA,0.0,,,,0.09521961116461938,-6.313480844364679,-0.20849582977631775,-3.157222726606831,2.94776228798153,3.1562581177578477,1.4087273927183097,-3.061038506593228,1,0.0,,0.0,0.0,0.0,0.00170175319026114,-0.4496804351902661,5HdThE9W...,1974652.8208387392,,,ENTRY_REPEATED,False,5710859,1.0,125,5EsLkLnu...,,8.314174996886157,8.314174996886157,0.0,,COUNTER,289424.602021989,152262.178789407,0.0,OK,0.0,0.0,1295.967040512703,184995.455974437,0.0991659689344001,154144.143623114,0.08262826390752895,30851.312351322995,DORMITORY,True,True,0.8262826390752894,,,18334.204948297003,0.009827966793903185,30.0
8,8,16,7,68,NOVA,2026-09-09,9031117,0.021670212,0.022106423508375883,-0.01973234196886738,IN BAND,False,False,0.003087537,44174.736654149,3699356.995391138,1.0,2038500.417823163,1684821.784981503,0.0020257665134935203,37575.29658050416,,0.0,,0.09348161953807929,0.09348161953807929,0.1836807155077383,-1.3730463766327785,-0.24007682728788643,1.7141619399133174,2.8471314892582096,3.087208316546096,0.7103937260648557,-2.9035276010383577,1,0.0,,0.0,0.0,0.0,0.011941193215249113,-0.4489581728480962,5EcdJLAe...,3117477.155975518,,,ENTRY_REPEATED,False,4972413,0.0,11,5E2LP6En...,0.0,0.17191278611105665,0.17191278611105665,0.06305797610145436,,COUNTER,682309.357738917,6247.123951755,0.0,DIVERGENT,1.0,0.0,1295.967040512703,565478.151621154,0.15285849738904836,565478.151621154,0.15285849738904836,0.0,DORMITORY,True,True,1.5285849738904833,0,,21957.214928891994,0.005935413899293174,30.0
9,11,9,20,80,OpenRoboto,2026-09-09,9031117,0.016353709,0.016218465752899647,0.008338843461575552,IN BAND,False,False,0.004922869,3299.029721326,2011934.722735119,1.0,201729.776884227,244043.216713821,-0.0002903473733555673,1045.2957777201664,ACCUMULATING_PRE_EMA,0.0,,,,3.9215468864584913,6.541938917258289,0.10145592878250255,8.952441667019139,2.511958678543352,2.4105027497608496,1.306205400355819,1.5110441366976417,1,0.002025794071366137,MINER_BURN_ONLY,19.02143781297491,18.97639318033586,1.5259021896696368e-05,0.0016397299992124712,-0.8997334488945309,5CG1eFia...,287670.308977278,0.0,,,False,7151800,0.8500015259254738,197,5Gmw9JeE...,0.0,0.49548312456374893,0.49548312456374893,0.011719644137888938,,COUNTER,257626.369146183,2501.379452446,0.0,OK,0.30369303707130607,0.014642651076086418,1295.967040512703,357163.977486368,0.17752264695786074,357163.977486368,0.17752264695786074,0.0,DORMITORY,False,True,1.7752264695786115,0,,21101.39947098501,0.010488113372932284,30.0
10,10,23,21,56,Gradients,2026-09-09,9031117,0.016231575,0.016336903674528003,-0.006447285031877026,IN BAND,False,False,0.002240129,51233.095244954,2798088.861950227,1.0,3156384.643440924,2848671.533267369,-0.009019599530651996,27236.875562599394,ACCUMULATING_PRE_EMA,0.0,,,,0.11490734619591078,0.42866409497218194,-0.07844196788783714,3.014219707051785,2.5071136441917656,2.585555612079603,0.9392124874005332,-2.470648265883692,1,0.0,,0.0,0.0,4.57770656900891e-05,0.01831003151531266,0.12805020556000632,5EJ1zbdw...,16279.366275667,,,,False,4312927,0.0,101,5E2LP6En...,0.0,0.39184668111022003,0.39184668111022003,0.10273314105205328,,COUNTER,841047.343861356,0.0,0.0,OK,1.0,0.0,1295.967040512703,264724.185506575,0.09460892722401464,264724.185506575,0.09460892722401464,0.0,DORMITORY,True,True,0.9460892722401465,,,16519.182481347005,0.0059037376210537415,30.0
11,12,31,22,90,KubeTEE,2026-09-09,9031117,0.029072097,0.02760534198023379,0.053133013922321684,IN BAND,False,False,0.001452735,2094.628859239,275544.772921632,1.0,72049.458464875,65696.501483366,,,,,,,,1.8226558672485018,-2.815206116908057,0.6464516693882472,-0.9925502496595551,2.469107536636749,1.8226558672485018,9.53746998041379,,,,,,,1.5259021896696368e-05,0.007601773160236054,-0.7385199574617527,5C9y6fnL...,560510.064748068,,,,True,8618670,0.7650990325632496,0,5EKtGWqs...,0.179995422293431,2.3349818341006183,1.9146957928241874,0.4495818836598914,,,0.0,97497.244464764,,NO_ESTIMATE,,,,60058.020499297,0.21796102267698678,60058.020499297,0.21796102267698678,0.0,,False,True,2.1796102267698676,0,,53586.20807555797,0.19447368755130942,30.0
12,13,68,23,66,conjectures,2026-09-09,9031117,0.002649132,0.0026636107359081507,-0.005435755199873228,IN BAND,False,True,6.0404e-05,6304.658822877,3359047.733230941,1.0,2379895.506909139,1365682.542958524,-0.005772511456838813,23419.726617592853,ACCUMULATING_PRE_EMA,0.0,,,,0.02517847776694783,-8.590225735780672,-0.0661350215984576,-6.831186308161096,1.6929044060211182,1.7590394276195758,0.782364589226074,-1.7338609498526278,1,0.0,,0.0,0.0,0.0,0.0018769184970208169,-0.2914968008310582,5CJCRGep...,972683.741574028,,,,False,4958013,1.0,121,5Gn2SyG6...,,10.187402613158202,10.187402613158202,0.0,,COUNTER,876389.726869251,0.0,0.0,OK,0.0,0.0,1295.967040512703,392806.591766313,0.11693986598650898,392806.591766313,0.11693986598650898,0.0,DORMITORY,True,True,1.1693986598650896,0,,10964.404704342001,0.00326414078486338,30.0
13,43,63,24,29,hoτfloaτ,2026-09-09,9031117,0.003257073,0.002864339156076312,0.1371115019988313,IN BAND,False,True,8.0094e-05,9001.70140026,3170808.282932125,1.0,2763739.50217947,205770.819343895,-0.011022358310089313,,,,,,,0.023383027567868492,8.685505321700456,1.6681899409857806,8.708888349268324,1.6915729685536491,0.023383027567868492,0.8288107528121578,,,,,,,0.0,0.002838929571590467,-0.12838012178711783,5HHHHHzg...,34251.712630905,,,,False,3379782,1.0,19,5GRRRRhL...,0.179995422293431,13.851992409825323,11.358697186413412,0.0,,,610829.352749762,0.0,,NO_ESTIMATE,,,,3165.974907187,0.0009984756644634927,3165.974907187,0.0009984756644634927,0.0,,True,True,0.009984756644634928,,,8750.210101702001,0.002759615000630207,30.0
14,14,53,25,26,Perturb,2026-09-09,9031117,0.00339153,0.0034571511205285788,-0.018981270485666783,IN BAND,False,False,0.000164716,1981.031905083,929125.00200646,1.0,584111.570524135,67132.33475246,-0.00014188253281285655,11475.737936696503,ACCUMULATING_PRE_EMA,0.0,,,,0.2185091753895118,-6.69792014198078,-0.23093879090894584,-4.982263532178498,1.4847178188933363,1.715656609802282,2.8284676381808613,-1.4971474344127702,1,0.0,,0.0,0.0,6.103608758678547e-05,0.002132147881937232,-0.3713315577520375,5FsVAEPM...,1563401.513080723,,,ENTRY_REPEATED,False,8123781,0.9500389128809266,143,5CDK1b4s...,0.179995422293431,0.6039183300704513,0.4952157952186767,0.09495979125020981,,COUNTER,93577.704880545,1668.571827101,0.0,OK,0.0,0.0,1295.967040512703,40033.41772384,0.043087224687084306,36639.367035963,0.039434270907401814,3394.050687877003,DORMITORY,False,True,0.39434270907402347,,,30041.07122029599,0.03233264755056836,30.0
15,17,20,10,110,Green Compute,2026-09-09,9031117,0.012504175,0.012094106990844011,0.03390643141047412,IN BAND,False,False,0.002692966,7199.821966833,2897529.720239164,1.0,575793.49248103,394672.908937385,0.0008840356011466324,,,,,0.07069923454739177,0.07069923454739177,0.9829568954068214,-0.7978283303917023,0.4125282488274351,0.1851285650151191,1.3954851442342564,0.9829568954068214,0.9069794803633915,,,,,,,0.0,0.002484813845581098,-0.8012812644111988,5D53sX6A...,1607993.4269119569,,,,False,5606062,1.0,155,5FmpATto...,0.179995422293431,9.906188094823381,8.123119585377488,0.0,,,653602.202903777,0.0,,NO_ESTIMATE,,,,9205.92186508,0.0031771621877687375,9205.92186508,0.0031771621877687375,0.0,,True,True,0.031771621877687374,,,17723.254193885994,0.006116677275159444,30.0
16,15,39,26,111,Claims,2026-09-09,9031117,0.005593679,0.005756530677899718,-0.02828990011725868,IN BAND,False,False,0.000937264,6243.84137519,3620114.737928896,1.0,1116231.581971267,205658.916822479,-0.0020882893709760026,16962.427817527205,ACCUMULATING_PRE_EMA,0.0,,,,0.3944894887604423,-5.522771869154132,-0.34419378475998064,-4.056123454453168,1.1224546299409837,1.4666484147009644,0.7259438416318,-1.0721589259405222,1,0.0,,0.0,0.0,3.0518043793392735e-05,0.001724763392102363,-0.6916584966526748,5CGTryXj...,2784186.242365686,,,,False,5615562,0.0,145,5E2LP6En...,0.0,0.3292527390895882,0.3292527390895882,0.11119758286028199,,COUNTER,734491.272679149,0.371911999,0.0,DIVERGENT,1.0,0.0,1295.967040512703,1221.604957048,0.00033744923724348373,1221.604957048,0.00033744923724348373,0.0,NEITHER,True,True,0.003374492372434837,,,11442.790255528,0.003160891597064278,30.0
17,40,72,27,84,SN84,2026-09-09,9031117,0.002441082,0.002254545921459794,0.08273775963694972,IN BAND,False,True,3.1425e-05,1469.706530732,739438.077346039,1.0,602071.658018608,68028.560135507,-0.004139727322791386,,,,,,,0.05619142207857502,-12.397547517550043,1.006642742249555,-12.341356095471468,1.06283416432813,0.05619142207857502,3.554050136871921,,,,,,,0.0002746623941405346,0.001987599199661195,-0.18577122781570002,5G1hDNpP...,212700.717452793,,,,False,8085297,0.999587893218554,58,5HQKUTxM...,0.179995422293431,2.684961160403966,2.2016804424955936,1.0,,,43139.508394341,52376.544314774,,NO_ESTIMATE,,,,660.436412233,0.0008931598635052871,660.436412233,0.0008931598635052871,0.0,,False,True,0.008931598635052869,,,3079.9205033360004,0.004165217612799067,30.0
18,16,4,9,64,Chutes,2026-09-09,9031117,0.0729793,0.07322182110510767,-0.003312142493144722,IN BAND,False,False,0.009792538,205086.177344666,3341352.216200502,1.0,2810196.554407203,4988877.856890672,0.006078987608972017,16057.356493994128,,0.0,,0.08329742281677156,0.08329742281677156,0.12548281018837432,-0.8503207555479257,-0.040297733666594115,0.13795589240291273,0.9479789142842443,0.9882766479508385,0.7865079255213433,-0.8627938377624641,1,0.0,,0.0,0.0,0.00010681315327687457,0.06137819782970152,-0.15896428398598617,5FRYKhbm...,682140.268557271,,,ENTRY_REPEATED,False,4531295,0.08268221218410454,254,5CXtLcdf...,,17.593637358472286,17.593637358472286,0.0,,COUNTER,274207.517615115,0.0,0.0,OK,1.0,0.0,1295.967040512703,761085.893265217,0.2277778109039514,761085.439852212,0.22777767520649253,0.4534130049869418,DORMITORY,True,True,2.277776752064928,0,,11852.379259090001,0.003547180450364944,30.0
19,19,26,28,124,Swarm,2026-09-09,9031117,0.011107959,0.011105790501460433,0.00019525836898169602,IN BAND,False,False,0.001873474,12837.101480776,3543475.310273233,1.0,1155666.967872332,297292.273022561,-7.80977163950547e-05,12477.63228072552,ACCUMULATING_PRE_EMA,0.0,,,,0.38353593132944336,-1.1480844275874627,0.0023756434892773016,-0.32065161556358013,0.8298084555131598,0.8274328120238825,0.7416447893346146,-0.4438968806944392,1,0.0,,0.0,0.0,0.00016784924086366004,0.0036227433117873614,-0.6738605794469208,5HKYqfJr...,2290962.964323598,,,,False,5813454,0.0,105,5HgiWPLV...,,0.34597408133700785,0.34597408133700785,0.007385817399398757,,COUNTER,897004.632666029,6243.286010635,0.0,DIVERGENT,1.0,0.0,1295.967040512703,1000000.110795789,0.2822088552152718,1000000.110795789,0.2822088552152718,0.0,DORMITORY,True,True,2.8220885521527177,0,,16282.084375399994,0.00459494788299922,30.0
20,35,41,29,63,Enigma,2026-09-09,9031117,0.005925523,0.005627192556858063,0.05301585828591407,IN BAND,False,False,0.000823731,13098.140073731,3694147.551273168,1.0,2210461.450539587,1231514.365561625,-0.0023243817583002914,,,,,,,0.16527270710301445,-14.102374772401642,0.6450262758119545,-13.937102065298628,0.8102989829149689,0.16527270710301445,0.7113955150747224,,,,,,,0.00015259021896696368,0.003545646158399059,-0.40163152545369263,5CqTmNfg...,7604.702957923,,,,False,4885578,0.0,141,5E2LP6En...,0.0,0.3123379772602053,0.3123379772602053,0.26817432704632854,,,725439.396179942,0.0,,NO_ESTIMATE,,,,72397.992373783,0.019598024001188426,72397.992373783,0.019598024001188426,0.0,,True,True,0.19598024001188427,,,8738.599417664003,0.00236552527920881,30.0
21,18,77,30,13,Data Universe,2026-09-09,9031117,0.005659337,0.005671571707352996,-0.0021571987421288535,IN BAND,False,True,9.216e-06,20099.560406259,2454026.081250815,1.0,3551574.851065108,969837.450213603,-0.0029832593986156373,12809.738446376286,ACCUMULATING_PRE_EMA,0.0,,,,0.0012049839653437398,-1.9904763410067974,-0.026245918029234382,-1.1552071365537304,0.8090232864238327,0.8352692044530671,1.070893263962586,-0.8340642204877233,1,0.2887644055555628,MINER_BURN_ONLY,2088.345461160061,2082.489658916985,0.0019836728465705278,0.008190442864410907,0.44724423804606545,5HBswBt1...,20056.475635369,,,,False,1907637,0.7098081186453635,247,5E2LP6En...,0.0,0.3952890447824951,0.3952890447824951,0.1582633908133679,,COUNTER,651822.205269005,0.0,0.0,DIVERGENT,-0.9891520976870061,1.6069001709280524,1295.967040512703,93697.039216446,0.03818094678467667,93697.039216446,0.03818094678467667,0.0,FORTRESS,True,True,0.3818094678467667,,,9689.729949979997,0.003948503246974926,30.0
22,21,30,31,62,Ridges,2026-09-09,9031117,0.01090588,0.010956657817587256,-0.004634425792302271,IN BAND,False,False,0.001624008,30111.298143555,2687788.381441016,1.0,2761014.932209074,4380577.744070837,-0.02595581615076601,12821.698800886516,ACCUMULATING_PRE_EMA,0.0,,,,0.14173726432028627,0.1632846314746836,-0.056385513806344295,0.9256706313849301,0.7060004861039022,0.7623859999102465,0.9777555473288557,-0.6206487355899601,1,0.0032491066664690838,MINER_BURN_ONLY,27.147402791015338,26.877134995181052,9.15541313801782e-05,0.011203001825393445,0.027244186199870662,5DhsVYew...,6955.114479013,,,ENTRY_REPEATED,False,4474225,0.5258282592439989,148,5E2LP6En...,0.0,0.3334141967688218,0.3334141967688218,0.6082803033771307,,COUNTER,186002.124465855,170778.551517578,0.0,OK,0.046882040533912754,0.02073905751842892,1295.967040512703,148347.470136862,0.0551931361714302,148347.470136862,0.0551931361714302,0.0,DORMITORY,True,True,0.5519313617143031,,,12991.304616801002,0.00483345515833948,30.0
23,22,60,32,54,Yanez,2026-09-09,9031117,0.00437502,0.004398849559947848,-0.005417225486595304,IN BAND,False,True,9.3049e-05,8334.780292697,3922403.050009352,1.0,1905083.64319119,880487.821116769,-0.0018134332739084883,15015.458427230362,ACCUMULATING_PRE_EMA,0.0,,,,0.02933883838716919,5.897658922975035,-0.0659095767535762,6.6349654222943615,0.6713969225657502,0.7373064993193265,0.6699974394507301,-0.7079676609321572,1,0.12388576658440419,MINER_BURN_ONLY,913.4708446880104,910.9483452602237,0.0008545052262149966,0.0021249168396085985,-0.5143069426862966,5FUfruyV...,3508598.785441055,,,,False,4742549,0.3233861237954154,139,5FeKsRjZ...,0.09999237048905166,0.5585753148913701,0.5027220450587135,0.013917077413743114,,COUNTER,588618.021897701,0.0,0.0,DIVERGENT,-1.0,0.7029101179146034,1295.967040512703,644081.425659809,0.16420582419705015,644081.425659809,0.16420582419705015,0.0,FORTRESS,True,True,1.6420582419705017,0,,11446.902742763003,0.002918339241740012,30.0
24,20,84,33,23,Trishool,2026-09-09,9031117,0.004081034,0.004127999069169164,-0.011377199554121125,IN BAND,False,True,5.76e-07,7302.671865812,4174751.888803973,1.0,1789416.858519325,601610.490923481,3.250270980840306e-05,16370.209425433073,,0.0,,,0.00796433203163783,0.00020728413213889972,0.5786658923488408,-0.13842259457514033,1.3807705149095209,0.6636820279855398,0.80210462256068,0.6294984875742873,-0.8018973384285412,1,0.329377540742102,MINER_BURN_ONLY,2371.898490427062,2371.853445794423,1.5259021896696368e-05,0.0017492469158218997,-0.571371638701883,5CqTRwoF...,1438146.01135521,,,,False,2063528,0.7999969481490524,188,5HKsvivb...,0.0899977111467155,0.9125065545801304,0.8303830532615433,0.4179701210114297,,COUNTER,1155163.965912881,0.055431535,0.0,DIVERGENT,-0.9904173943891565,1.830180376235559,1295.967040512703,917031.131151383,0.21966122911656524,917031.131151383,0.21966122911656524,0.0,FORTRESS,True,True,2.196612291165653,0,,10395.493576357996,0.002490086561607906,30.0
25,89,89,34,25,UR,2026-09-09,9031117,0.009907992,0.009417051216587424,0.05213317546238039,IN BAND,False,True,0.0,16092.429772752,4296519.449967233,1.0,1624186.644080923,708866.890057758,-0.00189072698649151,-114006.46338753868,,0.0,,,,,6.160836469939216,0.634286968125628,6.160836469939216,0.634286968125628,,0.6116578850865069,10.593640819646767,1,0.4100022879377745,SKIN_IN_GAME,2952.0164731519762,2952.0164731519762,0.0,0.0037454572148799947,-0.6219761567348868,5HTeZ516...,721536.422828406,0.38313645274136665,BUYBACK_GAMING,,False,2998801,1.0,1,5CyQFykV...,0.179995422293431,1.6685131006083762,1.3681883804622497,0.11732389207666952,,COUNTER,955347.920103729,0.0,0.0,DIVERGENT,-0.9922087155647061,2.277848418108007,1295.967040512703,1165483.962177894,0.2712623498508269,1165483.962177894,0.2712623498508269,0.0,FORTRESS,True,True,2.712623498508269,0,,8505.509835282002,0.0019796279137865576,30.0
26,90,90,35,119,CapabilityForge Next,2026-09-09,9031117,0.002775322,0.0026410166174173355,0.050853668127996354,IN BAND,False,True,0.0,3402.020527586,1630196.914048239,1.0,1225811.034555445,72425.130495652,-0.0008647727937628405,-36984.06117504509,,0.0,,,,,2.0358280457470497,0.6187196288906223,2.0358280457470497,0.6187196288906223,,1.6120751900296109,10.162858513568967,1,0.41000228812680384,MINER_BURN_ONLY,2952.0164745129878,2952.0164745129878,0.0,0.002086877050415844,-0.24805948628092753,5GbLENPL...,108650.96026799,0.03317726536484285,,,False,5740660,1.0,0,5HMwvi1d...,0.179995422293431,10.544876278147736,8.646846819430552,0.06331451243705173,,COUNTER,859194.346999153,0.0,0.0,DIVERGENT,-0.9922087155682983,2.277848419158197,1295.967040512703,20722.542632217,0.01271168068939419,20722.542632217,0.01271168068939419,0.0,FORTRESS,True,True,0.1271168068939419,,,17308.938572501003,0.01061769803594955,30.0
27,24,81,36,74,Gittensor,2026-09-09,9031117,0.003455096,0.00345726334489882,-0.000626896097463297,IN BAND,False,True,2.943e-06,6165.526833216,3397586.239452228,1.0,1784473.447624412,352462.449321448,-0.0012658894502273344,10854.178839929169,ACCUMULATING_PRE_EMA,0.0,,,,0.0012544271088616383,-6.639154723949233,-0.007627235852470113,-6.041307609256552,0.5902198788402108,0.5978471146926809,0.7734903001089669,-0.5965926875838193,1,0.0,,0.0,0.0,7.629510948348184e-05,0.0018146785390236425,-0.47478202081110266,5D1VXeeS...,216.588029224,,,,False,5086205,0.9063634976346712,195,5E2LP6En...,0.0,0.2923552074165778,0.2923552074165778,0.07306577140241112,,COUNTER,531791.422968235,147056.290034958,1892.8132473649748,OK,0.011070053095736361,0.0,1295.967040512703,378229.609193408,0.11132303421807702,378229.609193408,0.11132303421807702,0.0,DORMITORY,True,True,1.11323034218077,0,,12746.729452259999,0.003751701518050378,30.0
28,23,37,37,81,Reliquary,2026-09-09,9031117,0.006552277,0.006613533245399594,-0.009262257121366232,IN BAND,False,False,0.000984837,18527.137999216,2561868.744608655,1.0,2827587.674155016,903570.907520128,-0.010295262693937652,11944.233828055207,ACCUMULATING_PRE_EMA,0.0,,,,0.13969516695506454,-2.0654600883593717,-0.11269079497662249,-1.4010180893355195,0.5517512040472297,0.6644419990238521,1.0258136782106873,-0.5247468320687876,1,0.0006674190383638294,MINER_BURN_ONLY,6.5186753530288115,5.527693434969763,0.0003356984817273201,0.007231884161983545,0.10372076180288854,5GnpQR4N...,71374.334440265,,,,False,5203057,0.022667256880313902,221,5EkCFpEJ...,,15.695804462431152,15.695804462431152,0.0,,COUNTER,852012.96443674,0.0,0.0,OK,0.7508711715250961,0.004265304025620071,1295.967040512703,503979.981939629,0.1967235764908853,499382.926885898,0.1949291617444603,4597.055053731019,DORMITORY,True,True,1.9492916174446069,0,,12285.363001339,0.004795469333545299,30.0
29,25,25,6,83,CliqueAI,2026-09-09,9031117,0.009164189,0.009202917339280248,-0.004208267645189665,IN BAND,False,False,0.001878724,8313.983373393,2789761.740999671,1.0,907225.127488337,152266.288531615,0.000950791968390149,,,,,0.10375080308690153,0.10375080308690153,0.5938533252063812,-3.147567030458683,-0.05120058968314092,-2.553713705252302,0.5426527355232403,0.5938533252063812,0.9420159296679916,,,,,,,0.0018005645838101714,0.0029801768556815193,-0.6748018994717896,5DqEjRLy...,1092968.151958719,,,,False,5231190,0.0,198,5E2LP6En...,0.0,0.43058091424146716,0.43058091424146716,0.09831987914116982,,,345172.824104195,26063.92679357,,NO_ESTIMATE,,,,8057.340853611,0.002888182433358545,8057.340853611,0.002888182433358545,0.0,,True,True,0.028881824333585448,,,14769.466399035004,0.005294167663845937,30.0
30,33,10,38,114,SOMA,2026-09-09,9031117,0.013128073,0.012846657540649176,0.021905733725708407,IN BAND,False,False,0.004077377,6342.2525334,1633083.902474078,1.0,483106.305858254,217585.119253258,-0.00033109223172571404,2979.1470724341343,ACCUMULATING_PRE_EMA,0.0,,,,1.6895175175649528,1.4452880786297786,0.2665197603294523,1.6920486601318456,0.5132803418315193,0.24676058150206703,1.6092253410976933,1.4427569360628858,1,0.0,,0.0,0.0,3.051804379328171e-05,0.0038836048311979925,-0.7041755609373902,5FHrQMjz...,1040368.479084326,0.0024264264066704354,,,False,7312241,0.0,74,5DUtdSu5...,,0.5462402226350422,0.5462402226350422,0.011170285818925395,,COUNTER,373811.447473431,13816.272943106,0.0,OK,1.0,0.0,1295.967040512703,146039.760277138,0.0894257545836388,146039.760277138,0.0894257545836388,0.0,DORMITORY,False,True,0.8942575458363878,,,29765.468119277004,0.018226539416733658,30.0
31,27,46,39,33,ReadyAI,2026-09-09,9031117,0.004539101,0.004550962010398507,-0.002606264427478325,IN BAND,False,False,0.000452807,14364.780923829,2152079.302786425,1.0,3164675.384124547,902233.222483333,-0.0054386194078304825,9382.740102499258,ACCUMULATING_PRE_EMA,0.0,,,,0.08283988473684331,-3.933661734471064,-0.03170955053431962,-3.438561035111446,0.463391148825298,0.49510069935961765,1.2211445909996774,-0.41226081462277436,1,0.0,,0.0,0.0,0.004715037766079178,0.006674838099706671,0.4705198451646417,5HinUfk5...,41970.017086701,,,,False,2943950,0.0,209,5E2LP6En...,0.0,0.5072522147088958,0.5072522147088958,0.417582249893182,,COUNTER,584226.582883127,0.0,0.0,DIVERGENT,1.0,0.0,1295.967040512703,138809.800536348,0.06450031853223191,138808.045342108,0.06449950295158034,1.755194239987759,DORMITORY,True,True,0.6449950295158035,,,12388.875653935995,0.005756700339943505,30.0
32,28,59,40,32,ItsAI,2026-09-09,9031117,0.00303907,0.003045179881155491,-0.002006410587860719,IN BAND,False,False,0.000101468,7251.095401448,3594472.459362145,1.0,2385958.143815322,305208.766498999,-0.0011755096356559623,10815.623090731911,ACCUMULATING_PRE_EMA,0.0,,,,0.03677484424584319,-2.568973966908869,-0.02441132881897208,-2.1598946650799067,0.38466797300999034,0.4090793018289624,0.7311225860571345,-0.3723044575831192,1,0.0,,0.0,0.0,0.0018616006713969568,0.0020172905714055016,-0.3362145092395037,5DWgkCSv...,58600.57409862,,,,False,2515294,0.231941662972192,35,5DtCXxL3...,,5.515510239634154,5.515510239634154,0.0,,COUNTER,17419.272873098,0.0,0.0,DIVERGENT,1.0,0.0,1295.967040512703,634410.218859858,0.1764960577754536,634410.218859858,0.1764960577754536,0.0,DORMITORY,True,True,1.764960577754536,0,,11407.590059537008,0.0031736479242801974,30.0
33,91,91,41,100,Cortex,2026-09-09,9031117,0.005394031,0.0052412820514291525,0.029143432288517415,IN BAND,False,True,0.0,2940.945039421,1957680.11702177,1.0,545222.069230666,381914.904656901,-0.001453934361040321,-4290.2850778548745,,0.0,,,,,-7.490692784845832,0.3545784261769619,-7.490692784845832,0.3545784261769619,,1.342405215821465,2.150629988081281,1,0.4100022879350096,SKIN_IN_GAME,2952.016473132069,2952.016473132069,0.0,0.0015022602588900358,-0.7214958054764543,5FX6kmhY...,1235612.828909522,1.901497739746438,BUYBACK_GAMING,,False,6693448,1.0,147,5E2LP6En...,0.0,1.0503761147700366,1.0503761147700366,0.40812122321919064,,COUNTER,714688.789392031,1077.059572996,0.0,DIVERGENT,-0.9922087155646536,2.2778484180926464,1295.967040512703,266897.06098892,0.13633333590523053,266897.06098892,0.13633333590523053,0.0,FORTRESS,False,True,1.3633333590523071,0,,23560.105132064,0.012034706246036826,30.0
34,29,65,42,98,NeverPlayAlone,2026-09-09,9031117,0.002756047,0.0027617334853857756,-0.002059027569411195,IN BAND,False,True,6.9535e-05,5157.868725138,2920821.575641112,1.0,1871472.873950898,206229.44610809,-0.001032365332540136,9845.850494117942,ACCUMULATING_PRE_EMA,0.0,,,,0.03542897071214445,-2.1052126573573067,-0.02505150209450287,-1.7293017989270818,0.3508593563357221,0.3759108584302249,0.8997468458589982,-0.34048188771808047,1,0.0,,0.0,0.0,0.0,0.0017658965436825296,-0.3592647209272812,5EWzZCNs...,1667749.115866251,,,,False,5445992,1.0,153,5E2LP6En...,0.0,0.4346855302065388,0.4346855302065388,0.24177132131903012,,COUNTER,1255490.393926426,0.0,0.0,DIVERGENT,1.0,0.0,1295.967040512703,476086.812422354,0.16299756766821827,476086.812422354,0.16299756766821827,0.0,DORMITORY,True,True,1.6299756766821856,0,,11705.056427016001,0.004007453424965466,30.0
35,32,57,43,21,AdTAO,2026-09-09,9031117,0.003691858,0.0036807425785809755,0.003019885575184635,IN BAND,False,False,0.000112296,7781.751367164,3822475.878171674,1.0,2107814.007568007,590015.115641582,-0.0017317969702688176,9923.239443413913,ACCUMULATING_PRE_EMA,0.0,,,,0.0379238392587647,3.8107509568801285,0.03674194116474639,4.084332882144855,0.3103238664294722,0.2735819252647258,0.6875125138152597,-0.2356580860059611,1,0.06005184470732105,MINER_BURN_ONLY,445.9303222231101,445.5249205293587,0.0001373311970702673,0.002035788220823537,-0.4485735310449272,5HjCYVfr...,1958827.101321156,,,,False,3156578,0.9877300613496932,160,5CyUYf13...,,11.035805099963456,11.035805099963456,0.0,,COUNTER,832255.95810716,0.0,0.0,DIVERGENT,-1.0,0.34377797166284624,1295.967040512703,5839.628796876,0.0015277084756043376,5839.628796876,0.0015277084756043376,0.0,EXPOSED,True,True,0.015277084756043377,,UNDEFENDED_BURNER,9725.894242645998,0.0025443964991868004,30.0
36,26,18,44,28,SayGM,2026-09-09,9031117,0.020732833,0.021159610245376825,-0.02016942847376279,IN BAND,False,False,0.002827571,21948.975812289,4978334.624017936,1.0,1058657.815470808,6512373.781906482,-0.0018433106521580824,10778.786795750959,ACCUMULATING_PRE_EMA,0.0,,,,0.33855140447325754,2.478493037114721,-0.24539471309744726,3.0141478205209924,0.2902600703088241,0.5356547834062714,0.5278873756941196,-0.19710337893301383,1,0.013496622975875637,MINER_BURN_ONLY,111.32953983685002,110.42864718406906,0.00030518043793392735,0.0044088992544607875,-0.7873469942838595,5CA6rwAy...,2541310.823439346,,,,False,4878363,0.0703503014576814,219,5FHBJCMk...,0.179995422293431,2.2898527169782987,1.8776897101960295,0.0,,COUNTER,1395117.718099322,33762.848582854,0.0,OK,-0.16492429707477088,0.08520945651548507,1295.967040512703,434350.432677805,0.08724813928382491,434344.502651163,0.08724694811708145,5.930026641988661,DORMITORY,True,True,0.8724694811708144,,,22599.668044894996,0.004539604054709998,30.0
37,92,92,45,127,Astrid,2026-09-09,9031117,0.002563313,0.002509108278900385,0.021603181319608124,IN BAND,False,True,0.0,3183.927595449,2907368.913079497,1.0,1242114.251548077,598812.641924989,-0.0011311304522673383,-40113.28991750884,,0.0,,,,,-5.538220206626468,0.2628387060552322,-5.538220206626468,0.2628387060552322,,0.9039100570200469,6.0351327391421865,1,0.41000228793709537,MINER_BURN_ONLY,2952.016473147087,2952.016473147087,0.0,0.0010951233540144622,-0.5727703351036482,5FU4uxAd...,1522637.836097627,0.026147725785698576,,,False,5848837,1.0,0,5EKrpcqV...,0.179995422293431,1.123749784210138,0.9214799672490823,0.5880423005905602,,COUNTER,1233478.508652186,203.185912805,0.0,DIVERGENT,-0.9922087155645355,2.2778484181042344,1295.967040512703,5535.674552263,0.0019040151827170743,5535.674552263,0.0019040151827170743,0.0,EXPOSED,True,True,0.019040151827170743,,UNDEFENDED_BURNER,12752.729710921003,0.004386347275555499,30.0
38,31,79,46,22,Desearch,2026-09-09,9031117,0.003142073,0.0031505287624895573,-0.002683918518768099,IN BAND,False,True,6.689e-06,7692.447334104,3565297.810673842,1.0,2448207.45002258,267372.674392203,-0.0015173520545156394,10034.607912789565,ACCUMULATING_PRE_EMA,0.0,,,,0.0022851884759829207,-1.2466368570730928,-0.03265434197834521,-0.9539262667773512,0.26005624831739643,0.29271059029574165,0.737105324590909,-0.29042540181975873,1,0.21158376312171304,MINER_BURN_ONLY,1529.7997511320282,1526.6466268472948,0.0010681315327687457,0.002157588998897718,-0.3133230835509812,5DFuaMas...,1813887.669806035,,,,False,2009702,0.5162453219277476,131,5E2LP6En...,0.0,0.3961492602697881,0.3961492602697881,0.1292099681057242,,COUNTER,1224124.448592596,0.0,0.0,DIVERGENT,-0.987000983148196,1.1779980347674055,1295.967040512703,763677.586285475,0.21419741823506736,763677.586285475,0.21419741823506736,0.0,FORTRESS,True,True,2.141974182350674,0,,8993.86377037,0.0025226122046366046,30.0
39,93,93,47,94,pending...,2026-09-09,9031117,0.003683022,0.003611043794080615,0.019932797834624733,IN BAND,False,True,0.0,2076.64861753,1810988.534247692,1.0,563843.61611798,114499.2949635,-7.290167659344193e-05,-22290.734523659106,,0.0,,,,,-9.143174641842844,0.24251570698793423,-9.143174641842844,0.24251570698793423,,1.4511411587107066,6.037364587257639,1,0.410002287936675,MINER_BURN_ONLY,2952.01647314406,2952.01647314406,0.0,0.0011466934098468308,-0.6886542057454909,5CnwnkkC...,737342.473029195,0.040532526521894534,,,False,6962737,1.0,0,5EeKtCKE...,0.179995422293431,2.003633515139042,1.6429886544603185,0.37114865174197686,,COUNTER,762853.221352073,0.075116968,0.0,DIVERGENT,-0.9922087155646853,2.2778484181018985,1295.967040512703,273.723032556,0.00015114564635811353,273.723032556,0.00015114564635811353,0.0,EXPOSED,False,True,0.0015114564635811353,,,19616.473981213,0.010831915061992336,30.0
40,30,50,48,40,Ralph,2026-09-09,9031117,0.003814786,0.003855764865875244,-0.010627947320626347,IN BAND,False,False,0.000247939,1770.554410292,417850.631110864,1.0,464129.39922996,79411.8506467,-1.8552276038102824e-06,,,,,,,0.36801110895684974,-14.43024715709149,-0.12930669240095388,-14.06223604813464,0.23870441655589586,0.36801110895684974,6.289328780031781,,,,,,,0.0,0.004237290262276132,0.11075438105207777,5HeKCDfd...,765866.773503265,,,,True,8409860,1.0,6,5E2LP6En...,0.0,0.8751377230242482,0.8751377230242482,0.22650003051944087,,,22349.634720453,0.042920633,,NO_ESTIMATE,,,,22427.898380107,0.05367443940549281,22427.898380107,0.05367443940549281,0.0,,False,True,0.5367443940549281,,,41262.26003699098,0.0987488278461958,30.0
41,38,48,49,48,Quantum Compute,2026-09-09,9031117,0.00418161,0.004139569820836186,0.010155687905590443,IN BAND,False,False,0.000321956,10677.032710154,3238198.093617892,1.0,2553330.10932852,690911.000382767,-0.0027008449742481964,,,,,,,0.07924489799449122,-1.4652314076720099,0.12356086951801705,-1.3859865096775186,0.20280576751250828,0.07924489799449122,0.8115624566574476,,,,,,,3.0518043793392735e-05,0.0032972141918053677,-0.21149648298015167,5GNH5YMk...,7966.448138884,,,,False,3856677,0.9899745166557307,216,5DnziEMK...,,0.3248772059184762,0.3248772059184762,0.007035160542058357,,,695492.461656953,0.0,,NO_ESTIMATE,,,,101862.559282014,0.03145655587988059,101862.559282014,0.03145655587988059,0.0,,True,True,0.3145655587988059,,,8949.202877245001,0.0027636366332507048,30.0
42,94,94,50,109,Finsight,2026-09-09,9031117,0.002899768,0.002860510256141424,0.013724035344495181,IN BAND,False,True,0.0,1408.432462852,1593631.800868158,1.0,485705.136336097,68164.374713224,-0.000708007104294364,-2101.438826938742,,0.0,,,,,1.874554135696673,0.1669757633580247,1.874554135696673,0.1669757633580247,,1.6490634778801179,2.1375391791071165,1,0.41000228793612525,SKIN_IN_GAME,2952.016473140102,2952.016473140102,0.0,0.0008837878750190179,-0.6952211780325124,5FqZqKFx...,682527.726960681,0.36896308752483986,BUYBACK_JUSTIFIED,,False,7257480,1.0,0,5DyQkk4x...,0.179995422293431,2.182017652886056,1.7892644640031092,0.38221828836527894,,COUNTER,709576.294064074,1308.746301495,0.0,DIVERGENT,-0.9922087155646748,2.2778484180988445,1295.967040512703,195701.190457921,0.1228020113248929,195701.190457921,0.1228020113248929,0.0,FORTRESS,False,True,1.2280201132489297,0,,21629.182513190008,0.013572258348137344,30.0
43,34,12,1,9,iota,2026-09-09,9031117,0.028534974,0.02857425343245268,-0.0013746442245824925,IN BAND,False,False,0.003897717,56928.82259714,4031038.738953399,1.0,1995054.255042563,1098036.803065186,0.01301328860220348,,,,,0.45604697597423705,0.45604697597423705,0.17992995127418288,-2.4740087253089924,-0.01672483806575366,-2.2940787740348094,0.16320511320842923,0.17992995127418288,0.6519411422680403,,,,,,,1.5259021896696368e-05,0.014122618581413273,-0.5050768722826496,5Fsbubec...,20150.823648108,,,,False,1489797,0.32000183111056857,209,5Fsbubec...,0.179995422293431,17.11073843600301,14.030883845462208,0.0,,,1189862.959862123,46681.104420658,,NO_ESTIMATE,,,,566487.003304132,0.1405312724558961,566487.003304132,0.1405312724558961,0.0,,True,True,1.4053127245589612,0,,11821.522102406003,0.0029326242856885297,30.0
44,37,13,51,8,Vanta,2026-09-09,9031117,0.027481476,0.027448503766208887,0.0012012397496035953,IN BAND,False,False,0.003770023,78593.969448754,3136198.207791823,1.0,2859888.889190576,1400020.956795821,-0.008329727580013033,,,,,,,0.1260608226495051,-1.0645391331976668,0.014615083620177076,-0.9384783105481617,0.14067590626968218,0.1260608226495051,0.8379572418193422,,,,,,,0.000915541313801782,0.025060268593193127,-0.08810325205265082,5F6tnxzA...,19985.08997506,,,,False,1477264,0.9507903780068728,1,5FeNwZ5o...,0.0,0.36456297272483,0.36456297272483,0.5255077904439256,,,789306.76538479,0.0,,NO_ESTIMATE,,,,607572.518063702,0.19372899217728012,607571.159893335,0.1937285591146109,1.3581703670788556,,True,True,1.937285591146109,0,,14955.182776121,0.004768570665898967,30.0
45,95,95,52,69,Herald,2026-09-09,9031117,0.008297628,0.008212354965507984,0.010383505687487143,IN BAND,False,True,0.0,4287.645889027,1285713.369715688,1.0,516731.473772504,74338.346247707,0.0011393261345515797,-13949.079823997046,DISTRIBUTING_PRE_EMA,0.0,,,0.13730744913505158,,-0.30187573361109554,0.12633265253109358,-0.30187573361109554,0.12633265253109358,,2.0440014562352524,6.097661544458541,1,0.41000228812347306,,2952.016474489006,2952.016474489006,0.0,0.003334838067348661,-0.5980974240652074,5HBPFVcJ...,517071.89801233,0.060438499295385965,,,False,8138182,1.0,0,5FWB5CFZ...,0.179995422293431,2.673670732757041,2.19242224014085,0.2830678141976439,,COUNTER,364335.360221246,4110.268380516,0.0,DIVERGENT,-0.9922087155683139,2.2778484191396924,1295.967040512703,485.813350565,0.00037785509741757506,485.813350565,0.00037785509741757506,0.0,EXPOSED,False,True,0.003778550974175751,,,24472.628094735985,0.01903427985675194,30.0
46,47,88,53,47,Feval,2026-09-09,9031117,0.002756342,0.0027286061085760593,0.010164857190917519,IN BAND,False,True,5e-09,1249.072662194,1491441.737525455,1.0,453163.017118684,46838.409378383,1.9567391779975152e-05,,,,,,0.007099043507654402,1.0519804329813408e-05,-1.399377902840565,0.12367242915616314,-1.3993673830362352,0.12368294896049295,1.0519804329813408e-05,1.7620534103868386,,,,,,,1.5259021896696368e-05,0.0008374934338812425,-0.6961576488399326,5GBmFsPk...,943346.400270741,,,,False,7340355,0.9035615100558488,0,5GjN9n3n...,0.179995422293431,1.7096537481596652,1.401923899784119,0.5933007782694949,,,670499.897537459,52.790049364,,NO_ESTIMATE,,,,90785.83090784,0.06087118834321246,1082.01056104,0.0007254796039403001,89703.8203468,,False,False,0.6584098327551874,,,22590.885398994997,0.015147011667030962,30.0
47,36,29,54,34,BitMind,2026-09-09,9031117,0.011787973,0.011800814652815461,-0.0010882005347314875,IN BAND,False,False,0.001714496,34589.206877092,2667123.573974365,1.0,2934279.411187316,632784.982814144,-0.0033068888932364145,,,,,,,0.13026304719880888,-1.5176224372167835,-0.01323977317256643,-1.3873593900179746,0.11702327402624245,0.13026304719880888,0.985331173119937,,,,,,,0.0008850232700083893,0.012968730513505805,0.10016628927685912,5DthmKBR...,2914107.337479493,,,,False,3493948,0.0,72,5E2LP6En...,0.0,1.3372024924045434,1.3372024924045434,0.006409082585607032,,,359469.273754254,70171.661546406,,NO_ESTIMATE,,,,130040.52468146,0.048756842746390826,130040.52468146,0.048756842746390826,0.0,,True,True,0.48756842746391116,,,10912.876586387996,0.004091627659428759,30.0
48,39,51,8,18,Zeus,2026-09-09,9031117,0.003956504,0.0039479664992541075,0.0021625058742279343,IN BAND,False,False,0.000242874,10064.338503555,3152606.330465742,1.0,2543744.795983823,874351.788867292,0.00033872464815844845,7708.387909021229,,0.0,,0.08561210810312551,0.08561210810312551,0.06341925718958524,-4.257757458052657,0.026310488136439866,-4.188889301704524,0.09517864448457228,0.06886815634813241,0.8335959915463849,-0.0054488991585471686,1,0.02630818580556109,MINER_BURN_ONLY,201.31690018903464,201.04663239320035,9.15541313801782e-05,0.003192386694874197,-0.19312941554609894,5GgvCi6h...,2184185.382086162,,,,False,1604679,0.028765889911336995,10,5E4z3h9y...,0.0899977111467155,0.3174813545081451,0.28890875927065307,0.0849381962459942,,COUNTER,338257.945238127,30745.295806132,0.0,DIVERGENT,-1.0,0.15513251966166008,1295.967040512703,472285.796249436,0.14980804665822772,375000.0,0.11894919970696131,97285.79624943598,DORMITORY,True,True,1.1894919970696132,0,,12883.415273522005,0.004086591830074359,30.0
49,96,96,55,113,TensorUSD,2026-09-09,9031117,0.00235378,0.0023358091711997986,0.0076936202759109885,IN BAND,False,True,0.0,1764.583695295,1575694.15474826,1.0,749680.769558632,66287.074432107,-0.0004889739469761811,6973.384160888498,ACCUMULATING_PRE_EMA,0.0,,,,,-6.211550701389199,0.09360571335691702,-6.211550701389199,0.09360571335691702,,1.6678363577605966,0.04713240156136126,1,0.40840723440180426,MINER_BURN_ONLY,2940.532087692991,2940.532087692991,0.0,0.001119877033228519,-0.5242218757791642,5GndoVhM...,576248.44839619,,,,False,7119664,1.0,0,5FRumLA6...,0.179995422293431,2.4372111498858238,1.9985242997438664,0.3286019536019536,,COUNTER,764918.883217572,0.0,0.0,DIVERGENT,-0.9921782863393119,2.2689867842083964,1295.967040512703,65700.230369135,0.041696055145696444,65700.230369135,0.041696055145696444,0.0,FORTRESS,False,True,0.416960551456966,,,19518.059186187013,0.012386959187079872,30.0
50,97,97,56,87,Provenonce,2026-09-09,9031117,0.003928985,0.0038998101372271776,0.007481098244840818,IN BAND,False,True,0.0,1640.69310413,1727027.429927912,1.0,417586.943625415,99934.057590776,-0.0004810604927689679,-4015.589832837868,,0.0,,,,,-1.0791648793288375,0.09102002864556329,-1.0791648793288375,0.09102002864556329,,1.5216897858476373,2.38094951224198,1,0.410002287935139,MINER_BURN_ONLY,2952.0164731330005,2952.0164731330005,0.0,0.0009500098699639555,-0.7582047602716846,5HartH15...,4227.776024343,1.9529743355714588e-05,,,False,7208725,1.0,1,5E2LP6En...,0.0,0.635471584086657,0.635471584086657,0.4173660918663208,,COUNTER,730059.363671724,811.040088965,0.0,DIVERGENT,-0.9922087155646561,2.277848418093365,1295.967040512703,165948.787358761,0.09608925977839732,165948.787358761,0.09608925977839732,0.0,FORTRESS,False,True,0.9608925977839775,,,22571.291288291995,0.01306944574078603,30.0
51,48,58,57,88,Investing,2026-09-09,9031117,0.003114533,0.0030861669220030308,0.0091913622023266,IN BAND,False,False,0.000106821,6239.956097596,3196529.914931543,1.0,2003496.371913089,715959.684966259,-0.0006446650318909965,6882.516317925882,ACCUMULATING_PRE_EMA,0.0,,,,0.04498839152220191,-10.097969411652791,0.11182824012830696,-10.120021286624326,0.08977636515677172,-0.02205187497153524,0.8221415315790284,0.06704026649373715,1,0.0,,0.0,0.0,0.0006866559853513365,0.0019521031442402863,-0.3732276574882057,5FhMsGJS...,2990084.7524905,,,,False,5299805,0.41862879828981514,170,5DjtmV76...,0.0,0.4596274483416193,0.4596274483416193,0.00781345379074594,,COUNTER,175269.313011837,0.0,0.0,OK,0.0,0.0,1295.967040512703,1137343.310942232,0.3558056208482533,1137343.310942232,0.3558056208482533,0.0,DORMITORY,True,True,3.5580562084825345,0,,9948.598622724001,0.003112312065734902,30.0
52,51,1,13,107,Minos,2026-09-09,9031117,0.05888199,0.05812711478210986,0.01298662802583276,IN BAND,False,False,0.019086748,22340.273246728,1608298.883158174,1.0,379407.857307388,530791.889026909,0.001226016808458981,-886.8135459685582,DISTRIBUTING_PRE_EMA,0.0,,0.020821592620408738,0.020821592620408738,2.2452712726486697,6.017094584109258,0.15800397431429858,5.937224120740732,0.0781335109457727,-0.07987046336852588,1.6340246377834111,2.3251417360171955,1,0.024879588140860266,MINER_BURN_ONLY,237.60496944800252,237.1995677542511,0.0001373311970702673,0.01389062286908948,-0.7640938618227835,5DA2vLrS...,1356323.854250429,0.0,,,False,7457580,0.0,2,5G9hfkx9...,0.009994659342336155,0.5958444190213095,0.5898891570321593,0.013001480215470542,,COUNTER,406798.248425295,11728.725039684,0.0,OK,0.011214498640911797,0.18302901257458798,1295.967040512703,41164.694002343,0.025595176638753225,41164.694002343,0.025595176638753225,0.0,DORMITORY,False,True,0.25595176638753225,,,26415.436991315994,0.01642445770990321,30.0
53,98,98,58,112,parked,2026-09-09,9031117,0.003044867,0.0030272318981587887,0.005825487585519107,IN BAND,False,True,0.0,3953.294862692,2204468.168397022,1.0,1298347.018278016,154634.063438968,-0.0010482548438311206,-3581.688926894916,,0.0,,,,,-5.673860510195565,0.0708767656238158,-5.673860510195565,0.0708767656238158,,1.192124267283455,1.7901401818270557,1,0.4100022879354138,SKIN_IN_GAME,2952.0164731349796,2952.0164731349796,0.0,0.0017933100234178644,-0.41103830695466687,5GyUNPbb...,675864.900197581,0.312404063994951,BUYBACK_JUSTIFIED,,False,5633022,1.0,0,5C4xjnQk...,0.179995422293431,2.232300224054304,1.8304964025399288,0.4002472074711591,,COUNTER,998153.837030235,0.0,0.0,DIVERGENT,-0.9922087155646613,2.277848418094892,1295.967040512703,109192.016768061,0.049532135838214406,109192.016768061,0.049532135838214406,0.0,FORTRESS,True,True,0.4953213583821441,,,15985.55885021399,0.007251435552293723,30.0
54,99,99,59,104,TAOstatus,2026-09-09,9031117,0.004308773,0.0042941279243677855,0.003410488902556582,IN BAND,False,True,0.0,6027.128560624,3174851.989009644,1.0,1398803.72935805,75357.464049228,-0.0017383027949343672,366.3117363860365,ACCUMULATING_PRE_EMA,0.0,,,,,0.09894820949736474,0.04149428164777175,0.09894820949736474,0.04149428164777175,,0.8277551234190833,0.4441411274084185,1,0.0,,0.0,0.0,0.0,0.0018983967068348557,-0.5594112971755868,5HBb3F1b...,1102342.143505937,,,,False,5528520,1.0,25,5Coeuhim...,0.179995422293431,1.3826274188552707,1.1337608127239398,0.4145176549577319,,COUNTER,340321.172598343,174537.540872008,2952.016473126976,OK,0.007731049628903026,0.0,1295.967040512703,3017.92106809,0.0009505706340128957,3017.92106809,0.0009505706340128957,0.0,NEITHER,True,True,0.009505706340128957,,,9486.332690410001,0.0029879606114706298,30.0
55,100,100,60,46,Instant,2026-09-09,9031117,0.003229858,0.003220312064513564,0.002964288955603989,IN BAND,False,True,0.0,8088.964002527,3222442.304593649,1.0,2504432.829005208,1443743.690808568,-0.006844200137852545,21544.463209663983,ACCUMULATING_PRE_EMA,0.0,,,,,-5.511685835553054,0.0360655156265152,-5.511685835553054,0.0360655156265152,,0.8155305050004275,-1.6236272627527084,1,0.41000228807514455,MINER_BURN_ONLY,2952.016474141041,2952.016474141041,0.0,0.0025101966887028627,-0.22281515512358044,5Ft9E2ov...,680019.754111031,,,,False,3919107,1.0,238,5CDnZ6oe...,0.179995422293431,1.941471816117325,1.5920157767044927,0.2252945126045291,,COUNTER,1003111.195813215,28041.129768459,0.0,DIVERGENT,-0.9816496805951457,2.277848418871194,1295.967040512703,168771.109593758,0.0523736637125114,168771.109593758,0.0523736637125114,0.0,FORTRESS,True,True,0.5237366371251155,,,9329.271380883009,0.002895093379199983,30.0
56,101,101,61,122,CookingTAO,2026-09-09,9031117,0.004544995,0.004531933693215251,0.002882060433563421,IN BAND,False,True,0.0,1421.938779802,694078.249751792,1.0,312858.101066978,46596.135165487,0.0003625880589275153,838.2319309980958,,0.0,,,0.079777438463082,,-1.089267995500187,0.035065068608354955,-1.089267995500187,0.035065068608354955,,3.786316601823777,3.364166325882146,1,0.41000228793569676,MINER_BURN_ONLY,2952.016473137017,2952.016473137017,0.0,0.0020486721494449604,-0.5492465559489151,5F3uH1G4...,398998.64750008,,,,True,8238082,1.0,0,5CfPqfaz...,0.179995422293431,3.527256017440555,2.8923660810442966,0.306166358933667,,COUNTER,329121.495624629,4689.8056909,0.0,DIVERGENT,-0.9922087155646667,2.277848418096464,1295.967040512703,118795.275455429,0.17115545040910177,118795.275455429,0.17115545040910177,0.0,FORTRESS,False,True,1.7115545040910298,0,,37170.45456638901,0.05355369452894031,30.0
57,102,102,62,2,DSperse,2026-09-09,9031117,0.003274499,0.003266339423134923,0.002498079901704119,IN BAND,False,True,0.0,7997.864834751,3269742.890290994,1.0,2442469.520985015,708680.174547023,-0.002026472196230547,-1382.4614796862006,,0.0,,,,,-7.39370471280717,0.030393305470733448,-7.39370471280717,0.030393305470733448,,0.8037329197361198,0.9580225280881886,1,0.40639306335152164,SKIN_IN_GAME,2926.030056130956,2926.030056130956,0.0,0.0024460225476747566,-0.2530086136307397,5EcYQ3W7...,2871843669659785.0,83122248.28527251,BUYBACK_GAMING,,False,2734060,1.0,14,5CFxLBvp...,0.179995422293431,0.7014935803654865,0.5752279471314699,0.869716483046968,,COUNTER,708569.25644446,0.0,0.0,DIVERGENT,-0.9921502981675171,2.257796660456254,1295.967040512703,1144508.261830867,0.3500300483041987,1144508.261830867,0.3500300483041987,0.0,FORTRESS,True,True,3.5003004830419875,0,,9740.092961103997,0.002978855918618472,30.0
58,103,103,63,42,Unknown,2026-09-09,9031117,0.002517462,0.002512301318347454,0.0020541650855560416,IN BAND,False,True,0.0,7418.733833902,2679841.869538649,1.0,2946909.679409512,367625.554994746,-0.0007519273179352004,-19305.366888710298,,0.0,,,,,-2.1727737074444766,0.024992341874265172,-2.1727737074444766,0.024992341874265172,,0.9806548773911149,3.641974949612989,1,0.4100022879841708,,2952.01647348603,2952.01647348603,0.0,0.0027683476096965302,0.09965815162116863,5EC5HHfL...,99650.606015945,0.07430693526884462,,,False,3613591,1.0,11,5Gbdb5s2...,0.179995422293431,10.81263883518172,8.866413341936836,0.0,,COUNTER,513299.018466424,0.0,0.0,DIVERGENT,-0.9901270307972,2.277848418365771,1295.967040512703,5444.016612431,0.002031469346871657,5444.016612431,0.002031469346871657,0.0,EXPOSED,True,True,0.02031469346871657,,UNDEFENDED_BURNER,9220.757995425,0.003440784361284873,30.0
59,44,71,64,35,OxMarkets,2026-09-09,9031117,0.002314728,0.0023168043699115515,-0.000896221510334473,IN BAND,False,True,3.4983e-05,6965.985933892,2927798.599898745,1.0,3009418.075569218,794741.223546426,-0.005304274305624786,,,,,,,0.013197747579808041,-4.0615127113621154,-0.010904028375736088,-4.048314963782308,0.0022937192040719534,0.013197747579808041,0.8976027244807367,,,,,,,1.5259021896696368e-05,0.002379257211931487,0.027877665078353635,5EqZVDbW...,9248.54954318,,,,False,3037158,0.0,133,5FntQXN2...,,0.3187410661201673,0.3187410661201673,0.007172068607703107,,,266886.343998939,0.0,,NO_ESTIMATE,,,,90049.100781876,0.030756589877797693,90049.100781876,0.030756589877797693,0.0,,True,True,0.3075658987779793,,,8870.134116996001,0.003029625780032399,30.0
60,104,104,65,73,Parked,2026-09-09,9031117,0.003619856,0.003619173774495721,0.00018850310783268478,IN BAND,False,True,0.0,7395.02392136,3586650.528218934,1.0,2042905.381286859,579076.006186448,-0.0012004820451322843,14418.169275881723,ACCUMULATING_PRE_EMA,0.0,,,,,3.4657032881400194,0.002293454478630998,3.4657032881400194,0.002293454478630998,,0.7327170515564608,-0.7354434050554082,1,0.4100022879326328,MINER_BURN_ONLY,2952.016473114956,2952.016473114956,0.0,0.0020618189207946714,-0.43041410465093877,5Fvs6HPW...,1540197.646094812,,,,False,5160047,1.0,0,5Dnkprjf...,0.179995422293431,1.0596188487617229,0.8688923066087774,0.5147034137557417,,COUNTER,1551610.530294948,0.0,0.0,DIVERGENT,-0.9922087155646084,2.2778484180794414,1295.967040512703,995276.487170146,0.27749469298431545,927225.317134408,0.25852123306667724,68051.17003573792,FORTRESS,True,True,2.5852123306667747,0,,9298.241473662996,0.0025924581724666483,30.0
61,105,105,66,52,Dojo,2026-09-09,9031117,0.006352516,0.006357570178806782,-0.0007949859245958758,IN BAND,False,True,0.0,17955.976520231,3084579.549679253,1.0,2826592.707582162,765903.095880288,-0.001055169699966047,3779.3331274781376,ACCUMULATING_PRE_EMA,0.0,,,,,-0.31240973360793495,-0.009672328749249821,-0.31240973360793495,-0.009672328749249821,,0.8519799725292447,0.40246807015886066,1,0.41000228793709537,MINER_BURN_ONLY,2952.016473147087,2952.016473147087,0.0,0.005821207147048011,-0.08363754659602414,5Fv1ZvNP...,20231.752432386,,,ENTRY_REPEATED,False,3989825,1.0,130,5E2LP6En...,0.0,0.38871762413910554,0.38871762413910554,0.7302914695559285,,COUNTER,1159818.52213709,0.0,0.0,DIVERGENT,-0.9922087155646933,2.2778484181042344,1295.967040512703,167638.354572778,0.05434723010797686,167638.354572778,0.05434723010797686,0.0,FORTRESS,True,True,0.5434723010797685,,,8445.140412111,0.0027378578753104814,30.0
62,106,106,67,12,Compute Horde,2026-09-09,9031117,0.00484265,0.004846586845815182,-0.0008122924318545126,IN BAND,False,True,0.0,12742.615438072,3537431.342316073,1.0,2631330.841850891,424528.251767614,-0.0016389071287063602,4157.6821123478,ACCUMULATING_PRE_EMA,0.0,,,,,-0.4247428829731255,-0.009882891254229902,-0.4247428829731255,-0.009882891254229902,,0.7429119453324462,0.3117937897076889,1,0.4075047945368899,MINER_BURN_ONLY,2934.2146991961636,2934.0345206656075,6.103608758678547e-05,0.003602222687869608,-0.25614638929726335,5ELzhHvg...,1613531.01109508,,,ENTRY_PRE_EMA_PATTERN,False,2256433,0.006149761181730717,157,5Hdt5YNb...,,4.117185432590574,4.117185432590574,0.0,,COUNTER,1604297.773557478,0.0,0.0,DIVERGENT,-0.9921614461251589,2.2639731018968363,1295.967040512703,3870.537061652,0.0010941659885666732,3870.537061652,0.0010941659885666732,0.0,EXPOSED,True,True,0.010941659885666732,,UNDEFENDED_BURNER,8591.609642663005,0.002428770712773126,30.0
63,107,107,68,31,rec4ll,2026-09-09,9031117,0.004343631,0.004348331829532981,-0.0010810650422431282,IN BAND,False,True,0.0,1878.926428307,1768538.707962572,1.0,432570.418830232,53250.906655298,-3.4653599990985635e-05,195.81188086018665,ACCUMULATING_PRE_EMA,0.0,,,,,-2.6012033986144254,-0.01315295801395806,-2.6012033986144254,-0.01315295801395806,,1.485972564902219,1.4465259786363587,1,0.41000228793834037,MINER_BURN_ONLY,2952.016473156051,2952.016473156051,0.0,0.0010624174748606996,-0.7554079812809376,5H3mfhC8...,891134.716181561,,,,False,7173591,1.0,0,5CDZ527X...,0.179995422293431,1.7626631571642968,1.445391857829437,0.45785007935539007,,COUNTER,743502.691766874,729.248648798,0.0,DIVERGENT,-0.9922087155648747,2.277848418111151,1295.967040512703,417025.803883264,0.23580247466774112,417025.803883264,0.23580247466774112,0.0,FORTRESS,False,True,2.3580247466774114,0,,20384.170300181002,0.011525996127992238,30.0
64,108,108,69,126,Poker44,2026-09-09,9031117,0.004161971,0.004172265296801925,-0.002467315970970242,IN BAND,False,True,0.0,2394.341899037,1265825.114680937,1.0,575290.366246027,63862.273978652,-0.0001583244541660852,3092.4687044230523,ACCUMULATING_PRE_EMA,0.0,,,,,-2.9814108937925954,-0.030019010980137942,-2.9814108937925954,-0.030019010980137942,,2.076116178704838,1.1816120308560532,1,0.4100022879355594,MINER_BURN_ONLY,2952.0164731360273,2952.0164731360273,0.0,0.0018915266186992317,-0.5455214323455806,5DqrUa2z...,554218.341729303,,,,False,7525773,1.0,2,5G9hfkx9...,0.009994659342336155,1.0755706889078602,1.0648207262736245,0.01988341573582372,,COUNTER,413074.050509096,5493.154491675,0.0,DIVERGENT,-0.9922087155646641,2.2778484180957004,1295.967040512703,171439.094523612,0.13543663538926135,1096.553699538,0.0008662758281695151,170342.540824074,EXPOSED,False,False,1.1434406440319864,0,,25526.393682086004,0.02016581389169243,30.0
65,52,45,70,50,Synth,2026-09-09,9031117,0.004795405,0.004742919467389584,0.01106608133899087,IN BAND,False,False,0.000523761,11099.819705523,3373553.663985369,1.0,2314677.944172381,1221810.421017836,-0.0056701551055483215,5099.8142558876425,ACCUMULATING_PRE_EMA,0.0,,,,0.1240059698731066,-6.947368870885641,0.13463732295772224,-7.116165322284039,-0.034159128440676034,-0.16879645139839827,0.7790005026614564,0.29280242127150485,1,0.0,,0.004337461024988443,0.0,0.0018158236057068677,0.0032902454832777605,-0.31387536959281637,5DxyiWpG...,2289317.6139722182,,,,False,4763204,0.006833190656720056,205,5CZbbBSr...,,5.152773062454708,5.152773062454708,0.0,,COUNTER,467621.59270846,0.0,0.0,DIVERGENT,0.9999762778486446,0.0,1295.967040512703,212500.00519846,0.06298995847228403,212500.00519846,0.06298995847228403,0.0,DORMITORY,True,True,0.6298995847228402,,,18460.705272010997,0.0054721836706170335,30.0
66,109,109,71,72,StreetVision by NATIX,2026-09-09,9031117,0.002360267,0.002368122572079301,-0.003317215152593769,IN BAND,False,True,0.0,6515.610214163,2578847.868395971,1.0,2760539.294423385,237469.438804127,-0.000693472829379333,18848.39131507231,ACCUMULATING_PRE_EMA,0.0,,,,,-5.475339190977316,-0.040359451023224184,-5.475339190977316,-0.040359451023224184,,1.0190597251611437,-1.6444870611320102,1,0.4100022879355594,MINER_BURN_ONLY,2952.0164731360273,2952.0164731360273,0.0,0.0025265585822306274,0.07045456392460143,5FjP8fFb...,0.045244685,,,,False,5064327,1.0,119,5EAHFCo6...,,0.39320942134987547,0.39320942134987547,0.0662597283686861,,COUNTER,465930.186361331,0.0,0.0,DIVERGENT,-0.9922087155646641,2.2778484180957004,1295.967040512703,410032.910567311,0.15899848749990403,404044.577037903,0.15667639103085848,5988.333529407973,FORTRESS,True,True,1.5667639103085853,0,,9156.582791995004,0.003550648684712971,30.0
67,49,76,72,123,MANTIS,2026-09-09,9031117,0.002549738,0.0025502515491098166,-0.00020137194309150847,IN BAND,False,True,9.296e-06,5930.587169223,1991803.443204903,1.0,2325958.633083944,549251.980718371,-0.0026115959502149458,6957.278733125422,ACCUMULATING_PRE_EMA,0.0,,,,0.00411930341851812,-1.75070445261703,-0.002450025307613353,-1.793146972232717,-0.044892544923300456,-0.0424425196156871,1.3194072984287182,0.046561823034205224,1,0.14227486922016822,MINER_BURN_ONLY,1033.6997021939605,1028.1141677467185,0.0018921187151903496,0.0029774961929378,0.16776554804368124,5HVuEdEG...,1651624.793908381,,,,False,5794330,0.3781626943480454,158,5Dszzjqs...,0.179995422293431,7.338750041926776,6.017808629024231,0.0,,COUNTER,296876.815859761,8560.983387542,0.0,DIVERGENT,-0.9849040128505154,0.7933181443719293,1295.967040512703,350656.879907587,0.17604994162645085,350656.879907587,0.17604994162645085,0.0,FORTRESS,True,True,1.7604994162645085,0,,11344.323723686999,0.005695503621297823,30.0
68,110,110,73,39,deprecated,2026-09-09,9031117,0.007559861,0.007588258478790522,-0.0037422919725116767,IN BAND,False,True,0.0,18354.21755998,3583085.421252774,1.0,2427850.940144581,1092784.815755165,-0.008167090216750057,10435.068562211469,ACCUMULATING_PRE_EMA,0.0,,,,,0.6493490926916489,-0.045531218998892065,0.6493490926916489,-0.045531218998892065,,0.733446092133957,-0.33159741638321544,1,0.41000228793861526,MINER_BURN_ONLY,2952.01647315803,2952.01647315803,0.0,0.005122461622353037,-0.3224132530541187,5DkwfxC9...,558828.011788666,,,,False,3280104,1.0,136,5GP7c3fF...,0.0009918364232852674,2.3100233833743222,2.307732218044051,0.1980772165420418,,COUNTER,1536393.254699125,0.0,0.0,DIVERGENT,-0.9921862934502166,2.2778484181126784,1295.967040512703,483956.836155044,0.13506706630115323,482381.891746066,0.1346275165210569,1574.9444089779863,FORTRESS,True,True,1.3462751652105696,0,,8997.911049793996,0.002511218682207137,30.0
69,111,111,74,30,Endure Network,2026-09-09,9031117,0.003749282,0.0037636994384229183,-0.0038306561559441443,IN BAND,False,True,0.0,8928.975497588,3508394.027560115,1.0,2381515.636918393,409792.286219361,-0.0016359655505931488,19020.372303747106,ACCUMULATING_PRE_EMA,0.0,,,,,-4.158753222782497,-0.04660631656398709,-4.158753222782497,-0.04660631656398709,,0.7490606754417554,-1.2279486956857248,1,0.4100022879354138,MINER_BURN_ONLY,2952.0164731349796,2952.0164731349796,0.0,0.002545032122232173,-0.3211947988355709,5HTogQKF...,518.400764657,,,ENTRY_REPEATED,False,3250216,1.0,116,5E2LP6En...,0.0,0.3180210243743101,0.3180210243743101,0.6815712367232328,,COUNTER,792890.560764991,18187.150616168,0.0,DIVERGENT,-0.9922087155643459,2.277848418094892,1295.967040512703,4962.596266974,0.0014144922799407451,4962.596266974,0.0014144922799407451,0.0,EXPOSED,True,True,0.01414492279940745,,UNDEFENDED_BURNER,8793.020773531001,0.002506280852281019,30.0
70,112,112,75,27,Orion,2026-09-09,9031117,0.002423714,0.002433142624795437,-0.003875081016358245,IN BAND,False,True,0.0,6348.734918955,3406906.01106933,1.0,2619423.804108802,828345.310194015,-0.002571603639063033,16249.734710212331,ACCUMULATING_PRE_EMA,0.0,,,,,-3.418786855726497,-0.04714681903235864,-3.418786855726497,-0.04714681903235864,,0.7713743764757239,-0.9694931279215843,1,0.410002287931404,MINER_BURN_ONLY,2952.0164731061086,2952.0164731061086,0.0,0.0018634898932719057,-0.2311428273831377,5GLT9wjW...,59968.905775129,,,,False,1727132,1.0,203,5H6Bqkzj...,0.179995422293431,17.967411590419037,14.733359753681675,0.0,,COUNTER,1308144.855536353,0.0,0.0,DIVERGENT,-0.9922087155645851,2.2778484180726144,1295.967040512703,29259.979274079,0.008588431608917538,29259.979274079,0.008588431608917538,0.0,FORTRESS,True,True,0.08588431608917539,,,8739.767482002,0.002565309243520586,30.0
71,113,113,76,24,Quasar,2026-09-09,9031117,0.004112637,0.004131153225898743,-0.004482096133027046,IN BAND,False,True,0.0,8783.351565542,3746352.699274151,1.0,2135697.889050818,1576624.747169498,-0.003987432863262727,22718.89649772318,ACCUMULATING_PRE_EMA,0.0,,,,,2.1644968748297333,-0.05453216961849572,2.1644968748297333,-0.05453216961849572,,0.7014822711457921,-1.508339888422308,1,0.4100022879388901,MINER_BURN_ONLY,2952.016473160009,2952.016473160009,0.0,0.0023445073837398593,-0.42992601006608183,5ELutYW7...,312520.335516801,,,,False,2538424,1.0,155,5ELpkVn8...,0.179995422293431,3.4477308841816945,2.8271551077293062,0.0,,COUNTER,664267.842371684,0.0,0.0,DIVERGENT,-0.9908550568786356,2.277848418114205,1295.967040512703,700000.000065042,0.18684839796334865,0.0,0.0,700000.000065042,EXPOSED,True,False,0.8853588884531515,38638,TAKEOVER_IMMINENT,8660.288894979,0.0023116587225375,30.0
72,114,114,77,95,Actual,2026-09-09,9031117,0.041757673,0.04198884475044906,-0.005505551577400495,IN BAND,False,True,0.0,27148.16269346,2922160.703951855,1.0,650135.902404313,575689.176968304,-0.0011390409750780188,3085.879611114273,ACCUMULATING_PRE_EMA,0.0,,,,,-3.973023781988574,-0.06698421085837268,-3.973023781988574,-0.06698421085837268,,0.8993345220356841,0.5117285614838927,1,0.4100022879368044,MINER_BURN_ONLY,2952.0164731449913,2952.0164731449913,0.0,0.00929044136988959,-0.7775153474215485,5D5UhUuc...,461880.427640943,,,,False,5403674,1.0,0,5ExqqyEB...,0.179995422293431,2.332824575783534,1.912926831128883,0.0,,COUNTER,1058475.189924324,14658.86980412,0.0,DIVERGENT,-0.9922087155646877,2.2778484181026175,1295.967040512703,9024.997700073,0.0030884672728189876,9024.997700073,0.0030884672728189876,0.0,EXPOSED,True,True,0.030884672728189882,,UNDEFENDED_BURNER,15453.524902322997,0.0052883898142302875,30.0
73,50,73,78,60,Bitsec.ai,2026-09-09,9031117,0.004163424,0.00418145046569407,-0.004311055659265813,IN BAND,False,True,2.3341e-05,7108.830412335,3917249.071273531,1.0,1707447.761291749,938369.902115115,0.00042835187573598795,6658.620041406713,,0.0,,,0.10288451902472291,0.008628725745597287,-8.800765358173466,-0.05245117718773406,-8.845280066998022,-0.09696588601229009,-0.04451470882455602,0.6708789643405583,0.05314343457015331,1,0.2038520112419768,MINER_BURN_ONLY,1476.00823657203,1475.963191939391,1.5259021896696368e-05,0.001814750679109577,-0.5641206182436433,5CXLwkK1...,127149.890712702,,,,False,4796992,1.0,113,5CXLwkK1...,0.179995422293431,4.237070148948863,3.4744169182019218,0.0,,COUNTER,670320.478142126,0.0,0.0,DIVERGENT,-0.9920214320589242,1.1388894515060188,1295.967040512703,1060550.260224778,0.2707385312826136,1060550.260224778,0.2707385312826136,0.0,FORTRESS,True,True,2.707385312826138,0,,9184.208942244006,0.0023445557775722803,30.0
74,115,115,79,57,SN57,2026-09-09,9031117,0.00485351,0.004893184639513493,-0.008108142740642041,IN BAND,False,True,0.0,1777.37987439,1013278.444390494,1.0,366205.016243966,32736.573166182,-0.00013780237056893412,3228.7582727111876,ACCUMULATING_PRE_EMA,0.0,,,,,-2.421951689867803,-0.09864907001114483,-2.421951689867803,-0.09864907001114483,,2.593561537352935,1.427792868772764,1,0.4100022880908283,MINER_BURN_ONLY,2952.0164742539637,2952.0164742539637,0.0,0.0017540883103055916,-0.6385938608747913,5HdpnCSY...,897968.876017115,,,ENTRY_PRE_EMA_PATTERN,False,8057320,1.0,0,5Ejcqsbx...,0.179995422293431,1.988839120073312,1.6308571827820204,0.657520867986144,,COUNTER,400252.781457297,6427.093693354,0.0,DIVERGENT,-0.9922087155676147,2.2778484189583277,1295.967040512703,1254.306998862,0.001237870010761444,1254.306998862,0.001237870010761444,0.0,EXPOSED,False,True,0.01237870010761444,,,30420.717624707002,0.030022071221504798,30.0
75,116,116,80,116,Memo,2026-09-09,9031117,0.005846504,0.005904939956963062,-0.009896113658895932,IN BAND,False,True,0.0,1419.132133238,691081.896836068,1.0,242731.733097911,107250.267064944,0.0001614247536338362,1453.7561110325914,,0.0,,,0.027610475188905408,,-6.578079530083478,-0.12040271618323384,-6.578079530083478,-0.12040271618323384,,3.802733094343216,3.047568880316122,1,0.4100022880408344,MINER_BURN_ONLY,2952.0164738940075,2952.0164738940075,0.0,0.0020534934278196456,-0.6487655823343924,5F48aA3P...,101407.228815784,,,,True,8294730,1.0,0,5CXN6pP6...,0.179995422293431,10.625337318513626,8.712825240857613,0.0,,COUNTER,212453.755589635,1764.319155568,0.0,DIVERGENT,-0.99192198993779,2.2778484186805765,1295.967040512703,30.45052749,4.4062111349479014e-05,30.45052749,4.4062111349479014e-05,0.0,EXPOSED,False,True,0.0004406211134947902,,,36010.26307076702,0.052107084899243185,30.0
76,117,117,81,20,ChronoSeek,2026-09-09,9031117,0.002594969,0.002623317763209343,-0.010806454180625612,IN BAND,False,True,0.0,6816.790134295,3239123.985906947,1.0,2626925.410423879,286623.17776742,-0.0009316292818717833,19815.25281080464,ACCUMULATING_PRE_EMA,0.0,,,,,-3.159315716303676,-0.13147852586427827,-3.159315716303676,-0.13147852586427827,,0.8113304743610074,-1.419112051932736,1,0.41000228793376464,MINER_BURN_ONLY,2952.0164731231052,2952.0164731231052,0.0,0.0021045165803945955,-0.18900126344684828,5CFVA7aP...,1236185.628322745,,,,False,1970929,1.0,240,5ED4s3B3...,0.179995422293431,1.3003297628701482,1.0662763580816188,0.4918740748653309,,COUNTER,1385472.667207079,0.0,0.0,DIVERGENT,-0.9907184675925352,2.2778484180857297,1295.967040512703,596100.462914977,0.18403138178981138,590058.657972131,0.18216612285896058,6041.804942845949,FORTRESS,True,True,1.821661228589608,0,,9082.715708411999,0.002804065465826514,30.0
77,53,67,82,6,Numinous,2026-09-09,9031117,0.002734908,0.002728181192651391,0.002465674701785981,IN BAND,False,True,6.6307e-05,8119.707071706,2768654.931790108,1.0,2968913.672977781,696452.406289436,-0.004023880888700968,5893.573026730213,ACCUMULATING_PRE_EMA,0.0,,,,0.021460724440073676,-1.911801357752205,0.02999904220506277,-2.089047830680375,-0.14724743072310736,-0.17724647292817014,0.949197377334717,0.19870719736824383,1,0.0,,0.0,0.0,0.0019226367589837423,0.0029327262774693644,0.07233087089926409,5CfSg4e2...,72714.51179297,,,,False,3219949,0.2346771850968522,163,5DydwY1R...,,0.32241144811665445,0.32241144811665445,0.006272032230005036,,COUNTER,185360.665463109,0.0,0.0,OK,0.0,0.0,1295.967040512703,662466.459537209,0.2392737541723494,662466.459537209,0.2392737541723494,0.0,DORMITORY,True,True,2.3927375417234935,0,,9140.056833973995,0.0033012625477543273,30.0
78,46,83,83,43,Graphite,2026-09-09,9031117,0.004603113,0.004666379652917385,-0.01355797376620041,IN BAND,False,True,9.69e-07,13257.544480278,3080899.15946044,1.0,2880125.436450529,157635.657495578,-0.0008349041341164327,,,,,,,0.00019208172401670882,-0.918586752837604,-0.16495534748877164,-0.9183946711135873,-0.16476326576475492,0.00019208172401670882,0.8529977334474795,,,,,,,4.57770656900891e-05,0.00430314132144455,-0.06516713331944059,5HjMs5JD...,2913642.070870174,,,,False,3408582,0.2014283098333638,123,5FNx9hg4...,,15.51541101638934,15.51541101638934,0.0,,,925061.796328893,0.0,,NO_ESTIMATE,,,,3451.069241962,0.001120150015739687,3451.069241962,0.001120150015739687,0.0,,True,True,0.01120150015739687,,,9506.082530348,0.003085489669844568,30.0
79,118,118,84,37,Aurelius,2026-09-09,9031117,0.003368087,0.003420104505494237,-0.015209332174111403,IN BAND,False,True,0.0,8003.434871989,3617926.708012996,1.0,2376254.731726322,356981.94489978,-0.0011818962588911177,-27073.115597067866,,0.0,,,,,-6.6204825768437745,-0.18504687478502208,-6.6204825768437745,-0.18504687478502208,,0.7263828739757212,3.4884325833120093,1,0.4100022879359959,MINER_BURN_ONLY,2952.0164731391706,2952.0164731391706,0.0,0.0022121605875163163,-0.34319968946279705,5GRBbS3a...,30873.42027415,0.03179828664820282,,,False,3212175,1.0,9,5FeKsRjZ...,0.09999237048905166,2.167557905202691,1.9508186520891908,0.03293148176407752,,COUNTER,1291937.906330825,0.0,0.0,DIVERGENT,-0.9922087155646724,2.277848418098126,1295.967040512703,45507.151093348,0.01257824018174791,45507.151093348,0.01257824018174791,0.0,FORTRESS,True,True,0.12578240181747907,,,8590.570213050996,0.002374445616608146,30.0
80,119,119,85,78,Umi,2026-09-09,9031117,0.004763343,0.004843932576477528,-0.016637220936739798,IN BAND,False,True,0.0,1603.249476783,970783.031643242,1.0,336580.821465678,152983.697845612,0.0001379181554245564,1086.9122028733254,,0.0,,,0.0289540676421069,,1.8491878959104033,-0.20241952139700087,1.8491878959104033,-0.20241952139700087,,2.7070930520402596,2.302715120479571,1,0.4100022879372227,MINER_BURN_ONLY,2952.0164731480036,2952.0164731480036,0.0,0.0016515013391500918,-0.653289435770195,5GvYz1tB...,793093.193929237,,,,False,7966145,1.0,0,5Fk765B4...,0.179995422293431,1.3763563009118385,1.1286184673029875,0.013077580418726729,,COUNTER,79477.056329429,8107.779671713,0.0,DIVERGENT,-0.9908546925229952,2.277848418104942,1295.967040512703,68337.060916456,0.0703937529694787,68337.060916456,0.0703937529694787,0.0,FORTRESS,False,True,0.7039375296947936,,,33586.80141303399,0.03459763955307469,30.0
81,42,75,86,92,MicroTensor,2026-09-09,9031117,0.003337642,0.0034068904351443052,-0.020325994176379213,IN BAND,False,True,1.0366e-05,919.535727793,581925.427461646,1.0,275504.592243875,77741.384808982,-2.6195570558567144e-05,,,,,,,0.029625654747949624,-11.901318923218502,-0.24729959581261374,-11.871693268470553,-0.21767394106466412,0.029625654747949624,4.516042564875219,,,,,,,1.5259021896696368e-05,0.0015801607635603883,-0.5265637346484769,5E9LPDS2...,628166.033229748,,,,True,8352006,0.5,0,5FeHbWK1...,0.179995422293431,1.6881548104753217,1.3842946724671292,0.4841909296221693,,,213705.184408709,0.041020142,,NO_ESTIMATE,,,,50000.0,0.08592166219321193,50000.0,0.08592166219321193,0.0,,False,True,0.8592166219321192,,,40051.263661615005,0.06882542293489097,30.0
82,120,120,87,115,MoirAI,2026-09-09,9031117,0.002731784,0.0027876875828951597,-0.020053747499603522,IN BAND,False,True,0.0,3634.064323836,1702369.601558678,1.0,1330289.333094778,159077.193981925,-0.0010310414951094963,22254.955742985476,ACCUMULATING_PRE_EMA,0.0,,,,,-0.5202728295190306,-0.24398726124517617,-0.5202728295190306,-0.24398726124517617,,1.543730572722763,-3.205703778124197,1,0.4100022882033308,MINER_BURN_ONLY,2952.0164750639815,2952.0164750639815,0.0,0.002134709360710315,-0.21856583071344035,5EkNnrTj...,107677.136951369,,,,False,5683635,1.0,0,5EhTo9AX...,0.179995422293431,10.64306693134944,8.727363604543946,0.063609309423884,,COUNTER,940151.034206698,0.0,0.0,DIVERGENT,-0.9901468508988749,2.2778484195833575,1295.967040512703,2942.008322496,0.001728184243775451,2942.008322496,0.001728184243775451,0.0,EXPOSED,True,True,0.01728184243775451,,UNDEFENDED_BURNER,17584.775798232,0.010329587524431532,30.0
83,121,121,88,99,Thirty Spokes,2026-09-09,9031117,0.002921906,0.0029851202853024006,-0.021176461670118815,IN BAND,False,True,0.0,670.244338608,381860.700301989,1.0,229386.022250216,31500.696909812,,-1150.1338524234307,,,,,,,-7.598645466237146,-0.2576469503197789,-7.598645466237146,-0.2576469503197789,,6.8820907674491885,8.134679225634263,1,0.4100022879349995,SKIN_IN_GAME,2952.0164731319965,2952.0164731319965,0.0,0.001755206383055253,-0.39929402826262966,5DebFXsw...,1081704.900215554,2.633524021516191,BUYBACK_GAMING,,True,8572056,1.0,0,5FWbrcGF...,0.179995422293431,1.9896854714272951,1.6315511947666348,0.9974974440358293,,COUNTER,78055.005570492,0.012273672,0.0,DIVERGENT,-0.9914509165796418,2.27784841809259,1295.967040512703,0.0,0.0,0.0,0.0,0.0,EXPOSED,False,,,,,50157.43084279101,0.13135007295363135,30.0
84,41,78,89,16,trav,2026-09-09,9031117,0.001488619,0.0015302249230444431,-0.027189416678475242,IN BAND,False,True,6.767e-06,409.934079682,432085.477869609,1.0,275378.635705677,51371.933582099,0.000900611716787907,,,,,,0.6049981336983519,0.043381794491922726,-8.044788098407402,-0.33080456958811544,-8.001406303915479,-0.28742277509619274,0.043381794491922726,6.082129890033135,,,,,,,0.0,0.0009487337591237129,-0.3626752317928813,5FkKY8WJ...,673493.408819564,,,,True,8460646,1.0,1,5E2LP6En...,0.0,0.9530144326240102,0.9530144326240102,0.4064149906918546,,,63578.799840379,0.04568655,,NO_ESTIMATE,,,,7333.737256624,0.01697288530219271,0.0,0.0,7333.737256624,,False,False,0.13307715788537314,,,42542.46249343299,0.0984584409158761,30.0
85,122,122,90,125,Refinery,2026-09-09,9031117,0.003321135,0.0034025930799543858,-0.023940000476189167,IN BAND,False,True,0.0,5971.03863885,2544369.813137517,1.0,1797890.875874364,240919.144913988,-0.00024021262101779379,66252.26078962698,ACCUMULATING_PRE_EMA,0.0,,,,,3.4469823079462913,-0.2912700057936349,3.4469823079462913,-0.2912700057936349,,1.032868723104114,-8.282311380520524,1,0.4100022880675129,MINER_BURN_ONLY,2952.016474086093,2952.016474086093,0.0,0.0023467652414438074,-0.29338456839489885,5DTzv2rL...,73432.724546662,,,,False,5834408,1.0,0,5CFFokuo...,0.179995422293431,14.673104121317516,12.032012548645486,0.0,,COUNTER,1293817.463416363,0.0,0.0,DIVERGENT,-0.9921585975165951,2.2778484188287944,1295.967040512703,225923.662897553,0.08879356362861486,225923.662897553,0.08879356362861486,0.0,FORTRESS,True,True,0.8879356362861486,,,11352.776840996006,0.0044619208978103125,30.0
86,54,40,91,77,Liquidity,2026-09-09,9031117,0.005580187,0.005578044569119811,0.0003840827827102408,IN BAND,False,False,0.000825656,12114.634295307,3318863.610549165,1.0,2171008.471223674,409443.046106136,-0.006935415302332664,3799.3797482950613,ACCUMULATING_PRE_EMA,0.0,,,,0.1791076738354828,-1.4490405458291877,0.004673007189641263,-1.7588776907732724,-0.3051641377544433,-0.30983714494408454,0.7918372998657667,0.4889448187795673,1,0.0,,0.0,0.0,7.629510948348184e-05,0.0036502356580125988,-0.3458578255509003,5GxxsUeY...,2743551.200572925,,,,False,5128460,0.3158858538074164,42,5E7F9Awq...,,15.57810983945171,15.57810983945171,0.0,,COUNTER,140886.89655137,14115.257752168,0.0,OK,1.0,0.0,1295.967040512703,369577.913917543,0.1113567646295624,369577.913917543,0.1113567646295624,0.0,DORMITORY,True,True,1.1135676462956239,0,,11982.950077153999,0.003610558155829491,30.0
87,55,82,92,45,AlphaRidge.ai,2026-09-09,9031117,0.002588297,0.0025899619795382023,-0.0006428586795314023,IN BAND,False,True,1.562e-06,6446.550370959,3189487.939032745,1.0,2490652.447294665,746672.544437692,-0.0007759101295867152,3679.082519722171,ACCUMULATING_PRE_EMA,0.0,,,,0.0006367647445201522,-0.9292967831185894,-0.007821447267632061,-1.2632469309210668,-0.34177159507010946,-0.3339501478024774,0.8239567135020979,0.3345869125469976,1,0.2620649675620139,MINER_BURN_ONLY,1893.6821714621037,1888.0065477495837,0.0019226367589837423,0.0020211866275042264,-0.21910560206026333,5FbcZiAH...,917.231765369,,,,False,3633154,0.5920591967466251,48,5G9hfkx9...,0.009994659342336155,0.37611461182889905,0.3723554744099942,0.014817866898625036,,COUNTER,1065375.289172938,0.0,0.0,DIVERGENT,-0.680673587563,1.4568322254574169,1295.967040512703,111021.493075866,0.034808563380093784,111019.200205241,0.03480784449647709,2.2928706250095274,FORTRESS,True,True,0.3480784449647709,,,12579.432017810002,0.003944028715037212,30.0
88,45,74,93,121,sundae_bar,2026-09-09,9031117,0.00413193,0.004294514888897538,-0.03785873215106635,IN BAND,False,True,1.0655e-05,5976.002320985,2869850.633310494,1.0,1446297.765197415,551559.186026764,-0.0014768339828714987,,,,,,,0.004685630710294747,-3.957267753029674,-0.4606145745046406,-3.952582122319379,-0.45592894379434584,0.004685630710294747,0.9157271007406023,,,,,,,1.5259021896696368e-05,0.002082339147418076,-0.4960371672758067,5CXGaDJs...,1837002.055349967,,,,False,5766528,0.6005890072328868,0,5EL9y2gd...,0.179995422293431,0.778824790911536,0.6386398937788209,0.7272810511376642,,,1297626.519892219,0.0,,NO_ESTIMATE,,,,202885.709556554,0.07069556415293878,202885.709556554,0.07069556415293878,0.0,,True,True,0.7069556415293878,,,12136.475394344998,0.004228957163650382,30.0
89,57,27,4,61,RedTeam,2026-09-09,9031117,0.013663632,0.013583105290308595,0.005928446255132873,IN BAND,False,False,0.001864841,15134.540783652,4924180.934594747,1.0,1107651.379596608,639113.947826074,0.001606769924520486,-3584.0812695471104,DISTRIBUTING_PRE_EMA,0.0,,0.11759464280950234,0.11759464280950234,0.3238157151945924,7.902662935031151,0.07212942943744995,7.367392109975452,-0.4631413956182491,-0.535270825055699,0.5336928181369275,0.8590865402502914,1,0.0,,0.0,0.0,0.0003662165255207128,0.003073514353894787,-0.7750587578840834,5ECEsYL8...,,,,,False,4457976,0.02698783410419625,217,5G9hfkx9...,0.009994659342336155,0.30140425397113074,0.2983918211283583,0.011536700747749123,,COUNTER,808370.14496251,0.0,0.0,DIVERGENT,1.0,0.0,1295.967040512703,1021287.884224886,0.20740259096692526,1021287.884224886,0.20740259096692526,0.0,DORMITORY,True,True,2.0740259096692526,0,,23250.521750777,0.004721703377597453,30.0
90,56,66,94,1,Apex,2026-09-09,9031117,0.00720158,0.007208243478089571,-0.0009244246687595362,IN BAND,False,True,6.7237e-05,24104.734159911,2521430.756093247,1.0,3347145.095056113,834612.072963233,-0.002493990990679855,3905.9191726054996,ACCUMULATING_PRE_EMA,0.0,,,,0.007330461926183399,-1.614612591828584,-0.011247166803241023,-2.093689286836639,-0.4903238618112956,-0.4790766950080546,1.0422653858922042,0.486407156934238,1,0.2526112164839737,MINER_BURN_ONLY,1835.8721849049907,1835.7820956397127,3.0518043793392735e-05,0.009559942941784107,0.32747854523369974,5HCFWvRq...,23651.872373003,,,,False,1497824,0.6201760944867472,226,5CAQAgXx...,0.0899977111467155,0.42626712301351616,0.3879040576052043,0.033754501617530366,,COUNTER,874686.89427184,0.0,0.0,DIVERGENT,-0.9969915367155774,1.4165345554725304,1295.967040512703,192837.392404256,0.07647935281912796,192824.591394465,0.07647427593579097,12.801009791000979,FORTRESS,True,True,0.7647427593579096,,,9776.062065144008,0.003877188394533279,30.0
91,58,70,95,7,Allways,2026-09-09,9031117,0.003094898,0.0030819044914096594,0.004216064653060486,IN BAND,False,True,3.5336e-05,6257.839738172,3205141.170501961,1.0,2021985.471734962,324258.063732172,-0.001063203871299582,1251.9166366476566,ACCUMULATING_PRE_EMA,0.0,,,,0.01483946727391369,-1.010666426705861,0.05129545327890258,-1.636816472218917,-0.5748545922341532,-0.6261500455130559,0.8199326832110879,0.6409895127869696,1,0.0,,0.0,0.0,3.0518043793392735e-05,0.0019524381003136757,-0.36914298942528134,5CAc19iE...,0.340322265,,,,False,2627691,1.0,26,5DCaForB...,,0.26705356181079504,0.26705356181079504,0.007141876115918143,,COUNTER,36084.978602376,218471.437828321,441.78532646101667,OK,-0.06881479053640088,0.0,1295.967040512703,3211.260531444,0.0010019092328906938,3211.260531444,0.0010019092328906938,0.0,NEITHER,True,True,0.010019092328906937,,,10621.452392255998,0.003313879741088771,30.0
92,59,34,96,14,Cacheon,2026-09-09,9031117,0.009355867,0.009357288014143705,-0.00015186175113527877,IN BAND,False,False,0.001310965,25196.821557022,3157216.22941788,1.0,2693157.177869335,2659989.617459176,-0.012349965626037119,1464.9550180234946,ACCUMULATING_PRE_EMA,0.0,,,,0.13673216727765677,-0.9718956400475464,-0.001847651305479225,-1.613462594868776,-0.6434146061267089,-0.6415669548212296,0.83237884548837,0.7782991220988864,1,0.0,,0.0,0.0,0.00010681315327687457,0.007980708233489517,-0.14698357367740297,5CKhH8nK...,1748113.719802957,2.3129679757001145,BUYBACK_GAMING,,False,4848444,0.0,99,5DZYnuVE...,,0.4769542750024314,0.4769542750024314,0.010590084384966354,,COUNTER,1226319.247799996,526.080568229,0.0,OK,1.0,0.0,1295.967040512703,52906.394081567,0.016757291942377274,52906.394081567,0.016757291942377274,0.0,DORMITORY,True,True,0.16757291942377284,,,11019.661481010002,0.0034903093992525755,30.0
93,60,64,97,106,Nodexo,2026-09-09,9031117,0.002864433,0.0028531737625598907,0.003946215119407018,IN BAND,False,True,7.8903e-05,6514.662927678,2526567.674814803,1.0,2274328.450897977,359481.873876757,-0.0008091572467977437,2336.3202225258574,ACCUMULATING_PRE_EMA,0.0,,,,0.03182928822288394,-1.72221032391584,0.04801228395278538,-2.427778484497879,-0.6575558766292536,-0.705568160582039,1.0401462926151908,0.7373974488049229,1,0.0,,0.0,0.0,0.00012207217517357094,0.0025784636574816954,-0.09983453706834985,5CTdHCps...,1175304.439897908,,,,False,5558480,0.23079036122514374,31,5E4vCZrj...,0.0,0.4429124755440691,0.4429124755440691,0.04121964991530209,,COUNTER,838637.534343767,0.0,0.0,OK,0.0,0.0,1295.967040512703,311100.853411739,0.12313181099910282,311100.853411739,0.12313181099910282,0.0,DORMITORY,True,True,1.2313181099910302,0,,11697.868615031,0.004629944699933063,30.0
94,123,123,98,49,Nepher Robotics,2026-09-09,9031117,0.006930295,0.007366586476564407,-0.05922573202016933,IN BAND,False,True,0.0,3929.669246559,2214359.117040178,1.0,567027.785285031,150381.846580739,-3.683535129229573e-05,25638.26104568527,ACCUMULATING_PRE_EMA,0.0,,,,,-7.229878205773876,-0.7205797395787268,-7.229878205773876,-0.7205797395787268,,1.1867993677162516,-3.017870578640517,1,0.40589786435430564,MINER_BURN_ONLY,2922.5096825959627,2922.4646379633236,1.5259021896696368e-05,0.0017746305088090638,-0.7439314619638755,5FL781vf...,1691684.197318074,,,ENTRY_REPEATED,False,6783158,0.9900051881466109,0,5DLYBBCd...,0.179995422293431,1.1541549136910767,0.9464123126092129,0.8220869193676371,,COUNTER,771501.615183854,837.682351088,0.0,DIVERGENT,-0.9921300418946348,2.2550454962243136,1295.967040512703,462097.602286592,0.2086823220003513,462097.602286592,0.2086823220003513,0.0,FORTRESS,False,True,2.0868232200035126,0,,17937.18419633499,0.008100395305487179,30.0
95,61,47,12,67,Harnyx,2026-09-09,9031117,0.004758205,0.004795303335413337,-0.007736389716864344,IN BAND,False,False,0.00043888,3060.811684477,924697.030726895,1.0,643270.32220032,68187.921987869,0.00015566218436049352,4747.733717157389,,0.0,,0.03271447622800899,0.03271447622800899,0.37682051654774606,-6.8463426805830805,-0.09412607488851618,-7.565619742059161,-0.8134031363645962,-0.71927706147608,2.8420119376117774,1.096097578023826,1,0.01572430968172642,MINER_BURN_ONLY,124.7386597719742,123.65758858863705,0.0003662165255207128,0.0033100697663870807,-0.30434485979753273,5HEAv3TU...,1038663.843532239,,,,False,7236936,0.20932362504006963,246,5HGnF3Wr...,0.0,0.728829138839123,0.728829138839123,0.007828236586705731,,COUNTER,278755.124631933,6279.314248273,0.0,DIVERGENT,0.6412442490190693,0.09541723263248758,1295.967040512703,522.283347221,0.0005648156421681578,522.283347221,0.0005648156421681578,0.0,NEITHER,False,True,0.005648156421681578,,,28825.63462842401,0.031173058494374607,30.0
96,62,62,99,128,ByteLeap,2026-09-09,9031117,0.002890064,0.002889235271140933,0.00028683329022894695,IN BAND,False,True,8.2835e-05,4087.274726618,2873776.562468911,1.0,1414250.570367036,91137.412942068,-0.00022424396803000932,520.2520627377089,ACCUMULATING_PRE_EMA,0.0,,,,0.05326052065507402,-0.012969051736405774,0.0034898050311188544,-0.8400992398771273,-0.8236403831096027,-0.8271301881407216,0.9144761058745081,0.8803907087957956,1,0.0,,0.0,0.0,9.15541313801782e-05,0.0014222660105163332,-0.5078773305655746,5GgMeLFN...,882992.929205059,,,,False,5856038,1.0,96,5HQTcjYx...,,6.761730583648847,6.761730583648847,0.0,,COUNTER,186014.794503201,289.843039317,0.0,OK,0.0,0.0,1295.967040512703,3774.579486743,0.0013134561454910725,3774.573941721,0.0013134542159666716,0.005545021999751043,NEITHER,True,True,0.013134542159666715,,,12521.622823317004,0.004357201247601332,30.0
97,65,19,100,75,Hippius,2026-09-09,9031117,0.018513745,0.018336517037823796,0.009665301311619155,IN BAND,False,False,0.002724633,34218.175287576,3676374.487882828,1.0,1848257.866938335,1518215.015535542,-0.01292806119265099,-4204.77416600287,,0.0,,,,0.20925532889533677,2.5826515688510816,0.11759449929136638,1.5744887664377727,-0.8905683031219426,-1.008162802413309,0.7148346852753371,1.2174181313086456,1,0.0,,0.0,0.0,0.0013122758831158876,0.009307586971990377,-0.49726071240635666,5DAQpczE...,1558686.072599393,0.8584272953471745,BUYBACK_GAMING,,False,5102795,0.0,157,5E2LP6En...,0.0,0.2889554002644131,0.2889554002644131,0.424769578221327,,COUNTER,784604.879643725,0.0,0.0,DIVERGENT,1.0,0.0,1295.967040512703,552610.211929842,0.15031390674459894,552609.767120331,0.15031378575324927,0.44480951107107103,DORMITORY,True,True,1.503137857532493,0,,25047.118024292984,0.006812994189478576,30.0
98,63,28,101,5,Hone,2026-09-09,9031117,0.01280925,0.012808720115572214,4.1369037890141874e-05,IN BAND,False,False,0.001825133,33375.625412359,3131935.293182341,1.0,2605587.654741349,975023.295005805,-0.015845505017582865,-1188.3356967666186,,0.0,,,,0.14371115042008695,0.2208890184891519,0.0005033232943300594,-0.6957019361831156,-0.9160876313779375,-0.9165909546722675,0.8390977954495684,1.0603021050923545,1,0.0,,0.0,0.0,0.0018768596932936532,0.010656550116157164,-0.1680582300948795,5GurNtB3...,,,,,False,2491604,0.0,81,5G1NjW9Y...,0.179995422293431,0.5694189002939075,0.46692610487364455,0.014710819471997557,,COUNTER,1488567.694632255,0.0,0.0,DIVERGENT,1.0,0.0,1295.967040512703,6649.821324041,0.002123230750812912,6649.821324041,0.002123230750812912,0.0,NEITHER,True,True,0.02123230750812912,,,13111.091112599002,0.004186258618158392,30.0
99,64,5,102,120,Affine,2026-09-09,9031117,0.052822736,0.05278483801521361,0.000717971035081521,IN BAND,False,False,0.009790702,80788.835975167,2660737.927951219,1.0,1529433.049018865,1485914.467319433,-0.0050901304439632976,-1091.0960926178377,,0.0,,,,0.31848416362761944,-0.7067098847397539,0.008735314260158505,-1.6902173319725873,-0.9747721329726748,-0.9835074472328333,0.9876959216436519,1.3019916108604528,1,0.0,,0.0,0.0,7.629510948348184e-05,0.030363319561267275,-0.4251846484955404,5EfNFhH2...,3127154.85290609,25.723425108228785,BUYBACK_GAMING,,False,5749344,0.19999999999999996,116,5E2LP6En...,0.0,0.3444007391413507,0.3444007391413507,0.01292458876308481,,COUNTER,180555.409154778,0.0,0.0,DIVERGENT,1.0,0.0,1295.967040512703,58232.598844353,0.021885882947213962,58232.598844353,0.021885882947213962,0.0,DORMITORY,True,True,0.21885882947214194,,,17316.260968198003,0.006508067099089164,30.0
100,66,54,11,89,InfiniteQuant,2026-09-09,9031117,0.003322377,0.003315331880003214,0.0021250119902865784,IN BAND,False,False,0.000140499,6435.717384593,2878553.089541073,1.0,1937082.146957201,187196.225560737,0.00022740814707736934,-968.9649760141037,DISTRIBUTING_PRE_EMA,0.0,,0.0684474239610283,0.0684474239610283,0.05737221663647533,-1.8275615939026888,0.0258543125484867,-2.8490277452076134,-0.9956118387564377,-1.0214661513049244,0.912958669947262,1.0788383679413998,1,0.0,,0.0,0.0,0.000747692072938122,0.0022357473301348927,-0.32706392738244555,5Dc5NmEU...,112313.539582664,0.0892113257752927,,,False,5313364,0.0,137,5FFQKsXc...,0.0,0.25515480968950305,0.25515480968950305,0.001053001053001053,,COUNTER,601037.833009041,0.0,0.0,OK,0.0,0.0,1295.967040512703,6094.632142656,0.0021172554241921816,6094.632142656,0.0021172554241921816,0.0,NEITHER,True,True,0.021172554241921816,,,12303.643211466997,0.004274245716075559,30.0
101,67,87,103,101,Tag101,2026-09-09,9031117,0.004286589,0.004286771873012185,-4.2659842324715585e-05,IN BAND,False,True,4.1e-08,3851.522887249,2468918.508760253,1.0,898505.198413175,166054.004292664,0.0003527464605012477,178.065388706862,,0.0,,,0.08229071191598906,2.797542768257062e-05,-1.7005067689446511,-0.000519028081617373,-2.7381325296799988,-1.038144788816965,-1.0376257607353476,1.0644336743700902,1.0376537361630302,1,0.36825250769664897,MINER_BURN_ONLY,2657.7047633429756,2651.443559406148,0.002121004043640795,0.0015600040558580487,-0.6360733310662514,5H8dNvi1...,1338217.97165161,,,,False,5481350,0.9023334760535813,0,5H6Dezn7...,0.179995422293431,1.1893199551128486,0.975247807550307,0.5767041552852848,,COUNTER,881000.713482814,6970.543419914,0.0,DIVERGENT,-0.9913531595326692,2.045918975190294,1295.967040512703,13574.61335476,0.005498202272207186,13574.61335476,0.005498202272207186,0.0,FORTRESS,True,True,0.05498202272207186,,,15038.097540051993,0.00609096553276003,30.0
102,70,8,104,44,Score,2026-09-09,9031117,0.040010424,0.03936748509295285,0.01633172415075728,IN BAND,False,False,0.005555904,69052.446298611,4186284.501683061,1.0,1725861.408351598,2197690.064854556,-0.0010141890605900883,-9130.171288223937,,0.0,,,,0.21144675525121404,2.772537874229884,0.19870264383421357,1.4694626258697498,-1.1043726045259203,-1.303075248360134,0.6277643096028075,1.514522003611348,1,0.0,,0.0,0.0,0.0,0.01649492438243245,-0.5877343268736055,5CaCekux...,268834.493083365,0.048372906458009755,,,False,3550319,1.0,124,5FLoWCDo...,0.179995422293431,0.41322625869992574,0.33884742376249805,0.0017396346767178893,,COUNTER,507044.837883963,2206.282255223,0.0,OK,1.0,0.0,1295.967040512703,245862.449528441,0.05873046837346913,245862.449528441,0.05873046837346913,0.0,DORMITORY,True,True,0.5873046837346912,,,16104.072227634,0.0038468652145260294,30.0
103,68,15,105,93,Bitcast,2026-09-09,9031117,0.020655484,0.020482759224250913,0.008432690823440848,IN BAND,False,False,0.00328637,24565.885058435,3849342.495587239,1.0,1189315.394842099,1007487.992949012,-0.0033716791650470626,-8292.092037027003,,0.0,,,,0.3515680521770789,10.794597704010776,0.10259773835186364,9.564218461552397,-1.1277815041065162,-1.23037924245838,0.6827139967442891,1.581947294635459,1,0.013811654361430715,,115.35593518894166,115.26584592366356,3.0518043793392735e-05,0.0063818392586776915,-0.691034145765953,5EbY1Seb...,2341901.490715299,0.0802041008922125,,,False,5370681,0.8144598904368792,158,5HVydkt4...,0.179995422293431,11.736447786746474,9.623940911146239,0.0,,COUNTER,1087169.425871813,0.0,0.0,DIVERGENT,-0.7727212858839875,0.08894195787422399,1295.967040512703,427930.957620956,0.11116988371690026,427930.957620956,0.11116988371690026,0.0,DORMITORY,True,True,1.1116988371690026,0,,23978.21207839799,0.006229170853434277,30.0
104,69,36,106,11,TrajectoryRL,2026-09-09,9031117,0.009014304,0.008960097329691052,0.0060497858800399205,IN BAND,False,False,0.001256568,21704.112072176,3478020.072169817,1.0,2407741.093539212,999930.031429526,-0.004553696919034271,-5403.914654077031,,0.0,,,,0.15214908092155474,8.33585059814021,0.07360572820715236,7.057068762287772,-1.2051761076452858,-1.278781835852438,0.7556023097820943,1.4309309167739928,1,0.0,,0.0,0.0,0.0,0.006240364236493768,-0.3077264493749304,5D2Jhtbn...,2436236.203461991,1.4050484254476838,BUYBACK_GAMING,,False,2918568,0.0,235,5D7ekpEm...,,0.34902888056686127,0.34902888056686127,0.011124505959011766,,COUNTER,1145934.992162841,47996.465498293,0.0,OK,1.0,0.0,1295.967040512703,46180.459268605,0.013277801251961896,46180.459268605,0.013277801251961896,0.0,DORMITORY,True,True,0.13277801251961896,,,10530.907181523002,0.0030278454301596743,30.0
105,71,7,107,4,Targon,2026-09-09,9031117,0.058501803,0.05834085796959698,0.00275870180872021,IN BAND,False,False,0.007831628,140529.580305967,3765998.203777317,1.0,2402141.016209056,2304695.450146952,-0.0046476622979413,-11445.02409921633,,0.0,,,,0.14645684089562522,2.310432119263739,0.03356420533942922,0.5489806313233123,-1.7278872826009974,-1.7614514879404266,0.6978229563052105,1.9079083288360519,1,0.026024387052779464,MINER_BURN_ONLY,212.5496286089765,212.4595393436984,3.0518043793392735e-05,0.03731536041759528,-0.3621502500086146,5CXGPMnq...,,,,,False,1411451,0.14853585216608434,238,5CdBXrFk...,0.0,0.2774606181257443,0.2774606181257443,0.024476965100486792,,COUNTER,559039.422433423,0.0,0.0,DIVERGENT,-0.878453773610813,0.16393899898846684,1295.967040512703,183019.057563734,0.04859775487416985,183019.057563734,0.04859775487416985,0.0,DORMITORY,True,True,0.4859775487416985,,,13405.900528680002,0.0035597203724722463,30.0
106,72,2,2,51,lium.io,2026-09-09,9031117,0.088984128,0.08866287907585502,0.0036232629426587457,IN BAND,False,False,0.012473391,157686.791198452,4075709.047207431,1.0,1772077.756035046,1985212.54591162,0.015805744069074572,-14498.234695839696,DISTRIBUTING_PRE_EMA,0.0,,0.17762430698960802,0.17762430698960802,0.20788089667412674,3.3404176825203944,0.04408303246901474,1.5067168475258832,-1.7896178025254965,-1.8337008349945112,0.6447957814360269,2.041581731668638,1,0.0,,0.0,0.0,0.000579842832074462,0.038689413148000555,-0.565209953532381,5FqACMtc...,216.588029224,0.0,,,False,3966206,0.8105409408064491,61,5FUY2npW...,,3.847917384433158,3.847917384433158,0.0,,COUNTER,1171146.945421614,47834.295633396,0.0,DIVERGENT,1.0,0.0,1295.967040512703,491900.36068687,0.12069074484693829,491900.36068687,0.12069074484693829,0.0,DORMITORY,True,True,1.2069074484693838,0,,12592.080442812008,0.0030895435118068037,30.0
107,9,43,108,103,Capcomp,2026-09-09,9031117,0.002796434,0.004819918656721711,-0.4198171796737319,DISCOUNT,True,False,0.000554178,502.044309008,205815.335689817,1.0,179530.123122794,31505.018800944,,,,,,,,2.9008989004928503,-42.25866936468841,-5.107775686030404,-39.35777046419556,-2.206876785537554,2.9008989004928503,12.768727807342026,,,,,,,0.0,0.00243929495013252,-0.1277123114178558,5H3SQ4du...,887152.856100806,,,,True,8762380,1.0,1,5E2LP6En...,0.0,1.0376817812980264,1.0376817812980264,0.042345078052279,,,60139.256694016,0.014698804,,NO_ESTIMATE,,,,0.0,0.0,0.0,0.0,0.0,,False,,,,,57562.201741648016,0.2796788759628663,30.0
108,73,49,109,85,Vidaio,2026-09-09,9031117,0.004846525,0.004866779316216707,-0.004161749465240265,IN BAND,False,False,0.000257037,12337.759397796,2619941.624511235,1.0,2545691.538071336,1413539.833925339,-0.006693889346863315,-9589.485137995332,,0.0,,,,0.05475007367388516,-2.8659462171889705,-0.050634618493756556,-5.228378992043406,-2.413067393348192,-2.3624327748544354,1.0030757843660996,2.4171828485283204,1,0.07783477845519145,SKIN_IN_GAME,590.4022380019887,590.1319702061544,9.15541313801782e-05,0.004709173396219345,-0.028340223929651614,5GTPBjA4...,2993541.592160816,2.1545216888570393,BUYBACK_GAMING,,False,5258781,0.3599627645775153,149,5DccCmXk...,,15.462225950331637,15.462225950331637,0.0,,COUNTER,502501.237134444,0.0,0.0,DIVERGENT,-1.0,0.4553603230315871,1295.967040512703,143874.406841709,0.05491511928955653,143874.406841709,0.05491511928955653,0.0,FORTRESS,True,True,0.5491511928955654,,,17231.089919118,0.006576898415563957,30.0
109,74,32,110,19,blockmachine,2026-09-09,9031117,0.010297605,0.010262061608955264,0.0034635721747877943,IN BAND,False,False,0.001426023,32525.69450503,2772434.18423362,1.0,3158568.691076368,1675643.648565324,-0.008205630128196056,-11462.968060669955,,0.0,,,,0.11521932124832714,0.08142797493701925,0.04214012812658483,-2.406679328474936,-2.4459671752853707,-2.4881073034119554,0.9479034759219918,2.6033266246602826,1,0.0,,0.0,0.0,0.0002441443503471419,0.011731818446763609,0.13927640910324382,5FWh37Lf...,1279197.699360789,0.29304757155153777,BUYBACK_GAMING,,False,1956072,0.0,124,5HQLnZYK...,,0.3954909283637127,0.3954909283637127,0.007691251201758001,,COUNTER,1006514.180053119,0.0,0.0,OK,1.0,0.0,1295.967040512703,169492.989899939,0.06113508153369986,169492.989899939,0.06113508153369986,0.0,DORMITORY,True,True,0.6113508153369985,,,25167.721681608,0.009077842794152777,30.0
110,75,33,111,17,404—GEN,2026-09-09,9031117,0.010107547,0.010039354907348752,0.00679247753272787,IN BAND,False,False,0.00139916,27095.795641551,3252928.5089976,1.0,2680748.728469977,668622.895061255,-0.008483605846616416,-18209.879898363724,,0.0,,,,0.13570343268906954,3.543427277313712,0.08264180998152242,0.6948277733601906,-2.7659576939719988,-2.8485995039535212,0.8078874136738488,2.9843029366425906,1,0.0,,0.0,0.0,0.0,0.008329662200261713,-0.17589676305618826,5E7a4a7Q...,1078919.649934462,0.25673530494771024,BUYBACK_GAMING,,False,2840556,0.0,42,5CcEPLdb...,0.0,0.30138375149787267,0.30138375149787267,0.012635048525911005,,COUNTER,340475.604612198,0.0,0.0,OK,1.0,0.0,1295.967040512703,526916.397260453,0.16198216339615282,520896.577905876,0.16013157881123918,6019.81935457699,DORMITORY,True,True,1.6013157881123934,0,,18047.417351753007,0.005548052255631764,30.0
111,76,14,112,53,engy,2026-09-09,9031117,0.025257871,0.025106892688199878,0.006013420843236509,IN BAND,False,False,0.003493443,32029.906051505,4671345.674784246,1.0,1268115.861244624,1480057.90405004,-0.0011223092088040443,-32532.258199190488,,0.0,,,,0.2866311312070995,-8.055593131329323,0.07316328692604418,-10.977218232886134,-2.848461814630768,-2.9216251015568124,0.5625787905583285,3.2082562327639117,1,0.0,,0.0,0.0,0.0002441443503471419,0.00685667648712046,-0.7285330783770152,5H8SFVCx...,1783837.463434123,0.06584581040297156,,,False,4203869,0.5836322288191211,45,5E2LP6En...,0.0,0.23573771347284378,0.23573771347284378,0.2520524950404395,,COUNTER,526171.923754839,0.0,0.0,OK,1.0,0.0,1295.967040512703,123817.343484846,0.026505712080612556,109684.364183223,0.02348024997920732,14132.979301622996,DORMITORY,True,True,0.23480249979207318,,,19508.734643641998,0.004176255837573622,30.0
112,77,17,113,91,cascade,2026-09-09,9031117,0.008493345,0.00836627115495503,0.01518882698054901,IN BAND,False,False,0.002897914,4019.600114747,1172503.460211574,1.0,473264.714467876,173969.701758025,-0.00013977869327964234,-6947.077860003745,,0.0,,,,1.8946456798176665,-3.088486284790827,0.18479739493001296,-6.47044366599728,-3.19715998627644,-3.381957381206453,2.2413579909826336,5.27660306102412,1,0.0,,0.0,0.0,1.5259021896585345e-05,0.0034282202578930364,-0.5963639463729501,5HEe7NjS...,546560.231230255,5.2011793059319995,BUYBACK_GAMING,,False,7633645,0.0,46,5GvF67op...,0.0,0.7436393814862272,0.7436393814862272,0.006088721368512612,,COUNTER,399376.775480423,9542.545852108,0.0,OK,0.0,0.0,1295.967040512703,60580.599431369,0.05166773616210689,60580.599431369,0.05166773616210689,0.0,DORMITORY,False,True,0.5166773616210715,,,31919.097907630006,0.027223030882885683,30.0
113,78,69,114,108,Prometheon,2026-09-09,9031117,0.00247078,0.0024329398293048143,0.015553270261516572,IN BAND,False,True,4.2389e-05,1751.814814936,1657138.582364312,1.0,709012.659959601,56278.510378202,0.0005111478403079943,-9823.93567097711,DISTRIBUTING_PRE_EMA,0.0,,,0.20687711585329097,0.06359022143791482,-11.167865238264405,0.1892314548484516,-14.92449465854926,-3.5673979654364034,-3.756629420284855,1.5858661598781423,3.82021964172277,1,0.0,,0.0,0.0,9.15541313801782e-05,0.001057132356689571,-0.5721463033173447,5GpmtjiG...,1390781.426572738,0.5450503096590568,BUYBACK_GAMING,,False,7105263,0.8390483602679729,162,5CJxEXJR...,,16.83916269923974,16.83916269923974,0.0,,COUNTER,479696.11117097,0.238163524,0.0,OK,0.0,0.0,1295.967040512703,482149.177733522,0.2909528405558084,482149.177733522,0.2909528405558084,0.0,DORMITORY,False,True,2.909528405558086,0,,19073.759957868,0.011510057252215222,30.0
114,79,61,115,55,NIOME,2026-09-09,9031117,0.003056858,0.0030359486117959023,0.006887266840702176,IN BAND,False,True,9.2774e-05,7013.149512479,3162955.272863888,1.0,2294234.436602655,558251.228352877,-0.002858824195392448,-26147.886671427637,,0.0,,,,0.03476470472591113,-3.7045976992033243,0.0837950798952098,-7.5748802201910115,-3.7864874410924774,-3.870282520987687,0.8308685306259438,3.905047225713598,1,0.008025239514339477,MINER_BURN_ONLY,59.80565168999601,59.535383894161725,9.15541313801782e-05,0.002217277484967078,-0.2746547320918806,5GeWUxaF...,1237804.86953035,0.0,,,False,4703386,0.019991148956950422,109,5GP7c3fF...,0.0009918364232852674,0.31243926135263017,0.3121293727131563,0.023805890431863267,,COUNTER,320943.655149654,0.0,0.0,OK,0.2972657984014164,0.045938964520740186,1295.967040512703,14841.866940702,0.004692404937886927,14841.866940702,0.004692404937886927,0.0,NEITHER,True,True,0.046924049378869265,,,13343.074904637993,0.004218546818892114,30.0
115,80,52,116,79,MVTRX,2026-09-09,9031117,0.003594344,0.0035397326573729515,0.015428098083423915,IN BAND,False,False,0.000180069,7508.356172445,3008967.649901628,1.0,2088936.461770685,486156.298826325,-0.0051205686723918425,-26713.55708840699,,0.0,,,,0.06302595683149398,-23.529702785452915,0.18770852668165763,-27.644019179175288,-3.926607867040716,-4.1143163937223735,0.8733892503250797,4.177342350553867,1,0.0,,0.0,0.0,0.0016479743648432077,0.0024953263198726878,-0.30576307669141084,5Fxp7QBG...,3325412.346643004,0.8351072758867611,BUYBACK_GAMING,,False,5173967,0.0,0,5EWwdZB7...,0.179995422293431,0.3240157628213294,0.265694408762576,1.0,,COUNTER,444229.939659842,37317.847662374,0.0,DIVERGENT,1.0,0.0,1295.967040512703,1355085.827207694,0.4503490847606806,1355085.827207694,0.4503490847606806,0.0,DORMITORY,True,True,4.503490847606805,0,,12279.976922401995,0.0040811262702686295,30.0
116,81,38,117,102,ConnitoAI,2026-09-09,9031117,0.007742257,0.00757472007535398,0.022117903101282647,IN BAND,False,False,0.000961971,3888.827739161,975160.303287603,1.0,502286.067651992,228620.255350608,-9.995717380745074e-05,-5345.432141802157,,0.0,,,,0.6500827389555238,-4.223474893593979,0.26910115439893884,-8.56156011794943,-4.068984069956513,-4.338085224355452,2.6949415302695385,4.988167963310976,1,0.09179498555760264,SKIN_IN_GAME,743.1785675540159,743.0434336560987,4.57770656900891e-05,0.0039878856081922275,-0.4849194998057766,5HBc11rC...,970326.668909992,0.7104952290869455,BUYBACK_GAMING,,False,7840965,0.2501525972044192,0,5EEinUEy...,0.179995422293431,0.9995994766990909,0.8196761467663454,0.6500541711809318,,COUNTER,139481.216217742,7309.092357836,0.0,DIVERGENT,-0.6058094923427556,0.5733505640406874,1295.967040512703,2002.340459168,0.0020533449243344067,2002.340459168,0.0020533449243344067,0.0,EXPOSED,False,True,0.020533449243344066,,,29493.16825890199,0.03024443074586846,30.0
117,124,124,118,70,SN70,2026-09-09,9031117,0.004325508,0.0066297329030931,-0.34755923606184264,DISCOUNT,True,True,0.0,474.514502619,197336.362011231,1.0,109701.429856244,12404.088981304,,18425.938884001924,,,,,,,-31.039308428387347,-4.2286373720857515,-31.039308428387347,-4.2286373720857515,,13.317363172279586,-19.684309659026017,1,0.4100022879361111,MINER_BURN_ONLY,2952.01647314,2952.01647314,0.0,0.0024045973979797703,-0.44408901845060267,5Cz1mjiJ...,519507.910836778,,,,True,8825571,1.0,0,5DFxKepZ...,0.179995422293431,3.077470639992065,2.523540012551058,0.4837946714682455,,COUNTER,82066.057953395,0.0,0.0,DIVERGENT,-0.9922087155646746,2.277848418098766,1295.967040512703,0.0,0.0,0.0,0.0,0.0,EXPOSED,False,,,,,33515.991696637975,0.16984194577748668,30.0
118,83,24,119,118,Ditto,2026-09-09,9031117,0.008490849,0.008127204841002822,0.04474406220974587,IN BAND,False,False,0.002061808,6637.047378597,2191035.110649948,1.0,781670.739417794,756386.751370444,-0.0019519015973399523,-25553.031765544903,,0.0,,,,0.8163918554315637,-4.7306609869204665,0.5443860902185746,-9.749031001403715,-4.473983924264672,-5.0183700144832475,1.1994330840369012,5.834761869914812,1,0.0,,0.0,0.0,3.0518043793392735e-05,0.0030291834879032074,-0.6432413898889019,5HGXqHbQ...,1463882.36471351,0.15501661411880566,,,False,5724794,0.5995452672699251,28,5DPQjF6B...,0.0,0.4366381989889509,0.4366381989889509,0.09938959255302914,,COUNTER,320927.826926128,1788.13704218,0.0,OK,1.0,0.0,1295.967040512703,110526.912713241,0.05044506688916287,86378.558340834,0.03942363037496496,24148.354372407004,DORMITORY,True,True,0.39423630374964985,,,24962.421672062002,0.011392981130574926,30.0
119,82,44,120,41,Almanac,2026-09-09,9031117,0.004808408,0.0047805472277104855,0.005827946250173923,IN BAND,False,False,0.00053843,12254.70763244,3135718.221251663,1.0,2548599.622125066,1584794.39948738,-0.002647854639532984,-32351.402312025893,,0.0,,,,0.11546534462024245,-0.5747511312217182,0.07090667937711606,-5.233903276660913,-4.588245466062078,-4.659152145439195,0.8380855085094348,4.774617490059437,1,0.0,,0.0,0.0,0.0006103608758678547,0.003908102312697081,-0.18723571030222874,5FCSevLk...,44483.944868032,0.03112834735035374,,,False,3394182,0.0,239,5HisenFt...,,0.3533043093668143,0.3533043093668143,0.006866874198864677,,COUNTER,1013973.827095004,0.0,0.0,OK,0.0,0.0,1295.967040512703,271111.945633162,0.08645928189457792,271111.945633162,0.08645928189457792,0.0,DORMITORY,True,True,0.8645928189457792,,,9326.81113065,0.0029743779487071006,30.0
120,84,80,121,71,Leadpoet,2026-09-09,9031117,0.004860327,0.00479808752425015,0.012971725804351047,IN BAND,False,True,4.675e-06,5550.662965876,4534270.921974789,1.0,1142034.703975008,1399452.009126852,-0.0022417272015353455,-59935.531381370034,,0.0,,,,0.0022134112763701284,3.1794529194658514,0.15782266395293773,-2.3019313247373345,-5.3235615802502485,-5.481384244203186,0.5795860117805752,5.4835976554795565,1,0.2903844311996173,SKIN_IN_GAME,2093.9503754470497,2092.7792149984343,0.00039673456931410556,0.0012241577667923174,-0.7481326324767208,5DwHzMhB...,2497524.703616523,0.26310344325231827,BUYBACK_GAMING,,False,5048438,0.7096276847456074,0,5FNVgRnr...,0.0,0.5506924238243202,0.5506924238243202,0.5671188561488105,,COUNTER,954583.153195819,0.0,0.0,DIVERGENT,-0.9857611128816427,1.614839845132559,1295.967040512703,63565.086413894,0.014018810853545073,63565.086413894,0.014018810853545073,0.0,FORTRESS,True,True,0.14018810853545075,,,12950.482601335996,0.0028561333948029146,30.0
121,85,55,3,82,Compelle,2026-09-09,9031117,0.003207577,0.0031927505042403936,0.004643800303191528,IN BAND,False,False,0.000121678,1577.611415701,755994.6600554,1.0,491839.051078105,116550.129269624,0.0004909697292762227,-4082.182201717922,DISTRIBUTING_PRE_EMA,0.0,,0.1530656097347695,0.1530656097347695,0.2026923618943976,-2.679280840662147,0.05649957035549692,-8.166901231017157,-5.431120819999514,-5.48762039035501,3.476215030153014,5.690312752249408,1,0.0,,0.0,0.0,0.0,0.002086802326864837,-0.3494147367733224,5H6h1PUD...,394042.031048831,0.29876708614214614,BUYBACK_GAMING,,False,8026517,0.0,58,5FeKsRjZ...,0.09999237048905166,1.1207659974715838,1.0086979486208736,0.015428048222188311,,COUNTER,51466.221683119,7195.897335065,0.0,OK,0.0,0.0,1295.967040512703,744.314271862,0.000984549641934582,744.314271862,0.000984549641934582,0.0,NEITHER,False,True,0.009845496419345819,,,34815.918993793,0.0460531281943733,30.0
122,86,85,122,10,Pareton,2026-09-09,9031117,0.007536899,0.007496245671063662,0.005423158567663338,IN BAND,False,True,2.88e-07,17891.691063327,3528140.928446472,1.0,2373879.357964095,969731.215522917,0.0019830543029549486,-57868.68772417167,DISTRIBUTING_PRE_EMA,0.0,,,0.2631127606930846,4.2302541292553446e-05,6.075973809052932,0.06598176257323728,-0.7796665496977226,-6.789658596177417,-6.855640358750654,0.7448682048982589,6.855682661291946,1,0.3720361998171146,,2678.808112620027,2678.763067987388,1.5259021896696368e-05,0.005071138434145588,-0.327158499252068,5HK5714c...,1116065.365300249,0.0904470130309725,,,False,2869647,0.9074221015045625,201,5GKbzKzG...,0.179995422293431,1.1818821986837131,0.9691488132305495,0.3168111341716518,,COUNTER,799487.335334612,0.0,0.0,DIVERGENT,-0.991437952336301,2.066999379033305,1295.967040512703,64152.624847384,0.01818312424261125,20341.184495574,0.00576541156039669,43811.44035181,FORTRESS,True,True,0.057654115603968326,,,20041.20599479,0.0056803870370378436,30.0
123,87,21,123,38,ChronoLLM,2026-09-09,9031117,0.008089595,0.007571173133328557,0.06847312266435071,IN BAND,False,False,0.002248543,4889.537339759,1584952.49702452,1.0,604423.148460044,192813.881083831,-0.0014355570088288021,-29202.623451470397,,0.0,,,,1.2085337718867397,-0.2875007450678632,0.8330896590829336,-8.177835572272043,-7.057245168121246,-7.890334827204179,1.658093857660482,9.098868599090919,1,0.0,,0.0,0.0,6.103608758678547e-05,0.00308497406006696,-0.6186491338482384,5GeWgtBA...,1526865.049271299,0.0,,,False,7284230,0.5203186278249988,10,5HbScNss...,0.0899977111467155,0.6388426674847225,0.5813482896282353,0.01207043886955991,,COUNTER,485297.062238848,10641.406258159,0.0,OK,0.0,0.0,1295.967040512703,31060.718494124,0.019597255155870755,31060.718494124,0.019597255155870755,0.0,DORMITORY,False,True,0.19597255155870996,,,21363.339709174004,0.013478851731695465,30.0
124,88,3,124,15,ORO,2026-09-09,9031117,0.037106405,0.035761674400419,0.03760256257926362,IN BAND,False,False,0.011925631,16127.190941295,1578366.804558717,1.0,434620.335149813,548755.4215043,-0.0009198017926109515,-40733.56159116706,,0.0,,,,1.9433364670935915,3.1036839270338197,0.45749784471437405,-6.74730932885944,-9.393495411178886,-9.85099325589326,1.6650122090819959,11.79432972298685,1,0.0,,0.0,0.0,0.0006103608758678547,0.010217644526427984,-0.7246393304221204,5EHdase3...,216.588029224,0.0,,,False,7366897,0.0,76,5DWsubqY...,0.0,0.6186027850939835,0.6186027850939835,0.02041875228909779,,COUNTER,354654.991781899,2797.563389807,0.0,DIVERGENT,1.0,0.0,1295.967040512703,1010.651574802,0.0006403147683307748,1010.651574802,0.0006403147683307748,0.0,NEITHER,False,True,0.006403147683307748,,,24027.923119639003,0.01522328209782439,30.0
125,125,125,125,36,SN36,2026-09-09,9031117,0.005281295,0.0,,N/A,False,True,0.0,503.143267211,0.0,0.0,95268.915526717,1.994240421,,,,,,,,,0.0,,0,,,,,,,,,,0.0,,,5DCjvVt6...,367559.766573111,,,,True,8884359,1.0,0,5EFY7fKV...,,0.0,0.0,0.0,,,0.0,0.0,,NO_ESTIMATE,,,,0.0,,0.0,,0.0,,False,,,,,0.0,,30.0
126,126,126,126,59,SN59,2026-09-09,9031117,0.005121396,0.0,,N/A,False,True,0.0,530.291196378,0.0,0.0,103544.263240459,1.230492187,,,,,,,,,0.0032480611849011907,,0.0032480611849011907,,,,,,,,,,0.0,,,5GzrQ2fe...,526369.676925975,,,,True,8938771,1.0,0,5FKjMupT...,,0.0,0.0,0.0,,,0.0,0.0,,NO_ESTIMATE,,,,0.0,,0.0,,0.0,,False,,,,,0.0,,30.0
127,127,127,127,76,SN76,2026-09-09,9031117,0.004977959,0.0,,N/A,False,True,0.0,462.493824764,0.0,0.0,92908.311960629,1.917487945,,,,,,,,,38.2940983025753,,38.2940983025753,,,,,,,,,,0.0,,,5CLWmDjL...,663080.99953201,,,,True,9003844,1.0,0,5CqaQ34d...,,0.0,0.0,0.0,,,0.0,0.0,,NO_ESTIMATE,,,,0.0,,0.0,,0.0,,False,,,,,0.0,,30.0
128,128,128,128,86,SN86,2026-09-09,9031117,0.005989978,0.0,,N/A,False,True,0.0,709.206653217,0.0,0.0,118398.856999575,2.080993178,,,,,,,,,0.0,,0,,,,,,,,,,0.0,,,5F4XAWGz...,282659.624016438,,,,True,8693284,1.0,0,5F1N5GEH...,,0.0,0.0,0.0,,,0.0,0.0,,NO_ESTIMATE,,,,0.0,,0.0,,0.0,,False,,,,,0.0,,30.0
