combined_apy_rank,real_apy_rank,emission_rank,epr_rank,netuid,name,date,block,spot_price,moving_price,momentum_30d,ema_band,ema_lag_flag,low_emission,tao_emission,tao_reserves,alpha_outstanding,alpha_out_emission,alpha_in_pool,volume,ema_tao_inflow,pool_growth_real,pool_ema_divergence,flow_momentum,flow_price_divergence,emission_price_ratio,emission_price_ratio_raw,emission_apy,price_apy_7d,price_apy_30d,combined_apy_7d,combined_apy_30d,real_apy,gross_emission_rate,net_supply_delta,supply_days_gap,supply_defence,supply_defence_quality,burned_tokens,manual_burn,miner_burn_rate,liquidation_price,liquidation_haircut,owner_coldkey,owner_stake,owner_inflow_pct,owner_inflow_flag,large_entry_anomaly,immune,registered_at,vali_miner_share,best_validator_uid,best_validator_hotkey,best_validator_take,best_validator_raw_apy,best_validator_apy,best_validator_div_pct,best_validator_trust,burned_source,alpha_burned_cum,alpha_recycled_cum,recycled_tokens,recon_flag,recon_gap_relative,burn_coverage,owner_cut_emission,total_locked_alpha,locked_float_ratio,owner_locked_alpha,owner_lock_ratio,community_locked_alpha,commitment_class,gate_eligible,leader_is_owner,leader_pct_of_threshold,leader_blocks_to_threshold,governance_flag,basket_alpha,basket_share,ema_halving_days
1,1,70,14,7,Allways,2026-09-17,9088645,0.002584693,0.0027102050371468067,-0.04631090099328455,IN BAND,False,True,2.8039e-05,5721.923373955,3068210.242278424,1.0,2213772.928843823,327535.04378499,-0.001063203871299582,171001.9981454995,ACCUMULATING_PRE_EMA,0.0,,,,0.012877923590414637,-9.217863104453679,-0.5634492954182952,9.319784987897913,17.974198796933297,18.537648092351592,0.85652539835356,-18.524770168761176,1,0.0,,0.0,0.0,1.5259021896696368e-05,0.001864905896965507,-0.27848069501271255,5CAc19iE...,0.340323109,,,ENTRY_PRE_EMA_PATTERN,False,2627691,0.6722312082277901,194,5DtUJ9yt...,0.0899977111467155,0.2823752092269905,0.25696208671198645,0.8841258698571602,,COUNTER,36084.978602376,222009.265510221,382.2946988269978,OK,-0.1582383982702011,0.0,1295.967040512703,3211.260531444,0.0010466233660244052,3211.260531444,0.0010466233660244052,0.0,NEITHER,True,True,0.010466233660244052,,,10591.8967819,0.0034521417847932605,30.0
2,2,2,15,90,KubeTEE,2026-09-17,9088645,0.029443944,0.0325635124463588,-0.09579950723981637,IN BAND,False,False,0.016170499,2454.345961567,318104.527860378,1.0,83356.562182732,79733.285139154,,9075.281977747698,,,,,,17.31462150709511,-4.089168738951061,-1.1655606714177658,12.153626431948771,15.077234499482067,16.242795170899832,8.26143537684405,1.0718263361952778,1,0.0,,0.0,0.0,1.5259021896696368e-05,0.0077155329352754706,-0.7379585786715437,5C9y6fnL...,415357.665955479,,,ENTRY_REPEATED,True,8618670,0.21037934507278655,0,5EKtGWqs...,0.179995422293431,1.3800678380828102,1.1316619447735123,0.32161386803393766,,COUNTER,0.0,112206.992530881,778.6137700450054,DIVERGENT,0.32149774189741587,0.0,1295.967040512703,70425.756806497,0.2213918716598972,70425.756806497,0.2213918716598972,0.0,DORMITORY,False,True,2.2139187165989718,0,,53448.79418844499,0.1680227394056606,30.0
3,4,44,16,33,ReadyAI,2026-09-17,9088645,0.004684365,0.004689252935349941,-0.0010423697372119371,IN BAND,False,False,0.000413137,14619.348973766,2247575.600497679,1.0,3120881.645295596,906979.628984027,-0.0054386194078304825,60050.50107446732,ACCUMULATING_PRE_EMA,0.0,,,,0.0742662370224762,1.8004776171502235,-0.012682165136078567,10.295017499654179,8.481857717367877,8.494539882503956,1.1692598902649076,-8.42027364548148,1,0.0,,0.0,0.0,0.0018921187151903496,0.0065044970992427795,0.3885547132306682,5HinUfk5...,52337.753393901,,,,False,2943950,0.0,209,5E2LP6En...,0.0,0.4526095595876333,0.4526095595876333,0.40641548016908546,,COUNTER,588076.249106669,0.0,0.0,DIVERGENT,1.0,0.0,1295.967040512703,138809.800536348,0.061759791530754934,138808.045342108,0.06175901060296786,1.755194239987759,DORMITORY,True,True,0.6175901060296786,,,13135.040485205998,0.0058440928448847355,30.0
4,3,53,11,78,Umi,2026-09-17,9088645,0.002926788,0.0036035310477018356,-0.187799976951338,IN BAND,True,False,0.000155559,1275.155152095,931755.666052552,1.0,435684.178420957,159509.167510067,0.0001379181554245564,34198.76137662615,,0.0,,0.04712270086680566,0.04712270086680566,0.320595537984811,-20.637638810334728,-2.284899719574612,-10.214770381905268,8.137968708854848,10.42286842842946,2.8204819093118108,-10.102272890444649,1,0.0,,0.0,0.0,0.0004425116350043057,0.001368551003824086,-0.5324051472726805,5GvYz1tB...,863764.379801735,,,ENTRY_PRE_EMA_PATTERN,False,7966145,0.0,200,5E2LP6En...,0.0,0.7859420364967898,0.7859420364967898,0.3322498931819569,,COUNTER,82861.627752537,8107.779671713,0.0,OK,0.0,0.0,1295.967040512703,64289.989572512,0.06899876428429036,64289.989572512,0.06899876428429036,0.0,DORMITORY,False,True,0.689987642842904,,,33140.14545588199,0.035567420369207445,30.0
5,5,31,17,118,Ditto,2026-09-17,9088645,0.006979341,0.007550013950094581,-0.07558568154532108,IN BAND,False,False,0.001700658,6122.031634997,2166996.997772069,1.0,877164.764068047,764284.220159054,-0.0019519015973399523,40169.41768783657,ACCUMULATING_PRE_EMA,0.0,,,,0.7300402040477516,-8.67877776893411,-0.9196257921347398,-2.7665865861177945,4.992565390681575,5.912191182816315,1.2127381822410908,-5.182150978768563,1,0.0,,0.0,0.0,4.57770656900891e-05,0.0028251223427126003,-0.5952164620251968,5HGXqHbQ...,1427902.001601235,,,ENTRY_PRE_EMA_PATTERN,False,5724794,0.03999572727827627,34,5CaJhaYX...,0.009994659342336155,0.5499412601220867,0.5444447845688714,0.03354188921104837,,COUNTER,320927.826926128,1788.13704218,0.0,OK,0.0,0.0,1295.967040512703,107704.339169181,0.04970211739098571,84997.182557353,0.039223488839504723,22707.156611828002,DORMITORY,True,True,0.3922348883950493,,,31685.787601072996,0.014621980387443894,30.0
6,6,69,18,106,Nodexo,2026-09-17,9088645,0.002423416,0.0024522929452359676,-0.01177548762763706,IN BAND,False,True,3.4938e-05,5995.367111687,2385752.648455617,1.0,2473931.619093081,360612.297973981,-0.0008091572467977437,39977.487339579966,ACCUMULATING_PRE_EMA,0.0,,,,0.01531466919198617,-4.902539493244246,-0.14326843280291757,0.039172463954087355,4.798443524395416,4.941711957198334,1.10153917326727,-4.926397288006347,1,0.0,,0.0,0.0,0.00010681315327687457,0.0025129877213247633,0.036960935029216394,5CTdHCps...,966461.719815715,,,,False,5558480,0.3290349163716274,31,5E4vCZrj...,0.0,0.45024733678464474,0.45024733678464474,0.02766840643408723,,COUNTER,838637.534343767,0.0,0.0,OK,0.0,0.0,1295.967040512703,321360.068005992,0.1346996589164513,321360.068005992,0.1346996589164513,0.0,DORMITORY,True,True,1.3469965891645148,0,,11792.747518369992,0.0049429883378747826,30.0
7,90,90,19,35,SN35,2026-09-17,9088645,0.004230724,0.00321456347592175,0.3161115130218028,PREMIUM,False,True,0.0,550.824676785,33432.087071315,1.0,130196.297608721,6771.811955213,,2909.869218199776,,,,,,,43.2034300019184,3.846023408431934,43.2034300019184,3.846023408431934,,78.60711759915357,53.71927398651507,1,0.0,,0.0,0.0,0.0,0.016475928517714705,2.8943520110777032,5FjUeckL...,768705.390209242,,,,True,9046691,1.0,1,5E2LP6En...,0.0,1.061828334989193,1.061828334989193,0.23851741080965608,,COUNTER,0.0,0.0,0.0,OK,1.0,0.0,1295.967040512703,0.0,0.0,0.0,0.0,0.0,NEITHER,False,,,,,4160.381472957001,0.12444276853199039,30.0
8,7,61,20,81,Reliquary,2026-09-17,9088645,0.006125914,0.00622270698659122,-0.015554803849802214,IN BAND,False,True,9.1382e-05,17956.287163039,2522577.055408174,1.0,2931201.05048806,909650.049417538,-0.010295262693937652,35438.48516613245,ACCUMULATING_PRE_EMA,0.0,,,,0.013374251248015553,-3.240568501815881,-0.18925011350592694,0.7710636956515211,3.8223820839614753,4.011632197467402,1.041791763849516,-3.998257946219386,1,0.16189215386188316,MINER_BURN_ONLY,1183.912437604973,1183.0115449521923,0.00030518043793392735,0.007118231383474437,0.1619868289816732,5GnpQR4N...,86085.654814094,,,ENTRY_PRE_EMA_PATTERN,False,5203057,0.5167824162405557,170,5GxSiKC5...,,17.79761273908585,17.79761273908585,0.0,,COUNTER,855422.477923424,0.0,0.0,DIVERGENT,-1.0,0.9128407652128067,1295.967040512703,492744.127909854,0.19533362790779996,488421.429665143,0.1936200238632997,4322.698244710977,FORTRESS,True,True,1.9362002386329993,0,,14087.703980500999,0.00558464763258599,30.0
9,8,9,21,80,OpenRoboto,2026-09-17,9088645,0.023322514,0.023503038566559553,-0.007680903303133193,IN BAND,False,False,0.006996924,4298.677879428,2104016.964123452,1.0,184314.576356621,276051.692845589,-0.0002903473733555673,2895.954833100579,ACCUMULATING_PRE_EMA,0.0,,,,4.277574823644793,21.833050139218884,-0.09345099018812052,24.9845496919721,3.0580485625650935,3.151499552753214,1.2490393589078512,1.1260752708915787,1,0.004569578777296993,MINER_BURN_ONLY,42.816576448007254,42.771531815368206,1.5259021896696368e-05,0.0020430813784901485,-0.9123987500451217,5CG1eFia...,299795.597352632,0.0,,,False,7151800,0.8500015259254738,1,5E2LP6En...,0.0,0.43697446600798556,0.43697446600798556,0.4851365786662597,,COUNTER,258183.265501626,2501.379452446,0.0,DIVERGENT,-1.0,0.03300356450303488,1295.967040512703,342017.497502748,0.16255453417659815,342017.497502748,0.16255453417659815,0.0,DORMITORY,False,True,1.6255453417659844,0,,21352.001098304012,0.01014820767246019,30.0
10,10,73,22,84,SN84,2026-09-17,9088645,0.002093852,0.0020883872639387846,0.0026167254299898843,IN BAND,False,True,1.853e-05,1362.929331344,741244.753438973,1.0,650919.398769736,69001.807106301,-0.004139727322791386,11827.368578407448,ACCUMULATING_PRE_EMA,0.0,,,,0.03572954142235643,-5.456911484811588,0.03183682606487692,-2.8135752543894776,2.6751730564869876,2.6433362304221104,3.5453876574606533,-2.607606688999754,1,0.0,,0.0,0.0,0.0002746623941405346,0.0018387035119247028,-0.12185602806468525,5FRdKaxK...,188026.51314024397,,,,False,8085297,0.9993589450066395,28,5CyWGksH...,0.179995422293431,2.418449466379553,1.9831396333832425,1.0,,COUNTER,43139.508395224,60061.983379457,795.5165690240028,OK,-0.03192524726948376,0.0,1295.967040512703,660.436412233,0.0008909829164644119,660.436412233,0.0008909829164644119,0.0,NEITHER,False,True,0.008909829164644119,,,3952.771744108001,0.005332613452937491,30.0
11,9,21,23,75,Hippius,2026-09-17,9088645,0.016336983,0.01657546474598348,-0.014387635558832233,IN BAND,False,False,0.002438661,32286.378127812,3613183.777855035,1.0,1976275.414265257,1533049.375168297,-0.01292806119265099,32601.61806379608,ACCUMULATING_PRE_EMA,0.0,,,,0.198498607760508,-6.268328312752494,-0.17504956596579216,-3.5744343474757803,2.5188443993109213,2.6938939652767133,0.7273363774372172,-2.4953953575162053,1,0.0,,0.0,0.0,0.0019226367589837423,0.008935714348573433,-0.45303766622188235,5DAQpczE...,1526738.4901325142,,,,False,5102795,0.0,157,5E2LP6En...,0.0,0.29530707577511145,0.29530707577511145,0.42302762093697543,,COUNTER,784604.879643725,0.0,0.0,DIVERGENT,1.0,0.0,1295.967040512703,552610.185383168,0.1529427284518655,552609.767120331,0.15294261269167644,0.41826283710543066,DORMITORY,True,True,1.5294261269167646,0,,35865.138792622,0.009926187262446231,30.0
12,11,25,24,49,Nepher Robotics,2026-09-17,9088645,0.007591075,0.007947282865643501,-0.04482133977933584,IN BAND,False,False,0.001947627,4135.692513745,2297018.586807272,1.0,544809.960335539,158698.504435326,-3.683535129229573e-05,17388.855347866425,ACCUMULATING_PRE_EMA,0.0,,,,1.2376074234216121,0.5773117455722133,-0.545326300648586,3.134664469901215,2.0120264236804157,2.557352724329002,1.1440917435730347,-1.3197453009073898,1,0.0,,0.0,0.0,0.0,0.0018004610574324444,-0.7628186972948569,5FL781vf...,1747323.39392556,,,ENTRY_REPEATED,False,6783158,1.0,7,5E2LP6En...,0.0,1.7922853926339792,1.7922853926339792,0.005768350373874562,,COUNTER,790069.490844123,837.682351088,0.0,OK,0.0,0.0,1295.967040512703,462097.602286592,0.20117277454375412,462097.602286592,0.20117277454375412,0.0,DORMITORY,False,True,2.011727745437541,0,,19416.161056380995,0.008452766193489265,30.0
13,13,43,25,63,Enigma,2026-09-17,9088645,0.004846477,0.0048614125698804855,-0.0030722695648216993,IN BAND,False,False,0.000469944,11882.941855583,3517744.155387189,1.0,2451871.839820871,1235959.906121854,-0.0023243817583002914,26511.96492177015,ACCUMULATING_PRE_EMA,0.0,,,,0.10393157241779738,-8.364607534258473,-0.03737927970533067,-6.356055372941647,1.9711728816114957,2.0085521613168265,0.7470696798615655,-1.904620588899029,1,0.0,,0.10852731904014945,0.0,0.00015259021896696368,0.003378000596599691,-0.3029987356589764,5CqTmNfg...,17972.439265123,,,,False,4885578,1.526135062956957e-05,141,5E2LP6En...,0.0,0.8796417897637782,0.8796417897637782,0.09487257744544483,,COUNTER,725440.122139249,0.0,0.0,OK,-1.0,0.0,1295.967040512703,72397.992373783,0.020580800983752708,72397.992373783,0.020580800983752708,0.0,DORMITORY,True,True,0.2058080098375271,,,8575.612832453002,0.0024378159563764826,30.0
14,12,72,26,103,Capcomp,2026-09-17,9088645,0.002022083,0.002096924465149641,-0.03569106393362631,IN BAND,False,True,1.8832e-05,430.803909849,231559.431857515,1.0,213049.562552114,35973.550242318,,8511.283652996819,,,,,,0.11487940306146893,-8.168444644848641,-0.4342412778591201,-6.147625634999625,1.5865777319898962,2.020819009849016,11.34913822736049,-1.9059396067875471,1,0.0,,0.0,0.0,0.0,0.0018604463933651627,-0.07993569335919315,5H3SQ4du...,1073088.678049248,,,,True,8762380,1.0,103,5H6VKx1U...,,0.950442342996707,0.950442342996707,0.019501327555162207,,COUNTER,60139.256694016,0.014698804,0.0,OK,0.0,0.0,1295.967040512703,0.0,0.0,0.0,0.0,0.0,NEITHER,False,,,,,59920.24348153099,0.2587683127431475,30.0
15,16,46,27,85,Vidaio,2026-09-17,9088645,0.005411141,0.005454470869153738,-0.007943917969894717,IN BAND,False,False,0.000318086,13052.911239927,2814057.300134105,1.0,2412228.706949679,1441903.088654607,-0.006693889346863315,19840.9545502197,ACCUMULATING_PRE_EMA,0.0,,,,0.06404165267308407,6.528946594651614,-0.09665100196705238,8.157089644633903,1.5314920480152372,1.6281430499822895,0.933882902766323,-1.5641013973092055,1,0.07742336855479137,MINER_BURN_ONLY,590.4423370709992,590.217113907804,7.629510948348184e-05,0.004638466757341778,-0.14279321914883064,5GTPBjA4...,3163031.680125929,,,,False,5258781,0.42403479322447735,149,5DccCmXk...,,13.850698843816781,13.850698843816781,0.0,,COUNTER,507318.980771324,0.0,0.0,DIVERGENT,-1.0,0.4554260220030794,1295.967040512703,143874.406841709,0.05112703527211496,143874.406841709,0.05112703527211496,0.0,FORTRESS,True,True,0.5112703527211496,,,24450.085067414017,0.00868855266957387,30.0
16,14,6,28,15,ORO,2026-09-17,9088645,0.02733895,0.02779372059740126,-0.016362350474365135,IN BAND,False,False,0.008783722,13966.117867475,1560941.986024729,1.0,510850.784218382,576603.580568103,-0.0009198017926109515,,,,,,,1.6528302019960968,-9.0008663835554,-0.1990752641047758,-7.348036181559302,1.453754937891321,1.6528302019960968,1.683598765059015,,,,,,,0.00016784924086366004,0.008947236984151277,-0.6727293116907826,5EHdase3...,216.588029224,,,,False,7366897,0.0,76,5DWsubqY...,0.0,0.7433295343914034,0.7433295343914034,0.039111857164657406,,,372945.467614599,2797.563389807,,NO_ESTIMATE,,,,1010.651574802,0.0006474626115835601,1010.651574802,0.0006474626115835601,0.0,,False,True,0.0064746261158356005,,,27167.287965024003,0.017404418747304813,30.0
17,17,13,29,53,engy,2026-09-17,9088645,0.027610165,0.028034931048750877,-0.015151314194860637,IN BAND,False,False,0.003876296,33702.082875883,4784323.726812836,1.0,1220640.466618158,1543529.740118484,-0.0011223092088040443,22819.28057845519,ACCUMULATING_PRE_EMA,0.0,,,,0.3022633920139602,10.817197970453815,-0.1843409893708044,12.23035714730552,1.2288181874809012,1.4131591768517056,0.5492939337009893,-1.1108957848377454,1,0.17318080448709647,MINER_BURN_ONLY,1424.2114556629676,1421.9592240310153,0.0007629510948348184,0.0070442730885884805,-0.7448666790441679,5H8SFVCx...,2659084.741118377,,,,False,4203869,0.48754676643506156,182,5CFLNbkc...,,0.998901907880534,0.998901907880534,0.0,,COUNTER,529354.821141889,0.0,0.0,DIVERGENT,-1.0,1.0972186634225418,1295.967040512703,134185.079792046,0.028046822801732905,120052.100490423,0.025092804614707354,14132.979301622981,FORTRESS,True,True,0.2509280461470735,,,27396.109807997,0.0057262240960954825,30.0
18,15,48,4,96,Verathos,2026-09-17,9088645,0.005908514,0.006167825078591704,-0.04204254746000556,IN BAND,False,False,0.000297455,3010.929121156,840778.304135116,1.0,509591.660934157,98437.202778832,0.0007914143622985852,10833.386645186692,,0.0,,0.13394473843991656,0.13394473843991656,0.25962475652694006,-11.603231819707691,-0.511517660763401,-9.95998388611411,1.1317302728301804,1.6432479335935815,3.1256753261531247,-1.3836231770666414,1,0.11959104727235646,MINER_BURN_ONLY,906.3409695520531,904.4040503485741,0.0006561379415579438,0.003581121332874133,-0.39390490859899246,5CGq1JQh...,712448.134826984,,,,False,7692872,0.33532339827765223,211,5FA9tyak...,,14.82998354656623,14.82998354656623,0.0,,COUNTER,264544.315284799,7897.141864024,0.0,DIVERGENT,-1.0,0.6978603792198133,1295.967040512703,193197.135152562,0.22978368281196102,193197.135152562,0.22978368281196102,0.0,FORTRESS,False,True,2.297836828119611,0,,32472.469443537986,0.03862191648361034,30.0
19,20,1,13,107,Minos,2026-09-17,9088645,0.051935209,0.05152760515920818,0.007910397534145523,IN BAND,False,False,0.016736527,21965.103645611,1639688.250401515,1.0,422933.131521457,554413.937455908,0.001226016808458981,4725.784271551704,,0.0,,0.023606659760606354,0.023606659760606354,2.0024304763428087,-4.916630101233007,0.09624316999877051,-3.9260640584805175,1.0868092127512605,0.99056604275249,1.6027436918917204,1.0118644335903186,1,0.0,,0.0,0.0,0.00015259021896696368,0.013395902324867148,-0.7420651118421966,5DA2vLrS...,1327013.290938802,,,,False,7457580,0.0,2,5G9hfkx9...,0.009994659342336155,0.8216733895565622,0.8134610439372817,0.017213490004578058,,COUNTER,406798.248425295,11728.725039684,0.0,DIVERGENT,1.0,0.0,1295.967040512703,41164.694002343,0.025105195449356233,41164.694002343,0.025105195449356233,0.0,DORMITORY,False,True,0.2510519544935623,,,27551.242482349,0.01680273215082346,30.0
20,19,57,30,79,MVTRX,2026-09-17,9088645,0.003313047,0.0033448392059653997,-0.009504853300182425,IN BAND,False,False,0.000117002,7217.451178728,2972304.358450863,1.0,2178493.116529529,488336.734579756,-0.0051205686723918425,14705.265561078675,ACCUMULATING_PRE_EMA,0.0,,,,0.04260247120288666,-2.114755843393117,-0.11564238181888616,-1.045955416872786,0.9531580447014446,1.0688004265203308,0.8841624823945313,-1.026197955317444,1,0.0,,0.0,0.0,0.001663233386739904,0.0024282342278331374,-0.2670691880214385,5Fxp7QBG...,3286793.146854173,,,,False,5173967,0.0,0,5EWwdZB7...,0.179995422293431,0.32782288710942276,0.26881626810671044,1.0,,COUNTER,444229.939659842,37317.847662374,0.0,DIVERGENT,1.0,0.0,1295.967040512703,1355085.827207694,0.45590412817412546,1355085.827207694,0.45590412817412546,0.0,DORMITORY,True,True,4.559041281741254,0,,12537.841562212,0.004218222648217158,30.0
21,21,63,31,32,ItsAI,2026-09-17,9088645,0.002891958,0.0028966774698346853,-0.0016292700460554344,IN BAND,False,True,6.7068e-05,7078.571652508,3588864.965180606,1.0,2447674.183175091,305664.503458116,-0.0011755096356559623,16265.032547764014,ACCUMULATING_PRE_EMA,0.0,,,,0.024899755579581004,-2.0301153666589435,-0.019822785560341116,-1.0590180383075376,0.9512745427910648,0.9710973283514059,0.7322649432333124,-0.9461975727718249,1,0.0,,0.0,0.0,0.001785305561913475,0.0019723705743138146,-0.3179809062531978,5DWgkCSv...,68968.31040582,,,,False,2515294,0.24089700082546095,219,5FqSm5nx...,,5.213771592802003,5.213771592802003,0.0,,COUNTER,17419.272873098,0.0,0.0,DIVERGENT,1.0,0.0,1295.967040512703,634410.218859858,0.17677182758753698,634410.218859858,0.17677182758753698,0.0,DORMITORY,True,True,1.7677182758753698,0,,11126.000935859993,0.0031001447654913613,30.0
22,18,55,32,21,AdTAO,2026-09-17,9088645,0.003365235,0.0034194709733128548,-0.01586092519460985,IN BAND,False,False,0.000127334,7436.65455114,3779947.326222067,1.0,2209846.809625252,597169.78373661,-0.0017317969702688176,18726.584771779366,ACCUMULATING_PRE_EMA,0.0,,,,0.04499788845895799,-4.059956615770146,-0.19297458986775318,-2.9397170167406577,0.9272650091617348,1.120239599029488,0.6952477834199345,-1.07524171057053,1,0.0,,0.0,0.0,0.0001373311970702673,0.0019673963442693506,-0.4153762384293071,5HjCYVfr...,1992859.9204920658,,,,False,3156578,1.0,211,5FyJmJH7...,,17.40699177302832,17.40699177302832,0.0,,COUNTER,834653.38669571,0.0,0.0,OK,0.0,0.0,1295.967040512703,5839.628796876,0.0015448968710134162,5839.628796876,0.0015448968710134162,0.0,NEITHER,True,True,0.015448968710134162,,,9653.056725873,0.0025537542967618318,30.0
23,22,11,33,44,Score,2026-09-17,9088645,0.038233373,0.03820440056733787,0.0007583532847496078,IN BAND,False,False,0.005388909,67806.187231614,4204027.958688012,1.0,1773481.70496793,2229767.613981734,-0.0010141890605900883,14149.77444366063,ACCUMULATING_PRE_EMA,0.0,,,,0.2088607755458203,-1.1904148450918197,0.009226631631120228,-0.4660737907432013,0.7335676859797386,0.7243410543486184,0.625114777024495,-0.5154802788027981,1,0.018427151124369146,MINER_BURN_ONLY,151.37581421696814,151.37581421696814,0.0,0.01612886210508811,-0.5781470260265003,5CaCekux...,279202.229390565,,,,False,3550319,1.0,65,5E2LP6En...,0.0,0.27112788112206865,0.27112788112206865,0.215256901313882,,COUNTER,507342.093815305,2206.282255223,0.0,DIVERGENT,-0.9294132654705907,0.11680529634232187,1295.967040512703,245862.449528441,0.05848259144431795,245862.449528441,0.05848259144431795,0.0,DORMITORY,True,True,0.5848259144431796,,,21343.37651107699,0.005076887385339322,30.0
24,23,78,34,123,MANTIS,2026-09-17,9088645,0.002418227,0.002426120452582836,-0.0032535287250198275,IN BAND,False,True,5.405e-06,5776.058441615,1986859.215611349,1.0,2388550.853135867,551488.353864353,-0.0026115959502149458,11128.255679721013,ACCUMULATING_PRE_EMA,0.0,,,,0.0024591752565488985,-1.8415859008041586,-0.039584599487741234,-1.1225190477191274,0.67948225359729,0.7190668530850313,1.3226905959672508,-0.7166076778284823,1,0.14994779883840265,MINER_BURN_ONLY,1087.4879623680026,1082.037561818678,0.0018463416495002605,0.002907130206423674,0.20217424022793326,5HVuEdEG...,1581777.093172452,,,,False,5794330,0.39248478918885854,158,5Dszzjqs...,0.179995422293431,6.088333960832294,4.992461718488848,0.0,,COUNTER,305291.105566394,8560.983387542,0.0,DIVERGENT,-1.0,0.834926759704173,1295.967040512703,350656.879907587,0.176488035565062,350656.879907587,0.176488035565062,0.0,FORTRESS,True,True,1.7648803556506203,0,,11549.833049755001,0.005813110943646383,30.0
25,91,91,35,112,for sale,2026-09-17,9088645,0.003207171,0.003047250909730792,0.05248011896839043,IN BAND,False,True,0.0,4057.28997298,2295274.965996963,1.0,1265068.220678075,164254.957382815,-0.0010482548438311206,-32132.534509582445,,0.0,,,,,3.985439080871347,0.6385081141154169,3.985439080871347,0.6385081141154169,,1.1449608604337809,6.363590679997045,1,0.4100022879352845,SKIN_IN_GAME,2952.0164731340483,2952.0164731340483,0.0,0.0017676705549819378,-0.4488380710034052,5GQjr3Qt...,783066.061849289,1.360996370299969,BUYBACK_GAMING,,False,5633022,1.0,0,5C4xjnQk...,0.179995422293431,1.9011912952919297,1.5589855652352638,0.3817066471342245,,COUNTER,1021769.968815363,0.0,0.0,DIVERGENT,-0.9996612485028112,2.2778484180941736,1295.967040512703,109192.016768061,0.047572521107784996,109192.016768061,0.047572521107784996,0.0,FORTRESS,True,True,0.4757252110778499,,,15866.773769590001,0.006912798686277745,30.0
26,25,17,7,68,NOVA,2026-09-17,9088645,0.022025841,0.02213956112973392,-0.005136512375631086,IN BAND,False,False,0.003185343,44715.879502372,3770741.445368444,1.0,2030155.393258152,1691458.483352458,0.0020257665134935203,12400.768947844394,,0.0,,0.09197226628002628,0.09197226628002628,0.18720601041864662,0.6780409549620923,-0.06249423390351155,1.3087494140474503,0.5682142251818464,0.6307084590853579,0.6969451600103583,-0.44350244866671124,1,0.0,,0.0,0.0,0.0,0.01185864375752837,-0.46160313435803113,5EcdJLAe...,2509172.833435212,,,,False,4972413,0.0,39,5EvbeQ75...,,0.17011935769311812,0.17011935769311812,0.0399529964747356,,COUNTER,682309.357738917,6247.123951755,0.0,DIVERGENT,1.0,0.0,1295.967040512703,555622.112928203,0.14735089132421605,555622.112928203,0.14735089132421605,0.0,DORMITORY,True,True,1.4735089132421617,0,,31020.110019847994,0.008226527983760229,30.0
27,24,3,2,51,lium.io,2026-09-17,9088645,0.089425358,0.09065911965444684,-0.013608798090577176,IN BAND,False,False,0.01272163,158818.55631693,4137346.977019764,1.0,1775990.203428253,2072606.865525895,0.015805744069074572,13562.74052707688,,0.0,,0.1767478981641267,0.1767478981641267,0.2105071624834819,-4.040240531477524,-0.1655737101020223,-3.3576793487306205,0.5169874726448815,0.6825611827469038,0.6351896552541539,-0.4720540202634219,1,0.0,,0.0,0.0,0.0006561379415579438,0.03838656926747078,-0.5707417881685105,5FqACMtc...,216.588029224,,,,False,3966206,0.8271086544921518,189,5GP7c3fF...,0.0009918364232852674,0.3032659730016333,0.30296518276366724,0.17547688081794596,,COUNTER,1211884.876759297,47834.295633396,0.0,OK,1.0,0.0,1295.967040512703,502266.563973042,0.12139822131496386,502266.563973042,0.12139822131496386,0.0,DORMITORY,True,True,1.2139822131496394,0,,14788.982729928006,0.0035745086916981,30.0
28,26,79,36,22,Desearch,2026-09-17,9088645,0.003087611,0.003107205033302307,-0.0063059994729355515,IN BAND,False,True,5.06e-06,7625.892291786,3601324.585965369,1.0,2469835.746669217,270061.943326755,-0.0015173520545156394,12312.804371817037,ACCUMULATING_PRE_EMA,0.0,,,,0.0017437539754296288,-5.53384223760722,-0.07672299358738253,-5.0160526137985455,0.4410666302212919,0.5177896238086744,0.7297315021926967,-0.5160458698332449,1,0.21152356216403573,MINER_BURN_ONLY,1528.3936929090414,1525.4657917875033,0.0009918364232852639,0.0021175242913412115,-0.31418682880025645,5DFuaMas...,1850662.280373734,,,ENTRY_REPEATED,False,2009702,0.5173056361692379,131,5E2LP6En...,0.0,0.4000375119284883,0.4000375119284883,0.12748359529986264,,COUNTER,1236383.120512734,0.0,0.0,DIVERGENT,-1.0,1.1770868734316016,1295.967040512703,763677.586285475,0.21205463935730304,763677.586285475,0.21205463935730304,0.0,FORTRESS,True,True,2.1205463935730307,0,,8922.604048471998,0.002477589518935353,30.0
29,31,45,37,50,Synth,2026-09-17,9088645,0.004443607,0.004392716102302074,0.0115852917677186,IN BAND,False,False,0.000325953,10712.253435862,3339148.578649742,1.0,2410711.119903735,1226578.86370324,-0.0056701551055483215,7939.83777888678,ACCUMULATING_PRE_EMA,0.0,,,,0.07996491953152435,-4.170419376987585,0.14095438317390963,-3.9866486138838373,0.3247251462776573,0.18377076310374768,0.787026973523499,-0.10380584357222333,1,0.0,,0.0015037769917398691,0.0,0.0020141908903639205,0.0032080793003208424,-0.2780461232685873,5DxyiWpG...,2319009.8481085193,,,,False,4763204,0.24741984312646215,220,5Ff9fYuf...,,19.003082340929918,19.003082340929918,0.0,,COUNTER,467621.613437203,0.0,0.0,DIVERGENT,0.9999979631955053,0.0,1295.967040512703,212500.00519846,0.063638978677729,212500.00519846,0.063638978677729,0.0,DORMITORY,True,True,0.63638978677729,,,27172.116804956004,0.008137438680833916,30.0
30,28,81,38,74,Gittensor,2026-09-17,9088645,0.003369842,0.0033812038600444794,-0.003360300211040763,IN BAND,False,True,1.914e-06,6089.144822754,3417410.993568109,1.0,1806952.388527027,353372.878623276,-0.0012658894502273344,8710.386108322535,ACCUMULATING_PRE_EMA,0.0,,,,0.0008260588549649625,-0.5071416627971083,-0.04088365256766262,-0.14337774453391872,0.3228802656955269,0.36376391826318955,0.7690032029937707,-0.3629378594082246,1,0.0,,0.0,0.0,6.103608758678547e-05,0.001781800560194354,-0.47125100814983195,5D1VXeeS...,216.588029224,,,ENTRY_PRE_EMA_PATTERN,False,5086205,0.9175046924356411,195,5E2LP6En...,0.0,0.2940208713362843,0.2940208713362843,0.07248699049275893,,COUNTER,531791.422968235,162195.538222141,1895.8903858970152,OK,-0.00040445592219859105,0.0,1295.967040512703,378229.609193408,0.11067723779939607,378229.609193408,0.11067723779939607,0.0,DORMITORY,True,True,1.1067723779939609,0,,15780.601221218996,0.004617706576972914,30.0
31,92,92,39,87,Provenonce,2026-09-17,9088645,0.004204843,0.004103705985471606,0.024645287670815103,IN BAND,False,True,0.0,1697.313539949,1798485.651675801,1.0,403656.721877526,101797.01409519,-0.0004810604927689679,-5758.517253444239,,0.0,,,,,4.491435451230344,0.2998509999949171,4.491435451230344,0.2998509999949171,,1.4612293390004365,2.6488078639830306,1,0.4100022879354138,MINER_BURN_ONLY,2952.0164731349796,2952.0164731349796,0.0,0.0009437459444658175,-0.7755573883577063,5HartH15...,4230.155412208,1.481614417686001e-05,,,False,7208725,1.0,1,5E2LP6En...,0.0,0.5651017286744595,0.5651017286744595,0.3779680156259537,,COUNTER,753675.495456856,811.040088965,0.0,DIVERGENT,-0.9996612485029691,2.277848418094892,1295.967040512703,167936.331417843,0.09337651999689991,167936.331417843,0.09337651999689991,0.0,FORTRESS,False,True,0.9337651999690002,,,23492.935570562997,0.013062620515583566,30.0
32,27,85,40,23,Trishool,2026-09-17,9088645,0.00433931,0.0043973540887236595,-0.013199775945381523,IN BAND,False,True,5.9e-07,7530.240918463,4286279.423486342,1.0,1735354.263929111,607579.005395995,3.250270980840306e-05,12466.757689631311,,0.0,,,0.007490294495761552,0.00020590576274901934,5.564999139582269,-0.16059727400214185,6.015046280094283,0.28944986650987226,0.4500471405120141,0.6131191507487995,-0.4498412347492651,1,0.3280957491608666,MINER_BURN_ONLY,2362.6557784548495,2362.6107338222105,1.5259021896696368e-05,0.0017568245497952416,-0.5951373490727232,5CqTRwoF...,1475698.999463381,,,,False,2063528,0.7999969481490524,188,5HKsvivb...,0.0899977111467155,0.871308818696808,0.7928930193121467,0.39334655882801767,,COUNTER,1174077.604451364,0.055431535,0.0,DIVERGENT,-0.9900747937009908,1.8230484726583231,1295.967040512703,889974.687511814,0.20763338074397703,889974.687511814,0.20763338074397703,0.0,FORTRESS,True,True,2.076333807439771,0,,10256.568957797,0.0023928838847035758,30.0
33,93,93,41,31,rec4ll,2026-09-17,9088645,0.004173052,0.004087027162313461,0.021048266691196728,IN BAND,False,True,0.0,1841.663179535,1817314.304116426,1.0,441322.822676378,54275.901193607,-3.4653599990985635e-05,-2843.107846398081,,0.0,,,,,-3.2059435595481074,0.2560872447428935,-3.2059435595481074,0.2560872447428935,,1.4460899768671152,2.028112373586832,1,0.4100022879355594,SKIN_IN_GAME,2952.0164731360273,2952.0164731360273,0.0,0.0010133982742354588,-0.7571565668878656,5H3mfhC8...,906861.4254648,0.8970625112568548,BUYBACK_GAMING,,False,7173591,1.0,0,5CDZ527X...,0.179995422293431,1.728480055380129,1.4173615578862095,0.4548062689801462,,COUNTER,767118.823552079,729.248648798,0.0,DIVERGENT,-0.9996612485028115,2.2778484180957004,1295.967040512703,427393.540190464,0.23517865854154588,427393.540190464,0.23517865854154588,0.0,FORTRESS,False,True,2.351786585415459,0,,20299.223867057994,0.011169902653095238,30.0
34,32,37,42,11,TrajectoryRL,2026-09-17,9088645,0.008748284,0.008709334069862962,0.004472205317260423,IN BAND,False,False,0.001237746,21451.040326679,3499087.348500459,1.0,2452028.297007068,1009173.640278447,-0.004553696919034271,,,,,,,0.15163816945299596,-1.1144572065371,0.05441183136000181,-0.9628190370841039,0.20605000081299776,0.15163816945299596,0.7510529856095861,,,,,,,0.0,0.006130467230511375,-0.29923774416658455,5D2Jhtbn...,2004900.49744614,,,,False,2918568,1.0,235,5D7ekpEm...,,2.442874650331561,2.442874650331561,0.005462979918207898,,,1146082.592986499,48146.465498293,,NO_ESTIMATE,,,,46180.459268605,0.013197858375383436,46180.459268605,0.013197858375383436,0.0,,True,True,0.13197858375383437,,,12275.638572501995,0.0035082401065988666,30.0
35,29,14,43,8,Vanta,2026-09-17,9088645,0.027687209,0.02774383476935327,-0.0020410217197451143,IN BAND,False,False,0.003855894,79106.01761045,3204392.46558237,1.0,2857132.254236874,1405167.455053716,-0.008329727580013033,8834.44278709637,ACCUMULATING_PRE_EMA,0.0,,,,0.1280975801600886,-0.10926839599181974,-0.024832430923565556,0.09050453144195166,0.17494049651020585,0.1997729274337714,0.820124260129411,-0.07167534727368279,1,0.05438011225933534,MINER_BURN_ONLY,450.34394545597024,446.06470535526074,0.001449607080186155,0.024686744354853296,-0.10837006522205632,5F6tnxzA...,19596.29986354,,,,False,1477264,0.9417940097799511,27,5ERpqqkL...,0.0,0.36386259429848944,0.36386259429848944,0.09002395958917699,,COUNTER,791134.814622503,0.0,0.0,DIVERGENT,-1.0,0.34419448289270627,1295.967040512703,607572.437006746,0.18960612457198656,607571.159893335,0.18960572602111467,1.2771134109934792,FORTRESS,True,True,1.8960572602111467,0,,17947.080237336002,0.005600774696015358,30.0
36,94,94,44,113,TensorUSD,2026-09-17,9088645,0.002140071,0.0021137534640729427,0.012450617526769897,IN BAND,False,True,0.0,1682.571200899,1596680.513139696,1.0,786221.981647691,67385.734985131,-0.0004889739469761811,-8436.638201594003,,0.0,,,,,-4.18966989644702,0.15148251324236708,-4.18966989644702,0.15148251324236708,,1.6459147452312346,3.609670809973813,1,0.40642000752569096,,2926.224054184975,2926.224054184975,0.0,0.0010537932836609933,-0.5075895689157073,5GndoVhM...,595897.16396357,0.1555017246426318,,,False,7119664,1.0,0,5FRumLA6...,0.179995422293431,2.380193314722522,1.9517694138990402,0.33972862005281074,,COUNTER,788363.331048821,0.0,0.0,DIVERGENT,-0.9996582626683798,2.2579463541197153,1295.967040512703,61799.98456523,0.03870529141970121,61799.98456523,0.03870529141970121,0.0,FORTRESS,False,True,0.3870529141970135,,,19479.929375028994,0.01220026750168314,30.0
37,30,50,45,48,Quantum Compute,2026-09-17,9088645,0.004030526,0.004044162575155497,-0.0033719156690855475,IN BAND,False,False,0.000240169,10500.160129799,3248282.772773397,1.0,2605158.683024704,692147.133247428,-0.0027008449742481964,8855.460298241582,ACCUMULATING_PRE_EMA,0.0,,,,0.0601099530100292,-1.7876755009061163,-0.04102497397387416,-1.6022040199591392,0.14444650697310282,0.185471480946977,0.8090428647491803,-0.1253615279369478,1,0.0,,0.0,0.0,4.57770656900891e-05,0.0032325264960950183,-0.19798892350650563,5GNH5YMk...,18334.184446084,,,,False,3856677,0.9900048831105415,255,5CXkLYCA...,,16.78975042423392,16.78975042423392,0.0,,COUNTER,695492.461656953,0.0,0.0,OK,0.0,0.0,1295.967040512703,101862.559282014,0.03135889527100602,101862.559282014,0.03135889527100602,0.0,DORMITORY,True,True,0.3135889527100602,,,8924.79218959,0.0027475416439714626,30.0
38,95,95,46,24,Quasar,2026-09-17,9088645,0.005080595,0.005030805245041847,0.009896975242129227,IN BAND,False,True,0.0,9762.417187841,4018053.648534293,1.0,1921510.326920085,1589366.215787449,-0.003987432863262727,-26589.920119265793,,0.0,,,,,8.659699498344214,0.12041319877923892,8.659699498344214,0.12041319877923892,,0.654048011767748,3.095411169880387,1,0.41000228793737026,MINER_BURN_ONLY,2952.016473149066,2952.016473149066,0.0,0.002429638337806201,-0.5217807485528366,5ELutYW7...,322494.854465478,0.020236890731802886,,,False,2538424,1.0,155,5ELpkVn8...,0.179995422293431,3.341095207471415,2.739713364680039,0.0,,COUNTER,687883.974156797,0.0,0.0,DIVERGENT,-0.999661248502813,2.277848418105761,1295.967040512703,700000.000065042,0.1742137017808083,0.0,0.0,700000.000065042,EXPOSED,True,False,0.9800100044796923,8283,TAKEOVER_IMMINENT,8427.458587186002,0.0020973982242024503,30.0
39,96,96,47,109,Finsight,2026-09-17,9088645,0.002527576,0.0025045808870345354,0.009181221929985783,IN BAND,False,True,0.0,1314.941823882,1616626.802087421,1.0,520238.135116834,68700.081537266,-0.000708007104294364,-3729.5584572680527,,0.0,,,,,-3.9353322844257046,0.11170486681482701,-3.9353322844257046,0.11170486681482701,,1.625607095346108,2.4842258466223885,1,0.41000228793694987,SKIN_IN_GAME,2952.016473146039,2952.016473146039,0.0,0.0008133861335121506,-0.6781951824545926,5FqZqKFx...,703978.812752638,0.22962004812811584,BUYBACK_JUSTIFIED,,False,7257480,1.0,0,5DyQkk4x...,0.179995422293431,2.133952423038275,1.7498507554994103,0.39425894274203394,,COUNTER,733192.425849183,1308.746301495,0.0,DIVERGENT,-0.9996612485029703,2.2778484181034258,1295.967040512703,206029.415141763,0.12744401792407106,206029.415141763,0.12744401792407106,0.0,FORTRESS,False,True,1.2744401792407152,0,,21654.58081602299,0.013394916370347293,30.0
40,97,97,48,108,Prometheon,2026-09-17,9088645,0.002200312,0.00218465318903327,0.0071676415484780605,IN BAND,False,True,0.0,1653.687479827,1672341.780286646,1.0,751569.271103958,58277.944631195,0.0005111478403079943,-2821.5952281177742,DISTRIBUTING_PRE_EMA,0.0,,,0.23230698205890543,,-4.108937444182696,0.08720630550648306,-4.108937444182696,0.08720630550648306,,1.5714491086562163,2.2002804697682468,1,0.4100022879365295,SKIN_IN_GAME,2952.0164731430123,2952.0164731430123,0.0,0.000988845401891204,-0.5505885520366184,5GpmtjiG...,1393331.350830579,1.0673971862686455,BUYBACK_GAMING,,False,7105263,1.0,0,5CAxp9fh...,0.179995422293431,1.2946420019867475,1.06161236812033,0.6741694770414003,,COUNTER,497555.810833481,0.238163524,0.0,DIVERGENT,-0.9996612485028122,2.2778484181010903,1295.967040512703,467217.846782057,0.27937940215903356,467217.846782057,0.27937940215903356,0.0,FORTRESS,False,True,2.7937940215903403,0,,19311.767344188997,0.01154773956605861,30.0
41,98,98,49,127,Astrid,2026-09-17,9088645,0.0025741,0.002556199673563242,0.007002710555786067,IN BAND,False,True,0.0,3190.620120963,2967501.744779962,1.0,1239508.839818934,600802.875699653,-0.0011311304522673383,-12511.978338815039,,0.0,,,,,1.2920617782875148,0.08519964509539714,1.2920617782875148,0.08519964509539714,,0.8855934135920328,2.4406384561175836,1,0.4100022879463763,MINER_BURN_ONLY,2952.016473213909,2952.016473213909,0.0,0.0010751872771685874,-0.5823055525548396,5FU4uxAd...,1520053.726846197,0.037867229767110606,,,False,5848837,1.0,0,5EKrpcqV...,0.179995422293431,1.1167027196442987,0.9157013420457002,0.5754246211600971,,COUNTER,1257094.640437373,203.185912805,0.0,DIVERGENT,-0.9996612485028205,2.277848418155796,1295.967040512703,5535.674552263,0.0018654326192059124,5535.674552263,0.0018654326192059124,0.0,EXPOSED,True,True,0.018654326192059128,,UNDEFENDED_BURNER,12622.737614509995,0.004253658026221636,30.0
42,99,99,50,25,UR,2026-09-17,9088645,0.010262094,0.010226928628981113,0.003438507522115112,IN BAND,False,True,0.0,16377.46915504,4382314.7996747,1.0,1595918.713939948,723979.345080969,-0.00189072698649151,-10810.183096189983,,0.0,,,,,2.2445490723858232,0.04183517485240053,2.2445490723858232,0.04183517485240053,,0.5996830716485901,1.5061672286277354,1,0.4100022879358342,,2952.0164731380064,2952.0164731380064,0.0,0.0037371731387840284,-0.6358274306604452,5HTeZ516...,743998.187394416,0.06280133015015694,,,False,2998801,1.0,1,5CyQFykV...,0.179995422293431,1.6978497492370113,1.3922445666322996,0.1723664331822552,,COUNTER,978964.051888847,0.0,0.0,DIVERGENT,-0.9996612485024963,2.2778484180972276,1295.967040512703,1159196.415060385,0.26451692040618174,1159196.415060385,0.26451692040618174,0.0,FORTRESS,True,True,2.6451692040618187,0,,8306.568702700999,0.0018954751272814991,30.0
43,100,100,51,30,Endure Network,2026-09-17,9088645,0.003639264,0.0036373217590153217,0.0005339755769102456,IN BAND,False,True,0.0,8796.994528314,3530189.748823616,1.0,2417245.424524019,414916.37594592,-0.0016359655505931488,-7112.5727073205635,,0.0,,,,,-1.4870216124428488,0.006496702852407988,-1.4870216124428488,0.006496702852407988,,0.7444359048619815,1.4857246895534224,1,0.4100022879361091,,2952.0164731399855,2952.0164731399855,0.0,0.0024919324892508877,-0.31526471032305226,5HTogQKF...,1230.081691611,0.1000013806273988,,,False,3250216,1.0,78,5G9hfkx9...,0.009994659342336155,0.35148219365967337,0.34796924886914793,0.012086436332560128,,COUNTER,816506.692550202,18187.150616168,0.0,DIVERGENT,-0.9996612485028119,2.277848418098755,1295.967040512703,4962.596266974,0.0014057590724769716,4962.596266974,0.0014057590724769716,0.0,EXPOSED,True,True,0.014057590724769716,,UNDEFENDED_BURNER,8714.185298938002,0.0024684750449581005,30.0
44,101,101,52,27,Orion,2026-09-17,9088645,0.002333451,0.0023330168332904577,0.00018609668963672776,IN BAND,False,True,0.0,6229.394975939,3414251.84341549,1.0,2669605.546066027,831052.140744754,-0.002571603639063033,3662.823967948556,ACCUMULATING_PRE_EMA,0.0,,,,,-2.566286741080161,0.0022641763905801877,-2.566286741080161,0.0022641763905801877,,0.7697147488016136,0.37847627099156217,1,0.4100022879661022,MINER_BURN_ONLY,2952.016473355936,2952.016473355936,0.0,0.0018245270886951754,-0.21809924926849739,5GLT9wjW...,70336.642082329,,,,False,1727132,1.0,203,5H6Bqkzj...,0.179995422293431,15.318985678287047,12.56163838201675,0.0,,COUNTER,1331760.987322538,0.0,0.0,DIVERGENT,-0.9996612485028367,2.2778484182653873,1295.967040512703,29259.979274079,0.008569953423473416,29259.979274079,0.008569953423473416,0.0,FORTRESS,True,True,0.08569953423473416,,,8719.183922137998,0.002553761210952632,30.0
45,102,102,53,73,Parked,2026-09-17,9088645,0.003252533,0.0032530680764466524,-0.0001644836302462873,IN BAND,False,True,0.0,7009.78678513,3531906.493966797,1.0,2155177.415538996,580478.889451854,-0.0012004820451322843,708.3466286463663,ACCUMULATING_PRE_EMA,0.0,,,,,-2.3224571988391456,-0.002001217501329829,-2.3224571988391456,-0.002001217501329829,,0.7440740587241338,0.6720085910786276,1,0.41000228793570487,MINER_BURN_ONLY,2952.016473137075,2952.016473137075,0.0,0.0019847033881287965,-0.389797616771668,5GHtVze5...,1484187.172768394,,,,False,5160047,1.0,0,5Dnkprjf...,0.179995422293431,1.0959860830332326,0.8987136051899426,0.5097054784068366,,COUNTER,1575226.662080033,0.0,0.0,DIVERGENT,-0.9996612485028116,2.277848418096509,1295.967040512703,997605.343057194,0.28245519658045976,929554.173021456,0.26318765080823076,68051.17003573803,FORTRESS,True,True,2.63187650808231,0,,9276.114849737996,0.0026263761131795128,30.0
46,103,103,54,29,hoτfloaτ,2026-09-17,9088645,0.002749746,0.002750406740233302,-0.0002402336438595654,IN BAND,False,True,0.0,8271.074027446,2984165.177731596,1.0,3007940.372352799,208607.725318171,-0.011022358310089313,972.7695141807199,ACCUMULATING_PRE_EMA,0.0,,,,,-0.7026077631185657,-0.0029228426669580454,-0.7026077631185657,-0.0029228426669580454,,0.8806483031202939,0.7631904669967503,1,0.0,,0.0,0.0,0.0,0.0027716542265040544,0.007967363714341032,5HHHHHzg...,44619.448938105,,,,False,3379782,1.0,19,5GRRRRhL...,0.179995422293431,10.625909752236604,8.71329463913089,0.0,,COUNTER,610829.352749762,0.0,0.0,OK,1.0,0.0,1295.967040512703,3165.974907187,0.0010609248210561876,3165.974907187,0.0010609248210561876,0.0,NEITHER,True,True,0.010609248210561875,,,9261.814269096001,0.003103653356124322,30.0
47,104,104,55,12,Compute Horde,2026-09-17,9088645,0.004767011,0.00476927706040442,-0.00047513708591883025,IN BAND,False,True,0.0,12642.708132026,3574165.602769267,1.0,2652124.581397697,424745.014343698,-0.0016389071287063602,1034.148807995487,ACCUMULATING_PRE_EMA,0.0,,,,,-0.7280990281022603,-0.005780834545345768,-0.7280990281022603,-0.005780834545345768,,0.7352765070437204,0.6306415624348657,1,0.40741782083663647,MINER_BURN_ONLY,2933.6335331869777,2933.4083100237826,7.629510948348184e-05,0.00353724744097767,-0.25797371959542986,5ELzhHvg...,1603425.475750655,,,,False,2256433,0.006348237448496996,136,5EHcd8Jp...,,4.594226379965302,4.594226379965302,0.0,,COUNTER,1627625.422802652,0.0,0.0,DIVERGENT,-0.9996591257944499,2.26348990238462,1295.967040512703,3870.537061652,0.0010829204608351398,3870.537061652,0.0010829204608351398,0.0,EXPOSED,True,True,0.010829204608351399,,UNDEFENDED_BURNER,8468.863109417995,0.002369465786044248,30.0
48,105,105,56,52,Dojo,2026-09-17,9088645,0.006175772,0.00617953622713685,-0.0006091439549006493,IN BAND,False,True,0.0,17704.422707051,3101945.823409258,1.0,2866754.433852157,766159.077259565,-0.001055169699966047,1365.0967762963846,ACCUMULATING_PRE_EMA,0.0,,,,,-1.396168859995055,-0.0074112514512912325,-1.396168859995055,-0.0074112514512912325,,0.8472101544029038,0.6877459428258863,1,0.41000228793376464,MINER_BURN_ONLY,2952.0164731231052,2952.0164731231052,0.0,0.005707521573536893,-0.07582054947350837,5Fv1ZvNP...,30599.488739586,,,,False,3989825,1.0,130,5E2LP6En...,0.0,0.39107270262171695,0.39107270262171695,0.7402948177989379,,COUNTER,1183434.653922141,0.0,0.0,DIVERGENT,-0.99966124850281,2.2778484180857297,1295.967040512703,167638.354572778,0.05404296661394672,167638.354572778,0.05404296661394672,0.0,FORTRESS,True,True,0.5404296661394672,,,8379.922901223998,0.0027015052416401873,30.0
49,106,106,57,115,MoirAI,2026-09-17,9088645,0.002454747,0.0024574960116297007,-0.0011186230279484608,IN BAND,False,True,0.0,3444.869217686,1686808.598028072,1.0,1403349.939418834,160595.135593549,-0.0010310414951094963,1638.5403812432196,ACCUMULATING_PRE_EMA,0.0,,,,,-4.886171154899286,-0.013609913506706272,-4.886171154899286,-0.013609913506706272,,1.5579716649963773,1.2070089392797045,1,0.4100022882600024,MINER_BURN_ONLY,2952.016475472017,2952.016475472017,0.0,0.002042240727082582,-0.16804431288333105,5EkNnrTj...,93944.475824455,,,,False,5683635,1.0,0,5EhTo9AX...,0.179995422293431,12.12214698023737,9.940216015426504,0.05690697106580393,,COUNTER,963767.166009102,0.0,0.0,DIVERGENT,-0.9995235559348481,2.277848419898208,1295.967040512703,2942.008322496,0.0017441269424019374,2942.008322496,0.0017441269424019374,0.0,EXPOSED,True,True,0.017441269424019377,,UNDEFENDED_BURNER,18474.731982795995,0.01095247676849258,30.0
50,107,107,58,104,TAOstatus,2026-09-17,9088645,0.004304875,0.004310200922191143,-0.0012356552019936612,IN BAND,False,True,0.0,6024.401452455,3208136.750509016,1.0,1399436.936010657,76047.852288912,-0.0017383027949343672,596.9840904425364,ACCUMULATING_PRE_EMA,0.0,,,,,0.22905621760229927,-0.015033804957589544,0.22905621760229927,-0.015033804957589544,,0.8191670755877319,0.41575158177923277,1,0.0,,0.0,0.0,0.0,0.0018778505783767303,-0.5637851091200718,5HBb3F1b...,1113405.62409795,,,ENTRY_REPEATED,False,5528520,1.0,25,5Coeuhim...,0.179995422293431,1.3671609484237583,1.1210782361691363,0.412732322153386,,COUNTER,340321.172598343,198147.572721109,2952.016473149997,OK,0.00033863678343010363,0.0,1295.967040512703,3017.92106809,0.0009407083621392275,3017.92106809,0.0009407083621392275,0.0,NEITHER,True,True,0.009407083621392275,,,8881.431568571998,0.0027684080384549796,30.0
51,108,108,59,72,StreetVision by NATIX,2026-09-17,9088645,0.002255545,0.0022585338447242975,-0.0013233561813914359,IN BAND,False,True,0.0,6369.426588899,2573019.200393226,1.0,2823895.96242613,240402.615375079,-0.000693472829379333,5095.972636456136,ACCUMULATING_PRE_EMA,0.0,,,,,-1.4855729847647379,-0.01610083354026247,-1.4855729847647379,-0.01610083354026247,,1.021368204169783,0.29870570123057594,1,0.41000228793818677,MINER_BURN_ONLY,2952.016473154945,2952.016473154945,0.0,0.002475467959168584,0.09750324607515433,5FjP8fFb...,0.056370438,,,,False,5064327,1.0,119,5EAHFCo6...,,0.3945577222820861,0.3945577222820861,0.06560354036319244,,COUNTER,489546.318146484,0.0,0.0,DIVERGENT,-0.9996612485028137,2.2778484181102976,1295.967040512703,387633.330349343,0.1506531044502514,381645.0326019,0.14832576163581462,5988.297747443023,FORTRESS,True,True,1.483257616358149,0,,8985.736194423998,0.0034922927093007073,30.0
52,109,109,60,119,CapabilityForge Next,2026-09-17,9088645,0.00251657,0.0025211500469595194,-0.0018166498916011697,IN BAND,False,True,0.0,3239.550572477,1626244.22131117,1.0,1287287.91580036,72872.574359147,-0.0008647727937628405,2921.6298788592685,ACCUMULATING_PRE_EMA,0.0,,,,,-4.717097034431568,-0.022102573681147562,-4.717097034431568,-0.022102573681147562,,1.615993444011231,0.9625856715970023,1,0.4100022881279195,MINER_BURN_ONLY,2952.0164745210204,2952.0164745210204,0.0,0.0019920443252152446,-0.20842880380230056,5GbLENPL...,96222.333833873,,,,False,5740660,1.0,0,5HMwvi1d...,0.179995422293431,11.837285035879432,9.706627917038603,0.05710274526559948,,COUNTER,882810.478794835,0.0,0.0,DIVERGENT,-0.9996612485029704,2.2778484191643953,1295.967040512703,20722.542632217,0.012742577259096617,20722.542632217,0.012742577259096617,0.0,FORTRESS,True,True,0.12742577259096616,,,17643.564489233995,0.010849271135308789,30.0
53,33,68,61,98,NeverPlayAlone,2026-09-17,9088645,0.00252058,0.0025291393976658583,-0.0033843123371363414,IN BAND,False,True,3.9444e-05,4936.089685798,2890894.819571615,1.0,1958314.906264302,206918.991792703,-0.001032365332540136,6903.339699637378,ACCUMULATING_PRE_EMA,0.0,,,,0.021000192176054807,-4.425261840490925,-0.041175800101825484,-4.424503750680901,-0.040417710291802175,0.0007580898100233123,0.9090610914683599,0.020242102366031495,1,0.0,,0.0,0.0,0.0,0.0017074608361328932,-0.32259208748268525,5EWzZCNs...,1512765.700331345,,,,False,5445992,1.0,153,5E2LP6En...,0.0,0.4266446492901496,0.4266446492901496,0.23046755783434045,,COUNTER,1255490.393926426,0.181595662,0.0,DIVERGENT,1.0,0.0,1295.967040512703,448215.914669669,0.15504400631776963,448215.914669669,0.15504400631776963,0.0,DORMITORY,True,True,1.5504400631776982,0,,11736.680985896004,0.004059878244769622,30.0
54,110,110,62,121,sundae_bar,2026-09-17,9088645,0.004022777,0.004036656115204096,-0.003438270392124833,IN BAND,False,True,0.0,5896.671519601,2907887.352789899,1.0,1465821.063286339,552163.391105114,-0.0014768339828714987,4714.101308248006,ACCUMULATING_PRE_EMA,0.0,,,,,-1.2334231223701242,-0.041832289770852134,-1.2334231223701242,-0.041832289770852134,,0.9037489012353357,0.3121716817808355,1,0.4100022879373864,MINER_BURN_ONLY,2952.0164731491823,2952.0164731491823,0.0,0.0020278197894920474,-0.49591543615466444,5CXGaDJs...,1830483.586148342,,,,False,5766528,1.0,0,5EL9y2gd...,0.179995422293431,1.0255157076016377,0.8409275747433341,0.7422401953303831,,COUNTER,1318831.019057488,0.0,0.0,DIVERGENT,-0.9996612485024975,2.2778484181058514,1295.967040512703,202885.709556554,0.06977082842012448,202885.709556554,0.06977082842012448,0.0,FORTRESS,True,True,0.6977082842012448,,,12034.087893252996,0.004138429874770491,30.0
55,111,111,63,42,Unknown,2026-09-17,9088645,0.002397518,0.0024063964374363422,-0.0036895156999986823,IN BAND,False,True,0.0,7239.845647969,2664526.863541703,1.0,3019724.399029874,368848.345619593,-0.0007519273179352004,9712.854941923637,ACCUMULATING_PRE_EMA,0.0,,,,,-2.2064937684691177,-0.044889107683317296,-2.2064937684691177,-0.044889107683317296,,0.9862914260533476,-0.34406588335737526,1,0.41000228793694987,MINER_BURN_ONLY,2952.016473146039,2952.016473146039,0.0,0.002717122408120802,0.13330636438216611,5EC5HHfL...,110018.342323145,,,,False,3613591,1.0,11,5Gbdb5s2...,0.179995422293431,9.793694305632389,8.030874163277316,0.0,,COUNTER,536915.150253521,0.0,0.0,DIVERGENT,-0.9996612485028127,2.2778484181034258,1295.967040512703,5444.016612431,0.0020431457032468363,5444.016612431,0.0020431457032468363,0.0,EXPOSED,True,True,0.02043145703246836,,UNDEFENDED_BURNER,9165.026589092999,0.0034396450321055485,30.0
56,112,112,64,37,Aurelius,2026-09-17,9088645,0.003134156,0.0031478770542889833,-0.0043588278869686106,IN BAND,False,True,0.0,7720.493801666,3588369.596849309,1.0,2463339.842890009,359373.107489058,-0.0011818962588911177,23649.52884057304,ACCUMULATING_PRE_EMA,0.0,,,,,-3.7296976256891052,-0.05303240595811809,-3.7296976256891052,-0.05303240595811809,,0.7323660311656467,-1.6656410928376328,1,0.4100022879384859,MINER_BURN_ONLY,2952.0164731570985,2952.0164731570985,0.0,0.00215153249777972,-0.31352092946882026,5GRBbS3a...,2556.54048511,,,,False,3212175,1.0,110,5E2LP6En...,0.0,0.6282369592716233,0.6282369592716233,0.47025698937858623,,COUNTER,1315554.038115963,0.0,0.0,DIVERGENT,-0.9996612485028139,2.2778484181119594,1295.967040512703,45507.151093348,0.012681846132378499,45507.151093348,0.012681846132378499,0.0,FORTRESS,True,True,0.126818461323785,,,8414.068416859998,0.0023448165496240386,30.0
57,113,113,65,39,deprecated,2026-09-17,9088645,0.007627993,0.007664299104362726,-0.004737041687485842,IN BAND,False,True,0.0,18436.738869578,3651480.279835228,1.0,2416984.081562127,1103252.568126313,-0.008167090216750057,6808.689588692971,ACCUMULATING_PRE_EMA,0.0,,,,,-1.0405965289811807,-0.057634007197744405,-1.0405965289811807,-0.057634007197744405,,0.7197081179686907,0.03900934868826228,1,0.4100022879348641,MINER_BURN_ONLY,2952.0164731310215,2952.0164731310215,0.0,0.0050491136351994625,-0.3380809820880194,5DkwfxC9...,570613.686818483,,,,False,3280104,1.0,136,5GP7c3fF...,0.0009918364232852674,2.2659330793076564,2.263685644346872,0.2,,COUNTER,1560009.386484283,0.0,0.0,DIVERGENT,-0.9996612485028109,2.2778484180918377,1295.967040512703,465837.827160493,0.12757506311427042,464262.882751514,0.12714374641849735,1574.944408979034,FORTRESS,True,True,1.2714374641849757,0,,8892.769873580004,0.0024353876214775255,30.0
58,114,114,66,95,Actual,2026-09-17,9088645,0.038939869,0.039135842118412256,-0.005007509939847563,IN BAND,False,True,0.0,26216.187817354,2956576.635451632,1.0,673247.970904536,585111.77667874,-0.0011390409750780188,-1182.881179697113,,0.0,,,,,-2.0346225018710276,-0.06092470426814534,-2.0346225018710276,-0.06092470426814534,,0.888865848592678,1.0377149585671364,1,0.410002287936675,SKIN_IN_GAME,2952.01647314406,2952.01647314406,0.0,0.008867075354314077,-0.7722880024502887,5D5UhUuc...,472248.163948143,0.2499205419386825,BUYBACK_JUSTIFIED,,False,5403674,1.0,0,5ExqqyEB...,0.179995422293431,2.281609744551633,1.8709304350722544,0.0,,COUNTER,1082091.321709431,14658.86980412,0.0,DIVERGENT,-0.9996612485028123,2.2778484181018985,1295.967040512703,9024.997700073,0.003052516072763453,9024.997700073,0.003052516072763453,0.0,EXPOSED,True,True,0.030525160727634535,,UNDEFENDED_BURNER,17184.234813547,0.005812206796027128,30.0
59,34,80,67,10,Pareton,2026-09-17,9088645,0.007303558,0.007347953272983432,-0.006041855647975076,IN BAND,False,True,1.973e-06,17612.572006355,3548044.738753823,1.0,2411505.447430721,985914.539797569,0.0019830543029549486,,,,,,0.27151893679148553,0.0002943944812903603,-0.45479612338185704,-0.07350924371703009,-0.45450172890056667,-0.07321484923573973,0.0002943944812903603,0.7406896455660338,,,,,,,1.5259021896696368e-05,0.004964021962288178,-0.32032826161054956,5HK5714c...,877349.713513971,,,,False,2869647,0.8380993072298348,201,5GKbzKzG...,0.179995422293431,1.3455984122380416,1.103396857789885,0.25758061316363745,,,821572.096762744,0.0,,NO_ESTIMATE,,,,61223.235784858,0.017255485850035078,20026.505684068,0.005644378004968983,41196.730100789995,,True,True,0.056443780049692624,,,20375.124375470994,0.005742634570788229,30.0
60,115,115,68,46,Instant,2026-09-17,9088645,0.003936652,0.003964427392929792,-0.007006155032458833,IN BAND,False,True,0.0,8930.271861404,3515909.256932942,1.0,2268493.876665915,1460991.721093004,-0.006844200137852545,18585.94703128934,ACCUMULATING_PRE_EMA,0.0,,,,,13.463321228414491,-0.0852415528949158,13.463321228414491,-0.0852415528949158,,0.7474595639287066,-1.1783005343644015,1,0.4100022880904079,MINER_BURN_ONLY,2952.016474250937,2952.016474250937,0.0,0.002539960849044838,-0.35479162266696723,5Ft9E2ov...,678615.334457652,,,,False,3919107,1.0,238,5CDnZ6oe...,0.179995422293431,1.9177921919685337,1.5725983765041127,0.2078558239611787,,COUNTER,1026727.327606392,28041.129768459,0.0,DIVERGENT,-0.9996612485029395,2.277848418955992,1295.967040512703,167482.715939114,0.04763567649217869,167482.715939114,0.04763567649217869,0.0,FORTRESS,True,True,0.4763567649217873,,,9401.220546253002,0.0026739087556696597,30.0
61,116,116,69,57,SN57,2026-09-17,9088645,0.002747369,0.002767083467915654,-0.0071246379605977165,IN BAND,False,True,0.0,1337.244559342,950275.192363019,1.0,486736.268271441,34569.933123272,-0.00013780237056893412,2971.515793763334,ACCUMULATING_PRE_EMA,0.0,,,,,-22.428760921590932,-0.08668309518727221,-22.428760921590932,-0.08668309518727221,,2.7655146857670108,1.631027914328677,1,0.41000228808541983,MINER_BURN_ONLY,2952.0164742150228,2952.0164742150228,0.0,0.001407218214354009,-0.4877942444738916,5HdpnCSY...,789807.481927643,,,,False,8057320,1.0,0,5Ejcqsbx...,0.179995422293431,2.1255398499339586,1.7429524070435798,0.5580802685792767,,COUNTER,423868.913250643,6427.093693354,0.0,DIVERGENT,-0.9996612485029353,2.2778484189282797,1295.967040512703,1254.306998862,0.0013199408012987846,1254.306998862,0.0013199408012987846,0.0,EXPOSED,False,True,0.013199408012987846,,,30611.109830420002,0.03221288956760024,30.0
62,39,60,70,89,InfiniteQuant,2026-09-17,9088645,0.003188842,0.0031957824248820543,-0.0021717451188219064,IN BAND,False,True,9.817e-05,6312.705852258,2895384.806694669,1.0,1979623.031308921,187350.704384097,0.00022740814707736934,6524.555921706138,,0.0,,,0.07131370794707588,0.04086849063428466,-2.028589047161504,-0.026422898945666528,-2.0923182145529617,-0.09015206633712439,-0.06372916739145786,0.9076513746717101,0.10459765802574252,1,0.0,,0.0,0.0,0.001083390554665442,0.002180264895243578,-0.31628318516766335,5Dc5NmEU...,112622.410844472,,,,False,5313364,0.18792007821092505,137,5FFQKsXc...,0.0,0.24147459553840564,0.24147459553840564,0.0009920332102194682,,COUNTER,601037.833009041,0.0,0.0,DIVERGENT,1.0,0.0,1295.967040512703,6094.632142656,0.002104947200304455,6094.632142656,0.002104947200304455,0.0,NEITHER,True,True,0.021049472003044554,,,12361.416278170002,0.004269351779973461,30.0
63,41,15,1,9,iota,2026-09-17,9088645,0.027406792,0.02734554815106094,0.002239627766857704,IN BAND,False,False,0.003800692,56005.988232074,4047940.508682593,1.0,2043507.621299535,1108458.28696449,0.01301328860220348,4894.941599267069,,0.0,,0.4748198403594073,0.4748198403594073,0.17834197540826285,0.32684736808768333,0.027248804496768732,0.206832711467011,-0.09276585212390362,-0.12001465662067234,0.6492190273950657,0.2983566320289352,1,0.0686277448496392,MINER_BURN_ONLY,562.6878949240781,562.6428502914391,1.5259021896696368e-05,0.013835674736806153,-0.4951735052826995,5Fsbubec...,30453.761603388,,,,False,1489797,0.3198950163274026,209,5Fsbubec...,0.179995422293431,9.301952233834555,7.627643413352181,0.0,,COUNTER,1194373.789868793,46681.104420658,0.0,DIVERGENT,-1.0,0.4341490429176729,1295.967040512703,566487.003304132,0.13994449821805705,566487.003304132,0.13994449821805705,0.0,FORTRESS,True,True,1.3994449821805703,0,,14724.995826307997,0.003637651243817381,30.0
64,37,52,8,18,Zeus,2026-09-17,9088645,0.003826298,0.0038447140250355005,-0.004789959647344738,IN BAND,False,False,0.000174715,9907.641188867,3167179.391873125,1.0,2589354.329823047,876703.998295154,0.00033872464815844845,6860.900702330284,,0.0,,0.08852542278684213,0.08852542278684213,0.046343121561158065,-2.1635964429164165,-0.058277842376027636,-2.200807613525318,-0.09548901298492875,-0.03721117060890111,0.8297603876633446,0.08355429217005918,1,0.02194638998363335,MINER_BURN_ONLY,165.49946690397337,165.22919910813908,9.15541313801782e-05,0.0031282222959298335,-0.1824415411633298,5GgvCi6h...,1983412.127216369,,,,False,1604679,0.03354240107433348,10,5E4z3h9y...,0.0899977111467155,0.30734189358951663,0.2796818266269627,0.08394628414466655,,COUNTER,340867.375587768,30745.295806132,0.0,DIVERGENT,-1.0,0.12749490839116714,1295.967040512703,472285.796249436,0.1491187387305264,375000.0,0.11840188180127634,97285.79624943598,DORMITORY,True,True,1.1840188180127633,0,,12515.048655923003,0.003951480831188847,30.0
65,117,117,71,71,Leadpoet,2026-09-17,9088645,0.004234914,0.004270046949386597,-0.008227766533490553,IN BAND,False,True,0.0,5181.255228582,4510371.665242498,1.0,1223461.674967792,1412068.172955457,-0.0022417272015353455,7701.776036058785,ACCUMULATING_PRE_EMA,0.0,,,,,-3.723761330569454,-0.10010449282413506,-3.723761330569454,-0.10010449282413506,,0.5826570835063781,-0.040685274422330296,1,0.41000228808736816,MINER_BURN_ONLY,2952.016474229051,2952.016474229051,0.0,0.001148742412628524,-0.7287448074202868,5DwHzMhB...,2460549.793459084,,,,False,5048438,1.0,0,5FNVgRnr...,0.0,0.6828285112313207,0.6828285112313207,0.5593297930781909,,COUNTER,978027.698478276,0.0,0.0,DIVERGENT,-0.9996612485026214,2.2778484189391044,1295.967040512703,63565.086413894,0.014093092794045047,63565.086413894,0.014093092794045047,0.0,FORTRESS,True,True,0.14093092794045045,,,16263.561877105998,0.0036058141288965364,30.0
66,35,67,72,6,Numinous,2026-09-17,9088645,0.00261232,0.002630840288475156,-0.0070396855925793375,IN BAND,False,True,4.6044e-05,7939.295895457,2756629.894511102,1.0,3039174.176774554,698276.512974026,-0.004023880888700968,6980.577553854324,ACCUMULATING_PRE_EMA,0.0,,,,0.015241103693998902,-1.8900030109650654,-0.0856495080430486,-1.9151254537276474,-0.1107719508056306,-0.02512244276258199,0.953337988981682,0.04036354645658089,1,0.0,,0.0,0.0,0.001831082627603564,0.002880073205062975,0.10249632704376768,5CfSg4e2...,83017.44974825,,,,False,3219949,0.08007337766567302,37,5G6UKAFt...,,11.427147713213788,11.427147713213788,0.0,,COUNTER,185360.665463109,0.0,0.0,DIVERGENT,1.0,0.0,1295.967040512703,662466.459537209,0.24031751990221373,662466.459537209,0.24031751990221373,0.0,DORMITORY,True,True,2.403175199022137,0,,9071.454834382994,0.0032907772104067124,30.0
67,38,56,73,88,Investing,2026-09-17,9088645,0.003367146,0.0033877475652843714,-0.006081198462212441,IN BAND,False,False,0.000122865,6496.047596025,3330495.053691579,1.0,1929244.018120123,719917.125079937,-0.0006446650318909965,6505.301807757001,ACCUMULATING_PRE_EMA,0.0,,,,0.04970548864167487,2.960961292855093,-0.0739879146235847,2.9027126128143452,-0.1322365946643321,-0.0582486800407474,0.7890718819975663,0.10795416868242227,1,0.0,,0.0,0.0,0.0004119935912108019,0.0019504750769182698,-0.4207334410452443,5FhMsGJS...,2964015.019377598,,,,False,5299805,0.612306893814496,36,5FYoKjj4...,0.179995422293431,7.40083944421923,6.068722223131108,0.0,,COUNTER,175269.313011837,0.0,0.0,OK,0.0,0.0,1295.967040512703,1171259.845354527,0.351677401248887,1171259.845354527,0.351677401248887,0.0,DORMITORY,True,True,3.5167740124888716,0,,9888.362326294993,0.0029690367848871474,30.0
68,36,47,12,67,Harnyx,2026-09-17,9088645,0.004310228,0.00436058547347784,-0.011548328494906678,IN BAND,False,False,0.000311126,2935.042629737,945220.578199229,1.0,680948.361397217,68682.761448312,0.00015566218436049352,6587.906854596105,,0.0,,0.03611460562190527,0.03611460562190527,0.2785782801639464,-4.3753599489713455,-0.1405046633546979,-4.411182934516507,-0.1763276488998593,-0.03582298554516139,2.7803034134177333,0.3144012657091078,1,0.007311160521443211,MINER_BURN_ONLY,60.08872232597787,56.44010708221501,0.0012359807736324058,0.003105140426934681,-0.27958789490145747,5HEAv3TU...,1071931.061698053,,,,False,7236936,0.005347266782778748,246,5HGnF3Wr...,0.0,0.7198195318464345,0.7198195318464345,0.008560833803848561,,COUNTER,279949.69179727,6279.314248273,0.0,DIVERGENT,0.8112479288671164,0.04355057290645794,1295.967040512703,522.283347221,0.00055255181622899,522.283347221,0.00055255181622899,0.0,NEITHER,False,True,0.0055255181622898995,,,28865.312758387998,0.030538176404686684,30.0
69,118,118,74,117,glyph,2026-09-17,9088645,0.002767308,0.002808154793456197,-0.01454577701748546,IN BAND,False,True,0.0,3007.640258237,1860985.426183508,1.0,1086846.990693293,232543.533682663,-0.0007537834211656891,29610.40742796799,ACCUMULATING_PRE_EMA,0.0,,,,,-3.7072482982613377,-0.17697362037940642,-3.7072482982613377,-0.17697362037940642,,1.4121550674308496,-4.907728136886906,1,0.0,,0.0,0.0,0.0,0.0016161546543677354,-0.4159830946292442,5HdThE9W...,1967767.6548483481,,,ENTRY_PRE_EMA_PATTERN,False,5710859,1.0,0,5DwRMxJG...,0.179995422293431,1.0680838043869059,0.8758336089715104,0.9506057924130985,,COUNTER,289424.602021989,155656.997733521,2952.01647314601,OK,0.00033863678336159485,0.0,1295.967040512703,184995.455974437,0.09940725669938426,154144.143623114,0.0828293126073703,30851.312351322995,DORMITORY,True,True,0.8282931260737028,,,18676.59203363399,0.010035861523072632,30.0
70,40,22,6,61,RedTeam,2026-09-17,9088645,0.01631127,0.016433591255918145,-0.007443367308657809,IN BAND,False,False,0.002261354,16663.553830214,5071861.148939623,1.0,1021597.610024345,730005.065398361,0.001606769924520486,1470.1666386170546,,0.0,,0.09850673335187794,0.09850673335187794,0.35663690786202956,7.612600606383624,-0.09056096892200334,7.5140013975600555,-0.18916017774557164,-0.09859920882356832,0.518152986216793,0.4552361166855979,1,0.0,,0.0,0.0,0.0009002822919050857,0.003285490935353753,-0.7985754061238792,5ECEsYL8...,,,,,False,4457976,0.005162196835481692,69,5HbLhpEA...,,3.402002983340232,3.402002983340232,0.0,,COUNTER,808370.14496251,0.0,0.0,DIVERGENT,1.0,0.0,1295.967040512703,1021287.884224886,0.20136353386535577,1021287.884224886,0.20136353386535577,0.0,DORMITORY,True,True,2.0136353386535575,0,,28711.139499480993,0.005660868595640409,30.0
71,42,89,75,101,Tag101,2026-09-17,9088645,0.004050083,0.004073308547958732,-0.005701887712476484,IN BAND,False,True,2.6e-08,3743.766607204,2500584.075272765,1.0,924367.800290663,166805.106838081,0.0003527464605012477,6351.254602769855,,0.0,,,0.08709610654923557,1.825113773612885e-05,-2.79151083433898,-0.06937296716846389,-2.9152832099630848,-0.19314534279256884,-0.12377237562410494,1.0509544653935847,0.12379062676184106,1,0.3679698659298811,MINER_BURN_ONLY,2658.0942142040003,2649.400600104664,0.002944991226062399,0.0014971568619605914,-0.6303392147863164,5H8dNvi1...,1369485.712708097,,,,False,5481350,0.9029567506351198,0,5H6Dezn7...,0.179995422293431,1.1701755793452937,0.9595493317835773,0.5870109259598364,,COUNTER,902260.648348191,6970.543419914,0.0,DIVERGENT,-0.9996289350430054,2.044342577614106,1295.967040512703,13574.61335476,0.005428577062852515,13574.61335476,0.005428577062852515,0.0,FORTRESS,True,True,0.05428577062852515,,,14947.392279280006,0.005977560373629723,30.0
72,43,84,76,43,Graphite,2026-09-17,9088645,0.004430861,0.004435279872268438,-0.0009963006609948033,IN BAND,False,True,7.26e-07,13007.17286619,3082955.287067791,1.0,2935585.250092528,158082.431946128,-0.0008349041341164327,5431.009844275191,ACCUMULATING_PRE_EMA,0.0,,,,0.0001466827587845276,-1.9359772854871944,-0.01212165804210344,-2.1454401523096376,-0.2215845248645464,-0.20946286682244297,0.852428840283149,0.2096095495812275,1,0.3256432451272551,MINER_BURN_ONLY,2345.1511262110434,2345.0159923131264,4.57770656900891e-05,0.004219059848435611,-0.04780135318268609,5HjMs5JD...,2902849.580418266,,,,False,3408582,0.20885979368857965,108,5ERVu5z1...,,12.254090655304395,12.254090655304395,0.0,,COUNTER,943959.805605391,0.0,0.0,DIVERGENT,-0.9996689950702868,1.8094719379479007,1295.967040512703,3451.069241962,0.00111940294964327,3451.069241962,0.00111940294964327,0.0,EXPOSED,True,True,0.011194029496432702,,UNDEFENDED_BURNER,9400.081445829006,0.003049048906177765,30.0
73,119,119,77,36,Epago,2026-09-17,9088645,0.022331014,0.022758833598345518,-0.01879795801031821,IN BAND,False,True,0.0,1034.607613294,105303.879593333,1.0,46330.524624781,13221.978026335,,2276.203303852126,,,,,,,-34.47874762648054,-0.22870848912553823,-34.47874762648054,-0.22870848912553823,,24.95634548460059,17.89999444936364,1,0.38971355326949436,MINER_BURN_ONLY,2805.9826281729984,2805.9375835403594,1.5259021896696368e-05,0.009824971475785049,-0.560030212878598,5DCjvVt6...,601002.646083146,,,,True,8884359,0.9505294961394085,0,5EFY7fKV...,0.179995422293431,2.731577249346054,2.2399058488228825,0.5731070894497512,,COUNTER,23040.813649115,0.0,0.0,DIVERGENT,-0.9996436186061921,2.165130358894228,1295.967040512703,60594.727614053,0.5754273047494575,60594.727614053,0.5754273047494575,0.0,FORTRESS,False,True,5.754273047494607,0,,5575.475058014002,0.05294653036094785,30.0
74,120,120,78,122,CookingTAO,2026-09-17,9088645,0.004105232,0.0041841003112494946,-0.018849526871391343,IN BAND,False,True,0.0,1351.397197021,735257.21998517,1.0,329188.981621592,47185.513349672,0.0003625880589275153,4391.124465765839,,0.0,,,0.08832340265483542,,-4.696591259234565,-0.22933591026859465,-4.696591259234565,-0.22933591026859465,,3.5742593592661436,1.3992126779491667,1,0.4100022879408304,MINER_BURN_ONLY,2952.0164731739787,2952.0164731739787,0.0,0.0018379924199156553,-0.5522804996366454,5F3uH1G4...,417725.034244835,,,,True,8238082,1.0,0,5CfPqfaz...,0.179995422293431,3.3972718348092323,2.7857784562571655,0.3170817310626869,,COUNTER,352737.627409812,4689.8056909,0.0,DIVERGENT,-0.9996612485028158,2.277848418124985,1295.967040512703,122798.384301974,0.16701418355939546,122798.384301974,0.16701418355939546,0.0,FORTRESS,False,True,1.6701418355939575,0,,37494.353535847,0.05099487977364337,30.0
75,121,121,79,100,Cortex,2026-09-17,9088645,0.00436508,0.004460602533072233,-0.021414715246202816,IN BAND,False,True,0.0,2645.612857351,1954339.812436882,1.0,606085.706233519,396637.696691837,-0.001453934361040321,10163.016399994376,ACCUMULATING_PRE_EMA,0.0,,,,,-6.202099154787429,-0.26054570216213424,-6.202099154787429,-0.26054570216213424,,1.3446996183960076,-0.5527346190163837,1,0.41000228793526833,MINER_BURN_ONLY,2952.016473133932,2952.016473133932,0.0,0.0013537117959297796,-0.6898769791321626,5FX6kmhY...,1215900.40671771,,,,False,6693448,1.0,0,5ExuWpCM...,0.179995422293431,1.3855407767870946,1.136149779564533,0.5635500755367688,,COUNTER,738304.921177164,1077.059572996,0.0,DIVERGENT,-0.9996612485028112,2.2778484180940834,1295.967040512703,340677.475280957,0.17431844406636915,340677.475280957,0.17431844406636915,0.0,FORTRESS,False,True,1.7431844406636958,0,,26593.503493771,0.013607410197826011,30.0
76,51,18,10,110,Green Compute,2026-09-17,9088645,0.014181928,0.014055286068469286,0.009010270649333435,IN BAND,False,False,0.003074496,7839.272617245,2990457.291799936,1.0,552764.988851315,409837.125583249,0.0008840356011466324,-2910.6081876807148,DISTRIBUTING_PRE_EMA,0.0,,0.06233536097113399,0.06233536097113399,1.0306792329464263,4.669754378592589,0.10962495956689013,4.269689968585542,-0.2904394504401564,-0.4000644100070465,0.8787953625708611,1.4307436429534728,1,0.0,,0.0,0.0,0.0,0.0026214293843088445,-0.8151570516851556,5D53sX6A...,1618811.311282308,0.22159058762963116,BUYBACK_GAMING,,False,5606062,1.0,155,5FmpATto...,0.179995422293431,8.13902686687022,6.6740392889103335,0.0,,COUNTER,653602.202903777,0.0,0.0,OK,0.0,0.0,1295.967040512703,9205.92186508,0.0030784328170555537,9205.92186508,0.0030784328170555537,0.0,NEITHER,True,True,0.030784328170555538,,,19803.390998095,0.006622194890526416,30.0
77,122,122,80,116,Memo,2026-09-17,9088645,0.004778991,0.004901716951280832,-0.02503733946709507,IN BAND,False,True,0.0,1283.047777982,722858.644063143,1.0,268476.676042726,107962.123418839,0.0001614247536338362,3415.6240475235973,,0.0,,,0.033777999086802256,,-9.046634660794574,-0.30462096351632334,-9.046634660794574,-0.30462096351632334,,3.6355655723063327,1.9204395841171853,1,0.410002288016945,MINER_BURN_ONLY,2952.016473722004,2952.016473722004,0.0,0.0017749635956071151,-0.6285903037676541,5F48aA3P...,98726.861143741,,,,True,8294730,1.0,0,5CXN6pP6...,0.179995422293431,10.913808058119445,8.949372567868785,0.0,,COUNTER,236069.887383258,1764.319155568,0.0,DIVERGENT,-0.9996612485027998,2.2778484185478542,1295.967040512703,30.45052749,4.2125148173977e-05,30.45052749,4.2125148173977e-05,0.0,EXPOSED,False,True,0.00042125148173977,,,35400.572957778,0.04897302293958001,30.0
78,46,58,81,1,Apex,2026-09-17,9088645,0.007070348,0.007081017596647143,-0.0015067886079248938,IN BAND,False,False,0.000113478,23888.800256011,2548035.904464759,1.0,3378730.414491191,836539.520225531,-0.002493990990679855,5116.127015645616,ACCUMULATING_PRE_EMA,0.0,,,,0.012483681926427452,-0.8235151347868076,-0.018332594729752873,-1.1296939203497631,-0.3245113802927083,-0.30617878556295547,1.0313826407999687,0.31866246748938293,1,0.2177821608485772,MINER_BURN_ONLY,1593.2883657189086,1593.1982764536306,3.0518043793392735e-05,0.009375378193907,0.32601368333029723,5HCFWvRq...,34276.87563933,,,,False,1497824,0.5313811362214457,248,5HCFWvRq...,0.179995422293431,16.703752416500496,13.69715344640757,0.0,,COUNTER,888868.442785346,0.0,0.0,DIVERGENT,-1.0,1.2293509222451664,1295.967040512703,192837.392404217,0.07568079871493195,192824.591394465,0.07567577484155184,12.801009752001846,FORTRESS,True,True,0.7567577484155183,,,10398.850974289,0.0040811241929785075,30.0
79,45,36,82,17,404—GEN,2026-09-17,9088645,0.009227001,0.00927881384268403,-0.005583994200388293,IN BAND,False,False,0.001296487,25964.870715473,3185176.165414683,1.0,2814009.693209104,674157.690952206,-0.008483605846616416,4489.946256340481,ACCUMULATING_PRE_EMA,0.0,,,,0.13122221455813368,-4.702829624769186,-0.06793859610472423,-4.998883456285345,-0.3639924276208825,-0.2960538315161583,0.8250721038714844,0.427276046074292,1,0.0,,0.0,0.0,0.0,0.008151784820382955,-0.11652932297471795,5E7a4a7Q...,931722.402626959,,,,False,2840556,1.0,137,5G8n837Z...,,0.31021571749218496,0.31021571749218496,0.0431100259423165,,COUNTER,340475.604612198,0.0,0.0,OK,0.0,0.0,1295.967040512703,537714.222385725,0.16881773392138866,531062.964490581,0.16672954238982918,6651.257895144052,DORMITORY,True,True,1.6672954238982927,0,,25963.164312185992,0.008151249087601347,30.0
80,48,39,83,77,Liquidity,2026-09-17,9088645,0.005451302,0.005456017330288887,-0.0008642440086673022,IN BAND,False,False,0.000702657,12020.437172843,3350834.16277274,1.0,2205057.895894706,409623.882981085,-0.006935415302332664,3557.9606510228477,ACCUMULATING_PRE_EMA,0.0,,,,0.1536202526952901,-0.9574179692801758,-0.010514968772118844,-1.315525128025148,-0.36862212751709117,-0.35810715874497234,0.7842823226516794,0.5117274114402625,1,0.0,,0.0,0.0,6.103608758678547e-05,0.0035872969502305538,-0.3419375866113171,5GxxsUeY...,2785753.061211638,,,,False,5128460,0.6551860951305489,148,5C8dR6A6...,0.179995422293431,1.6727632248290139,1.371673501778994,0.0,,COUNTER,140886.89655137,14115.257752168,0.0,OK,0.0,0.0,1295.967040512703,369577.913917543,0.11029430164688474,369577.913917543,0.11029430164688474,0.0,DORMITORY,True,True,1.1029430164688472,0,,13353.903188823,0.003985247416056229,30.0
81,47,5,84,120,Affine,2026-09-17,9088645,0.048982065,0.04920065216720104,-0.0044427697108202595,IN BAND,False,False,0.009174169,78306.822100496,2656922.456748693,1.0,1598683.622195632,1497443.082244116,-0.0050901304439632976,3684.4558867467567,ACCUMULATING_PRE_EMA,0.0,,,,0.30788781213798333,-3.009272108753109,-0.05405369814831316,-3.328626630050529,-0.3734082194457332,-0.31935452129742004,0.9891143015200806,0.6272423334354034,1,0.0,,0.0,0.0,4.57770656900891e-05,0.029472754051061388,-0.3982949871333234,5EfNFhH2...,3075527.674244009,,,,False,5749344,0.0,0,5HmYnmUY...,0.179995422293431,0.34487181405994666,0.2827964662511249,0.9844048036866923,,COUNTER,181441.01409672,0.0,0.0,DIVERGENT,1.0,0.0,1295.967040512703,54758.257876684,0.020609656009190545,54758.257876684,0.020609656009190545,0.0,DORMITORY,True,True,0.20609656009190738,,,21585.451178498013,0.00812423077070619,30.0
82,123,123,85,94,pending...,2026-09-17,9088645,0.003788922,0.003912004642188549,-0.03146280575978331,IN BAND,False,True,0.0,2106.292692558,1876452.098450026,1.0,555908.051915646,115970.514572601,-7.290167659344193e-05,11682.003210549708,ACCUMULATING_PRE_EMA,0.0,,,,,-4.233856965487803,-0.3827974700773636,-4.233856965487803,-0.3827974700773636,,1.400515367363101,-0.8699148012740618,1,0.4100022879329238,MINER_BURN_ONLY,2952.0164731170516,2952.0164731170516,0.0,0.0011224867899893769,-0.7037450784182475,5CnwnkkC...,765374.515468345,,,,False,6962737,1.0,0,5EeKtCKE...,0.179995422293431,1.9376686329802901,1.5888971491222676,0.3764192406299597,,COUNTER,786469.3531372,0.075116968,0.0,DIVERGENT,-0.9996612485028094,2.2778484180810583,1295.967040512703,273.723032556,0.0001458726459269058,273.723032556,0.0001458726459269058,0.0,EXPOSED,False,True,0.001458726459269058,,,20029.632296511005,0.010674203894176539,30.0
83,49,35,86,14,Cacheon,2026-09-17,9088645,0.009169587,0.009193386882543564,-0.002588804631811511,IN BAND,False,False,0.001303984,25018.080464245,3187493.926976912,1.0,2728375.752559821,2661472.767888616,-0.012349965626037119,3793.114801401738,ACCUMULATING_PRE_EMA,0.0,,,,0.13697573468506377,-0.843071900307611,-0.031497123020373385,-1.2144859369382446,-0.40291115965100704,-0.37141403663063366,0.8244721590708886,0.5083897713156974,1,0.0,,0.0,0.0,9.15541313801782e-05,0.007848824511478421,-0.14403729290333128,5CKhH8nK...,1775221.454052473,,,,False,4848444,0.9564772848662424,211,5GnRHZth...,,8.238717127861117,8.238717127861117,0.0,,COUNTER,1226611.25981397,526.080568229,0.0,OK,0.0,0.0,1295.967040512703,54083.028255241,0.01696725687773608,47607.380524169,0.01493567724827663,6475.647731072,DORMITORY,True,True,0.14935677248276638,,,14315.184934873005,0.00449104696756233,30.0
84,50,88,87,2,DSperse,2026-09-17,9088645,0.003071221,0.0030815599020570517,-0.003355087158990557,IN BAND,False,True,8.9e-08,7745.643315569,3247733.09540829,1.0,2522007.069876112,711594.421239325,-0.002026472196230547,3696.1900496971793,ACCUMULATING_PRE_EMA,0.0,,,,3.0196588000620857e-05,-2.847527372316137,-0.04082022710105177,-3.241625021004905,-0.4349178757898199,-0.3940976486887681,0.8091797948900169,0.39412784527676875,1,0.3416872720787182,MINER_BURN_ONLY,2460.940626504016,2460.2199123817913,0.0002441443503471419,0.0023849383825659642,-0.22345595365297244,5EcYQ3W7...,2832184186292612.0,,,,False,2734060,0.8222195088447626,14,5CFxLBvp...,0.179995422293431,0.6525283254490153,0.5350762139513944,0.8931819569065496,,COUNTER,728337.560573907,0.159820748,0.0,DIVERGENT,-0.9994610597581735,1.898366112311385,1295.967040512703,1144508.261830867,0.3524021919932385,1144508.261830867,0.3524021919932385,0.0,FORTRESS,True,True,3.5240219199323852,0,,9891.501227935007,0.003045663217189802,30.0
85,53,76,88,13,Data Universe,2026-09-17,9088645,0.00555732,0.005563877057284117,-0.0011785050633949998,IN BAND,False,True,7.461e-06,19918.082367793,2479095.888054763,1.0,3584116.422831109,970142.522553114,-0.0029832593986156373,4115.919422467239,ACCUMULATING_PRE_EMA,0.0,,,,0.000984407416233242,-0.7380608106325595,-0.01433847827130583,-1.193169308648948,-0.46944697628769444,-0.4551084980163886,1.060063877586468,0.4560929054326218,1,0.2866341899238258,MINER_BURN_ONLY,2073.564080871991,2066.5371181802993,0.0023804074158846333,0.008034413861830023,0.4457353295887267,5HBswBt1...,30359.413590649,,,,False,1907637,0.7031768610715979,247,5E2LP6En...,0.0,0.39394593405781386,0.39394593405781386,0.16024721501602318,,COUNTER,668451.343916401,0.0,0.0,DIVERGENT,-1.0,1.5945907986693455,1295.967040512703,93697.039216446,0.03779484273598063,93697.039216446,0.03779484273598063,0.0,FORTRESS,True,True,0.37794842735980627,,,9889.807345464998,0.0039892798794584315,30.0
86,54,7,89,4,Targon,2026-09-17,9088645,0.056809734,0.05687779770232737,-0.001196665572102222,IN BAND,False,False,0.0077232,138924.250067141,3787957.010272689,1.0,2445430.400419463,2315954.610884323,-0.0046476622979413,1892.8154783630744,ACCUMULATING_PRE_EMA,0.0,,,,0.1460981044719754,-1.0802202653639303,-0.0145594311272437,-1.5410854481135778,-0.47542461387689117,-0.46086518274964744,0.6937776729970899,0.6069632872216228,1,0.0151838823019987,MINER_BURN_ONLY,124.32152367802337,124.1863897801059,4.5777065690200125e-05,0.03667524464781084,-0.3544197082878289,5CXGPMnq...,,,,,False,1411451,0.11221998412989065,146,5E2LP6En...,0.0,0.2884454945247268,0.2884454945247268,0.0013276159374952313,,COUNTER,560355.94513766,0.0,0.0,DIVERGENT,-1.0,0.09582526862023898,1295.967040512703,183019.057563734,0.04831603343633479,183019.057563734,0.04831603343633479,0.0,DORMITORY,True,True,0.48316033436334793,,,16776.999090021,0.004429036297012581,30.0
87,55,23,90,56,Gradients,2026-09-17,9088645,0.016012923,0.016036135144531727,-0.0014474899545632574,IN BAND,False,False,0.002243301,51014.640564565,2834117.03119382,1.0,3185841.74301996,2850849.231077821,-0.009019599530651996,3586.0333640128374,ACCUMULATING_PRE_EMA,0.0,,,,0.11556280633867619,-0.7011753713039419,-0.01761112778051963,-1.1822672184495382,-0.4987029749261159,-0.4810918471455963,0.9272729287728119,0.5966546534842725,1,0.0,,0.0,0.0,6.103608758678547e-05,0.01800018841955726,0.12410385159269564,5EJ1zbdw...,16339.879598051,,,,False,4312927,0.0,26,5HbScNss...,0.0899977111467155,0.4376963677791566,0.3983046965018015,0.011079064231103787,,COUNTER,841047.343861356,0.0,0.0,OK,0.0,0.0,1295.967040512703,264724.185506575,0.09340622938039533,264724.185506575,0.09340622938039533,0.0,DORMITORY,True,True,0.9340622938039533,,,23768.52943313,0.008386573021339893,30.0
88,44,54,91,26,Perturb,2026-09-17,9088645,0.003440363,0.0035118311643600464,-0.020350683451227296,IN BAND,False,False,0.00014099,2004.974243472,990649.672203614,1.0,582779.814029483,68407.884001437,-0.00014188253281285655,6371.088902794523,ACCUMULATING_PRE_EMA,0.0,,,,0.18480123682704774,0.9003598583106472,-0.2475999819899321,0.6449274574680735,-0.5030323828325058,-0.25543240084257374,2.6528045925198183,0.4402336376696215,1,0.0,,0.0,0.0,9.15541313801782e-05,0.0020238983565321425,-0.41171953176681,5FsVAEPM...,1452678.786676119,,,,False,8123781,0.8504478932991499,143,5CDK1b4s...,0.179995422293431,0.5872978705628352,0.4815869423388449,0.09279436000732467,,COUNTER,93577.704880545,1668.571827101,0.0,OK,0.0,0.0,1295.967040512703,37686.919497327,0.03804263056333095,34495.429123715,0.0348210170473109,3191.490373611996,DORMITORY,False,True,0.34821017047311736,,,29707.554110735997,0.02998795128519462,30.0
89,56,12,92,3,Teutonic,2026-09-17,9088645,0.030582902,0.030721615068614483,-0.004515161989520368,IN BAND,False,False,0.004258787,82451.21170447,3366161.7631924,1.0,2695990.460579786,3483796.640734216,-0.03954664999786193,2340.1997827901505,ACCUMULATING_PRE_EMA,0.0,,,,0.13574199826335887,2.1398546795709654,-0.0549344708724978,1.6496088726945408,-0.5451802777489223,-0.4902458068764245,0.7807111436937177,0.6259878051397834,1,0.0,,0.0,0.0,3.0518043793392735e-05,0.024494132339699246,-0.19909064418742056,5GsGUrd2...,3228313.483740603,,,,False,4165565,0.4025758015045855,204,5E6yHkmZ...,0.179995422293431,0.3276810932727868,0.2686999965115784,0.9817957090975676,,COUNTER,578475.334942498,0.0,0.0,DIVERGENT,1.0,0.0,1295.967040512703,387642.527499671,0.11515861529246255,387528.981387964,0.11512488366585191,113.54611170699354,DORMITORY,True,True,1.1512488366585207,0,,24377.27682932799,0.00724186136741363,30.0
90,57,28,5,83,CliqueAI,2026-09-17,9088645,0.008969291,0.008976132841780782,-0.0007622259943541148,IN BAND,False,False,0.001853179,8331.157852042,2837182.262213226,1.0,928853.547674927,153395.461708591,0.000950791968390149,-52.196912827552296,DISTRIBUTING_PRE_EMA,0.0,,0.10600525374749786,0.10600525374749786,0.5845711362684486,-0.879518664490145,-0.009273749597975063,-1.4204812080496516,-0.5502362931574817,-0.5409625435595066,0.926271122937993,1.1255336798279552,1,0.0,,0.0,0.0,0.0018463416495002605,0.0029364196875892776,-0.6726140686494309,5DqEjRLy...,980296.850528858,2.1590479408895527,BUYBACK_GAMING,,False,5231190,0.0,198,5E2LP6En...,0.0,0.4047298797035704,0.4047298797035704,0.09316201492423433,,COUNTER,345172.824104195,26063.92679357,0.0,OK,1.0,0.0,1295.967040512703,8057.340853611,0.0028399094978570883,8057.340853611,0.0028399094978570883,0.0,NEITHER,True,True,0.02839909497857088,,,15541.059888245001,0.0054776388867318485,30.0
91,58,42,93,111,Claims,2026-09-17,9088645,0.004946246,0.004928639158606529,0.0035723535091273274,IN BAND,False,False,0.00049346,5915.752963054,3594391.424265485,1.0,1196008.421640144,210666.327238562,-0.0020882893709760026,-1872.838297511451,,0.0,,,,0.21921349456257924,-8.706523241273135,0.04346363436104915,-9.340237718556635,-0.5902508429224506,-0.6337144772834997,0.7311390691226771,0.8529279718460789,1,0.0,,0.0,0.0,4.57770656900891e-05,0.0016458288107180444,-0.6672569842425864,5CGTryXj...,2784600.977635408,0.0,,,False,5615562,0.0,145,5E2LP6En...,0.0,0.347461484134797,0.347461484134797,0.09674515129781942,,COUNTER,734491.272679149,0.371911999,0.0,DIVERGENT,1.0,0.0,1295.967040512703,1221.604957048,0.00033986419753870723,1221.604957048,0.00033986419753870723,0.0,NEITHER,True,True,0.0033986419753870723,,,12237.699962172004,0.003404665357132823,30.0
92,124,124,94,126,Attelier,2026-09-17,9088645,0.00470328,0.004967016167938709,-0.053097505428124844,IN BAND,False,True,0.0,2545.288675299,1357419.997538779,1.0,541173.132402959,66579.177946736,-0.0001583244541660852,30498.946907990554,ACCUMULATING_PRE_EMA,0.0,,,,,7.007183604479187,-0.6460196493755189,7.007183604479187,-0.6460196493755189,,1.936025699315604,-6.1594547916350635,1,0.4100022879344437,MINER_BURN_ONLY,2952.0164731279947,2952.0164731279947,0.0,0.0018750929556909564,-0.6013222781354807,5DqrUa2z...,556361.42408749,,,,False,7525773,1.0,1,5E2LP6En...,0.0,0.672403581327459,0.672403581327459,0.4182994567539523,,COUNTER,436690.182294229,5493.154491675,0.0,DIVERGENT,-0.9996612485028106,2.2778484180895022,1295.967040512703,171439.094523612,0.12629775223177697,1096.553699538,0.0008078219722165789,170342.540824074,EXPOSED,False,False,1.0980793023056252,0,,25629.939716438996,0.01888136299959497,30.0
93,52,66,95,92,MicroTensor,2026-09-17,9088645,0.00265187,0.0027142988983541727,-0.023000008728598965,IN BAND,False,True,5.2034e-05,822.394335336,605256.85002305,1.0,310118.550748966,79180.692260712,-2.6195570558567144e-05,6090.0428766018595,ACCUMULATING_PRE_EMA,0.0,,,,0.1662771083462423,-8.959301034362854,-0.27983343953128736,-9.367548792845572,-0.6880811980140056,-0.4082477584827182,4.341958294069564,0.5745248668289605,1,0.0,,0.0,0.0,4.57770656900891e-05,0.0013587526275905524,-0.4876247223315802,5E9LPDS2...,622739.375289609,,,,True,8352006,0.3866813159982909,15,5G3eBqKj...,,0.8260858255774359,0.8260858255774359,0.0034792693534357786,,COUNTER,217395.839189358,0.041020142,0.0,DIVERGENT,1.0,0.0,1295.967040512703,50000.0,0.08260955658427634,50000.0,0.08260955658427634,0.0,DORMITORY,False,True,0.8260955658427632,,,40296.69102964499,0.06657783555545117,30.0
94,59,27,96,5,Hone,2026-09-17,9088645,0.012929242,0.012927331263199449,0.0001478059749262609,IN BAND,False,False,0.001869672,33637.572192414,3199722.25794774,1.0,2601666.056551032,976454.72457554,-0.015845505017582865,572.1132675181143,ACCUMULATING_PRE_EMA,0.0,,,,0.1460717196798198,0.34785151430021444,0.0017983060282695076,-0.3516485857366688,-0.6977017940086138,-0.6995001000368832,0.8213212860811128,0.845571819716703,1,0.0,,0.0,0.0,0.009643701838712104,0.010512653749512841,-0.18690873374380026,5GurNtB3...,,,,,False,2491604,0.0,176,5HbScNss...,0.0899977111467155,0.6302996311722322,0.5735741070301124,0.009613917289790936,,COUNTER,1488567.694632255,0.0,0.0,DIVERGENT,1.0,0.0,1295.967040512703,6649.821324041,0.0020782495441670325,6649.821324041,0.0020782495441670325,0.0,NEITHER,True,True,0.02078249544167033,,,17305.516854531998,0.005408443439597638,30.0
95,60,64,97,128,ByteLeap,2026-09-17,9088645,0.002823765,0.002825637347996235,-0.0006626285561954474,IN BAND,False,True,6.0882e-05,4044.75881049,2914787.369462406,1.0,1432398.973032865,91616.765271403,-0.00022424396803000932,1299.1419208720326,ACCUMULATING_PRE_EMA,0.0,,,,0.03955684467144214,-1.1637703190029225,-0.00806198076704461,-1.8893436682316758,-0.7336353299957978,-0.7255733492287533,0.901609505905297,0.7651301939001954,1,0.0,,0.0,0.0,9.15541313801782e-05,0.0013876685664505272,-0.5085750526511494,5GgMeLFN...,872071.627066279,,,,False,5856038,1.0,96,5HQTcjYx...,,5.888972890523899,5.888972890523899,0.0,,COUNTER,186014.794503201,289.843039317,0.0,OK,0.0,0.0,1295.967040512703,3774.579155811,0.0012949758172264797,3774.573941721,0.0012949740283858752,0.005214089999753924,NEITHER,True,True,0.01294974028385875,,,12393.713597762002,0.0042520129350114,30.0
96,125,125,98,70,SN70,2026-09-17,9088645,0.002815317,0.0030212667770683765,-0.06816669703964895,IN BAND,False,True,0.0,383.272850825,228540.092086467,1.0,136138.434341391,14101.114188846,,5708.970065853442,,,,,,,-8.525199633448766,-0.8293614806490621,-8.525199633448766,-0.8293614806490621,,11.499076490289106,2.395316383719253,1,0.4100022879369438,MINER_BURN_ONLY,2952.0164731459954,2952.0164731459954,0.0,0.001677048640901005,-0.40431267921125574,5Cz1mjiJ...,503036.371996146,,,,True,8825571,1.0,0,5DFxKepZ...,0.179995422293431,3.137569737092673,2.572821547289588,0.46481215857417524,,COUNTER,104501.383149269,0.0,0.0,DIVERGENT,-0.9996612485028126,2.277848418103392,1295.967040512703,0.0,0.0,0.0,0.0,0.0,EXPOSED,False,,,,,34912.535575599984,0.15276328655013843,30.0
97,62,26,99,124,Swarm,2026-09-17,9088645,0.011114985,0.011078445939347148,0.003298211757578531,IN BAND,False,False,0.001897703,12949.79006525,3598506.212735979,1.0,1165074.94271716,304252.565920861,-7.80977163950547e-05,-6535.410035230452,,0.0,,,,0.3851153925176563,-1.2991666848282408,0.04012824305053879,-2.39708629348971,-1.0577913656109306,-1.0979196086614693,0.7303030326024937,1.4830350011791256,1,0.0,,0.0,0.0,0.00021362630655374915,0.0035986571370691476,-0.6762337387707543,5HKYqfJr...,2310675.226639925,0.23060944829532823,BUYBACK_GAMING,,False,5813454,0.019108377466766413,148,5EF2Fpn2...,,18.455639178312037,18.455639178312037,0.0,,COUNTER,897004.632666029,6243.286010635,0.0,DIVERGENT,1.0,0.0,1295.967040512703,1000000.110795789,0.2778931177766341,1000000.110795789,0.2778931177766341,0.0,DORMITORY,True,True,2.7789311777663412,0,,22291.76511141399,0.00619472742120552,30.0
98,63,8,100,97,Albedo,2026-09-17,9088645,0.020697035,0.02055763965472579,0.006780707688986309,IN BAND,False,False,0.007468132,12382.158828303,1139026.028676693,1.0,598257.886384547,527684.043235933,-0.0002017478056674679,1100.0617723632604,ACCUMULATING_PRE_EMA,0.0,,,,1.5850427351277818,-5.755919587526635,0.08249861021600009,-6.959080396747467,-1.1206621990048324,-1.2031608092208326,2.307234368518496,2.7882035443486144,1,0.0,,0.0,0.0,7.629510948348184e-05,0.0108708304433468,-0.4747638759200629,5GnW8owm...,1350574.294898096,0.0,,,False,7735450,0.0,28,5E2LP6En...,0.0,0.6293233010447321,0.6293233010447321,0.18842127750480667,,COUNTER,70872.776437572,4583.298014649,0.0,DIVERGENT,1.0,0.0,1295.967040512703,9337.569051303,0.00819785397016017,9337.569051303,0.00819785397016017,0.0,DORMITORY,False,True,0.0819785397016088,,,36250.47048138498,0.031825849075196595,30.0
99,64,86,101,20,Witness,2026-09-17,9088645,0.00258061,0.002571849850937724,0.0034061665999210455,IN BAND,False,True,1.98e-07,6797.908640212,3288953.76450107,1.0,2634224.478934057,287502.795116971,-0.0009316292818717833,-5015.167568261735,,0.0,,,,7.654471802136084e-05,-1.2709067400607934,0.04144169363237272,-2.631523624240879,-1.3191751905477132,-1.3606168841800859,0.7990382924700871,1.3606934288981072,1,0.3086091298395621,SKIN_IN_GAME,2222.201279108878,2222.156234476239,1.5259021896696368e-05,0.002066890910290201,-0.1990688595757589,5CFVA7aP...,1309510.507049237,3.2285613084966367,BUYBACK_GAMING,,False,1970929,1.0,240,5ED4s3B3...,0.179995422293431,1.0453973507512513,0.8572306131383458,0.530764535327331,,COUNTER,1407200.701337091,0.0,0.0,DIVERGENT,-0.9995623473058496,1.714670331119781,1295.967040512703,560885.176466659,0.17053604782180465,554843.371523813,0.16869904877120764,6041.804942845949,FORTRESS,True,True,1.686990487712078,0,,9167.559330432998,0.002787378597225037,30.0
100,65,62,102,125,Refinery,2026-09-17,9088645,0.003056061,0.003049286315217614,0.0022217279986390696,IN BAND,False,True,8.1875e-05,5730.671441949,2525549.963756942,1.0,1875181.800105056,242178.792373973,-0.00024021262101779379,-2533.060408498859,,0.0,,,,0.037546647400679034,-0.0003753637768107081,0.027031023983442013,-1.4105652060950702,-1.3831588183348176,-1.4101898423182595,1.040565436326057,1.4477364897189384,1,0.0,,0.0,0.0,0.0,0.002269078626116033,-0.2575152701087992,5DTzv2rL...,7711.00387848,0.3185459443307309,BUYBACK_GAMING,,False,5834408,1.0,203,5HNaCr7K...,0.0,0.5143505401738993,0.5143505401738993,0.31053426727097927,,COUNTER,1305773.13013795,0.0,0.0,OK,0.0,0.0,1295.967040512703,226023.662897553,0.08949482930099158,226023.662897553,0.08949482930099158,0.0,DORMITORY,True,True,0.8949482930099159,,,11056.877333934994,0.004378007757758659,30.0
101,61,75,103,99,Thirty Spokes,2026-09-17,9088645,0.001978295,0.0020509399473667145,-0.0354203190883215,IN BAND,False,True,8.329e-06,552.012863483,388665.335762095,1.0,279034.689671675,31939.566899616,,5691.2074538499,,,,,,0.03965235857347749,-15.967742783928692,-0.43094721557457827,-16.92134914376618,-1.3845535754120655,-0.9536063598374872,6.761601198231423,0.9932587184109647,1,0.06526208548069025,MINER_BURN_ONLY,471.9103746470064,471.8653300143674,1.5259021896696368e-05,0.001420278097095058,-0.2820696119157871,5DebFXsw...,1046226.849988748,,,,True,8572056,1.0,229,5E2LP6En...,0.0,0.9968819214058909,0.9968819214058909,0.0196084415485328,,COUNTER,91916.999719436,0.012273672,0.0,OK,0.02550269852314694,0.36410287859457496,1295.967040512703,0.0,0.0,0.0,0.0,0.0,EXPOSED,False,,,,,50459.58613843901,0.12982785315674691,30.0
102,67,19,104,28,SayGM,2026-09-17,9088645,0.021994218,0.021675774129107594,0.014691234047543356,IN BAND,False,False,0.003045445,22775.952432301,5066696.027610582,1.0,1035542.76051721,6548504.792235506,-0.0018433106521580824,-20029.70834009617,,0.0,,,,0.3513982338955663,2.292553530059837,0.17874334757844415,0.601007944816389,-1.512802237665004,-1.6915455852434482,0.5186812048085991,2.0429438191390146,1,0.02910641084033651,,239.80011179298162,238.58390671172734,0.0004119935912108019,0.004495227720033953,-0.7956177519003425,5CA6rwAy...,2567967.6977095,0.12024129278905704,,,False,4878363,0.1027966049948098,219,5FHBJCMk...,0.179995422293431,0.4016301536737719,0.3293385645574857,0.0,,COUNTER,1407146.780509075,33762.848582854,0.0,DIVERGENT,-0.8929403949868295,0.18409720251630793,1295.967040512703,412384.028612258,0.08139111293928074,412378.452495492,0.08139001239629659,5.576116765965708,DORMITORY,True,True,0.813900123962967,,,31387.591916575995,0.0061948835583448564,30.0
103,66,29,105,34,BitMind,2026-09-17,9088645,0.011780358,0.011766267940402031,0.0011974960683656742,IN BAND,False,False,0.001738424,34676.66171763,2721670.696935067,1.0,2943599.994881771,634259.665819412,-0.0033068888932364145,-4562.730145619251,,0.0,,,,0.13174792629122323,-0.0405615985894916,0.014569535498449035,-1.6143257757538527,-1.5591946416659122,-1.5737641771643611,0.9655833833826585,1.7055121034555842,1,0.0048782640527973995,MINER_BURN_ONLY,42.4237662210362,40.30666848700096,0.0007171740291447293,0.012740946859103913,0.0815415676759495,5DthmKBR...,2914644.266342542,0.0,,,False,3493948,0.6830564378206694,72,5E2LP6En...,0.0,0.3480065527112282,0.3480065527112282,0.008850637856314472,,COUNTER,359511.697520475,70171.661546406,0.0,DIVERGENT,0.7459828765606401,0.031101615416897536,1295.967040512703,126556.670149167,0.04649962623754785,126556.670149167,0.04649962623754785,0.0,DORMITORY,True,True,0.46499626237548214,,,12721.228938771004,0.004674051476211527,30.0
104,71,33,106,58,greevils,2026-09-17,9088645,0.00683103,0.00671860296279192,0.016733692678479285,IN BAND,False,False,0.001379785,1032.286515869,539682.949578003,1.0,151117.251566086,23583.302776075,,820.7817115767684,,,,,,3.512663319977105,-10.031870539139158,0.20359326092149796,-12.159541460170368,-1.9240776601097127,-2.1276709210312106,4.869525713300606,5.640334241008316,1,0.0,,0.0,0.0,0.0,0.001912764738400909,-0.7199888247598226,5DCsuLti...,636067.356110242,5.053633895112998,BUYBACK_GAMING,,True,8511017,0.0,1,5E2LP6En...,0.0,1.2940804803394985,1.2940804803394985,0.6327346527703599,,COUNTER,78931.873767343,0.045668707,0.0,OK,0.0,0.0,1295.967040512703,213417.539421567,0.3954498462262809,213417.539421567,0.3954498462262809,0.0,DORMITORY,False,True,3.9544984622628094,0,,44601.49739198599,0.08264388828081647,30.0
105,69,87,107,65,True Performance Network,2026-09-17,9088645,0.002378385,0.002371287439018488,0.002993125533718361,IN BAND,False,True,1.21e-07,5909.990007199,3421289.61623786,1.0,2484874.592147837,300966.047667195,-0.00012719120635281114,-12150.281822421588,,0.0,,,,5.380516711748356e-05,-2.8142025594902886,0.03641636066024006,-4.8901682201129715,-2.039549299962443,-2.075965660622683,0.7681314050489002,2.0760194657898,1,0.3162824345792894,,2277.4853984139627,2277.3502645160456,4.57770656900891e-05,0.0017274158782552235,-0.2737021641764375,5GxEEHxL...,1559506.559981405,0.143570612937445,,,False,4950813,0.7625282304828176,45,5G8vMPBi...,,5.368044074313922,5.368044074313922,0.0,,COUNTER,1030382.701860016,0.0,0.0,DIVERGENT,-0.9995463719096774,1.7572594003741742,1295.967040512703,171794.150223016,0.050213273207757654,171794.150223016,0.050213273207757654,0.0,FORTRESS,True,True,0.5021327320775766,,,17930.471976090004,0.005240851838730572,30.0
106,68,40,108,102,ConnitoAI,2026-09-17,9088645,0.006803309,0.006833137944340706,-0.004365336187221424,IN BAND,False,False,0.000565961,3688.682738706,993941.228344948,1.0,542189.501279065,230844.915625837,-9.995717380745074e-05,775.6808858275181,ACCUMULATING_PRE_EMA,0.0,,,,0.4032186049488672,-5.100730777970559,-0.05311159027786066,-7.102927752178955,-2.055308564486257,-2.0021969742083963,2.6440195104654123,2.4054155791572636,1,0.09463601281476386,SKIN_IN_GAME,738.1977589720045,738.0626250740874,4.57770656900891e-05,0.0037111678573271134,-0.454505468246832,5HBc11rC...,819867.239089341,15.657543000619603,BUYBACK_GAMING,,False,7840965,0.25004577916132575,0,5EEinUEy...,0.179995422293431,0.9867829836694327,0.8091665638118813,0.5008240249038638,,COUNTER,146502.10149788,7309.092357836,0.0,DIVERGENT,-0.3010998485101614,0.569507249800195,1295.967040512703,2002.340459168,0.002014546134183586,2002.340459168,0.002014546134183586,0.0,EXPOSED,False,True,0.02014546134183586,,,30911.951472751996,0.031100381583149282,30.0
107,70,34,109,19,blockmachine,2026-09-17,9088645,0.009810058,0.009795435471460223,0.0014927900431155581,IN BAND,False,False,0.001379019,31825.386509338,2751955.994684472,1.0,3244158.689219438,1679287.419869023,-0.008205630128196056,-8279.646903381683,,0.0,,,,0.11387330460029609,-2.248517586785035,0.018162278857905955,-4.3355542750892955,-2.068874409446355,-2.087036688304261,0.9549571305195654,2.200909992904557,1,0.8675229488427123,MINER_BURN_ONLY,7124.96691687603,7124.201158121166,0.00025940337224383825,0.011564642229312597,0.17885564278137772,5FWh37Lf...,1330568.399234914,0.0,,,False,1956072,0.08712109649256694,100,5GNNB5kZ...,0.179995422293431,1.9569303670952274,1.604691859271083,0.00042727869252720085,,COUNTER,1013639.146969995,0.0,0.0,DIVERGENT,-1.0,5.497208598223864,1295.967040512703,169484.019535085,0.06158674770325219,169484.019535085,0.06158674770325219,0.0,FORTRESS,True,True,0.6158674770325239,,,33198.846084983,0.01206372709051601,30.0
108,72,59,110,40,Ralph,2026-09-17,9088645,0.003185194,0.003228794550523162,-0.013503662076020648,IN BAND,False,False,0.00010214,1628.155391354,431410.705014701,1.0,511163.58733886,80631.62112438,-1.8552276038102824e-06,4711.979059372039,ACCUMULATING_PRE_EMA,0.0,,,,0.16486382161396426,-8.759080129259194,-0.1642945552582512,-10.967246750087913,-2.3724611760869707,-2.2081666208287194,6.091642996922032,2.373030442442684,1,0.0,,0.0,0.0,0.0,0.003774026403212498,0.18486547545063117,5HeKCDfd...,793122.655828682,,,,True,8409860,1.0,6,5E2LP6En...,0.0,0.865500862212825,0.865500862212825,0.23316497032029665,,COUNTER,22349.634720453,0.042920633,0.0,OK,0.0,0.0,1295.967040512703,22427.898380107,0.05198734783213767,22427.898380107,0.05198734783213767,0.0,DORMITORY,False,True,0.5198734783213766,,,41753.518525022984,0.09678368672747739,30.0
109,73,20,111,38,ChronoLLM,2026-09-17,9088645,0.010065169,0.010090137831866741,-0.0024745778782014156,IN BAND,False,False,0.003042425,5622.6694205,1705215.666601764,1.0,558626.55643033,204063.708110904,-0.0014355570088288021,-10214.733533354709,,0.0,,,,1.4220101346966607,9.641827730731361,-0.030107364184783887,6.819992901526728,-2.851942193389417,-2.8218348292046334,1.5411540319924488,4.243844963901294,1,0.0,,0.0,0.0,6.103608758678547e-05,0.003297336243517588,-0.672401303592857,5GeWgtBA...,1600273.143983986,0.30687697423434773,BUYBACK_GAMING,,False,7284230,0.7541011124505959,9,5DkrZxTv...,0.179995422293431,0.964693884202357,0.7910534011314635,0.009567844717084783,,COUNTER,485297.062238848,10641.406258159,0.0,OK,0.0,0.0,1295.967040512703,29228.92860485,0.017140898466584474,29228.92860485,0.017140898466584474,0.0,DORMITORY,False,True,0.17140898466584717,,,21323.262046350002,0.012504730318859916,30.0
110,74,65,112,55,NIOME,2026-09-17,9088645,0.00276184,0.002771084662526846,-0.0033361169551621938,IN BAND,False,True,5.2135e-05,6670.682749029,3098475.833537349,1.0,2415303.068974438,566714.41252109,-0.002858824195392448,-18081.295800508466,,0.0,,,,0.020539243905722187,-7.388550601538622,-0.040589422954473355,-10.34609937270337,-2.998138194119221,-2.9575487711647477,0.8481589469102833,2.97808801507047,1,0.00817854759567794,,60.26739752601134,59.99712973017705,9.15541313801782e-05,0.002152891649767515,-0.2204864692496615,5GeWUxaF...,1240060.496445483,0.12526109570937558,,,False,4703386,0.019991148956950422,142,5E2LP6En...,0.0,0.31157873138706627,0.31157873138706627,0.574995040515176,,COUNTER,321426.028570412,0.0,0.0,DIVERGENT,0.8233656875548324,0.046295258949210105,1295.967040512703,14841.866940702,0.004790054122758127,14841.866940702,0.004790054122758127,0.0,NEITHER,True,True,0.047900541227581264,,,13034.546762352,0.004206760827781322,30.0
111,76,83,113,45,AlphaRidge.ai,2026-09-17,9088645,0.002511879,0.002475135261192918,0.014845143771808652,IN BAND,False,True,7.28e-07,6350.820055906,3203466.757904836,1.0,2528313.529969331,749362.534422557,-0.0007759101295867152,-23920.195544765797,,0.0,,,,0.0003012499146816194,-1.2940352969540057,0.1806159158903386,-4.7957600639963704,-3.321108851152026,-3.5017247670423646,0.8203612519203387,3.5020260169570463,1,0.24293811358523382,MINER_BURN_ONLY,1754.4817963689566,1749.6620206765785,0.0016327153429465113,0.0019824835204656933,-0.2107567599929402,5FbcZiAH...,917.231765369,0.0,,,False,3633154,0.6264137678058324,48,5G9hfkx9...,0.009994659342336155,0.3480601043358726,0.34458136216237756,0.014405835584245144,,COUNTER,1078681.364614347,0.0,0.0,DIVERGENT,-0.6129057023851873,1.3500821903498312,1295.967040512703,111021.356235071,0.03465662815483134,111019.200205241,0.034655955124644686,2.156029830002808,FORTRESS,True,True,0.34655955124644683,,,14087.774488191993,0.004397665264803879,30.0
112,75,32,114,62,Ridges,2026-09-17,9088645,0.011076176,0.01105342642404139,0.0020581469569588796,IN BAND,False,False,0.001672759,30440.34348158,2765024.709403357,1.0,2748271.7609694,4387588.218071445,-0.02595581615076601,-18256.370564898476,,0.0,,,,0.14441396348435112,0.3696344666548787,0.025040787976333034,-3.0186856080217894,-3.363279286700335,-3.388320074676668,0.9504435859334781,3.5327340381610193,1,0.05157027226250867,MINER_BURN_ONLY,427.8772726059833,427.3817816469538,0.00016784924086366004,0.011009067433668064,-0.006058820872107482,5DhsVYew...,410.403555213,0.0,,,False,4474225,0.3447591722117087,61,5DhRJtUe...,,5.331366114279953,5.331366114279953,0.0,,COUNTER,189092.127875707,170981.9854291,0.0,DIVERGENT,-0.9101585727035426,0.32977828006943405,1295.967040512703,148158.269613138,0.053582982137294496,148158.269613138,0.053582982137294496,0.0,FORTRESS,True,True,0.5358298213729458,,,16652.808468820007,0.006022661718785648,30.0
113,77,30,115,91,cascade,2026-09-17,9088645,0.007336407,0.007218530401587486,0.01632972251340663,IN BAND,False,False,0.001709512,3880.202630867,1191986.941281053,1.0,528896.846615032,182874.028405361,-0.00013977869327964234,-6696.41187220125,,0.0,,,,1.1578254960865704,-7.684975413082525,0.19867829057978068,-11.32905524614591,-3.4454015424836038,-3.6440798330633846,2.204722139972133,4.801905329149955,1,0.0,,0.0,0.0,1.5259021896585345e-05,0.0032552392115108796,-0.5562897189985669,5HEe7NjS...,408182.924433087,0.5605792829009547,BUYBACK_GAMING,,False,7633645,0.5161290322580645,0,5FcCsoB2...,0.0,0.6573937514855259,0.6573937514855259,0.24904243793013994,,COUNTER,399376.775480423,9542.545852108,0.0,DIVERGENT,1.0,0.0,1295.967040512703,57367.707350911,0.04812779852206832,57367.707350911,0.04812779852206832,0.0,DORMITORY,False,True,0.48127798522068393,,,36917.409776763,0.030971320656488985,30.0
114,78,10,116,114,SOMA,2026-09-17,9088645,0.017496875,0.017256334889680147,0.013939235176972731,IN BAND,False,False,0.005410283,7599.029411327,1756692.701269729,1.0,434307.968644234,229176.139022603,-0.00033109223172571404,-17165.416184653586,,0.0,,,,1.8710578620483462,19.92877435985067,0.16959402798650156,16.188099942356327,-3.5710803895078427,-3.7406744174943443,1.4959930089653666,5.61173227954269,1,0.0,,0.0,0.0,0.00035095750362390543,0.004325759084576636,-0.7527696183131767,5FHrQMjz...,1108370.945599058,0.27778509596907247,BUYBACK_GAMING,,False,7312241,0.09993588960801081,29,5FeYJbEu...,0.013550011444266423,0.5573438337734418,0.5497918184474203,0.001693828969053287,,COUNTER,373811.447473431,13816.272943106,0.0,OK,0.0,0.0,1295.967040512703,146039.760277138,0.08313335631871252,146039.760277138,0.08313335631871252,0.0,DORMITORY,False,True,0.8313335631871253,,,35444.609097614986,0.020176897798912578,30.0
115,79,4,9,64,Chutes,2026-09-17,9088645,0.07069088,0.06985222455114126,0.01200613801847823,IN BAND,False,False,0.00963245,202389.352552054,3353795.61371824,1.0,2863019.292561741,5013389.20427973,0.006078987608972017,-28015.215190371033,DISTRIBUTING_PRE_EMA,0.0,,0.08599394446599076,0.08599394446599076,0.12507613805172527,0.6435084891858185,0.14607467922481845,-3.2139944552175495,-3.711428265178549,-3.8575029444033677,0.7835897898042824,3.982579082455093,1,0.0,,0.0,0.0,0.00012207217517357094,0.060346358533062715,-0.1463345974323319,5FRYKhbm...,697200.871230798,0.04964485335592138,,,False,4531295,0.33876112136981706,254,5CXtLcdf...,,19.178946239504718,19.178946239504718,0.0,,COUNTER,274207.517615115,0.0,0.0,OK,0.0,0.0,1295.967040512703,771400.919802522,0.23000832747446284,771400.493449656,0.23000820034898617,0.4263528661103919,DORMITORY,True,True,2.3000820034898624,0,,14343.03401989399,0.004276657158601371,30.0
116,80,71,117,60,Bitsec.ai,2026-09-17,9088645,0.004437642,0.0043687401339411736,0.01577156432892892,IN BAND,False,True,2.2135e-05,7340.709380396,4028378.261471859,1.0,1654191.399961504,953487.011653833,0.00042835187573598795,-38429.70075547043,DISTRIBUTING_PRE_EMA,0.0,,,0.09652691130469468,0.007924408525877636,3.37476276965084,0.1918873660019685,-0.8033390254084876,-3.986214429057359,-4.1781017950593276,0.6523717062855464,4.186026203585206,1,0.23023363210139575,MINER_BURN_ONLY,1665.9960243190872,1665.9509796864481,1.5259021896696368e-05,0.0018222492784761243,-0.5893654155796876,5CXLwkK1...,137530.544766759,0.016598774465869753,,,False,4796992,1.0,113,5CXLwkK1...,0.179995422293431,3.9172607603108514,3.212171755525213,0.0,,COUNTER,682318.531822383,0.0,0.0,DIVERGENT,-1.0,1.2854886950113902,1295.967040512703,1057355.902109432,0.2624768165944534,1057355.902109432,0.2624768165944534,0.0,FORTRESS,True,True,2.6247681659445354,0,,9067.483695879999,0.002250901754336989,30.0
117,81,51,118,54,Yanez,2026-09-17,9088645,0.0054171,0.005393587285652757,0.004359383301312033,IN BAND,False,False,0.000183507,9284.709583815,4172993.083433408,1.0,1713963.177411839,910361.483379779,-0.0018134332739084883,-47306.92791034863,,0.0,,,,0.05194092412332033,10.263068025765044,0.0530391634992964,5.457366131335347,-4.7526627309304,-4.8057018944296965,0.6297638044100864,4.857642818553017,1,0.1195723758258375,SKIN_IN_GAME,893.4186493009329,890.0853464856431,0.0011291676203556422,0.002224952066341752,-0.5892724767233848,5FUfruyV...,3667591.916693055,0.3932450637430804,BUYBACK_GAMING,,False,4742549,0.3024090679946838,59,5DUB7kNL...,0.01998931868467231,0.328871728799141,0.32229780700579586,0.8173993987578397,,COUNTER,595784.64612548,0.0,0.0,DIVERGENT,-1.0,0.6868117156231941,1295.967040512703,644081.425659809,0.15434519367328522,644081.425659809,0.15434519367328522,0.0,FORTRESS,True,True,1.543451936732852,0,,13421.258185145996,0.0032162186509313373,30.0
118,82,74,119,82,Compelle,2026-09-17,9088645,0.002007672,0.001994607737287879,0.0065497904514722665,IN BAND,False,True,1.5446e-05,1250.325078786,683476.543501347,1.0,622773.624273597,120317.921720602,0.0004909697292762227,-1772.62598580122,DISTRIBUTING_PRE_EMA,0.0,,,0.24454678317784118,0.032465227394633075,-9.570003008798139,0.07968911715957924,-14.422555473358367,-4.772863347400649,-4.852552464560228,3.8450478293478128,4.885017691954861,1,0.0,,0.0,0.0,0.0,0.0018293606279167587,-0.08881499173333153,5H6h1PUD...,369198.507511648,0.6208389181024743,BUYBACK_GAMING,,False,8026517,0.0,48,5G9hfkx9...,0.009994659342336155,0.8415398613285255,0.8331289570915501,0.03230482817554783,,COUNTER,51466.221683119,7195.897335065,0.0,OK,1.0,0.0,1295.967040512703,744.314271862,0.0010890121671900993,744.314271862,0.0010890121671900993,0.0,NEITHER,False,True,0.01089012167190099,,,34962.81218093299,0.0511543702755676,30.0
119,83,16,120,93,Bitcast,2026-09-17,9088645,0.022132238,0.02133110025897622,0.037557262930525824,IN BAND,False,False,0.003566522,25634.100236239,3947125.733698654,1.0,1158224.536118788,1076608.319103308,-0.0033716791650470626,-58158.447633440606,,0.0,,,,0.3656387284758143,0.1118936616408427,0.45694669898806417,-5.779358596224146,-5.4343055588769245,-5.891252257864989,0.6658009339716251,6.256890986340803,1,0.002247506688698023,,18.87981263687834,18.789723371600246,3.0518043793392735e-05,0.006494371338968867,-0.7065650866862688,5EbY1Seb...,2230010.882273212,0.1743455098107703,,,False,5370681,0.035264675812186175,158,5HVydkt4...,0.179995422293431,0.9433409507916904,0.7735438979872534,0.0,,COUNTER,1087591.879733881,0.0,0.0,OK,-1.0,0.01449861206668247,1295.967040512703,427930.957620956,0.10841584142290885,427930.957620956,0.10841584142290885,0.0,DORMITORY,True,True,1.0841584142290885,0,,31233.25966572899,0.007912912274132667,30.0
120,84,24,3,69,Herald,2026-09-17,9088645,0.00809499,0.00767336948774755,0.05494594166561016,IN BAND,False,False,0.002034419,4263.051829593,1336926.461539842,1.0,526628.379426026,78577.840739621,0.0011393261345515797,-18045.478688516538,DISTRIBUTING_PRE_EMA,0.0,,0.14074460061736702,0.14074460061736702,1.2541374925086084,0.4315130382125828,0.6685089569315903,-5.9368425723757445,-5.699846653656738,-6.368355610588328,1.9657027335468613,7.622493103096936,1,0.0,,0.0,0.0,4.57770656900891e-05,0.0031886958275049115,-0.6060902079551782,5HBPFVcJ...,684459.053427581,0.02249333636281675,,,False,8138182,1.0,155,5FLBpbxv...,0.0,0.6066369073341036,0.6066369073341036,0.004349020325947629,,COUNTER,382933.064009199,4110.268380516,0.0,OK,0.0,0.0,1295.967040512703,485.813350565,0.0003633807576861416,485.813350565,0.0003633807576861416,0.0,NEITHER,False,True,0.0036338075768614156,,,23985.078949477997,0.017940462425923204,30.0
121,85,41,121,41,Almanac,2026-09-17,9088645,0.005172986,0.0050655254162848,0.02121410414203689,IN BAND,False,False,0.000543464,12743.520650248,3284608.949505955,1.0,2463474.45344966,1590034.143131257,-0.002647854639532984,-53104.00717121223,,0.0,,,,0.11207447542937875,4.459413123511154,0.2581049337281155,-2.360106256121445,-6.561414445904483,-6.819519379632599,0.8000952443350321,6.931593855061977,1,0.0,,0.0,0.0,0.0007934691386282111,0.003879767986434056,-0.24999449323194456,5FCSevLk...,1522.681175232,0.0,,,False,3394182,0.0,228,5HbScNss...,0.0899977111467155,0.4989198514645736,0.4540182067871027,0.01451199414026735,,COUNTER,1036258.31472266,0.0,0.0,OK,0.0,0.0,1295.967040512703,271111.945633162,0.0825400983194485,271111.945633162,0.0825400983194485,0.0,DORMITORY,True,True,0.8254009831944851,,,9322.057007131001,0.0028381025414100365,30.0
122,86,38,122,105,Beam,2026-09-17,9088645,0.006384603,0.0059196006041020155,0.07855300162915702,IN BAND,False,False,0.00092316,5029.562533345,2117023.421977053,1.0,787764.321435883,549643.375044402,-0.0010888053840733777,-57941.31530820299,,0.0,,,,0.4823609337622656,5.343969111963779,0.955728186488077,-5.973108754680715,-10.361349680156417,-11.317077866644494,1.2413655761757016,11.79943880040676,1,0.0,,0.0,0.0,0.001663233386739904,0.0023757708493597936,-0.627890590948287,5G3ic2pA...,2095085.519607799,0.5262378821551881,BUYBACK_GAMING,,False,6841399,0.0,170,5E2LP6En...,0.0,1.3671166176040934,1.3671166176040934,0.00578343404748825,,COUNTER,452240.813141888,1869.377328683,0.0,OK,0.0,0.0,1295.967040512703,181304.059840297,0.08564102690511576,181304.059840297,0.08564102690511576,0.0,DORMITORY,False,True,0.8564102690511611,,,16209.327116477998,0.0076566593209159576,30.0
123,87,82,123,16,kenju,2026-09-17,9088645,0.001082103,0.0010827183723449707,-0.0005683586431048186,IN BAND,False,True,1.354e-06,349.741170944,441979.754476206,1.0,323204.794160851,60171.216124265,0.000900611716787907,-8611.052067537443,DISTRIBUTING_PRE_EMA,0.0,,,0.8322791053974593,0.010174129601029305,-13.804108057359862,-0.006915030157775292,-27.344997726333823,-13.547804699131737,-13.54088966897396,5.945973708941635,13.55106379857499,1,0.0,,0.0,0.0,0.0,0.000791305862773016,-0.268733325041132,5FkKY8WJ...,643926.733734387,1.4899896271140542,BUYBACK_GAMING,,True,8460646,1.0,1,5E2LP6En...,0.0,0.9182456463755121,0.9182456463755121,0.456602679525132,,COUNTER,63578.799840379,0.04568655,0.0,OK,0.0,0.0,1295.967040512703,7333.737256624,0.01659292576718876,0.0,0.0,7333.737256624,NEITHER,False,False,0.13613812579178963,,,42573.18581602702,0.09632383697411857,30.0
124,88,49,124,66,conjectures,2026-09-17,9088645,0.004531695,0.004124268190935254,0.09878766127775847,IN BAND,False,False,0.000258319,8253.4802172,3977137.730667636,1.0,1821278.687244178,1394223.94424551,-0.005772511456838813,-211872.87710049865,,0.0,,,,0.08225164586755436,37.05889287535727,1.2019165455460612,15.818982182532142,-20.03799414727907,-21.23991069282513,0.6607767137998617,21.322162338692685,1,0.0,,0.0,0.0,0.0,0.0020752311778286093,-0.5420629195414498,5CJCRGep...,1166581.380744767,0.023951613791319323,,,False,4958013,1.0,155,5G9hfkx9...,0.009994659342336155,0.2886059861827588,0.28572146766670314,0.022172373802111945,,COUNTER,876389.726869251,0.0,0.0,OK,0.0,0.0,1295.967040512703,392806.591766313,0.09876615253663171,392806.591766313,0.09876615253663171,0.0,DORMITORY,True,True,0.987661525366317,,,11380.476411380998,0.0028614740504525034,30.0
125,89,77,125,47,Feval,2026-09-17,9088645,0.002200594,0.0016484407242387533,0.3349548865436033,PREMIUM,False,True,7.24e-06,1116.861381562,1494836.338008772,1.0,507527.184991048,53122.432547783,1.9567391779975152e-05,-163187.51399658545,DISTRIBUTING_PRE_EMA,0.0,,,0.008891868186487444,0.017035883158024456,-10.217147611268487,4.075284452947173,-57.16303037358917,-42.87059830937351,-46.945882762320686,1.758051990829098,46.96291864547871,1,0.0,,0.0,0.0,0.0,0.0007471462615430786,-0.6604797334069444,5GBmFsPk...,942598.791831958,0.6929678078427253,BUYBACK_GAMING,,False,7340355,0.0,14,5GEjD3RL...,0.179995422293431,1.5894034739359633,1.3033181244502132,0.017182707420915294,,COUNTER,682725.854146639,52.790049364,0.0,OK,1.0,0.0,1295.967040512703,85432.217862185,0.057151552775327075,1082.01056104,0.0007238321236432577,84350.207301145,NEITHER,False,False,0.6441935878144266,,,22240.78922173401,0.014878410870958834,30.0
126,126,126,126,59,SN59,2026-09-17,9088645,0.005123182,0.0,,N/A,False,True,0.0,530.383656822,4.39112585,0.0,103526.212630519,1.322987771,,,,,,,,,0.013071605207964927,,0.013071605207964927,,,0.0,,,,,,,0.0,120.78534638719135,,5GzrQ2fe...,376022.43396156,,,,True,8938771,1.0,0,5FKjMupT...,,0.0,0.0,0.0,,,0.0,0.0,,NO_ESTIMATE,,,,0.0,0.0,0.0,0.0,0.0,,False,,,,,4.39112585,1.0,30.0
127,127,127,127,76,Ormas,2026-09-17,9088645,0.004978774,0.0,,N/A,False,True,0.0,462.53167138,4.518517305,0.0,92900.709745664,1.955342274,,,,,,,,,0.007971195391760298,,0.007971195391760298,,,0.0,,,,,,,0.0,102.36359410822263,,5CLWmDjL...,486217.481158981,,,,True,9003844,1.0,0,5CqaQ34d...,,0.0,0.0,0.0,,,0.0,0.0,,NO_ESTIMATE,,,,0.0,0.0,0.0,0.0,0.0,,False,,,,,4.518517305,1.0,30.0
128,128,128,128,86,SN86,2026-09-17,9088645,0.005990358,0.0,,N/A,False,True,0.0,709.229148801,3.755417312,0.0,118395.101582263,2.103488762,,,,,,,,,0.00330790625847102,,0.00330790625847102,,,0.0,,,,,,,0.0,188.85495003038426,,5F4XAWGz...,280462.245695096,,,,True,8693284,1.0,0,5F1N5GEH...,,0.0,0.0,0.0,,,0.0,0.0,,NO_ESTIMATE,,,,0.0,0.0,0.0,0.0,0.0,,False,,,,,3.755417312,1.0,30.0
