combined_apy_rank,real_apy_rank,emission_rank,epr_rank,netuid,name,date,block,spot_price,moving_price,momentum_30d,ema_band,ema_lag_flag,low_emission,tao_emission,tao_reserves,alpha_outstanding,alpha_out_emission,alpha_in_pool,volume,ema_tao_inflow,pool_growth_real,pool_ema_divergence,flow_momentum,flow_price_divergence,emission_price_ratio,emission_price_ratio_raw,emission_apy,price_apy_7d,price_apy_30d,combined_apy_7d,combined_apy_30d,real_apy,gross_emission_rate,net_supply_delta,supply_days_gap,supply_defence,supply_defence_quality,burned_tokens,manual_burn,miner_burn_rate,liquidation_price,liquidation_haircut,owner_coldkey,owner_stake,owner_inflow_pct,owner_inflow_flag,large_entry_anomaly,immune,registered_at,vali_miner_share,best_validator_uid,best_validator_hotkey,best_validator_take,best_validator_raw_apy,best_validator_apy,best_validator_div_pct,best_validator_trust,burned_source,alpha_burned_cum,alpha_recycled_cum,recycled_tokens,recon_flag,recon_gap_relative,burn_coverage,owner_cut_emission,total_locked_alpha,locked_float_ratio,owner_locked_alpha,owner_lock_ratio,community_locked_alpha,commitment_class,gate_eligible,leader_is_owner,leader_pct_of_threshold,leader_blocks_to_threshold,governance_flag,basket_alpha,basket_share,ema_halving_days
1,1,65,11,45,AlphaRidge.ai,2026-09-02,8980785,0.002635263,0.0026932484470307827,-0.021529928698078203,IN BAND,False,True,1.005e-06,6504.718919269,3167030.33248086,1.0,2468337.07405741,744436.590662598,-0.0007759101295867152,96792.24456488108,ACCUMULATING_PRE_EMA,0.0,,,,0.0004060344547980577,-0.0038580987224391306,-0.2619474658266181,10.101059482072367,9.842970114968189,10.104917580794806,0.8297994411507211,-10.104511546340008,1,0.2695769075678205,MINER_BURN_ONLY,1947.0548127060756,1941.694501422029,0.0018158236057068677,0.0020538858919527925,-0.22061445405912333,5FbcZiAH...,917.231765369,,,ENTRY_REPEATED,False,3633154,0.6593341078635195,55,5E2LP6En...,0.0,0.3681110216725715,0.3681110216725715,0.24018373544537533,,COUNTER,1051739.209716537,0.0,0.0,DIVERGENT,-0.7013008198659556,1.4982591691945089,1295.967040512703,111021.619904628,0.035055433086951325,111019.200205241,0.03505466905909779,2.4196993869991275,FORTRESS,True,True,0.3505466905909779,,,10980.869305428,0.0034672447538026106,30.0
2,2,41,8,18,Zeus,2026-09-02,8980785,0.004308301,0.0044789297971874475,-0.03809588560521636,IN BAND,False,False,0.000240019,10487.620731215,3208294.352394441,1.0,2434282.310692162,870801.73128651,0.00033872464815844845,81018.08958054753,,0.0,,0.07862139812386565,0.07862139812386565,0.06014423558649463,1.9998866897386607,-0.46349994153013235,10.203314302113197,7.739927670844404,8.203427612374536,0.819126835428504,-8.143283376788041,1,0.018356197771905215,MINER_BURN_ONLY,140.29338849999476,139.52762974513095,0.00025940337224383825,0.0032689085162612313,-0.24125345089369762,5GgvCi6h...,2735109.048109749,,,,False,1604679,0.1762874324613084,84,5DCSySUE...,0.179995422293431,0.37988097510669655,0.31150413857112635,0.7880970547840683,,COUNTER,336329.299165658,30745.295806132,0.0,DIVERGENT,-1.0,0.10766294618876406,1295.967040512703,472285.796249436,0.1472077510272571,375000.0,0.11688453701890753,97285.79624943598,DORMITORY,True,True,1.1688453701890753,0,,13130.865414075008,0.004092786998884647,30.0
3,3,53,12,6,Numinous,2026-09-02,8980785,0.002838999,0.0029037478379905224,-0.02229836804125885,IN BAND,False,True,9.5803e-05,8268.375535984,2774342.211142183,1.0,2912425.557855013,694922.954148572,-0.004023880888700968,48537.26685514394,ACCUMULATING_PRE_EMA,0.0,,,,0.03044978822070851,-0.08771816575716979,-0.27129681116864934,5.284135929823553,5.100557284412074,5.371854095580723,0.9472515645134006,-5.341404307360015,1,0.0,,0.0,0.0,0.001907377737087046,0.002980301241417493,0.04977185318398951,5CfSg4e2...,63642.74252417,,,,False,3219949,0.11576211588442142,163,5DydwY1R...,,0.3188713627879166,0.3188713627879166,0.006592400427285213,,COUNTER,185360.665463109,0.0,0.0,DIVERGENT,1.0,0.0,1295.967040512703,662466.459537209,0.23878325351380314,662466.459537209,0.23878325351380314,0.0,DORMITORY,True,True,2.387832535138031,0,,9087.489445106998,0.003275547410341179,30.0
4,4,43,3,82,Compelle,2026-09-02,8980785,0.003381321,0.0034948447719216347,-0.032483208648839,IN BAND,False,False,0.000195451,1611.358483081,718447.764442837,1.0,476547.148168758,114621.893880838,0.0004909697292762227,17472.755313404836,,0.0,,0.14520056784795726,0.14520056784795726,0.3187653358288616,1.7442398982391565,-0.3952123718942078,7.034804676891377,4.895352406758013,5.290564778652221,3.6578859731549707,-4.971799442823359,1,0.0,,0.0,0.0,0.0,0.0022428331784574815,-0.3366991248516537,5H6h1PUD...,376568.319294766,,,,False,8026517,0.0,5,5E2LP6En...,0.0,0.7596994135543511,0.7596994135543511,0.44756600030520377,,COUNTER,51466.221683119,7195.897335065,0.0,DIVERGENT,1.0,0.0,1295.967040512703,744.314271862,0.0010360033236921863,744.314271862,0.0010360033236921863,0.0,NEITHER,False,True,0.010360033236921862,,,34340.710802732,0.04779847958656193,30.0
5,6,24,13,19,blockmachine,2026-09-02,8980785,0.010281549,0.010405122069641948,-0.011876176830494486,IN BAND,False,False,0.001431741,32428.543862203,2719739.636621641,1.0,3154052.20317933,1671811.632991143,-0.008205630128196056,44234.80319054471,ACCUMULATING_PRE_EMA,0.0,,,,0.11602788469282785,-2.1780126640639925,-0.14449348477101623,2.724829507459274,4.75834868675225,4.902842171523266,0.966268963621975,-4.786814286830438,1,0.0,,0.0,0.0,0.00019836728465705278,0.011923400102549716,0.15968908017164699,5FWh37Lf...,1267985.276655269,,,ENTRY_REPEATED,False,1956072,0.0,20,5ChmduXv...,0.0,0.4325698999659389,0.4325698999659389,0.021577573972623647,,COUNTER,1006514.180053119,0.0,0.0,DIVERGENT,1.0,0.0,1295.967040512703,169492.989899939,0.062319564570701654,169492.989899939,0.062319564570701654,0.0,DORMITORY,True,True,0.6231956457070165,,,16895.457972457993,0.006212160070382656,30.0
6,5,17,14,118,Ditto,2026-09-02,8980785,0.009338043,0.009863307466730475,-0.05325439448199532,IN BAND,False,False,0.002298671,6848.671961026,2176672.897225746,1.0,733416.267008176,744792.536909147,-0.0019519015973399523,33403.434557034285,ACCUMULATING_PRE_EMA,0.0,,,,0.8820552980749002,-8.556884102385675,-0.6479284661976097,-3.6212045120768286,4.287751124111237,4.935679590308847,1.2073472331784385,-4.0536242922339465,1,0.0,,0.0,0.0,4.57770656900891e-05,0.003146394651100263,-0.6630563115740351,5HGXqHbQ...,1750161.547136971,,,ENTRY_REPEATED,False,5724794,0.7908044924616981,28,5DPQjF6B...,0.0,0.4286739913295358,0.4286739913295358,0.09005173282058325,,COUNTER,320927.826926128,1788.13704218,0.0,OK,1.0,0.0,1295.967040512703,113142.97110809,0.05197977668224523,87658.865003674,0.040271951341608846,25484.106104416,DORMITORY,True,True,0.4027195134160886,,,20452.228855971996,0.009396096621609593,30.0
7,7,51,15,21,AdTAO,2026-09-02,8980785,0.003440422,0.0035587826278060675,-0.03325874046964061,IN BAND,False,False,0.000109227,7506.340729445,3696512.954489328,1.0,2181807.721924856,583685.899045035,-0.0017317969702688176,53276.698453083634,ACCUMULATING_PRE_EMA,0.0,,,,0.0382408108486202,-5.885261270314417,-0.4046480090472941,-1.3725199322853943,4.108093328981728,4.512741338029023,0.7109402922038609,-4.474500527180402,1,0.05976791291933792,MINER_BURN_ONLY,444.44164601992816,443.9911996935377,0.00015259021896696368,0.002030654517341465,-0.4097658608910578,5HjCYVfr...,1949359.790085956,,,ENTRY_REPEATED,False,3156578,0.9580007630675315,42,5FWwbaQD...,,16.063463392749508,16.063463392749508,0.0,,COUNTER,829102.339449868,0.0,0.0,DIVERGENT,-0.9336318466995391,0.34259451499467797,1295.967040512703,5839.628796876,0.0015797668961998112,5839.628796876,0.0015797668961998112,0.0,EXPOSED,True,True,0.015797668961998114,,UNDEFENDED_BURNER,9772.628281662008,0.002643742468099126,30.0
8,10,33,16,50,Synth,2026-09-02,8980785,0.005532546,0.00558104389347136,-0.008689753099432224,IN BAND,False,False,0.000798597,11883.83098467,3485083.989020856,1.0,2147985.970930112,1217579.395895594,-0.0056701551055483215,43066.07624395285,ACCUMULATING_PRE_EMA,0.0,,,,0.17660238678144402,8.89537871373521,-0.1057253293764254,12.81790306826677,3.8167990251551345,3.92252435453156,0.7540707794357472,-3.7459219677501157,1,0.0,,0.0007434010040014982,0.0,0.002319371328297848,0.0034099123642666626,-0.3836630794815511,5DxyiWpG...,2333667.143476371,,,,False,4763204,0.01275560925622865,205,5CZbbBSr...,,11.533697153062763,11.533697153062763,0.0,,COUNTER,467621.572868768,0.0,0.0,DIVERGENT,0.9999994327442404,0.0,1295.967040512703,212500.00519846,0.060974141761835264,212500.00519846,0.060974141761835264,0.0,DORMITORY,True,True,0.6097414176183525,,,11751.068038056,0.00337181774530418,30.0
9,9,9,17,114,SOMA,2026-09-02,8980785,0.012774005,0.013098121853545308,-0.024745292276967076,IN BAND,False,False,0.004045539,6052.376264687,1576462.052796836,1.0,473804.263584112,211499.444123374,-0.00033109223172571404,19442.762035810272,ACCUMULATING_PRE_EMA,0.0,,,,1.756611953230872,6.6772126631738695,-0.3010677227030994,10.72907365559044,3.7507932697134714,4.051860992416571,1.6670239510920084,-2.295249039185699,1,0.0,,0.0,0.0,9.15541313801782e-05,0.003839214685789199,-0.6994509798775561,5FHrQMjz...,1022138.466258959,,,,False,7312241,0.6498496848723466,5,5E2LP6En...,0.0,0.5588285500065949,0.5588285500065949,0.29488333765698677,,COUNTER,373811.447473431,13816.272943106,0.0,OK,1.0,0.0,1295.967040512703,146039.760277138,0.09263766293520713,146039.760277138,0.09263766293520713,0.0,DORMITORY,False,True,0.9263766293520713,,,25129.251351615992,0.015940283057897672,30.0
10,8,58,18,60,Bitsec.ai,2026-09-02,8980785,0.005008822,0.005245519336313009,-0.0451237181940083,IN BAND,False,True,6.4416e-05,7795.010454183,4017646.696940571,1.0,1556255.997691314,926001.437966506,0.00042835187573598795,53825.310334921815,,0.0,,,0.08551948456862471,0.021717129052618172,-3.453272799329873,-0.549005238027101,0.7493466219338196,3.653614183236592,4.202619421263693,0.6541142609680478,-4.180902292211075,1,0.20239199055969143,MINER_BURN_ONLY,1476.0082365629496,1475.9631919303106,1.5259021896696368e-05,0.001940193113575388,-0.6126448267526001,5CXLwkK1...,117673.748680974,,,,False,4796992,1.0,113,5CXLwkK1...,0.179995422293431,4.578276908622071,3.754208023078377,0.0,,COUNTER,659978.750275072,0.0,0.0,DIVERGENT,-0.9858401485667779,1.1388894514990122,1295.967040512703,1063510.90136782,0.2647099114458425,1063510.90136782,0.2647099114458425,0.0,FORTRESS,True,True,2.647099114458426,0,,9159.459876796998,0.0022798072025028747,30.0
11,11,29,10,67,Harnyx,2026-09-02,8980785,0.005477384,0.005566004430875182,-0.015921732002870084,IN BAND,False,False,0.001043479,3247.285874586,921146.586960873,1.0,592853.427061578,67436.052147402,0.00015566218436049352,14221.291549013811,,0.0,,0.028419074572915377,0.028419074572915377,0.8444784099427692,-0.7214545066027023,-0.19371440603491935,2.571634568557224,3.0993746691250066,3.293089075159926,2.852966115491484,-2.448610665217157,1,0.0027167438415736586,MINER_BURN_ONLY,26.62027798499912,23.286975169709592,0.0011291676203555312,0.0035252650561293703,-0.35639621831710716,5HEAv3TU...,1035206.997543465,,,ENTRY_REPEATED,False,7236936,0.0018026000213867688,246,5HGnF3Wr...,0.0,1.020292774179657,1.020292774179657,0.010071722875019076,,COUNTER,277619.011459304,6279.314248273,0.0,DIVERGENT,0.9534314397993264,0.01796880201559519,1295.967040512703,522.283347221,0.0005669926530848501,522.283347221,0.0005669926530848501,0.0,NEITHER,False,True,0.005669926530848502,,,28455.541973133008,0.03089143723260812,30.0
12,13,52,19,106,Nodexo,2026-09-02,8980785,0.002962273,0.002979509998112917,-0.005785178812567833,IN BAND,False,False,0.000105871,6619.930845921,2514092.005937855,1.0,2234746.825875715,357644.68176767,-0.0008091572467977437,27386.341276884545,ACCUMULATING_PRE_EMA,0.0,,,,0.04202898708095059,-2.985870663567475,-0.07038634221957529,-0.06740032880745028,2.8480839925404493,2.9184703347600247,1.0453078064737145,-2.8764413476790742,1,0.0,,0.0,0.0,0.00015259021896696368,0.002633129905463227,-0.11111166814698475,5CTdHCps...,1198426.001796192,,,,False,5558480,0.23534528805799315,31,5E4vCZrj...,0.0,0.4363896947476337,0.4363896947476337,0.033863386643877426,,COUNTER,838637.534343767,0.0,0.0,DIVERGENT,1.0,0.0,1295.967040512703,302129.202441249,0.12017428229661901,302129.202441249,0.12017428229661901,0.0,DORMITORY,True,True,1.2017428229661904,0,,11528.757136479999,0.004585654426827279,30.0
13,14,31,20,81,Reliquary,2026-09-02,8980785,0.006822528,0.006925955647602677,-0.014933339580145564,IN BAND,False,False,0.001032069,18854.00829121,2568057.526097159,1.0,2763492.844071441,901151.312965927,-0.010295262693937652,26941.1568606901,ACCUMULATING_PRE_EMA,0.0,,,,0.14385680170006615,1.7121439043018636,-0.18168896489177103,4.489755304534125,2.5959224353404897,2.777611400232261,1.0233415619758095,-2.6337545985321946,1,0.0007005325260914125,MINER_BURN_ONLY,6.5725929220207036,5.806834167156893,0.00025940337224383825,0.0073417390769527045,0.07610244720911442,5GnpQR4N...,59352.538780759,,,,False,5203057,0.048475228181568464,161,5E2LP6En...,0.0,0.468607535608858,0.468607535608858,0.822102179088079,,COUNTER,851963.569703698,0.0,0.0,OK,0.50595586202427,0.004480695870829884,1295.967040512703,520603.95812013,0.20272285680115784,515752.619724543,0.20083374865374032,4851.338395586994,DORMITORY,True,True,2.0083374865374033,0,,10952.007190981998,0.004264704773816521,30.0
14,15,67,21,65,True Performance Network,2026-09-02,8980785,0.002869673,0.002886515576392412,-0.005834916163335608,IN BAND,False,True,3.79e-07,6491.694296899,3536849.638167463,1.0,2262172.022552498,294176.756027054,-0.00012719120635281114,29889.70477186516,ACCUMULATING_PRE_EMA,0.0,,,,0.0001534286666080044,-0.9303885281559318,-0.07099147998724989,1.4185553864196265,2.2779524345883084,2.348943914575558,0.7430341317426312,-2.34879048590895,1,0.30744585167390986,MINER_BURN_ONLY,2214.0381752699614,2213.9030413720443,4.57770656900891e-05,0.001835445371170068,-0.3603991217222074,5GxEEHxL...,1528630.303505306,,,,False,4950813,0.7500305194408838,0,5DAmVrUg...,0.179995422293431,0.8628538074422794,0.7075440719942114,0.4741637162739592,,COUNTER,996851.895044478,0.0,0.0,DIVERGENT,-0.9014561543669783,1.7083019646056683,1295.967040512703,171794.150223016,0.04857264735518335,171794.150223016,0.04857264735518335,0.0,FORTRESS,True,True,0.48572647355183346,,,10764.812177899,0.0030436160083628944,30.0
15,12,49,22,76,Phylax,2026-09-02,8980785,0.002870121,0.0030559892766177654,-0.06082098456296826,IN BAND,False,False,0.000116792,1212.868951545,1210897.608710363,1.0,422584.592061231,68224.905615218,-0.0004971316610077797,16410.401351806417,ACCUMULATING_PRE_EMA,0.0,,,,0.25306062588956646,3.6706635500569744,-0.7399886455161138,6.644912365301358,2.2342601697282696,2.9742488152443833,2.170290849611048,-2.721188189354817,1,0.0,,0.0,0.0,0.0001831082627603564,0.0010016280012615903,-0.6510154097121374,5FFNhWd8...,821777.362091619,,,,False,7574784,0.7578407582070418,130,5CVautuH...,,18.13535341063696,18.13535341063696,0.0,,COUNTER,475840.83810665,7026.080961259,0.0,DIVERGENT,1.0,0.0,1295.967040512703,56651.148490303,0.046784425109764584,56651.148490303,0.046784425109764584,0.0,DORMITORY,False,True,0.4678442510976459,,,28803.552674871004,0.023786943229285526,30.0
16,18,64,23,74,Gittensor,2026-09-02,8980785,0.003959207,0.003960095811635256,-0.0002244419522992844,IN BAND,False,True,6.402e-06,6599.751501836,3478159.946660013,1.0,1666937.399126958,348444.866895134,-0.0012658894502273344,22495.695128735388,ACCUMULATING_PRE_EMA,0.0,,,,0.002549255982641099,5.676128503247404,-0.0027307104196412934,7.501243960029045,1.822384746362,1.8251154567816412,0.7555719231726535,-1.8225662007990002,1,0.0,,0.0,0.0,9.15541313801782e-05,0.0018974836129010027,-0.5207414987645247,5D1VXeeS...,216.588029224,,,,False,5086205,0.7385279799783302,195,5E2LP6En...,0.0,0.29221279209022955,0.29221279209022955,0.07700407453188665,,COUNTER,531791.422968235,133795.254328627,2159.2238941569813,OK,0.005320366113505376,0.0,1295.967040512703,378229.609193408,0.10874416789159225,378229.609193408,0.10874416789159225,0.0,DORMITORY,True,True,1.0874416789159225,0,,10311.529325140997,0.0029646507013120233,30.0
17,17,47,24,7,Allways,2026-09-02,8980785,0.003156071,0.0031909062527120113,-0.010917040474756763,IN BAND,False,False,0.000124112,6314.126159789,3176028.422473249,1.0,2000628.460975396,322899.8335561,-0.001063203871299582,22592.31176181091,ACCUMULATING_PRE_EMA,0.0,,,,0.05165660738253281,-1.0747681553203865,-0.13282399244287393,0.8036094162549507,1.7455535791324632,1.8783775715753372,0.8274485144416667,-1.8267209641928044,1,0.0,,0.0,0.0,3.0518043793392735e-05,0.001988057195934046,-0.370084768075862,5CAc19iE...,0.340321952,,,,False,2627691,0.36653289182549253,194,5DtUJ9yt...,0.0899977111467155,0.28400624628385346,0.25844633416693624,0.9237448496871662,,COUNTER,36084.978602376,217031.636543615,730.5931076440029,OK,0.15607522177761954,0.0,1295.967040512703,3211.260531444,0.0010110931340291077,3211.260531444,0.0010110931340291077,0.0,NEITHER,True,True,0.010110931340291077,,,10693.069836674998,0.0033668054608743236,30.0
18,16,18,25,124,Swarm,2026-09-02,8980785,0.011358041,0.01165537629276514,-0.025510569997616177,IN BAND,False,False,0.00192971,12883.828610607,3508590.97246829,1.0,1134335.489711379,292799.904418632,-7.80977163950547e-05,23024.24792826129,ACCUMULATING_PRE_EMA,0.0,,,,0.3936157514409124,-3.2124032358022347,-0.31037860163766345,-1.2695711169618966,1.6324535172026746,1.9428321188403381,0.7490186290228082,-1.5492163673994257,1,0.0,,0.0,0.0,0.00016784924086366004,0.003672080533668831,-0.676697721581668,5HKYqfJr...,2274295.31606488,,,ENTRY_REPEATED,False,5813454,0.0,45,5G9hfkx9...,0.009994659342336155,0.3488997817577542,0.34541264729447,0.00807276167803568,,COUNTER,897004.632666029,6243.286010635,0.0,DIVERGENT,1.0,0.0,1295.967040512703,1000000.110795789,0.2850147305977619,1000000.110795789,0.2850147305977619,0.0,DORMITORY,True,True,2.8501473059776186,0,,12076.120795444003,0.0034418719338345856,30.0
19,19,61,26,123,MANTIS,2026-09-02,8980785,0.00263832,0.0026516159996390343,-0.005014300577777579,IN BAND,False,True,1.2239e-05,6032.114849571,1981022.170895844,1.0,2286346.491590963,547917.753183956,-0.0026115959502149458,15414.02647168329,ACCUMULATING_PRE_EMA,0.0,,,,0.0053321418444623086,2.7743786539994457,-0.06100732369629388,4.2832972130852625,1.4479112353895225,1.5089185590858163,1.3265878790299375,-1.503586417241354,1,0.14218310779345825,MINER_BURN_ONLY,1034.0081473090104,1028.4676574944076,0.0018768596932936532,0.0030449507018102677,0.15412486044538484,5HVuEdEG...,1704076.047674683,,,,False,5794330,0.37947165657677484,158,5Dszzjqs...,0.179995422293431,7.507709019558138,6.1563557641265705,0.0,,COUNTER,289638.923585804,8560.983387542,0.0,DIVERGENT,-0.9861857748346626,0.7935909057436609,1295.967040512703,350656.879907587,0.177008054255655,350656.879907587,0.177008054255655,0.0,FORTRESS,True,True,1.77008054255655,0,,11364.409784356,0.005736639373004526,30.0
20,20,66,27,23,Trishool,2026-09-02,8980785,0.004036241,0.00407292740419507,-0.009007379841163721,IN BAND,False,True,6.16e-07,7262.447152595,4114564.80675928,1.0,1799309.383578419,584868.981279009,3.250270980840306e-05,23160.170343016274,,0.0,,,0.008052717815512766,0.0002229066822774135,1.142935775164274,-0.10958978806749194,2.5542821676118947,1.301756604380129,1.4113463924476208,0.6387066733480058,-1.4111234857653434,1,0.33015486976875363,MINER_BURN_ONLY,2377.523180390941,2377.478135758302,1.5259021896696368e-05,0.0017650583946726215,-0.562697471565097,5CqTRwoF...,1334815.092592761,,,,False,2063528,0.7999969481490524,188,5HKsvivb...,0.0899977111467155,0.9468211327663513,0.8616093979520392,0.3729742102853655,,COUNTER,1138622.431581352,0.055431535,0.0,DIVERGENT,-0.995708527453949,1.834520525165314,1295.967040512703,942170.596928797,0.22898426472248734,942170.596928797,0.22898426472248734,0.0,FORTRESS,True,True,2.2898426472248747,0,,10346.440204762,0.0025145891948925407,30.0
21,22,4,7,64,Chutes,2026-09-02,8980785,0.074189141,0.07432785211130977,-0.001866206373110845,IN BAND,False,False,0.01000749,206278.246646352,3314020.413307186,1.0,2780437.185862942,4973668.685173245,0.006078987608972017,15843.83064187551,,0.0,,0.08193904831668043,0.08193904831668043,0.12749615699947636,-1.0482430417268318,-0.022705510872848614,-0.07623306439166688,0.9493044664623163,0.9720099773351649,0.7929945118767145,-0.8445138203356886,1,0.0,,0.0,0.0,9.15541313801782e-05,0.06224410864159377,-0.16100782671693462,5FRYKhbm...,669125.325863974,,,,False,4531295,0.25167483099085897,194,5FEm1mew...,,18.164592686348726,18.164592686348726,0.0,,COUNTER,274207.517615115,0.0,0.0,OK,1.0,0.0,1295.967040512703,752060.966777659,0.22693311234831803,752060.488284387,0.22693296796379037,0.4784932719776407,DORMITORY,True,True,2.2693296796379046,0,,9693.929602172,0.0029251267020706313,30.0
22,21,28,28,111,Claims,2026-09-02,8980785,0.006256325,0.006377721903845668,-0.01903452450199613,IN BAND,False,False,0.001054474,6550.897199819,3640741.791166844,1.0,1047083.831099069,202121.333661761,-0.0020882893709760026,15026.03200503264,ACCUMULATING_PRE_EMA,0.0,,,,0.4230195631945753,-1.9678164435613712,-0.23158671477428622,-0.8076197803287999,0.928609948458285,1.1601966632325713,0.7218309209337628,-0.7371771000379961,1,0.0,,0.0,0.0,3.051804379350376e-05,0.0017993303495767719,-0.7123981970922592,5CGTryXj...,2187535.612057371,,,,False,5615562,0.0,0,5EyBH8Ek...,0.0,0.34869239259840457,0.34869239259840457,0.7079442104620643,,COUNTER,734491.272679149,0.371911999,0.0,DIVERGENT,1.0,0.0,1295.967040512703,1221.604957048,0.0003355373786770196,1221.604957048,0.0003355373786770196,0.0,NEITHER,True,True,0.0033553737867701963,,,11021.810423859997,0.0030273529560929254,30.0
23,24,46,29,32,ItsAI,2026-09-02,8980785,0.003196558,0.0032028367277234793,-0.0019603645946517324,IN BAND,False,False,0.000139962,7430.094704823,3605687.562782967,1.0,2324404.3847752,304738.487194944,-0.0011755096356559623,14347.212666339241,ACCUMULATING_PRE_EMA,0.0,,,,0.04950409794389859,1.6559950621446384,-0.02385110256826274,2.4285759165648,0.7487297518518989,0.7725808544201617,0.7288485078756072,-0.7230767564762631,1,0.0,,0.0,0.0,0.005203326466773461,0.002060659603875454,-0.3553504726410552,5DWgkCSv...,49528.80482982,,,,False,2515294,0.2510967266926404,218,5DLijuKc...,,5.366148896783915,5.366148896783915,0.0,,COUNTER,17419.272873098,0.0,0.0,DIVERGENT,1.0,0.0,1295.967040512703,634410.218859858,0.17594708576752088,634410.218859858,0.17594708576752088,0.0,DORMITORY,True,True,1.7594708576752087,0,,11494.914805078997,0.003187995244992029,30.0
24,71,71,30,84,SN84,2026-09-02,8980785,0.003202516,0.0030608931556344032,0.04626847039887734,IN BAND,False,True,0.0,1683.338796225,773927.690568715,1.0,525629.990056158,65471.792940373,-0.004139727322791386,-30337.083778281114,,0.0,,,,,20.578986883459677,0.5629330565196743,20.578986883459677,0.5629330565196743,,3.395666070649099,17.984506585519426,1,0.0,,0.0,0.0,0.0002746623941405346,0.0021750595265405365,-0.3208278970220487,5G1hDNpP...,230209.694794166,0.03196241608310938,,,False,8085297,0.6666361402384114,12,5FnzfRne...,0.179995422293431,3.243429427636125,2.6596269781298196,1.0,,COUNTER,43139.508392942,43977.147207747,1184.412784140004,OK,0.008372314942431512,0.0,1295.967040512703,660.436412233,0.000853356741568044,660.436412233,0.000853356741568044,0.0,NEITHER,False,True,0.008533567415680439,,,3085.2781025409995,0.003986519852098593,30.0
25,23,13,31,93,Bitcast,2026-09-02,8980785,0.017112798,0.017474076710641384,-0.020675124450001622,IN BAND,False,False,0.002742035,22214.470340686,3682183.448320713,1.0,1298120.264858612,978558.269516709,-0.0033716791650470626,13109.866781849414,ACCUMULATING_PRE_EMA,0.0,,,,0.32438621625841885,-0.5890304355427088,-0.2515473474750197,0.21373432515840085,0.55121741322609,0.8027647607011097,0.7137069722038207,-0.4783785444426909,1,0.0,,0.0,0.0,1.5259021896696368e-05,0.006032961326469781,-0.6474590931027303,5EbY1Seb...,2422450.971381985,,,,False,5370681,0.879726554155095,155,5H5pBTVG...,0.179995422293431,0.3949589978064975,0.32386818620772667,0.0,,COUNTER,1085835.159306595,0.0,0.0,DIVERGENT,1.0,0.0,1295.967040512703,427930.957620956,0.11621663168795056,427930.957620956,0.11621663168795056,0.0,DORMITORY,True,True,1.1621663168795056,0,,15727.000712591995,0.004271107328931265,30.0
26,25,35,32,33,ReadyAI,2026-09-02,8980785,0.004909472,0.004952708724886179,-0.008729914737146757,IN BAND,False,False,0.000703763,14907.22226481,2229695.360061921,1.0,3036420.578866041,901024.623656193,-0.0054386194078304825,9915.7517690463,ACCUMULATING_PRE_EMA,0.0,,,,0.12406665246857596,-1.574493279228031,-0.10621396263528554,-1.0328990791396113,0.4353802374531343,0.5415942000884199,1.178636349643306,-0.4175275476198439,1,0.0,,0.0,0.0,0.005111772335393283,0.006685766375006498,0.3618096559072948,5HinUfk5...,49094.760777818,,,,False,2943950,0.0,209,5E2LP6En...,0.0,0.4909515034925142,0.4909515034925142,0.43078848178724577,,COUNTER,584226.582883127,0.0,0.0,DIVERGENT,1.0,0.0,1295.967040512703,138809.800536348,0.06225505197826356,138808.045342108,0.06225426478810681,1.755194239987759,DORMITORY,True,True,0.6225426478810682,,,11830.446565125001,0.005305857821221127,30.0
27,72,72,33,100,Cortex,2026-09-02,8980785,0.006298915,0.0060908920131623745,0.03415312344859993,IN BAND,False,True,0.0,3177.023340471,1948022.998968262,1.0,504376.227474957,367337.303527528,-0.001453934361040321,-15789.16259138356,,0.0,,,,,11.775307480703162,0.4155296686246324,11.775307480703162,0.4155296686246324,,1.3490600477468062,4.3678603234402935,1,0.3895021735408389,SKIN_IN_GAME,2804.41564949404,2804.41564949404,0.0,0.0016308962174233354,-0.7410829932737091,5FX6kmhY...,1280089.805120361,0.5631142679566377,BUYBACK_GAMING,,False,6693448,1.0,0,5CUPbFKU...,0.179995422293431,1.3745031859124628,1.1270989045204827,0.6329635450841561,,COUNTER,694319.875727362,1077.059572996,0.0,DIVERGENT,-1.0,2.163955997202346,1295.967040512703,281011.267871125,0.14425459454018663,281011.267871125,0.14425459454018663,0.0,FORTRESS,False,True,1.4425459454018708,0,,21374.28666755,0.010972296876818464,30.0
28,27,5,34,97,Albedo,2026-09-02,8980785,0.023126549,0.023252794053405523,-0.005429242314518077,IN BAND,False,False,0.008630178,12181.645111415,1069464.74705112,1.0,526738.756402696,508395.302943561,-0.0002017478056674679,5007.083428571466,ACCUMULATING_PRE_EMA,0.0,,,,1.861826344189526,-4.5933396564897775,-0.06605578149330327,-4.184492478446069,0.3427913965504049,0.4088471780437082,2.457303999263458,1.4529791661458178,1,0.0,,0.0,0.0,7.629510948348184e-05,0.011390412956578477,-0.5074745930930518,5GnW8owm...,1327618.443160946,10.609501573899239,BUYBACK_GAMING,,False,7735450,0.19999999999999996,28,5E2LP6En...,0.0,0.6433481850536531,0.6433481850536531,0.1920559107625166,,COUNTER,70872.776437572,4583.298014649,0.0,DIVERGENT,1.0,0.0,1295.967040512703,7940.331821389,0.0074245849087435645,7940.331821389,0.0074245849087435645,0.0,DORMITORY,False,True,0.07424584908743566,,,28501.921203193007,0.02665064115650614,30.0
29,28,22,35,62,Ridges,2026-09-02,8980785,0.010871835,0.010901143541559577,-0.002688574959850874,IN BAND,False,False,0.001629211,29981.348996556,2633266.989239409,1.0,2757708.021096035,4368414.760784316,-0.02595581615076601,9600.252199007198,ACCUMULATING_PRE_EMA,0.0,,,,0.14280766714305715,-1.139830792435941,-0.0327109953448523,-0.8121574787977102,0.29496231829337854,0.3276733136382308,0.9979998271117467,-0.18486564649517367,1,0.0027688614430393783,MINER_BURN_ONLY,23.19357371600927,22.923305920174982,9.15541313801782e-05,0.011385609252336311,0.0472573629324131,5DhsVYew...,11900.345210213,,,,False,4474225,0.10360298493796638,165,5HbsMWHU...,,18.637726000085525,18.637726000085525,0.0,,COUNTER,185899.103755379,170778.551517578,0.0,OK,-0.43139047921595614,0.017688185890210754,1295.967040512703,148522.827699973,0.05640249481229862,148522.827699973,0.05640249481229862,0.0,DORMITORY,True,True,0.5640249481229881,,,10740.036673458997,0.004078597695314269,30.0
30,29,30,36,79,MVTRX,2026-09-02,8980785,0.006550112,0.006564130540937185,-0.002135627993647962,IN BAND,False,False,0.001037801,10102.002062267,3505151.708805534,1.0,1542263.869802343,474023.729010471,-0.0051205686723918425,7574.19252722431,ACCUMULATING_PRE_EMA,0.0,,,,0.2699802485872741,-4.655217125489168,-0.025983473922716868,-4.367581095345641,0.2616525562208102,0.28763603014352707,0.7497535679833827,-0.017655781556252963,1,0.0,,0.0,0.0,0.0014801251239795477,0.002882044174261862,-0.5600007794886771,5Fxp7QBG...,3829042.344675635,,,,False,5173967,0.0,0,5EWwdZB7...,0.179995422293431,0.28139830307282115,0.23074789667857382,1.0,,COUNTER,444229.939659842,37317.847662374,0.0,DIVERGENT,1.0,0.0,1295.967040512703,1355085.827207694,0.3865983386121317,1355085.827207694,0.3865983386121317,0.0,DORMITORY,True,True,3.8659833861213175,0,,11187.239139367004,0.003191656187451963,30.0
31,26,57,37,54,Yanez,2026-09-02,8980785,0.003930462,0.0039892978966236115,-0.01474843397215532,IN BAND,False,True,7.4369e-05,7894.496788229,3767295.938632975,1.0,2008541.305484192,865551.764068933,-0.0018134332739084883,11562.842425523093,ACCUMULATING_PRE_EMA,0.0,,,,0.024756705492794826,-9.054161960690982,-0.1794392799945564,-8.618627769096232,0.2560949116001929,0.43553419159474926,0.6975825745597286,-0.4107774861019544,1,0.12242185559434536,MINER_BURN_ONLY,900.3224122000393,898.115225200726,0.000747692072938122,0.002095534016128727,-0.46684791352041394,5FUfruyV...,3374269.913951314,,,,False,4742549,0.31815960663347886,59,5DUB7kNL...,0.01998931868467231,0.3642506692788637,0.3569695465695433,0.8228139783305356,,COUNTER,582332.506979675,0.0,0.0,DIVERGENT,-0.9798810372559305,0.6930077672696203,1295.967040512703,644081.425659809,0.17096650652125953,644081.425659809,0.17096650652125953,0.0,FORTRESS,True,True,1.709665065212595,0,,9330.800649838,0.002476789931513539,30.0
32,73,73,38,30,Endure Network,2026-09-02,8980785,0.00407423,0.003993882331997156,0.020117685330670612,IN BAND,False,True,0.0,9307.870946816,3555006.85455205,1.0,2284571.29318311,408110.496132777,-0.0016359655505931488,-58615.43439197354,,0.0,,,,,7.320980471542034,0.2447651715231591,7.320980471542034,0.2447651715231591,,0.7392390809696884,6.883833662264874,1,0.41000228793722476,MINER_BURN_ONLY,2952.016473148018,2952.016473148018,0.0,0.0026182427566623753,-0.3573650096675015,5HTogQKF...,777.601495857,7.914538221898635e-08,,,False,3250216,1.0,80,5GP7c3fF...,0.0009918364232852674,0.3173416348846652,0.31702688389256173,0.04193371177440029,,COUNTER,772226.445452991,18187.150616168,0.0,DIVERGENT,-0.9965695404960133,2.277848418104953,1295.967040512703,4962.596266974,0.0013959456254267375,4962.596266974,0.0013959456254267375,0.0,EXPOSED,True,True,0.013959456254267375,,UNDEFENDED_BURNER,8755.134584526997,0.002462761660590438,30.0
33,74,74,39,73,Parked,2026-09-02,8980785,0.003394255,0.003335149260237813,0.01772206733499315,IN BAND,False,True,0.0,7160.876333232,3469519.250802221,1.0,2109704.658703572,575503.108197337,-0.0012004820451322843,-36351.19945764681,,0.0,,,,,1.9256103701221583,0.2156184859090833,1.9256103701221583,0.2156184859090833,,0.7574536441590157,4.638829651379258,1,0.41000228793276217,SKIN_IN_GAME,2952.0164731158875,2952.0164731158875,0.0,0.0020639390692460536,-0.39193164059681623,5Fvs6HPW...,1443664.384337148,0.31380935355156686,BUYBACK_GAMING,,False,5160047,1.0,0,5Dnkprjf...,0.179995422293431,1.1181764677966934,0.9169098222770505,0.49821455821761024,,COUNTER,1530946.414982996,0.0,0.0,DIVERGENT,-0.9966124850280917,2.27784841808016,1295.967040512703,988239.71586182,0.28483476943767344,920188.545826082,0.2652207638315644,68051.17003573803,FORTRESS,True,True,2.6522076383156437,0,,9200.806374863992,0.0026518966201834982,30.0
34,75,75,40,72,StreetVision by NATIX,2026-09-02,8980785,0.002637189,0.0026013690512627363,0.013769652837176675,IN BAND,False,True,0.0,6887.239001531,2677471.912135584,1.0,2611583.250683772,234049.833955303,-0.000693472829379333,-23964.453868000768,,0.0,,,,,6.532024208888703,0.16753077618564954,6.532024208888703,0.16753077618564954,,0.9815229015432978,4.296954925989957,1,0.41000228793736215,MINER_BURN_ONLY,2952.0164731490077,2952.0164731490077,0.0,0.002572291784020119,-0.024608481219920392,5FjP8fFb...,0.035837215,5.5666254552002873e-08,,,False,5064327,1.0,228,5E2LP6En...,0.0,0.4003867095593941,0.4003867095593941,0.3409025011826825,,COUNTER,445266.071049404,0.0,0.0,DIVERGENT,-0.9966124850281297,2.2778484181057164,1295.967040512703,432382.427065171,0.1614890617919863,426394.060371803,0.15925248681010662,5988.366693368007,FORTRESS,True,True,1.5925248681010695,0,,9316.914285428993,0.00347974305284036,30.0
35,76,76,41,87,Provenonce,2026-09-02,8980785,0.004012019,0.003961938200518489,0.012640479721505378,IN BAND,False,True,0.0,1657.939328227,1681042.644082973,1.0,413243.118411839,98840.418960642,-0.0004810604927689679,-7834.060850831855,,0.0,,,,,1.355576139865828,0.15379250327831542,1.355576139865828,0.15379250327831542,,1.5633154871175814,3.2915496804599744,1,0.41000228793737026,MINER_BURN_ONLY,2952.016473149066,2952.016473149066,0.0,0.0009862565557528875,-0.7541745052172266,5HartH15...,4227.616821461,1.3695665478840897e-05,,,False,7208725,1.0,1,5E2LP6En...,0.0,0.6450915838699457,0.6450915838699457,0.41708251308580935,,COUNTER,709395.248359714,811.040088965,0.0,DIVERGENT,-0.9966124850281298,2.277848418105761,1295.967040512703,163624.446589299,0.0973350956712689,163624.446589299,0.0973350956712689,0.0,FORTRESS,False,True,0.9733509567126896,,,21991.069511592996,0.01308180348011895,30.0
36,77,77,42,55,NIOME,2026-09-02,8980785,0.003290649,0.003253677161410451,0.011363093741458379,IN BAND,False,True,0.0,7268.874354612,3197310.054163328,1.0,2208948.635492707,551164.102737058,-0.002858824195392448,-2383.010502215009,,0.0,,,,,3.2002883901935726,0.13825097385441026,3.2002883901935726,0.13825097385441026,,0.8219409301822294,1.1111825049223085,1,0.04840025762666806,MINER_BURN_ONLY,348.48185491201,348.48185491201,0.0,0.0022734343030470093,-0.30912281952678355,5GeWUxaF...,1265823.064323276,0.0,,,False,4703386,1.0,119,5DJ5fT17...,0.179995422293431,1.1005336417626879,0.9024426241654854,0.2929148036807008,,COUNTER,320523.782430839,0.0,0.0,DIVERGENT,-1.0,0.2688971586608758,1295.967040512703,14841.866940702,0.004641985509467839,14841.866940702,0.004641985509467839,0.0,EXPOSED,True,True,0.046419855094678386,,UNDEFENDED_BURNER,13562.910288944997,0.0042419753039853805,30.0
37,78,78,43,112,parked,2026-09-02,8980785,0.003416645,0.003381637390702963,0.010352265855967397,IN BAND,False,True,0.0,4187.693905989,2226808.930807999,1.0,1225674.255867039,150685.977769633,-0.0010482548438311206,2483.191676135175,ACCUMULATING_PRE_EMA,0.0,,,,,-0.3041912206490184,0.12595256791426998,-0.3041912206490184,0.12595256791426998,,1.1801641189962484,0.773093704780394,1,0.41000228793429816,MINER_BURN_ONLY,2952.016473126947,2952.016473126947,0.0,0.001880580703648199,-0.4495826450660812,5GyUNPbb...,891891.769192013,,,,False,5633022,1.0,198,5G9hfkx9...,0.009994659342336155,4.26704917949583,4.224401476549774,0.00845401413071676,,COUNTER,977489.721718194,0.0,0.0,DIVERGENT,-0.9966124850282622,2.277848418088694,1295.967040512703,109192.016768061,0.04903519797203284,109192.016768061,0.04903519797203284,0.0,FORTRESS,True,True,0.49035197972032835,,,16231.97672374299,0.0072893441817898615,30.0
38,79,79,44,115,HashiChain,2026-09-02,8980785,0.002759316,0.0027339637745171785,0.00927306561964181,IN BAND,False,True,0.0,3652.330982809,1658698.790186036,1.0,1323636.063268398,156352.243448955,-0.0010310414951094963,-3924.5192450289614,,0.0,,,,,1.7640525093747652,0.11282229837230869,1.7640525093747652,0.11282229837230869,,1.5843744599977971,2.4622712666621167,1,0.4100022882150046,SKIN_IN_GAME,2952.0164751480334,2952.0164751480334,0.0,0.002201925391408384,-0.20200318071276213,5EkNnrTj...,108920.405811086,0.3392279173888541,BUYBACK_JUSTIFIED,,False,5683635,1.0,0,5EhTo9AX...,0.179995422293431,10.535641613637853,8.639274352258862,0.06502663024402155,,COUNTER,919486.918879076,0.0,0.0,DIVERGENT,-0.9966124850302659,2.2778484196482136,1295.967040512703,2942.008322496,0.0017736844928704812,2942.008322496,0.0017736844928704812,0.0,EXPOSED,True,True,0.017736844928704813,,UNDEFENDED_BURNER,16732.649738824995,0.010087816930853552,30.0
39,30,39,45,41,Almanac,2026-09-02,8980785,0.004862,0.004878442035987973,-0.00337034566910528,IN BAND,False,False,0.0002772,12299.49886228,3099574.669286863,1.0,2529719.682163629,1583144.132162998,-0.002647854639532984,8216.971136652399,ACCUMULATING_PRE_EMA,0.0,,,,0.05922855948498043,-0.5167495174207112,-0.04100587230744757,-0.3663230156066728,0.10942062950659082,0.15042650181403838,0.8478582645678412,-0.09119794232905795,1,0.10070537029715923,MINER_BURN_ONLY,768.4901034350041,766.418050333608,0.0007019150072480329,0.003968124718579474,-0.1838492968779363,5FCSevLk...,35412.175599232,,,ENTRY_REPEATED,False,3394182,0.21432607002702742,210,5FCSevLk...,0.179995422293431,6.516760266011583,5.343773249945777,0.0,,COUNTER,1012122.706766857,0.0,0.0,DIVERGENT,-0.7812387989365285,0.5913869923963514,1295.967040512703,258549.369288686,0.08341446710434369,258549.369288686,0.08341446710434369,0.0,FORTRESS,True,True,0.8341446710434368,,,9231.024233219996,0.0029781583662715347,30.0
40,80,80,46,9,iota,2026-09-02,8980785,0.029956303,0.02980045019648969,0.005229880840144719,IN BAND,False,True,0.0,58324.500537154,4028607.697387533,1.0,1946985.914649365,1095051.078875996,0.01301328860220348,-7164.14759106026,DISTRIBUTING_PRE_EMA,0.0,,,0.43440903245649104,,-1.424434074031948,0.0636302168884274,-1.424434074031948,0.0636302168884274,,0.6523345526307271,1.3820826646454587,1,0.0,,0.0,0.0,1.5259021896696368e-05,0.01447758255910006,-0.5167099705494346,5Fsbubec...,11079.054379308,0.07107074000491076,,,False,1489797,0.9900051881466109,76,5GP7c3fF...,0.0009918364232852674,0.3195787638222406,0.3192617939641732,0.007004318566785186,,COUNTER,1143713.917070747,46681.104420658,0.0,OK,0.0,0.0,1295.967040512703,566487.003304132,0.1406160752935777,566487.003304132,0.1406160752935777,0.0,DORMITORY,True,True,1.406160752935777,0,,9482.848434548998,0.0023538773558662526,30.0
41,32,15,47,75,Hippius,2026-09-02,8980785,0.017640029,0.017772214952856302,-0.007437787197991108,IN BAND,False,False,0.002612041,33268.994112787,3581270.106856178,1.0,1885994.25730671,1507136.589838017,-0.01292806119265099,7390.054357757559,ACCUMULATING_PRE_EMA,0.0,,,,0.20633156880933887,-2.481300143687848,-0.09049307757555848,-2.362942871144136,0.02786419496815369,0.11835727254371217,0.7338178695231097,0.0879742962656267,1,0.0,,0.0,0.0,0.0008545052262149966,0.00928971932306782,-0.4733727862313707,5DAQpczE...,1531953.153769149,,,,False,5102795,0.0,173,5GP7c3fF...,0.0009918364232852674,0.30141746112520446,0.3011185043086463,0.010727910880512743,,COUNTER,784604.879643725,0.0,0.0,OK,1.0,0.0,1295.967040512703,552610.236534213,0.15430565694451973,552609.767120331,0.15430552586982613,0.4694138820050284,DORMITORY,True,True,1.5430552586982613,0,,15228.354378809996,0.004252221676788915,30.0
42,31,20,48,105,Beam,2026-09-02,8980785,0.007026243,0.007085687713697553,-0.008389406377963655,IN BAND,False,False,0.001792369,5128.659716298,2044958.101339232,1.0,729929.249434053,528863.935458202,-0.0010888053840733777,4565.540548316902,ACCUMULATING_PRE_EMA,0.0,,,,0.918436003276125,-3.752729184567119,-0.10207111093189114,-3.6250082247967055,0.02564984883852217,0.1277209597704133,1.2851119043851984,0.7907150435057116,1,0.0,,0.0,0.0,0.0014190890363927622,0.002507953445569016,-0.64305910775232,5G3ic2pA...,1561305.554607706,,,,False,6841399,0.0,42,5CFqNvdc...,,4.763235415377114,4.763235415377114,0.22840749557468107,,COUNTER,451650.409847256,1869.377328683,0.0,DIVERGENT,1.0,0.0,1295.967040512703,188673.758918094,0.09226289711976622,188673.758918094,0.09226289711976622,0.0,DORMITORY,False,True,0.9226289711976658,,,16299.781159724003,0.007970716441109168,30.0
43,81,81,49,34,BitMind,2026-09-02,8980785,0.012141348,0.012132074916735291,0.0007643443787110741,IN BAND,False,True,0.0,35103.020428403,2673194.451963356,1.0,2891196.198243623,630937.073414191,-0.0033068888932364145,-3502.8249929621816,,0.0,,,,,-0.002688313166494486,0.009299523274318069,-0.002688313166494486,0.009299523274318069,,0.9830934663469159,1.5931280149419058,1,0.0,,0.0,0.0,0.0009308003356984784,0.01313148783569456,0.08155106300342925,5DthmKBR...,2892462.954660446,2.063987910545077,BUYBACK_GAMING,,False,3493948,0.8457402938571036,72,5E2LP6En...,0.0,0.3532373949129697,0.3532373949129697,0.001693828969053287,,COUNTER,359469.273754254,58226.411706465,0.0,OK,0.0,0.0,1295.967040512703,133269.481076527,0.04985401678454248,133269.481076527,0.04985401678454248,0.0,DORMITORY,True,True,0.4985401678454256,,,9978.164834693003,0.0037326745263010826,30.0
44,82,82,50,35,OxMarkets,2026-09-02,8980785,0.002510257,0.0025086314417421818,0.0006479860814825098,IN BAND,False,True,0.0,7254.182780975,2997046.190101267,1.0,2889816.340930151,789997.917924026,-0.005304274305624786,4116.263481318019,ACCUMULATING_PRE_EMA,0.0,,,,,5.166817158354157,0.007883830658037203,5.166817158354157,0.007883830658037203,,0.8768633625600555,0.38853508356658356,1,0.0,,0.0,0.0,1.5259021896696368e-05,0.002420444104243148,-0.03577836681935445,5EqZVDbW...,9248.54954318,,,,False,3037158,0.0,22,5E2LP6En...,0.0,0.31478112288067667,0.31478112288067667,0.13407599572714787,,COUNTER,266886.343998939,0.0,0.0,OK,0.0,0.0,1295.967040512703,90014.602033713,0.030034439352658596,90014.602033713,0.030034439352658596,0.0,DORMITORY,True,True,0.3003443935265865,,,8786.252182425003,0.0029316372271620296,30.0
45,83,83,51,29,hoτfloaτ,2026-09-02,8980785,0.002792005,0.002791512757539749,0.0001763353790597987,IN BAND,False,True,0.0,8334.194008955,2899159.459600837,1.0,2985020.638872935,204787.618262486,-0.011022358310089313,-260.1095464238897,,0.0,,,,,-0.08891289954579215,0.0021454137785608843,-0.08891289954579215,0.0021454137785608843,,0.9064696290840895,0.9404398957280303,1,0.0,,0.0,0.0,0.0,0.0028746932085282647,0.02961606749567589,5HHHHHzg...,25179.943362105,,,,False,3379782,1.0,19,5GRRRRhL...,0.179995422293431,18.86304909579712,15.467786608057395,0.0,,COUNTER,610829.352749762,0.0,0.0,OK,1.0,0.0,1295.967040512703,3165.974907187,0.0010920320014487575,3165.974907187,0.0010920320014487575,0.0,NEITHER,True,True,0.010920320014487575,,,8379.290138129001,0.002890248106353792,30.0
46,84,84,52,42,Unknown,2026-09-02,8980785,0.002626925,0.0026269308291375637,-2.21899164570413e-06,IN BAND,False,True,0.0,7578.306605314,2691567.872162334,1.0,2884858.013676016,365921.962380726,-0.0007519273179352004,274.7037345357239,ACCUMULATING_PRE_EMA,0.0,,,,,2.8398864112642297,-2.6997731689400247e-05,2.8398864112642297,-2.6997731689400247e-05,,0.9763825862168337,0.9400935968154263,1,0.4100022879544445,MINER_BURN_ONLY,2952.0164732720004,2952.0164732720004,0.0,0.002815573288599923,0.07181335158024042,5EC5HHfL...,90578.836747145,,,,False,3613591,1.0,11,5Gbdb5s2...,0.179995422293431,11.895560280943458,9.754413884758076,0.0,,COUNTER,492634.903152138,0.0,0.0,DIVERGENT,-0.9966124850282708,2.277848418200621,1295.967040512703,5444.016612431,0.0020226191093808167,5444.016612431,0.0020226191093808167,0.0,EXPOSED,True,True,0.020226191093808167,,UNDEFENDED_BURNER,9172.186041861001,0.0034077483747390366,30.0
47,85,85,53,52,Dojo,2026-09-02,8980785,0.006390806,0.006391328759491444,-8.179198897687216e-05,IN BAND,False,True,0.0,18010.010740916,3042727.985378013,1.0,2818112.271883402,765797.567938404,-0.001055169699966047,528.4451600788161,ACCUMULATING_PRE_EMA,0.0,,,,,-1.274897536564116,-0.0009951358658852778,-1.274897536564116,-0.0009951358658852778,,0.8636986324866995,0.8008849530898349,1,0.4100022879395854,MINER_BURN_ONLY,2952.0164731650148,2952.0164731650148,0.0,0.00591903411263315,-0.07382040502666636,5Fv1ZvNP...,11159.983163586,,,,False,3989825,1.0,130,5E2LP6En...,0.0,0.3900733120107967,0.3900733120107967,0.7282160842362276,,COUNTER,1139154.406825125,0.0,0.0,DIVERGENT,-0.996612485028148,2.277848418118068,1295.967040512703,167638.354572778,0.055094755554348854,167638.354572778,0.055094755554348854,0.0,FORTRESS,True,True,0.5509475555434886,,,8566.632007182001,0.00281544457748093,30.0
48,86,86,54,43,Graphite,2026-09-02,8980785,0.004685659,0.004686362808570266,-0.0001501822626661904,IN BAND,False,True,0.0,13375.886142718,3056113.047820716,1.0,2854643.239524946,157500.192427332,-0.0008349041341164327,416.45078988885507,ACCUMULATING_PRE_EMA,0.0,,,,,-2.4316551664140986,-0.0018272175291053165,-2.4316551664140986,-0.0018272175291053165,,0.8599158338969171,0.8108126210007479,1,0.3373726385259665,MINER_BURN_ONLY,2429.4433544480707,2429.0829973869586,0.00012207217517357094,0.004376764188175634,-0.06592345107152826,5HjMs5JD...,2919328.299110929,,,,False,3408582,0.14105635844766284,108,5ERVu5z1...,,11.299301932670359,11.299301932670359,0.0,,COUNTER,908276.242327686,0.0,0.0,DIVERGENT,-0.9958838307624291,1.8743401039165153,1295.967040512703,3451.069241962,0.001129234811658202,3451.069241962,0.001129234811658202,0.0,EXPOSED,True,True,0.011292348116582019,,UNDEFENDED_BURNER,9560.15141275901,0.0031282060784944654,30.0
49,87,87,55,12,Compute Horde,2026-09-02,8980785,0.004882421,0.00488424557261169,-0.0003735628326964529,IN BAND,False,True,0.0,12794.834369976,3497838.847792586,1.0,2620591.719672053,424327.119579887,-0.0016389071287063602,458.8513784920797,ACCUMULATING_PRE_EMA,0.0,,,,,-0.5867616816519519,-0.00454501446447351,-0.5867616816519519,-0.00454501446447351,,0.7513210626208456,0.7037629797083763,1,0.40753806847205126,MINER_BURN_ONLY,2934.499316161964,2934.274092998769,7.629510948348184e-05,0.0036579256297214944,-0.2507967605166587,5ELzhHvg...,1643724.708318304,,,,False,2256433,0.005859911490920133,136,5EHcd8Jp...,,4.694778677039891,4.694778677039891,0.0,,COUNTER,1583757.590760146,0.0,0.0,DIVERGENT,-0.9965922636461613,2.264157961793479,1295.967040512703,3870.537061652,0.0011065509962228867,3870.537061652,0.0011065509962228867,0.0,EXPOSED,True,True,0.011065509962228865,,UNDEFENDED_BURNER,8688.417079524,0.002483938642572708,30.0
50,88,88,56,104,TAOstatus,2026-09-02,8980785,0.004300612,0.004304751055315137,-0.0009615086359121035,IN BAND,False,True,0.0,6021.418252373,3143857.5731768,1.0,1400130.260502913,75187.552202271,-0.0017383027949343672,-825.6077833704185,,0.0,,,,,-0.9482160073151507,-0.011698355070263925,-0.9482160073151507,-0.011698355070263925,,0.8359157305413372,0.5888527328582003,1,0.0,,0.0,0.0,0.0,0.0019152961329251589,-0.5546456799810913,5HBb3F1b...,1096990.821321782,0.0,,,False,5528520,1.0,25,5Coeuhim...,0.179995422293431,1.3908622741653238,1.1405134317749346,0.4160435804315317,,COUNTER,340321.172598343,153873.425559989,2952.016473151016,OK,0.0033760784554850514,0.0,1295.967040512703,3017.92106809,0.0009599420450336929,3017.92106809,0.0009599420450336929,0.0,NEITHER,True,True,0.009599420450336928,,,10223.912251448997,0.003252027807709481,30.0
51,89,89,57,25,UR,2026-09-02,8980785,0.008861034,0.008870021905750036,-0.001013290141280205,IN BAND,False,True,0.0,15218.46981966,4152916.022019742,1.0,1717459.758718563,696057.945420602,-0.00189072698649151,11308.715845186263,ACCUMULATING_PRE_EMA,0.0,,,,,-3.9723475394509644,-0.012328363385575827,-3.9723475394509644,-0.012328363385575827,,0.6328083655112993,-0.36163951010196665,1,0.41000228793596355,MINER_BURN_ONLY,2952.0164731389377,2952.0164731389377,0.0,0.003664526260335648,-0.5864448482721488,5F6aRdsB...,55790.859945653,,,,False,2998801,1.0,1,5F6aRdsB...,0.179995422293431,19.31294863945637,15.836706293366076,0.0,,COUNTER,934683.804791688,0.0,0.0,DIVERGENT,-0.9966124850281182,2.277848418097946,1295.967040512703,323519.372769362,0.07790173725016009,323519.372769362,0.07790173725016009,0.0,FORTRESS,True,True,0.779017372501601,,,8554.589025109002,0.0020598993525875672,30.0
52,90,90,58,48,Quantum Compute,2026-09-02,8980785,0.004302512,0.004307827912271023,-0.0012340122166627288,IN BAND,False,True,0.0,10829.816737432,3223994.162994263,1.0,2517091.531026194,689774.449285558,-0.0027008449742481964,510.568560032174,ACCUMULATING_PRE_EMA,0.0,,,,,-0.044149066788277826,-0.015013815302729867,-0.044149066788277826,-0.015013815302729867,,0.8151379522223646,0.8246295236173437,1,0.0,,0.0,0.0,4.57770656900891e-05,0.0033591303798682685,-0.21926298407342765,5GNH5YMk...,7577.658027364,1.5175484777709851,BUYBACK_GAMING,,False,3856677,1.0,230,5CFKbodp...,,5.2768655237268876,5.2768655237268876,0.0,,COUNTER,695492.461656953,0.0,0.0,OK,0.0,0.0,1295.967040512703,101862.559282014,0.03159514382848939,101862.559282014,0.03159514382848939,0.0,DORMITORY,True,True,0.31595143828489386,,,8976.802010150996,0.0027843729102207337,30.0
53,91,91,59,122,CookingTAO,2026-09-02,8980785,0.004641966,0.004648279631510377,-0.0013582727397846873,IN BAND,False,True,0.0,1437.027680474,647031.284094725,1.0,309573.066724045,46114.121843381,0.0003625880589275153,-470.72761782747693,DISTRIBUTING_PRE_EMA,0.0,,,0.07811088209769639,,-1.795448175542709,-0.01652565166738036,-1.795448175542709,-0.01652565166738036,,4.061627412153478,4.373281306405707,1,0.41000228793430626,SKIN_IN_GAME,2952.016473127005,2952.016473127005,0.0,0.0022209554866957867,-0.5215485234713509,5F3uH1G4...,384380.873672673,3.3134487612665326,BUYBACK_GAMING,,True,8238082,1.0,0,5CfPqfaz...,0.179995422293431,3.6435836891492768,2.9877553043593954,0.2998077275224318,,COUNTER,308457.380312584,4689.8056909,0.0,DIVERGENT,-0.9966124850281045,2.277848418088739,1295.967040512703,115244.825534276,0.17811322012894235,115244.825534276,0.17811322012894235,0.0,FORTRESS,False,True,1.7811322012894364,0,,36012.027006506,0.05565731965633034,30.0
54,92,92,60,57,SN57,2026-09-02,8980785,0.005089929,0.005097436951473355,-0.0014728875599305305,IN BAND,False,True,0.0,1820.154126617,971552.389380494,1.0,357599.071253966,31820.419194378,-0.00013780237056893412,1662.0410057189292,ACCUMULATING_PRE_EMA,0.0,,,,,-1.1847573073099515,-0.017920131979154787,-1.1847573073099515,-0.017920131979154787,,2.704949345732897,2.088685202314803,1,0.41000228801874783,MINER_BURN_ONLY,2952.016473734984,2952.016473734984,0.0,0.0018734492823157102,-0.6319301738166269,5HdpnCSY...,874705.760660759,,,ENTRY_REPEATED,False,8057320,1.0,0,5Ejcqsbx...,0.179995422293431,2.0289758763427326,1.6637695066572382,0.6471692354646728,,COUNTER,379588.666138161,6427.093693354,0.0,DIVERGENT,-0.9966124850288022,2.2778484185578702,1295.967040512703,1254.306998862,0.0012910338264535619,1254.306998862,0.0012910338264535619,0.0,EXPOSED,False,True,0.012910338264535618,,,30294.780623492,0.03118182915777638,30.0
55,93,93,61,69,Herald,2026-09-02,8980785,0.008345946,0.008361135376617312,-0.0018166643563493788,IN BAND,False,True,0.0,4300.111551937,1236879.331131958,1.0,515233.512356234,73235.979446255,0.0011393261345515797,1898.3489138584118,,0.0,,,0.13651252171432451,,-6.514943875232058,-0.02210274966891744,-6.514943875232058,-0.02210274966891744,,2.124702009204832,1.5682788093234612,1,0.4100022879469422,MINER_BURN_ONLY,2952.0164732179837,2952.0164732179837,0.0,0.003476581299164936,-0.583440714909378,5HBPFVcJ...,504370.731101014,,,,True,8138182,1.0,0,5FWB5CFZ...,0.179995422293431,2.1362976601582457,1.7517738606735938,0.0,,COUNTER,343671.244901318,4110.268380516,0.0,DIVERGENT,-0.9966124850281299,2.27784841815894,1295.967040512703,485.813350565,0.00039277344065600725,485.813350565,0.00039277344065600725,0.0,EXPOSED,False,True,0.0039277344065600725,,,24642.54848018198,0.019923162963382854,30.0
56,94,94,62,119,Satori,2026-09-02,8980785,0.002671036,0.0026768541429191828,-0.002173500164203208,IN BAND,False,True,0.0,3337.491230385,1556164.679136634,1.0,1249511.687949687,71560.770060121,-0.0008647727937628405,7945.276062397519,ACCUMULATING_PRE_EMA,0.0,,,,,-1.0889567981995898,-0.026444251997805694,-1.0889567981995898,-0.026444251997805694,,1.6887672848724622,-0.17701962652765932,1,0.4100022881262541,MINER_BURN_ONLY,2952.0164745090296,2952.0164745090296,0.0,0.002144690260054387,-0.1970567749538429,5GbLENPL...,97856.782248256,,,ENTRY_REPEATED,False,5740660,1.0,0,5HMwvi1d...,0.179995422293431,11.656884738643953,9.558698847485884,0.05867541584007325,,COUNTER,838530.231678216,0.0,0.0,DIVERGENT,-0.9966124850296904,2.2778484191551427,1295.967040512703,20722.542632217,0.013316420112885445,20722.542632217,0.013316420112885445,0.0,FORTRESS,True,True,0.13316420112885446,,,16806.018842246005,0.010799640338559829,30.0
57,95,95,63,95,Actual,2026-09-02,8980785,0.045201825,0.04532399447634816,-0.00269547019762156,IN BAND,False,True,0.0,28245.566136598,2897087.938473285,1.0,624876.667882883,563791.993558446,-0.0011390409750780188,3025.058839101228,ACCUMULATING_PRE_EMA,0.0,,,,,-0.3455053273456668,-0.032794887404395644,-0.3455053273456668,-0.032794887404395644,,0.9071177871752524,0.525490818698334,1,0.4100022879369337,MINER_BURN_ONLY,2952.0164731459226,2952.0164731459226,0.0,0.009749640582702824,-0.784308695883345,5D5UhUuc...,452808.003290208,,,ENTRY_REPEATED,False,5403674,1.0,0,5ExqqyEB...,0.179995422293431,2.379564859457953,1.9512540777052099,0.0,,COUNTER,1037811.074612286,14658.86980412,0.0,DIVERGENT,-0.9966124850281262,2.277848418103336,1295.967040512703,9024.997700073,0.003115196325324186,9024.997700073,0.003115196325324186,0.0,EXPOSED,True,True,0.031151963253241863,,UNDEFENDED_BURNER,13853.703866987997,0.00478194109436963,30.0
58,96,96,64,125,8 Ball,2026-09-02,8980785,0.0031152,0.0031254913192242384,-0.0032927044656751512,IN BAND,False,True,0.0,5782.952118778,2435597.321211974,1.0,1856366.033277703,235293.874732876,-0.00024021262101779379,5375.541472280631,ACCUMULATING_PRE_EMA,0.0,,,,,-0.4494301415330855,-0.04006123766571434,-0.4494301415330855,-0.04006123766571434,,1.078996095582945,0.2721403627421569,1,0.41000228810929307,MINER_BURN_ONLY,2952.01647438691,2952.01647438691,0.0,0.002374346559020008,-0.23781890118772206,5DTzv2rL...,64360.955277862,,,ENTRY_REPEATED,False,5834408,1.0,0,5CFFokuo...,0.179995422293431,16.741299264310623,13.727942033490326,0.0,,COUNTER,1273153.34809834,0.0,0.0,DIVERGENT,-0.9966124850295502,2.2778484190609123,1295.967040512703,45923.662897553,0.018855195190763712,45923.662897553,0.018855195190763712,0.0,FORTRESS,True,True,0.18855195190763716,,,11377.687827411995,0.004671415807663296,30.0
59,97,97,65,83,CliqueAI,2026-09-02,8980785,0.009752917,0.009785345755517483,-0.003314012230911505,IN BAND,False,True,0.0,8574.500160137,2767491.593375201,1.0,879172.856182001,151898.021487153,0.000950791968390149,2450.9887489508837,,0.0,,,0.09748795856564237,,-2.63855168505991,-0.040320482142756645,-2.63855168505991,-0.040320482142756645,,0.949596380451845,0.6013619970307272,1,0.0,,0.0,0.0,0.0019836728465705278,0.0030982931188165376,-0.6823213897117614,5DqEjRLy...,934341.689294276,,,,False,5231190,0.002354560048925869,180,5G9hfkx9...,0.009994659342336155,0.6212533762588742,0.6150441603978906,0.4176649219453389,,COUNTER,345172.824104195,26063.92679357,0.0,DIVERGENT,1.0,0.0,1295.967040512703,8057.340853611,0.0029114237863987003,8057.340853611,0.0029114237863987003,0.0,NEITHER,True,True,0.029114237863987005,,,14541.869721008003,0.005254530765628417,30.0
60,98,98,66,37,Aurelius,2026-09-02,8980785,0.00385792,0.0038725377526134253,-0.0037747217838122755,IN BAND,False,True,0.0,8565.669996357,3723567.781715685,1.0,2220281.658023633,354210.720911323,-0.0011818962588911177,10778.206517288461,ACCUMULATING_PRE_EMA,0.0,,,,,-1.6844536254267417,-0.04592578170304935,-1.6844536254267417,-0.04592578170304935,,0.7057747177061224,-0.35141840240765077,1,0.4100022879368044,MINER_BURN_ONLY,2952.0164731449913,2952.0164731449913,0.0,0.0023003931977331298,-0.40372190254512025,5GRBbS3a...,21801.65100535,,,ENTRY_REPEATED,False,3212175,1.0,110,5E2LP6En...,0.0,0.5504321061266306,0.5504321061266306,0.5034564849150758,,COUNTER,1271273.791018863,0.0,0.0,DIVERGENT,-0.996612485028125,2.2778484181026175,1295.967040512703,45507.151093348,0.012221383834291303,45507.151093348,0.012221383834291303,0.0,FORTRESS,True,True,0.12221383834291304,,,8622.398297346994,0.0023156281294748195,30.0
61,39,2,67,15,ORO,2026-09-02,8980785,0.035021812,0.03484694054350257,0.005018272874748428,IN BAND,False,False,0.011464191,15107.806914173,1521320.43632889,1.0,431382.942834419,521585.795580035,-0.0009198017926109515,-41.91275043331552,,0.0,,,,1.9941937383205695,-1.689203778753631,0.061055653309439205,-1.7981824217188989,-0.04792298965582873,-0.10897864296526794,1.727446721442622,2.1031723812858374,1,0.0,,0.0,0.0,0.0006713969634546402,0.009930719757258875,-0.7164418632234427,5GMtrkkv...,216.588029224,0.0,,,False,7366897,0.0,76,5DWsubqY...,0.0,0.6276165313421197,0.6276165313421197,0.024019533038303068,,COUNTER,354654.991781899,2797.563389807,0.0,DIVERGENT,1.0,0.0,1295.967040512703,1010.651574802,0.0006643252471128378,1010.651574802,0.0006643252471128378,0.0,NEITHER,False,True,0.006643252471128377,,,22444.392029683004,0.01475323113639605,30.0
62,99,99,68,8,Vanta,2026-09-02,8980785,0.028054226,0.028172993566840887,-0.004215653070700759,IN BAND,False,True,0.0,79404.07045399,3115208.954429912,1.0,2830378.156094489,1396146.346288634,-0.008329727580013033,14100.352530473843,ACCUMULATING_PRE_EMA,0.0,,,,,0.05308672091916446,-0.0512904456935259,0.05308672091916446,-0.0512904456935259,,0.8436031221157453,-0.7153279455560283,1,0.06912666305607912,MINER_BURN_ONLY,499.919161003083,497.7119740037697,0.000747692072938122,0.025489163524994127,-0.09143230239201305,5F6tnxzA...,17393.15589826,,,,False,1477264,0.9047735393824634,31,5E2LP6En...,0.0,0.35843811729013897,0.35843811729013897,0.3614472539714028,,COUNTER,787607.070088944,0.0,0.0,DIVERGENT,-1.0,0.38404678394202657,1295.967040512703,607572.593190081,0.19503429852629828,607571.159893335,0.1950338384297953,1.4332967459922656,FORTRESS,True,True,1.9503383842979531,0,,11300.913658222005,0.0036276583123426758,30.0
63,100,100,69,24,Quasar,2026-09-02,8980785,0.003948722,0.003967176657170057,-0.004651836498559591,IN BAND,False,True,0.0,8606.534947476,3652148.053052694,1.0,2179574.648872058,1570767.114397588,-0.003987432863262727,4072.667059508618,ACCUMULATING_PRE_EMA,0.0,,,,,-0.9108241054428655,-0.05659734406580835,-0.9108241054428655,-0.05659734406580835,,0.7195765236853837,0.31180515245482976,1,0.4100022879347186,MINER_BURN_ONLY,2952.0164731299737,2952.0164731299737,0.0,0.002356567921796631,-0.40320743729322267,5ELutYW7...,329710.741360793,,,,False,2538424,1.0,155,5ELpkVn8...,0.179995422293431,3.267973643348908,2.679753347370519,0.0,,COUNTER,643603.727059653,0.0,0.0,DIVERGENT,-0.9965167397112387,2.2778484180910294,1295.967040512703,700000.000065042,0.1916680238305066,0.0,0.0,700000.000065042,EXPOSED,True,False,0.731417423712958,80075,TAKEOVER_WATCH,8855.762391535998,0.002424809252772159,30.0
64,35,63,70,22,Desearch,2026-09-02,8980785,0.003219034,0.0032291500829160213,-0.0031327385399461697,IN BAND,False,True,8.012e-06,7785.660214659,3544411.650297181,1.0,2418632.454456915,265591.089163407,-0.0015173520545156394,6991.051363563165,ACCUMULATING_PRE_EMA,0.0,,,,0.0027043995524433763,-0.2627821337159041,-0.03811498556934506,-0.2821466191014608,-0.0574794709549018,-0.019364485385556744,0.7414488663526584,0.02206888493800012,1,0.21187320244930807,MINER_BURN_ONLY,1531.9418784270529,1529.2842451013491,0.0009002822919050857,0.002196601575329494,-0.3176208839889563,5DFuaMas...,1795027.268533198,,,ENTRY_REPEATED,False,2009702,0.5208626061457633,131,5E2LP6En...,0.0,0.3913026455705662,0.3913026455705662,0.1397180003662333,,COUNTER,1213411.686865722,0.0,0.0,DIVERGENT,-0.9917772737435047,1.1800332857974092,1295.967040512703,763677.586285475,0.21545961971472596,763677.586285475,0.21545961971472596,0.0,FORTRESS,True,True,2.1545961971472596,0,,8923.616712729998,0.0025176581032797917,30.0
65,37,23,4,61,RedTeam,2026-09-02,8980785,0.011865345,0.011855262331664562,0.0008504804072118294,IN BAND,False,False,0.001627963,14017.483865182,4794384.248259126,1.0,1181380.170080469,612424.167825442,0.001606769924520486,3005.8386376586277,,0.0,,0.13541704219476855,0.13541704219476855,0.3052107500281722,24.49465043466961,0.010347511621077258,24.421342173817145,-0.06296074923138646,-0.07330826085246372,0.5481412969672268,0.37851901088063594,1,0.0,,0.0,0.0,0.00039673456931410556,0.0029237297511712466,-0.7535908352288748,5ECEsYL8...,,,,,False,4457976,0.0,161,5Ft6tUwe...,,0.27646365074083995,0.27646365074083995,0.10282627273837137,,COUNTER,808370.14496251,0.0,0.0,DIVERGENT,1.0,0.0,1295.967040512703,1021287.884224886,0.2130175287046971,1021287.884224886,0.2130175287046971,0.0,DORMITORY,True,True,2.130175287046971,0,,16400.143641386006,0.0034206986324346053,30.0
66,101,101,71,27,Orion,2026-09-02,8980785,0.002593777,0.002609548158943653,-0.006043635902867369,IN BAND,False,True,0.0,6567.692442231,3443902.07793108,1.0,2532095.940204413,826574.011653839,-0.002571603639063033,18651.845946758054,ACCUMULATING_PRE_EMA,0.0,,,,,1.0151511187044648,-0.07353090348488632,1.0151511187044648,-0.07353090348488632,,0.7630878987066809,-1.210767647270739,1,0.41000228794000576,MINER_BURN_ONLY,2952.0164731680416,2952.0164731680416,0.0,0.0019070497051346285,-0.2647595744990303,5GLT9wjW...,50897.136506329,,,,False,1727132,1.0,112,5E2LP6En...,0.0,0.35652817344597565,0.35652817344597565,0.35902209742400193,,COUNTER,1287480.740224388,0.0,0.0,DIVERGENT,-0.9966124850281516,2.2778484181204033,1295.967040512703,29259.979274079,0.008496170510067725,29259.979274079,0.008496170510067725,0.0,FORTRESS,True,True,0.08496170510067724,,,8662.508736888001,0.0025153179564536264,30.0
67,102,102,72,126,Poker44,2026-09-02,8980785,0.004414375,0.00444394163787365,-0.006653246213151627,IN BAND,False,True,0.0,2465.876019905,1232182.065528492,1.0,558601.415398472,63407.728143426,-0.0001583244541660852,570.6031598403351,ACCUMULATING_PRE_EMA,0.0,,,,,1.8081208525680694,-0.08094782892667812,1.8081208525680694,-0.08094782892667812,,2.132801696697989,2.1285050267901338,1,0.0,,0.0,0.0,1.5259021896696368e-05,0.002001227001179706,-0.5466567744743693,5DqrUa2z...,642783.4302466119,0.228864739252908,BUYBACK_GAMING,,False,7525773,1.0,145,5DUYX7X2...,,3.5176663358061964,3.5176663358061964,0.0,,COUNTER,393147.939315364,5493.154491675,0.0,OK,0.0,0.0,1295.967040512703,171439.094523612,0.13913454782356413,1096.553699538,0.0008899283070377105,170342.540824074,NEITHER,False,False,1.1382377053920438,0,,25459.631737736003,0.020662232027225766,30.0
68,38,32,73,77,Liquidity,2026-09-02,8980785,0.005739692,0.005749754142016172,-0.0017500125688233081,IN BAND,False,False,0.000854588,12244.045886196,3298859.492513697,1.0,2133223.401255514,409151.799599149,-0.006935415302332664,5902.287838186137,ACCUMULATING_PRE_EMA,0.0,,,,0.1834244403258886,-2.2182251962174786,-0.02129181958735025,-2.295731920626967,-0.09879854399683857,-0.07750672440948833,0.796638961424056,0.2609311647353769,1,0.0,,0.0,0.0,7.629510948348184e-05,0.003711599694980086,-0.35334514552695756,5GxxsUeY...,2723764.753704685,,,,False,5128460,0.18261864794750493,148,5C8dR6A6...,0.179995422293431,1.9972803385640823,1.6377790205858733,0.0,,COUNTER,140886.89655137,14115.257752168,0.0,OK,1.0,0.0,1295.967040512703,369577.913917543,0.11203202644921638,369577.913917543,0.11203202644921638,0.0,DORMITORY,True,True,1.1203202644921637,0,,10719.379225143995,0.00324941976142668,30.0
69,103,103,74,113,TensorUSD,2026-09-02,8980785,0.002672095,0.0026993905194103718,-0.010111734191143912,IN BAND,False,True,0.0,1880.118829261,1571431.14361578,1.0,703612.155300174,65937.354434412,-0.0004889739469761811,7684.943140273681,ACCUMULATING_PRE_EMA,0.0,,,,,0.3419246250661029,-0.12302609932558425,0.3419246250661029,-0.12302609932558425,,1.6723608989657104,-0.11490556962301132,1,0.4058981985051489,MINER_BURN_ONLY,2922.467029237072,2922.467029237072,0.0,0.0011964372966001844,-0.552247470018774,5GndoVhM...,569920.637591942,,,,False,7119664,1.0,0,5FRumLA6...,0.179995422293431,2.4471600049203395,2.0066824064151083,0.32156102623586336,,COUNTER,744428.173774627,0.0,0.0,DIVERGENT,-0.9965782334238767,2.255047341389872,1295.967040512703,69315.112538903,0.04410954486966104,69315.112538903,0.04410954486966104,0.0,FORTRESS,False,True,0.4410954486966109,,,19355.904812593995,0.01231737381000168,30.0
70,104,104,75,63,Enigma,2026-09-02,8980785,0.008122234,0.008205944206565619,-0.010201166917347647,IN BAND,False,True,0.0,15333.876864697,3966217.437676222,1.0,1887888.899845579,1221765.46620429,-0.0023243817583002914,24870.966949410504,ACCUMULATING_PRE_EMA,0.0,,,,,-1.0755882946008302,-0.12411419749439637,-1.0755882946008302,-0.12411419749439637,,0.6625960480723735,-1.538910425765367,1,0.0,,0.0,0.0,1.5259021896696368e-05,0.0038661210853031315,-0.524007670143075,5CqTmNfg...,297340.769876336,,,ENTRY_PRE_EMA_PATTERN,False,4885578,0.0,93,5GP7c3fF...,0.0009918364232852674,0.3009084142289881,0.3006099623036828,0.019884022585075538,,COUNTER,725439.396179942,0.0,0.0,OK,0.0,0.0,1295.967040512703,72397.992373783,0.01825366196165999,72397.992373783,0.01825366196165999,0.0,DORMITORY,True,True,0.1825366196165999,,,8774.305957697998,0.00221226044602305,30.0
71,105,105,76,58,greevils,2026-09-02,8980785,0.008520342,0.008626253344118595,-0.01227779197915693,IN BAND,False,True,0.0,1002.603471598,446757.461796821,1.0,117671.728903737,21509.346366004,,665.0368928516982,,,,,,,-10.262000448284134,-0.14937980241307597,-10.262000448284134,-0.14937980241307597,,5.8823863611150555,5.409897682063388,1,0.0,,0.0,0.0,0.0,0.0022441784577377022,-0.7366093452894611,5CLUzEqe...,752137.216761024,,,,True,8511017,0.0,1,5E2LP6En...,0.0,0.8153351558510703,0.8153351558510703,0.3611310332199045,,COUNTER,78931.873767343,0.045668707,0.0,OK,1.0,0.0,1295.967040512703,32808.027617922,0.07343588059160976,32808.027617922,0.07343588059160976,0.0,DORMITORY,False,True,0.7343588059160975,,,44520.84275603498,0.09965327177071848,30.0
72,106,106,77,127,Astrid,2026-09-02,8980785,0.002867922,0.002903589280322194,-0.012283858658630993,IN BAND,False,True,0.0,3367.798475248,2924852.498811581,1.0,1174298.841181174,597409.292020213,-0.0011311304522673383,19326.367656929884,ACCUMULATING_PRE_EMA,0.0,,,,,-3.4768941268707927,-0.14945361368001042,-3.4768941268707927,-0.14945361368001042,,0.898506848146292,-1.5082253594256034,1,0.4100022879344437,MINER_BURN_ONLY,2952.0164731279947,2952.0164731279947,0.0,0.001151442158746944,-0.598509945965426,5FU4uxAd...,772100.939099476,,,ENTRY_PRE_EMA_PATTERN,False,5848837,1.0,0,5EKrpcqV...,0.179995422293431,1.8843879391534433,1.545206736280871,0.35033344015626666,,COUNTER,1212814.39334018,203.185912805,0.0,DIVERGENT,-0.9966124850281056,2.2778484180895022,1295.967040512703,5535.674552263,0.0018926337497402832,5535.674552263,0.0018926337497402832,0.0,EXPOSED,True,True,0.018926337497402832,,UNDEFENDED_BURNER,12738.202711134003,0.004355160718808815,30.0
73,107,107,78,20,ChronoSeek,2026-09-02,8980785,0.002762338,0.0027997945435345173,-0.013378318641635524,IN BAND,False,True,0.0,7033.189308333,3269635.723063413,1.0,2546099.419895599,284300.926129135,-0.0009316292818717833,45785.41717607621,ACCUMULATING_PRE_EMA,0.0,,,,,1.1094676111015636,-0.1627695434732322,1.1094676111015636,-0.1627695434732322,,0.8037592632911881,-4.258270649858258,1,0.41000228793609295,MINER_BURN_ONLY,2952.016473139869,2952.016473139869,0.0,0.002151062046062859,-0.22128934038381298,5CFVA7aP...,1238119.390444179,,,,False,1970929,1.0,240,5ED4s3B3...,0.179995422293431,1.2950678589738085,1.0619615727991683,0.48816590621232697,,COUNTER,1364808.551895049,0.0,0.0,DIVERGENT,-0.9964803751323248,2.2778484180986647,1295.967040512703,628739.203518925,0.19229640754286892,622697.398576079,0.19044855492117527,6041.804942845949,FORTRESS,True,True,1.904485549211755,0,,9042.038570220999,0.002765457480917556,30.0
74,108,108,79,39,deprecated,2026-09-02,8980785,0.007466874,0.007577594369649887,-0.014611546125159336,IN BAND,False,True,0.0,18240.989097491,3517683.249794931,1.0,2442921.494883116,1086774.155851439,-0.008167090216750057,86075.98899930669,ACCUMULATING_PRE_EMA,0.0,,,,,-9.574799236994997,-0.17777381118943858,-9.574799236994997,-0.17777381118943858,,0.7470826147161497,-8.00578333212403,1,0.4100022879378068,MINER_BURN_ONLY,2952.016473152209,2952.016473152209,0.0,0.005185512111857822,-0.30553105464779207,5DkwfxC9...,601955.047479981,,,ENTRY_REPEATED,False,3280104,1.0,136,5GP7c3fF...,0.0009918364232852674,2.1916933748229357,2.1895195735051134,0.2244315580650084,,COUNTER,1515729.139387112,0.0,0.0,DIVERGENT,-0.9966124850281334,2.277848418108187,1295.967040512703,500750.157868945,0.14235225923145212,499175.213459966,0.1419045371663484,1574.9444089789758,FORTRESS,True,True,1.4190453716634854,0,,9065.061829546003,0.002576997752732417,30.0
75,36,70,80,101,Tag101,2026-09-02,8980785,0.004431098,0.004479334922507405,-0.01076876887794851,IN BAND,False,True,5.4e-08,3915.903318628,2433443.562182658,1.0,883731.90405896,165855.124172183,0.0003527464605012477,6804.94016077579,,0.0,,,0.07960700948190441,3.623991412783939e-05,-1.5312333198972028,-0.13102002134837354,-1.585276140706733,-0.18506284215790375,-0.05404282080953021,1.0799510787268214,0.05407906072365805,1,0.368517015004496,MINER_BURN_ONLY,2658.8956761669833,2653.3551863523803,0.0018768596932936532,0.0016092024403128796,-0.6368388962932258,5H8dNvi1...,1309456.495052783,,,ENTRY_PRE_EMA_PATTERN,False,5481350,0.9025102427689109,0,5H6Dezn7...,0.179995422293431,1.192251843499672,0.9776519694488269,0.5481458873798261,,COUNTER,862388.779447107,6970.543419914,0.0,DIVERGENT,-0.9869238660098508,2.0473940334953853,1295.967040512703,13574.61335476,0.005578355531115897,13574.61335476,0.005578355531115897,0.0,FORTRESS,True,True,0.05578355531115896,,,14919.078283853998,0.006130850337236689,30.0
76,42,12,6,68,NOVA,2026-09-02,8980785,0.022256273,0.022230978356674314,0.0011378106226302173,IN BAND,False,False,0.00319728,44608.220438582,3678111.31055253,1.0,2004298.73775088,1675910.190942811,0.0020257665134935203,4008.2198737079743,,0.0,,0.09102002448898432,0.09102002448898432,0.18836106344051,0.6957464373939705,0.01384336257533431,0.49240265710307807,-0.1895004177155581,-0.2033437802908924,0.7144971367397848,0.3917048437314024,1,0.13397863977839183,MINER_BURN_ONLY,1102.8526417339453,1102.8526417339453,0.0,0.012128023507771684,-0.45507392420232784,5EcdJLAe...,3130690.328126328,,,,False,4972413,0.0,37,5CMC7cxY...,0.0,0.17132936172092222,0.17132936172092222,0.002090709315101941,,COUNTER,682309.357738917,6247.123951755,0.0,DIVERGENT,-0.7457859301570917,0.8509881866267534,1295.967040512703,573955.130970339,0.1560461558962768,573955.130970339,0.1560461558962768,0.0,FORTRESS,True,True,1.5604615589627688,0,,14016.113450551005,0.0038106822407300905,30.0
77,41,59,81,1,Apex,2026-09-02,8980785,0.007431704,0.007441815920174122,-0.0013587974067874212,IN BAND,False,True,6.1797e-05,24483.266730336,2523334.286665388,1.0,3294435.151755609,833761.768517145,-0.002493990990679855,5929.653650531545,ACCUMULATING_PRE_EMA,0.0,,,,0.006633204538787103,-1.4960022160421926,-0.016532035115913623,-1.6805153150528918,-0.20104513412661268,-0.18451309901069907,1.0414791309608562,0.19114630354948617,1,0.2564086972806644,MINER_BURN_ONLY,1861.5390369379893,1861.4939923053503,1.5259021896696368e-05,0.009702744047714299,0.3055880653635154,5HCFWvRq...,14602.757503787,,,,False,1497824,0.6512802514725181,226,5CAQAgXx...,0.0899977111467155,0.39322379986673917,0.3578345579103185,0.031221864461094748,,COUNTER,861502.918355619,0.0,0.0,DIVERGENT,-0.995085906179387,1.4363744864753016,1295.967040512703,192837.392404292,0.07642165900227536,192824.591394465,0.07641658594877838,12.801009827002417,FORTRESS,True,True,0.7641658594877837,,,9151.047443625004,0.003626569611479503,30.0
78,109,109,82,116,Memo,2026-09-02,8980785,0.00669055,0.006825962802395225,-0.019837905115408536,IN BAND,False,True,0.0,1518.118310984,656578.094382673,1.0,226904.846186036,107015.081867271,0.0001614247536338362,4071.7996287339192,,0.0,,,0.024127277074954406,,-5.357258860791676,-0.2413611789041372,-5.357258860791676,-0.2413611789041372,,4.002570330146172,1.7416793988283077,1,0.4100022879940257,MINER_BURN_ONLY,2952.016473556985,2952.016473556985,0.0,0.002312167164838728,-0.654412990734883,5F48aA3P...,92450.864549018,,,,True,8294730,1.0,0,5CXN6pP6...,0.179995422293431,11.654688341507185,9.556897791779273,0.0,,COUNTER,191789.640272934,1764.319155568,0.0,DIVERGENT,-0.9965881431265193,2.277848418420522,1295.967040512703,30.45052749,4.637761714945753e-05,30.45052749,4.637761714945753e-05,0.0,EXPOSED,False,True,0.0004637761714945753,,,35773.447106774,0.05448467960297832,30.0
79,44,38,83,88,Investing,2026-09-02,8980785,0.003862554,0.0038679810240864754,-0.0014030637825471989,IN BAND,False,False,0.000286626,6937.692475994,3350669.100699259,1.0,1796140.926477013,710970.220239301,-0.0006446650318909965,4556.66451828531,ACCUMULATING_PRE_EMA,0.0,,,,0.1085740151507764,-7.186362511157957,-0.01707060935432425,-7.413878090662769,-0.24458618885913685,-0.2275155795048126,0.7843209582980177,0.336089594655589,1,0.0,,0.0,0.0,0.0010986495765621385,0.002070539425855617,-0.4639455070775406,5FhMsGJS...,3063662.892669864,,,,False,5299805,0.0,170,5DjtmV76...,0.0,0.26561824223974184,0.26561824223974184,0.008728826491683198,,COUNTER,175269.313011837,0.0,0.0,DIVERGENT,1.0,0.0,1295.967040512703,1134354.227125789,0.3385455838922017,1134354.227125789,0.3385455838922017,0.0,DORMITORY,True,True,3.3854558389220193,0,,9856.810215888005,0.002941743848663231,30.0
80,43,6,84,4,Targon,2026-09-02,8980785,0.056019594,0.05632777512073517,-0.005471210607459676,IN BAND,False,False,0.0075388,137133.563193803,3663106.753854087,1.0,2447957.113226482,2291119.102268665,-0.0046476622979413,4563.4270668937825,ACCUMULATING_PRE_EMA,0.0,,,,0.1444720456362742,0.012586478979541174,-0.06656639572409272,-0.20126576387051376,-0.28041863857414767,-0.21385224285005494,0.7174238089662515,0.35832428848632913,1,0.010178125464949311,MINER_BURN_ONLY,83.3246324089123,83.1444538783561,6.103608758678547e-05,0.03743640914901534,-0.33172651788559304,5CXGPMnq...,,,,,False,1411451,0.026491278936686458,238,5CdBXrFk...,0.0,0.28218659878204944,0.28218659878204944,0.023911981932490996,,COUNTER,558111.262431367,0.0,0.0,DIVERGENT,-0.8448075315680477,0.06415630280648416,1295.967040512703,183019.057563734,0.04996279657183702,183019.057563734,0.04996279657183702,0.0,DORMITORY,True,True,0.4996279657183702,,,10276.098542565998,0.002805295950426272,30.0
81,34,69,85,10,Pareton,2026-09-02,8980785,0.006750315,0.006916195619851351,-0.023984373630963934,IN BAND,False,True,2.36e-07,16932.329752647,3343311.919875789,1.0,2508376.236695059,953336.65028834,0.0019830543029549486,,,,,,0.2937721132947053,3.662862754625033e-05,-1.9736893090587893,-0.29180987917672785,-1.973652680431243,-0.2917732505491816,3.662862754625033e-05,0.7860469088680292,,,,,,,1.5259021896696368e-05,0.005064537847032853,-0.24973310919077807,5HK5714c...,875749.452633209,,,,False,2869647,0.9073000274666585,218,5EEaaNnb...,0.179995422293431,3.490731040523424,2.8624154327716225,0.015291639959710649,,,780684.081290873,0.0,,NO_ESTIMATE,,,,66867.683544412,0.02000043225009537,20632.839658378,0.006171377410440529,46234.843886033996,,True,True,0.06171377410440793,,,15152.417601803005,0.004532157921527689,30.0
82,45,62,86,13,Data Universe,2026-09-02,8980785,0.005883948,0.005890317494049668,-0.0010813498688487923,IN BAND,False,True,1.1775e-05,20493.910573399,2472708.047376677,1.0,3483020.086519517,969392.111444588,-0.0029832593986156373,5235.226933850441,ACCUMULATING_PRE_EMA,0.0,,,,0.0015099460832119604,-1.0163098569533886,-0.013156423404326972,-1.3055412094864334,-0.30238777593737176,-0.28923135253304477,1.0628023808908917,0.29074129861625675,1,0.2875982629197597,MINER_BURN_ONLY,2080.256918572006,2074.8515626553203,0.001831082627603564,0.008288042979898583,0.40858535457801176,5HBswBt1...,10984.706366569,,,,False,1907637,0.7116563479324314,77,5D4aUZhf...,0.0,0.3900166953015036,0.3900166953015036,0.06621394781016328,,COUNTER,637264.134197107,0.0,0.0,DIVERGENT,-0.9946550832976823,1.6010064282456438,1295.967040512703,93697.039216446,0.03789247958967506,93697.039216446,0.03789247958967506,0.0,FORTRESS,True,True,0.3789247958967506,,,9079.898442439995,0.003672046302462985,30.0
83,46,54,87,128,ByteLeap,2026-09-02,8980785,0.002890783,0.002890785224735737,-7.695956509472236e-07,IN BAND,False,True,9.415e-05,4082.903236755,2823619.729588074,1.0,1412386.38279917,91083.998905861,-0.00022424396803000932,4504.866862423951,ACCUMULATING_PRE_EMA,0.0,,,,0.06060055447129548,-0.6818428670679466,-9.36341375319122e-06,-0.9949093582411274,-0.31307585458693393,-0.31306649117318075,0.9307202285285731,0.3736670456444762,1,0.0,,0.0,0.0,0.00010681315327687457,0.001445981976245306,-0.499795738301593,5GgMeLFN...,867155.862524139,,,ENTRY_PRE_EMA_PATTERN,False,5856038,1.0,96,5HQTcjYx...,,5.869892454390807,5.869892454390807,0.0,,COUNTER,186014.794503201,289.843039317,0.0,DIVERGENT,1.0,0.0,1295.967040512703,3774.579793463,0.0013367875829418635,3774.573941721,0.001336785510516197,0.005851741999777005,NEITHER,True,True,0.013367855105161973,,,12467.759962479999,0.004415523744870159,30.0
84,33,60,88,121,sundae_bar,2026-09-02,8980785,0.004471267,0.004595562582835555,-0.027046869799967354,IN BAND,False,True,1.5749e-05,6215.991765134,2875487.432763906,1.0,1390208.006172908,549811.46839277,-0.0014768339828714987,,,,,,,0.0066583698247720865,-0.4462339582516183,-0.3290702492329361,-0.43957558842684624,-0.322411879408164,0.0066583698247720865,0.9139320068159636,,,,,,,1.5259021896696368e-05,0.0021617175906622605,-0.5165313118938636,5CXGaDJs...,1848883.415899152,,,,False,5766528,0.6005890072328868,0,5EL9y2gd...,0.179995422293431,0.7749544878987938,0.6354662275912608,0.729234384776206,,,1282734.190308052,0.0,,NO_ESTIMATE,,,,202885.709556554,0.07055698009486383,202885.709556554,0.07055698009486383,0.0,,True,True,0.7055698009486382,,,12090.720513519003,0.004204755122820153,30.0
85,110,110,89,40,Ralph,2026-09-02,8980785,0.005274465,0.00543941929936409,-0.030325718663272477,IN BAND,False,True,0.0,2081.496898521,437175.387230369,1.0,394636.563689761,78623.881033926,-1.8552276038102824e-06,14232.538338682498,ACCUMULATING_PRE_EMA,0.0,,,,,-2.223424123853771,-0.36896291040314844,-2.223424123853771,-0.36896291040314844,,6.011317372300237,-5.014135529847127,1,0.0,,0.0,0.0,0.0,0.004761239903526769,-0.09730372587044019,5HeKCDfd...,753139.457032659,,,ENTRY_REPEATED,True,8409860,1.0,6,5E2LP6En...,0.0,0.8562513304940048,0.8562513304940048,0.2404931941646829,,COUNTER,22349.634720453,0.042920633,0.0,OK,0.0,0.0,1295.967040512703,22427.898380107,0.05130183225134001,22427.898380107,0.05130183225134001,0.0,DORMITORY,False,True,0.5130183225134001,,,40049.207676509985,0.09160901744774143,30.0
86,47,45,9,89,InfiniteQuant,2026-09-02,8980785,0.003443053,0.003445090726017952,-0.0005914868954139626,IN BAND,False,False,0.000185058,6542.424000554,2862655.788384997,1.0,1900180.710339572,186810.922174948,0.00022740814707736934,4067.324387984583,,0.0,,0.06604840154286598,0.06604840154286598,0.07433520419324982,-1.0333666291575192,-0.007196423894203211,-1.4005407418910427,-0.3743705366277266,-0.3671741127335234,0.9180286399304121,0.44150931692677325,1,0.0,,0.0,0.0,0.0008087281605249075,0.002285438587167684,-0.3362174247193743,5Dc5NmEU...,113087.756411175,,,,False,5313364,0.008185455545035247,86,5FqfUHv8...,,3.7614628455810903,3.7614628455810903,0.0,,COUNTER,601037.833009041,0.0,0.0,DIVERGENT,1.0,0.0,1295.967040512703,6094.632142656,0.002129013263622017,6094.632142656,0.002129013263622017,0.0,NEITHER,True,True,0.02129013263622017,,,12282.991114062002,0.004290767742282982,30.0
87,111,111,90,70,SN70,2026-09-02,8980785,0.010687508,0.011043042642995715,-0.032195351814675865,IN BAND,False,True,0.0,745.880293897,186918.160043817,1.0,69789.910965575,9055.529305461,,4082.3213603276527,,,,,,,3.679269523475249,-0.391710113745223,3.679269523475249,-0.391710113745223,,14.059629087852935,6.171049317393328,1,0.41000228793736115,MINER_BURN_ONLY,2952.0164731490004,2952.0164731490004,0.0,0.00399041106397662,-0.6266284840229714,5EP42hSo...,599916.278546417,,,,True,8825571,1.0,1,5E2LP6En...,0.0,2.135266948794457,2.135266948794457,0.9727774895474105,,COUNTER,61401.942641426,0.0,0.0,DIVERGENT,-0.9966124850281396,2.277848418105711,1295.967040512703,0.0,0.0,0.0,0.0,0.0,EXPOSED,False,,,,,34220.653606493004,0.18307827125235485,30.0
88,112,112,91,46,Instant,2026-09-02,8980785,0.003611619,0.0037367630284279585,-0.03348995573867208,IN BAND,False,True,0.0,8553.662935529,3308228.446450308,1.0,2368373.311576405,1438336.926879705,-0.006844200137852545,85700.2564151967,ACCUMULATING_PRE_EMA,0.0,,,,,-0.9278801527496973,-0.40746112815384355,-0.9278801527496973,-0.40746112815384355,,0.7943828676099484,-8.461332920738782,1,0.41000228809000366,MINER_BURN_ONLY,2952.0164742480265,2952.0164742480265,0.0,0.0025855720286508586,-0.2840961273459746,5Ft9E2ov...,432925.504331448,,,ENTRY_REPEATED,False,3919107,1.0,238,5CDnZ6oe...,0.179995422293431,2.831533066776066,2.321870076683894,0.13769265985045018,,COUNTER,982447.080494251,28041.129768459,0.0,DIVERGENT,-0.9966124850297063,2.2778484189537465,1295.967040512703,169965.237216472,0.051376511618731406,169965.237216472,0.051376511618731406,0.0,FORTRESS,True,True,0.5137651161873144,,,9152.680440681992,0.0027666409949720114,30.0
89,113,113,92,16,trav,2026-09-02,8980785,0.001760187,0.0018218029290437698,-0.03382140189889298,IN BAND,False,True,0.0,445.749713079,403885.56921999,1.0,253239.937312372,50941.892532239,0.000900611716787907,7795.483263197559,,0.0,,,0.5116568391812386,,-5.28256402435222,-0.41149372310319793,-5.28256402435222,-0.41149372310319793,,6.506793508555812,-0.5463640952406968,1,0.0,,0.0,0.0,0.0,0.0011036534777408877,-0.37299078010410963,5FkKY8WJ...,663031.719539829,,,ENTRY_REPEATED,True,8460646,1.0,1,5E2LP6En...,0.0,0.9519119560709574,0.9519119560709574,0.41483809930722987,,COUNTER,63578.799840379,0.04568655,0.0,OK,1.0,0.0,1295.967040512703,7333.737256624,0.01815795813350645,0.0,0.0,7333.737256624,NEITHER,False,False,0.13549549387735582,,,42260.107492524985,0.10463386343349787,30.0
90,114,114,93,78,Vocence,2026-09-02,8980785,0.004600202,0.0047847426030784845,-0.03856855391965109,IN BAND,False,True,0.0,1575.555235414,914543.90881181,1.0,342497.051196866,143600.032693902,0.0001379181554245564,21009.508857160923,,0.0,,,0.029980891148813985,,-10.380270578835871,-0.4692507393557549,-10.380270578835871,-0.4692507393557549,,2.8735635049107042,-5.090002888890507,1,0.0,,0.0,0.0,0.0,0.0017227770260489586,-0.625499700654676,5GvYz1tB...,1106639.524754758,,,ENTRY_REPEATED,False,7966145,1.0,200,5E2LP6En...,0.0,0.69017424284511,0.69017424284511,0.24720369889979096,,COUNTER,67226.187965887,8107.779671713,0.0,OK,0.0,0.0,1295.967040512703,72088.026054693,0.07882401857375104,72088.026054693,0.07882401857375104,0.0,DORMITORY,False,True,0.7882401857375201,,,32992.36657180601,0.03607521328819544,30.0
91,115,115,94,71,Leadpoet,2026-09-02,8980785,0.004580997,0.004779019393026829,-0.04143577933911875,IN BAND,False,True,0.0,5388.667088181,4449714.532539156,1.0,1176308.625902439,1384056.786283136,-0.0022417272015353455,35158.80281326268,ACCUMULATING_PRE_EMA,0.0,,,,,-13.714941354048257,-0.5041353152926115,-13.714941354048257,-0.5041353152926115,,0.5905996847173868,-2.2799362884597043,1,0.4100022879717936,MINER_BURN_ONLY,2952.016473396914,2952.016473396914,0.0,0.0012110141108548924,-0.7356439851729017,5DwHzMhB...,2233658.680737425,,,,False,5048438,1.0,0,5FNVgRnr...,0.0,0.7273947799160617,0.7273947799160617,0.50792754574171,,COUNTER,938430.693705575,0.0,0.0,DIVERGENT,-0.996378351831199,2.2778484182970073,1295.967040512703,63565.086413894,0.014285205477579622,63565.086413894,0.014285205477579622,0.0,FORTRESS,True,True,0.1428520547757962,,,10214.446313207,0.002295528452109105,30.0
92,116,116,95,31,rec4ll,2026-09-02,8980785,0.004571695,0.004787143552675843,-0.04500565949300087,IN BAND,False,True,0.0,1927.622350338,1729134.375419388,1.0,421642.751373416,52087.350894553,-3.4653599990985635e-05,19410.229397824674,ACCUMULATING_PRE_EMA,0.0,,,,,-5.896401699369509,-0.5475688571648439,-5.896401699369509,-0.5475688571648439,,1.5198356110192992,-2.561435880311844,1,0.410002287933894,MINER_BURN_ONLY,2952.0164731240366,2952.0164731240366,0.0,0.0011147903701067016,-0.7561538181994422,5H3mfhC8...,867041.360670856,,,ENTRY_REPEATED,False,7173591,1.0,0,5CDZ527X...,0.179995422293431,1.795948925188156,1.4726863399814802,0.44521425955316807,,COUNTER,722838.576454827,729.248648798,0.0,DIVERGENT,-0.9966124850279433,2.2778484180864482,1295.967040512703,407954.034614464,0.23592963069484862,407954.034614464,0.23592963069484862,0.0,FORTRESS,False,True,2.3592963069484862,0,,20164.64017144199,0.011661696429203899,30.0
93,117,117,96,109,Finsight,2026-09-02,8980785,0.002799138,0.0029316830914467573,-0.04521126169245924,IN BAND,False,True,0.0,1383.778451037,1534646.262802587,1.0,494358.674401668,67657.414443706,-0.000708007104294364,16299.25530034746,ACCUMULATING_PRE_EMA,0.0,,,,,4.611273908235311,-0.5500703505915874,4.611273908235311,-0.5500703505915874,,1.7124467466533422,-2.1537624759028735,1,0.41000228793764515,MINER_BURN_ONLY,2952.016473151045,2952.016473151045,0.0,0.0009016921257866483,-0.6778679272738077,5FqZqKFx...,656732.044856392,,,,False,7257480,1.0,0,5DyQkk4x...,0.179995422293431,2.2436000478589393,1.8397623097870075,0.36751667200781335,,COUNTER,688912.178752049,1308.746301495,0.0,DIVERGENT,-0.9966124850280532,2.2778484181072884,1295.967040512703,186666.041922776,0.12163457237492928,186666.041922776,0.12163457237492928,0.0,FORTRESS,False,True,1.216345723749293,0,,21346.755652672,0.01390988670815145,30.0
94,48,1,1,51,lium.io,2026-09-02,8980785,0.083626763,0.08400642359629273,-0.004519423396920829,IN BAND,False,False,0.011789317,152268.248476734,3969630.919047892,1.0,1820807.653883864,1949633.770568365,0.015805744069074572,574.3251392571256,,0.0,,0.18900341830849737,0.18900341830849737,0.20347200014410083,1.2271309269787012,-0.05498631799587009,0.7290023889461783,-0.5531148560283929,-0.4981285380325229,0.6620262824409682,0.7016005381766237,1,0.0,,0.0,0.0,0.0005188067444876765,0.03835828861219552,-0.5413156358545707,5FqACMtc...,216.588029224,0.0,,,False,3966206,0.7877436985694874,61,5FUY2npW...,,1.9875416336223717,1.9875416336223717,0.0,,COUNTER,1171146.945421614,47834.295633396,0.0,OK,1.0,0.0,1295.967040512703,482830.012274769,0.12163095817244764,482830.012274769,0.12163095817244764,0.0,DORMITORY,True,True,1.2163095817244785,0,,10285.671065970004,0.002591090022151732,30.0
95,118,118,97,49,Nepher Robotics,2026-09-02,8980785,0.008045901,0.00847599864937365,-0.05074300588821283,IN BAND,False,True,0.0,4234.162207631,2204964.165454159,1.0,526250.901580506,147077.534683044,-3.683535129229573e-05,12645.238214533078,ACCUMULATING_PRE_EMA,0.0,,,,,-10.567821093274711,-0.6173732383065894,-10.567821093274711,-0.6173732383065894,,1.191856104137052,-0.613930780996484,1,0.9116345241725959,MINER_BURN_ONLY,6563.8586633079685,6563.7685740426905,3.0518043793392735e-05,0.0019202861769678167,-0.7613336061470535,5FL781vf...,1735206.38200821,,,,False,6783158,0.0,1,5EPdhbd4...,0.179995422293431,0.7010847621515826,0.5748927143246189,0.02344036137223782,,COUNTER,753674.151048123,837.682351088,0.0,DIVERGENT,-1.0,5.064765051004669,1295.967040512703,462097.602286592,0.2095714794491516,462097.602286592,0.2095714794491516,0.0,FORTRESS,False,True,2.0957147944915158,0,,16720.05280217099,0.007582913620152707,30.0
96,49,26,98,17,404—GEN,2026-09-02,8980785,0.009464384,0.009482329245656729,-0.0018924934150487403,IN BAND,False,False,0.00131745,26152.635726465,3113102.841562257,1.0,2763268.495280337,661084.436117952,-0.008483605846616416,1704.5748511529528,ACCUMULATING_PRE_EMA,0.0,,,,0.13238660287293294,-0.6025893280304175,-0.023025336549759672,-1.2320842056765096,-0.6525202141958518,-0.6294948776460921,0.8441738463998778,0.761881480519025,1,0.0,,0.0,0.0,0.0,0.008400826139537604,-0.1123747578777864,5E7a4a7Q...,1106589.950254697,0.0,,,False,2840556,1.0,42,5CcEPLdb...,0.0,0.3063088616777009,0.3063088616777009,0.004242331756447428,,COUNTER,340475.604612198,0.0,0.0,OK,1.0,0.0,1295.967040512703,517599.933526444,0.16626496452866793,511936.787536237,0.16444583221006934,5663.145990207035,DORMITORY,True,True,1.6444583221006934,0,,12438.49056389,0.003995528319150535,30.0
97,119,119,99,94,pending...,2026-09-02,8980785,0.004466156,0.004727068357169628,-0.05519538484648693,IN BAND,False,True,0.0,2286.798110561,1812471.97263242,1.0,512028.177733252,112276.04702023,-7.290167659344193e-05,17866.76848504471,ACCUMULATING_PRE_EMA,0.0,,,,,19.16775354509742,-0.6715438489655909,19.16775354509742,-0.6715438489655909,,1.4499534556570899,-2.1375097053425702,1,0.41000228793737026,MINER_BURN_ONLY,2952.016473149066,2952.016473149066,0.0,0.0012617012263310603,-0.7174972781221569,5CnwnkkC...,726414.645285819,,,,False,6962737,1.0,0,5EeKtCKE...,0.179995422293431,2.0168060361469706,1.653790181986756,0.35970882676107924,,COUNTER,742189.10604012,0.075116968,0.0,DIVERGENT,-0.9966124850281298,2.277848418105761,1295.967040512703,273.723032556,0.00015102193947774366,273.723032556,0.00015102193947774366,0.0,EXPOSED,False,True,0.0015102193947774366,,,19028.40070731801,0.01049859032009268,30.0
98,120,120,100,47,Feval,2026-09-02,8980785,0.002832355,0.0029996682424098253,-0.055777248978511024,IN BAND,False,True,0.0,1266.178663555,1447681.227574357,1.0,447040.805501682,44616.102458185,1.9567391779975152e-05,38139.1095572153,,0.0,,,0.006908523747897122,,-0.1855699294230791,-0.6786231959052175,-0.1855699294230791,-0.6786231959052175,,1.8153167630717366,-7.63976834366836,1,0.41000228799360533,MINER_BURN_ONLY,2952.0164735539583,2952.0164735539583,0.0,0.0008746253245795891,-0.6912020828675821,5GBmFsPk...,396849.836678684,,,,False,7340355,1.0,0,5GjN9n3n...,0.179995422293431,3.3306987626692837,2.731188232350418,0.22673238619889824,,COUNTER,650645.531114148,52.790049364,0.0,DIVERGENT,-0.9966124850285945,2.2778484184181864,1295.967040512703,95747.743903989,0.06613869274551405,1082.01056104,0.0007474094023122399,94665.733342949,EXPOSED,False,False,0.685701075434644,,,22982.175291074003,0.015875162883462596,30.0
99,121,121,101,90,KubeTEE,2026-09-02,8980785,0.030731287,0.03265487612225115,-0.0589066427644603,IN BAND,False,True,0.0,2151.072007483,242413.81176023,1.0,69996.156412256,57228.056774391,,1978.0321837096417,,,,,,,-17.964677816251317,-0.7166974869676003,-17.964677816251317,-0.7166974869676003,,10.840966448724211,4.604389049038763,1,0.0,,0.0,0.0,1.5259021896696368e-05,0.008873553828734034,-0.7112534262319038,5C9y6fnL...,489869.233591479,,,,True,8618670,0.727820673238319,0,5EKtGWqs...,0.179995422293431,2.4844981001780355,2.0372998154492628,0.40174266007446746,,COUNTER,0.0,82265.94061504,2192.069962588008,OK,0.004541181783462443,0.0,1295.967040512703,51051.049582417,0.2105946406754714,51051.049582417,0.2105946406754714,0.0,DORMITORY,False,True,2.105946406754714,0,,52578.286659287,0.2168947646897771,30.0
100,40,55,102,80,OpenRoboto,2026-09-02,8980785,0.014530665,0.015279436716809869,-0.04900519113941537,IN BAND,False,True,9.4086e-05,3026.175425348,1949538.487083499,1.0,208261.323827089,224511.977198457,-0.0002903473733555673,5860.976511067594,ACCUMULATING_PRE_EMA,0.0,,,,0.08170643576340791,-2.9201004057632383,-0.5962298255295536,-3.099357894282506,-0.7754873140488218,-0.17925748851926815,1.3480113459732084,0.26096392428267606,1,0.3361552086007697,MINER_BURN_ONLY,2436.034124166006,2435.989079533367,1.5259021896696368e-05,0.0015522522101500775,-0.8931740419209943,5CG1eFia...,281631.879594559,,,ENTRY_REPEATED,False,7151800,1.0,0,5HTwtytU...,0.179995422293431,3.559628225058254,2.918911439481277,0.11957881886159012,,COUNTER,246974.452197511,2501.379452446,0.0,DIVERGENT,-1.0,1.879669006527863,1295.967040512703,371202.256912941,0.19040519557439356,371202.256912941,0.19040519557439356,0.0,FORTRESS,False,True,1.9040519557439362,0,,20363.390864325007,0.010445236654336868,30.0
101,50,56,103,98,NeverPlayAlone,2026-09-02,8980785,0.002872001,0.002871149918064475,0.000296425460116194,IN BAND,False,True,9.1688e-05,5260.883014896,2910510.921905661,1.0,1831782.577609486,206027.929522647,-0.001032365332540136,128.43328307615593,ACCUMULATING_PRE_EMA,0.0,,,,0.04580144879058166,-0.3564103588863547,0.003606509764747027,-1.1751030071800765,-0.8150861385289747,-0.8186926482937218,0.9029342512411235,0.8644940970843035,1,0.0,,0.0,0.0,0.0,0.0018075462199095371,-0.37063175816807264,5EWzZCNs...,1595479.822538294,,,,False,5445992,1.0,153,5E2LP6En...,0.0,0.42312079134997976,0.42312079134997976,0.25521492988265454,,COUNTER,1255490.393926426,0.0,0.0,DIVERGENT,1.0,0.0,1295.967040512703,501918.520577961,0.1724503133797997,501918.520577961,0.1724503133797997,0.0,DORMITORY,True,True,1.7245031337979995,0,,11522.106424095004,0.00395879168065478,30.0
102,122,122,104,110,Green Compute,2026-09-02,8980785,0.012698472,0.013668539933860302,-0.07097085267002125,IN BAND,False,True,0.0,7252.215630842,2851617.326299253,1.0,571109.362578788,386744.232225497,0.0008840356011466324,34422.48257088021,,0.0,,,0.06961747847667281,,6.049794446179852,-0.8634787074852585,6.049794446179852,-0.8634787074852585,,0.92158228096143,-3.3907250347058295,1,0.0,,0.0,0.0,0.0,0.002543193844404683,-0.7997244200400897,5D53sX6A...,1569816.369502004,,,,False,5606062,1.0,155,5FmpATto...,0.179995422293431,12.229585389275355,10.028316002659164,0.0,,COUNTER,653602.202903777,0.0,0.0,OK,0.0,0.0,1295.967040512703,9205.92186508,0.0032283160086655736,9205.92186508,0.0032283160086655736,0.0,NEITHER,True,True,0.032283160086655736,,,15699.915240500994,0.005505617845601988,30.0
103,52,27,105,11,TrajectoryRL,2026-09-02,8980785,0.007771852,0.007765931077301502,0.0007624227719202562,IN BAND,False,False,0.00108927,20095.92370075,3244124.996399449,1.0,2585731.534110324,979830.75070298,-0.004553696919034271,-5710.955245235469,,0.0,,,,0.14244687642266302,3.061168388036199,0.009276143725029783,2.080203040421724,-0.971689203889445,-0.9809653476144748,0.8100797604644498,1.1234122240371378,1,0.0,,0.0,0.0,0.0,0.006194559002212869,-0.20294943827894957,5D2Jhtbn...,1972161.569327743,0.0,,,False,2918568,0.0,235,5D7ekpEm...,,0.3754150644806306,0.3754150644806306,0.023805527155086905,,COUNTER,1145934.992162841,46746.465498293,3950.0,OK,0.003950978236565201,0.0,1295.967040512703,46180.459268605,0.014235104787842397,46180.459268605,0.014235104787842397,0.0,DORMITORY,True,True,0.142351047878424,,,9178.222684816994,0.0028291828135486798,30.0
104,123,123,106,107,Minos,2026-09-02,8980785,0.052790195,0.058351858519017696,-0.09531253434207367,IN BAND,False,True,0.0,21003.778985018,1536960.630645882,1.0,397873.022494654,488007.941436154,0.001226016808458981,34717.159246720665,,0.0,,,0.02322432808704308,,-10.615968158339628,-1.1596358344952296,-10.615968158339628,-1.1596358344952296,,1.7098681303864152,-6.265807506445193,1,0.24600137276333245,MINER_BURN_ONLY,1771.2098838959937,1771.2098838959937,0.0,0.013665788548006928,-0.7411301748741991,5DA2vLrS...,1302092.224193382,,,,False,7457580,1.0,0,5E4WJ2tA...,0.179995422293431,1.4904703431895079,1.2221925043512774,0.8011963620826467,,COUNTER,391486.993392107,11728.725039684,0.0,DIVERGENT,-1.0,1.3667090508685142,1295.967040512703,41164.694002343,0.026783180506740906,41164.694002343,0.026783180506740906,0.0,FORTRESS,False,True,0.2678318050674091,,,25163.912070075,0.016372515709462437,30.0
105,53,7,107,44,Score,2026-09-02,8980785,0.0379904,0.03815191285684705,-0.004233414388764019,IN BAND,False,False,0.005305036,67014.865444957,4090833.525427248,1.0,1763994.735274192,2172351.867484049,-0.0010141890605900883,-7153.920000427403,,0.0,,,,0.20803794076779922,-5.135488013127584,-0.051506541729962226,-6.301855596985677,-1.2178741255880545,-1.1663675838580922,0.6424118663507655,1.3744055246258915,1,0.018173715255950747,,149.1229597440106,149.1229597440106,0.0,0.016381714149064024,-0.5687933228114465,5CaCekux...,259762.723814565,0.06124881608281318,,,False,3550319,1.0,56,5GP7c3fF...,0.0009918364232852674,0.2768890339650384,0.2766144053359436,0.018678467877308102,,COUNTER,506606.931142875,2206.282255223,0.0,DIVERGENT,-0.9118728364897876,0.11506693849637982,1295.967040512703,245862.449528441,0.06010082004076738,245862.449528441,0.06010082004076738,0.0,DORMITORY,True,True,0.6010082004076738,,,11698.116256226007,0.0028595923504377394,30.0
106,54,19,108,5,Hone,2026-09-02,8980785,0.012755216,0.0127520184032619,0.0002507522054141562,IN BAND,False,False,0.001827553,33213.08159555,3078189.251705459,1.0,2603882.164026171,972398.4081472,-0.015845505017582865,-3713.7988380752504,,0.0,,,,0.14460595203076537,0.32776408392348766,0.003050818499205567,-0.9141353572963626,-1.2388486227206448,-1.2418994412198503,0.8537486766104347,1.3865053932506157,1,0.0,,0.0,0.0,0.0057526512550545306,0.01078981143773029,-0.15408634101294016,5GurNtB3...,,,,,False,2491604,0.0,1,5E2LP6En...,0.0,0.4684169621490183,0.4684169621490183,0.1048800585973265,,COUNTER,1488567.694632255,0.0,0.0,DIVERGENT,1.0,0.0,1295.967040512703,6649.821324041,0.0021603029509497155,6649.821324041,0.0021603029509497155,0.0,NEITHER,True,True,0.02160302950949716,,,11001.381897423998,0.003573978400232775,30.0
107,51,16,109,38,ChronoLLM,2026-09-02,8980785,0.008134446,0.008339041844010353,-0.024534694493385616,IN BAND,False,False,0.002514362,4781.581702171,1536229.199187938,1.0,587819.057619388,189356.593396685,-0.0014355570088288021,-465.13645380642265,,0.0,,,,1.3819158068552633,-9.421897280380438,-0.29850544966952497,-10.380521437897,-1.2571296071860865,-0.9586241575165615,1.7106822350396544,2.3405399643718248,1,0.0,,0.0,0.0,0.0,0.003112544472334323,-0.6173624519316592,5GeWgtBA...,1549904.545138571,4.248371791268431,BUYBACK_GAMING,,False,7284230,1.0,10,5HbScNss...,0.0899977111467155,0.8551104813396929,0.7781524952415544,0.015473356528108405,,COUNTER,485297.062238848,10641.406258159,0.0,DIVERGENT,1.0,0.0,1295.967040512703,32758.484466429,0.02132395640165242,32758.484466429,0.02132395640165242,0.0,DORMITORY,False,True,0.21323956401653035,,,21079.725104360994,0.01372173183240098,30.0
108,124,124,110,92,MicroTensor,2026-09-02,8980785,0.00432474,0.004827142460271716,-0.1040786478556584,IN BAND,False,True,0.0,1046.698290316,565308.266998969,1.0,242025.676003647,74062.675182952,-2.6195570558567144e-05,23607.5639201538,ACCUMULATING_PRE_EMA,0.0,,,,,-13.21464181989895,-1.2662902155771771,-13.21464181989895,-1.2662902155771771,,4.648791028567769,-9.72548633498557,1,0.0,,0.0,0.0,6.103608758678547e-05,0.0018515531284772615,-0.5718694930846104,5E9LPDS2...,637692.536518701,,,,True,8352006,0.2583357494926065,15,5G3eBqKj...,,0.8364394854772575,0.8364394854772575,0.0032960493186638793,,COUNTER,208207.171716452,0.041020142,0.0,OK,0.0,0.0,1295.967040512703,50000.0,0.08844731789512497,50000.0,0.08844731789512497,0.0,DORMITORY,False,True,0.8844731789512498,,,39248.55446178402,0.06942858746811074,30.0
109,57,8,111,53,engy,2026-09-02,8980785,0.029872971,0.02903343946672976,0.02891602058489434,IN BAND,False,False,0.004154817,34634.463488213,4722770.034789607,1.0,1159391.344604798,1429538.802822206,-0.0011223092088040443,-19358.03862734954,,0.0,,,,0.31525994562369847,2.8474099494980925,0.3518115837828811,1.021250784577928,-1.4743475811372835,-1.8261591649201645,0.5564530944003658,2.141419110543863,1,0.112818880080212,,926.4436357149389,925.2724752663237,0.00039673456931410556,0.007333506233223977,-0.7545103152537465,5H8SFVCx...,1906259.401821458,0.1436830647007115,,,False,4203869,0.760231418583706,0,5GP7c3fF...,0.0009918364232852674,0.2951256354453297,0.29483291909064985,0.01463474187001175,,COUNTER,524566.39621868,0.0,0.0,DIVERGENT,-0.9859537982720323,0.7139629684565687,1295.967040512703,114745.574216046,0.024296244231836236,100612.594914423,0.02130372518104307,14132.97930162301,FORTRESS,True,True,0.2130372518104307,,,12878.236637015994,0.0027268396602312447,30.0
110,56,10,112,3,Teutonic,2026-09-02,8980785,0.028111241,0.02786257932893932,0.008924574718120545,IN BAND,False,False,0.003877092,78622.367482433,3142958.903984667,1.0,2796830.174563669,3436732.881411778,-0.03954664999786193,-7709.062099266332,,0.0,,,,0.12959413589620766,-0.009280145949183758,0.10858232573713329,-1.7342088778917826,-1.6163464062054655,-1.7249287319425988,0.8361547447114889,1.8545228678388064,1,0.0,,0.0,0.0,6.103608758678547e-05,0.02501539787324453,-0.11012829802695186,5GsGUrd2...,3091411.813493855,1.2644292236761852,BUYBACK_GAMING,,False,4165565,0.0,204,5E6yHkmZ...,0.179995422293431,0.3404057297265005,0.2791342566532755,0.9766685995056001,,COUNTER,578475.334942498,0.0,0.0,OK,1.0,0.0,1295.967040512703,387736.513817946,0.12336671450790233,387609.081695644,0.12332616923633023,127.43212230200879,DORMITORY,True,True,1.2332616923633046,0,,11925.392217050998,0.0037943201236045106,30.0
111,55,36,5,96,Verathos,2026-09-02,8980785,0.007765763,0.007905145408585668,-0.017631858919924,IN BAND,False,False,0.000587666,3376.460716268,798275.867619589,1.0,434788.052417229,86072.990082023,0.0007914143622985852,3528.2157604376553,,0.0,,0.10191070243820023,0.10191070243820023,0.45739796129096066,-0.6797957014298543,-0.21452095019240863,-2.104380220518337,-1.6391054692808908,-1.4245845190884823,3.2920950095065997,1.881982480379443,1,0.15581295258774935,MINER_BURN_ONLY,1208.5952098199923,1206.7483798817914,0.0006256198977645511,0.004229691580601584,-0.4553411454094615,5CGq1JQh...,680523.688360575,,,ENTRY_REPEATED,False,7692872,0.4048767826060402,0,5GpKXttD...,0.179995422293431,1.3919417015386841,1.1413985671623919,0.4745082480047611,,COUNTER,249374.251733769,7897.141864024,0.0,DIVERGENT,-0.8992637132565432,0.9311566900685873,1295.967040512703,175111.139938345,0.21936168565450434,175111.139938345,0.21936168565450434,0.0,FORTRESS,False,True,2.193616856545044,0,,32285.220387777987,0.04044368832550405,30.0
112,125,125,113,103,Capcomp,2026-09-02,8980785,0.014752255,0.01726075541228056,-0.1453297003731267,IN BAND,False,True,0.0,1151.04730268,258495.953344341,1.0,78025.177886742,25905.390480774,,13090.401321804042,,,,,,,27.93968029259973,-1.7681780212063747,27.93968029259973,-1.7681780212063747,,10.16650344425027,-7.229316161949419,1,0.0,,0.0,0.0,9.15541313801782e-05,0.0044528639144563184,-0.6981570672106523,5H3SQ4du...,1029059.079334163,,,,True,8762380,0.0,1,5E2LP6En...,0.0,0.9265187820044076,0.9265187820044076,0.0988494521927549,,COUNTER,58456.632985645,0.014698804,0.0,OK,0.0,0.0,1295.967040512703,0.0,0.0,0.0,0.0,0.0,NEITHER,False,,,,,52706.692892080006,0.20389755510744773,30.0
113,58,25,114,14,Cacheon,2026-09-02,8980785,0.009533564,0.009536177385598421,-0.0002740496000387182,IN BAND,False,False,0.001343491,25367.670231378,3132102.627319378,1.0,2660879.777109948,2657371.130472501,-0.012349965626037119,-11144.364947676193,,0.0,,,,0.13918086745044417,0.25317663910367216,-0.003334270133804405,-1.8761657164080505,-2.132676625645527,-2.1293423555117226,0.83905296623348,2.2685232229621666,1,0.0,,0.0,0.0,3.051804379328171e-05,0.008099246177347969,-0.15044927821872606,5CKhH8nK...,1729703.142233906,6.751671109393455,BUYBACK_GAMING,,False,4848444,0.7344849159965209,75,5G1CLuQ8...,0.0,0.4538847137923097,0.4538847137923097,0.004242202282854178,,COUNTER,1226319.247799996,526.080568229,0.0,OK,1.0,0.0,1295.967040512703,53744.043838135,0.01715909413994268,53744.043838135,0.01715909413994268,0.0,DORMITORY,True,True,0.17159094139942943,,,9135.501687308,0.0029167312742643605,30.0
114,61,3,115,120,Affine,2026-09-02,8980785,0.053548497,0.052667229901999235,0.016732740636646103,IN BAND,False,False,0.010020369,80844.069280596,2622157.508713058,1.0,1509735.589860169,1473222.392927913,-0.0050901304439632976,-13570.067314092768,,0.0,,,,0.32573236313230103,0.28181967260022994,0.20358167774586092,-2.464067470591334,-2.5423054654457027,-2.7458871431915637,1.0022281236987207,3.0716195063238647,1,0.0,,0.0,0.0,4.57770656900891e-05,0.03083112628130179,-0.4242391848775552,5EfNFhH2...,2962333.142134247,0.7143032609321055,BUYBACK_GAMING,,False,5749344,0.0,116,5E2LP6En...,0.0,0.3412632262660709,0.3412632262660709,0.013016144291512804,,COUNTER,180555.409154778,0.0,0.0,DIVERGENT,1.0,0.0,1295.967040512703,61452.737739996,0.023435944460162006,61452.737739996,0.023435944460162006,0.0,DORMITORY,True,True,0.23435944460162053,,,13939.516801985996,0.005316048618615379,30.0
115,60,21,116,102,ConnitoAI,2026-09-02,8980785,0.008424637,0.008506725775077939,-0.009649867322446572,IN BAND,False,False,0.00163119,3986.335903997,947849.065937868,1.0,473176.010711807,226939.934341946,-9.995717380745074e-05,-1210.2705073066172,,0.0,,,,1.0753653036869684,-5.406306598385639,-0.11740671908976663,-7.934343496603631,-2.6454436173077593,-2.5280368982179926,2.772593332040343,3.603402201904961,1,0.08620642154818672,SKIN_IN_GAME,741.089637705998,740.8644145428028,7.629510948348184e-05,0.004205665276520203,-0.5007897341428238,5HBc11rC...,917502.797864523,1.2287614496932062,BUYBACK_GAMING,,False,7840965,0.25000763009308713,0,5EEinUEy...,0.179995422293431,0.958171023764126,0.785704625712373,0.5659219923091009,,COUNTER,134300.93470581,7309.092357836,0.0,DIVERGENT,-0.2736155522720293,0.5716691793718043,1295.967040512703,2002.340459168,0.0021125098194687197,2002.340459168,0.0021125098194687197,0.0,EXPOSED,False,True,0.021125098194687195,,,27756.966838763994,0.02928416330853195,30.0
116,59,11,117,91,cascade,2026-09-02,8980785,0.00902809,0.009368197759613395,-0.03630450256714366,IN BAND,False,False,0.003391681,3973.739758532,1139046.604268704,1.0,440152.874700776,160902.453675569,-0.00013977869327964234,-5069.659903248423,,0.0,,,,2.243060242901466,6.493977711776216,-0.4417047812335812,4.144828379470199,-2.790854113539598,-2.349149332306017,2.307192690932291,4.592209575207483,1,0.0,,0.0,0.0,1.5259021896585345e-05,0.003488654233847823,-0.6135778183593847,5HEe7NjS...,372783.007459558,0.4585169024658333,BUYBACK_GAMING,,False,7633645,0.0,46,5GvF67op...,0.0,0.7712304037362033,0.7712304037362033,0.0066228197341716135,,COUNTER,399376.775480423,9542.545852108,0.0,DIVERGENT,1.0,0.0,1295.967040512703,63558.418491749,0.05579966460859173,63558.418491749,0.05579966460859173,0.0,DORMITORY,False,True,0.5579966460859229,,,29384.912871274002,0.025797814383670313,30.0
117,62,48,2,108,Prometheon,2026-09-02,8980785,0.003144199,0.0030843482818454504,0.0194046562467774,IN BAND,False,False,0.000121027,1970.95696167,1687428.060480854,1.0,626854.91240128,55469.377984254,0.0005111478403079943,-8585.341225929093,DISTRIBUTING_PRE_EMA,0.0,,0.16256853981188668,0.16256853981188668,0.16137285703616144,1.9116443631462352,0.23608998433579167,-1.4211838586120318,-3.0967382374224752,-3.332828221758267,1.5573997265703392,3.4942010787944286,1,0.0,,0.0,0.0,9.15541313801782e-05,0.0011680242896448876,-0.6285145152565446,5GpmtjiG...,1587103.80313941,0.5394940306153885,BUYBACK_GAMING,,False,7105263,0.9545544720658029,5,5G9hfkx9...,0.009994659342336155,0.5591081182357037,0.5535200230584033,0.012818360775816025,,COUNTER,479696.11117097,0.238163524,0.0,DIVERGENT,1.0,0.0,1295.967040512703,398580.141031894,0.23620570877452018,398580.141031894,0.23620570877452018,0.0,DORMITORY,False,True,2.3620570877452054,0,,19150.302199766,0.011348811038681482,30.0
118,64,14,118,28,SayGM,2026-09-02,8980785,0.019792062,0.019146439153701067,0.03372025686427083,IN BAND,False,False,0.002713883,21305.018543108,4903535.242269684,1.0,1076442.595810706,6480686.237071625,-0.0018433106521580824,-49071.08987211902,,0.0,,,,0.33476077524030934,5.42534383004119,0.4102631251819618,1.4498579334703319,-3.5652227713888966,-3.9754858965708584,0.5359398617850223,4.310246671811168,1,0.038226430366326426,,313.91578805004247,312.9698507646225,0.0003204394598306237,0.004344828269908918,-0.7804762197132912,5CA6rwAy...,2636489.437113272,0.19229600197941324,,,False,4878363,0.18565497450926516,219,5FHBJCMk...,,1.7554288150060857,1.7554288150060857,0.0,,COUNTER,1392127.267903518,33762.848582854,0.0,DIVERGENT,-0.9080538758718533,0.24149522401496196,1295.967040512703,434350.760693671,0.08857910451004009,434344.502651163,0.08857782827928028,6.258042507979553,DORMITORY,True,True,0.8857782827928027,,,14439.202936233,0.0029446516080405636,30.0
119,63,42,119,99,Thirty Spokes,2026-09-02,8980785,0.003420344,0.003495817771181464,-0.021589732681047795,IN BAND,False,False,0.000195656,719.044760918,348872.218309344,1.0,210225.890113008,30495.817122555,,3386.0302002385724,,,,,,0.7150931290335035,-5.1961979700535785,-0.26267508095274816,-8.894781919886457,-3.9612590307856266,-3.6985839498328783,7.532844010152049,4.413677078866382,1,0.0,,0.0,0.0,1.5259021896696368e-05,0.0020610548022497593,-0.3974130080922389,5DebFXsw...,1076201.18201384,,,,True,8572056,0.5006103701895199,0,5FWbrcGF...,0.179995422293431,1.0003862465103246,0.8203213016131583,0.9992065187536241,,COUNTER,71855.770976887,0.012273672,0.0,DIVERGENT,1.0,0.0,1295.967040512703,0.0,0.0,0.0,0.0,0.0,NEITHER,False,,,,,49145.74465069098,0.14087033037154476,30.0
120,65,37,120,56,Gradients,2026-09-02,8980785,0.016099224,0.015999822411686182,0.006212668225693205,IN BAND,False,False,0.000377382,50950.419886664,2734859.837270424,1.0,3164774.718564842,2839416.546731133,-0.009019599530651996,-24551.423551007174,,0.0,,,,0.0194651957374661,0.3399616200051826,0.07558746341260066,-3.951775871544299,-4.216150028136881,-4.2917374915494815,0.9609267590923134,4.311202687286948,1,0.28951903733616824,MINER_BURN_ONLY,2133.4908498829463,2133.4007606176683,3.0518043793392735e-05,0.0186299930959226,0.15719820383408556,5EJ1zbdw...,16337.005017021,0.0,,,False,4312927,0.7396731417758992,101,5E2LP6En...,0.0,0.39395403788178146,0.39395403788178146,0.10348090158555753,,COUNTER,818168.061049877,0.0,0.0,DIVERGENT,-1.0,1.6461844274786992,1295.967040512703,264724.185506575,0.09679625328469767,264724.185506575,0.09679625328469767,0.0,FORTRESS,True,True,0.9679625328469766,,,10612.969501903006,0.0038806264793794596,30.0
121,66,34,121,85,Vidaio,2026-09-02,8980785,0.005128399,0.005027459468692541,0.020077641985189233,IN BAND,False,False,0.000741566,12670.117082277,2640514.23010985,1.0,2470579.10044377,1406743.449751348,-0.006693889346863315,-26653.337040006183,,0.0,,,,0.15381353110982987,-0.3794643807727498,0.24427797748646898,-5.092094272252225,-4.468351913993006,-4.712629891479475,0.9952606844654917,4.866443422589305,1,0.0,,0.0,0.0,0.00010681315327687457,0.004798352130732468,-0.06435670650187938,5GTPBjA4...,3006175.817250745,0.8780093001549552,BUYBACK_GAMING,,False,5258781,0.6109602002197534,184,5EM4mjLn...,,14.425178160150018,14.425178160150018,0.0,,COUNTER,496360.999970373,0.0,0.0,DIVERGENT,1.0,0.0,1295.967040512703,143874.406841709,0.05448726812418033,143874.406841709,0.05448726812418033,0.0,DORMITORY,True,True,0.5448726812418033,,,11137.477643098006,0.00421791994759849,30.0
122,67,50,122,66,conjectures,2026-09-02,8980785,0.003171641,0.0030050233472138643,0.055446375463477374,IN BAND,False,False,0.00010942,6893.354730174,3513487.148969571,1.0,2173434.303530635,1361567.654981781,-0.005772511456838813,-48760.120329074096,,0.0,,,,0.04171492274165058,15.826837558361278,0.6745975681389746,9.939613175271813,-5.212626814950491,-5.887224383089466,0.7479748433890628,5.928939305831117,1,0.0,,0.0,0.0,0.0,0.00196196952995706,-0.3814023939162534,5CJCRGep...,1050288.159584543,0.01893793607190595,,,False,4958013,1.0,121,5Gn2SyG6...,,12.661054089259634,12.661054089259634,0.0,,COUNTER,876389.726869251,0.0,0.0,DIVERGENT,1.0,0.0,1295.967040512703,392806.591766313,0.11179963811210028,392806.591766313,0.11179963811210028,0.0,DORMITORY,True,True,1.1179963811210027,0,,10821.361440332,0.0030799490595847688,30.0
123,68,44,123,117,glyph,2026-09-02,8980785,0.003518297,0.003452611155807972,0.019024975946547472,IN BAND,False,False,0.000186599,3377.22262123,1879425.530832748,1.0,959902.502243,226806.337223543,-0.0007537834211656891,-24020.786263244925,,0.0,,,,0.14520279738662906,23.870248501687367,0.23147054068299422,17.79398586260733,-5.844792098397044,-6.0762626390800385,1.3982996170300874,6.2214654364666675,1,0.0,,0.0,0.0,0.0,0.0017969441011762774,-0.4892574159667938,5HdThE9W...,2043685.321251003,0.0,,,False,5710859,1.0,125,5EsLkLnu...,,9.877965650290076,9.877965650290076,0.0,,COUNTER,289424.602021989,152114.577965748,0.0,DIVERGENT,1.0,0.0,1295.967040512703,184995.455974437,0.09843191599747399,154144.143623114,0.08201662747170133,30851.312351322995,DORMITORY,True,True,0.8201662747170132,,,18089.346278667996,0.009624933779979488,30.0
124,69,40,124,26,Perturb,2026-09-02,8980785,0.003891392,0.0038330729585140944,0.01521469643732356,IN BAND,False,False,0.000277054,2108.740846304,917592.55225105,1.0,541898.788526422,64779.346438172,-0.00014188253281285655,-9069.969634443638,,0.0,,,,0.3452761458460581,-0.42174181130695726,0.18511213998743664,-6.844387642047455,-6.237533690753061,-6.422645830740498,2.8640162712229476,6.767921976586556,1,0.0,,0.0,0.0,0.00010681315327687457,0.00229812332405141,-0.40943412433098236,5FsVAEPM...,1546251.038071386,3.665792553487925,BUYBACK_GAMING,,True,8123781,0.15053107068733973,143,5CDK1b4s...,0.179995422293431,0.6095501697489926,0.4998339295359901,0.09895777699784841,,COUNTER,93577.704880545,1668.571827101,0.0,DIVERGENT,1.0,0.0,1295.967040512703,42208.233114173,0.04599888372091427,38626.442549079,0.04209541855404134,3581.790565094001,DORMITORY,False,True,0.42095418554041963,,,29892.733198821017,0.03257734941885456,30.0
125,70,68,125,2,DSperse,2026-09-02,8980785,0.00381553,0.003710180753841996,0.028394639816109186,IN BAND,False,True,2.62e-07,8633.340030163,3399196.83406629,1.0,2262684.380263957,704939.721713519,-0.002026472196230547,-109205.92698723124,,0.0,,,,7.975314276912594e-05,11.871473805815182,0.34546811776266173,-1.0699628857453742,-12.595968573797894,-12.941436691560556,0.7731238078544144,12.941516444703325,1,0.35185438320839835,SKIN_IN_GAME,2533.750998317031,2533.525775153836,7.629510948348184e-05,0.002539817625046257,-0.33434735802201604,5EcYQ3W7...,3017023462415764.0,698440566.4228953,BUYBACK_GAMING,,False,2734060,0.8227376773996643,14,5CFxLBvp...,0.179995422293431,0.6190497193944664,0.5076236037314295,0.9107167381319335,,COUNTER,689185.323705712,0.0,0.0,DIVERGENT,-0.9959782446639674,1.9549307165647802,1295.967040512703,1144508.261830867,0.33669961396785275,1144508.261830867,0.33669961396785275,0.0,FORTRESS,True,True,3.3669961396785273,0,,9475.81278177301,0.0027876622756316132,30.0
126,126,126,126,36,SN36,2026-09-02,8980785,0.005281295,0.0,,N/A,False,True,0.0,503.143267211,0.0,0.0,95268.915526717,1.994240421,,,,,,,,,0.20778505304295067,,0.20778505304295067,,,,,,,,,,0.0,,,5DCjvVt6...,382906.840118648,,,,True,8884359,1.0,0,5EFY7fKV...,,0.0,0.0,0.0,,,0.0,0.0,,NO_ESTIMATE,,,,0.0,,0.0,,0.0,,False,,,,,0.0,,30.0
127,127,127,127,59,SN59,2026-09-02,8980785,0.005121077,0.0,,N/A,False,True,0.0,530.274704661,0.0,0.0,103547.483500943,1.213992187,,,,,,,,,75.61817614505702,,75.61817614505702,,,,,,,,,,0.0,,,5GzrQ2fe...,531683.763741456,,,,True,8938771,1.0,0,5FKjMupT...,,0.0,0.0,0.0,,,0.0,0.0,,NO_ESTIMATE,,,,0.0,,0.0,,0.0,,False,,,,,0.0,,30.0
128,128,128,128,86,SN86,2026-09-02,8980785,0.005989978,0.0,,N/A,False,True,0.0,709.206653217,0.0,0.0,118398.856999575,2.080993178,,,,,,,,,0.0,,0,,,,,,,,,,0.0,,,5F4XAWGz...,287651.652432487,,,,True,8693284,1.0,0,5F1N5GEH...,,0.0,0.0,0.0,,,0.0,0.0,,NO_ESTIMATE,,,,0.0,,0.0,,0.0,,False,,,,,0.0,,30.0
