combined_apy_rank,real_apy_rank,emission_rank,epr_rank,netuid,name,date,block,spot_price,moving_price,momentum_30d,ema_band,ema_lag_flag,low_emission,tao_emission,tao_reserves,alpha_outstanding,alpha_out_emission,alpha_in_pool,volume,ema_tao_inflow,pool_growth_real,pool_ema_divergence,flow_momentum,flow_price_divergence,emission_price_ratio,emission_price_ratio_raw,emission_apy,price_apy_7d,price_apy_30d,combined_apy_7d,combined_apy_30d,real_apy,gross_emission_rate,net_supply_delta,supply_days_gap,supply_defence,supply_defence_quality,burned_tokens,manual_burn,miner_burn_rate,liquidation_price,liquidation_haircut,owner_coldkey,owner_stake,owner_inflow_pct,owner_inflow_flag,large_entry_anomaly,immune,registered_at,vali_miner_share,best_validator_uid,best_validator_hotkey,best_validator_take,best_validator_raw_apy,best_validator_apy,best_validator_div_pct,best_validator_trust,burned_source,alpha_burned_cum,alpha_recycled_cum,recycled_tokens,recon_flag,recon_gap_relative,burn_coverage,owner_cut_emission,total_locked_alpha,locked_float_ratio,owner_locked_alpha,owner_lock_ratio,community_locked_alpha,commitment_class,gate_eligible,leader_is_owner,leader_pct_of_threshold,leader_blocks_to_threshold,governance_flag,basket_alpha,basket_share,ema_halving_days
1,1,82,15,103,Capcomp,2026-10-03,9203406,0.000916385,0.0009581248741596937,-0.04356412748004366,IN BAND,False,True,1.214e-06,290.65232253,242723.666562238,1.0,317172.69068649,37064.43281626,,14281.950303951511,,,,,,0.01097666095432869,-15.677941867943096,-0.5300302176738645,-4.6186873547476495,10.529224295521582,11.059254513195446,10.827127149243772,-11.048277852241117,1,0.0,,0.0,0.0,0.0,0.001197461815926682,0.30672350150502464,5H3SQ4du...,1096986.266789539,,,,True,8762380,0.0,103,5H6VKx1U...,,0.9322458628238622,0.9322458628238622,0.018555536905070728,,COUNTER,60139.256694016,0.014698804,0.0,DIVERGENT,1.0,0.0,1295.967040512703,0.0,0.0,0.0,0.0,0.0,NEITHER,False,,,,,66470.40418930505,0.27385217573030124,30.0
2,3,37,16,85,Vidaio,2026-10-03,9203406,0.006117472,0.006316928891465068,-0.03157497810915024,IN BAND,False,False,0.000953359,13940.585339202,3072861.147049808,1.0,2278814.579404701,1496954.790432401,-0.006693889346863315,76638.0026608468,ACCUMULATING_PRE_EMA,0.0,,,,0.17972182595192362,8.60711073243756,-0.3841622336613279,16.7911983388412,7.799925372742309,8.184087606403637,0.8552290110873021,-8.004365780451712,1,0.0,,0.0,0.0,3.0518043793392735e-05,0.004536679228928413,-0.2584062127414048,5GTPBjA4...,2654414.971060569,,,,False,5258781,0.9000350968214488,0,5FR392L6...,0.179995422293431,0.40592221805405637,0.3328580769971303,1.0,,COUNTER,513164.203276716,0.0,0.0,DIVERGENT,1.0,0.0,1295.967040512703,140563.113730812,0.04574339906824746,140563.113730812,0.04574339906824746,0.0,DORMITORY,True,True,0.457433990682475,,,33220.372867681996,0.010810892935912905,30.0
3,2,36,17,91,cascade,2026-10-03,9203406,0.00522621,0.0055923492182046175,-0.06547145106974624,IN BAND,False,False,0.001041784,3384.064212005,1205061.581233552,1.0,647517.840331567,192753.935564407,-0.00013977869327964234,33746.83770293533,ACCUMULATING_PRE_EMA,0.0,,,,0.8090296697939711,-0.24199567035421884,-0.7965693213485792,8.273491838968361,7.718918187974001,8.51548750932258,2.180801413741751,-7.7064578395286105,1,0.0,,0.0,0.0,1.5259021896585345e-05,0.0028082085303399425,-0.462668256664018,5HEe7NjS...,412939.313221298,,,,False,7633645,0.0,9,5CsvRJXu...,0.0899977111467155,0.7412138129626215,0.6745062663256558,0.02520982755989623,,COUNTER,399376.775480423,9542.545852108,0.0,DIVERGENT,1.0,0.0,1295.967040512703,152159.491459508,0.1262669840521769,152159.491459508,0.1262669840521769,0.0,DORMITORY,False,True,1.2626698405217691,0,,33935.30127193801,0.02816063660182445,30.0
4,4,1,18,90,KubeTEE,2026-10-03,9203406,0.022809729,0.023320975014939904,-0.02192215439587704,IN BAND,False,False,0.013713703,3710.856799698,415259.053874383,1.0,162687.45632988,99168.662859112,,7521.533467196103,,,,,,9.711938085817001,5.375186852183303,-0.2667195451498373,12.814654450699164,7.172748053366024,7.439467598515861,6.328579655231255,2.2724704873011405,1,0.0,,0.0,0.0,1.5259021896696368e-05,0.008936245375207508,-0.6082265872072611,5C9y6fnL...,477344.852688167,,,,True,8618670,0.12451551866206856,0,5EKtGWqs...,0.179995422293431,1.0430971323662142,0.8553444235328905,0.33760109873340455,,COUNTER,0.0,117929.081067535,356.5216070109891,DIVERGENT,0.752050287932729,0.0,1295.967040512703,91096.431068977,0.21937253437112036,91096.431068977,0.21937253437112036,0.0,DORMITORY,False,True,2.1937253437112036,0,,54577.996160779,0.13143120096133773,30.0
5,5,47,7,18,Zeus,2026-10-03,9203406,0.003863299,0.003899945179000497,-0.009396588238680992,IN BAND,False,False,0.000283632,9978.642323043,3293327.401120525,1.0,2582933.024384357,887869.618089382,0.00033872464815844845,52485.42665957799,,0.0,,0.08767756473378023,0.08767756473378023,0.07469802723349783,2.2763880562051413,-0.11432515690395206,7.305902963094978,4.915189749985885,5.029514906889837,0.7979771458816536,-4.954816879656339,1,0.002034821069662117,MINER_BURN_ONLY,16.2667305470095,15.72619495534093,0.0001831082627603564,0.003029957580181022,-0.21570720252793743,5GgvCi6h...,2156697.314584929,,,,False,1604679,0.01333882758725935,10,5E4z3h9y...,0.0899977111467155,0.29641041356981507,0.2697341547884804,0.05818797784187154,,COUNTER,342984.200961268,30745.295806132,0.0,DIVERGENT,0.9711916480440695,0.01213471829431667,1295.967040512703,472285.796249436,0.1434068766101861,375000.0,0.11386660186667431,97285.79624943598,DORMITORY,True,True,1.138666018666743,0,,14128.078938978,0.004289910239161478,30.0
6,6,71,19,74,Gittensor,2026-10-03,9203406,0.003165148,0.0032063727267086506,-0.012857122431604471,IN BAND,False,True,9.379e-06,5901.703773175,3445393.955013849,1.0,1864590.000986761,362426.48028985,-0.0012658894502273344,51180.2931043182,ACCUMULATING_PRE_EMA,0.0,,,,0.004176423105482276,-1.5604230910180692,-0.15642832291785438,3.236544396107678,4.640539164207893,4.796967487125747,0.7627574768846533,-4.792791064020265,1,0.0,,0.0,0.0,0.0001373311970702673,0.0017129256770729074,-0.45881656179334823,5D1VXeeS...,216.588029224,,,,False,5086205,0.5010835393584225,195,5E2LP6En...,0.0,0.2887016349703179,0.2887016349703179,0.07369143903555624,,COUNTER,531791.422968235,190956.268654934,1331.802881096024,DIVERGENT,0.2931987653583542,0.0,1295.967040512703,378229.609193408,0.10977833424331519,378229.609193408,0.10977833424331519,0.0,DORMITORY,True,True,1.097783342433152,0,,17842.611872553007,0.005178685545259015,30.0
7,7,5,20,80,OpenRoboto,2026-10-03,9203406,0.026796281,0.027097166748717427,-0.011103956052219638,IN BAND,False,False,0.007730107,5477.373782529,2232429.010373887,1.0,204408.16388785,363800.824203566,-0.0002903473733555673,5079.267773384403,ACCUMULATING_PRE_EMA,0.0,,,,3.7088433257553466,2.909235066198551,-0.13509813196867226,6.036646769569574,2.9923135714023505,3.1274117033710227,1.177193087792683,0.5814316223843238,1,0.0027885066141373938,MINER_BURN_ONLY,26.004226240998833,25.86909234308169,4.57770656900891e-05,0.002453548917827246,-0.9084369611653481,5CG1eFia...,231244.733900595,,,ENTRY_REPEATED,False,7151800,0.6500335713849723,21,5FnDM5Hk...,,11.236955923630521,11.236955923630521,0.0,,COUNTER,259144.108167684,2501.379452446,0.0,DIVERGENT,0.9598230402264222,0.019961227048527028,1295.967040512703,314449.054503695,0.14085511926358235,314449.054503695,0.14085511926358235,0.0,DORMITORY,False,True,1.4085511926358276,0,,25450.825923698016,0.011400508506846322,30.0
8,8,56,21,88,Investing,2026-10-03,9203406,0.002815127,0.002827970078215003,-0.004541447702696104,IN BAND,False,True,8.8269e-05,5951.1581724,3263901.771545988,1.0,2113992.336953027,727999.378643551,-0.0006446650318909965,26344.296348861186,ACCUMULATING_PRE_EMA,0.0,,,,0.03897912394192845,-2.685192841894328,-0.0552542803828026,-0.48395804642443085,2.1459805150870945,2.201234795469897,0.805171290052401,-2.1622556715279684,1,0.0,,0.0,0.0,0.0005645838101777656,0.001823326370995889,-0.3523111493741174,5FhMsGJS...,2921979.953256503,,,ENTRY_PRE_EMA_PATTERN,False,5299805,0.5229778008488808,252,5FWKTXUk...,0.179995422293431,1.9829493068737818,1.626027508996569,0.0,,COUNTER,175269.313011837,0.0,0.0,DIVERGENT,1.0,0.0,1295.967040512703,1239130.835721422,0.379647097999059,1239130.835721422,0.379647097999059,0.0,DORMITORY,True,True,3.79647097999059,0,,12054.590860139997,0.003693306877440184,30.0
9,9,6,22,15,ORO,2026-10-03,9203406,0.024583288,0.024467097828164697,0.004748833419121418,IN BAND,False,False,0.007586065,14084.860983963,1640718.098287793,1.0,572944.832449333,601020.84419664,-0.0009198017926109515,,,,,,,1.4154331265817461,0.35893781478461195,0.05777747326597725,1.774370941366358,1.4732105998477234,1.4154331265817461,1.6017376798259897,,,,,,,0.0004272526131074983,0.008584570986729264,-0.6507964684492463,5EHdase3...,216.588029224,,,,False,7366897,0.0,134,5E2LP6En...,0.0,0.6171292528453574,0.6171292528453574,0.2344386626176924,,,375749.883265379,2797.563389807,,NO_ESTIMATE,,,,1010.651574802,0.0006159812437350983,1010.651574802,0.0006159812437350983,0.0,,False,True,0.0061598124373509824,,,27601.120687933006,0.016822585620733233,30.0
10,10,46,23,33,ReadyAI,2026-10-03,9203406,0.003871236,0.0038844170048832893,-0.003393303259335631,IN BAND,False,False,0.000293674,13330.473914447,2038975.238634826,1.0,3443466.490015131,914116.370710884,-0.0054386194078304825,12942.029305081349,ACCUMULATING_PRE_EMA,0.0,,,,0.057895561474643656,-4.233853254669948,-0.041285189655250173,-3.019735894123813,1.172832170890885,1.2141173605461353,1.2888827437451125,-1.1562217990714916,1,0.0,,0.0,0.0,0.008270389868009431,0.0065378302109113775,0.6888224357573078,5HinUfk5...,43255.728301017,,,,False,2943950,0.0,52,5G9hfkx9...,0.009994659342336155,0.5424946053918771,0.5370725566159302,0.030519906609085774,,COUNTER,588076.249106669,0.0,0.0,DIVERGENT,1.0,0.0,1295.967040512703,138809.800536348,0.06807821787442922,138808.045342108,0.06807735705267585,1.755194239987759,DORMITORY,True,True,0.6807735705267586,,,14032.796488096004,0.006882279010652191,30.0
11,11,21,24,49,Nepher Robotics,2026-10-03,9203406,0.008857256,0.008962353924289346,-0.011726598299640175,IN BAND,False,False,0.002202635,4706.226503493,2453568.877370854,1.0,531341.430489087,199197.236162319,-3.683535129229573e-05,8095.333416385285,ACCUMULATING_PRE_EMA,0.0,,,,1.2299715654789904,1.0657391215615237,-0.14267361264562212,2.2559300746050157,1.0475173403978697,1.1901909530434918,1.0710928167690403,0.03978061243549872,1,0.0,,0.0,0.0,3.0518043793392735e-05,0.0019181146887288542,-0.7834414305368554,5FL781vf...,1786270.289717701,,,,False,6783158,0.0,8,5CsvRJXu...,0.0899977111467155,0.43733185640343536,0.39797299031558214,0.019731420723332824,,COUNTER,790361.79236287,837.682351088,0.0,DIVERGENT,1.0,0.0,1295.967040512703,466379.245096928,0.19008198604013973,466379.245096928,0.19008198604013973,0.0,DORMITORY,False,True,1.9008198604013973,0,,23299.542260374004,0.009496184303307948,30.0
12,13,25,25,118,Ditto,2026-10-03,9203406,0.007130061,0.007095232838764787,0.0049086706562933,IN BAND,False,False,0.00169352,6278.79116156,2291024.374965724,1.0,880608.394913313,785713.312824583,-0.0019519015973399523,,,,,,,0.7088260216787067,-5.897043211056381,0.05972215965156848,-5.188217189377674,0.7685481813302751,0.7088260216787067,1.1470851330594496,,,,,,,4.57770656900891e-05,0.0027406042598974688,-0.6156268144273284,5HGXqHbQ...,1528272.956048452,,,,False,5724794,0.7500152597204419,34,5CaJhaYX...,0.009994659342336155,0.43085601449859534,0.42654975540808526,0.025484510911033115,,,346315.168595165,1788.13704218,,NO_ESTIMATE,,,,125394.448560018,0.05473291769839595,105310.447846845,0.045966533135825126,20084.00071317301,,True,True,0.4596653313582526,,,47930.30364269198,0.02092090514899435,30.0
13,91,91,26,76,Ormas,2026-10-03,9203406,0.005955083,0.005654345033690333,0.0531870560635718,IN BAND,False,True,0.0,507.624624638,107739.355262583,1.0,85242.236855437,9648.884393555,,-4030.6997574997367,,,,,,,-5.941573011305898,0.6471091821067901,-5.941573011305898,0.6471091821067901,,24.39220091483769,40.35810190381634,1,0.389502173541667,SKIN_IN_GAME,2804.4156495000025,2804.4156495000025,0.0,0.004711598871190701,-0.20881054534576576,5CLWmDjL...,519993.397167035,1.0740885921504806,BUYBACK_GAMING,,True,9003844,1.0,1,5E2LP6En...,0.0,2.029892789771143,2.029892789771143,0.6174446462087804,,COUNTER,26812.099619795,0.0,0.0,DIVERGENT,-0.8202834162297383,2.1639559972069473,1295.967040512703,0.0,0.0,0.0,0.0,0.0,EXPOSED,False,,,,,24033.762321997994,0.22307319607976828,30.0
14,12,12,27,53,engy,2026-10-03,9203406,0.033416503,0.034207961056381464,-0.023136662693136984,IN BAND,False,False,0.004635544,37603.983246134,5010420.85538697,1.0,1125311.812217317,1752900.257862007,-0.0011223092088040443,14440.730952345533,ACCUMULATING_PRE_EMA,0.0,,,,0.32396061747667204,-0.409756033877108,-0.28149606276649997,0.41004516693966386,0.5383051380502719,0.8198012008167719,0.5245068380183069,-0.4958405833400998,1,0.0,,0.0,0.0,0.00012207217517357094,0.007505154623030111,-0.7754057441908236,5H8SFVCx...,1965098.11651458,,,ENTRY_REPEATED,False,4203869,0.541517237169411,0,5GP7c3fF...,0.0009918364232852674,0.21630696591896448,0.21609242479155572,0.011170456279566612,,COUNTER,534620.11590158,0.0,0.0,DIVERGENT,1.0,0.0,1295.967040512703,154790.955702606,0.03089380316948466,140657.976400983,0.028073086165956326,14132.97930162301,DORMITORY,True,True,0.28073086165956324,,,29594.419545359004,0.005906573599209829,30.0
15,14,64,28,7,Allways,2026-10-03,9203406,0.002468666,0.0024824230931699276,-0.005541800351349652,IN BAND,False,True,3.9816e-05,5595.64698626,3126795.530415009,1.0,2266667.750699372,329143.425002082,-0.001063203871299582,11320.67356836563,ACCUMULATING_PRE_EMA,0.0,,,,0.01869961565783773,0.6568019862532409,-0.06742523760808743,1.2124105038590909,0.4881832799977625,0.55560851760585,0.8404770873045205,-0.5369089019480122,1,0.0,,0.0,0.0,3.0518043793392735e-05,0.0017895787977915232,-0.2750826568715561,5CAc19iE...,,,,,False,2627691,1.0,26,5DCaForB...,,0.2616315544973205,0.2616315544973205,0.00714176712955898,,COUNTER,36084.978602376,226754.858914325,99.26115179801127,DIVERGENT,0.8351816933738234,0.0,1295.967040512703,3211.260531444,0.0010270132793165983,3211.260531444,0.0010270132793165983,0.0,NEITHER,True,True,0.010270132793165982,,,13403.063655191996,0.004286517466466077,30.0
16,20,8,29,38,ChronoLLM,2026-10-03,9203406,0.02238316,0.021948608104139566,0.019798608358152565,IN BAND,False,False,0.006503999,9045.336674666,2007994.768937691,1.0,404113.611659383,279997.620662523,-0.0014355570088288021,-813.7167155843927,,0.0,,,,1.8896487755809426,-10.895443918306386,0.24088306835752288,-10.733073516848203,0.4032534698157057,0.16237040145818282,1.3087683497254907,1.7272783741227598,1,0.0,,0.0,0.0,6.103608758678547e-05,0.0045046614735213385,-0.7987477427887153,5GeWgtBA...,1982994.254931156,0.4381415212188448,BUYBACK_GAMING,,False,7284230,0.5203186278249988,4,5E2LP6En...,0.0,0.466036567319638,0.466036567319638,0.11228102301165843,,COUNTER,485297.062238849,10641.406258159,0.0,DIVERGENT,1.0,0.0,1295.967040512703,25894.847339546,0.012895873903718085,25894.847339546,0.012895873903718085,0.0,DORMITORY,False,True,0.12895873903718294,,,28217.62375059,0.014052638078095314,30.0
17,15,28,30,124,Swarm,2026-10-03,9203406,0.009232253,0.00923024513758719,0.00021753077874749483,IN BAND,False,False,0.001551714,11988.175062825,3591732.624810775,1.0,1298510.308915218,313269.668565811,-7.80977163950547e-05,7885.315315354848,ACCUMULATING_PRE_EMA,0.0,,,,0.34016056410833284,-2.648904647600769,0.002646624474761187,-2.2802175436048966,0.3713337284706334,0.36868710399587223,0.7316802987634561,-0.028526539887539417,1,0.0,,0.0,0.0,0.0002441443503471419,0.003337713664991023,-0.6384724654977476,5HKYqfJr...,2340024.775687482,,,,False,5813454,0.0352416856179123,254,5E2LP6En...,0.0,0.3412249586585648,0.3412249586585648,0.1339213502006684,,COUNTER,897004.632666029,6243.286010635,0.0,DIVERGENT,1.0,0.0,1295.967040512703,1000000.110795789,0.27841719171634405,1000000.110795789,0.27841719171634405,0.0,DORMITORY,True,True,2.78417191716344,0,,22625.770501215,0.006299402785419476,30.0
18,17,11,31,44,Score,2026-10-03,9203406,0.036341773,0.03604657668620348,0.008189302312014137,IN BAND,False,False,0.005059314,66676.984604789,4273245.870760655,1.0,1834720.221978616,2327705.568022817,-0.0010141890605900883,8116.172777941218,ACCUMULATING_PRE_EMA,0.0,,,,0.19940729579791222,3.452673520793722,0.09963651146283867,3.6959005550196204,0.3428635456887371,0.24322703422589845,0.6149891860849573,-0.04381973842798623,1,0.012565315493483997,MINER_BURN_ONLY,103.06665861903457,103.06665861903457,0.0,0.01560335787393395,-0.570649514707663,5CaCekux...,299687.210699242,,,,False,3550319,0.0,244,5Ggasr6f...,0.179995422293431,0.33261949080788483,0.2727495050968936,0.04044011048543393,,COUNTER,510057.912232458,2206.282255223,0.0,DIVERGENT,0.8280445960249798,0.07952876531355298,1295.967040512703,245862.449528441,0.05753529213255321,245862.449528441,0.05753529213255321,0.0,DORMITORY,True,True,0.5753529213255321,,,21748.307531134014,0.005089411699884876,30.0
19,92,92,32,58,SN58,2026-10-03,9203406,0.006458509,0.006346930516883731,0.0175799124977743,IN BAND,False,True,0.0,1009.744421231,650140.378706214,1.0,156343.255215894,25950.3338637,,-1752.6192276984511,,,,,,,5.991789282787647,0.2138889353895873,5.991789282787647,0.2138889353895873,,4.042203939447273,4.8056535701741785,1,0.3895021735386116,SKIN_IN_GAME,2804.4156494780036,2804.4156494780036,0.0,0.001553117533232441,-0.7595238261288416,5DCsuLti...,841443.488389456,0.26106961295952974,BUYBACK_JUSTIFIED,,True,8511017,1.0,0,5DsnuvVc...,0.179995422293431,2.004189723530972,1.6434447478878598,0.5651676305870504,,COUNTER,124245.326633819,0.045668707,0.0,DIVERGENT,-0.8202834162283286,2.1639559971899724,1295.967040512703,213417.539421567,0.3282637818101224,213417.539421567,0.3282637818101224,0.0,FORTRESS,False,True,3.2826378181012243,0,,47414.595660578,0.07292978134189039,30.0
20,18,20,33,75,Hippius,2026-10-03,9203406,0.016420267,0.016451918752864003,-0.0019238943091968732,IN BAND,False,False,0.002418907,32648.824318476,3730429.205479445,1.0,1988324.818651942,1579261.907614385,-0.01292806119265099,7870.967363002943,ACCUMULATING_PRE_EMA,0.0,,,,0.1947049466158765,-1.4078308302835354,-0.02340738076189529,-1.194711202489796,0.18971224703184414,0.21311962779373944,0.7044765776924166,-0.01841468117786295,1,0.0,,0.0,0.0,0.002456702525368115,0.008752028927534596,-0.46699837904373925,5DAQpczE...,1541285.4059012758,,,,False,5102795,0.0,0,5G1Qj93F...,0.0,0.29096128738725646,0.29096128738725646,0.4055179991149227,,COUNTER,784604.879643725,0.0,0.0,DIVERGENT,1.0,0.0,1295.967040512703,553125.14965227,0.1482738631897401,552609.767120331,0.14813570682661112,515.3825319390744,DORMITORY,True,True,1.4813570682661115,0,,44685.46419860902,0.011978638847501175,30.0
21,93,93,34,87,Provenonce,2026-10-03,9203406,0.00491889,0.004864322952926159,0.011217809261824694,IN BAND,False,True,0.0,1835.780405193,1943645.908395295,1.0,373210.226381621,120769.700321604,-0.0004810604927689679,-4401.976123952889,,0.0,,,,,7.693840595166552,0.1364833460188671,7.693840595166552,0.1364833460188671,,1.3520981309654898,2.0951387196954525,1,0.3690020591418175,MINER_BURN_ONLY,2656.814825821086,2656.814825821086,0.0,0.0009445035215846746,-0.8079844189268972,5HartH15...,4247.457153584,0.0,,,False,7208725,1.0,1,5E2LP6En...,0.0,0.5265667930369125,0.5265667930369125,0.37764959025774847,,COUNTER,800612.557379837,811.040088965,0.0,DIVERGENT,-0.8084323127632007,2.0500635762850976,1295.967040512703,167969.091820684,0.08641959479098842,167969.091820684,0.08641959479098842,0.0,FORTRESS,False,True,0.8641959479098892,,,22433.45726583601,0.011541946590651086,30.0
22,94,94,35,95,Actual,2026-10-03,9203406,0.031212032,0.030897952616214752,0.010165054872290295,IN BAND,False,True,0.0,23471.093439503,2992596.982532163,1.0,751988.623824005,684995.130963385,-0.0011390409750780188,-900.9690453347284,,0.0,,,,,-13.506915516081571,0.12367483427953192,-13.506915516081571,0.12367483427953192,,0.8781670286175113,0.928942536108813,1,0.36900205914264206,SKIN_IN_GAME,2656.814825827023,2656.814825827023,0.0,0.007843051896564807,-0.7487170365401136,5D5UhUuc...,492854.039858703,0.325694137670475,BUYBACK_JUSTIFIED,,False,5403674,1.0,0,5ExqqyEB...,0.179995422293431,2.186217268266901,1.7927081678400092,0.0,,COUNTER,1129028.383632439,14658.86980412,0.0,DIVERGENT,-0.8102991615747578,2.050063576289679,1295.967040512703,9024.997700073,0.003015774510484391,9024.997700073,0.003015774510484391,0.0,EXPOSED,True,True,0.03015774510484391,,UNDEFENDED_BURNER,17457.909610007,0.005833698861526994,30.0
23,19,35,36,11,TrajectoryRL,2026-10-03,9203406,0.007624298,0.007652780739590526,-0.0037218810468689586,IN BAND,False,False,0.001067575,20149.933985864,3425047.12403431,1.0,2642857.590608242,1019781.712621223,-0.004553696919034271,7800.086972035468,ACCUMULATING_PRE_EMA,0.0,,,,0.13923554796597515,-1.6833325128514232,-0.045282886070239,-1.5154393753863162,0.12261025139486789,0.1678931374651069,0.7672887130687182,-0.028657589499131757,1,0.0,,0.0,0.0,0.0,0.005883111459829991,-0.228373358461331,5D2Jhtbn...,2053933.602834941,,,,False,2918568,0.0,189,5GgqDcxk...,0.0,0.35791917958894065,0.35791917958894065,0.15734777964291163,,COUNTER,1146672.996281127,61854.263369892,100.0,DIVERGENT,0.8522571888226997,0.0,1295.967040512703,46180.459268605,0.013483160259181996,46180.459268605,0.013483160259181996,0.0,DORMITORY,True,True,0.13483160259181998,,,12698.592412914995,0.003707567210916946,30.0
24,21,3,13,107,Minos,2026-10-03,9203406,0.040316043,0.040424357168376446,-0.0026794283437901155,IN BAND,False,False,0.012445435,20852.39686441,1695291.900146645,1.0,517223.728836307,608898.312331542,0.001226016808458981,2020.4387467715424,,0.0,,0.03041014735645016,0.03041014735645016,1.568481714244671,-1.1386726444228663,-0.03259971151611307,-1.01157071707482,0.09450221583193319,0.12710192734804626,1.5501755183120232,1.4413797868966247,1,0.0,,0.0,0.0,0.0001831082627603564,0.012300180790462243,-0.694906050416152,5DA2vLrS...,1224246.816873487,0.35172330155495507,BUYBACK_GAMING,,False,7457580,0.0,2,5G9hfkx9...,0.009994659342336155,0.5687979326056959,0.5631129910346769,0.017182445217603613,,COUNTER,406798.248425295,11728.725039684,0.0,DIVERGENT,1.0,0.0,1295.967040512703,41164.694002343,0.024281773539283825,41164.694002343,0.024281773539283825,0.0,DORMITORY,False,True,0.24281773539283824,,,29446.194884809007,0.017369395136177947,30.0
25,95,95,37,94,Cathedral,2026-10-03,9203406,0.005129606,0.005090772872790694,0.0076281398089595095,IN BAND,False,True,0.0,2450.771637397,2069336.194235991,1.0,477769.96340047,137082.964320258,-7.290167659344193e-05,289.74958583299303,ACCUMULATING_PRE_EMA,0.0,,,,,5.241003141221907,0.0928090343423407,5.241003141221907,0.0928090343423407,,1.2699724710369116,1.1333985212091657,1,0.36900205914291695,MINER_BURN_ONLY,2656.814825829002,2656.814825829002,0.0,0.0011843274399894392,-0.769119218905031,5CnwnkkC...,854029.190705171,,,,False,6962737,1.0,0,5EeKtCKE...,0.179995422293431,1.751835040133882,1.4365127522965542,0.38855486036929654,,COUNTER,833406.415060252,0.075116968,0.0,DIVERGENT,-0.810152802337757,2.0500635762912056,1295.967040512703,273.723032556,0.00013227576713655264,273.723032556,0.00013227576713655264,0.0,EXPOSED,False,True,0.0013227576713655265,,,21575.699067056004,0.010426386551955063,30.0
26,96,96,38,109,Finsight,2026-10-03,9203406,0.00245699,0.0024444276932626963,0.005139160700857653,IN BAND,False,True,0.0,1296.451111661,1723967.873823698,1.0,527658.063380557,70682.889113923,-0.000708007104294364,-4027.4959777240874,,0.0,,,,,1.1521485735109287,0.06252645519376811,1.1521485735109287,0.06252645519376811,,1.5243903554717593,2.284636260059066,1,0.389502173540564,SKIN_IN_GAME,2804.4156494920608,2804.4156494920608,0.0,0.0007520158184766626,-0.6939280100950095,5FqZqKFx...,726072.009011785,0.37715264935253334,BUYBACK_GAMING,,False,7257480,1.0,0,5DyQkk4x...,0.179995422293431,2.0621847831019986,1.691000962220467,0.38965617226486793,,COUNTER,780277.088595874,1308.746301495,0.0,DIVERGENT,-0.8202834162292294,2.1639559972008193,1295.967040512703,226628.17342525,0.13145730663912952,226628.17342525,0.13145730663912952,0.0,FORTRESS,False,True,1.3145730663912956,0,,23141.881281068,0.013423615156899734,30.0
27,97,97,39,72,StreetVision by NATIX,2026-10-03,9203406,0.002125102,0.002116679446771741,0.0039791349800767295,IN BAND,False,True,0.0,6182.504872564,2602402.361600868,1.0,2909273.57131932,247546.388787834,-0.000693472829379333,-5318.143296345603,,0.0,,,,,2.3576425689232576,0.04841280892426687,2.3576425689232576,0.04841280892426687,,1.0098361570742602,1.6928382219409792,1,0.3690020591434829,MINER_BURN_ONLY,2656.8148258330766,2656.8148258330766,0.0,0.0023756913856936525,0.11791875669669158,5FjP8fFb...,0.01794355,2.4972959793979536e-07,,,False,5064327,1.0,41,5GP7c3fF...,0.0009918364232852674,0.3816448465067005,0.381266317247176,0.3572660267659581,,COUNTER,536483.380069499,0.0,0.0,DIVERGENT,-0.8102991615751901,2.0500635762943498,1295.967040512703,343545.208069784,0.13201079630839718,337556.975449887,0.1297097560433502,5988.232619896997,FORTRESS,True,True,1.2970975604335042,0,,10608.458551847996,0.004076409823622433,30.0
28,98,98,40,31,rec4ll,2026-10-03,9203406,0.004169686,0.004154590656980872,0.003633412835453033,IN BAND,False,True,0.0,1840.920304311,1931897.214729251,1.0,441500.912063553,57586.377218121,-3.4653599990985635e-05,-652.0247241905308,,0.0,,,,,2.1927841489993667,0.044206522831345234,2.1927841489993667,0.044206522831345234,,1.3603208182937958,1.3935748160187345,1,0.3690020591451483,SKIN_IN_GAME,2656.8148258450674,2656.8148258450674,0.0,0.0009529079964893468,-0.7714676844996609,5H3mfhC8...,970889.228984874,0.7970911777004251,BUYBACK_JUSTIFIED,,False,7173591,1.0,0,5CDZ527X...,0.179995422293431,1.6299374879447288,1.3365562014902233,0.4687452309007112,,COUNTER,814055.885475066,729.248648798,0.0,DIVERGENT,-0.8102991615762215,2.0500635763036024,1295.967040512703,541285.416101024,0.280183341004963,541285.416101024,0.280183341004963,0.0,FORTRESS,False,True,2.8018334100496305,0,,20123.927740132,0.010416665848836219,30.0
29,99,99,41,12,Compute Horde,2026-10-03,9203406,0.004900645,0.004885073518380523,0.003187563413506171,IN BAND,False,True,0.0,12818.690791851,3725336.556224274,1.0,2615714.62794269,426213.591736068,-0.0016389071287063602,-3838.4434568113647,,0.0,,,,,2.137097124144941,0.03878202153099175,2.137097124144941,0.03878202153099175,,0.705439618766565,1.0351019233651975,1,0.3666656540627145,SKIN_IN_GAME,2640.1728877821006,2639.9927092515445,6.103608758678547e-05,0.003440948381008313,-0.29785806133512777,5ELzhHvg...,1658831.521770492,6.171879142048922,BUYBACK_GAMING,,False,2256433,0.0061650211350352535,157,5Hdt5YNb...,,3.0073973192645123,3.0073973192645123,0.0,,COUNTER,1674445.568206463,0.0,0.0,DIVERGENT,-0.8091034104878679,2.0370832179552387,1295.967040512703,3870.537061652,0.0010389764799062587,3870.537061652,0.0010389764799062587,0.0,EXPOSED,True,True,0.010389764799062586,,UNDEFENDED_BURNER,10742.582135729996,0.0028836541272442466,30.0
30,100,100,42,24,Quasar,2026-10-03,9203406,0.004951751,0.004937921650707722,0.00280064170120968,IN BAND,False,True,0.0,9637.833951148,4107976.184081159,1.0,1946348.685342388,1604401.048437573,-0.003987432863262727,-10069.635439519072,,0.0,,,,,3.10448318024118,0.03407447403138444,3.10448318024118,0.03407447403138444,,0.6397310700543438,1.4957249995020376,1,0.36900205914513207,,2656.814825844951,2656.814825844951,0.0,0.0023461270268546404,-0.5262025439375606,5ELutYW7...,338226.262920491,0.05933062680554935,,,False,2538424,1.0,155,5ELpkVn8...,0.179995422293431,3.185695881168434,2.612285205739078,0.0,,COUNTER,734821.036079821,0.0,0.0,DIVERGENT,-0.8102991615760379,2.050063576303512,1295.967040512703,700000.000065042,0.17040020893441785,0.0,0.0,700000.000065042,EXPOSED,True,False,1.18820654316862,0,TAKEOVER_IMMINENT,15388.021223052998,0.0037458886160740665,30.0
31,101,101,43,113,LongShort,2026-10-03,9203406,0.001862432,0.0018574343994259834,0.002690593312776503,IN BAND,False,True,0.0,1569.638237856,1654791.983696771,1.0,842789.397483987,69316.416451258,-0.0004889739469761811,4798.715443332447,ACCUMULATING_PRE_EMA,0.0,,,,,-3.6047717986756815,0.03273555197211411,-3.6047717986756815,0.03273555197211411,,1.5881150174108907,0.41900028527571676,1,0.38950217354292466,MINER_BURN_ONLY,2804.4156495090574,2804.4156495090574,0.0,0.0009485411177479,-0.4906975837249897,5GndoVhM...,542866.678380845,,,,False,7119664,1.0,0,5FRumLA6...,0.179995422293431,2.5495904978409842,2.0906758795067772,0.3106827235679289,,COUNTER,835412.397898535,0.0,0.0,DIVERGENT,-0.8202834162303186,2.163955997213934,1295.967040512703,54701.060970868,0.033056155401881365,54701.060970868,0.033056155401881365,0.0,FORTRESS,False,True,0.33056155401881654,,,23933.807185094003,0.014463332806112809,30.0
32,23,73,44,92,Available,2026-10-03,9203406,0.0013977,0.0013969868887215853,0.0005104638305283558,IN BAND,False,True,5.467e-06,597.697022577,602848.243374142,1.0,427628.936264208,81555.923554382,-2.6195570558567144e-05,,,,,,,0.024037723892374078,-3.740652062907628,0.006210643271428329,-3.716614339015254,0.030248367163802407,0.024037723892374078,4.359306059002648,,,,,,,0.0,0.0009914551948126936,-0.29065236115568893,5E9LPDS2...,683596.702316031,,,,True,8352006,0.0,1,5E2LP6En...,0.0,0.8135106769086458,0.8135106769086458,0.3427280911906978,,,233189.127320904,0.041020142,,NO_ESTIMATE,,,,45630.176225092,0.07569098313980294,45630.176225092,0.07569098313980294,0.0,,False,True,0.7569098313980342,,,45066.85722270099,0.07475655393878526,30.0
33,102,102,45,121,sundae_bar,2026-10-03,9203406,0.004060019,0.0040513507556170225,0.00213959365798163,IN BAND,False,True,0.0,5924.101337391,3029376.718270534,1.0,1459131.21732264,554235.831098174,-0.0014768339828714987,-802.273808714468,,0.0,,,,,2.5555628926089997,0.026031722838776496,2.5555628926089997,0.026031722838776496,,0.8675051815610177,0.9056867728609445,1,0.3895021735415341,SKIN_IN_GAME,2804.4156494990457,2804.4156494990457,0.0,0.001955551220045376,-0.5183393919965951,5CXGaDJs...,1908315.23212025,4.045634560483717,BUYBACK_GAMING,,False,5766528,1.0,0,5EL9y2gd...,0.179995422293431,0.9758118985533825,0.8001702237943117,0.7282812714593093,,COUNTER,1361793.63942016,0.0,0.0,DIVERGENT,-0.820283416229677,2.163955997206209,1295.967040512703,202885.709556554,0.06697275658485324,202885.709556554,0.06697275658485324,0.0,FORTRESS,True,True,0.6697275658485324,,,12748.165394568998,0.004208180949461743,30.0
34,16,78,46,16,kenju,2026-10-03,9203406,0.001051618,0.0010808194056153297,-0.027017839857071055,IN BAND,False,True,1.964e-06,345.053059566,552070.675564313,1.0,328116.156751726,81220.775127877,0.000900611716787907,7219.5245598202455,,0.0,,,0.8564057640587237,0.014958256004140011,-3.4003742539397765,-0.3287170515943645,-3.047417307362318,0.024239894983094146,0.35295694657745863,4.760260083210766,-0.3379986905733186,1,0.0,,0.0,0.0,0.0,0.0006250160981894126,-0.4056624190633742,5FkKY8WJ...,603367.627327312,,,ENTRY_REPEATED,True,8460646,1.0,1,5E2LP6En...,0.0,0.7493502231192215,0.7493502231192215,0.4692902812323562,,COUNTER,63578.799840379,0.04568655,0.0,DIVERGENT,1.0,0.0,1295.967040512703,7333.737256624,0.013284055069810827,0.0,0.0,7333.737256624,NEITHER,False,False,0.11633777033817616,,,49608.208706841986,0.08985843824458473,30.0
35,103,103,47,117,everyframe.studio,2026-10-03,9203406,0.002756431,0.002751699648797512,0.0017194286464206573,IN BAND,False,True,0.0,3001.723727646,1926434.681487807,1.0,1088989.214721832,238777.027607261,-0.0007537834211656891,730.1445588541683,ACCUMULATING_PRE_EMA,0.0,,,,,-0.9387682251239232,0.020919715198117996,-0.9387682251239232,0.020919715198117996,,1.3641780981488385,0.5999785056566598,1,0.0,,0.0,0.0,0.0,0.001558175710026013,-0.43471260117666183,5FFDV7LG...,1509514.310290484,,,,False,5710859,1.0,21,5ENf2ZAo...,0.013550011444266423,1.3805738420137168,1.361867050654776,0.03557040835011902,,COUNTER,289424.602021989,202733.614605967,2804.4156495460193,OK,0.15233877885597924,0.0,1295.967040512703,184995.455974437,0.09602996548606722,154144.143623114,0.080015245315282,30851.312351322995,DORMITORY,True,True,0.8001524531528199,,,22095.89438156399,0.01146983834640014,30.0
36,104,104,48,27,Orion,2026-10-03,9203406,0.002226517,0.0022257938981056213,0.0003248736978720275,IN BAND,False,True,0.0,6084.985880989,3465648.829026447,1.0,2732960.717474535,834454.320412398,-0.002571603639063033,64.64487853087485,ACCUMULATING_PRE_EMA,0.0,,,,,-0.5102923482307874,0.003952629990776334,-0.5102923482307874,0.003952629990776334,,0.7582995651461446,0.6997926230267084,1,0.36900205914183365,MINER_BURN_ONLY,2656.8148258212022,2656.8148258212022,0.0,0.0017557999039095845,-0.21141410377303,5GLT9wjW...,90942.517992889,,,,False,1727132,1.0,203,5H6Bqkzj...,0.179995422293431,11.847989658482419,9.715405756575672,0.0,,COUNTER,1378698.049247665,0.0,0.0,DIVERGENT,-0.8102991615743422,2.0500635762851873,1295.967040512703,29259.979274079,0.008442857518919067,29259.979274079,0.008442857518919067,0.0,FORTRESS,True,True,0.08442857518919068,,,10719.822480164,0.003093164659494759,30.0
37,105,105,49,52,Dojo,2026-10-03,9203406,0.006041485,0.00604098429903388,8.288400388657299e-05,IN BAND,False,True,0.0,17510.880519839,3185021.499185911,1.0,2898439.758075504,767342.543705123,-0.001055169699966047,-3413.520082036499,,0.0,,,,,-0.33051408537672866,0.001008422047286638,-0.33051408537672866,0.001008422047286638,,0.8251121697833798,1.1622218279121321,1,0.36900205914206,SKIN_IN_GAME,2656.814825822832,2656.814825822832,0.0,0.0054978845588058885,-0.0899779509829308,5Fv1ZvNP...,51205.364650146,0.31131855490703225,BUYBACK_JUSTIFIED,,False,3989825,1.0,130,5E2LP6En...,0.0,0.38611692349154547,0.38611692349154547,0.7429269037082252,,COUNTER,1230371.715845127,0.0,0.0,DIVERGENT,-0.8102991615744586,2.050063576286445,1295.967040512703,167638.354572778,0.0526333510199621,167638.354572778,0.0526333510199621,0.0,FORTRESS,True,True,0.526333510199621,,,9990.914172323002,0.0031368435581601794,30.0
38,106,106,50,30,Endure Network,2026-10-03,9203406,0.003214622,0.0032152123749256134,-0.00018361926267069164,IN BAND,False,True,0.0,8267.848161758,3490245.387684728,1.0,2571950.326108303,417908.370075949,-0.0016359655505931488,3161.503059776034,ACCUMULATING_PRE_EMA,0.0,,,,,-1.1029100421156535,-0.002234034362493415,-1.1029100421156535,-0.002234034362493415,,0.7529556544284404,0.3699670360123222,1,0.36900205914167195,MINER_BURN_ONLY,2656.814825820038,2656.814825820038,0.0,0.002368844377226588,-0.26310328952312656,5HTogQKF...,62530.950397664,,,,False,3250216,1.0,176,5HW12NvE...,0.179995422293431,17.56164098855315,14.4006260026529,0.019167671341584386,,COUNTER,863443.754473182,18187.150616168,0.0,DIVERGENT,-0.8102991615742591,2.050063576284289,1295.967040512703,4962.596266974,0.0014218473819876498,4962.596266974,0.0014218473819876498,0.0,EXPOSED,True,True,0.014218473819876497,,UNDEFENDED_BURNER,10690.143837273,0.003062863108420111,30.0
39,107,107,51,73,Parked,2026-10-03,9203406,0.003097179,0.003097762353718281,-0.00018831454826764496,IN BAND,False,True,0.0,6840.331200795,3593277.26477288,1.0,2208567.644732913,582080.74780587,-0.0012004820451322843,1074.3443306004629,ACCUMULATING_PRE_EMA,0.0,,,,,-2.32729918383186,-0.002291160337256347,-2.32729918383186,-0.002291160337256347,,0.7313657717883086,0.5719641507827559,1,0.36900205914209233,MINER_BURN_ONLY,2656.814825823065,2656.814825823065,0.0,0.0019036469208360287,-0.3853610266516631,5GHtVze5...,1439194.238513043,,,,False,5160047,1.0,0,5Dnkprjf...,0.179995422293431,1.1192761242321367,0.9178115455880185,0.49506310375875595,,COUNTER,1622163.724003337,0.0,0.0,DIVERGENT,-0.8102991615744752,2.0500635762866244,1295.967040512703,1003579.475032606,0.2792936367230318,935528.304996868,0.26035516773738304,68051.17003573803,FORTRESS,True,True,2.603551677373832,0,,11301.746447110994,0.0031452475315247746,30.0
40,108,108,52,104,TAOstatus,2026-10-03,9203406,0.004142017,0.004143745172768831,-0.00041705575434237475,IN BAND,False,True,0.0,5909.348065356,3248573.427880384,1.0,1426683.589779073,76189.897523283,-0.0017383027949343672,226.22874335432425,ACCUMULATING_PRE_EMA,0.0,,,,,-0.36542814332805396,-0.0050741783444988925,-0.36542814332805396,-0.0050741783444988925,,0.808970478378476,0.4122900604702986,1,0.0,,0.0,0.0,0.0,0.0018190594107062273,-0.5608276328401772,5HBb3F1b...,1192989.241008433,,,,False,5528520,1.0,25,5Coeuhim...,0.179995422293431,1.282914307544942,1.0519956049921055,0.4204382457960753,,COUNTER,340321.172598343,245225.241582765,2804.415649493021,OK,0.1523387788582779,0.0,1295.967040512703,3017.92106809,0.0009289988775347218,3017.92106809,0.0009289988775347218,0.0,NEITHER,True,True,0.009289988775347218,,,12305.237142532,0.00378788948925217,30.0
41,22,22,53,56,Gradients,2026-10-03,9203406,0.014887927,0.014931665733456612,-0.0029292601533804806,IN BAND,False,False,0.002060473,49433.619411285,2830310.150132946,1.0,3320382.890476239,2866955.712137597,-0.009019599530651996,6984.486356304493,ACCUMULATING_PRE_EMA,0.0,,,,0.109539279310061,-4.143982288171814,-0.03563933186612918,-4.116825497203043,-0.008482540897358101,0.027156790968771077,0.9285201481811302,0.08238248834128992,1,0.0,,0.0,0.0,6.103608758678547e-05,0.01746579589836223,0.1731516347683751,5EJ1zbdw...,15208.917281183,,,,False,4312927,0.09799942012177443,50,5G9hfkx9...,0.009994659342336155,0.45041712394479516,0.4459153582290121,0.023027972348120682,,COUNTER,841047.343861356,0.0,0.0,DIVERGENT,1.0,0.0,1295.967040512703,264724.185506575,0.0935318645181484,264724.185506575,0.0935318645181484,0.0,DORMITORY,True,True,0.935318645181484,,,22944.619197661003,0.008106750843748782,30.0
42,109,109,54,29,hoτfloaτ,2026-10-03,9203406,0.002537118,0.002539296168833971,-0.0008577844761492025,IN BAND,False,True,0.0,7944.854324496,2975418.637209836,1.0,3131447.912874559,210139.862434436,-0.011022358310089313,73.16804108116776,ACCUMULATING_PRE_EMA,0.0,,,,,-4.817555099430104,-0.01043637779314863,-4.817555099430104,-0.01043637779314863,,0.883237056841311,0.8141812757201699,1,0.0,,0.0,0.0,0.0,0.002670163527625879,0.052439629384947326,5HHHHHzg...,7225.324848665,,,,False,3379782,1.0,61,5CajPH81...,,0.33161023439563986,0.33161023439563986,0.0484961316018373,,COUNTER,610829.352749762,0.0,0.0,DIVERGENT,1.0,0.0,1295.967040512703,3165.974907187,0.0010640435156230171,3165.974907187,0.0010640435156230171,0.0,NEITHER,True,True,0.01064043515623017,,,10889.165555513995,0.0036597087278196195,30.0
43,110,110,55,42,Unknown,2026-10-03,9203406,0.0020231,0.0020248941145837307,-0.0008860288401300558,IN BAND,False,True,0.0,6650.54193498,2511710.45091038,1.0,3287301.811661197,372387.120079058,-0.0007519273179352004,-19280.865099002607,,0.0,,,,,1.4742791039175394,-0.010780017554915679,1.4742791039175394,-0.010780017554915679,,1.0462989470173483,3.8144326448354198,1,0.3690020591991682,,2656.814826234011,2656.814826234011,0.0,0.002647813935945317,0.30879043840903425,5EC5HHfL...,130624.218233705,0.07963669550344103,,,False,3613591,1.0,11,5Gbdb5s2...,0.179995422293431,8.24874611534537,6.764009574922481,0.0,,COUNTER,583852.212183439,0.0,0.0,DIVERGENT,-0.8102991616038174,2.0500635766037205,1295.967040512703,5444.016612431,0.002167453899973937,5444.016612431,0.002167453899973937,0.0,EXPOSED,True,True,0.021674538999739375,,UNDEFENDED_BURNER,11186.494220569999,0.004453735587442178,30.0
44,111,111,56,39,deprecated,2026-10-03,9203406,0.00690955,0.006919522304087877,-0.001441183892417758,IN BAND,False,True,0.0,17547.038913239,3643691.222401549,1.0,2539534.138995806,1113229.963103979,-0.008167090216750057,1160.8624611883424,ACCUMULATING_PRE_EMA,0.0,,,,,0.6597856255026608,-0.017534404024416052,0.6597856255026608,-0.017534404024416052,,0.7212466259058831,0.5553256517361521,1,0.3690020591448734,MINER_BURN_ONLY,2656.8148258430883,2656.8148258430883,0.0,0.0048157315870672995,-0.30303252931561403,5DkwfxC9...,446151.330696701,,,,False,3280104,1.0,136,5GP7c3fF...,0.0009918364232852674,2.7948047085533885,2.792032719447476,0.157243357902608,,COUNTER,1606946.448407277,0.0,0.0,DIVERGENT,-0.8102991615762555,2.050063576302075,1295.967040512703,432859.018407185,0.11879684418535567,431284.073998206,0.11836460547113747,1574.9444089789758,FORTRESS,True,True,1.183646054711377,0,,9314.661078778001,0.0025563804697585563,30.0
45,112,112,57,119,CapabilityForge Next,2026-10-03,9203406,0.002227255,0.0022305974271148443,-0.0014984447996820006,IN BAND,False,True,0.0,3047.651428069,1659948.801683776,1.0,1368343.593236258,73758.862546507,-0.0008647727937628405,2144.868545144098,ACCUMULATING_PRE_EMA,0.0,,,,,-1.0475742552072582,-0.018231078396131004,-1.0475742552072582,-0.018231078396131004,,1.5831813591685944,1.0035992604148996,1,0.3895021737216707,MINER_BURN_ONLY,2804.415650796029,2804.415650796029,0.0,0.001835991221522978,-0.1756708497576712,5GbLENPL...,107310.982575092,,,,False,5740660,1.0,0,5HMwvi1d...,0.179995422293431,10.67743871992701,8.755548628521517,0.06340607355409736,,COUNTER,929895.141562337,0.0,0.0,DIVERGENT,-0.8202834163127921,2.1639559982069927,1295.967040512703,20722.542632217,0.0124838444482125,20722.542632217,0.0124838444482125,0.0,FORTRESS,True,True,0.12483844448212501,,,19007.974331802,0.01145094012087673,30.0
46,113,113,58,37,Aurelius,2026-10-03,9203406,0.002728598,0.0027330354787409306,-0.0016236447625534636,IN BAND,False,True,0.0,7203.682288492,3526355.324934653,1.0,2640066.458975578,360325.55456953,-0.0011818962588911177,10963.603234034497,ACCUMULATING_PRE_EMA,0.0,,,,,-2.330167964194261,-0.019754344611067138,-2.330167964194261,-0.019754344611067138,,0.7452453759885073,-0.44180452737942955,1,0.36900205914474404,MINER_BURN_ONLY,2656.814825842157,2656.814825842157,0.0,0.0020428123727507497,-0.25133259910373396,5GRBbS3a...,23162.41639567,,,,False,3212175,1.0,110,5E2LP6En...,0.0,0.6469354872165536,0.6469354872165536,0.44519220497794865,,COUNTER,1362491.10003952,0.0,0.0,DIVERGENT,-0.8078931527366995,2.0500635763013566,1295.967040512703,45507.151093348,0.012904868313062381,45507.151093348,0.012904868313062381,0.0,FORTRESS,True,True,0.12904868313062381,,,10584.605783414,0.0030015709728883158,30.0
47,114,114,59,115,MoirAI,2026-10-03,9203406,0.002305413,0.0023106711450964212,-0.0022755921402228554,IN BAND,False,True,0.0,3338.441653984,1756805.801930124,1.0,1448087.913623632,162050.640199004,-0.0010310414951094963,3174.3600287856534,ACCUMULATING_PRE_EMA,0.0,,,,,-2.3381961800292435,-0.02768637103937807,-2.3381961800292435,-0.02768637103937807,,1.495896699061862,0.7331041866061856,1,0.3895021738156922,MINER_BURN_ONLY,2804.415651472984,2804.415651472984,0.0,0.0019002906583733975,-0.17572657984777676,5EkNnrTj...,110052.763222231,,,,False,5683635,1.0,0,5EhTo9AX...,0.179995422293431,10.426772189076686,8.550000925746426,0.06498084758954324,,COUNTER,1010851.828787131,0.0,0.0,DIVERGENT,-0.8202834163561737,2.163955998729348,1295.967040512703,2942.008322496,0.0016746349080039166,2942.008322496,0.0016746349080039166,0.0,EXPOSED,True,True,0.016746349080039163,,UNDEFENDED_BURNER,18956.692651481997,0.010790431492573128,30.0
48,115,115,60,126,Attelier,2026-10-03,9203406,0.004296525,0.004309401381760836,-0.0029879745746901145,IN BAND,False,True,0.0,2432.737805201,1447143.570297938,1.0,566210.5596438,69083.736075453,-0.0001583244541660852,1063.5902140497928,ACCUMULATING_PRE_EMA,0.0,,,,,-1.3750072798048851,-0.036353690658729725,-1.3750072798048851,-0.036353690658729725,,1.815991207741017,1.4261657849486273,1,0.3895021735391654,MINER_BURN_ONLY,2804.415649481991,2804.415649481991,0.0,0.0016810618207702417,-0.6087391971953516,5DqrUa2z...,580507.032284567,,,,False,7525773,1.0,1,5E2LP6En...,0.0,0.6368674437971491,0.6368674437971491,0.40743453579930416,,COUNTER,483774.84504072,5493.154491675,0.0,DIVERGENT,-0.8202834162286671,2.163955997193049,1295.967040512703,171439.094523612,0.11846723299770189,1096.553699538,0.0007577366351510247,170342.540824074,EXPOSED,False,False,1.0753140154575298,0,,40711.021740554,0.02813198536491608,30.0
49,116,116,61,10,Pareton,2026-10-03,9203406,0.006107078,0.006131637142971158,-0.00400531577432148,IN BAND,False,True,0.0,16105.759565579,3437134.469994644,1.0,2637228.010245429,1035985.146927538,0.0019830543029549486,4162.984839010052,,0.0,,,0.3247140945235919,,-0.8151065430023531,-0.04873134192091134,-0.8151065430023531,-0.04873134192091134,,0.7645903943944605,0.2692196036305052,1,0.3651894917301413,MINER_BURN_ONLY,2629.3643404570175,2629.3643404570175,0.0,0.004685810143937748,-0.23272469355430728,5HK5714c...,820417.529508435,,,,False,2869647,1.0,201,5GKbzKzG...,0.179995422293431,1.6229519275112105,1.3308280099568923,0.23575821392055427,,COUNTER,860536.965170598,0.0,0.0,DIVERGENT,-0.8084236994271826,2.0288821075394043,1295.967040512703,55891.390004214,0.016261042590021535,19453.751823938,0.005659875106361002,36437.638180276,FORTRESS,True,False,0.07456639795264436,,,23533.94597423801,0.006846966907953031,30.0
50,117,117,62,69,Herald,2026-10-03,9203406,0.005867098,0.005892436485737562,-0.0043001712108213345,IN BAND,False,True,0.0,3763.866520737,1358089.831707512,1.0,641520.893371246,80391.584269818,0.0011393261345515797,2956.4056646606186,,0.0,,,0.194189041081567,,-3.394373269353072,-0.05231874973165957,-3.394373269353072,-0.05231874973165957,,1.935070816851521,1.0078385311625109,1,0.369002059238329,MINER_BURN_ONLY,2656.814826515969,2656.814826515969,0.0,0.002771441500305418,-0.5276299287474969,5HBPFVcJ...,903321.915203524,,,,False,8138182,1.0,0,5FWB5CFZ...,0.179995422293431,1.7720946589681001,1.4531257324832034,0.4856785338236865,,COUNTER,394593.529082082,4110.268380516,0.0,DIVERGENT,-0.8102991616239497,2.0500635768212865,1295.967040512703,485.813350565,0.0003577181267561602,485.813350565,0.0003577181267561602,0.0,EXPOSED,False,True,0.0035771812675616014,,,22092.35439631401,0.016267226129318357,30.0
51,24,87,63,2,DSperse,2026-10-03,9203406,0.003049601,0.003053034655749798,-0.0011246697587697942,IN BAND,False,True,1.82e-07,7718.34826225,3353566.576114096,1.0,2530936.706765465,712699.079435304,-0.002026472196230547,6142.303766984958,ACCUMULATING_PRE_EMA,0.0,,,,6.196869896883487e-05,0.024804264243190745,-0.013683482065032495,-0.03543491257435749,-0.07392265888258073,-0.060239176817548236,0.7836433064183156,0.06030114551651707,1,0.2974290045740462,MINER_BURN_ONLY,2142.698286372004,2141.6172151886667,0.0003662165255207128,0.0023015342284313737,-0.24529988400732627,5EcYQ3W7...,2983816938146306.0,,,ENTRY_REPEATED,False,2734060,0.8048724641663232,14,5CFxLBvp...,0.179995422293431,0.618422386544084,0.5071091879223701,0.9079866939298684,,COUNTER,766505.163713923,0.159820748,0.0,DIVERGENT,-0.7646016213283799,1.6525244456382258,1295.967040512703,1144508.261830867,0.34128091268044897,1144508.261830867,0.34128091268044897,0.0,FORTRESS,True,True,3.4128091268044893,0,,11888.218220898996,0.0035449477298507438,30.0
52,118,118,64,25,UR,2026-10-03,9203406,0.006659039,0.006702829152345657,-0.006533084963135707,IN BAND,False,True,0.0,13192.727400447,4111795.251764995,1.0,1981175.591872768,766047.848990851,-0.00189072698649151,1335.2441627215594,ACCUMULATING_PRE_EMA,0.0,,,,,-0.36321738806248083,-0.07948586705148443,-0.36321738806248083,-0.07948586705148443,,0.6391368828182596,0.4764640211423709,1,0.3690020591430463,MINER_BURN_ONLY,2656.8148258299334,2656.8148258299334,0.0,0.0032085078640002804,-0.5181725375087486,5HTeZ516...,774457.80134646,,,,False,2998801,1.0,1,5CyQFykV...,0.179995422293431,1.6639184590335334,1.3644207533379575,0.19597729214992063,,COUNTER,1025901.113811811,0.0,0.0,DIVERGENT,-0.810187477941066,2.0500635762919246,1295.967040512703,1139812.915692537,0.27720565979136985,1139812.915692537,0.27720565979136985,0.0,FORTRESS,True,True,2.7720565979136995,0,,10199.309179436996,0.002480500257170861,30.0
53,119,119,65,120,Affine,2026-10-03,9203406,0.046091289,0.04640922322869301,-0.00685066903891728,IN BAND,False,True,0.0,76808.251706317,2718410.356521749,1.0,1666437.544733113,1551782.576977294,-0.0050901304439632976,5813.708155056927,ACCUMULATING_PRE_EMA,0.0,,,,,0.916530682563773,-0.08334980664016024,0.916530682563773,-0.08334980664016024,,0.9667414611245704,0.19637705662577937,1,0.12300068638236149,MINER_BURN_ONLY,885.6049419530027,885.6049419530027,0.0,0.028254840746190515,-0.38698089467208185,5EfNFhH2...,3114463.314732613,,,,False,5749344,1.0,60,5E2LP6En...,0.0,13.052488336758381,13.052488336758381,0.4735251930295724,,COUNTER,188525.853632295,0.0,0.0,DIVERGENT,-1.0,0.6833545254381197,1295.967040512703,48434.53308848,0.01781722651706374,48434.53308848,0.01781722651706374,0.0,FORTRESS,True,True,0.17817226517063842,,,20044.509524299992,0.007373614316989019,30.0
54,120,120,66,57,SN57,2026-10-03,9203406,0.002365024,0.00238260580226779,-0.007379232540714638,IN BAND,False,True,0.0,1240.709568752,1027152.976946961,1.0,524607.404986599,35677.378819842,-0.00013780237056893412,2128.43114668614,ACCUMULATING_PRE_EMA,0.0,,,,,-4.14971113225648,-0.08978066257869476,-4.14971113225648,-0.08978066257869476,,2.558528338993172,1.6303500038424168,1,0.3690020592251353,MINER_BURN_ONLY,2656.814826420974,2656.814826420974,0.0,0.0012079111842130856,-0.48926049620930456,5HdpnCSY...,810580.76554382,,,,False,8057320,1.0,0,5Ejcqsbx...,0.179995422293431,2.059664224148489,1.6889340923402096,0.5494788884989242,,COUNTER,470805.9751863,6427.093693354,0.0,DIVERGENT,-0.8102991616171669,2.050063576747986,1295.967040512703,1254.306998862,0.0012211491637693695,1254.306998862,0.0012211491637693695,0.0,EXPOSED,False,True,0.012211491637693696,,,34491.139513884,0.03357935992786887,30.0
55,25,27,5,83,CliqueAI,2026-10-03,9203406,0.008144316,0.008159139659255743,-0.0018168164628640274,IN BAND,False,False,0.001644916,8133.681986972,2905038.647452663,1.0,998694.275496348,155052.289863218,0.000950791968390149,3186.4639344210736,,0.0,,0.11674301051066154,0.11674301051066154,0.5314738460298843,-1.7555137918508235,-0.022104600298179,-1.8360450314557717,-0.10263583990312712,-0.08053123960494812,0.9046351250109566,0.6120050856348325,1,0.0,,0.0,0.0,0.001907377737087046,0.00279985328047328,-0.6562199599729087,5DqEjRLy...,1155943.869739512,,,,False,5231190,0.0,198,5E2LP6En...,0.0,0.39215428695521665,0.39215428695521665,0.09538851248245131,,COUNTER,345172.824104195,26063.92679357,0.0,DIVERGENT,1.0,0.0,1295.967040512703,8057.340853611,0.0027735744103357207,8057.340853611,0.0027735744103357207,0.0,NEITHER,True,True,0.027735744103357208,,,15097.029242354003,0.005196842821899156,30.0
56,121,121,67,116,for sale,2026-10-03,9203406,0.001892746,0.0019116706680506468,-0.009899544083052984,IN BAND,False,True,0.0,807.459766077,679488.806211227,1.0,426607.513894642,115780.97541662,0.0001614247536338362,7853.589322039683,,0.0,,,0.08528600965678237,,-3.530913005771705,-0.12044445301047797,-3.530913005771705,-0.12044445301047797,,3.867613382262335,-0.6208341117756733,1,0.38950217369124907,MINER_BURN_ONLY,2804.4156505769934,2804.4156505769934,0.0,0.0011883341692990183,-0.3721639515819776,5F48aA3P...,113988.081583286,,,ENTRY_REPEATED,False,8294730,1.0,0,5CXN6pP6...,0.179995422293431,9.452619942596622,7.751191624249635,0.0,,COUNTER,283154.550148275,1764.319155568,0.0,DIVERGENT,-0.8202834162987556,2.16395599803798,1295.967040512703,30.45052749,4.481387656669373e-05,30.45052749,4.481387656669373e-05,0.0,EXPOSED,False,True,0.00044813876566693724,,,38959.708457766,0.05733679216145162,30.0
57,122,122,68,84,SN84,2026-10-03,9203406,0.002368057,0.0024223497603088617,-0.022413262196264893,IN BAND,False,True,0.0,1449.566792233,893757.70301858,1.0,612133.386601473,70996.694093056,-0.004139727322791386,12126.641649727477,ACCUMULATING_PRE_EMA,0.0,,,,,-6.997215392834992,-0.2726946900545562,-6.997215392834992,-0.2726946900545562,,2.940394237861318,-2.2044982110206495,1,0.36900205914430545,MINER_BURN_ONLY,2656.8148258389992,2656.8148258389992,0.0,0.0016218789357979558,-0.3151013950264052,5FRdKaxK...,1012839.3997525099,,,ENTRY_PRE_EMA_PATTERN,False,8085297,1.0,0,5DvbToTj...,0.179995422293431,2.2404316595305622,1.8371642168537863,1.0,,COUNTER,87272.154669056,61159.068233539,0.0,DIVERGENT,-0.810299161575613,2.05006357629892,1295.967040512703,660.436412233,0.000738943463091216,660.436412233,0.000738943463091216,0.0,EXPOSED,False,True,0.00738943463091216,,,16834.116978406008,0.018835213303952974,30.0
58,26,83,69,112,for sale,2026-10-03,9203406,0.005887071,0.005919738672673702,-0.005518431552477265,IN BAND,False,True,9.2e-07,5497.05745465,2741365.31935035,1.0,933750.754291721,198351.817360709,-0.0010482548438311206,4936.408629585989,ACCUMULATING_PRE_EMA,0.0,,,,0.00043982803890012094,-2.1037913708252587,-0.06714091722180672,-2.3379185072440887,-0.3012680536406367,-0.23412713641882996,0.958646402013572,0.23456696445773006,1,0.33065084882456064,MINER_BURN_ONLY,2381.1032169370446,2381.0581723044056,1.5259021896696368e-05,0.002005226160792278,-0.6593847499389291,5GQjr3Qt...,1326466.308288138,,,,False,5633022,1.0,0,5C4xjnQk...,0.179995422293431,1.169896649846766,0.9593206083179272,0.5912378685222487,,COUNTER,1062967.477843495,0.0,0.0,DIVERGENT,-0.7882786049210594,1.8372829692971397,1295.967040512703,109192.016768061,0.03983125342591602,109192.016768061,0.03983125342591602,0.0,FORTRESS,True,True,0.39831253425916024,,,15192.162706053994,0.005541823484384868,30.0
59,27,40,70,111,Claims,2026-10-03,9203406,0.004346681,0.004360451828688383,-0.0031581196695677147,IN BAND,False,False,0.000446624,5596.927057985,3616121.82743314,1.0,1287632.2722222,212790.872731823,-0.0020882893709760026,2320.437800429063,ACCUMULATING_PRE_EMA,0.0,,,,0.20970933868531855,-1.5731170465159279,-0.03842378931307386,-1.8651303804863792,-0.33043712328352515,-0.2920133339704513,0.7267454265680683,0.5017226726557699,1,0.0,,0.0,0.0,3.0518043793392735e-05,0.0015477706020645633,-0.643918980467036,5CGTryXj...,2747376.351202683,,,,False,5615562,0.0,145,5E2LP6En...,0.0,0.37786946474170974,0.37786946474170974,0.07574694051942503,,COUNTER,734491.272679149,0.371911999,0.0,DIVERGENT,1.0,0.0,1295.967040512703,1221.604957048,0.00033782184764365126,1221.604957048,0.00033782184764365126,0.0,NEITHER,True,True,0.0033782184764365127,,,14200.253186165995,0.003926928865736217,30.0
60,28,54,71,79,MVTRX,2026-10-03,9203406,0.003095088,0.0030953302048146725,-7.82484577236865e-05,IN BAND,False,False,0.000124979,6988.584087885,3000631.400653073,1.0,2257959.772130148,490072.188368433,-0.0051205686723918425,2017.8569011949003,ACCUMULATING_PRE_EMA,0.0,,,,0.04699733277437023,0.9969044884541113,-0.0009520229023048523,0.6005429018802014,-0.3973136094762147,-0.39636158657390985,0.8758156698047046,0.4433589193482801,1,0.0,,0.0,0.0,0.006103608758678547,0.0023290378439564316,-0.24750512943204475,5Fxp7QBG...,3334542.811370358,,,,False,5173967,0.0,0,5EWwdZB7...,0.179995422293431,0.32312856265027173,0.26496690056096667,1.0,,COUNTER,444229.939659843,37317.847662374,0.0,DIVERGENT,1.0,0.0,1295.967040512703,1355085.827207694,0.45160022884275824,1355085.827207694,0.45160022884275824,0.0,DORMITORY,True,True,4.516002288427583,0,,13109.447958975998,0.004368896478295465,30.0
61,30,38,72,77,Liquidity,2026-10-03,9203406,0.005081162,0.005082470830529928,-0.0002575185522100798,IN BAND,False,False,0.00075214,11686.621449392,3386466.3402412,1.0,2299989.750737542,410607.096894573,-0.006935415302332664,2005.7557341726497,ACCUMULATING_PRE_EMA,0.0,,,,0.16913561618810152,-1.551215146546632,-0.0031331423852226374,-1.9907765906871946,-0.44269458652578536,-0.4395614441405627,0.7760301553190166,0.6086970603286642,1,0.0,,0.0,0.0,9.15541313801782e-05,0.0034509781805655343,-0.32082894019802277,5GxxsUeY...,2682592.290528526,,,,False,5128460,0.4980390361519328,42,5E7F9Awq...,,6.620032596128783,6.620032596128783,0.0,,COUNTER,140886.89655137,14115.257752168,0.0,DIVERGENT,1.0,0.0,1295.967040512703,369577.913917543,0.10913379221457727,369577.913917543,0.10913379221457727,0.0,DORMITORY,True,True,1.0913379221457726,0,,10737.953912238994,0.003170843242893177,30.0
62,31,24,73,34,BitMind,2026-10-03,9203406,0.01184966,0.011853245552629232,-0.00030249543159403873,IN BAND,False,False,0.001726562,34977.149810536,2840967.744292813,1.0,2951742.867401537,639152.985612207,-0.0033068888932364145,3129.4903358588926,ACCUMULATING_PRE_EMA,0.0,,,,0.12972483351497152,0.8309163604473597,-0.0036803610843941376,0.3869583853854546,-0.4476383361462993,-0.44395797506190515,0.9250369016963881,0.5736828085768767,1,0.010034466787877049,MINER_BURN_ONLY,85.07240425702184,82.77512799243041,0.0007782101167315147,0.012311702546007849,0.038992050911827794,5DthmKBR...,3025660.53816293,,,,False,3493948,0.7027823590495388,72,5E2LP6En...,0.0,0.33847026123633694,0.33847026123633694,0.0015717751903679175,,COUNTER,360277.846202016,70194.435210903,0.0,DIVERGENT,0.8713792467197347,0.06387132188152207,1295.967040512703,132807.237208191,0.04674718235537378,132807.237208191,0.04674718235537378,0.0,DORMITORY,True,True,0.4674718235537401,,,12839.111575424999,0.004519273969659578,30.0
63,36,19,74,28,SayGM,2026-10-03,9203406,0.021746714,0.021601569140329957,0.00671918131165106,IN BAND,False,False,0.002975568,22985.598677282,5175660.510348982,1.0,1056968.876116432,6613058.835553891,-0.0018433106521580824,-5066.149984105723,,0.0,,,,0.34020400398484096,-1.2980204961387967,0.08175003929175456,-1.852584491152799,-0.47281395572224777,-0.5545639950140023,0.507761278921828,0.8947679989988433,1,0.0901450001999029,SKIN_IN_GAME,739.3832360999659,737.8517185902383,0.0005188067444876765,0.0044410947416897205,-0.7957808824960995,5CA6rwAy...,3245867.445590462,0.2403842634663143,BUYBACK_GAMING,,False,4878363,0.2881177386604784,219,5FHBJCMk...,0.179995422293431,1.4470965980539146,1.1866258347878127,0.0,,COUNTER,1417525.832696306,33762.848582854,0.0,OK,-0.19577661283114825,0.5693445091769723,1295.967040512703,366500.059065973,0.07081222934408825,366495.127108396,0.07081127643043267,4.93195757700596,FORTRESS,True,True,0.7081127643043275,,,37176.39473032098,0.00718292760044539,30.0
64,34,67,75,20,Witness,2026-10-03,9203406,0.002272273,0.0022727749310433865,-0.00022084502804509178,IN BAND,False,True,3.7619e-05,6379.684365164,3228720.174636175,1.0,2807621.692827187,288564.567176972,-0.0009316292818717833,1890.072667859029,ACCUMULATING_PRE_EMA,0.0,,,,0.01549649266973705,-0.14343890611203344,-0.002686947841215283,-0.664000685866478,-0.5232487275956598,-0.5205617797544445,0.8139448009910408,0.5360582724241816,1,0.0,,0.0,0.0,0.0,0.0019759173976366313,-0.13042253389595734,5CFVA7aP...,1579392.648751612,,,,False,1970929,1.0,78,5Dc2Kn6m...,0.0,0.5670417832612309,0.5670417832612309,0.005966550692791308,,COUNTER,1435722.253812141,0.0,0.0,DIVERGENT,1.0,0.0,1295.967040512703,496789.055242741,0.15386562736076104,490747.250299895,0.15199435806021633,6041.804942846007,DORMITORY,True,True,1.5199435806021653,0,,11334.797892796001,0.003510616368008185,30.0
65,33,29,76,62,Ridges,2026-10-03,9203406,0.010392836,0.010400182800367475,-0.0007064106957056741,IN BAND,False,False,0.001548394,29667.304971562,2788789.175561252,1.0,2854591.774962578,4396916.903461749,-0.02595581615076601,2473.1692891651765,ACCUMULATING_PRE_EMA,0.0,,,,0.1371604005116261,-1.2452313142731128,-0.008594663464419035,-1.7624018886702972,-0.5257652378616035,-0.5171705743971844,0.9423444493508933,0.6543309749088104,1,0.04591298998761557,MINER_BURN_ONLY,380.5453265180113,379.8246123957865,0.0002441443503471419,0.010638059424334708,0.023595429037339497,5DhsVYew...,2613.818725773,,,,False,4474225,0.2740426441185,39,5DyBQppB...,,17.54436367392565,17.54436367392565,0.0,,COUNTER,193925.07818462,170981.9854291,0.0,DIVERGENT,0.5295837933193628,0.2930820001761175,1295.967040512703,147813.901558033,0.0530028956126757,147813.901558033,0.0530028956126757,0.0,FORTRESS,True,True,0.5300289561267575,,,15236.994316796001,0.005463659444149094,30.0
66,32,55,10,89,InfiniteQuant,2026-10-03,9203406,0.00300742,0.0030129996594041586,-0.0018518619432111752,IN BAND,False,False,0.000112701,6142.437768364,2950481.203693402,1.0,2042427.537115269,189329.795626549,0.00022740814707736934,2371.506644614972,,0.0,,0.07561569287873637,0.07561569287873637,0.04821835225184304,-0.5730361170177489,-0.022530986975735964,-1.0883136996312235,-0.5378085695892105,-0.5152775826134746,0.8907021663823104,0.5634959348653176,1,0.0,,0.0,0.0,0.0016327153429465113,0.002081842704395106,-0.30776456085445125,5Dc5NmEU...,110501.477167813,,,,False,5313364,0.0570092315216727,137,5FFQKsXc...,0.0,0.23917064672440314,0.23917064672440314,0.0009004059457314654,,COUNTER,601037.833009041,0.0,0.0,DIVERGENT,1.0,0.0,1295.967040512703,6094.632142656,0.002065640050520153,6094.632142656,0.002065640050520153,0.0,NEITHER,True,True,0.02065640050520153,,,14888.828802243997,0.005046237469198656,30.0
67,35,58,77,125,Refinery,2026-10-03,9203406,0.002751239,0.0027530458755791187,-0.0006563187323344914,IN BAND,False,True,7.955e-05,5446.479062234,2539086.540097823,1.0,1979645.884249509,243551.271963997,-0.00024021262101779379,2869.9561144697946,ACCUMULATING_PRE_EMA,0.0,,,,0.03838395367194348,-1.4764717929074407,-0.007985211243402977,-2.01549187189144,-0.5470052902274023,-0.5390200789839993,1.0350178926547149,0.5774040326559428,1,0.0,,0.0,0.0,0.0,0.0021450545210736157,-0.22033145027617895,5DTzv2rL...,28381.67814096,,,,False,5834408,1.0,133,5G9hfkx9...,0.009994659342336155,0.6369004929496118,0.6305348894876145,0.03212269189684114,,COUNTER,1305773.13013795,0.0,0.0,DIVERGENT,1.0,0.0,1295.967040512703,226023.662897553,0.08901770748185882,226023.662897553,0.08901770748185882,0.0,DORMITORY,True,True,0.8901770748185881,,,13468.47572312,0.005304457138590126,30.0
68,37,59,78,32,ItsAI,2026-10-03,9203406,0.002733095,0.0027329560834914446,5.0830128370741086e-05,IN BAND,False,True,7.7322e-05,6889.438988076,3624643.675713789,1.0,2520745.99640985,307316.454640108,-0.0011755096356559623,323.59912549424917,ACCUMULATING_PRE_EMA,0.0,,,,0.02949474062426495,-0.3052301261317889,0.0006184332285106832,-0.8615154575341137,-0.5556668981738142,-0.5562853314023248,0.7250367857145231,0.5857800720265898,1,0.0,,0.0,0.0,0.008300907911802824,0.0019007217272796575,-0.3045533626604061,5DWgkCSv...,89574.18631638,,,,False,2515294,0.0,82,5E7sa41c...,0.013550011444266423,0.2530147146614432,0.24958636238221285,0.8521027894768968,,COUNTER,17419.272873099,0.0,0.0,DIVERGENT,1.0,0.0,1295.967040512703,634410.218859858,0.17502692005578332,634410.218859858,0.17502692005578332,0.0,DORMITORY,True,True,1.7502692005578335,0,,12643.210167030998,0.0034881249850142065,30.0
69,29,61,79,60,Bitsec.ai,2026-10-03,9203406,0.003957219,0.003999137552455068,-0.010481898135595311,IN BAND,False,True,6.3636e-05,6937.525888688,4045577.228027818,1.0,1753131.359888877,978076.190642074,0.00042835187573598795,1711.477671704255,,0.0,,,0.10824568358132011,0.024105914800647606,0.4194524423315071,-0.12752976064974295,-0.01597021972806334,-0.5629524227093133,-0.4354226620595704,0.649598277791653,0.45952857686021803,1,0.1271015026844569,MINER_BURN_ONLY,929.8922904010396,929.8472457684006,1.5259021896696368e-05,0.0017148420355505068,-0.5666547553849036,5CXLwkK1...,157910.559621694,,,,False,4796992,0.8505050813318278,113,5CXLwkK1...,0.179995422293431,2.388206244473281,1.9583400529755037,0.0,,COUNTER,700944.574476627,0.0,0.0,DIVERGENT,-0.4435356179517234,0.717492973741477,1295.967040512703,1051541.780299169,0.2599237935724159,1051541.780299169,0.2599237935724159,0.0,FORTRESS,True,True,2.5992379357241604,0,,10967.452165814,0.0027109733784912897,30.0
70,38,18,6,68,NOVA,2026-10-03,9203406,0.021579216,0.021504124393686652,0.0034919629806174335,IN BAND,False,False,0.003084311,44612.371842766,3857023.106717506,1.0,2067376.902315965,1712081.594898744,0.0020257665134935203,-1323.7922676214948,DISTRIBUTING_PRE_EMA,0.0,,0.0938758161322228,0.0938758161322228,0.1816888224765915,1.6488428077808404,0.04248554959751211,1.0233625903663965,-0.5829946678169318,-0.6254802174144438,0.6813544869417549,0.8071690398910353,1,0.0,,0.0,0.0,0.0,0.011566529576934027,-0.4639967653628367,5EcdJLAe...,2558965.336766129,0.8223181078210966,BUYBACK_GAMING,,False,4972413,0.0,37,5CMC7cxY...,0.0,0.1691001486715176,0.1691001486715176,0.0017092712705074399,,COUNTER,682309.357738917,6247.123951755,0.0,DIVERGENT,1.0,0.0,1295.967040512703,537682.919056299,0.13940360329183782,537682.919056299,0.13940360329183782,0.0,DORMITORY,True,True,1.3940360329183796,0,,32696.703722911,0.008477186373596115,30.0
71,41,16,1,9,iota,2026-10-03,9203406,0.024306167,0.024262742837890983,0.0017897466250683812,IN BAND,False,False,0.003330776,53130.259879333,4035911.537296662,1.0,2185875.727448348,1137517.726909865,0.01301328860220348,-1828.2463497575372,DISTRIBUTING_PRE_EMA,0.0,,0.5353904053322549,0.5353904053322549,0.16475129893736723,-0.7188959450175718,0.021775250604998637,-1.4100697790110626,-0.6693985833884921,-0.6911738339934907,0.6511540145798858,0.8559251329308579,1,0.08748307092870389,,716.2380386269651,716.1929939943261,1.5259021896696368e-05,0.013164376718455223,-0.45839355425908074,5Fsbubec...,16124.435865868,0.17263063158107392,,,False,1489797,0.359782708212531,128,5G8vqtuA...,0.179995422293431,11.32412463888219,9.285834042403142,0.0,,COUNTER,1207556.968636476,46681.104420658,0.0,OK,-0.20032791323915017,0.5526321052972072,1295.967040512703,566487.003304132,0.1403616006121821,566487.003304132,0.1403616006121821,0.0,FORTRESS,True,True,1.4036160061218212,0,,15620.605290069003,0.0038704032894962834,30.0
72,49,30,4,61,RedTeam,2026-10-03,9203406,0.010992829,0.01090799062512815,0.0077776354772815135,IN BAND,False,False,0.001506688,13855.51676815,4959959.23498816,1.0,1260414.116973654,861047.646037431,0.001606769924520486,-7039.654056382133,DISTRIBUTING_PRE_EMA,0.0,,0.14616527961278084,0.14616527961278084,0.2857761374228906,1.039532816840898,0.09462789830692507,0.2606217321882245,-0.6842831863457484,-0.7789110846526734,0.5298430643263691,1.064687222075564,1,0.0,,0.0,0.0,0.0008545052262149966,0.0027934739201910144,-0.7458821637095406,5ECEsYL8...,,,,,False,4457976,0.0,217,5G9hfkx9...,0.009994659342336155,0.40729849111886585,0.4032276814494853,0.02817073356834379,,COUNTER,808370.14496251,0.0,0.0,DIVERGENT,1.0,0.0,1295.967040512703,1021287.884224886,0.20590650766252191,1021287.884224886,0.20590650766252191,0.0,DORMITORY,True,True,2.0590650766252194,0,,37006.556374581,0.007461060589678281,30.0
73,39,45,80,63,Enigma,2026-10-03,9203406,0.003986014,0.004002690548077226,-0.004166334588427329,IN BAND,False,False,0.000327785,10817.134293711,3380419.231345803,1.0,2713772.239275694,1243564.697381182,-0.0023243817583002914,501.99890771182254,ACCUMULATING_PRE_EMA,0.0,,,,0.07963467556290046,-1.670433811398873,-0.05069040415919917,-2.3174126104852157,-0.6976692032455419,-0.6469787990863428,0.7774183674117094,0.7266134746492433,1,0.0,,0.0899381359340623,0.0,3.0518043793392735e-05,0.003199938692043387,-0.19720836604101577,5CqTmNfg...,38578.315175683,1.7163029612784975,BUYBACK_GAMING,,False,4885578,3.051897517281077e-05,147,5EZ52JMq...,0.0,0.330508954016272,0.330508954016272,0.8972852543071218,,COUNTER,725441.657604934,0.0,0.0,DIVERGENT,0.9998432894492235,0.0,1295.967040512703,72397.992373783,0.02141686797378682,72397.992373783,0.02141686797378682,0.0,DORMITORY,True,True,0.21416867973786824,,,10886.859845677,0.0032205649952307108,30.0
74,42,32,81,14,Cacheon,2026-10-03,9203406,0.008785774,0.008792678127065301,-0.0007852132155331881,IN BAND,False,False,0.001233901,24632.085883308,3243156.930739521,1.0,2803632.81760707,2664265.633234221,-0.012349965626037119,272.7119336007163,ACCUMULATING_PRE_EMA,0.0,,,,0.13164503580256753,-0.4508662474479916,-0.009553427455653787,-1.1441447273862229,-0.702831907393885,-0.6932784799382312,0.8103215651056238,0.8249235157407988,1,0.017931682993424188,SKIN_IN_GAME,147.60082365502603,147.24046659391365,0.00012207217517357094,0.007595095275790822,-0.13552348651458343,5CKhH8nK...,1704899.871862935,1.810610980065404,BUYBACK_GAMING,,False,4848444,0.06664428403558842,215,5C9xFZGA...,,0.6233559303360418,0.6233559303360418,0.0,,COUNTER,1226758.860637625,526.080568229,0.0,DIVERGENT,0.764008114630603,0.11361436054397125,1295.967040512703,55979.123167173,0.0172606890023075,50251.549439106,0.015494640102921996,5727.573728067,DORMITORY,True,True,0.1549464010292209,,,17277.663535352,0.005327421368848857,30.0
75,44,7,82,4,Targon,2026-10-03,9203406,0.051632648,0.051571386866271496,0.0011878899802978372,IN BAND,False,False,0.006938901,133260.831505406,3782713.268767402,1.0,2580941.293579726,2341743.937860652,-0.0046476622979413,-1277.9371427581646,,0.0,,,,0.13684014741616138,-1.9595335021076157,0.014452661426957019,-2.6809853812611157,-0.706999217726543,-0.7214518791535,0.6947394140863165,0.8582920265696613,1,0.0,,0.08461580402217805,0.0,3.0518043793392735e-05,0.035228901065723406,-0.31770105872308924,5CXGPMnq...,,,,,False,1411451,3.051897517281077e-05,238,5CdBXrFk...,0.0,0.28331269221095307,0.28331269221095307,0.02446170514718225,,COUNTER,561137.493448957,0.0,0.0,DIVERGENT,0.999851919934485,0.0,1295.967040512703,183019.057563734,0.048383010965927856,183019.057563734,0.048383010965927856,0.0,DORMITORY,True,True,0.48383010965927853,,,16886.899396448985,0.0044642292969648174,30.0
76,43,33,83,17,404—GEN,2026-10-03,9203406,0.008418244,0.00842887070029974,-0.0012607501855926993,IN BAND,False,False,0.001168468,24938.924299701,3167482.435671656,1.0,2962485.077310167,683149.824636766,-0.008483605846616416,465.3467739173211,ACCUMULATING_PRE_EMA,0.0,,,,0.1231301666061361,-2.019293498084424,-0.015339127258044509,-2.723166810078992,-0.7192124392526122,-0.7038733119945677,0.8296810016699397,0.8270034786007038,1,0.0,,0.0,0.0,0.0,0.007873421496783382,-0.06471925774741359,5E7a4a7Q...,858723.488477143,14.39788027474977,BUYBACK_GAMING,,False,2840556,1.0,106,5CsvRJXu...,0.0899977111467155,0.8709216849093012,0.7925407266794231,0.004959484823976438,,COUNTER,340475.604612198,0.0,0.0,DIVERGENT,1.0,0.0,1295.967040512703,558413.610240755,0.1762957243115209,551485.098585296,0.17410833675810267,6928.511655459064,DORMITORY,True,True,1.7410833675810278,0,,38421.50308937802,0.012129981418896438,30.0
77,123,123,84,35,SN35,2026-10-03,9203406,0.002799994,0.0029816613532602787,-0.06092823152489654,IN BAND,False,True,0.0,448.109951008,118067.42169294,1.0,160039.592013197,8626.13149709,,5062.045435132342,,,,,,,-21.634979899534542,-0.7412934835529079,-21.634979899534542,-0.7412934835529079,,22.258468613252905,5.12220616421295,1,0.0,,0.0,0.0,0.0,0.0037953733941392177,0.35549340253558315,5FjUeckL...,797585.306463649,,,,True,9046691,0.0,1,5E2LP6En...,0.0,0.9770166065977455,0.9770166065977455,0.26883754997405923,,COUNTER,0.0,0.11136414,0.0,DIVERGENT,1.0,0.0,1295.967040512703,0.0,0.0,0.0,0.0,0.0,NEITHER,False,,,,,29190.02845833201,0.24723186159046504,30.0
78,46,57,85,128,ByteLeap,2026-10-03,9203406,0.002782697,0.002782706171274185,-3.295811206963563e-06,IN BAND,False,True,8.2924e-05,4023.593249153,3019008.3718382,1.0,1445932.809985678,91650.606633924,-0.00022424396803000932,317.14100363478065,ACCUMULATING_PRE_EMA,0.0,,,,0.05416160593416714,-0.3148942799461156,-4.0099036351390014e-05,-1.0566027149745705,-0.7417485340648063,-0.741708435028455,0.8704845023002952,0.7958700409626221,1,0.0,,0.0,0.0,6.103608758678547e-05,0.0013327532598735833,-0.5210569961898176,5GgMeLFN...,961717.974781079,,,,False,5856038,1.0,96,5HQTcjYx...,,4.655486099235339,4.655486099235339,0.0,,COUNTER,186014.794503201,289.843039317,0.0,DIVERGENT,1.0,0.0,1295.967040512703,3774.578553473,0.0012502709792668618,3774.573941721,0.0012502694516950794,0.004611751999618718,NEITHER,True,True,0.012502694516950791,,,14752.344305143,0.004886486716219558,30.0
79,48,31,86,19,blockmachine,2026-10-03,9203406,0.009000786,0.009002364473417401,-0.00017533987010435982,IN BAND,False,False,0.001249959,30631.468524391,2723163.368875486,1.0,3403199.166504057,1683741.557689868,-0.008205630128196056,1127.7765153609216,ACCUMULATING_PRE_EMA,0.0,,,,0.10723913707840452,-1.2117765970619183,-0.0021333017529363775,-1.9626667432665081,-0.7530234479575262,-0.7508901462045898,0.9650541095098591,0.8581292832829943,1,0.0,,0.0,0.0,0.0003204394598306237,0.011248487283023377,0.2497227778799959,5FWh37Lf...,1274736.07293512,0.7565427625006937,BUYBACK_GAMING,,False,1956072,0.0,124,5HQLnZYK...,,0.4284524259040416,0.4284524259040416,0.008637397182926644,,COUNTER,1013639.146969995,0.0,0.0,DIVERGENT,1.0,0.0,1295.967040512703,169414.24136217,0.06221229445816488,169414.24136217,0.06221229445816488,0.0,DORMITORY,True,True,0.6221229445816521,,,27011.756459182005,0.009919256687980622,30.0
80,59,77,87,71,Leadpoet,2026-10-03,9203406,0.003867003,0.0038173426873981953,0.013009131395445109,IN BAND,False,True,2.475e-06,4951.238147397,4568251.448084831,1.0,1280380.9854948,1434741.566571834,-0.0022417272015353455,-4740.8578520016745,,0.0,,,,0.001313671410335915,0.33895324478188527,0.15827776531124882,-0.5760616983354826,-0.756737177806119,-0.9150149431173679,0.5752748135398169,0.9163286145277038,1,0.25961025112886543,MINER_BURN_ONLY,1870.4352657720447,1870.3902211394056,1.5259021896696368e-05,0.0010838366065582335,-0.7197218087086475,5DwHzMhB...,2787759.256830639,0.0,,,False,5048438,0.7000030518509477,0,5FNVgRnr...,0.0,0.5223923369258756,0.5223923369258756,0.6516000061039814,,COUNTER,1016521.523465038,0.0,0.0,DIVERGENT,-0.7295048029083203,1.4432390351528173,1295.967040512703,63565.086413894,0.013914533194214316,63565.086413894,0.013914533194214316,0.0,FORTRESS,True,True,0.13914533194214315,,,22238.934197288007,0.004868150199265265,30.0
81,52,13,88,8,Vanta,2026-10-03,9203406,0.029463703,0.029393179342150688,0.0023993205031814856,IN BAND,False,False,0.004054191,82064.934996216,3406876.756822093,1.0,2785289.246635698,1443839.166708682,-0.008329727580013033,-1048.1637714398094,,0.0,,,,0.1298290670490542,-0.3864990321585306,0.029191732788708073,-1.1874651458838803,-0.7717743809366416,-0.8009661137253498,0.771381000130858,0.9307951807744039,1,0.10723229132535465,MINER_BURN_ONLY,882.1381504290039,878.3093566546848,0.0012970168612191912,0.024088025735561246,-0.18245083669349893,5F6tnxzA...,17457.95425018,0.0,,,False,1477264,0.966829640947288,174,5CM9pBQo...,,5.829435948120787,5.829435948120787,0.0,,COUNTER,800398.242247727,0.0,0.0,DIVERGENT,-0.3504235590286332,0.6777250726277831,1295.967040512703,607572.28947319,0.17833703207976578,607571.159893335,0.17833670052099931,1.1295798550127074,FORTRESS,True,True,1.783367005209993,0,,18347.409479680995,0.005385404518358718,30.0
82,45,15,89,3,Teutonic,2026-10-03,9203406,0.025585179,0.02566600125283003,-0.0031490005799449266,IN BAND,False,False,0.003520685,75851.325031719,3227146.989094818,1.0,2964658.696583148,3564692.484807297,-0.03954664999786193,-89.82154568936676,,0.0,,,,0.12198020504099183,-7.08070237064499,-0.03831284038932994,-7.819210598325935,-0.7768210680702745,-0.7385082276809446,0.8143415868197337,0.8604884327219364,1,0.0,,0.0,0.0,7.629510948348184e-05,0.023504143222492176,-0.08133755005223235,5GsGUrd2...,3089898.115907915,1.3254208365598885,BUYBACK_GAMING,,False,4165565,0.8,244,5EtUYRu7...,0.09999237048905166,0.32111166493252113,0.2890029483642323,0.012207403790398877,,COUNTER,578475.334942498,0.0,0.0,DIVERGENT,1.0,0.0,1295.967040512703,387226.793525915,0.11999044197070434,387126.364386879,0.1199593218700782,100.42913903598674,DORMITORY,True,True,1.1995932187007823,0,,22532.653365329996,0.006982220965289894,30.0
83,50,23,90,5,Hone,2026-10-03,9203406,0.01269028,0.012685179244726896,0.0004021035237025926,IN BAND,False,False,0.00181336,33535.584113366,3283528.104456323,1.0,2642619.680870487,979157.129233591,-0.015845505017582865,-1677.7047673799098,,0.0,,,,0.14210308858466103,-0.37433243116732684,0.004892259538381543,-1.1693138435361308,-0.7900891528304224,-0.7949814123688039,0.8003586131738429,0.937084500953465,1,0.0,,0.0,0.0,0.005951018539711583,0.010213277622887507,-0.19518894595804764,5GurNtB3...,,,,,False,2491604,0.0,58,5G9hfkx9...,0.009994659342336155,0.4236092272904325,0.4193753973693944,0.014649555172361172,,COUNTER,1488567.694632255,0.0,0.0,DIVERGENT,1.0,0.0,1295.967040512703,6649.821324041,0.0020252061540195214,6649.821324041,0.0020252061540195214,0.0,NEITHER,True,True,0.020252061540195217,,,16918.211509094006,0.005152449125114242,30.0
84,51,84,91,43,Graphite,2026-10-03,9203406,0.003962426,0.003962429240345955,-8.177675255638298e-07,IN BAND,False,True,6.83e-07,12300.481929784,3029017.749813021,1.0,3104280.112375211,159339.842922482,-0.0008349041341164327,66.62113330001011,ACCUMULATING_PRE_EMA,0.0,,,,0.0001459230630349391,-0.20052409021801887,-9.949504894359928e-06,-1.001138337154173,-0.8006241964410487,-0.8006142469361542,0.86760798947521,0.8007601699991892,1,0.2918175873174341,MINER_BURN_ONLY,2101.5842252399307,2101.4490913420136,4.57770656900891e-05,0.004060881429480992,0.024847260108073272,5HjMs5JD...,2809379.328854645,,,,False,3408582,0.20937862418360498,108,5ERVu5z1...,,7.650450561375629,7.650450561375629,0.0,,COUNTER,981161.069915353,0.0,0.0,DIVERGENT,-0.7601080051693903,1.6215297346687538,1295.967040512703,3451.069241962,0.0011393360907756423,3451.069241962,0.0011393360907756423,0.0,EXPOSED,True,True,0.011393360907756422,,UNDEFENDED_BURNER,12017.367528749004,0.003967414033638736,30.0
85,53,85,92,127,Astrid,2026-10-03,9203406,0.002293595,0.002294026780873537,-0.00018821963071102924,IN BAND,False,True,2.97e-07,3011.796016659,3008647.000083259,1.0,1313132.958240435,601408.014899387,-0.0011311304522673383,86.09769693040289,ACCUMULATING_PRE_EMA,0.0,,,,0.00025915300892981135,-1.0634368313903924,-0.002290005506984189,-1.8669313484824785,-0.8057845225990703,-0.8034945170920861,0.873482332732047,0.8037536701010158,1,0.2750174130600692,MINER_BURN_ONLY,1980.517466820078,1980.3823329221611,4.577706568997808e-05,0.0010010466553821882,-0.5635468967353922,5FU4uxAd...,1543360.180140074,,,,False,5848837,0.9118751144479034,0,5EKrpcqV...,0.179995422293431,0.9009697114372857,0.7387992877535408,0.5843608838969601,,COUNTER,1290565.714059198,203.185912805,0.0,DIVERGENT,-0.7454662310062192,1.528111650230467,1295.967040512703,5535.674552263,0.0018399215833927378,5535.674552263,0.0018399215833927378,0.0,EXPOSED,True,True,0.01839921583392738,,UNDEFENDED_BURNER,15058.156829548003,0.005004959647685919,30.0
86,54,74,93,13,Data Universe,2026-10-03,9203406,0.004711163,0.004712380468845367,-0.00025835537971019443,IN BAND,False,True,5.375e-06,18339.834094878,2285180.481386772,1.0,3892845.951855551,972114.456269286,-0.0029832593986156373,1594.1552291326225,ACCUMULATING_PRE_EMA,0.0,,,,0.0007702087121903142,-0.5365294998190446,-0.003143323786474032,-1.352402879588988,-0.8190167035564175,-0.8158733797699435,1.1500185746401905,0.8166435884821338,1,0.2582747990884953,MINER_BURN_ONLY,1870.3037718600826,1861.7002470260245,0.002914473182269006,0.008025551698983701,0.7035181544310187,5HBswBt1...,16040.087853129,,,,False,1907637,0.706859084231146,77,5D4aUZhf...,0.179995422293431,0.622754644095016,0.5106616589459383,0.06357296546672567,,COUNTER,701623.337563785,0.0,0.0,DIVERGENT,-0.7258451226025598,1.436533637683802,1295.967040512703,93697.039216446,0.041002030246462436,93697.039216446,0.041002030246462436,0.0,FORTRESS,True,True,0.41002030246462434,,,10552.173341276994,0.004617654240978534,30.0
87,55,68,94,98,NeverPlayAlone,2026-10-03,9203406,0.002128622,0.002127890009433031,0.00034399830993337246,IN BAND,False,True,2.9026e-05,4539.769399845,2831291.82950111,1.0,2132726.875550365,207923.176145646,-0.001032365332540136,-146.2917361925356,,0.0,,,,0.016802687819915348,-0.11197547939480212,0.004185312770856031,-0.9519856146058228,-0.8358248224401646,-0.8400101352110206,0.928198207128323,0.856812823030936,1,0.0,,0.0,0.0,0.0,0.0016034268712755526,-0.24673010460497333,5EWzZCNs...,1528145.968078799,,,,False,5445992,1.0,153,5E2LP6En...,0.0,0.4611329918915938,0.4611329918915938,0.21420069584325213,,COUNTER,1255490.393926426,0.181595662,0.0,DIVERGENT,1.0,0.0,1295.967040512703,397487.477642832,0.14039085392086606,397487.477642832,0.14039085392086606,0.0,DORMITORY,True,True,1.4039085392086625,0,,13937.474431579,0.004922655547674456,30.0
88,56,81,95,45,AlphaRidge.ai,2026-10-03,9203406,0.002440093,0.002440687036141753,-0.00024338890359834977,IN BAND,False,True,1.531e-06,6259.531694816,3277658.320667919,1.0,2565284.047528536,752388.035832445,-0.0007759101295867152,-1036.1818452812731,,0.0,,,,0.0006427746029838213,0.5865272144239261,-0.002961231660446589,-0.26427161065739024,-0.8537600567417629,-0.8507988250813163,0.8017919328041698,0.8514415996843001,1,0.20517895077651255,MINER_BURN_ONLY,1490.602799317101,1478.215525341363,0.004196231021591501,0.0019097572359343536,-0.21734243902410535,5FbcZiAH...,852.433413449,0.0,,,False,3633154,0.5864235366227398,134,5GP7c3fF...,0.0009918364232852674,0.3437385184582153,0.34339758607552234,0.018724534175708463,,COUNTER,1108835.147026481,0.0,0.0,DIVERGENT,-0.5893773673306063,1.14062740728079,1295.967040512703,111021.107168115,0.033872080707146805,111019.200205241,0.03387149890065954,1.9069628740107873,FORTRESS,True,True,0.3387149890065954,,,15890.703096455001,0.004848187804156721,30.0
89,47,53,2,96,Verathos,2026-10-03,9203406,0.004465458,0.004518426256254315,-0.011722722304253056,IN BAND,False,False,0.000131484,2635.903108994,878645.199058159,1.0,590287.287492897,100729.446459786,0.0007914143622985852,4781.082934446866,,0.0,,0.17723027790174828,0.17723027790174828,0.13108977747360231,-2.425968714539105,-0.1426264547017455,-3.169537108556294,-0.8861948487189346,-0.7435683940171891,2.9909683713255553,0.8746581714907914,1,0.11105655539222234,MINER_BURN_ONLY,824.8181274780072,823.1514760703625,0.0005645838101777656,0.0029999630246878807,-0.3281846957942768,5CGq1JQh...,713543.110685665,,,,False,7692872,0.34645332681913954,38,5HHTmtVG...,,6.19655880608393,6.19655880608393,0.0,,COUNTER,279100.689515583,7897.141864024,0.0,DIVERGENT,-0.35683710140804464,0.6351638971811444,1295.967040512703,211806.025664609,0.24105978828729616,211806.025664609,0.24105978828729616,0.0,FORTRESS,False,True,2.410597882872964,0,,31176.067442183994,0.03548197551822097,30.0
90,58,69,96,47,GPUForge,2026-10-03,9203406,0.001952079,0.001958030741661787,-0.00303965690382152,IN BAND,False,True,2.0899e-05,1054.394972364,1578171.85438814,1.0,540139.347047223,54595.826643479,1.9567391779975152e-05,2781.9418357375544,,0.0,,,0.010023872896524757,0.05208918236480317,-3.794246403450821,-0.0369824923298285,-4.66580428679136,-0.9085403756703679,-0.8715578833405394,1.6652178865646292,0.9236470657053426,1,0.0,,0.0,0.0,0.0,0.0006681116314628427,-0.6577435485639451,5D7yqC9y...,1035859.453179869,,,ENTRY_REPEATED,False,7340355,1.0,1,5E2LP6En...,0.0,0.6309593405725897,0.6309593405725897,0.24081732309899131,,COUNTER,682725.854146639,52.790049364,0.0,DIVERGENT,1.0,0.0,1295.967040512703,75687.98842751,0.04795928163150164,1082.01056104,0.0006856100988187358,74605.97786647,NEITHER,False,False,0.5765700525978575,,,22803.056529627007,0.014449032572861207,30.0
91,60,89,97,101,Tag101,2026-10-03,9203406,0.003733919,0.00373452459461987,-0.00016216110097188636,IN BAND,False,True,2.2e-08,3594.674676778,2576799.131319506,1.0,962708.116913769,167130.025190097,0.0003527464605012477,213.2161989432061,,0.0,,,0.09447083894997392,1.6083792053144007e-05,-1.094153043432661,-0.001972960061824617,-2.014724148471391,-0.9225440651005544,-0.9205711050387299,1.0198699495269836,0.9205871888307829,1,0.35182513646938374,MINER_BURN_ONLY,2540.7240419479785,2533.1565436646188,0.0025635156786449897,0.001395015479897833,-0.6263937487937384,5H8dNvi1...,1426235.156462227,,,,False,5481350,0.9072467758960944,0,5H6Dezn7...,0.179995422293431,1.1385328059174131,0.9336021127213834,0.6021608753376367,,COUNTER,944820.819125564,6970.543419914,0.0,DIVERGENT,-0.8015758993001829,1.954645808478637,1295.967040512703,13574.61335476,0.00526801378880038,13574.61335476,0.00526801378880038,0.0,FORTRESS,True,True,0.052680137888003804,,,15728.884238219996,0.006104039716190714,30.0
92,67,9,98,114,SOMA,2026-10-03,9203406,0.021301671,0.020690588280558586,0.02953433276788965,IN BAND,False,False,0.006324448,9066.980894927,1914044.339677987,1.0,425646.65606607,272445.786897518,-0.00033109223172571404,-7659.484839309589,,0.0,,,,1.8330963235291806,3.385504568591186,0.35933438200932405,2.0746697085345747,-0.9515004780472875,-1.3108348600566115,1.3730089452588787,3.143931183585792,1,0.0,,0.0,0.0,0.000457770656900891,0.004737079861197155,-0.7776193303709764,5FHrQMjz...,1203868.899273318,0.0660071310144662,,,False,7312241,0.4995649187084955,5,5E2LP6En...,0.0,0.48341643666978695,0.48341643666978695,0.2801617579734473,,COUNTER,373811.447473431,13816.272943106,0.0,DIVERGENT,1.0,0.0,1295.967040512703,146039.760277138,0.07629904764991353,146039.760277138,0.07629904764991353,0.0,DORMITORY,False,True,0.7629904764991353,,,30551.079349883996,0.015961531672262,30.0
93,62,2,3,51,lium.io,2026-10-03,9203406,0.09398982,0.09371319436468184,0.0029518323134059663,IN BAND,False,False,0.013205017,164310.2250433,4296062.002193777,1.0,1748170.475065002,2206527.893506946,0.015805744069074572,-7059.194432240445,DISTRIBUTING_PRE_EMA,0.0,,0.1681644253502621,0.1681644253502621,0.2112028309063232,2.550318755615666,0.03591395981310592,1.5090668520231978,-1.0053379437793621,-1.041251903592468,0.6117230148582623,1.2524547344987913,1,0.0,,0.0,0.0,0.0006103608758678547,0.03824670709114423,-0.5930760683322489,5FqACMtc...,216.588029224,0.0,,,False,3966206,0.744255286663104,189,5GP7c3fF...,0.0009918364232852674,0.29852573273361976,0.29822964403860663,0.1723332824660461,,COUNTER,1233976.156315166,47834.295633396,0.0,DIVERGENT,1.0,0.0,1295.967040512703,525134.214780498,0.12223618153377187,522869.649598144,0.12170905571920086,2264.565182353952,DORMITORY,True,True,1.2170905571920092,0,,15650.714189017006,0.0036430373167391427,30.0
94,63,4,8,64,Chutes,2026-10-03,9203406,0.070619399,0.07046640291810036,0.002171191881008346,IN BAND,False,False,0.009511924,203374.288571811,3467252.969333527,1.0,2879864.368834944,5073553.636106194,0.006078987608972017,-3610.9926462881267,DISTRIBUTING_PRE_EMA,0.0,,0.086080987590563,0.086080987590563,0.12291296233925607,1.7568602895527845,0.02641616788560154,0.695945850813646,-1.0344982708535368,-1.0609144387391385,0.7579487344141355,1.1838274010783945,1,0.0,,0.0,0.0,0.00012207217517357094,0.058655739967800345,-0.16941037734121264,5FRYKhbm...,727052.102367834,0.2834940893590809,BUYBACK_GAMING,,False,4531295,0.40847284325545197,194,5FEm1mew...,,13.135105090289937,13.135105090289937,0.0,,COUNTER,274207.517615115,0.0,0.0,DIVERGENT,1.0,0.0,1295.967040512703,791868.26437826,0.22838491202748104,791867.887278149,0.22838480326699706,0.3771001109853387,DORMITORY,True,True,2.2838480326699733,0,,13887.163703064,0.004005235218165631,30.0
95,57,62,99,40,Ralph,2026-10-03,9203406,0.002432826,0.002473400207236409,-0.016404222461735715,IN BAND,False,True,5.2414e-05,1431.543103459,471832.340380138,1.0,588427.930713452,81155.682456758,-1.8552276038102824e-06,5596.767725246609,ACCUMULATING_PRE_EMA,0.0,,,,0.09622063888064064,-6.829684543324027,-0.19958470661778452,-7.69764938563899,-1.0675495489327476,-0.8679648423149631,5.569775055865643,0.9641854811956037,1,0.0,,0.0,0.0,0.0,0.0030340080171394317,0.2471126242236115,5HeKCDfd...,834043.868823336,,,,True,8409860,0.0,6,5E2LP6En...,0.0,0.8255500346061385,0.8255500346061385,0.22456204602331686,,COUNTER,22349.634720453,0.042920633,0.0,DIVERGENT,1.0,0.0,1295.967040512703,22427.898380107,0.047533618323062944,22427.898380107,0.047533618323062944,0.0,DORMITORY,False,True,0.4753361832306295,,,43621.852414696994,0.092452018824213,30.0
96,61,43,9,122,CookingTAO,2026-10-03,9203406,0.004515875,0.004600356332957745,-0.018364084615034245,IN BAND,False,False,0.000370732,1426.156393992,865284.820651234,1.0,315809.474211209,55949.95892642,0.0003625880589275153,3450.8585517278407,,0.0,,0.08029187232319658,0.08029187232319658,0.6831534746850949,5.841594436794501,-0.2234296961495833,4.91308307764905,-1.1519410552950338,-0.9285113591454506,3.037150239180325,1.6116648338305455,1,0.03600279409456246,MINER_BURN_ONLY,280.4415632080054,280.3514739427273,3.0518043793392735e-05,0.0016481930110811844,-0.6350224461303325,5F3uH1G4...,595469.772286092,,,,False,8238082,1.0,0,5CfPqfaz...,0.179995422293431,0.942822927923142,0.7731191168636871,0.4210550409717242,,COUNTER,388307.142603988,4689.8056909,0.0,DIVERGENT,0.4730440571241723,0.21632608328666772,1295.967040512703,131884.659446702,0.15241762746680618,131884.659446702,0.15241762746680618,0.0,DORMITORY,False,True,1.5241762746680712,0,,39933.275939679996,0.04615044085671728,30.0
97,40,80,100,99,Thirty Spokes,2026-10-03,9203406,0.001001549,0.001045049401000142,-0.041625210213518095,IN BAND,False,True,1.717e-06,393.259235776,389613.254274944,1.0,392650.791806525,33491.878861152,,5998.12712038873,,,,,,0.011474049658607858,-19.146148731762988,-0.5064400575978034,-19.801639817856675,-1.1619311436914916,-0.6554910860936882,6.745150405343914,0.6669651357522961,1,0.0,,0.0,0.0,1.5259021896696368e-05,0.0010093579503804126,0.007796873024098268,5DebFXsw...,1084606.48515904,,,,True,8572056,0.14999847407452627,18,5CkCPddn...,,10.297189184833387,10.297189184833387,0.0,,COUNTER,94717.016826704,0.012273672,0.0,DIVERGENT,1.0,0.0,1295.967040512703,0.0,0.0,0.0,0.0,0.0,NEITHER,False,,,,,59850.11362223198,0.15361416216091223,30.0
98,64,79,101,23,Trishool,2026-10-03,9203406,0.005221154,0.005235800053924322,-0.002797290533152472,IN BAND,False,True,1.846e-06,8260.176190373,4554300.266662935,1.0,1582059.267613861,627708.732910854,3.250270980840306e-05,-8124.681643950753,DISTRIBUTING_PRE_EMA,0.0,,,0.006225196538620209,0.000587310474763727,-0.6109913918107923,-0.034033701486688404,-1.8023114171581953,-1.2253537268340915,-1.191320025347403,0.5770370520443551,1.1919073358221668,1,0.29107904767304094,SKIN_IN_GAME,2096.555321007967,2096.510276375328,1.5259021896696368e-05,0.001813709177420018,-0.6526229302142749,5CqTRwoF...,1483700.452063783,0.6720986785387107,BUYBACK_GAMING,,False,2063528,0.7967619861445967,188,5HKsvivb...,0.0899977111467155,0.859493734264279,0.7821412654355505,0.38678467877308104,,COUNTER,1211615.717985952,0.055431535,0.0,DIVERGENT,-0.759705174237394,1.6177188237332938,1295.967040512703,838865.20910991,0.18419189776535536,838865.20910991,0.18419189776535536,0.0,FORTRESS,True,True,1.8419189776535554,0,,11149.122803872002,0.0024480429815931484,30.0
99,124,124,102,36,Epago,2026-10-03,9203406,0.002837182,0.0031710921321064234,-0.10529814909055346,IN BAND,False,True,0.0,368.778033562,136135.575291668,1.0,129980.392709649,19521.474093648,,5133.028831248259,,,,,,,-28.333074367594975,-1.2811274806017336,-28.333074367594975,-1.2811274806017336,,19.304285410845456,4.239146325448057,1,0.0,,0.0,0.0,0.0,0.0027089027447226763,-0.045213615227124596,5DCjvVt6...,653060.361334163,,,,True,8884359,0.0,1,5E2LP6En...,0.0,0.9924098456143485,0.9924098456143485,0.38801825034715337,,COUNTER,34545.255833249,0.0,0.0,DIVERGENT,1.0,0.0,1295.967040512703,53594.757521557,0.39368664220745536,53594.757521557,0.39368664220745536,0.0,DORMITORY,False,True,3.936866422074616,0,,30233.965977211006,0.22208717972826192,30.0
100,65,76,103,123,MANTIS,2026-10-03,9203406,0.002266793,0.0022661788389086723,0.00027101174928605793,IN BAND,False,True,3.066e-06,5592.651249269,2022846.832298258,1.0,2467208.457546188,552087.569597473,-0.0026115959502149458,-438.10601785779,,0.0,,,,0.0014407206244181892,-1.4187270612293557,0.0032973096163137045,-2.71055479530148,-1.2885304244558105,-1.2918277340721243,1.2991591642231246,1.2932684546965425,1,0.1808785156035853,SKIN_IN_GAME,1309.5376639729948,1304.08726342367,0.0018463416495002605,0.0027647428168918295,0.21967149929077312,5HVuEdEG...,1677572.837912781,9.00986083151943,BUYBACK_GAMING,,False,5794330,0.4935029198642492,158,5Dszzjqs...,0.179995422293431,4.7067778570748064,3.8595793890492565,0.0,,COUNTER,326847.490939141,8560.983387542,0.0,DIVERGENT,-0.6142510223115271,1.0062657634470045,1295.967040512703,350656.879907587,0.1733482111985652,350656.879907587,0.1733482111985652,0.0,FORTRESS,True,True,1.7334821119856518,0,,14108.736802984997,0.006974693574280832,30.0
101,66,44,104,48,Quantum Compute,2026-10-03,9203406,0.0040506,0.004047265276312828,0.0008239449256485726,IN BAND,False,False,0.000341342,10559.14277685,3369551.915819868,1.0,2606809.475180881,693723.089212538,-0.0027008449742481964,-5530.72088669287,,0.0,,,,0.08495450766767705,0.7498155962136239,0.010024663262057632,-0.5517621281076055,-1.291553061059172,-1.3015777243212294,0.7799256594509433,1.3865322319889064,1,0.0,,0.0,0.0,4.57770656900891e-05,0.0031336934526146882,-0.22636314308628636,5GNH5YMk...,38940.060356644,0.1373966631898491,,,False,3856677,1.0,255,5CXkLYCA...,,16.85859688873982,16.85859688873982,0.0,,COUNTER,695492.461656953,0.0,0.0,DIVERGENT,1.0,0.0,1295.967040512703,101862.559282014,0.03023029821970532,101862.559282014,0.03023029821970532,0.0,DORMITORY,True,True,0.30230298219705315,,,10666.356494651,0.003165511842857509,30.0
102,70,66,105,6,Numinous,2026-10-03,9203406,0.00229841,0.0022944698575884104,0.0017172343313024603,IN BAND,False,True,3.9049e-05,7451.50158301,2669001.099695597,1.0,3242023.486064939,704954.211632942,-0.004023880888700968,-3048.5098804077134,,0.0,,,,0.013771824491587481,-0.7799159624249312,0.020893017697513266,-2.118659582019884,-1.3178506018974396,-1.338743619594953,0.9846380356679983,1.3525154440865403,1,0.0,,0.0,0.0,0.0013580529488059767,0.002791869056876692,0.2146958361983685,5CfSg4e2...,103688.12401073,0.43425275839643324,BUYBACK_GAMING,,False,3219949,0.1200684533814137,48,5EEbEga4...,0.0,0.3394784144373566,0.3394784144373566,0.005783610560048833,,COUNTER,185360.665463109,0.0,0.0,DIVERGENT,1.0,0.0,1295.967040512703,662466.459537209,0.24820763828563586,662466.459537209,0.24820763828563586,0.0,DORMITORY,True,True,2.4820763828563583,0,,10982.666815659002,0.004114897823351062,30.0
103,68,88,106,65,True Performance Network,2026-10-03,9203406,0.002007909,0.0020145669113844633,-0.0033048847108720866,IN BAND,False,True,9.2e-08,5430.237090911,3316508.865632227,1.0,2704422.747868673,307284.686584837,-0.00012719120635281114,-5299.856939930469,,0.0,,,,4.4524022791689674e-05,-4.110096951375411,-0.040209430648943716,-5.4352139831811055,-1.3653264624546384,-1.3251170318056946,0.7923995099886529,1.3251615558284864,1,0.2767232082280674,SKIN_IN_GAME,1992.6343560670502,1992.4992221691332,4.57770656900891e-05,0.0016373353158143397,-0.1845570113912833,5GxEEHxL...,1498094.692129801,0.4290266674965438,BUYBACK_GAMING,,False,4950813,0.8500274674967955,0,5DAmVrUg...,0.179995422293431,0.8790950632723372,0.7208619761225624,0.4722938635982114,,COUNTER,1065514.52735983,0.0,0.0,DIVERGENT,-0.747049344936546,1.537461339588445,1295.967040512703,171794.150223016,0.051799695759374015,171794.150223016,0.051799695759374015,0.0,FORTRESS,True,True,0.5179969575937402,,,20058.237585475985,0.006047997577613071,30.0
104,69,49,12,67,Harnyx,2026-10-03,9203406,0.003558793,0.0035737433936446905,-0.00418339874969118,IN BAND,False,False,0.000196779,2692.915086148,984708.54174553,1.0,756693.392335658,69125.223748945,0.00015566218436049352,2614.102243177709,,0.0,,0.04374016256649193,0.04374016256649193,0.19203546916873665,-3.266037685016199,-0.05089801812124269,-4.59209467843058,-1.376955011535623,-1.3260569934143804,2.6688099966529304,1.5180924625831171,1,0.010105786968233296,MINER_BURN_ONLY,77.73087785800453,76.78494057258453,0.0003204394598306237,0.0027347331438543642,-0.23155599557086798,5HEAv3TU...,1108183.707984845,,,,False,7236936,0.023888023933815727,246,5HGnF3Wr...,0.0,0.6972299178874938,0.6972299178874938,0.00834719445758496,,COUNTER,281111.996973343,6279.314248273,0.0,DIVERGENT,0.9141517258421165,0.05924914613739506,1295.967040512703,522.283347221,0.0005303938425223586,522.283347221,0.0005303938425223586,0.0,NEITHER,False,True,0.005303938425223586,,,27882.465602758995,0.028315450126322177,30.0
105,71,50,107,21,AdTAO,2026-10-03,9203406,0.003463499,0.0034613071475178003,0.0006332441441296531,IN BAND,False,False,0.000191095,7561.842687309,3925813.095308214,1.0,2183295.32913494,603162.184418673,-0.0017317969702688176,-8928.673644595314,,0.0,,,,0.06641207451231902,1.9839468008069798,0.007704470420244113,0.5589167488440074,-1.4173255815427284,-1.4250300519629724,0.6694154653314377,1.4914421264752915,1,0.0,,0.0,0.0,0.00015259021896696368,0.0019261850994246896,-0.443861511314226,5HjCYVfr...,2136226.47840239,1.837957772408816,BUYBACK_GAMING,,False,3156578,1.0,19,5G3pK6vu...,,12.078924169721232,12.078924169721232,0.0,,COUNTER,834653.38669571,0.0,0.0,DIVERGENT,1.0,0.0,1295.967040512703,9609.6769286,0.002447818246896328,9609.6769286,0.002447818246896328,0.0,NEITHER,True,True,0.02447818246896385,,,11799.891887220998,0.0030057192231905255,30.0
106,73,34,108,41,Almanac,2026-10-03,9203406,0.007946208,0.007895695976912975,0.006397412366778261,IN BAND,False,False,0.001143447,15909.724327362,3875688.914248278,1.0,2002178.045134091,1651079.902407061,-0.002647854639532984,-10331.583447291283,,0.0,,,,0.18887685632817353,6.988021269262358,0.07783518379580218,5.474603212811217,-1.435582872655339,-1.5134180564511412,0.6780729976388526,1.7022949127793148,1,0.0,,0.0,0.0,0.0009460593575951748,0.004105005504665955,-0.4834006982115299,5FCSevLk...,22478.173629126,0.06425710946504855,,,False,3394182,0.0,233,5CopW4ZB...,0.179995422293431,0.3156926114330059,0.258869386523206,0.016572309288733576,,COUNTER,1037853.710465702,0.0,0.0,DIVERGENT,1.0,0.0,1295.967040512703,271111.945633162,0.06995193670897253,271111.945633162,0.06995193670897253,0.0,DORMITORY,True,True,0.6995193670897253,,,35091.56922684598,0.00905427912385798,30.0
107,72,10,109,97,Albedo,2026-10-03,9203406,0.016338034,0.01627540518529713,0.0038480648555187635,IN BAND,False,False,0.005606924,11685.731842939,1175660.466975269,1.0,715247.451086704,540618.973697965,-0.0002017478056674679,135.7266698507592,ACCUMULATING_PRE_EMA,0.0,,,,1.2609391067709201,0.5351361060645392,0.04681812240881162,-0.9521838765862778,-1.4405018602420054,-1.487319982650817,2.23533926148023,2.748259089421737,1,0.0,,0.0,0.0,7.629510948348184e-05,0.00993971658586426,-0.39162101230391255,5GnW8owm...,1397256.712070835,0.727715519328525,BUYBACK_GAMING,,False,7735450,0.19999999999999996,28,5E2LP6En...,0.0,0.6250485621387011,0.6250485621387011,0.17340617084261603,,COUNTER,70872.776437572,4583.298014649,0.0,DIVERGENT,1.0,0.0,1295.967040512703,9176.158656585,0.007805109480455149,9176.158656585,0.007805109480455149,0.0,DORMITORY,False,True,0.0780510948045545,,,31963.328329297998,0.0271875505106785,30.0
108,74,60,110,1,Apex,2026-10-03,9203406,0.006644601,0.006646197522059083,-0.0002402158608413403,IN BAND,False,True,6.7595e-05,23169.091972815,2556211.448896553,1.0,3486904.505629396,840693.055801285,-0.002493990990679855,-4111.407960879616,,0.0,,,,0.007667096328523795,-0.13329961643670674,-0.0029226263069029733,-1.6850932598166812,-1.5547162696868775,-1.5517936433799746,1.0280839643114956,1.5594607397084983,1,0.22728244435809256,SKIN_IN_GAME,1653.171214381,1653.081125115722,3.0518043793392735e-05,0.009063840154075074,0.36409095957380644,5HCFWvRq...,19606.530191289,0.4862860063738348,BUYBACK_JUSTIFIED,,False,1497824,0.6027802786382433,226,5CAQAgXx...,0.0899977111467155,0.42357996562296124,0.3854587382292903,0.032487944820850885,,COUNTER,915371.394375642,0.0,0.0,DIVERGENT,-0.6915493338437516,1.2755579991152703,1295.967040512703,192837.392404145,0.0754387484209836,192824.591394465,0.07543374061551213,12.80100967999897,FORTRESS,True,True,0.7543374061551212,,,11092.03653408,0.0043392484369272856,30.0
109,75,72,111,81,Reliquary,2026-10-03,9203406,0.00605965,0.006046532187610865,0.002169476979881636,IN BAND,False,True,9.174e-06,17859.739429096,2621339.577586756,1.0,2947322.013010328,947393.738632236,-0.010295262693937652,-4803.310967198573,,0.0,,,,0.0013499229423651414,0.7934616627152555,0.02639530325522657,-0.8149338239881008,-1.5820001834481296,-1.6083954867033563,1.0025408468518129,1.6097454096457215,1,0.2679117271190797,SKIN_IN_GAME,1933.1011754390784,1931.8849703578242,0.0004119935912108019,0.00681321091773159,0.12435716876908565,5GnpQR4N...,92893.89795285,0.4905114593487291,BUYBACK_JUSTIFIED,,False,5203057,0.7371618733589791,237,5H47sFL6...,0.179995422293431,8.97426562048173,7.358938890349702,0.03682226732386199,,COUNTER,892662.652550142,0.0,0.0,DIVERGENT,-0.7392374027504739,1.490689894083682,1295.967040512703,459321.512836566,0.17522396440503302,455498.177484029,0.17376542183953417,3823.3353525370476,FORTRESS,True,True,1.737654218395345,0,,14279.061507994997,0.005447238362433192,30.0
110,76,39,112,54,Yanez,2026-10-03,9203406,0.006370442,0.006299246568232775,0.011302213843519768,IN BAND,False,False,0.00045504,10101.50057903,4421411.698856836,1.0,1585682.885322261,956960.209484492,-0.0018134332739084883,-16240.637747019762,,0.0,,,,0.1183829185222728,1.5971919135348678,0.13751026842949052,-0.22458809728855278,-1.6842697423939301,-1.8217800108234206,0.5943802972881883,1.9401629293456935,1,0.10507853516591718,MINER_BURN_ONLY,813.5347807570361,810.606879635498,0.0009918364232852639,0.0022846776701752882,-0.6413627704050537,5FUfruyV...,3664221.306585468,0.0,,,False,4742549,0.304444783870475,137,5HbUFHW4...,0.179995422293431,0.563936659581466,0.4624306423933532,0.003326720585991149,,COUNTER,611049.018006733,0.0,0.0,DIVERGENT,-0.29080728125308136,0.6254841784516452,1295.967040512703,644081.425659809,0.14567325314363677,644081.425659809,0.14567325314363677,0.0,FORTRESS,True,True,1.4567325314363677,0,,32250.202153341004,0.007294096173328385,30.0
111,80,14,11,110,Green Compute,2026-10-03,9203406,0.01761147,0.01679454045370221,0.0486425662285808,IN BAND,False,False,0.003725453,9132.543766627,3163992.917784111,1.0,518556.654560317,462151.775846568,0.0008840356011466324,-25206.534301517357,DISTRIBUTING_PRE_EMA,0.0,,0.050196582178922734,0.050196582178922734,1.0720441898978168,9.120590165264314,0.5918178891143997,6.307910233481754,-2.220862042668161,-2.8126799317825606,0.8305960437612194,3.884724121680377,1,0.0,,0.0,0.0,0.0,0.0028863982960565344,-0.8361069066888491,5D53sX6A...,1647854.6275958351,0.10092968720666133,,,False,5606062,1.0,155,5FmpATto...,0.179995422293431,6.003718412029521,4.92307658112542,0.0,,COUNTER,653602.202903777,0.0,0.0,DIVERGENT,1.0,0.0,1295.967040512703,9205.92186508,0.0029095899087938945,9205.92186508,0.0029095899087938945,0.0,NEITHER,True,True,0.029095899087938942,,,25705.121068502987,0.008124266310464898,30.0
112,78,17,113,93,Bitcast,2026-10-03,9203406,0.020064192,0.019486302277073264,0.029656202326629067,IN BAND,False,False,0.0031837,24767.533807505,4004040.440072748,1.0,1234414.751018968,1161861.336603174,-0.0033716791650470626,-25379.25965729612,,0.0,,,,0.33781173632494343,1.4746352868348713,0.3608171283073203,-1.2335737195082628,-2.347391878035814,-2.708209006343134,0.656337027393323,3.0460207426680777,1,0.005775570322075437,MINER_BURN_ONLY,48.22754540783353,48.182500775194484,1.5259021896696368e-05,0.006185635279711363,-0.6917077308813949,5EbY1Seb...,2245781.407990337,0.0,,,False,5370681,0.9204535050508134,158,5HVydkt4...,0.179995422293431,0.5710995241662297,0.4683042241423516,0.0,,COUNTER,1088118.914569025,0.0,0.0,DIVERGENT,0.9173456390453358,0.03717880105664786,1295.967040512703,427930.957620956,0.10687478411511275,427930.957620956,0.10687478411511275,0.0,DORMITORY,True,True,1.0687478411511275,0,,36630.84160742499,0.00914846944122259,30.0
113,77,41,114,102,ConnitoAI,2026-10-03,9203406,0.005798201,0.005805229768157005,-0.0012107648513000236,IN BAND,False,False,0.000443957,3456.215727675,1059940.614247145,1.0,596084.106345813,241583.97045351,-9.995717380745074e-05,-1151.7419214427937,,0.0,,,,0.3375712304812793,-4.132689236389914,-0.01473097235748362,-6.528478685178744,-2.410520421146314,-2.3957894487888303,2.4793841887704406,2.7333606792701097,1,0.09163982699920617,SKIN_IN_GAME,710.507102929987,710.3269243994308,6.103608758678547e-05,0.0032607635571450222,-0.437624953473496,5HBc11rC...,848451.745752202,0.2914949296820164,BUYBACK_JUSTIFIED,,False,7840965,0.2511940913460805,203,5EWrEL61...,,1.079361620217874,1.079361620217874,0.0,,COUNTER,158329.170621778,7309.092357836,0.0,DIVERGENT,0.3064881368512533,0.5481057019153939,1295.967040512703,2002.340459168,0.0018891062690245372,2002.340459168,0.0018891062690245372,0.0,EXPOSED,False,True,0.018891062690245368,,,29566.660532884012,0.027894638751893314,30.0
114,79,51,115,66,conjectures,2026-10-03,9203406,0.003484886,0.0034483694471418858,0.010589512932954516,IN BAND,False,False,0.000188416,7257.198252425,3834414.1380704,1.0,2082477.921554444,1424148.760776722,-0.005772511456838813,-22280.955154487863,,0.0,,,,0.06822980863648623,4.853983568832984,0.12883907401761327,2.1183114450276115,-2.606833049787759,-2.7356721238053723,0.6853719774052611,2.8039019324418586,1,0.0,,0.0,0.0,0.00039673456931410556,0.001892648522331251,-0.4568980097681098,5CJCRGep...,1212487.441938591,0.3350343162630348,BUYBACK_GAMING,,False,4958013,0.8008059961226701,227,5E2LP6En...,0.0,0.29496051403646284,0.29496051403646284,0.5452922325652373,,COUNTER,876389.726869251,0.0,0.0,DIVERGENT,1.0,0.0,1295.967040512703,392806.591766313,0.10244240126967243,392806.591766313,0.10244240126967243,0.0,DORMITORY,True,True,1.0244240126967241,0,,19999.097478342985,0.005215685306336569,30.0
115,81,63,116,55,NIOME,2026-10-03,9203406,0.002408809,0.00238287472166121,0.010883609659810405,IN BAND,False,True,4.1834e-05,6234.66346375,3037468.160120135,1.0,2588276.108851396,574822.392868788,-0.002858824195392448,-20624.951396374032,,0.0,,,,0.01763363053021532,-0.9537776819842899,0.1324172508610266,-4.216192456110743,-3.129997523265427,-3.2624147741264533,0.8651942543806154,3.2800484046566685,1,0.007273995574290365,,53.4625130140339,53.28233448347771,6.103608758678547e-05,0.0020525856190385257,-0.14788361425147212,5GeWUxaF...,1263810.90741181,0.07949144242160387,,,False,4703386,0.020051578642169443,109,5GP7c3fF...,0.0009918364232852674,0.3075921567218717,0.30728707561731805,0.02414124612778685,,COUNTER,322819.368036165,0.0,0.0,DIVERGENT,0.9404080546994857,0.04111395800806667,1295.967040512703,14841.866940702,0.004886262557601588,14841.866940702,0.004886262557601588,0.0,NEITHER,True,True,0.04886262557601588,,,14954.151278512001,0.004923228982232541,30.0
116,83,48,117,100,Cortex,2026-10-03,9203406,0.003851042,0.0037682396359741688,0.021973752209212914,IN BAND,False,False,0.00026251,2492.614569216,2029959.514562927,1.0,647257.159739127,407128.939479839,-0.001453934361040321,-13370.387142131687,,0.0,,,,0.2767681327550718,1.6504056795519957,0.26734731854542376,-1.7743935264954565,-3.1574518875020283,-3.424799206047452,1.2946070998691015,3.701567338802524,1,0.029703456616491965,MINER_BURN_ONLY,229.1189170400612,228.4432475504755,0.0002288853284504455,0.0012279134393242753,-0.6811477414880763,5FX6kmhY...,1239746.661831186,0.0,,,False,6693448,0.0,3,5CsvRJXu...,0.0899977111467155,0.523150433117466,0.47606809155148117,0.11737776963926021,,COUNTER,765248.077874155,1077.059572996,0.0,DIVERGENT,0.6637863061628885,0.17627242083263173,1295.967040512703,302677.528544296,0.14910520449934483,302677.528544296,0.14910520449934483,0.0,DORMITORY,False,True,1.4910520449934521,0,,23718.475593543993,0.011684211149723766,30.0
117,82,86,118,22,Desearch,2026-10-03,9203406,0.003119621,0.003089860314503312,0.009631725213271264,IN BAND,False,True,2.1e-07,7665.672236596,3728450.165637338,1.0,2457244.34802892,274301.317686164,-0.0015173520545156394,-26940.313951954246,,0.0,,,,7.199368600255553e-05,1.707434243516026,0.11718599009480038,-1.6058428886594742,-3.1960911420806997,-3.3132771321755,0.7048505097964135,3.3133491258615027,1,0.2955321363379188,SKIN_IN_GAME,2129.6414829210844,2127.9748315134398,0.0005645838101777656,0.002055994286109933,-0.34094741441029763,5DFuaMas...,1950279.465548027,0.34677310163810154,BUYBACK_GAMING,,False,2009702,0.8004671898378577,128,5HQhXWGt...,0.013550011444266423,0.39798242026571196,0.39258975391649475,0.004211811384098886,,COUNTER,1269679.080731691,0.0,0.0,DIVERGENT,-0.7184160571992244,1.6419976473102145,1295.967040512703,763677.586285475,0.20482440487572737,763677.586285475,0.20482440487572737,0.0,FORTRESS,True,True,2.0482440487572737,0,,10807.932105566,0.002898773384495137,30.0
118,84,90,119,26,Perturb,2026-10-03,9203406,0.00230372,0.0022853321861475706,0.008046013600948787,IN BAND,False,True,3e-09,1644.279487275,975597.098529776,1.0,713749.673123483,72248.795625448,-0.00014188253281285655,-2544.9912087529665,,0.0,,,,4.794805299837344e-06,-4.832170574584462,0.09789316547821024,-8.322539145828818,-3.3924754057661453,-3.4903685712443555,2.6937349485360236,3.4903733660496554,1,0.33262489768110526,SKIN_IN_GAME,2394.9933759999985,2394.9032867347205,3.0518043793392735e-05,0.0016854083409564543,-0.26839705304618,5FsVAEPM...,1416245.421571856,2.970490176680206,BUYBACK_GAMING,,False,8123781,0.9004471029862817,0,5EHfTi6R...,0.179995422293431,1.2796880036488414,1.0493500210282305,0.7816181407556614,,COUNTER,124974.218720855,1668.571827101,0.0,DIVERGENT,-0.7895603314641684,1.8479661996552494,1295.967040512703,33416.006210876,0.034251850749898595,30593.200342426,0.031358437195569695,2822.805868450003,FORTRESS,False,True,0.3135843719557008,,,31294.615961750005,0.03207739753317324,30.0
119,85,26,120,105,Beam,2026-10-03,9203406,0.006743318,0.006646428955718875,0.014577609258541374,IN BAND,False,False,0.001654538,5289.507032021,2254291.822055729,1.0,784407.215442672,580190.498502248,-0.0010888053840733777,-21219.10367298778,,0.0,,,,0.822028562903466,19.712972387259867,0.1773609126455867,15.694881283835532,-3.840730190778749,-4.018091103424336,1.165776309121984,4.840119666327802,1,0.0,,0.0,0.0,0.0018921187151903496,0.002346416280389734,-0.6520383169843489,5G3ic2pA...,2281022.361423294,0.7249337630516074,BUYBACK_GAMING,,False,6841399,0.0,170,5E2LP6En...,0.0,1.4102530441205983,1.4102530441205983,0.006744693513191827,,COUNTER,452240.813141888,1869.377328683,0.0,DIVERGENT,1.0,0.0,1295.967040512703,174342.510968475,0.0773380399390745,174342.510968475,0.0773380399390745,0.0,DORMITORY,False,True,0.7733803993907493,,,17976.547373110006,0.007974365695350335,30.0
120,86,70,121,46,Instant,2026-10-03,9203406,0.003635121,0.003586852690204978,0.01345700924011559,IN BAND,False,True,1.5316e-05,8581.580405056,3538074.277305554,1.0,2360740.841774822,1480110.870939208,-0.006844200137852545,-46484.01139522204,,0.0,,,,0.004690330463638806,2.7616103395023415,0.16372694575473967,-2.8004864866537864,-5.398369880401388,-5.562096826156128,0.742776944185969,5.566787156619767,1,0.1800665612686827,SKIN_IN_GAME,1302.0321208781097,1301.9420316128317,3.0518043793392735e-05,0.0024254946992213412,-0.33276094544821444,5Ft9E2ov...,817739.683596719,2.105566483162736,BUYBACK_GAMING,,False,3919107,0.4953229670547663,238,5CDnZ6oe...,0.179995422293431,0.9914552521271977,0.8129978453355226,0.2571454731348522,,COUNTER,1069581.633162125,28041.129768459,0.0,DIVERGENT,-0.5663651316256965,1.0046104498905812,1295.967040512703,170137.682171082,0.04808765131427698,170137.682171082,0.04808765131427698,0.0,FORTRESS,True,True,0.4808765131427714,,,11557.366866089009,0.003266569879615587,30.0
121,87,52,14,78,Umi,2026-10-03,9203406,0.005217963,0.0049352499190717936,0.057284450750039864,IN BAND,False,False,0.000183479,1717.008749985,1156245.607151174,1.0,329057.354305871,187298.124550643,0.0001379181554245564,-20198.345245017146,DISTRIBUTING_PRE_EMA,0.0,,0.0264314169005331,0.0264314169005331,0.28082723049851227,17.255299774019043,0.6969608174588183,8.78310198427081,-7.775236972289416,-8.472197789748234,2.2728735000127016,8.753025020246747,1,0.10851995650319317,MINER_BURN_ONLY,813.5027502749872,808.8181084805262,0.0015869382772564222,0.0014849861823176714,-0.7154088324662955,5GvYz1tB...,832910.391953865,0.0,,,False,7966145,0.30664363986489585,200,5E2LP6En...,0.0,1.5347587279135801,1.5347587279135801,0.8984649189733573,,COUNTER,91181.662980877,8107.779671713,0.0,DIVERGENT,-0.29552346009859065,0.6241039186926747,1295.967040512703,56923.825567455,0.04923160374871155,56923.825567455,0.04923160374871155,0.0,FORTRESS,False,True,0.4923160374871238,,,30556.993525814014,0.026427770481309877,30.0
122,88,75,122,70,SN70,2026-10-03,9203406,0.001296884,0.0013213797938078642,-0.018538041767139288,IN BAND,False,True,4.38e-06,261.262402443,278708.090174914,1.0,201453.861678694,15140.387365218,,0.8204441468114965,,,,,,0.04405777445344932,-13.745041918893584,-0.22554617483352798,-22.717135614385533,-9.197639870325476,-8.972093695491948,9.429220365834007,9.016151469945397,1,0.0,,0.0,0.0,0.0,0.000937405162078484,-0.2771865779217849,5Cz1mjiJ...,633344.316653564,,,,True,8825571,0.0,1,5E2LP6En...,0.0,0.9447451501443478,0.9447451501443478,0.44460890530106506,,COUNTER,114390.63833428,0.0,0.0,DIVERGENT,1.0,0.0,1295.967040512703,0.0,0.0,0.0,0.0,0.0,NEITHER,False,,,,,51480.967452478,0.1847128564519571,30.0
123,89,42,123,50,Synth,2026-10-03,9203406,0.00446702,0.004286022856831551,0.04222962620928536,IN BAND,False,False,0.000419927,10776.696319628,3457253.266981536,1.0,2412502.444444053,1233998.023095333,-0.0056701551055483215,-118019.15972462017,,0.0,,,,0.10240319697883944,7.023958306117057,0.5137937855463052,-6.571909411660791,-13.082073932231543,-13.595867717777848,0.7601410128377601,13.698270914756687,1,0.0,,0.0039416339714080095,0.0,0.002121004043640795,0.0031171266573238165,-0.30219102280181953,5DxyiWpG...,2240237.705807943,0.0,,,False,4763204,0.19030215915346504,220,5Ff9fYuf...,,12.608322518930887,12.608322518930887,0.0,,COUNTER,467621.668206007,0.0,0.0,DIVERGENT,0.9999953070632553,0.0,1295.967040512703,212500.00519846,0.06146498066194318,212500.00519846,0.06146498066194318,0.0,DORMITORY,True,True,0.6146498066194318,,,28266.35529310799,0.008175957359868756,30.0
124,90,65,124,106,Nodexo,2026-10-03,9203406,0.002309448,0.002300413092598319,0.003927515206182373,IN BAND,False,True,3.9448e-05,5856.553071236,2440206.89122894,1.0,2535909.556925686,366805.823127788,-0.0008091572467977437,-102950.90589104686,,0.0,,,,0.01770142654544767,3.6969466281960166,0.04778476834188553,-13.47329911459385,-17.122460974447982,-17.170245742789866,1.0769578634688977,17.187947169335313,1,0.0,,0.0,0.0,6.103608758678547e-05,0.0024000231670055303,0.0392194009155133,5CTdHCps...,1078552.016620674,1.1213131510371521,BUYBACK_GAMING,,False,5558480,0.641696296409333,31,5E4vCZrj...,0.0,0.4421994870329021,0.4421994870329021,0.033878647295812477,,COUNTER,838637.534343767,0.0,0.0,DIVERGENT,1.0,0.0,1295.967040512703,341829.129456015,0.14008202775128736,341829.129456015,0.14008202775128736,0.0,DORMITORY,True,True,1.400820277512877,0,,14172.578580374999,0.005807941380428357,30.0
125,125,125,125,59,SN59,2026-10-03,9203406,0.005122747,0.0,,N/A,False,True,0.0,530.361161239,0.0,0.0,103530.603756369,1.345483354,,,,,,,,,0.0,,0,,,,,,,,,,0.0,,,5GzrQ2fe...,368987.901536697,,,,True,8938771,1.0,0,5FKjMupT...,,0.0,0.0,0.0,,,0.0,0.0,,NO_ESTIMATE,,,,0.0,,0.0,,0.0,,False,,,,,0.0,,30.0
126,126,126,126,82,SN82,2026-10-03,9203406,0.004456112,0.0,,N/A,False,True,0.0,629.701453104,211.283296268,0.0,141311.845162495,0.99,,0.0,,,,,,,68.10902341830322,,68.10902341830322,,,0.0,0.0,1,,,0.0,,0.0,2.980365529252545,667.8264409091479,5GGrRdUa...,620189.281670013,,,,True,9155260,1.0,0,5Hn6PHyj...,,0.0,0.0,0.0,,COUNTER,0.0,0.0,0.0,OK,0.0,,,0.0,0.0,0.0,0.0,0.0,,False,,,,,0.0,0.0,30.0
127,127,127,127,86,SN86,2026-10-03,9203406,0.005989978,0.0,,N/A,False,True,0.0,709.206653218,0.0,0.0,118398.856999575,2.125984345,,,,,,,,,0.0,,0,,,,,,,,,,0.0,,,5DGneGQE...,283383.70446568,,,,True,8693284,1.0,0,5F1N5GEH...,,0.0,0.0,0.0,,,0.0,0.0,,NO_ESTIMATE,,,,0.0,,0.0,,0.0,,False,,,,,0.0,,30.0
128,128,128,128,108,ChipForge,2026-10-03,9203406,0.004459556,0.0,,N/A,False,True,0.0,510.726832647,0.0,0.0,114524.1309144,2.049812107,,,,,,,,,0.20469225330284652,,0.20469225330284652,,,,,,,,,,0.0,,,5FBwsAvv...,694927.702395798,,,,True,9111253,1.0,0,5HjH8Zqf...,0.0,0.0,0.0,0.6851204736544947,,,0.0,0.0,,NO_ESTIMATE,,,,0.0,,0.0,,0.0,,False,,,,,0.0,,30.0
