combined_apy_rank,real_apy_rank,emission_rank,epr_rank,netuid,name,date,block,spot_price,moving_price,momentum_30d,ema_band,ema_lag_flag,low_emission,tao_emission,tao_reserves,alpha_outstanding,alpha_out_emission,alpha_in_pool,volume,ema_tao_inflow,pool_growth_real,pool_ema_divergence,flow_momentum,flow_price_divergence,emission_price_ratio,emission_price_ratio_raw,emission_apy,price_apy_7d,price_apy_30d,combined_apy_7d,combined_apy_30d,real_apy,gross_emission_rate,net_supply_delta,supply_days_gap,supply_defence,supply_defence_quality,burned_tokens,manual_burn,miner_burn_rate,liquidation_price,liquidation_haircut,owner_coldkey,owner_stake,owner_inflow_pct,owner_inflow_flag,large_entry_anomaly,immune,registered_at,vali_miner_share,best_validator_uid,best_validator_hotkey,best_validator_take,best_validator_raw_apy,best_validator_apy,best_validator_div_pct,best_validator_trust,burned_source,alpha_burned_cum,alpha_recycled_cum,recycled_tokens,recon_flag,recon_gap_relative,burn_coverage,owner_cut_emission,total_locked_alpha,locked_float_ratio,owner_locked_alpha,owner_lock_ratio,community_locked_alpha,commitment_class,gate_eligible,leader_is_owner,leader_pct_of_threshold,leader_blocks_to_threshold,governance_flag,basket_alpha,basket_share,ema_halving_days
1,35,90,14,76,Ormas,2026-09-20,9109771,0.008273331,0.00026589655317366123,30.114848617825285,PREMIUM,False,True,5e-09,596.239123652,26995.034093566,1.0,72067.597329652,4147.676246748,,,,,,,,2.2038137852338036e-05,34.5140596255006,366.3973248502076,34.51408166363845,366.39734688834545,2.2038137852338036e-05,97.35123841263672,,,,,,,0.0,0.022086992799690803,1.6696614458784258,5CLWmDjL...,490326.516285207,,,,True,9003844,0.0,0,5CqaQ34d...,,1.372199843252285,1.372199843252285,0.6244582799243118,,,1719.959597884,0.0,,NO_ESTIMATE,,,,0.0,0.0,0.0,0.0,0.0,,False,,,,,2007.7803132710003,0.07437591322581567,30.0
2,1,1,15,90,KubeTEE,2026-09-20,9109771,0.02393157,0.024945642799139023,-0.04065129959986533,IN BAND,False,False,0.015362976,2510.657031588,327731.875574954,1.0,104909.834970268,84717.450131559,,10752.329285433385,,,,,,16.08101003842144,-15.37737260651172,-0.4945908117983615,0.19794836164717822,15.080730156360538,15.575320968158898,8.018750069365659,0.5056890702625413,1,0.0,,0.0,0.0,3.0518043793392735e-05,0.007660704431582821,-0.6798912720066914,5C9y6fnL...,422687.312786184,,,,True,8618670,0.07381014145544984,0,5EKtGWqs...,0.179995422293431,1.0199246271143136,0.8363428631494026,0.3263035815110406,,COUNTER,0.0,113887.063455602,368.0784690359869,DIVERGENT,0.4027717592194513,0.0,1295.967040512703,74248.859569777,0.22655367116646516,74248.859569777,0.22655367116646516,0.0,DORMITORY,False,True,2.2655367116646516,0,,55374.584540398995,0.16896307215541057,30.0
3,2,76,16,10,Pareton,2026-09-20,9109771,0.006823611,0.006898623192682862,-0.010873501942014304,IN BAND,False,True,4.054e-06,17024.110528908,3485802.884042554,1.0,2494882.919580527,994493.595605996,0.0019830543029549486,70410.59193425626,,0.0,,,0.29061655228513883,0.0006258131361347185,-2.4297222715349056,-0.13229427362784069,4.076914292002257,6.374342289909323,6.506636563537163,0.7539152635481949,-6.506010750401028,1,0.3312469538984741,MINER_BURN_ONLY,2386.440116416081,2386.395071783442,1.5259021896696368e-05,0.004883842000028643,-0.284273092351155,5HK5714c...,855458.245606777,,,,False,2869647,0.8032929471724601,201,5GKbzKzG...,0.179995422293431,1.3198832877105826,1.0823103379610741,0.2446245173892475,,COUNTER,829000.802295865,0.0,0.0,DIVERGENT,-0.9771215781095316,1.8414010520200805,1295.967040512703,60191.932707604,0.01726773851245376,19915.721756183,0.005713381513152673,40276.210951421,FORTRESS,True,False,0.06085634756110228,,,20535.406412135995,0.005891155379480518,30.0
4,3,12,17,3,Teutonic,2026-09-20,9109771,0.031384061,0.03152195364236832,-0.004374495436824031,IN BAND,False,False,0.004372913,83617.299024967,3421896.029486609,1.0,2664323.778339933,3511034.660494832,-0.03954664999786193,63354.25588386366,ACCUMULATING_PRE_EMA,0.0,,,,0.1374358595410818,1.5421970020052647,-0.053223027814692375,7.475587642368394,5.880167612548436,5.933390640363129,0.7679952802056005,-5.795954780822047,1,0.0,,0.0,0.0,7.629510948348184e-05,0.024435955477441023,-0.22138962585367697,5GsGUrd2...,3276893.403790109,,,,False,4165565,0.0,244,5EtUYRu7...,0.09999237048905166,0.3368910697056112,0.30320453304915485,0.010864755161521676,,COUNTER,578475.334942498,0.0,0.0,DIVERGENT,1.0,0.0,1295.967040512703,387562.114872582,0.11325946537619624,387451.105888699,0.11322702459397305,111.00898388301721,DORMITORY,True,True,1.1322702459397307,0,,23327.457811758002,0.0068171147255043415,30.0
5,4,30,5,61,RedTeam,2026-09-20,9109771,0.012020224,0.011758624343201518,0.022247471231592705,IN BAND,False,False,0.001667576,14341.940403401,4923884.083096965,1.0,1193150.81633491,769678.715464095,0.001606769924520486,78700.18646147731,,0.0,,0.13367221147629912,0.13367221147629912,0.30556463105653225,-17.952831065002627,0.2706775666510446,-12.485840246425255,5.737668385228417,5.466990818577373,0.5337249934501042,-5.161426187520841,1,0.0,,0.0,0.0,0.001037613488975353,0.002912729089751516,-0.7576809642023712,5ECEsYL8...,,,,ENTRY_REPEATED,False,4457976,0.004857409076328478,69,5HbLhpEA...,,3.134064425868648,3.134064425868648,0.0,,COUNTER,808370.14496251,0.0,0.0,DIVERGENT,1.0,0.0,1295.967040512703,1021287.884224886,0.20741509487009058,1021287.884224886,0.20741509487009058,0.0,DORMITORY,True,True,2.0741509487009058,0,,27395.536855587008,0.005563806213398121,30.0
6,5,51,18,66,conjectures,2026-09-20,9109771,0.003447792,0.003472341690212488,-0.007070067522930325,IN BAND,False,False,0.000162795,7204.644248058,3731395.477870843,1.0,2089640.064290169,1408482.437678532,-0.005772511456838813,46162.79141445225,ACCUMULATING_PRE_EMA,0.0,,,,0.0593818716469338,16.738658757903522,-0.08601915486231895,20.535420330094226,3.7107424173283863,3.796761572190705,0.7042941482845857,-3.737379700543771,1,0.0,,0.0,0.0,0.0,0.0019308176500682833,-0.43998430007718464,5CJCRGep...,1142627.606473537,,,,False,4958013,1.0,53,5GP7c3fF...,0.0009918364232852674,0.33990863175728725,0.33957149799572134,0.04043887625703865,,COUNTER,876389.726869251,0.0,0.0,OK,0.0,0.0,1295.967040512703,392806.591766313,0.10527069405959907,392806.591766313,0.10527069405959907,0.0,DORMITORY,True,True,1.0527069405959908,0,,12211.049329476,0.0032725154441264693,30.0
7,6,55,19,79,MVTRX,2026-09-20,9109771,0.003145894,0.003184779779985547,-0.01220988032827919,IN BAND,False,False,0.000117005,7035.515627043,2934260.914247415,1.0,2236411.624106937,488638.16521542,-0.0051205686723918425,37413.94116120646,ACCUMULATING_PRE_EMA,0.0,,,,0.04370527425425341,-2.6076908170512714,-0.14855354399406345,1.1746371123074097,3.633774385364618,3.782327929358681,0.8956258754085727,-3.738622655104428,1,0.0,,0.0,0.0,0.001907377737087046,0.0023977130298405936,-0.23782777492166185,5Fxp7QBG...,3259944.645255123,,,ENTRY_REPEATED,False,5173967,0.0,0,5EWwdZB7...,0.179995422293431,0.33052279592749834,0.27103020569692277,1.0,,COUNTER,444229.939659842,37317.847662374,0.0,DIVERGENT,1.0,0.0,1295.967040512703,1355085.827207694,0.4618150419507766,1355085.827207694,0.4618150419507766,0.0,DORMITORY,True,True,4.618150419507765,0,,12951.820138435998,0.004413997431362679,30.0
8,8,67,20,7,Allways,2026-09-20,9109771,0.002480684,0.00251363730058074,-0.01310980727932652,IN BAND,False,True,3.362e-05,5606.334247398,3042537.940268588,1.0,2259994.695237616,328056.312129483,-0.001063203871299582,37246.42564387061,ACCUMULATING_PRE_EMA,0.0,,,,0.015759559830205695,-9.896785546085214,-0.15950265523180598,-6.291825444827529,3.445457446025879,3.604960101257685,0.8637525814281239,-3.5892005414274792,1,0.0,,0.0,0.0,3.0518043793392735e-05,0.0018426505626099397,-0.2572006097471747,5CAc19iE...,,,,,False,2627691,1.0,189,5EvkLKgQ...,,1.6195763539943528,1.6195763539943528,0.0,,COUNTER,36084.978602376,222871.517550045,220.78413864100003,OK,0.17464921906792413,0.0,1295.967040512703,3211.260531444,0.001055454556192163,3211.260531444,0.001055454556192163,0.0,NEITHER,True,True,0.01055454556192163,,,11120.697585767002,0.0036550727728263907,30.0
9,7,6,21,15,ORO,2026-09-20,9109771,0.026257085,0.026936640962958336,-0.02522794003501852,IN BAND,False,False,0.008388971,13867.943528854,1570513.566654979,1.0,528160.29623338,583262.538839932,-0.0009198017926109515,18359.409067956498,ACCUMULATING_PRE_EMA,0.0,,,,1.5897249467543675,-9.823432204620433,-0.3069399370927253,-6.087142595576602,3.429349671951105,3.7362896090438307,1.6733379805163675,-2.1465646622894634,1,0.0,,0.0,0.0,0.0004882887006942838,0.008830196582377313,-0.6637023271099092,5EHdase3...,216.588029224,,,ENTRY_REPEATED,False,7366897,0.9692838495946751,134,5E2LP6En...,0.0,0.5861851885083216,0.5861851885083216,0.21551960933923395,,COUNTER,372945.467614599,2797.563389807,0.0,DIVERGENT,1.0,0.0,1295.967040512703,1010.651574802,0.0006435166153671481,1010.651574802,0.0006435166153671481,0.0,NEITHER,False,True,0.006435166153671481,,,27571.714530720008,0.017555858870703503,30.0
10,10,9,22,80,OpenRoboto,2026-09-20,9109771,0.020094332,0.019801173824816942,0.014805090737380436,IN BAND,False,False,0.005997774,4119.957725868,2110746.097231429,1.0,205030.933727989,291842.268923517,-0.0002903473733555673,5388.733055333956,ACCUMULATING_PRE_EMA,0.0,,,,3.8258038360525175,4.205659996410625,0.18012860397146196,7.3575253825089995,3.331993990069837,3.151865386098375,1.2450573773164995,0.6739384499541426,1,0.0,,0.0,0.0,1.5259021896696368e-05,0.001951896408228334,-0.90286333438562,5CG1eFia...,306573.64268145,,,,False,7151800,0.8500015259254738,42,5G9hfkx9...,0.009994659342336155,0.6658087428785239,0.6591542113063039,0.00920189226308561,,COUNTER,258270.718484201,2501.379452446,0.0,DIVERGENT,1.0,0.0,1295.967040512703,336685.118947611,0.15951000425357922,336685.118947611,0.15951000425357922,0.0,DORMITORY,False,True,1.5951000425357966,0,,22313.429473619006,0.010571347024109877,30.0
11,9,44,23,50,Synth,2026-09-20,9109771,0.004149902,0.004154420690611005,-0.0010876824827147358,IN BAND,False,False,0.000318297,10359.317575491,3275846.63673173,1.0,2496279.65988383,1227234.223262841,-0.0056701551055483215,37278.44933331758,ACCUMULATING_PRE_EMA,0.0,,,,0.08074706754613159,-5.1020425465838555,-0.013233470206362619,-1.7598568785830322,3.3289521977944605,3.3421856680008233,0.8022353581918358,-3.261438600454692,1,0.0,,0.00021725997794419527,0.0,0.0018768596932936532,0.00316233289413889,-0.23797407887249136,5DxyiWpG...,2254055.885164225,,,,False,4763204,0.2693236714975846,220,5Ff9fYuf...,,15.311593348435798,15.311593348435798,0.0,,COUNTER,467621.615374744,0.0,0.0,OK,0.9999759424207938,0.0,1295.967040512703,212500.00519846,0.06486872822912997,212500.00519846,0.06486872822912997,0.0,DORMITORY,True,True,0.6486872822912996,,,27389.42019079,0.008361020288213514,30.0
12,11,84,24,127,Astrid,2026-09-20,9109771,0.002430103,0.0024706432595849037,-0.016408787236938074,IN BAND,False,True,3.32e-07,3100.099396604,2952427.471438829,1.0,1275707.033388393,601003.583499494,-0.0011311304522673383,32165.888308753492,ACCUMULATING_PRE_EMA,0.0,,,,0.0002814412986099009,-4.508096008747306,-0.19964024471607988,-1.4400694874356583,2.868386276595568,3.0680265213116478,0.8901150072009311,-3.067745080013038,1,0.2750329479647822,MINER_BURN_ONLY,1980.5535129730124,1980.5084683403736,1.5259021896585345e-05,0.0010500171220440531,-0.5679125032790572,5FU4uxAd...,1524171.156172318,,,ENTRY_PRE_EMA_PATTERN,False,5848837,0.8825037385174108,0,5EKrpcqV...,0.179995422293431,0.9128834110693497,0.7485685759892543,0.5851149872575501,,COUNTER,1263358.260897282,203.185912805,0.0,DIVERGENT,-0.9698884157031694,1.5282089794172977,1295.967040512703,5535.674552263,0.0018749569992197836,5535.674552263,0.0018749569992197836,0.0,EXPOSED,True,True,0.01874956999219784,,UNDEFENDED_BURNER,13123.729290356003,0.004445064076022947,30.0
13,13,42,25,63,Enigma,2026-09-20,9109771,0.00462722,0.00464969128370285,-0.004832854985794972,IN BAND,False,False,0.000478235,11621.135383048,3481429.883866768,1.0,2511472.258326679,1238129.409472683,-0.0023243817583002914,31638.75676745549,ACCUMULATING_PRE_EMA,0.0,,,,0.10814791658251596,-3.3826706298755456,-0.05879973566050549,-0.804638568098754,2.519232326116286,2.5780320617767916,0.7548622513348231,-2.4698841451942757,1,6.031782097318556e-07,MINER_BURN_ONLY,0.09488099697045982,0.004791731692364465,3.0518043793392735e-05,0.0033380351667862958,-0.27860893435231177,5CqTmNfg...,21730.743676483,,,,False,4885578,3.051897517281077e-05,147,5EZ52JMq...,0.0,0.3364180093277616,0.3364180093277616,0.9506965956083194,,COUNTER,725440.395213338,0.0,0.0,OK,0.996089155447286,3.6974178683346665e-06,1295.967040512703,72397.992373783,0.02079547622351415,72397.992373783,0.02079547622351415,0.0,DORMITORY,True,True,0.20795476223514148,,,9036.391279793,0.00259559766567995,30.0
14,12,45,12,67,Harnyx,2026-09-20,9109771,0.004050785,0.004102043341845274,-0.012495806985358536,IN BAND,False,False,0.000290609,2851.518060242,943509.485575367,1.0,703942.15895113,68803.129022882,0.00015566218436049352,13448.945941299433,,0.0,,0.03842765892549062,0.03842765892549062,0.2678294283484865,-5.685537717698301,-0.15203231832186218,-3.0457594927520684,2.48774590662437,2.6397782249462325,2.785345606141314,-2.371948796597746,1,0.006191069592567489,MINER_BURN_ONLY,49.034877012018114,47.77362729812478,0.0004272526131074983,0.0030222463089526856,-0.25391095578938766,5HEAv3TU...,1070987.880440916,,,,False,7236936,0.01196818660601151,246,5HGnF3Wr...,0.0,0.7158571521283401,0.7158571521283401,0.008682913430284904,,COUNTER,280162.009736448,6279.314248273,0.0,DIVERGENT,0.8882969689505522,0.03686330423899118,1295.967040512703,522.283347221,0.0005535538913024317,522.283347221,0.0005535538913024317,0.0,NEITHER,False,True,0.005535538913024317,,,29878.371811198984,0.03166727231468021,30.0
15,14,34,26,14,Cacheon,2026-09-20,9109771,0.00899519,0.009069302817806602,-0.008171831870150905,IN BAND,False,False,0.001279812,24806.287427285,3182270.291003723,1.0,2757727.861846543,2662145.119264197,-0.012349965626037119,28719.40230436297,ACCUMULATING_PRE_EMA,0.0,,,,0.1355844136636335,-1.363890288785237,-0.09942395442016934,1.1146280530058643,2.379094387370932,2.4785183417911014,0.8258255143912052,-2.342933928127468,1,0.0,,0.0,0.0,0.0001373311970702673,0.00779515413804175,-0.13340861748981955,5CKhH8nK...,1784309.473097124,,,,False,4848444,0.0,4,5E2LP6En...,0.0,0.479140313533089,0.479140313533089,0.18972410425441005,,COUNTER,1226611.25981397,526.080568229,0.0,DIVERGENT,1.0,0.0,1295.967040512703,56861.126360254,0.01786810080872149,50530.173553426,0.015878655466908257,6330.952806827998,DORMITORY,True,True,0.15878655466908415,,,14853.348822502003,0.0046675321277681574,30.0
16,91,91,27,35,SN35,2026-09-20,9109771,0.00386266,0.003434634767472744,0.12462030507022538,IN BAND,False,True,0.0,526.319313513,48496.16322206,1.0,136258.221457976,7144.673576189,,-9316.919742038706,,,,,,,-28.221732482364615,1.516213711687742,-28.221732482364615,1.516213711687742,,54.18985390589769,187.56844725630117,1,0.0,,0.0,0.0,0.0,0.010852803161005264,1.809670838490901,5FjUeckL...,784314.294381699,1.3080812163647801,BUYBACK_GAMING,,True,9046691,0.0,1,5E2LP6En...,0.0,1.0447765028399205,1.0447765028399205,0.23972289193395796,,COUNTER,0.0,0.0,0.0,DIVERGENT,1.0,0.0,1295.967040512703,0.0,0.0,0.0,0.0,0.0,NEITHER,False,,,,,10610.058551034996,0.21878140137504068,30.0
17,18,11,28,44,Score,2026-09-20,9109771,0.034141776,0.0340106466319412,0.003855538810474978,IN BAND,False,False,0.004814801,64179.416825685,4121769.92636151,1.0,1879791.424526897,2245166.049447678,-0.0010141890605900883,22356.8146304877,ACCUMULATING_PRE_EMA,0.0,,,,0.19715506394156063,-3.1743078545528776,0.046909055527445565,-1.7222827529102815,1.4989341571700416,1.452025101642596,0.6375901728993072,-1.2548700377010353,1,0.018274193678276488,MINER_BURN_ONLY,150.1292925029993,150.1292925029993,0.0,0.015570839220116137,-0.5439358743342427,5CaCekux...,282960.533801925,,,,False,3550319,1.0,124,5FLoWCDo...,0.179995422293431,0.7129006164538086,0.584581768941958,0.016572056399926753,,COUNTER,507780.222207781,2206.282255223,0.0,DIVERGENT,-0.4799694143608249,0.11584344957075915,1295.967040512703,245862.449528441,0.05964972667590788,245862.449528441,0.05964972667590788,0.0,DORMITORY,True,True,0.5964972667590788,,,20620.908209742,0.005002925582492445,30.0
18,17,31,29,62,Ridges,2026-09-20,9109771,0.010632826,0.01070981239899993,-0.007188398464114889,IN BAND,False,False,0.001606187,29859.153718867,2729187.60202844,1.0,2808204.81793275,4390120.608214669,-0.02595581615076601,18829.246013168246,ACCUMULATING_PRE_EMA,0.0,,,,0.14136567552257365,-2.0014587586064914,-0.08745884798006448,-0.4221696361122329,1.491830274514194,1.5792891224942585,0.9629239111473196,-1.4379234469716848,1,0.03103963058645381,MINER_BURN_ONLY,257.6953430349822,257.24489670859174,0.00015259021896696368,0.010940674688934721,0.028952668738745583,5DhsVYew...,3680.450471573,,,,False,4474225,0.4470202212895841,165,5HbsMWHU...,,3.8641354651309983,3.8641354651309983,0.0,,COUNTER,189925.680398673,170981.9854291,0.0,OK,-0.02019601907315254,0.19849648074909526,1295.967040512703,148091.660815819,0.054262177032370885,148091.660815819,0.054262177032370885,0.0,DORMITORY,True,True,0.5426217703237102,,,16944.629937486003,0.006208671739858441,30.0
19,16,10,30,114,SOMA,2026-09-20,9109771,0.015943323,0.016198027646169066,-0.01572442347505851,IN BAND,False,False,0.004903064,7361.004607195,1756940.774188755,1.0,461698.456474417,233029.239414433,-0.00033109223172571404,8996.261293647694,ACCUMULATING_PRE_EMA,0.0,,,,1.7504746810517327,10.004393752737613,-0.1913138189465452,11.682673397096687,1.486965825412529,1.6782796443590744,1.4957817808135538,0.07219503669265834,1,0.0,,0.0,0.0,0.00035095750362390543,0.004189671453549053,-0.7372146663810892,5FHrQMjz...,1116005.160553444,,,,False,7312241,0.09993588960801081,5,5E2LP6En...,0.0,0.5195436555482356,0.5195436555482356,0.2993850238818269,,COUNTER,373811.447473431,13816.272943106,0.0,DIVERGENT,1.0,0.0,1295.967040512703,146039.760277138,0.08312161822561719,146039.760277138,0.08312161822561719,0.0,DORMITORY,False,True,0.8312161822561719,,,34745.518894847984,0.019776146928396767,30.0
20,15,48,4,96,Verathos,2026-09-20,9109771,0.005502823,0.005711154080927372,-0.03647793037542139,IN BAND,False,False,0.000238654,2911.517274129,843421.653252705,1.0,529095.247312151,99006.190959912,0.0007914143622985852,11438.618858329079,,0.0,,0.14381970168740393,0.14381970168740393,0.21541438808314337,-12.24135296731782,-0.44381481956762686,-10.333876098500282,1.463662049249911,1.9074768688175379,3.1158792163622597,-1.6920624807343945,1,0.11433482170740207,MINER_BURN_ONLY,860.5345034270431,858.9128966520374,0.0005493247882810692,0.003452030503248954,-0.3726800765263658,5CGq1JQh...,715635.415073248,,,,False,7692872,0.3592115910166568,115,5GW4op2q...,,13.815590489919824,13.815590489919824,0.0,,COUNTER,267186.936377266,7897.141864024,0.0,DIVERGENT,-0.9978861792583641,0.6627582876739204,1295.967040512703,196569.176106304,0.23306157169219388,196569.176106304,0.23306157169219388,0.0,FORTRESS,False,True,2.3306157169219452,0,,33592.107490053,0.039828367413266036,30.0
21,19,26,6,83,CliqueAI,2026-09-20,9109771,0.008667455,0.008742423728108406,-0.00857527962953447,IN BAND,False,False,0.001787873,8228.092125281,2842102.47334745,1.0,949308.831323975,154163.634176433,0.000950791968390149,14788.765967488289,,0.0,,0.109696787394933,0.109696787394933,0.5710352014124463,-1.9418493527554974,-0.10433256882600271,-0.5801484712464877,1.257368312683007,1.3617008815090097,0.9246675743203311,-0.7906656800965632,1,0.0,,0.0,0.0,0.001831082627603564,0.0028950722932906394,-0.6659835795754764,5DqEjRLy...,985461.462936184,,,ENTRY_PRE_EMA_PATTERN,False,5231190,0.0,198,5E2LP6En...,0.0,0.4015691474710223,0.4015691474710223,0.0919121013276362,,COUNTER,345172.824104195,26063.92679357,0.0,DIVERGENT,1.0,0.0,1295.967040512703,8057.340853611,0.00283499308317374,8057.340853611,0.00283499308317374,0.0,NEITHER,True,True,0.028349930831737404,,,16132.456025406998,0.005676240099255136,30.0
22,20,3,2,51,lium.io,2026-09-20,9109771,0.084795647,0.08557295543141663,-0.009083575850545577,IN BAND,False,False,0.012068933,154910.855870599,4110583.88939257,1.0,1826872.769392324,2090974.927175233,0.015805744069074572,20931.637159572914,,0.0,,0.18639805966778664,0.18639805966778664,0.20474456580689315,-6.429006797362801,-0.11051683951497118,-5.093331108097584,1.2251588497502457,1.3356756892652168,0.6393252323061932,-1.1309311234583237,1,0.0,,0.0,0.0,0.0006713969634546402,0.037685851946811996,-0.5555685547536184,5FqACMtc...,216.588029224,,,,False,3966206,0.8200974179658274,189,5GP7c3fF...,0.0009918364232852674,0.3068956211064558,0.30659123085129564,0.17646610001373395,,COUNTER,1220050.075654349,47834.295633396,0.0,DIVERGENT,1.0,0.0,1295.967040512703,508288.893860602,0.12365369678313826,506024.328678248,0.12310278595312266,2264.56518235401,DORMITORY,True,True,1.2310278595312283,0,,14715.274238990996,0.0035798501222573283,30.0
23,21,7,31,4,Targon,2026-09-20,9109771,0.05540338,0.05566471861675382,-0.004694869986734426,IN BAND,False,False,0.007537219,137354.084884364,3778220.935033568,1.0,2479164.385826502,2320137.672385757,-0.0046476622979413,17577.08758815052,ACCUMULATING_PRE_EMA,0.0,,,,0.1442098467524708,-2.4387039192343507,-0.057120918171935514,-1.3828315991217133,0.9987514019407019,1.0558723201126374,0.6955654645899237,-0.9116624733601666,1,0.007716136369823412,MINER_BURN_ONLY,63.294370431103744,63.11419190054755,6.103608758678547e-05,0.03635416965978557,-0.34382758489129056,5CXGPMnq...,,,,,False,1411451,0.09336039431719334,32,5HEj6CFU...,0.179995422293431,19.786780842826044,16.225250869194,0.0,,COUNTER,560602.232539511,0.0,0.0,OK,-0.005707914718650252,0.04870046068114408,1295.967040512703,183019.057563734,0.04844053873787239,183019.057563734,0.04844053873787239,0.0,DORMITORY,True,True,0.4844053873787239,,,16420.249788770998,0.004346026892317008,30.0
24,26,2,13,107,Minos,2026-09-20,9109771,0.045733863,0.044669861905276775,0.023819216118900418,IN BAND,False,False,0.014651648,20927.11045787,1632675.17244148,1.0,457584.938573499,566257.85445881,0.001226016808458981,3910.0622666724375,,0.0,,0.026807637230622332,0.026807637230622332,1.839935380544604,-7.871773455159672,0.2898004627799551,-7.256244738731808,0.9053291792078191,0.615528716427864,1.6096282006114695,1.22440666411674,1,0.0,,0.0,0.0,0.00015259021896696368,0.01281768156404062,-0.7197332409020288,5DA2vLrS...,1315968.164847754,1.1754537503509943,BUYBACK_GAMING,,False,7457580,0.0,2,5G9hfkx9...,0.009994659342336155,0.7094374959911316,0.7023469098940203,0.01452747554592483,,COUNTER,406798.248425295,11728.725039684,0.0,DIVERGENT,1.0,0.0,1295.967040512703,41164.694002343,0.02521303361328505,41164.694002343,0.02521303361328505,0.0,DORMITORY,False,True,0.2521303361328505,,,27985.20143231,0.01714070373867529,30.0
25,22,27,32,49,Nepher Robotics,2026-09-20,9109771,0.006922432,0.006991611560806632,-0.009894651641466568,IN BAND,False,False,0.00176995,3987.350623728,2292339.934690109,1.0,576004.348134633,160597.097998989,-3.683535129229573e-05,7462.35651352338,ACCUMULATING_PRE_EMA,0.0,,,,1.1665461703618922,-0.6486584663584537,-0.1203849283045099,0.2792713240939778,0.8075448621479216,0.9279297904524315,1.1464268279893084,0.23861637990946077,1,0.0,,0.0,0.0,1.5259021896696368e-05,0.0017394237928621313,-0.7487264890630733,5FL781vf...,1740237.22230969,,,,False,6783158,0.9900051881466109,7,5E2LP6En...,0.0,0.7987212245894219,0.7987212245894219,0.002517969143432679,,COUNTER,790069.490844123,837.682351088,0.0,DIVERGENT,1.0,0.0,1295.967040512703,466379.245096928,0.20345117145986277,466379.245096928,0.20345117145986277,0.0,DORMITORY,False,True,2.0345117145986276,0,,20177.37854079199,0.008802088309611758,30.0
26,23,16,7,68,NOVA,2026-09-20,9109771,0.02160388,0.021779860835522413,-0.008079979796537264,IN BAND,False,False,0.003126214,44351.933443816,3770803.143691955,1.0,2052961.479372026,1694396.595531899,0.0020257665134935203,14020.531691266922,,0.0,,0.09376864310917855,0.09376864310917855,0.18523860752107787,-0.37535719495015857,-0.09830642085787004,0.4172722257473162,0.6943229998396048,0.7926294206974748,0.6969337565118692,-0.6073908131763969,1,0.0,,0.0,0.0,0.0,0.011761932870457797,-0.4555638676729459,5EcdJLAe...,2509992.707296207,,,,False,4972413,0.0,37,5CMC7cxY...,0.0,0.17043174019311505,0.17043174019311505,0.002106034245948173,,COUNTER,682309.357738917,6247.123951755,0.0,DIVERGENT,1.0,0.0,1295.967040512703,552152.255283277,0.14642828974165709,552152.255283277,0.14642828974165709,0.0,DORMITORY,True,True,1.4642828974165714,0,,29445.52168934999,0.007808819651221616,30.0
27,25,60,33,32,ItsAI,2026-09-20,9109771,0.002816207,0.002812604419887066,0.0012808698185429828,IN BAND,False,True,7.2361e-05,6986.742409847,3576564.521351989,1.0,2480904.765513812,306160.672064271,-0.0011755096356559623,13384.402853443287,ACCUMULATING_PRE_EMA,0.0,,,,0.027217936034393507,-1.816304743495877,0.015583916125606289,-1.1384406205219144,0.693448039099569,0.6778641229739627,0.7347833330870769,-0.6506461869395692,1,0.0,,0.0,0.0,0.0019226367589837423,0.0019534786435799903,-0.3063440849412027,5DWgkCSv...,72726.61481718,,,,False,2515294,0.2590163433166689,111,5FbdCLGU...,,5.000017792482072,5.000017792482072,0.0,,COUNTER,17419.272873098,0.0,0.0,DIVERGENT,1.0,0.0,1295.967040512703,634410.218859858,0.1773797774575146,634410.218859858,0.1773797774575146,0.0,DORMITORY,True,True,1.773797774575146,0,,11515.917017835001,0.0032198264421305148,30.0
28,24,40,34,111,Claims,2026-09-20,9109771,0.004656834,0.004704793682321906,-0.010193790750508903,IN BAND,False,False,0.00049872,5750.647715725,3575686.757079802,1.0,1234883.513757558,211174.687076454,-0.0020882893709760026,12166.033346966607,ACCUMULATING_PRE_EMA,0.0,,,,0.22791105016154942,-5.392513572427803,-0.12402445413119165,-4.656400289762585,0.6120888285340264,0.736113282665218,0.7349637086628471,-0.5082022325036686,1,0.0,,0.0,0.0,4.5777065690200125e-05,0.001608263840320691,-0.6546443699043833,5CGTryXj...,2719263.285810868,,,,False,5615562,0.0,145,5E2LP6En...,0.0,0.3365033248575,0.3365033248575,0.09595165794332627,,COUNTER,734491.272679149,0.371911999,0.0,DIVERGENT,1.0,0.0,1295.967040512703,1221.604957048,0.00034164205089532573,1221.604957048,0.00034164205089532573,0.0,NEITHER,True,True,0.0034164205089532575,,,12813.874997484992,0.0035836122870980596,30.0
29,27,21,35,75,Hippius,2026-09-20,9109771,0.015688096,0.015723228454589844,-0.0022344300784861693,IN BAND,False,False,0.002342595,31688.51900681,3593324.795969504,1.0,2019908.548507423,1537956.808433484,-0.01292806119265099,11961.333527555922,ACCUMULATING_PRE_EMA,0.0,,,,0.19427666085237294,-4.621438746429884,-0.02718556595491506,-4.014473316338261,0.5797798641367079,0.606965430091623,0.7313560975472431,-0.41268876923925,1,0.0,,0.0,0.0,0.0020904859998474024,0.008818718264030518,-0.4378719849731594,5DAQpczE...,1502807.0575549211,,,,False,5102795,0.0,157,5E2LP6En...,0.0,0.2986868244128529,0.2986868244128529,0.4257984770566602,,COUNTER,784604.879643725,0.0,0.0,DIVERGENT,1.0,0.0,1295.967040512703,552610.176037306,0.1537879839465522,552609.767120331,0.1537878701474947,0.4089169750222936,DORMITORY,True,True,1.537878701474947,0,,33841.83697260699,0.009417973296086703,30.0
30,28,53,36,21,AdTAO,2026-09-20,9109771,0.003328317,0.0033350507728755474,-0.002019091562357687,IN BAND,False,False,0.000139606,7398.579083626,3788698.592307209,1.0,2222918.994511021,597816.708784239,-0.0017317969702688176,12378.76287596533,ACCUMULATING_PRE_EMA,0.0,,,,0.04958851745086599,-1.8398011108416867,-0.02456561400868519,-1.311082670138563,0.5041528266944386,0.5287184407031238,0.6936418762199881,-0.47912992325225784,1,0.0,,0.0,0.0,0.00015259021896696368,0.0019528022362740862,-0.41327636872506845,5HjCYVfr...,1996755.611964979,,,ENTRY_REPEATED,False,3156578,1.0,199,5CyRmxMU...,,13.373260823087008,13.373260823087008,0.0,,COUNTER,834653.38669571,0.0,0.0,DIVERGENT,1.0,0.0,1295.967040512703,5839.628796876,0.001541328415180114,5839.628796876,0.001541328415180114,0.0,NEITHER,True,True,0.015413284151801142,,,10096.837883942999,0.0026649884222630423,30.0
31,31,17,37,93,Bitcast,2026-09-20,9109771,0.019070379,0.01861603232100606,0.02440620381182195,IN BAND,False,False,0.003072729,23860.937154776,3878674.983338855,1.0,1251204.140682528,1105161.073987283,-0.0033716791650470626,6855.988507629139,ACCUMULATING_PRE_EMA,0.0,,,,0.3384247550555107,-8.65603213228624,0.29694214637716704,-8.453156633998079,0.4998176446653291,0.20287549828816206,0.6775509707023081,0.1355492567673486,1,0.0021963237982263605,MINER_BURN_ONLY,18.40654538711533,18.361500754476282,1.5259021896696368e-05,0.0061518269144159995,-0.6774145435486101,5EbY1Seb...,2153888.707529479,,,,False,5370681,0.36761070589312417,158,5HVydkt4...,0.179995422293431,0.4136331008847277,0.3391810362164398,0.0,,COUNTER,1087634.991865037,0.0,0.0,DIVERGENT,0.7134083330717768,0.014168184977306375,1295.967040512703,427930.957620956,0.11032916123654757,427930.957620956,0.11032916123654757,0.0,DORMITORY,True,True,1.1032916123654757,0,,29648.013922413993,0.007643851070215809,30.0
32,92,92,38,46,Instant,2026-09-20,9109771,0.003829332,0.003726489143446088,0.027597787782311294,IN BAND,False,True,0.0,8807.703315297,3505414.296163676,1.0,2300062.377912092,1465609.72557795,-0.006844200137852545,-71029.78488083743,,0.0,,,,,-5.506149681847776,0.3357730846847874,-5.506149681847776,0.3357730846847874,,0.7496974046337639,8.325601848156246,1,0.41000228805805417,MINER_BURN_ONLY,2952.01647401799,2952.01647401799,0.0,0.0025125998159293604,-0.3438542764301031,5Ft9E2ov...,679235.566322805,0.018867204176583153,,,False,3919107,1.0,238,5CDnZ6oe...,0.179995422293431,1.9193766004809227,1.573897598737229,0.20996169751720561,,COUNTER,1035288.175381279,28041.129768459,0.0,DIVERGENT,-0.9813686676598824,2.2778484187762444,1295.967040512703,167029.131825707,0.04764889902129504,167029.131825707,0.04764889902129504,0.0,FORTRESS,True,True,0.4764889902129521,,,9823.121107965999,0.00280227108068693,30.0
33,93,93,39,115,MoirAI,2026-09-20,9109771,0.002553125,0.0024890576023608446,0.02573962031991063,IN BAND,False,True,0.0,3513.220778232,1735237.510132644,1.0,1376047.027314262,160986.317645797,-0.0010310414951094963,-26902.462573423283,,0.0,,,,,-1.5676554465003854,0.31316538055891263,-1.5676554465003854,0.31316538055891263,,1.5144900825703749,7.305097444640757,1,0.3895021738330413,MINER_BURN_ONLY,2804.4156515978975,2804.4156515978975,0.0,0.0020246339522498246,-0.20699771760104782,5EkNnrTj...,98529.661734208,0.03901206925938458,,,False,5683635,1.0,0,5EhTo9AX...,0.179995422293431,11.57282819339079,9.489772095592091,0.058266947471232795,,COUNTER,972328.013786953,0.0,0.0,DIVERGENT,-0.9803880712302179,2.1639559988257346,1295.967040512703,2942.008322496,0.0016954499342692912,2942.008322496,0.0016954499342692912,0.0,EXPOSED,True,True,0.016954499342692914,,UNDEFENDED_BURNER,19167.249106763993,0.011045893714745033,30.0
34,30,36,40,11,TrajectoryRL,2026-09-20,9109771,0.00839973,0.008340838132426143,0.007060665443788737,IN BAND,False,False,0.00118969,21042.936366444,3466250.262877729,1.0,2505191.973265461,1013077.095221329,-0.004553696919034271,4904.514200330246,ACCUMULATING_PRE_EMA,0.0,,,,0.1485774259616003,-0.8812399356550791,0.08590476289942964,-0.676174873424819,0.2909698251296897,0.20506506223026005,0.7581679915454801,-0.056487636268659734,1,0.0718272484247604,MINER_BURN_ONLY,590.4032946280204,590.4032946280204,0.0,0.006070807001965825,-0.2772616498428133,5D2Jhtbn...,2047499.078217022,,,,False,2918568,0.0,235,5D7ekpEm...,,0.35356534446957477,0.35356534446957477,0.0008697907924251904,,COUNTER,1146672.996281127,51646.465498293,3500.0,OK,-0.058335982858072705,0.4555696836197689,1295.967040512703,46180.459268605,0.013322886625694865,46180.459268605,0.013322886625694865,0.0,FORTRESS,True,True,0.13322886625694863,,,12651.959266770004,0.0036500420648410345,30.0
35,94,94,41,70,SN70,2026-09-20,9109771,0.002500416,0.0024480063002556562,0.021409135972758925,IN BAND,False,True,0.0,361.202369183,241347.650433888,1.0,144456.87599397,14429.250824179,,-7659.364843070129,,,,,,,-17.626383497388208,0.26047782100190026,-17.626383497388208,0.26047782100190026,,10.888856780977381,23.852394243014775,1,0.41000228793430626,SKIN_IN_GAME,2952.016473127005,2952.016473127005,0.0,0.0014966061137684189,-0.4014571520225359,5Cz1mjiJ...,510050.318825354,0.2632967937737239,BUYBACK_JUSTIFIED,,True,8825571,1.0,0,5DFxKepZ...,0.179995422293431,3.097093906480225,2.539631180900905,0.46607867671742914,,COUNTER,113209.831745035,0.0,0.0,DIVERGENT,-0.9813686676545548,2.277848418088739,1295.967040512703,0.0,0.0,0.0,0.0,0.0,EXPOSED,False,,,,,38653.29437991702,0.1601560831871668,30.0
36,29,83,42,23,Trishool,2026-09-20,9109771,0.004317158,0.0043178407941013575,-0.00015813322767492305,IN BAND,False,True,6.67e-07,7511.010672287,4302958.920447293,1.0,1739804.171271578,611387.638952532,3.250270980840306e-05,10174.050820236327,,0.0,,,0.007528728345917167,0.00023337418577602331,3.3007858983046963,-0.0019239542700448969,3.557671832778494,0.25496198020375316,0.25688593447379804,0.610742525919076,-0.256652560288022,1,0.3279439031842437,MINER_BURN_ONLY,2361.6059736078605,2361.5609289752215,1.5259021896696368e-05,0.0017455455213842082,-0.5956725416618506,5CqTRwoF...,1487458.745950522,,,,False,2063528,1.0,188,5HKsvivb...,0.0899977111467155,0.862155152700321,0.7845631623039451,0.39021822066229206,,COUNTER,1180926.26177476,0.055431535,0.0,DIVERGENT,-0.9767631595926944,1.8222384174530815,1295.967040512703,880088.924772008,0.20453110081760267,880088.924772008,0.20453110081760267,0.0,FORTRESS,True,True,2.0453110081760264,0,,10669.294607531994,0.002479525090707331,30.0
37,95,95,43,119,CapabilityForge Next,2026-09-20,9109771,0.00257418,0.0025427350774407387,0.012366574417540481,IN BAND,False,True,0.0,3276.421072254,1661856.438902633,1.0,1272801.698208897,73223.258345508,-0.0008647727937628405,-9694.931863472564,,0.0,,,,,-1.2421552464969239,0.15045998874674252,-1.2421552464969239,0.15045998874674252,,1.5813640327050973,3.7364237289522513,1,0.3895021737219455,,2804.415650798008,2804.415650798008,0.0,0.001971542785258579,-0.2341084208335941,5GbLENPL...,100779.781697004,0.10258906111243844,,,False,5740660,1.0,0,5HMwvi1d...,0.179995422293431,11.319390183415262,9.281951767247314,0.058722092508660284,,COUNTER,891371.326570943,0.0,0.0,DIVERGENT,-0.9803880712246241,2.16395599820852,1295.967040512703,20722.542632217,0.01246951430166894,20722.542632217,0.01246951430166894,0.0,FORTRESS,True,True,0.12469514301668941,,,18506.646726019004,0.01113612842408904,30.0
38,96,96,44,72,StreetVision by NATIX,2026-09-20,9109771,0.002229423,0.0022028654348105192,0.012055918064629788,IN BAND,False,True,0.0,6332.436303778,2577649.698119971,1.0,2840391.464699385,244225.367538751,-0.000693472829379333,-30144.704813856166,,0.0,,,,,-2.018078233741774,0.14668033645299575,-2.018078233741774,0.14668033645299575,,1.0195334152335565,5.357926281437649,1,0.41000228793736215,MINER_BURN_ONLY,2952.0164731490077,2952.0164731490077,0.0,0.002456670628439781,0.10193114022766474,5FjP8fFb...,0.060436724,0.0,,,False,5064327,1.0,179,5GKXPseh...,0.179995422293431,0.4902248817676644,0.4019866471551463,0.007141658146526071,,COUNTER,498107.16591861,0.0,0.0,DIVERGENT,-0.9813686676547134,2.2778484181057164,1295.967040512703,379105.661311674,0.14707415890847297,373117.376161415,0.14475100182680023,5988.2851502589765,FORTRESS,True,True,1.447510018268003,0,,9267.749168200997,0.0035954261647579587,30.0
39,97,97,45,27,Orion,2026-09-20,9109771,0.002318169,0.0023008647840470076,0.0075207444057429846,IN BAND,False,True,0.0,6208.962952633,3426592.891131135,1.0,2678390.498350382,831985.799055709,-0.002571603639063033,-5073.346638736315,,0.0,,,,,-0.6814914977889636,0.09150239026987297,-0.6814914977889636,0.09150239026987297,,0.7669425821789072,1.3061337817566914,1,0.4100022879348641,,2952.0164731310215,2952.0164731310215,0.0,0.0018119931809533962,-0.2183515606699097,5GLT9wjW...,74094.946493689,0.1638419997696463,,,False,1727132,1.0,203,5H6Bqkzj...,0.179995422293431,14.541963570860725,11.92447669694796,0.0,,COUNTER,1340321.835094969,0.0,0.0,DIVERGENT,-0.9813686676545998,2.2778484180918377,1295.967040512703,29259.979274079,0.00853908830249751,29259.979274079,0.00853908830249751,0.0,FORTRESS,True,True,0.0853908830249751,,,9126.375162215998,0.002663396397581195,30.0
40,98,98,46,58,SN58,2026-09-20,9109771,0.006240389,0.006195824593305588,0.007192651441837563,IN BAND,False,True,0.0,992.547151796,553796.513126773,1.0,159052.120795335,24674.359043622,,-852.3025395848672,,,,,,,-10.222344769052548,0.087510592542357,-10.222344769052548,0.087510592542357,,4.745425328090516,5.348145473550184,1,0.4100022880324994,SKIN_IN_GAME,2952.0164738339954,2952.0164738339954,0.0,0.0017922596626548098,-0.7127968043891479,5DCsuLti...,820433.911168119,17.5905517293271,BUYBACK_GAMING,,True,8511017,1.0,0,5DsnuvVc...,0.179995422293431,2.073898724984977,1.700606448187498,0.5791433323668991,,COUNTER,85869.112480169,0.045668707,0.0,DIVERGENT,-0.9813686676590366,2.27784841863427,1295.967040512703,213417.539421567,0.38537176447102744,213417.539421567,0.38537176447102744,0.0,FORTRESS,False,True,3.853717644710274,0,,46387.43532329299,0.08376259912036348,30.0
41,99,99,47,29,hoτfloaτ,2026-09-20,9109771,0.002774866,0.0027554614935070276,0.0070421983898875514,IN BAND,False,True,0.0,8308.768058886,3018937.171660331,1.0,2994294.378424064,208658.6510319,-0.011022358310089313,-13622.103644549847,,0.0,,,,,0.40926348398301665,0.08568008041029854,0.40926348398301665,0.08568008041029854,,0.8705050322576516,2.5282818720016467,1,0.0,,0.0,0.0,0.0,0.0027522162888591714,-0.00816245221961296,5HHHHHzg...,48377.753349465,0.07762810669163163,,,False,3379782,1.0,19,5GRRRRhL...,0.179995422293431,9.79865771796825,8.034944184113769,0.0,,COUNTER,610829.352749762,0.0,0.0,DIVERGENT,1.0,0.0,1295.967040512703,3165.974907187,0.0010487051326893968,3165.974907187,0.0010487051326893968,0.0,NEITHER,True,True,0.010487051326893967,,,9838.738146677002,0.003259007255611739,30.0
42,32,33,48,19,blockmachine,2026-09-20,9109771,0.009596919,0.009611626854166389,-0.0015302148522351772,IN BAND,False,False,0.001349791,31506.38878065,2737241.152567625,1.0,3282968.897023437,1680502.00293305,-0.008205630128196056,7953.59829466138,ACCUMULATING_PRE_EMA,0.0,,,,0.11258829987455064,-2.091463907854267,-0.018617614035527988,-2.005006228030969,0.06784006578777006,0.08645767982329805,0.9600907824781338,0.026130620051252586,1,0.0,,0.0,0.0,0.0002288853284504455,0.011510271483057288,0.19937153612084116,5FWh37Lf...,1316526.151743041,,,,False,1956072,0.0018925518925518858,124,5HQLnZYK...,,0.42419175192167907,0.42419175192167907,0.013307085412565428,,COUNTER,1013639.146969995,0.0,0.0,DIVERGENT,1.0,0.0,1295.967040512703,169470.522812297,0.06191289454103373,169470.522812297,0.06191289454103373,0.0,DORMITORY,True,True,0.6191289454103392,,,33322.22888902599,0.012173654797557243,30.0
43,33,35,49,17,404—GEN,2026-09-20,9109771,0.009071383,0.009082598146051168,-0.001234794920002474,IN BAND,False,False,0.001275316,25772.045275569,3182252.742159006,1.0,2841027.178498088,675123.94793754,-0.008483605846616416,7622.9159093056805,ACCUMULATING_PRE_EMA,0.0,,,,0.13004518702972848,-5.319453009305653,-0.015023338193363432,-5.249752980928638,0.054676690183651955,0.06970002837701539,0.8258300684869636,0.060345158652713095,1,0.0,,0.0,0.0,0.0,0.008098679571907259,-0.10722768822490925,5E7a4a7Q...,918901.408604139,,,,False,2840556,1.0,42,5CcEPLdb...,0.0,0.31231562167275795,0.31231562167275795,0.029040134289638333,,COUNTER,340475.604612198,0.0,0.0,DIVERGENT,1.0,0.0,1295.967040512703,541564.893249517,0.1701828663936011,534837.99380043,0.168068986700776,6726.899449086981,DORMITORY,True,True,1.6806898670077621,0,,26158.055342513995,0.00821998045471618,30.0
44,100,100,50,42,Unknown,2026-09-20,9109771,0.002378019,0.002369597554206848,0.003553956146773017,IN BAND,False,True,0.0,7210.344035844,2673297.456083077,1.0,3032079.8064885,369048.35414428,-0.0007519273179352004,-2573.3768855775706,,0.0,,,,,-2.255326339505744,0.04323979978573837,-2.255326339505744,0.04323979978573837,,0.9830555870316627,1.3316751864804275,1,0.41000228795222937,SKIN_IN_GAME,2952.0164732560515,2952.0164732560515,0.0,0.0026971723701890685,0.1342097645935834,5EC5HHfL...,113776.646734505,0.46828983818618936,BUYBACK_JUSTIFIED,,False,3613591,1.0,11,5Gbdb5s2...,0.179995422293431,9.470186050231264,7.765595912922529,0.0,,COUNTER,545475.998025828,0.0,0.0,DIVERGENT,-0.981368667655389,2.2778484181883143,1295.967040512703,5444.016612431,0.0020364425215918876,5444.016612431,0.0020364425215918876,0.0,EXPOSED,True,True,0.02036442521591888,,UNDEFENDED_BURNER,9580.608163284,0.00358381673595034,30.0
45,101,101,51,39,deprecated,2026-09-20,9109771,0.00753812,0.007523796055465937,0.0019038188207742425,IN BAND,False,True,0.0,18327.806402543,3658240.783355507,1.0,2431349.578041848,1107565.142708269,-0.008167090216750057,-10035.742076078895,,0.0,,,,,-1.6024305242072576,0.023163128986086617,-1.6024305242072576,0.023163128986086617,,0.7183780826994874,1.7222877946005857,1,0.4100022879368044,SKIN_IN_GAME,2952.0164731449913,2952.0164731449913,0.0,0.005010005488411807,-0.3353773237343253,5DkwfxC9...,638069.183137452,0.4695024357619248,BUYBACK_GAMING,,False,3280104,1.0,136,5GP7c3fF...,0.0009918364232852674,2.0643403536623275,2.0622928657095074,0.22247825423470166,,COUNTER,1568570.234256425,0.0,0.0,DIVERGENT,-0.981368667654688,2.2778484181026175,1295.967040512703,459458.957937587,0.12559560322766672,457884.013528608,0.12516508361393744,1574.9444089789758,FORTRESS,True,True,1.251650836139375,0,,9230.203034183998,0.0025231261638600047,30.0
46,102,102,52,73,Parked,2026-09-20,9109771,0.003299769,0.0032974020577967167,0.0007178203209059107,IN BAND,False,True,0.0,7060.503763286,3568513.554410803,1.0,2139696.35509499,581339.219305016,-0.0012004820451322843,992.0198612078093,ACCUMULATING_PRE_EMA,0.0,,,,,0.40092117065699845,0.008733480571021912,0.40092117065699845,0.008733480571021912,,0.7364410867241077,0.6304252746198078,1,0.4100022879373541,MINER_BURN_ONLY,2952.0164731489494,2952.0164731489494,0.0,0.0019785559605228287,-0.4003956154134339,5GHtVze5...,1508755.541315468,,,,False,5160047,1.0,0,5Dnkprjf...,0.179995422293431,1.080613792684524,0.886108256734167,0.5131773718506311,,COUNTER,1583787.509852132,0.0,0.0,DIVERGENT,-0.981368667654713,2.2778484181056715,1295.967040512703,998533.527625126,0.2798177763374066,930482.357589388,0.26074788379023545,68051.17003573792,FORTRESS,True,True,2.6074788379023564,0,,9707.685591226997,0.00272037234641521,30.0
47,103,103,53,31,rec4ll,2026-09-20,9109771,0.004078025,0.004078966099768877,-0.00023072017414669737,IN BAND,False,True,0.0,1820.573607462,1833328.009003188,1.0,446435.117789616,54556.630551328,-3.4653599990985635e-05,921.8690060336958,ACCUMULATING_PRE_EMA,0.0,,,,,-2.4480803324578755,-0.0028070954521181514,-2.4480803324578755,-0.0028070954521181514,,1.4334587084767711,1.2431748424803264,1,0.41000228793737026,MINER_BURN_ONLY,2952.016473149066,2952.016473149066,0.0,0.000993043033500523,-0.7564892237049741,5H3mfhC8...,920636.23054677,,,,False,7173591,1.0,0,5CDZ527X...,0.179995422293431,1.710346253723182,1.40249175751629,0.4614058112562569,,COUNTER,775679.671324213,729.248648798,0.0,DIVERGENT,-0.9813686676547138,2.277848418105761,1295.967040512703,431151.844601824,0.23517441640803202,431151.844601824,0.23517441640803202,0.0,FORTRESS,False,True,2.35174416408032,0,,21153.325277488002,0.011538210933126708,30.0
48,104,104,54,12,Compute Horde,2026-09-20,9109771,0.004752326,0.004753946792334318,-0.0003409361537094559,IN BAND,False,True,0.0,12623.219780651,3591197.121562361,1.0,2656219.062604603,424765.515593108,-0.0016389071287063602,2124.975148565136,ACCUMULATING_PRE_EMA,0.0,,,,,-0.28100820736810334,-0.00414805653679838,-0.28100820736810334,-0.00414805653679838,,0.731789403656205,0.5109283511606609,1,0.40750483823677497,MINER_BURN_ONLY,2934.260058467975,2934.03483530478,7.629510948348184e-05,0.0035150450820029704,-0.26035270265487465,5ELzhHvg...,1610911.698220646,,,,False,2256433,0.005432626278040531,136,5EHcd8Jp...,,3.7400826442243105,3.7400826442243105,0.0,,COUNTER,1636294.51340427,0.0,0.0,DIVERGENT,-0.9812559217983166,2.2639733446801498,1295.967040512703,3870.537061652,0.001077784630203789,3870.537061652,0.001077784630203789,0.0,EXPOSED,True,True,0.010777846302037887,,UNDEFENDED_BURNER,8876.399400257995,0.00247171043520894,30.0
49,105,105,55,52,Dojo,2026-09-20,9109771,0.006131793,0.006135548232123256,-0.0006120450823929447,IN BAND,False,True,0.0,17641.271655282,3112809.606394106,1.0,2877016.650867309,766222.639881967,-0.001055169699966047,1223.2311004027724,ACCUMULATING_PRE_EMA,0.0,,,,,-1.1529090071020802,-0.007446548502447493,-1.1529090071020802,-0.007446548502447493,,0.8442533698822293,0.695666002566167,1,0.41000228793609295,MINER_BURN_ONLY,2952.016473139869,2952.016473139869,0.0,0.005667314704710685,-0.07574918058866545,5Fv1ZvNP...,34357.793150946,,,,False,3989825,1.0,130,5E2LP6En...,0.0,0.3912305420143774,0.3912305420143774,0.7409849074455584,,COUNTER,1191995.501694277,0.0,0.0,DIVERGENT,-0.9813686676546557,2.2778484180986647,1295.967040512703,167638.354572778,0.05385435531566965,167638.354572778,0.05385435531566965,0.0,FORTRESS,True,True,0.5385435531566966,,,8704.341349201995,0.002796297380772076,30.0
50,106,106,56,95,Actual,2026-09-20,9109771,0.038404794,0.038449807558208704,-0.001170709583931193,IN BAND,False,True,0.0,26035.445838724,2973028.846828227,1.0,677921.759527941,587152.454021671,-0.0011390409750780188,-180.7981695686467,,0.0,,,,,-1.7362793403037033,-0.014243633271162846,-1.7362793403037033,-0.014243633271162846,,0.8839470235223851,0.9016118325795721,1,0.3895021735419545,SKIN_IN_GAME,2804.4156495020725,2804.4156495020725,0.0,0.008757212654192674,-0.7719760544948459,5D5UhUuc...,476006.468359503,1.2572954744867995,BUYBACK_JUSTIFIED,,False,5403674,1.0,0,5ExqqyEB...,0.179995422293431,2.2635953171326038,1.8561585221238879,0.0,,COUNTER,1090652.169481578,14658.86980412,0.0,DIVERGENT,-0.9803880712157274,2.1639559972085443,1295.967040512703,9024.997700073,0.003035623993255669,9024.997700073,0.003035623993255669,0.0,EXPOSED,True,True,0.030356239932556695,,UNDEFENDED_BURNER,17264.965098811997,0.005807197302249895,30.0
51,107,107,57,57,SN57,2026-09-20,9109771,0.002698482,0.0027023202273994684,-0.0014203451391703481,IN BAND,False,True,0.0,1325.293543847,967011.981537341,1.0,491125.479097119,34690.169598982,-0.00013780237056893412,560.1996529976605,ACCUMULATING_PRE_EMA,0.0,,,,,-0.5407500895882725,-0.017280865859905903,-0.5407500895882725,-0.017280865859905903,,2.717649884567144,2.5025217018700534,1,0.4100022881150006,MINER_BURN_ONLY,2952.0164744280046,2952.0164744280046,0.0,0.0013705037467478616,-0.4921204785698546,5HdpnCSY...,798578.02658355,,,,False,8057320,1.0,0,5Ejcqsbx...,0.179995422293431,2.0964120012545133,1.7190674377876904,0.5537921562643064,,COUNTER,432429.761026234,6427.093693354,0.0,DIVERGENT,-0.9813686676627856,2.277848419092622,1295.967040512703,1254.306998862,0.001297095612887776,1254.306998862,0.001297095612887776,0.0,EXPOSED,False,True,0.01297095612887776,,,31932.735831619,0.0330220684348221,30.0
52,108,108,58,104,TAOstatus,2026-09-20,9109771,0.004221739,0.004232844337821007,-0.002623611201994546,IN BAND,False,True,0.0,5965.94590747,3206995.175467298,1.0,1413148.902272239,76106.625483609,-0.0017383027949343672,5311.336166501045,ACCUMULATING_PRE_EMA,0.0,,,,,-0.8808933212978399,-0.03192060295760031,-0.8808933212978399,-0.03192060295760031,,0.8194586696305425,-0.11046187863053522,1,0.0,,0.0,0.0,0.0,0.0018602915130986094,-0.5593542108835696,5HBb3F1b...,1120841.194121083,,,ENTRY_PRE_EMA_PATTERN,False,5528520,1.0,25,5Coeuhim...,0.179995422293431,1.3592070269102934,1.1145559841173762,0.41389202551347387,,COUNTER,340321.172598343,206703.181502325,2804.4156494729978,OK,0.01923469923331826,0.0,1295.967040512703,3017.92106809,0.0009410432205125636,3017.92106809,0.0009410432205125636,0.0,NEITHER,True,True,0.009410432205125635,,,9313.123656094991,0.002904003014204085,30.0
53,109,109,59,37,Aurelius,2026-09-20,9109771,0.003053279,0.003063661279156804,-0.003388846941872653,IN BAND,False,True,0.0,7620.228677289,3577083.08872313,1.0,2495751.8723264,359681.225719989,-0.0011818962588911177,22979.04198454134,ACCUMULATING_PRE_EMA,0.0,,,,,-4.2469425304982,-0.041230971126117275,-4.2469425304982,-0.041230971126117275,,0.7346768120329256,-1.6085743420885008,1,0.41000228793596355,MINER_BURN_ONLY,2952.0164731389377,2952.0164731389377,0.0,0.002130291214456834,-0.30229395529958636,5GRBbS3a...,1403075.831949784,,,,False,3212175,1.0,110,5E2LP6En...,0.0,0.6151100210535827,0.6151100210535827,0.44224518137561614,,COUNTER,1324114.885888611,0.0,0.0,DIVERGENT,-0.9813686676546498,2.277848418097946,1295.967040512703,45507.151093348,0.012721860232101057,45507.151093348,0.012721860232101057,0.0,FORTRESS,True,True,0.12721860232101057,,,8768.114143257995,0.0024511910754602705,30.0
54,110,110,60,94,pending...,2026-09-20,9109771,0.003956431,0.003970061894506216,-0.0034334211577604586,IN BAND,False,True,0.0,2152.348753269,1909473.444809361,1.0,544012.705556311,116669.083640184,-7.290167659344193e-05,-5374.68785090989,,0.0,,,,,-1.8634766920987518,-0.04177329075275225,-1.8634766920987518,-0.04177329075275225,,1.3762956521568048,2.408951579768758,1,0.38950217354082267,SKIN_IN_GAME,2804.4156494939234,2804.4156494939234,0.0,0.00112719491288023,-0.7150980484987025,5CnwnkkC...,795649.685698983,0.9617831563352888,BUYBACK_GAMING,,False,6962737,1.0,0,5EeKtCKE...,0.179995422293431,1.875944555431008,1.538283122977141,0.38527392034182817,,COUNTER,795030.200909336,0.075116968,0.0,DIVERGENT,-0.9803880712155043,2.1639559972022564,1295.967040512703,273.723032556,0.0001433500074589035,273.723032556,0.0001433500074589035,0.0,EXPOSED,False,True,0.0014335000745890347,,,20824.925342552007,0.010906108906181274,30.0
55,111,111,61,126,Attelier,2026-09-20,9109771,0.004667064,0.004683199804276228,-0.0034454656966576725,IN BAND,False,True,0.0,2535.47017547,1376450.328079596,1.0,543268.801862142,68124.301373022,-0.0001583244541660852,4802.471103722113,ACCUMULATING_PRE_EMA,0.0,,,,,7.271957915849001,-0.041919832642668346,7.271957915849001,-0.041919832642668346,,1.9092588714527379,0.6222516584722275,1,0.38950217353860755,MINER_BURN_ONLY,2804.4156494779745,2804.4156494779745,0.0,0.0018420353599010377,-0.605311742050026,5DqrUa2z...,568779.713209727,,,,False,7525773,1.0,2,5G9hfkx9...,0.009994659342336155,0.9531486936634024,0.943622297167644,0.02568289333129864,,COUNTER,445251.030066291,5493.154491675,0.0,DIVERGENT,-0.9803880712153098,2.16395599718995,1295.967040512703,171439.094523612,0.12455160279034654,1096.553699538,0.0007966533024609005,170342.540824074,EXPOSED,False,False,1.0930345600134577,0,,26889.197393485003,0.019535174531870272,30.0
56,112,112,62,122,CookingTAO,2026-09-20,9109771,0.004083913,0.0040993294678628445,-0.0037607291591719634,IN BAND,False,True,0.0,1347.883716299,755524.318718303,1.0,330047.066918169,47321.366829598,0.0003625880589275153,1232.708714342909,,0.0,,,0.08878447188456642,,-4.426210514070704,-0.045755538103258886,-4.426210514070704,-0.045755538103258886,,3.4783791003024604,2.8788109440600396,1,0.38950217353902794,MINER_BURN_ONLY,2804.4156494810013,2804.4156494810013,0.0,0.0017840374993959103,-0.5631548714686354,5F3uH1G4...,424202.253395173,,,,False,8238082,1.0,0,5CfPqfaz...,0.179995422293431,3.3486979350689237,2.745947636113052,0.31837880730025025,,COUNTER,361298.475181915,4689.8056909,0.0,DIVERGENT,-0.9803880712154139,2.1639559971922853,1295.967040512703,124315.99628715,0.16454268010597445,124315.99628715,0.16454268010597445,0.0,FORTRESS,False,True,1.6454268010597575,0,,38784.47853546698,0.051334520378195476,30.0
57,113,113,63,24,Quasar,2026-09-20,9109771,0.005038172,0.005057353526353836,-0.0037927991891177145,IN BAND,False,True,0.0,9721.572952548,4031106.611463557,1.0,1929583.363990821,1591393.552251561,-0.003987432863262727,-8932.459893681807,,0.0,,,,,0.682990354463474,-0.046145723467598855,0.682990354463474,-0.046145723467598855,,0.6519301654107985,1.4615528651689738,1,0.41000228793597976,MINER_BURN_ONLY,2952.016473139054,2952.016473139054,0.0,0.0024116387606574435,-0.5213266318304648,5ELutYW7...,324056.658508623,0.0,,,False,2538424,1.0,155,5ELpkVn8...,0.179995422293431,3.3249926654536823,2.726509206512786,0.0,,COUNTER,696444.821928889,0.0,0.0,DIVERGENT,-0.9813686676546506,2.2778484180980363,1295.967040512703,700000.000065042,0.17364958745432335,0.0,0.0,700000.000065042,EXPOSED,True,False,1.0266298605627124,0,TAKEOVER_IMMINENT,8745.517849198,0.0021695079520664927,30.0
58,114,114,64,87,Provenonce,2026-09-20,9109771,0.004144426,0.004161112941801548,-0.004010211218713941,IN BAND,False,True,0.0,1685.0753706,1816680.020513323,1.0,406588.353040004,103310.676493738,-0.0004810604927689679,5905.368580960436,ACCUMULATING_PRE_EMA,0.0,,,,,0.3604544330795383,-0.04879090316101961,0.3604544330795383,-0.04879090316101961,,1.4465948710425238,0.24922162372081622,1,0.38950217353818717,MINER_BURN_ONLY,2804.4156494749477,2804.4156494749477,0.0,0.0009275576059475038,-0.7761915387203189,5HartH15...,4225.621806695,,,,False,7208725,1.0,12,5DUNfPYw...,0.0,0.5533036444171074,0.5533036444171074,0.008316801464977873,,COUNTER,762236.343228973,811.040088965,0.0,DIVERGENT,-0.9803880712153716,2.1639559971876143,1295.967040512703,167908.172381121,0.09242583750862009,167908.172381121,0.09242583750862009,0.0,FORTRESS,False,True,0.9242583750862048,,,24894.88501649699,0.01370350570017425,30.0
59,115,115,65,121,sundae_bar,2026-09-20,9109771,0.003982157,0.0040008926298469305,-0.004682862446035511,IN BAND,False,True,0.0,5866.825536103,2921556.360875343,1.0,1473278.055200895,552205.590235404,-0.0014768339828714987,7514.353915360058,ACCUMULATING_PRE_EMA,0.0,,,,,-3.326331366918657,-0.05697482642676538,-3.326331366918657,-0.05697482642676538,,0.899520555274385,-0.0461232127801277,1,0.38950217354027294,MINER_BURN_ONLY,2804.4156494899653,2804.4156494899653,0.0,0.002008116500735659,-0.4957214141140947,5CXGaDJs...,1836779.669482416,,,ENTRY_PRE_EMA_PATTERN,False,5766528,1.0,0,5EL9y2gd...,0.179995422293431,1.0160342015445887,0.8331526963730015,0.732088083138763,,COUNTER,1327391.86682959,0.0,0.0,DIVERGENT,-0.9803880712158087,2.1639559971992024,1295.967040512703,202885.709556554,0.06944439349982841,202885.709556554,0.06944439349982841,0.0,FORTRESS,True,True,0.694443934998284,,,12523.871971447,0.004286712431484518,30.0
60,116,116,66,84,SN84,2026-09-20,9109771,0.002391402,0.0024028788320720196,-0.004776284146680457,IN BAND,False,True,0.0,1456.694498719,803117.913968174,1.0,609138.175651879,70271.694251759,-0.004139727322791386,541.0297212706646,ACCUMULATING_PRE_EMA,0.0,,,,,3.7550987747827147,-0.05811145711794556,3.7550987747827147,-0.05811145711794556,,3.2722467701102014,3.0262131928426967,1,0.38950217353805583,MINER_BURN_ONLY,2804.415649474002,2804.415649474002,0.0,0.0018137990367087316,-0.24153319403900655,5FRdKaxK...,687341.472982504,,,,False,8085297,1.0,0,5DvbToTj...,0.179995422293431,3.522492329885353,2.888459835442267,1.0,,COUNTER,48895.940517826,61159.068233539,0.0,DIVERGENT,-0.980388071215365,2.1639559971868843,1295.967040512703,660.436412233,0.000822340531504035,660.436412233,0.000822340531504035,0.0,EXPOSED,False,True,0.00822340531504035,,,6137.3875212620005,0.007641950720458233,30.0
61,34,81,67,71,Leadpoet,2026-09-20,9109771,0.004169148,0.004190586740151048,-0.0051159280264116026,IN BAND,False,True,1.194e-06,5140.867801113,4521885.727813115,1.0,1233073.852000804,1416408.917472896,-0.0022417272015353455,,,,,,,0.0006103701011958833,-3.765760461020602,-0.06224379098800783,-3.765150090919406,-0.061633420886811945,0.0006103701011958833,0.581173465714924,,,,,,,1.5259021896696368e-05,0.0011368858282934183,-0.7273097936812466,5DwHzMhB...,2433132.06822379,,,,False,5048438,0.7616046632282479,0,5FNVgRnr...,0.0,0.5913761389441997,0.5913761389441997,0.5738505440173353,,,986490.596266037,0.0,,NO_ESTIMATE,,,,63565.086413894,0.014057207598794296,63565.086413894,0.014057207598794296,0.0,,True,True,0.14057207598794297,,,16564.006121179995,0.003663074902423666,30.0
62,117,117,68,117,glyph,2026-09-20,9109771,0.002599026,0.00261534727178514,-0.006240575376439319,IN BAND,False,True,0.0,2914.757632127,1838916.75674833,1.0,1121480.812356392,232871.792325339,-0.0007537834211656891,8762.031096690102,ACCUMULATING_PRE_EMA,0.0,,,,,-5.932787327324391,-0.07592700041334505,-5.932787327324391,-0.07592700041334505,,1.4291022094153782,-0.8755021702328522,1,0.0,,0.0,0.0,0.0,0.0015850405525049587,-0.39014055553697474,5HdThE9W...,1944528.9556140671,,,,False,5710859,1.0,0,5DwRMxJG...,0.179995422293431,1.0336387994869498,0.8475885472744212,0.8654245254226943,,COUNTER,289424.602021989,164217.8455056,2804.41564947,OK,0.019234699233088865,0.0,1295.967040512703,184995.455974437,0.10060023396684674,154144.143623114,0.08382333950541614,30851.312351322995,DORMITORY,True,True,0.8382333950541613,,,19448.108995340997,0.010575850659890758,30.0
63,118,118,69,30,Endure Network,2026-09-20,9109771,0.003271778,0.0032923438120633364,-0.006246556628740332,IN BAND,False,True,0.0,8341.02641716,3419175.317204057,1.0,2549385.856143578,415976.919733906,-0.0016359655505931488,7324.114644383546,ACCUMULATING_PRE_EMA,0.0,,,,,-5.7289841011943015,-0.0759997723163407,-5.7289841011943015,-0.0759997723163407,,0.7686063907799205,-0.019098096130235307,1,0.4100022879368044,MINER_BURN_ONLY,2952.0164731449913,2952.0164731449913,0.0,0.0024394848591679295,-0.2543855789824586,5HTogQKF...,2634.419503287,,,,False,3250216,1.0,80,5GP7c3fF...,0.0009918364232852674,0.40010744820526467,0.39971060706490696,0.02594350420437377,,COUNTER,825067.540322335,18187.150616168,0.0,DIVERGENT,-0.981368667654688,2.2778484181026175,1295.967040512703,4962.596266974,0.001451401524222524,4962.596266974,0.001451401524222524,0.0,EXPOSED,True,True,0.01451401524222524,,UNDEFENDED_BURNER,9122.117792461004,0.002667929236199676,30.0
64,119,119,70,25,UR,2026-09-20,9109771,0.009075487,0.009138357127085328,-0.006879806316497103,IN BAND,False,True,0.0,15401.525845778,4302312.755131569,1.0,1697046.758483079,732187.14022637,-0.00189072698649151,35014.65297905309,ACCUMULATING_PRE_EMA,0.0,,,,,-4.7177957428764525,-0.08370431018404809,-4.7177957428764525,-0.08370431018404809,,0.6108342534757526,-2.3491996089964435,1,0.41000228793429816,MINER_BURN_ONLY,2952.016473126947,2952.016473126947,0.0,0.0035798247878208954,-0.6055501167242159,5HTeZ516...,749117.308956775,,,ENTRY_PRE_EMA_PATTERN,False,2998801,1.0,1,5CyQFykV...,0.179995422293431,1.6871953348463198,1.3835078980591498,0.17302527163960443,,COUNTER,987524.899660968,0.0,0.0,DIVERGENT,-0.9813686676545742,2.277848418088694,1295.967040512703,1156982.859075756,0.2689211419359898,1156982.859075756,0.2689211419359898,0.0,FORTRESS,True,True,2.6892114193598986,0,,8679.551021239999,0.002017415170686393,30.0
65,36,56,10,89,InfiniteQuant,2026-09-20,9109771,0.003133925,0.003143555950373411,-0.003063712090846379,IN BAND,False,False,0.000111287,6260.346898266,2899173.36083986,1.0,1997605.514395945,187405.727189233,0.00022740814707736934,6514.405916720163,,0.0,,0.07256336609120172,0.07256336609120172,0.04671661822462372,-2.2094698346074924,-0.03727516377196428,-2.2712036750961966,-0.09900900426066862,-0.061733840488704346,0.9064652826551552,0.10845045871332806,1,0.0,,0.0,0.0,0.0011749446860456203,0.002159355829777783,-0.3109739927478217,5Dc5NmEU...,112549.085142312,,,,False,5313364,0.14727000519417033,137,5FFQKsXc...,0.0,0.23960362320835193,0.23960362320835193,0.0010225417029134808,,COUNTER,601037.833009041,0.0,0.0,DIVERGENT,1.0,0.0,1295.967040512703,6094.632142656,0.0021021965174550477,6094.632142656,0.0021021965174550477,0.0,NEITHER,True,True,0.02102196517455048,,,12923.394168239005,0.004457613450371672,30.0
66,37,24,71,5,Hone,2026-09-20,9109771,0.012867646,0.012879057554528117,-0.0008860550921371629,IN BAND,False,False,0.001861737,33596.714421135,3213880.627463253,1.0,2610944.753012513,976918.860205452,-0.015845505017582865,5627.419304407202,ACCUMULATING_PRE_EMA,0.0,,,,0.14562866995476612,-0.049459321556005104,-0.010780336954335482,-0.17143721806659334,-0.13275823346492371,-0.12197789651058824,0.8177030526719673,0.26760656646535436,1,0.0,,0.0,0.0,0.004287785152971679,0.010453628592812176,-0.18760365393855444,5GurNtB3...,,,,ENTRY_REPEATED,False,2491604,0.0,176,5HbScNss...,0.0899977111467155,0.7479720478004297,0.6806562754966693,0.010819637107234964,,COUNTER,1488567.694632255,0.0,0.0,DIVERGENT,1.0,0.0,1295.967040512703,6649.821324041,0.0020690940625538315,6649.821324041,0.0020690940625538315,0.0,NEITHER,True,True,0.020690940625538317,,,17682.81622103599,0.00550201400448193,30.0
67,120,120,72,109,Finsight,2026-09-20,9109771,0.002348425,0.002377607161179185,-0.012273752222680885,IN BAND,False,True,0.0,1267.484750103,1618274.08280063,1.0,539716.854403625,68747.723052045,-0.000708007104294364,5205.830212333123,ACCUMULATING_PRE_EMA,0.0,,,,,-5.831651450843812,-0.14933065204261742,-5.831651450843812,-0.14933065204261742,,1.6239523501803292,0.4378710948893022,1,0.3895021735361176,MINER_BURN_ONLY,2804.4156494600466,2804.4156494600466,0.0,0.000783232434835424,-0.6664860769088117,5FqZqKFx...,704877.547220526,,,,False,7257480,1.0,0,5DyQkk4x...,0.179995422293431,2.1328000856668825,1.7489058335798062,0.3952753742617772,,COUNTER,741753.273621283,1308.746301495,0.0,DIVERGENT,-0.9803880712152674,2.163955997176116,1295.967040512703,209773.80932888,0.12962810908139838,209773.80932888,0.12962810908139838,0.0,FORTRESS,False,True,1.2962810908139861,0,,22532.970269248,0.013924075352088575,30.0
68,38,15,1,9,iota,2026-09-20,9109771,0.026816577,0.026895139133557677,-0.002921053249345431,IN BAND,False,False,0.003721092,55478.681684608,4046683.114099599,1.0,2068820.422645326,1111968.773389913,0.01301328860220348,4826.008248827653,,0.0,,0.4852703088169485,0.4852703088169485,0.17626644107358255,-0.4631073515959464,-0.035539481200369406,-0.5856366801409437,-0.1580688097453667,-0.12252932854499729,0.6494207542081631,0.29879576961857984,1,0.1508514903508438,MINER_BURN_ONLY,1236.888276739046,1236.843232106407,1.5259021896696368e-05,0.013709667923170752,-0.48876145068139193,5Fsbubec...,34276.864366668,,,ENTRY_REPEATED,False,1489797,0.44000061037018956,209,5Fsbubec...,0.179995422293431,13.831338967438521,11.341761269110837,0.0,,COUNTER,1197516.630374232,46681.104420658,0.0,DIVERGENT,-0.9490043246130051,0.9543786172348134,1295.967040512703,566487.003304132,0.13998798209090246,566487.003304132,0.13998798209090246,0.0,FORTRESS,True,True,1.3998798209090246,0,,13790.615517131995,0.0034078812519523056,30.0
69,121,121,73,100,Cortex,2026-09-20,9109771,0.003738461,0.0037998531479388475,-0.016156452775589036,IN BAND,False,True,0.0,2448.367592568,1926638.24206391,1.0,654913.150704609,399256.025721821,-0.001453934361040321,19253.882766322116,ACCUMULATING_PRE_EMA,0.0,,,,,-9.370058030826272,-0.19657017543633326,-9.370058030826272,-0.19657017543633326,,1.3640339647700321,-2.2796878650620727,1,0.3895021735409682,MINER_BURN_ONLY,2804.415649494971,2804.415649494971,0.0,0.0012707977756868294,-0.6600746200945177,5FX6kmhY...,1213975.678355941,,,,False,6693448,1.0,0,5ExuWpCM...,0.179995422293431,1.3928154962574462,1.1421150828317526,0.5692725580259724,,COUNTER,746865.768949235,1077.059572996,0.0,DIVERGENT,-0.9803880712155116,2.1639559972030646,1295.967040512703,333327.401100784,0.17300985406772953,333327.401100784,0.17300985406772953,0.0,FORTRESS,False,True,1.7300985406773,0,,27523.709524138998,0.01428587314588661,30.0
70,41,39,74,77,Liquidity,2026-09-20,9109771,0.005374057,0.005378418834879994,-0.0008109883246182561,IN BAND,False,False,0.000792164,11950.60707832,3356161.49551652,1.0,2223758.597705303,409724.800024519,-0.006935415302332664,4203.148251941893,ACCUMULATING_PRE_EMA,0.0,,,,0.17420094045068862,-1.2831944189300233,-0.009867024616188783,-1.5416871107304062,-0.2683597164165716,-0.2584926918003828,0.7830374085128897,0.43269363225107144,1,0.0,,0.0,0.0,7.629510948348184e-05,0.0035607961935934128,-0.337410043549331,5GxxsUeY...,2728495.444640392,,,,False,5128460,0.5413245841599268,225,5G9hfkx9...,0.009994659342336155,3.1006928162408567,3.0697024478173005,0.030596673279414007,,COUNTER,140886.89655137,14115.257752168,0.0,DIVERGENT,1.0,0.0,1295.967040512703,369577.913917543,0.11011922829436556,369577.913917543,0.11011922829436556,0.0,DORMITORY,True,True,1.1011922829436556,0,,10671.407907312996,0.003179646724857811,30.0
71,42,62,75,1,Apex,2026-09-20,9109771,0.007033706,0.007043011020869017,-0.001321170851706081,IN BAND,False,True,6.1199e-05,23828.728552008,2560371.762332938,1.0,3387791.359539514,837019.593455868,-0.002493990990679855,5200.830349680968,ACCUMULATING_PRE_EMA,0.0,,,,0.0067494567177167775,-0.13365902203362418,-0.016074245362423984,-0.415856549634501,-0.2982717729633008,-0.28219752760087685,1.0264134445872193,0.2889469843185936,1,0.23917664965854313,MINER_BURN_ONLY,1737.145564393024,1737.055475127746,3.0518043793392735e-05,0.009306745568188871,0.323163858169345,5HCFWvRq...,38075.553754049,,,,False,1497824,0.6174751651839532,248,5HCFWvRq...,0.179995422293431,17.47335155137615,14.328228260004623,0.0,,COUNTER,893793.664465156,0.0,0.0,DIVERGENT,-0.9790481465779426,1.3403546701624,1295.967040512703,192837.392404203,0.0753161690193361,192824.591394465,0.07531116935095734,12.801009738002904,FORTRESS,True,True,0.7531116935095734,,,10832.965973473007,0.004231012907126548,30.0
72,122,122,76,36,Epago,2026-09-20,9109771,0.021261756,0.021802151575684547,-0.024786341559391727,IN BAND,False,True,0.0,1009.534159647,125094.536568614,1.0,47481.219985298,16237.085620294,,299.9795338582553,,,,,,,-11.457131839209836,-0.301567155639266,-11.457131839209836,-0.301567155639266,,21.008111721638215,20.977052003528843,1,0.3897101410046339,MINER_BURN_ONLY,2805.958059866003,2805.913015233364,1.5259021896696368e-05,0.008070169867836501,-0.620437283362837,5DCjvVt6...,600792.999350328,,,,True,8884359,0.9505294961394085,0,5EFY7fKV...,0.179995422293431,2.713275639971902,2.22489844535668,0.562373155509438,,COUNTER,31318.403220626,0.0,0.0,DIVERGENT,-0.9638654348009639,2.165111401385104,1295.967040512703,59240.770467868,0.47356800778725144,59240.770467868,0.47356800778725144,0.0,FORTRESS,False,True,4.73568007787252,0,,11835.153099773006,0.0946096722080381,30.0
73,40,20,11,110,Green Compute,2026-09-20,9109771,0.012824634,0.012904471484944224,-0.006186807808237002,IN BAND,False,False,0.002774626,7515.878647066,2982871.716865789,1.0,586050.187622601,417787.826400704,0.0008840356011466324,-1240.721972743282,DISTRIBUTING_PRE_EMA,0.0,,0.06893261836139981,0.06893261836139981,0.9701749416678639,-7.065161243483764,-0.07527282833355019,-7.314332372542274,-0.3244439573920602,-0.24917112905851002,0.8810301781135041,1.219346070726374,1,0.0,,0.0,0.0,0.0,0.0025196788063561798,-0.8035282093542647,5D53sX6A...,1614283.008300768,0.04394571918604909,,,False,5606062,1.0,155,5FmpATto...,0.179995422293431,7.6446745040504425,6.268668088398058,0.0,,COUNTER,653602.202903777,0.0,0.0,DIVERGENT,1.0,0.0,1295.967040512703,9205.92186508,0.003086261408101383,9205.92186508,0.003086261408101383,0.0,NEITHER,True,True,0.030862614081013835,,,20307.321393815004,0.006807976782572681,30.0
74,39,65,77,55,NIOME,2026-09-20,9109771,0.002518169,0.0025603873655200005,-0.01648905399571301,IN BAND,False,True,4.6332e-05,6370.689801923,3004437.987993212,1.0,2529888.886283034,568646.900290439,-0.002858824195392448,5711.585877732374,ACCUMULATING_PRE_EMA,0.0,,,,0.01911260786284814,-4.814005983692997,-0.20061682361450825,-4.940209908573402,-0.32682074849491316,-0.1262039248804049,0.8747060217259967,0.14531653274325304,1,0.00836474816302767,MINER_BURN_ONLY,61.604562022024766,61.33429422619048,9.15541313801782e-05,0.002120426458253594,-0.15794910577741444,5GeWUxaF...,1239572.205675751,,,,False,4703386,0.019991148956950422,142,5E2LP6En...,0.0,0.31458046499872877,0.31458046499872877,0.5572782347286017,,COUNTER,321602.655369264,0.0,0.0,DIVERGENT,0.8551995191991619,0.0473270479177663,1295.967040512703,14841.866940702,0.004939981121266376,14841.866940702,0.004939981121266376,0.0,NEITHER,True,True,0.049399811212663756,,,13445.500059493002,0.004475213039252578,30.0
75,54,19,78,28,SayGM,2026-09-20,9109771,0.020327347,0.019905370194464922,0.021199143819611858,IN BAND,False,False,0.002816371,21955.750979604,5046154.324450457,1.0,1080109.053046252,6562035.851568043,-0.0018433106521580824,-4662.022685822565,,0.0,,,,0.33710634607195267,-3.5346397020886458,0.25792291647194426,-4.125487937098632,-0.33292531853804236,-0.5908482350099866,0.5207926335638176,0.9279545810819393,1,0.04296088542409847,MINER_BURN_ONLY,353.6612106889952,352.17473781190665,0.0005035477225909801,0.004350986824406139,-0.7859540241819979,5CA6rwAy...,2400197.263141693,0.0,,,False,4878363,0.09860767610149301,219,5FHBJCMk...,0.179995422293431,1.5950273772398105,1.3079297509039471,0.0,,COUNTER,1408209.177795884,33762.848582854,0.0,DIVERGENT,-0.8216797903744422,0.27174667781102,1295.967040512703,403509.000913322,0.07996366638217421,403503.549391936,0.07996258605029463,5.451521385984961,FORTRESS,True,True,0.7996258605029467,,,29704.542782699005,0.005886570420323784,30.0
76,43,89,79,101,Tag101,2026-09-20,9109771,0.003994004,0.004002730129286647,-0.002180044370915958,IN BAND,False,True,2.9e-08,3717.758136079,2515243.164601079,1.0,930834.737270313,166861.32298087,0.0003527464605012477,4988.8765985345235,,0.0,,,0.08831900531427803,2.049945080084697e-05,-2.248707341658687,-0.02652387317947749,-2.5618477290298034,-0.33966426055059384,-0.3131403873711164,1.044829397406117,0.31316088682191723,1,0.3495302095223548,MINER_BURN_ONLY,2525.7802599049173,2516.6361994791905,0.0030975814450293626,0.0014780909410278195,-0.6299225185984242,5H8dNvi1...,1376109.112124852,,,,False,5481350,0.903737831384314,0,5H6Dezn7...,0.179995422293431,1.166218700536804,0.9563046730471857,0.588515359143001,,COUNTER,909970.82348183,6970.543419914,0.0,DIVERGENT,-0.9781764235453457,1.9418983051324927,1295.967040512703,13574.61335476,0.005396938771489695,13574.61335476,0.005396938771489695,0.0,FORTRESS,True,True,0.05396938771489695,,,15555.440524311995,0.00618446786506986,30.0
77,123,123,80,116,Memo,2026-09-20,9109771,0.002090208,0.002152882283553481,-0.02911180236479664,IN BAND,False,True,0.0,848.534506557,606504.461356904,1.0,405956.858748965,112195.553726901,0.0001614247536338362,3501.4029107429087,,0.0,,,0.07722903827458139,,-32.89917936788647,-0.3541935954383591,-32.89917936788647,-0.3541935954383591,,4.333026659227698,2.206031396171246,1,0.38950217371861073,MINER_BURN_ONLY,2804.415650773997,2804.415650773997,0.0,0.0013990573204665528,-0.33066119713131287,5F48aA3P...,102518.185522398,,,,True,8294730,1.0,0,5CXN6pP6...,0.179995422293431,10.510193949654841,8.618407151300854,0.0,,COUNTER,244630.735158603,1764.319155568,0.0,DIVERGENT,-0.9803880712244561,2.163955998189993,1295.967040512703,30.45052749,5.020660098999843e-05,30.45052749,5.020660098999843e-05,0.0,EXPOSED,False,True,0.0005020660098999843,,,36942.00565458002,0.06090970142566041,30.0
78,44,86,81,65,True Performance Network,2026-09-20,9109771,0.00231265,0.002306033857166767,0.002869057109751827,IN BAND,False,True,1.32e-07,5827.750464301,3407348.076356501,1.0,2519943.827609171,301361.948173027,-0.00012719120635281114,3153.304318307899,ACCUMULATING_PRE_EMA,0.0,,,,5.9524854765998956e-05,-3.04905290326543,0.03490686150198056,-3.4772434949898323,-0.3932837302224215,-0.4281905917244021,0.771274299281492,0.4282501165791681,1,0.3074688728679105,MINER_BURN_ONLY,2214.0379188219085,2213.9027849239915,4.57770656900891e-05,0.0017103478522607091,-0.2604380895246971,5GxEEHxL...,1554871.694058541,,,,False,4950813,0.912516022706464,0,5DAmVrUg...,0.179995422293431,0.8510319044531912,0.6978500574259562,0.47811622512513735,,COUNTER,1036732.031328557,0.0,0.0,DIVERGENT,-0.975166293482165,1.7083017667240519,1295.967040512703,171794.150223016,0.05041872634471691,171794.150223016,0.05041872634471691,0.0,FORTRESS,True,True,0.504187263447169,,,18338.903868136993,0.005382163329713852,30.0
79,47,78,82,74,Gittensor,2026-09-20,9109771,0.003322597,0.00331019121222198,0.0037477556378661633,IN BAND,False,True,3.233e-06,6046.366014906,3420332.399730312,1.0,1819771.194520403,353522.18035063,-0.0012658894502273344,1123.1510871869978,ACCUMULATING_PRE_EMA,0.0,,,,0.0014051951170428918,-1.1476014864107218,0.04559769359403832,-1.5946511480570167,-0.4014519680522566,-0.4470496616462949,0.76834637481644,0.4484548567633378,1,0.0,,0.0,0.0,7.629510948348184e-05,0.0017677714643707571,-0.467954896615281,5D1VXeeS...,216.588029224,,,,False,5086205,0.6950099191210133,55,5FCbecPr...,,18.402010575030417,18.402010575030417,0.0,,COUNTER,531791.422968235,167553.463093834,1831.1407922049984,OK,0.02928860590291156,0.0,1295.967040512703,378229.609193408,0.11058270512632948,378229.609193408,0.11058270512632948,0.0,DORMITORY,True,True,1.1058270512632948,0,,16149.139194497,0.004721511627282288,30.0
80,124,124,83,113,LongShort,2026-09-20,9109771,0.002109986,0.0021855379454791546,-0.03456903854514902,IN BAND,False,True,0.0,1670.702518809,1612221.186727008,1.0,791807.308060379,67942.029168447,-0.0004889739469761811,41095.23125818372,ACCUMULATING_PRE_EMA,0.0,,,,,-0.8885753870534222,-0.4205899689659797,-0.8885753870534222,-0.4205899689659797,,1.6300492895364675,-7.527656891866976,1,0.3888064832143169,MINER_BURN_ONLY,2799.4066791430814,2799.4066791430814,0.0,0.001036273764768416,-0.5088717343297936,5GndoVhM...,596900.15932827,,,,False,7119664,1.0,0,5FRumLA6...,0.179995422293431,2.370269392811322,1.9436317525030538,0.3363961048872066,,COUNTER,796898.766752116,0.0,0.0,DIVERGENT,-0.9803529796475173,2.1600909526492247,1295.967040512703,60426.887508554,0.037480519426262744,60426.887508554,0.037480519426262744,0.0,FORTRESS,False,True,0.3748051942626313,,,20247.13548640901,0.012558534556609439,30.0
81,46,5,84,120,Affine,2026-09-20,9109771,0.04861507,0.04862120468169451,-0.00012617296783709633,IN BAND,False,False,0.009097647,78205.495158224,2671244.532640164,1.0,1608667.814400059,1500103.892620493,-0.0050901304439632976,2774.7162049268372,ACCUMULATING_PRE_EMA,0.0,,,,0.3057152987475944,-1.415594832384832,-0.0015351044420180051,-1.8584002085479852,-0.4443404806051712,-0.4428053761631532,0.9838110917545155,0.7485206749107476,1,0.0,,0.0,0.0,4.57770656900891e-05,0.02927680120731158,-0.39778341968217723,5EfNFhH2...,3081987.947970817,,,,False,5749344,0.0,116,5E2LP6En...,0.0,0.3049901300197516,0.3049901300197516,0.011581774346140935,,COUNTER,181441.01409672,0.0,0.0,DIVERGENT,1.0,0.0,1295.967040512703,53535.102312535,0.020041258543867863,53535.102312535,0.020041258543867863,0.0,DORMITORY,True,True,0.2004125854386819,,,21322.471809420007,0.007982223846929367,30.0
82,45,4,9,64,Chutes,2026-09-20,9109771,0.069381368,0.06946640717796981,-0.001224177000430553,IN BAND,False,False,0.009460459,200706.13047181,3348023.591290439,1.0,2892795.823780969,5021525.622096083,0.006078987608972017,2952.7619872936048,,0.0,,0.08761700416417297,0.08761700416417297,0.12387307848323038,-0.17051356739007945,-0.014894153505238395,-0.6107112271734059,-0.45509181328856485,-0.4401976597833265,0.7849407055662597,0.5640707382665568,1,0.0,,0.0,0.0,0.00016784924086366004,0.05994764522983878,-0.1359691087405659,5FRYKhbm...,702469.706523624,,,,False,4531295,0.22356693730541477,194,5FEm1mew...,,7.67978515353012,7.67978515353012,0.0,,COUNTER,274207.517615115,0.0,0.0,DIVERGENT,1.0,0.0,1295.967040512703,775132.429029292,0.23151940477532007,775132.012203055,0.23151928027612656,0.4168262369930744,DORMITORY,True,True,2.315192802761268,0,,14148.017591805998,0.0042257819295570985,30.0
83,48,79,85,81,Reliquary,2026-09-20,9109771,0.005996175,0.006005853181704879,-0.0016114582578142839,IN BAND,False,True,3.226e-06,17765.727065478,2512160.610380788,1.0,2962843.060263927,910026.186805276,-0.010295262693937652,3956.7183225415647,ACCUMULATING_PRE_EMA,0.0,,,,0.0004772069259396728,-1.0095129673239667,-0.019606075470073786,-1.473756681180197,-0.48384978932630407,-0.4642437138562303,1.0461114584555378,0.46472092078217,1,0.298194592349433,MINER_BURN_ONLY,2148.651966645033,2148.1564756860034,0.00016784924086366004,0.007071891419707083,0.17940043773023343,5GnpQR4N...,73111.536867174,,,,False,5203057,0.7867498931689152,237,5H47sFL6...,0.179995422293431,12.102100395291561,9.923777724003559,0.0345485342814851,,COUNTER,861091.3278778,0.0,0.0,DIVERGENT,-0.9753734022434689,1.6575702996552768,1295.967040512703,486279.416214691,0.19357019380260956,482053.306376426,0.1918879327955697,4226.109838264994,FORTRESS,True,True,1.9188793279556986,0,,14508.253363399996,0.005775209317210362,30.0
84,50,59,86,125,Refinery,2026-09-20,9109771,0.002949825,0.0029475658666342497,0.0007664403334708387,IN BAND,False,True,8.6798e-05,5631.969471577,2513205.063015826,1.0,1909255.23824283,243272.932835196,-0.00024021262101779379,3680.7540205882397,ACCUMULATING_PRE_EMA,0.0,,,,0.040501843120987056,-0.6863312271586156,0.009325024057228537,-1.181742615129263,-0.4860863639134188,-0.4954113879706473,1.045676709263995,0.5359132310916344,1,0.0,,0.0,0.0,0.0,0.002240951028810471,-0.24031051712882256,5DTzv2rL...,11469.30828984,,,,False,5834408,1.0,12,5E2LP6En...,0.0,0.540226842901287,0.540226842901287,0.11463451854112619,,COUNTER,1305773.13013795,0.0,0.0,DIVERGENT,1.0,0.0,1295.967040512703,226023.662897553,0.08993442923687509,226023.662897553,0.08993442923687509,0.0,DORMITORY,True,True,0.8993442923687509,,,11512.874223727002,0.004580952980379422,30.0
85,49,43,87,33,ReadyAI,2026-09-20,9109771,0.004473077,0.004494567168876529,-0.0047813656063128065,IN BAND,False,False,0.000423644,14294.854176696,2194244.040183868,1.0,3195753.521494772,908434.427656308,-0.0054386194078304825,4098.950232314877,ACCUMULATING_PRE_EMA,0.0,,,,0.0778837208297656,0.4820038995319458,-0.058173281543472476,0.006462463437027499,-0.5337147176383907,-0.4755414360949183,1.1976789964437071,0.5534251569246839,1,0.0,,0.0,0.0,0.008407721065079699,0.0065147057095336375,0.45642601491850865,5HinUfk5...,56096.057805261,,,,False,2943950,0.0,209,5E2LP6En...,0.0,0.45884313906749735,0.45884313906749735,0.40574689841449085,,COUNTER,588076.249106669,0.0,0.0,DIVERGENT,1.0,0.0,1295.967040512703,138809.800536348,0.06326087618071705,138808.045342108,0.06326007627231678,1.755194239987759,DORMITORY,True,True,0.6326007627231677,,,13631.913670988995,0.006212578647289707,30.0
86,52,61,88,128,ByteLeap,2026-09-20,9109771,0.002805566,0.0028070060070604086,-0.0005130046237118057,IN BAND,False,True,7.1803e-05,4033.124014771,2931274.390740492,1.0,1437543.431933168,91629.97290582,-0.00022424396803000932,2578.377660676604,ACCUMULATING_PRE_EMA,0.0,,,,0.04678712663159064,-1.3864116696571132,-0.006241556255160302,-1.9328404405286403,-0.5526703271266875,-0.5464287708715272,0.8965383821799503,0.5932158975031179,1,0.0,,0.0,0.0,9.15541313801782e-05,0.0013758943985288806,-0.5095840202907789,5GgMeLFN...,877517.789309225,,,,False,5856038,1.0,96,5HQTcjYx...,,5.62574912145827,5.62574912145827,0.0,,COUNTER,186014.794503201,289.843039317,0.0,DIVERGENT,1.0,0.0,1295.967040512703,3774.579039305,0.0012876921557491842,3774.573941721,0.0012876904167158079,0.00509758399994098,NEITHER,True,True,0.012876904167158079,,,12907.623765309,0.004403417096018877,30.0
87,51,23,3,69,Herald,2026-09-20,9109771,0.007140617,0.007188636343926191,-0.006679896106688384,IN BAND,False,False,0.001954309,4047.502935039,1323828.259727916,1.0,566828.151494331,79641.766433326,0.0011393261345515797,2809.412454057252,,0.0,,0.15955569869544603,0.15955569869544603,1.2689117548349629,-4.963524119270759,-0.081272069298042,-5.460661416016178,-0.5784093660434608,-0.49713729674541884,1.9851517601989612,1.7660490515803817,1,0.0,,0.0,0.0,4.57770656900891e-05,0.00305742297408795,-0.5718264998545715,5HBPFVcJ...,558703.355221796,0.0,,,False,8138182,1.0,155,5FLBpbxv...,0.0,0.5885104577394508,0.5885104577394508,0.003509735701641946,,COUNTER,382933.064009199,4110.268380516,0.0,OK,0.0,0.0,1295.967040512703,485.813350565,0.0003669761141561129,485.813350565,0.0003669761141561129,0.0,NEITHER,False,True,0.0036697611415611293,,,24616.64795465399,0.018595046429748678,30.0
88,57,32,89,91,cascade,2026-09-20,9109771,0.006607081,0.0065788940992206335,0.004284443609254257,IN BAND,False,False,0.001508465,3716.144463057,1183934.160261052,1.0,562448.773572398,184289.544758966,-0.00013977869327964234,3176.943201732356,ACCUMULATING_PRE_EMA,0.0,,,,1.0667631625760063,-8.270956980048345,0.05212739724592679,-8.935446908858625,-0.6123625315643536,-0.6644899288102804,2.2197180284252784,1.7312530913862867,1,0.0,,0.0,0.0,1.5259021896585345e-05,0.003138810068828158,-0.5249324067877845,5HEe7NjS...,395450.018654698,0.0,,,False,7633645,0.5161290322580645,0,5FcCsoB2...,0.0,0.6733194916457916,0.6733194916457916,0.24711968381376753,,COUNTER,399376.775480423,9542.545852108,0.0,DIVERGENT,1.0,0.0,1295.967040512703,56236.595907966,0.04749976628393431,56236.595907966,0.04749976628393431,0.0,DORMITORY,False,True,0.4749976628393475,,,37803.20297022899,0.03193015645556976,30.0
89,56,49,8,18,Zeus,2026-09-20,9109771,0.003836774,0.0038236184045672417,0.003440614109672671,IN BAND,False,False,0.00023126,9925.078629314,3191843.054783538,1.0,2586828.965822092,878829.983710469,0.00033872464815844845,1323.3065590262413,,0.0,,0.08828371130497874,0.08828371130497874,0.06123390077787288,-1.1228519680749054,0.04186080500101749,-1.7793525348920038,-0.614639761816081,-0.6565005668170986,0.8233487533359386,0.7177344675949714,1,0.002155758896559091,MINER_BURN_ONLY,16.862416608957574,16.457014915206145,0.0001373311970702673,0.003109513362331373,-0.1895500328319121,5GgvCi6h...,1985898.422172727,,,,False,1604679,0.0032200958398193036,15,5Ef3siiB...,0.013550011444266423,1.8563071218068607,1.8311541390623045,0.029955745460094614,,COUNTER,341295.520316639,30745.295806132,0.0,OK,0.6353465197184607,0.012698636925747367,1295.967040512703,472285.796249436,0.14796648461196507,375000.0,0.1174869796426853,97285.79624943598,DORMITORY,True,True,1.174869796426853,0,,12794.749610203999,0.004008577298632781,30.0
90,55,22,90,56,Gradients,2026-09-20,9109771,0.015912136,0.015916352393105626,-0.0002649095095087337,IN BAND,False,False,0.002230428,50900.976777333,2845166.469646228,1.0,3198877.54748364,2851420.432179104,-0.009019599530651996,2484.5702259805985,ACCUMULATING_PRE_EMA,0.0,,,,0.11515623383106169,-0.5284110263833763,-0.003223065699022926,-1.1410052732509937,-0.6158173125666402,-0.6125942468676172,0.9236717879382184,0.7277504806986789,1,0.0,,0.0,0.0,3.0518043793392735e-05,0.017890333419985124,0.12432004226114735,5EJ1zbdw...,16346.335193204,,,,False,4312927,0.0,50,5G9hfkx9...,0.009994659342336155,0.44824263599827513,0.4437626035487616,0.027285629263379574,,COUNTER,841047.343861356,0.0,0.0,DIVERGENT,1.0,0.0,1295.967040512703,264724.185506575,0.0930434785910756,264724.185506575,0.0930434785910756,0.0,DORMITORY,True,True,0.9304347859107561,,,22809.142024744004,0.008016804031709302,30.0
91,58,82,91,43,Graphite,2026-09-20,9109771,0.004423882,0.004424337530508637,-0.00010296016194438445,IN BAND,False,True,8.65e-07,12996.940711968,3101766.423176838,1.0,2937903.867484205,158092.696317786,-0.0008349041341164327,1367.8676751381718,ACCUMULATING_PRE_EMA,0.0,,,,0.00017490423711071835,-0.1412802044049256,-0.001252681970323344,-0.8223674970455674,-0.6823399746109652,-0.6810872926406418,0.8472591554164788,0.6812621968777526,1,0.32466346703001586,MINER_BURN_ONLY,2338.2143852260197,2338.0342066954636,6.103608758678547e-05,0.004190173900540356,-0.052828737172384725,5HjMs5JD...,2915605.162066946,,,ENTRY_PRE_EMA_PATTERN,False,3408582,0.20828310265370586,123,5FNx9hg4...,,8.68830183301022,8.68830183301022,0.0,,COUNTER,950747.16395846,0.0,0.0,DIVERGENT,-0.9764896250769054,1.804084620678705,1295.967040512703,3451.069241962,0.0011126141595237868,3451.069241962,0.0011126141595237868,0.0,EXPOSED,True,True,0.011126141595237867,,UNDEFENDED_BURNER,9860.035126944002,0.00317884514232549,30.0
92,53,70,92,82,Compelle,2026-09-20,9109771,0.002089864,0.002120373770594597,-0.014388864368021973,IN BAND,False,True,2.3878e-05,1276.093747538,716969.593413988,1.0,610611.010269627,121430.336122244,0.0004909697292762227,6026.313238368719,,0.0,,,0.2349290333132791,0.049174587777009206,0.1570852161612192,-0.17506451647760066,-0.40673659873358825,-0.7388863313724081,-0.5638218148948074,3.6654274102284794,0.6129964026718167,1,0.0,,0.0,0.0,0.0,0.0017798436073999109,-0.14834476913334504,5H6h1PUD...,375626.920130424,,,,False,8026517,0.0,5,5E2LP6En...,0.0,0.7553765755104428,0.7553765755104428,0.4405395919488486,,COUNTER,51466.221683119,7195.897335065,0.0,DIVERGENT,1.0,0.0,1295.967040512703,744.314271862,0.0010381392442569358,744.314271862,0.0010381392442569358,0.0,NEITHER,False,True,0.010381392442569358,,,36055.487405699,0.05028872596118602,30.0
93,59,28,93,124,Swarm,2026-09-20,9109771,0.010207889,0.010211446322500706,-0.0003483661754033539,IN BAND,False,False,0.001742343,12447.611147764,3567954.435182341,1.0,1219410.876975507,306125.123788762,-7.80977163950547e-05,-2677.6598073835485,,0.0,,,,0.3678518994242937,-4.381861651020526,-0.004238455134074139,-5.121729981951034,-0.7441067860645816,-0.7398683309305074,0.7365564913290984,1.107720230354801,1,0.0,,0.0,0.0,0.0001831082627603564,0.0034887248068592174,-0.6582324899046985,5HKYqfJr...,2331317.311580068,0.2678471529753725,BUYBACK_GAMING,,False,5813454,0.02980632754910495,90,5GsfCwXF...,,16.2084283777048,16.2084283777048,0.0,,COUNTER,897004.632666029,6243.286010635,0.0,DIVERGENT,1.0,0.0,1295.967040512703,1000000.110795789,0.2802726685450746,1000000.110795789,0.2802726685450746,0.0,DORMITORY,True,True,2.8027266854507453,0,,22774.688915417,0.0063831221303848,30.0
94,60,72,94,13,Data Universe,2026-09-20,9109771,0.005520494,0.005523172905668616,-0.00048503020172823536,IN BAND,False,True,8.85e-06,19852.148035954,2488285.499456144,1.0,3596081.407174141,970211.865858333,-0.0029832593986156373,1994.8271949058399,ACCUMULATING_PRE_EMA,0.0,,,,0.001171550804370291,-0.5079596164517236,-0.00590120078769353,-1.2654107735234217,-0.7633523578593916,-0.7574511570716981,1.056148902758302,0.7586227078760683,1,0.28681677034346853,MINER_BURN_ONLY,2072.715867782943,2068.3915830495944,0.0014648661020828513,0.007978243670307533,0.44520466289928634,5HBswBt1...,34182.516353929,,,,False,1907637,0.7021195311664299,247,5E2LP6En...,0.0,0.3944784248552618,0.3944784248552618,0.16140452610215011,,COUNTER,674581.76971066,0.0,0.0,DIVERGENT,-0.9731919471939341,1.596021749311857,1295.967040512703,93697.039216446,0.037655260715430384,93697.039216446,0.037655260715430384,0.0,FORTRESS,True,True,0.3765526071543038,,,10315.778167926002,0.004145737364213507,30.0
95,61,66,95,106,Nodexo,2026-09-20,9109771,0.002483913,0.002486329060047865,-0.0009717378470484845,IN BAND,False,True,4.4699e-05,6070.567055398,2437192.618275019,1.0,2443952.669118707,360937.068097014,-0.0008091572467977437,2078.352690092288,ACCUMULATING_PRE_EMA,0.0,,,,0.019350576466418502,-2.415332833843066,-0.011822810472423227,-3.175834037374173,-0.7723240140035301,-0.760501203531107,1.0782898242404941,0.7798517799975254,1,0.0,,0.0,0.0,9.15541313801782e-05,0.002490803151904583,0.002773910319960057,5CTdHCps...,970164.956852367,,,,False,5558480,0.6347418700117505,31,5E4vCZrj...,0.0,0.43588475451043773,0.43588475451043773,0.026980832621169577,,COUNTER,838637.534343767,0.0,0.0,DIVERGENT,1.0,0.0,1295.967040512703,325080.342923091,0.13338311485334073,325080.342923091,0.13338311485334073,0.0,DORMITORY,True,True,1.3338311485334098,0,,12378.760783103002,0.005079106464660296,30.0
96,125,125,96,92,Available,2026-09-20,9109771,0.001725049,0.001850117463618517,-0.06760028272686221,IN BAND,False,True,0.0,663.492076282,551898.955281057,1.0,384622.018140217,79972.186753421,-2.6195570558567144e-05,30185.939881628612,ACCUMULATING_PRE_EMA,0.0,,,,,-18.817742403717173,-0.8224701065101568,-18.817742403717173,-0.8224701065101568,,4.76174121159856,-14.627454550639927,1,0.3895021735497236,MINER_BURN_ONLY,2804.41564955801,2804.41564955801,0.0,0.0012021984639273573,-0.3030931504395775,5E9LPDS2...,634667.268468678,,,ENTRY_PRE_EMA_PATTERN,True,8352006,1.0,0,5HBFHduz...,0.179995422293431,2.556625948015907,2.0964449808564405,0.505928310927319,,COUNTER,224037.876254084,0.041020142,0.0,DIVERGENT,-0.9803880712159525,2.163955997251707,1295.967040512703,50000.0,0.09059629398018569,50000.0,0.09059629398018569,0.0,FORTRESS,False,True,0.9059629398018569,,,41734.637173055984,0.07562006916973131,30.0
97,63,29,97,34,BitMind,2026-09-20,9109771,0.011795831,0.011793854413554072,0.00016759461127955827,IN BAND,False,False,0.001741463,34736.205790271,2743951.715603472,1.0,2944786.496849214,634905.698591435,-0.0033068888932364145,77.16630918486044,ACCUMULATING_PRE_EMA,0.0,,,,0.13175200514507013,0.319403500300142,0.0020390677705679587,-0.5814458211335876,-0.8988102536631616,-0.9008493214337295,0.957742800303623,1.0326013265787997,1,0.015108442810086511,SKIN_IN_GAME,127.18283504998544,124.84051415275496,0.0007934691386282111,0.012659189880326131,0.07319186586567164,5DthmKBR...,2957451.243833331,15.540908200061534,BUYBACK_GAMING,,False,3493948,0.002153230609471146,12,5HK3NESx...,,0.7296879625927064,0.7296879625927064,0.0,,COUNTER,359681.228611906,70171.661546406,0.0,DIVERGENT,0.7142319254871938,0.09633000705277679,1295.967040512703,125330.165296733,0.04567506220464575,125330.165296733,0.04567506220464575,0.0,DORMITORY,True,True,0.45675062204645894,,,11637.537658868001,0.004241159781599356,30.0
98,62,69,98,60,Bitsec.ai,2026-09-20,9109771,0.004251442,0.004304808797314763,-0.012397019200493123,IN BAND,False,True,2.5335e-05,7185.59344638,4013666.043978423,1.0,1690154.221312396,958486.068349229,0.00042835187573598795,-1755.5053220042028,DISTRIBUTING_PRE_EMA,0.0,,,0.10075449123755843,0.009265815064104727,0.9730150960158158,-0.1508304002726663,0.16706643251771203,-0.95677906377077,-0.8059486634981038,0.6547629950286238,0.8152144785622085,1,0.20378052295382884,SKIN_IN_GAME,1476.008236580994,1475.963191948355,1.5259021896696368e-05,0.00179028184399156,-0.5789000899008948,5CXLwkK1...,141245.006679875,0.28430484458970484,BUYBACK_JUSTIFIED,,False,4796992,1.0,113,5CXLwkK1...,0.179995422293431,3.8142446165579154,3.1276980460701274,0.0,,COUNTER,686598.955708445,0.0,0.0,DIVERGENT,-0.9634841294060638,1.1388894515129357,1295.967040512703,1056231.315622663,0.2631587441629065,1056231.315622663,0.2631587441629065,0.0,FORTRESS,True,True,2.6315874416290668,0,,9471.705412734998,0.0023598638523862994,30.0
99,64,73,99,22,Desearch,2026-09-20,9109771,0.003099154,0.0030956806149333715,0.0011220101485511327,IN BAND,False,True,6.002e-06,7640.248785252,3627054.472659742,1.0,2465269.069187877,270367.61130392,-0.0015173520545156394,-3404.0193599457853,,0.0,,,,0.0020644950764492345,-1.4741903801259062,0.01365112347403878,-2.53820748406556,-1.050365980465615,-1.0640171039396538,0.7245548749845135,1.066081599016103,1,0.2112801905119555,,1527.0463652950712,1524.163508806172,0.0009765774013885675,0.0021064609982682056,-0.3203109628407605,5DFuaMas...,1855116.370651908,0.08186033342208576,,,False,2009702,0.5167784209802813,131,5E2LP6En...,0.0,0.3851551452180217,0.3851551452180217,0.130323978696455,,COUNTER,1240815.490371099,0.0,0.0,DIVERGENT,-0.964091925945409,1.1760819998965337,1295.967040512703,763677.586285475,0.2105503493377273,763677.586285475,0.2105503493377273,0.0,FORTRESS,True,True,2.1055034933772734,0,,9318.011644325003,0.0025690299703417592,30.0
100,69,75,100,16,kenju,2026-09-20,9109771,0.001522337,0.0014374223537743092,0.05907424912568409,IN BAND,False,True,5.099e-06,414.885462916,513819.245344001,1.0,272531.946432324,77202.702441398,0.000900611716787907,4620.568724174867,,0.0,,,0.5915981262939198,0.0322984852393179,0.8626990380542797,0.718736697695823,-0.9233547244666825,-1.067317064825139,-1.7860537625209623,5.114639095000342,1.8183522477602803,1,0.0,,0.0,0.0,0.0,0.0008074541128529256,-0.46959568554602193,5FkKY8WJ...,639909.980532318,,,,True,8460646,1.0,1,5E2LP6En...,0.0,0.7707668569346852,0.7707668569346852,0.4335459456160161,,COUNTER,63578.799840379,0.04568655,0.0,DIVERGENT,1.0,0.0,1295.967040512703,7333.737256624,0.014272990595582066,0.0,0.0,7333.737256624,NEITHER,False,False,0.11878370651516831,,,44441.947124574,0.086493348638236,30.0
101,66,25,101,118,Ditto,2026-09-20,9109771,0.007631561,0.007484949892386794,0.01958745345273847,IN BAND,False,False,0.001854051,6439.985930137,2226534.737104699,1.0,843862.32204374,769433.70661733,-0.0019519015973399523,-3868.952593875467,,0.0,,,,0.7565926511110168,-3.405131399598098,0.23831401700831803,-4.750727647840581,-1.1072822312341648,-1.3455962482424828,1.1803094540610453,2.1021888993534996,1,0.0,,0.0,0.0,4.57770656900891e-05,0.0028923806230444498,-0.620997509809009,5HGXqHbQ...,1504161.79429991,0.13602724390246854,,,False,5724794,0.7477263016541538,28,5DPQjF6B...,0.0,0.4284565865621651,0.4284565865621651,0.10368086924673423,,COUNTER,320927.826926128,1788.13704218,0.0,DIVERGENT,1.0,0.0,1295.967040512703,131710.640920286,0.0591549903647843,109510.863715458,0.04918443978909656,22199.777204828002,DORMITORY,True,True,0.49184439789096596,,,32284.406101967998,0.014499843889230944,30.0
102,65,8,102,97,Albedo,2026-09-20,9109771,0.019638666,0.019393117865547538,0.012661612029321236,IN BAND,False,False,0.007033757,12211.153575411,1143951.877473074,1.0,621791.687148178,530239.839116777,-0.0002017478056674679,926.8397518096026,ACCUMULATING_PRE_EMA,0.0,,,,1.5137565244631563,-7.438802452400304,0.15404961302340836,-8.72027472835288,-1.1274226629291675,-1.2814722759525758,2.2972994334386736,2.795228800415732,1,0.0,,0.0,0.0,7.629510948348184e-05,0.010674534319035131,-0.4564531868389059,5GnW8owm...,1353208.070378442,0.7021118205722533,BUYBACK_GAMING,,False,7735450,0.0,28,5E2LP6En...,0.0,0.6291587311552168,0.6291587311552168,0.1898127660873148,,COUNTER,70872.776437572,4583.298014649,0.0,DIVERGENT,1.0,0.0,1295.967040512703,9306.348524257,0.008135262249679774,9306.348524257,0.008135262249679774,0.0,DORMITORY,False,True,0.08135262249679907,,,36260.780467306,0.03169781979588516,30.0
103,71,13,103,53,engy,2026-09-20,9109771,0.029456307,0.02850508945994079,0.033370094887651185,IN BAND,False,False,0.004137755,34895.388381831,4844406.563833555,1.0,1184649.171751283,1578467.375769488,-0.0011223092088040443,-21553.787787492154,,0.0,,,,0.3116176848646792,5.536312312239498,0.4060028211330894,3.596238908453929,-1.5340705826524794,-1.940073403785569,0.5424813060942532,2.251691088650248,1,0.0963531359503813,,792.6347659730818,791.1933377286323,0.0004882887006942838,0.00720323282573893,-0.7554604239513484,5H8SFVCx...,1898955.152998054,0.15290030615532077,,,False,4203869,0.49248126040028706,182,5CFLNbkc...,,1.0345204663049137,1.0345204663049137,0.0,,COUNTER,530147.455907862,0.0,0.0,DIVERGENT,-0.9202663830185513,0.6105042126809219,1295.967040512703,137943.384203406,0.028474774440534648,123810.404901783,0.025557393515668783,14132.979301622996,FORTRESS,True,True,0.25557393515668786,,,26048.200763391997,0.00537696422052139,30.0
104,67,18,104,38,ChronoLLM,2026-09-20,9109771,0.010214203,0.01014730054885149,0.006593127977872113,IN BAND,False,False,0.00307163,5728.811904511,1730323.075502399,1.0,560867.352125886,205525.45958576,-0.0014355570088288021,-5131.259264923749,,0.0,,,,1.409060687372844,-0.7949814309742466,0.08021639039744403,-2.4546142030874596,-1.579416381715769,-1.659632772113213,1.5187915119475366,3.068693459486057,1,0.0,,0.0,0.0,6.103608758678547e-05,0.0033108336735598585,-0.6758598126980776,5GeWgtBA...,1643585.489268329,0.0,,,False,7284230,0.7541011124505959,4,5E2LP6En...,0.0,0.5462254673445144,0.5462254673445144,0.12517739695716532,,COUNTER,485297.062238849,10641.406258159,0.0,DIVERGENT,1.0,0.0,1295.967040512703,28584.039684543,0.01651948129758579,28584.039684543,0.01651948129758579,0.0,DORMITORY,False,True,0.16519481297586325,,,22176.364914858994,0.012816314611316208,30.0
105,68,46,105,48,Quantum Compute,2026-09-20,9109771,0.004023036,0.00400435458868742,0.004665273990808954,IN BAND,False,False,0.000277935,10495.927691883,3266986.178368003,1.0,2608956.855705302,692277.383203893,-0.0027008449742481964,-8108.992269595154,,0.0,,,,0.06959014976492867,-0.35482785619061585,0.05676083355484227,-2.054984748421888,-1.64339605867643,-1.7001568922312722,0.8044111167047534,1.769747041996201,1,0.0,,0.0,0.0,4.57770656900891e-05,0.0032127248536833897,-0.2014178213460208,5GNH5YMk...,22092.488857444,0.09317078618941599,,,False,3856677,0.9899896233900994,146,5FH19r4S...,,12.95580261854343,12.95580261854343,0.0,,COUNTER,695492.461656953,0.0,0.0,DIVERGENT,1.0,0.0,1295.967040512703,101862.559282014,0.03117936646211911,101862.559282014,0.03117936646211911,0.0,DORMITORY,True,True,0.3117936646211911,,,9326.255203443998,0.0028546968656301,30.0
106,70,87,106,2,DSperse,2026-09-20,9109771,0.003122211,0.0031002629548311234,0.007079414065402193,IN BAND,False,True,1.17e-07,7809.679682339,3289537.419038699,1.0,2501329.272577524,711857.553280514,-0.002026472196230547,-8985.241550958715,,0.0,,,,3.937114100791275e-05,0.23617623276003852,0.08613287112906001,-1.5624473625583024,-1.7124907241892808,-1.798623595318341,0.7988965210701205,1.7986629664593488,1,0.3319241413552156,SKIN_IN_GAME,2390.709614255,2389.943855500136,0.00025940337224383825,0.002374096624388368,-0.23961044772811071,5EcYQ3W7...,2902971194327509.0,1184463212.6408916,BUYBACK_GAMING,,False,2734060,0.819728929454501,14,5CFxLBvp...,0.179995422293431,0.6426902758788151,0.5270089682681262,0.9120429713727645,,COUNTER,735420.59326639,0.159820748,0.0,DIVERGENT,-0.9770263978929906,1.844139380701102,1295.967040512703,1144508.261830867,0.34792377043861883,1144508.261830867,0.34792377043861883,0.0,FORTRESS,True,True,3.4792377043861884,0,,10296.406056868998,0.0031300467954177933,30.0
107,72,63,107,98,NeverPlayAlone,2026-09-20,9109771,0.002541764,0.0025171153247356415,0.00979242985894872,IN BAND,False,True,4.6908e-05,4957.713443944,2919701.403301971,1.0,1950500.709723626,207024.665517815,-0.001032365332540136,-8453.910192768555,,0.0,,,,0.024865137001934486,-2.753949568308006,0.11914122995054274,-4.701961890218845,-1.8288710919602968,-1.9480123219108396,0.9000920426410461,1.972877458912774,1,0.0,,0.0,0.0,0.0,0.0016980207079865031,-0.33195186178319347,5EWzZCNs...,1516616.07248829,0.31404664265367666,BUYBACK_GAMING,,False,5445992,1.0,153,5E2LP6En...,0.0,0.41592681253840025,0.41592681253840025,0.23690715986083133,,COUNTER,1255490.393926426,0.181595662,0.0,DIVERGENT,1.0,0.0,1295.967040512703,438403.854200864,0.15015366081787027,438403.854200864,0.15015366081787027,0.0,DORMITORY,True,True,1.501536608178705,0,,12213.808701847003,0.004183238973695758,30.0
108,73,85,108,20,Witness,2026-09-20,9109771,0.00255861,0.00253849639557302,0.007923432336581878,IN BAND,False,True,2.76e-07,6768.875090066,3298778.863973592,1.0,2645527.379948329,287827.613253611,-0.0009316292818717833,-10714.062159638852,,0.0,,,,0.00010715635764419574,-0.7270646130211343,0.09640176009507952,-2.7139217735228147,-1.8904554004066008,-1.9868571605016803,0.7966584328221397,1.9869643168593245,1,0.2981429988942681,SKIN_IN_GAME,2146.9065220397897,2146.8614774071507,1.5259021896696368e-05,0.002051933569718721,-0.19802800359620212,5CFVA7aP...,1453789.376881117,0.24283002424615505,BUYBACK_JUSTIFIED,,False,1970929,1.0,240,5ED4s3B3...,0.179995422293431,0.9551203368209421,0.7832030484538126,0.5616444627569473,,COUNTER,1413591.489615057,0.0,0.0,DIVERGENT,-0.9743975838472329,1.6565710471755684,1295.967040512703,548487.494729841,0.1662698584376015,542445.689786995,0.1644383307141674,6041.804942846065,FORTRESS,True,True,1.6443833071416767,0,,9690.600745226999,0.002937632725569863,30.0
109,126,126,109,108,Prometheon,2026-09-20,9109771,0.001334273,0.0016191455069929361,-0.17594002871428094,IN BAND,True,True,0.0,1287.75644547,1479900.598540924,1.0,965136.45284968,59626.755622042,0.0005111478403079943,202701.23805060273,,0.0,,,0.38309089692139037,,-22.7022748595706,-2.140603682690418,-22.7022748595706,-2.140603682690418,,1.7757949436543372,-42.602015287329515,1,0.3895021735397232,MINER_BURN_ONLY,2804.415649486007,2804.415649486007,0.0,0.0008701641493622177,-0.3478365002048174,5GpmtjiG...,1455719.198457776,,,,False,7105263,1.0,0,5CAxp9fh...,0.179995422293431,1.2909455192879415,1.0585812353858959,0.7441402673503021,,COUNTER,506116.658605575,0.238163524,0.0,DIVERGENT,-0.980388071215449,2.163955997196148,1295.967040512703,461961.212299898,0.31215691969809234,461961.212299898,0.31215691969809234,0.0,FORTRESS,False,True,3.1215691969809254,0,,20178.187799970012,0.013634826433521454,30.0
110,74,52,110,26,Perturb,2026-09-20,9109771,0.003418184,0.0034169177524745464,0.0003705817983287535,IN BAND,False,False,0.000153132,2001.562749173,1009887.822117055,1.0,585563.146197654,68858.813607713,-0.00014188253281285655,510.14304272353183,ACCUMULATING_PRE_EMA,0.0,,,,0.20105834611793974,-0.3381221251532931,0.0045087452129998346,-2.6725314857578963,-2.3299006153916033,-2.334409360604603,2.6022692248044472,2.535467706722543,1,0.0,,0.0,0.0,9.15541313801782e-05,0.0019819654275829075,-0.42017005884326075,5FsVAEPM...,1477392.54125567,,,,False,8123781,0.0036167193151124266,45,5CvgGz4i...,,1.8681167887563666,1.8681167887563666,0.0,,COUNTER,93577.704880545,1668.571827101,0.0,DIVERGENT,1.0,0.0,1295.967040512703,36860.825458564,0.03649992073504923,33740.647249697,0.03341029222331405,3120.1782088670006,DORMITORY,False,True,0.3341029222331482,,,30778.628449583,0.03047727457992407,30.0
111,75,47,111,85,Vidaio,2026-09-20,9109771,0.004950243,0.004920376930385828,0.00606987432806902,IN BAND,False,False,0.000260803,12490.828932507,2725363.928142336,1.0,2523275.904882472,1452145.558537141,-0.006693889346863315,-11476.782370272093,,0.0,,,,0.05487148112454673,4.028368503949929,0.07385013765817308,1.516973069594263,-2.4375452966974933,-2.5113954343556664,0.9642748892590277,2.566266915480213,1,0.07397902760578179,SKIN_IN_GAME,560.9368322939845,560.7116091307893,7.629510948348184e-05,0.004583178343092332,-0.07415083601101366,5GTPBjA4...,3072369.979148319,1.009800144362937,BUYBACK_GAMING,,False,5258781,0.29598657103616666,184,5EM4mjLn...,,9.156330488373213,9.156330488373213,0.0,,COUNTER,509031.27164217,0.0,0.0,DIVERGENT,-0.9501862872868196,0.4326588498029732,1295.967040512703,143374.672017185,0.05260753271762575,143374.672017185,0.05260753271762575,0.0,FORTRESS,True,True,0.5260753271762597,,,24715.246613167998,0.009068604144186504,30.0
112,77,80,112,45,AlphaRidge.ai,2026-09-20,9109771,0.002481829,0.0024462782312184572,0.0145325941783145,IN BAND,False,True,2.036e-06,6312.745843752,3208627.574789651,1.0,2543585.454393153,750675.276369475,-0.0007759101295867152,-15878.963109618984,,0.0,,,,0.0008475880595281261,0.06578068452186236,0.17681322916949307,-2.5566612093326477,-2.445628664685017,-2.62244189385451,0.81904176746729,2.623289481914038,1,0.23476299771302586,MINER_BURN_ONLY,1699.6985999611206,1691.6806553513702,0.0027161058976119534,0.001967428658081593,-0.20726663356677963,5FbcZiAH...,852.433413449,0.0,,,False,3633154,0.5346328625854919,48,5G9hfkx9...,0.009994659342336155,0.3619473362078811,0.3583297958826173,0.013398443461010224,,COUNTER,1083647.069308296,0.0,0.0,DIVERGENT,-0.8886135435985766,1.305342344726697,1295.967040512703,111021.308059724,0.034600870768556634,111019.200205241,0.03460021383519996,2.1078544830088504,FORTRESS,True,True,0.34600213835199967,,,14464.798595866996,0.004508095208530166,30.0
113,76,68,113,47,Feval,2026-09-20,9109771,0.002219048,0.0022042833734303713,0.006698152672925852,IN BAND,False,True,2.7831e-05,1122.00793238,1518077.691717973,1.0,505625.740415673,53492.891728891,1.9567391779975152e-05,-3615.1421603005147,DISTRIBUTING_PRE_EMA,0.0,,,0.008817921820517246,0.06518658726846602,-4.837105652784636,0.0814941908539312,-7.399858060465863,-2.481258216827295,-2.5627524076812263,1.7311366963214867,2.6279389949496923,1,0.0,,0.0,0.0,0.0,0.0007390978330695644,-0.6669302182424335,5GBmFsPk...,983018.883215406,0.34754738401105567,BUYBACK_GAMING,,False,7340355,1.0,28,5G9hfkx9...,0.009994659342336155,0.8146593355792718,0.8065170930401031,0.017914911798815845,,COUNTER,682725.854146639,52.790049364,0.0,DIVERGENT,1.0,0.0,1295.967040512703,83547.457084234,0.055035033806264094,1082.01056104,0.0007127504520638296,82465.446523194,NEITHER,False,False,0.6287600727515811,,,22902.649811959007,0.015086612455282585,30.0
114,78,41,114,102,ConnitoAI,2026-09-20,9109771,0.006289978,0.006270424695685506,0.00311833811319799,IN BAND,False,False,0.000497626,3557.95375443,992492.215562498,1.0,565654.440583165,231155.895804353,-9.995717380745074e-05,-674.9617182917427,,0.0,,,,0.3675599005107106,-5.731353728940874,0.03793978037724221,-8.40986824391287,-2.640574734594754,-2.678514514971996,2.647879710079714,3.0460744154827064,1,0.09105049716446598,MINER_BURN_ONLY,707.5180891199852,707.4279998547072,3.0518043793392735e-05,0.0035848681719014984,-0.4300666597082695,5HBc11rC...,805532.624800587,0.0,,,False,7840965,0.25014878000396745,0,5EEinUEy...,0.179995422293431,0.9827937828464512,0.8058954008756457,0.4846029420741012,,COUNTER,148657.040443574,7309.092357836,0.0,DIVERGENT,-0.6744010849481937,0.5458688205333051,1295.967040512703,2002.340459168,0.0020174873190649334,2002.340459168,0.0020174873190649334,0.0,EXPOSED,False,True,0.020174873190649333,,,31917.961380363,0.03215940727784288,30.0
115,80,64,115,6,Numinous,2026-09-20,9109771,0.002553513,0.0025135648902505636,0.015893009129934993,IN BAND,False,True,4.6649e-05,7850.476200574,2742805.185251732,1.0,3074382.001125308,701412.385313284,-0.004023880888700968,-14036.617777750362,,0.0,,,,0.015616068231763617,-2.8324699993444895,0.19336494441420907,-5.677548986527327,-2.651714042768629,-2.845078987182838,0.9581431499878125,2.8606950554146016,1,0.0,,0.0,0.0,0.0019836728465705278,0.0028622069998943405,0.12088992689457254,5CfSg4e2...,87075.139282119,0.10183954420909282,,,False,3219949,0.18688173687026988,20,5DSetMmi...,,4.0342693500788425,4.0342693500788425,0.0,,COUNTER,185360.665463109,0.0,0.0,DIVERGENT,1.0,0.0,1295.967040512703,662466.459537209,0.24152880529005144,662466.459537209,0.24152880529005144,0.0,DORMITORY,True,True,2.4152880529005145,0,,9484.266177814998,0.00345787087935104,30.0
116,81,14,116,8,Vanta,2026-09-20,9109771,0.028210725,0.027980838669463992,0.008215848468719634,IN BAND,False,False,0.003931103,79932.789728007,3252174.078132846,1.0,2833418.433032103,1407392.067403226,-0.008329727580013033,-18312.50686435122,,0.0,,,,0.1292453162107043,1.490141548589971,0.09995948970275555,-1.373821107098615,-2.7640031659858306,-2.863962655688586,0.8080748252900412,2.9932079718992903,1,0.018486422912827597,MINER_BURN_ONLY,156.10918219201267,151.64976356074695,0.0015106431677729404,0.02457826297351783,-0.1287617396037206,5F6tnxzA...,23419.40262682,0.045862814395920805,,,False,1477264,0.9380463353505716,114,5G9hfkx9...,0.009994659342336155,0.517628214284933,0.5124546966171734,0.01564169082862811,,COUNTER,791829.00188308,0.0,0.0,DIVERGENT,-0.5957527108092523,0.11701668238472494,1295.967040512703,607572.408470323,0.18682038349532182,607571.159893335,0.1868199995746097,1.2485769880004227,DORMITORY,True,True,1.8681999957460969,0,,16894.689991862015,0.005194891043951029,30.0
117,79,71,117,103,Capcomp,2026-09-20,9109771,0.001871108,0.001904814038425684,-0.017695185853177444,IN BAND,False,True,1.562e-05,414.750593531,244254.659311675,1.0,221660.407324741,36415.256204129,,5260.8630214636505,,,,,,0.09897360158191508,-12.382581613120902,-0.21529142788032557,-15.217172277354871,-3.0498820921142946,-2.834590664233969,10.759262514810851,2.933564265815884,1,0.0,,0.0,0.0,0.0,0.0016980253097312176,-0.09250277924565681,5H3SQ4du...,1083960.132134279,,,,True,8762380,1.0,103,5H6VKx1U...,,0.9409527461264208,0.9409527461264208,0.01831138510368822,,COUNTER,60139.256694016,0.014698804,0.0,DIVERGENT,1.0,0.0,1295.967040512703,0.0,0.0,0.0,0.0,0.0,NEITHER,False,,,,,62073.901962005984,0.25413599943982296,30.0
118,82,54,118,88,Investing,2026-09-20,9109771,0.003252571,0.0032193786464631557,0.010310173850879529,IN BAND,False,False,0.000121958,6387.054623935,3317875.573039796,1.0,1963694.130471377,721724.25925057,-0.0006446650318909965,-22755.64527183841,,0.0,,,,0.050180504609891645,-2.7556186851983746,0.12544044851903427,-6.053330557060709,-3.1722714233433003,-3.2977118718623344,0.7920731028476331,3.347892376472226,1,0.0,,0.0,0.0,0.000457770656900891,0.0019250434452197554,-0.40814714107093886,5FhMsGJS...,2937650.588152493,0.7385912705530411,BUYBACK_GAMING,,False,5299805,0.5065872834134799,54,5D2DbDC6...,0.179995422293431,9.513518898643293,7.801129046985456,0.0,,COUNTER,175269.313011837,0.0,0.0,DIVERGENT,1.0,0.0,1295.967040512703,1189757.088278987,0.35859002608375284,1189757.088278987,0.35859002608375284,0.0,DORMITORY,True,True,3.58590026083753,0,,10346.157791143001,0.003118307954407097,30.0
119,83,58,119,78,Umi,2026-09-20,9109771,0.003016789,0.002985962899401784,0.010323671672006384,IN BAND,False,True,9.1256e-05,1296.742285271,959429.744840409,1.0,429841.933778297,162641.671334206,0.0001379181554245564,-4527.210294020886,DISTRIBUTING_PRE_EMA,0.0,,,0.04571687162229655,0.1849409637705159,-18.80532097273134,0.125604672009411,-23.20141371099384,-4.2704880662530895,-4.3960927382625,2.739127084742552,4.581033702033016,1,0.0,,0.0,0.0,0.0009765774013885675,0.0013515760713534051,-0.5519819015007662,5GvYz1tB...,861517.981748064,0.15779004178145004,,,False,7966145,0.0,54,5FLKx6h7...,,0.6447625244229245,0.6447625244229245,0.205423221888209,,COUNTER,82861.627752537,8107.779671713,0.0,DIVERGENT,1.0,0.0,1295.967040512703,62865.202000158,0.0655235074149332,62865.202000158,0.0655235074149332,0.0,DORMITORY,False,True,0.655235074149341,,,34048.784154797,0.03548856426216039,30.0
120,84,77,120,123,MANTIS,2026-09-20,9109771,0.002426968,0.002396478084847331,0.012722801575133605,IN BAND,False,True,3.41e-06,5786.578866008,2012290.924397212,1.0,2384282.380490705,551775.243546582,-0.0026115959502149458,-20989.216066275723,,0.0,,,,0.0015486663549411322,0.6230679103201835,0.15479408583079218,-4.5529650189224435,-5.021238843411835,-5.176032929242627,1.3059741850136435,5.177581595597569,1,0.17585539871914305,SKIN_IN_GAME,1273.6137604450341,1267.938136732514,0.0019226367589837423,0.0028756174347610236,0.18486005368056926,5HVuEdEG...,1617904.766695349,1.6753893556334458,BUYBACK_GAMING,,False,5794330,0.4777782873916433,158,5Dszzjqs...,0.179995422293431,4.6792212752690165,3.836982865822563,0.0,,COUNTER,308882.93170408,8560.983387542,0.0,DIVERGENT,-0.9572788225972537,0.9783722093973158,1295.967040512703,350656.879907587,0.17425754678719102,350656.879907587,0.17425754678719102,0.0,FORTRESS,True,True,1.74257546787191,0,,12119.808499762,0.006022890802130178,30.0
121,85,57,121,40,Ralph,2026-09-20,9109771,0.003021184,0.003032061504200101,-0.0035874945758959543,IN BAND,False,True,9.6825e-05,1587.746094657,438840.095157362,1.0,525537.599916009,80708.019007289,-1.8552276038102824e-06,734.1267012848984,ACCUMULATING_PRE_EMA,0.0,,,,0.16026246315848758,-7.001853236536466,-0.043647850673400775,-12.459349763608577,-5.501144377745512,-5.457496527072111,5.988513877834329,5.617758990230599,1,0.0,,0.0,0.0,0.0,0.003618051568618989,0.19756081344896198,5HeKCDfd...,788752.459555981,,,,True,8409860,1.0,6,5E2LP6En...,0.0,0.8560861169600807,0.8560861169600807,0.2449300352494163,,COUNTER,22349.634720453,0.042920633,0.0,DIVERGENT,1.0,0.0,1295.967040512703,22427.898380107,0.0511072224885574,22427.898380107,0.0511072224885574,0.0,DORMITORY,False,True,0.5110722248855739,,,43154.16466611598,0.09833687746932399,30.0
122,86,38,122,105,Beam,2026-09-20,9109771,0.005442146,0.005426349816843867,0.002911014528974909,IN BAND,False,False,0.000816122,4661.402923461,2072609.162262589,1.0,856537.707277795,555973.964285512,-0.0010888053840733777,-25832.79085410491,,0.0,,,,0.4601122561633336,-0.5660783443943227,0.03541734343586139,-6.19627843123986,-5.5947827434096755,-5.630200086845537,1.2679669895558658,6.090312343008871,1,0.0,,0.0,0.0,0.0017242694743266895,0.002249050620992297,-0.5867346041447075,5G3ic2pA...,2073269.132171063,0.5052023869079334,BUYBACK_GAMING,,False,6841399,0.0,170,5E2LP6En...,0.0,0.6970675695976093,0.6970675695976093,0.002990950847690406,,COUNTER,452240.813141888,1869.377328683,0.0,DIVERGENT,1.0,0.0,1295.967040512703,179957.534252475,0.08682656505099214,179957.534252475,0.08682656505099214,0.0,DORMITORY,False,True,0.8682656505099248,,,17089.054325242007,0.008245189028589709,30.0
123,87,50,123,54,Yanez,2026-09-20,9109771,0.005424682,0.005244954023510218,0.034266835454450445,IN BAND,False,False,0.000200489,9295.225493861,4195330.16869329,1.0,1713505.836953671,919825.393608401,-0.0018134332739084883,-79668.18179482291,,0.0,,,,0.05668341153724344,5.2306558394643,0.41691316469581374,-2.4487473061798006,-7.2624899809482875,-7.679403145644101,0.6264107696721608,7.736086557181345,1,0.11841926853188438,SKIN_IN_GAME,887.0583912699949,884.1304901484568,0.0009918364232852639,0.0022156123880843837,-0.5915682452751362,5FUfruyV...,3673551.953627205,0.41585138035833313,BUYBACK_GAMING,,False,4742549,0.3007637085688102,139,5FeKsRjZ...,0.09999237048905166,0.8383308142326864,0.7545041288635433,0.017290054784904394,,COUNTER,598363.181837859,0.0,0.0,DIVERGENT,-0.9312188052769496,0.6822168022102493,1295.967040512703,644081.425659809,0.1535234176480607,644081.425659809,0.1535234176480607,0.0,FORTRESS,True,True,1.5352341764806072,0,,13785.086740603005,0.003285816893142552,30.0
124,88,88,124,112,for sale,2026-09-20,9109771,0.004746089,0.0044746678322553635,0.060657277348748484,IN BAND,False,True,1.17e-07,4935.634817137,2541532.107754315,1.0,1039937.295237273,173267.855212893,-0.0010482548438311206,-62148.328187614796,,0.0,,,,6.22971535358357e-05,28.737578445137117,0.7379968744097732,18.50720530409677,-9.492376266630574,-10.230373141040348,1.0340219554897097,10.230435438193883,1,0.3397930143337919,SKIN_IN_GAME,2446.6152891650563,2446.5702445324173,1.5259021896696368e-05,0.0019419919197865663,-0.5908226921605209,5GQjr3Qt...,1180470.577875383,0.7321000936233122,BUYBACK_GAMING,,False,5633022,0.8750114444410535,0,5C4xjnQk...,0.179995422293431,1.3017784244230641,1.0674642671865575,0.5512200332666982,,COUNTER,1029840.426120375,0.0,0.0,DIVERGENT,-0.977518453154391,1.8878336933356878,1295.967040512703,109192.016768061,0.04296306799938189,109192.016768061,0.04296306799938189,0.0,FORTRESS,True,True,0.4296306799938188,,,16453.764001387997,0.006473954805129911,30.0
125,89,37,125,41,Almanac,2026-09-20,9109771,0.005998602,0.0055930474773049355,0.07251047382320533,IN BAND,False,False,0.000874752,13736.111851207,3481593.249798274,1.0,2289885.219396739,1595161.96640304,-0.002647854639532984,-112340.28419690719,,0.0,,,,0.1673580035530942,14.762535010904903,0.8822107648489981,1.8573906587082707,-12.022933587347634,-12.905144352196633,0.7548268311217193,13.072502355749727,1,0.010579978914786526,MINER_BURN_ONLY,89.31127551198006,87.28426704322291,0.0006866559853513365,0.003945352275715401,-0.3422880404942016,5FCSevLk...,5417.706147254,0.007244849020696765,,,False,3394182,0.0,228,5HbScNss...,0.0899977111467155,0.4009272260514053,0.364844693370377,0.013917077413743114,,COUNTER,1036548.303090744,0.0,0.0,DIVERGENT,0.571167212620799,0.0673506843265798,1295.967040512703,271111.945633162,0.07787008021366953,271111.945633162,0.07787008021366953,0.0,DORMITORY,True,True,0.7787008021366955,,,9768.300625566,0.0028056984043532316,30.0
126,90,74,126,99,Thirty Spokes,2026-09-20,9109771,0.001657473,0.0017103897407650948,-0.030938410997147305,IN BAND,False,True,5.335e-06,505.430604995,383724.060430405,1.0,304940.371494862,32410.43231258,,-6435.596577146614,,,,,,0.027739475729093802,-17.55226988104572,-0.3764173337986255,-30.945183204666698,-13.769330657419603,-13.392913323620977,6.848671404790978,13.420652799350071,1,0.05823160861375512,MINER_BURN_ONLY,420.66234584900667,420.61730121636765,1.5259021896696368e-05,0.001317172043963265,-0.205313121864872,5DebFXsw...,1074448.69633179,0.0,,,True,8572056,1.0,229,5E2LP6En...,0.0,0.8546603593411944,0.8546603593411944,0.02754337509346436,,COUNTER,93211.488431039,0.012273672,0.0,DIVERGENT,-0.8809157910344785,0.32455864082003616,1295.967040512703,0.0,0.0,0.0,0.0,0.0,EXPOSED,False,,,,,52351.729358868004,0.1364306666101353,30.0
127,127,127,127,59,SN59,2026-09-20,9109771,0.005122747,0.0,,N/A,False,True,0.0,530.361161239,0.0,0.0,103530.603756369,1.345483354,,,,,,,,,0.008643140826764085,,0.008643140826764085,,,,,,,,,,0.0,,,5GzrQ2fe...,376482.626868443,,,,True,8938771,1.0,0,5FKjMupT...,,0.0,0.0,0.0,,,0.0,0.0,,NO_ESTIMATE,,,,0.0,,0.0,,0.0,,False,,,,,0.0,,30.0
128,128,128,128,86,SN86,2026-09-20,9109771,0.005989978,0.0,,N/A,False,True,0.0,709.206653218,0.0,0.0,118398.856999575,2.125984345,,,,,,,,,0.0,,0,,,,,,,,,,0.0,,,5F4XAWGz...,280944.035141012,,,,True,8693284,1.0,0,5F1N5GEH...,,0.0,0.0,0.0,,,0.0,0.0,,NO_ESTIMATE,,,,0.0,,0.0,,0.0,,False,,,,,0.0,,30.0
