combined_apy_rank,real_apy_rank,emission_rank,epr_rank,netuid,name,date,block,spot_price,moving_price,momentum_30d,ema_band,ema_lag_flag,low_emission,tao_emission,tao_reserves,alpha_outstanding,alpha_out_emission,alpha_in_pool,volume,ema_tao_inflow,pool_growth_real,pool_ema_divergence,flow_momentum,flow_price_divergence,emission_price_ratio,emission_price_ratio_raw,emission_apy,price_apy_7d,price_apy_30d,combined_apy_7d,combined_apy_30d,real_apy,gross_emission_rate,net_supply_delta,supply_days_gap,supply_defence,supply_defence_quality,burned_tokens,manual_burn,miner_burn_rate,liquidation_price,liquidation_haircut,owner_coldkey,owner_stake,owner_inflow_pct,owner_inflow_flag,large_entry_anomaly,immune,registered_at,vali_miner_share,best_validator_uid,best_validator_hotkey,best_validator_take,best_validator_raw_apy,best_validator_apy,best_validator_div_pct,best_validator_trust,burned_source,alpha_burned_cum,alpha_recycled_cum,recycled_tokens,recon_flag,recon_gap_relative,burn_coverage,owner_cut_emission,total_locked_alpha,locked_float_ratio,owner_locked_alpha,owner_lock_ratio,community_locked_alpha,commitment_class,gate_eligible,leader_is_owner,leader_pct_of_threshold,leader_blocks_to_threshold,governance_flag,basket_alpha,basket_share,ema_halving_days
1,1,33,14,81,Reliquary,2026-08-22,8900526,0.00655726,0.006656185258179903,-0.014862155174892765,IN BAND,False,False,0.001020774,18401.85322355,2432571.738772685,1.0,2806332.419442516,894469.729345024,-0.010295262693937652,59302.00112013752,ACCUMULATING_PRE_EMA,0.0,,,,0.14577847347281941,-10.339511195694403,-0.1808228879611953,-2.694406718179051,7.464281589554156,7.645104477515352,1.0803381286201716,-7.4993260040425325,1,0.000989527133182346,MINER_BURN_ONLY,8.954402009025216,8.233687886800453,0.0002441443503471419,0.007564773087775145,0.15364848851122961,5GnpQR4N...,22335.832271637,,,,False,5203057,0.007799264335536238,237,5H47sFL6...,0.179995422293431,0.8288659712407104,0.6796738907225839,0.009369611328989332,,COUNTER,851551.086837445,0.0,0.0,DIVERGENT,0.8111529548428039,0.006353315809284076,1295.967040512703,549034.90484737,0.22570142376330357,543748.674293575,0.2235283201012253,5286.2305537950015,DORMITORY,True,True,2.235283201012254,0,,8034.351011876003,0.0033028218176741645,30.0
2,2,39,15,85,Vidaio,2026-08-22,8900526,0.005214422,0.005301028257235885,-0.0163376335747065,IN BAND,False,False,0.000834725,12720.140790451,2580548.742030055,1.0,2439415.177927813,1396988.736888969,-0.006693889346863315,54453.02901885472,ACCUMULATING_PRE_EMA,0.0,,,,0.17245542609455838,-5.839131087630796,-0.19877454182559573,0.7447287888274028,6.385085334632603,6.583859876458199,1.0183880494861788,-6.411404450363641,1,0.0,,0.0,0.0,9.15541313801782e-05,0.0049292387248009795,-0.05469125345033837,5GTPBjA4...,2916062.973539001,,,,False,5258781,0.5885943628012025,184,5EM4mjLn...,,18.08100319024173,18.08100319024173,0.0,,COUNTER,496360.999970373,0.0,0.0,DIVERGENT,1.0,0.0,1295.967040512703,143874.406841709,0.05575341573611452,143874.406841709,0.05575341573611452,0.0,DORMITORY,True,True,0.5575341573611452,,,8231.961647192005,0.003190004324706582,30.0
3,3,48,7,18,Zeus,2026-08-22,8900526,0.004262096,0.004299761261790991,-0.008759849558554812,IN BAND,False,False,0.000381447,10410.553975111,3115056.82608767,1.0,2442590.227444657,855018.621530869,0.00033872464815844845,54001.55973949563,,0.0,,0.07947372564072899,0.07947372564072899,0.09629100606908976,-4.115626445084122,-0.10657816962908354,1.3309779543102804,5.340026229765319,5.446604399394403,0.843644320704292,-5.350313393325313,1,0.04696726926223935,MINER_BURN_ONLY,369.240014445968,368.4292110584651,0.0002746623941405346,0.0033420109347366386,-0.2158761945445061,5GgvCi6h...,2696694.912038685,,,,False,1604679,0.016560587328479537,10,5E4z3h9y...,0.0899977111467155,0.3252656628642807,0.29599249769187624,0.07474325128565107,,COUNTER,333299.998187001,30745.295806132,0.0,DIVERGENT,-0.5030856082945705,0.28428902861041067,1295.967040512703,472285.796249436,0.15161386215949052,375000.0,0.12038303663017864,97285.79624943598,FORTRESS,True,True,1.2038303663017864,0,,7501.126799350998,0.002408022459343696,30.0
4,4,43,16,100,BASE,2026-08-22,8900526,0.004786648,0.004864114569500089,-0.01592613997742455,IN BAND,False,False,0.00062462,2764.123243073,1793589.540035315,1.0,577465.219178732,346634.114485253,-0.001453934361040321,32265.91505070019,ACCUMULATING_PRE_EMA,0.0,,,,0.5938596855670839,-10.802682684607463,-0.1937680363919987,-5.4019154983862805,5.206999149829183,5.400767186221183,1.4652181791538859,-4.806907500654098,1,0.0,,0.0,0.0,0.0,0.0015411124905526465,-0.678039310483527,5FX6kmhY...,1419597.091312604,,,,False,6693448,0.0,153,5Fvp484S...,0.0,0.5625682975665941,0.5625682975665941,0.026536653848501495,,COUNTER,665094.912643286,1077.059572996,0.0,OK,0.0,0.0,1295.967040512703,305150.316255353,0.170133862538775,305150.316255353,0.170133862538775,0.0,DORMITORY,False,True,1.7013386253877527,0,,14888.351105862,0.008300868606520115,30.0
5,5,10,17,53,engy,2026-08-22,8900526,0.029484569,0.03038214612752199,-0.029542913912487347,IN BAND,False,False,0.004215155,34074.470157943,4634846.772308177,1.0,1155671.30427944,1343281.238208185,-0.0011223092088040443,64020.8390432063,ACCUMULATING_PRE_EMA,0.0,,,,0.3250946321000321,-10.179172084763554,-0.3594387859352627,-5.509075601423751,4.31065769740454,4.670096483339803,0.56700903591927,-4.345001851239771,1,0.0,,0.0,0.0,0.0009918364232852639,0.00735180078908493,-0.7506559858790904,5H8SFVCx...,2697891.287880148,,,,False,4203869,0.6657400336031771,75,5CqRrbkC...,,4.827453793989294,4.827453793989294,0.0,,COUNTER,521849.737433356,0.0,0.0,DIVERGENT,1.0,0.0,1295.967040512703,100295.541737886,0.021639451456544768,86162.562436263,0.01859016417782321,14132.979301622996,DORMITORY,True,True,0.1859016417782321,,,7275.381519288,0.001569713493605922,30.0
6,6,44,18,88,Investing,2026-08-22,8900526,0.004551187,0.0046594091691076756,-0.02322658628591772,IN BAND,False,False,0.00053823,7500.17253136,3411827.452662658,1.0,1647959.588584615,693252.999979894,-0.0006446650318909965,45162.75310634007,ACCUMULATING_PRE_EMA,0.0,,,,0.1885914536080033,-0.9760531432627026,-0.28259013314533227,3.125876923825982,3.819339933943352,4.101930067088684,0.770261695956827,-3.9133386134806813,1,0.0,,0.0,0.0,0.0009613183794918712,0.0021982860022732734,-0.5169862274889444,5FhMsGJS...,2908167.309300816,,,,False,5299805,0.0,153,5E2LP6En...,0.0,0.2648242347609306,0.2648242347609306,0.1238859724087413,,COUNTER,175269.312981134,0.0,0.0,OK,0.0,0.0,1295.967040512703,898473.832136582,0.26334093520333074,898473.832136582,0.26334093520333074,0.0,DORMITORY,True,True,2.6334093520333073,0,,8166.305099585999,0.0023935281642724496,30.0
7,7,59,19,6,Numinous,2026-08-22,8900526,0.002854493,0.0028864641208201647,-0.011076223185854222,IN BAND,False,True,9.106e-05,8284.087850557,2703247.030958581,1.0,2902121.786757992,689055.175822199,-0.004023880888700968,35880.60248370329,ACCUMULATING_PRE_EMA,0.0,,,,0.02888739041847676,-2.564567176182258,-0.13476071542789303,1.2737181239994455,3.7035245847538105,3.8382853001817034,0.9721642047149875,-3.8093979097632267,1,0.0,,0.0,0.0,0.0019378957808804387,0.003064495310892632,0.07356904041895772,5CfSg4e2...,50897.015711859,,,,False,3219949,0.45080112524461835,151,5FWn49Jw...,0.179995422293431,0.7182032914650982,0.5889299867253057,0.0,,COUNTER,185360.665463109,0.0,0.0,DIVERGENT,1.0,0.0,1295.967040512703,662466.459537209,0.2450632339369651,662466.459537209,0.2450632339369651,0.0,DORMITORY,True,True,2.4506323393696507,0,,7477.234531910998,0.002766019696416552,30.0
8,8,12,20,3,Teutonic,2026-08-22,8900526,0.02713634,0.027351686032488942,-0.007873226982539613,IN BAND,False,False,0.00384657,76933.949117865,3013183.142731356,1.0,2835089.305727037,3353826.746776606,-0.03954664999786193,34807.202194459736,ACCUMULATING_PRE_EMA,0.0,,,,0.131395646212221,-2.277824404320466,-0.09579092828756529,1.0516724497324135,3.2337059257653142,3.3294968540528793,0.872167364383235,-3.1981012078406583,1,0.0,,0.0,0.0,7.629510948348184e-05,0.025532450393349403,-0.05910486110693613,5GsGUrd2...,2807545.473332863,,,,False,4165565,0.0,244,5EtUYRu7...,0.09999237048905166,0.9944336815230571,0.894997900413412,0.23115071795889094,,COUNTER,578475.334942498,0.0,0.0,DIVERGENT,1.0,0.0,1295.967040512703,387888.239520316,0.12873038947400572,387749.383904913,0.1286843067738094,138.85561540303752,DORMITORY,True,True,1.2868430677380955,0,,7230.829314148998,0.002399731105489485,30.0
9,9,34,21,11,TrajectoryRL,2026-08-22,8900526,0.007003043,0.00708642159588635,-0.011765966046213105,IN BAND,False,False,0.001007887,18992.977945427,3033353.328900449,1.0,2712103.315111087,962973.430360316,-0.004553696919034271,33198.747686611954,ACCUMULATING_PRE_EMA,0.0,,,,0.13945822733068264,-2.163902398765851,-0.14315258689559276,0.9761157612123448,2.9968655730826033,3.140018159978196,0.866367915323803,-3.0005599326475134,1,0.0,,0.0,0.0,0.0,0.006261380026016193,-0.10590581465568705,5D2Jhtbn...,2287716.567137557,,,,False,2918568,0.0,235,5D7ekpEm...,,0.40082513488908666,0.40082513488908666,0.009049014222059453,,COUNTER,1145934.992162841,39596.465498293,100.0,DIVERGENT,0.4459538570618279,0.0,1295.967040512703,46180.459268605,0.01522422687413893,46180.459268605,0.01522422687413893,0.0,DORMITORY,True,True,0.15224226874138932,,,7321.912634365998,0.002413801440341965,30.0
10,10,28,22,62,Ridges,2026-08-22,8900526,0.011634341,0.011677654925733805,-0.003709128759949506,IN BAND,False,False,0.001793911,30875.53564083,2644627.742006408,1.0,2653827.510339596,4363075.220876795,-0.02595581615076601,26262.496457081754,ACCUMULATING_PRE_EMA,0.0,,,,0.15269040715088522,-1.572160457092471,-0.04512773324605232,1.0483549744655607,2.5753876983119794,2.6205154315580317,0.9937126342046941,-2.4678250244071465,1,0.018878738418742574,MINER_BURN_ONLY,157.0207700819883,156.88563618407116,4.57770656900891e-05,0.011674813490917084,0.0034787093585347457,5DhsVYew...,8079.499006615,,,,False,4474225,0.37509918818287247,205,5CsvRJXu...,0.0899977111467155,0.4408871026688996,0.4012082725545916,0.0005951472607965818,,COUNTER,184929.308956742,170778.551517578,0.0,DIVERGENT,-0.6798518115421955,0.121056810304377,1295.967040512703,148819.218911386,0.05627227475065389,148819.218911386,0.05627227475065389,0.0,DORMITORY,True,True,0.5627227475065395,,,7892.583883605999,0.002984383684040956,30.0
11,11,5,23,120,Affine,2026-08-22,8900526,0.055004556,0.05554851796478033,-0.009792555854059297,IN BAND,False,False,0.010610684,81218.024209825,2564679.715309001,1.0,1476569.058642271,1452339.338507899,-0.0050901304439632976,23057.149015401257,ACCUMULATING_PRE_EMA,0.0,,,,0.3433336112678637,-0.3673815552401442,-0.11914276289105477,2.123036513472791,2.37127530582188,2.490418068712935,1.0246893537282764,-2.147084457445071,1,0.0,,0.0,0.0,7.629510948348184e-05,0.031667901346519436,-0.42426766709071456,5EfNFhH2...,2916462.744815489,,,,False,5749344,0.0,0,5HmYnmUY...,0.179995422293431,0.35285414729859876,0.28934201604759896,0.9550920133060702,,COUNTER,176127.384445061,0.0,0.0,DIVERGENT,1.0,0.0,1295.967040512703,66960.031862476,0.02610853568294723,66960.031862476,0.02610853568294723,0.0,DORMITORY,True,True,0.26108535682947587,,,9755.641218445993,0.003803843871892831,30.0
12,12,40,24,33,ReadyAI,2026-08-22,8900526,0.005232387,0.0052491724491119385,-0.0031977324568139226,IN BAND,False,False,0.000807967,15334.808396879,2251786.321271548,1.0,2930747.75653048,898111.567462656,-0.0054386194078304825,18910.313381842338,ACCUMULATING_PRE_EMA,0.0,,,,0.13846519767616725,-2.3219517128586427,-0.038905744891236056,-0.36963764513535624,1.9134083228320504,1.9523140677232864,1.167073436397824,-1.8138488700471191,1,0.0,,0.0,0.0,0.009506370641641837,0.006810063748952732,0.30152141822704104,5HinUfk5...,71230.601122257,,,,False,2943950,0.0,209,5E2LP6En...,0.0,0.45143848583166013,0.45143848583166013,0.3846576429476126,,COUNTER,584226.582883127,0.0,0.0,DIVERGENT,1.0,0.0,1295.967040512703,138809.800536348,0.06164430400215074,138808.045342108,0.061643524534657136,1.755194239987759,DORMITORY,True,True,0.6164352453465713,,,8063.2943766989965,0.0035808434843612436,30.0
13,13,18,25,75,Hippius,2026-08-22,8900526,0.017611872,0.01776279299519956,-0.00849646760170809,IN BAND,False,False,0.002682745,33027.383397736,3499864.304786704,1.0,1875290.876759658,1492111.832522594,-0.01292806119265099,24127.890563571826,ACCUMULATING_PRE_EMA,0.0,,,,0.21346692152679855,-11.194409330959246,-0.10337368915411509,-9.32181961051895,1.76921603128618,1.872589720440295,0.7508862547630003,-1.6591227989134965,1,0.0,,0.0,0.0,0.0009308003356984784,0.009436761120299725,-0.46418182460673546,5DAQpczE...,1506360.4170220962,,,,False,5102795,0.0,157,5E2LP6En...,0.0,0.29865945745532835,0.29865945745532835,0.4199667322864686,,COUNTER,784604.879643725,0.0,0.0,DIVERGENT,1.0,0.0,1295.967040512703,552610.278614233,0.15789477262259496,552609.767120331,0.15789462647581395,0.5114939020713791,DORMITORY,True,True,1.5789462647581398,0,,7729.600359337,0.002208542870866553,30.0
14,14,19,9,110,Green Compute,2026-08-22,8900526,0.011883378,0.01209994126111269,-0.01789787705901435,IN BAND,False,False,0.002674586,6814.141087922,2752272.534170072,1.0,573417.864854862,361682.586582385,0.0008840356011466324,14501.051877492922,,0.0,,0.07439261808777205,0.07439261808777205,1.0315037386675925,4.172159658050967,-0.2177575042180079,5.9619408840085555,1.5720237217395805,1.7897812259575885,0.9548473006843613,-0.758277487289996,1,0.0,,0.0,0.0,0.0,0.002475823525222496,-0.791656587443192,5D53sX6A...,1555827.7600664678,,,,False,5606062,1.0,155,5FmpATto...,0.179995422293431,19.523251695872787,16.009155762333222,0.0,,COUNTER,653602.202903777,0.0,0.0,DIVERGENT,1.0,0.0,1295.967040512703,9205.92186508,0.0033448438520482415,9205.92186508,0.0033448438520482415,0.0,NEITHER,True,True,0.03344843852048242,,,11546.561862472,0.004195282886821301,30.0
15,15,45,26,56,Gradients,2026-08-22,8900526,0.016571563,0.01664952514693141,-0.004682544771901659,IN BAND,False,False,0.000489633,51653.597224434,2699995.915290297,1.0,3117001.995650969,2831676.863451998,-0.009019599530651996,18105.51380829513,ACCUMULATING_PRE_EMA,0.0,,,,0.024911247098804542,-0.9123784345833235,-0.05697096139147018,0.5519881723336273,1.4073956455254806,1.4643666069169508,0.9733348058481948,-1.4394553598181463,1,0.289034313859374,MINER_BURN_ONLY,2142.6249932990177,2142.5349040337396,3.0518043793392735e-05,0.019130990877399282,0.15444698109642893,5EJ1zbdw...,30236.734968134,,,,False,4312927,0.7877100086979079,101,5E2LP6En...,0.0,0.40173912782064064,0.40173912782064064,0.10369454745227305,,COUNTER,794537.843257859,0.0,0.0,DIVERGENT,-1.0,1.653232556891356,1295.967040512703,264724.185506575,0.0980461429617061,264724.185506575,0.0980461429617061,0.0,FORTRESS,True,True,0.9804614296170612,,,7295.645221086,0.0027020949105034443,30.0
16,79,79,27,90,KubeTEE,2026-08-22,8900526,0.042481307,0.038556832587346435,0.10178414950873067,IN BAND,False,True,0.0,2529.085481474,199708.954549029,1.0,59534.078071963,35842.272006103,,-4399.4265385280305,,,,,,,31.015061088858257,1.23837381902289,31.015061088858257,1.23837381902289,,13.159149553080356,17.58265069479045,1,0.0,,0.0,0.0,1.5259021896696368e-05,0.012663856196058068,-0.7018957962838086,5C9y6fnL...,643676.283986677,0.3488911153094887,BUYBACK_GAMING,,True,8618670,0.7927488021485031,0,5EKtGWqs...,0.179995422293431,2.2293664562806885,1.828090699535636,0.539064884331319,,COUNTER,0.0,55173.929925719,2379.2458846879963,OK,0.017346441460419294,0.0,1295.967040512703,36601.017104257,0.18327178762167806,36601.017104257,0.18327178762167806,0.0,DORMITORY,False,True,1.8327178762167808,0,,42975.039230857044,0.2151883440975431,30.0
17,80,80,28,70,SN70,2026-08-22,8900526,0.009445358,0.008636223850771785,0.09369073372917555,IN BAND,False,True,0.0,701.197096727,102211.856622749,1.0,74237.214386643,4913.621061248,,-2383.9459988516173,,,,,,,13.23026159556102,1.1399039270383025,13.23026159556102,1.1399039270383025,,25.71130284522289,37.582962137486646,1,0.41000228793847227,SKIN_IN_GAME,2952.0164731570003,2952.0164731570003,0.0,0.006860232461240085,-0.2736927005582969,5EP42hSo...,636132.354338974,2.1334737167287936,BUYBACK_GAMING,,True,8825571,1.0,0,5DFxKepZ...,0.179995422293431,2.8116616062069055,2.305575388051467,0.6599728381120962,,COUNTER,28486.958965845,0.0,0.0,DIVERGENT,-0.9857724371181734,2.277848418111884,1295.967040512703,0.0,0.0,0.0,0.0,0.0,EXPOSED,False,,,,,24576.249719433996,0.2404442158813514,30.0
18,16,25,29,5,Hone,2026-08-22,8900526,0.013034211,0.01306611648760736,-0.00244184931594789,IN BAND,False,False,0.001919122,33423.550773507,3030013.794871952,1.0,2564293.954521496,969954.758159834,-0.015845505017582865,15765.96697997395,ACCUMULATING_PRE_EMA,0.0,,,,0.15089517718140427,-0.8690136087635286,-0.029709166677365995,0.2433185365853937,1.0826229786715564,1.1123321453489223,0.8673227839581698,-0.961436968167518,1,0.0,,0.0,0.0,0.0060425726710917615,0.01103082462201116,-0.1537021594931094,5GurNtB3...,,,,,False,2491604,0.0,1,5E2LP6En...,0.0,0.4709878300450983,0.4709878300450983,0.13170865697150966,,COUNTER,1488567.694632255,0.0,0.0,DIVERGENT,1.0,0.0,1295.967040512703,6649.821324041,0.0021946505112601378,6649.821324041,0.0021946505112601378,0.0,NEITHER,True,True,0.02194650511260138,,,7589.819264525,0.0025048794422553927,30.0
19,17,47,30,48,Quantum Compute,2026-08-22,8900526,0.004310955,0.004319836152717471,-0.0020559003636941827,IN BAND,False,False,0.000411862,10809.432832879,3146192.480487771,1.0,2507433.475400699,689515.459506016,-0.0027008449742481964,16250.23457673844,ACCUMULATING_PRE_EMA,0.0,,,,0.100132296738803,-1.9168187252963806,-0.02501345442494589,-0.859582594135434,1.0322226767360008,1.0572361311609466,0.8352953661603588,-0.9571038344221436,1,0.0,,0.0,0.0,4.57770656900891e-05,0.0034357188569731616,-0.20302604481532244,5GNH5YMk...,222858.481944436,,,,False,3856677,1.0,230,5CFKbodp...,,5.983281716238936,5.983281716238936,0.0,,COUNTER,695492.461656953,0.0,0.0,OK,0.0,0.0,1295.967040512703,101862.559282014,0.03237645500513742,101862.559282014,0.03237645500513742,0.0,DORMITORY,True,True,0.32376455005137417,,,7489.465008075001,0.0023804853182135474,30.0
20,18,14,6,68,NOVA,2026-08-22,8900526,0.02239358,0.02249818854033947,-0.00464964279910385,IN BAND,False,False,0.003297552,44484.919168882,3607045.583512045,1.0,1986503.197533275,1668358.293163751,0.0020257665134935203,15916.43777073524,,0.0,,0.09046193210257227,0.09046193210257227,0.19480684281117003,-2.089890996261539,-0.0565706540557635,-1.0908086385537448,0.9425117036520307,0.9990823577077943,0.7285741028648757,-0.8042755148966243,1,0.0,,0.0,0.0,0.0,0.01233278541647059,-0.4492713797226442,5EcdJLAe...,3114870.5804335284,,,ENTRY_REPEATED,False,4972413,0.0,11,5E2LP6En...,0.0,0.17180902403019005,0.17180902403019005,0.06443145573580356,,COUNTER,681206.505097183,6247.123951755,0.0,DIVERGENT,1.0,0.0,1295.967040512703,588171.649940572,0.16306188439345734,588171.649940572,0.16306188439345734,0.0,DORMITORY,True,True,1.6306188439345757,0,,7467.008535611997,0.002070117597000715,30.0
21,20,11,31,8,Vanta,2026-08-22,8900526,0.027773091,0.027844247175380588,-0.0025555072447246093,IN BAND,False,False,0.003933382,78696.119399216,3020705.95544049,1.0,2833538.35841772,1387060.210998571,-0.008329727580013033,14273.831766665448,ACCUMULATING_PRE_EMA,0.0,,,,0.13135244755287107,-1.7083148605880694,-0.03109200481081608,-0.8412501722504204,0.8359726835268328,0.8670646883376489,0.8699953053248362,-0.7357122407847779,1,0.07147055782866332,MINER_BURN_ONLY,589.1335676390445,587.4669162313998,0.0005645838101777656,0.026052227711035266,-0.06196153280039062,5F6tnxzA...,17198.760207802,,,,False,1477264,0.9404561971357904,145,5CcdGGvM...,0.013550011444266423,0.4019217924709686,0.3964757475832869,0.000747749122539295,,COUNTER,784521.503259305,0.0,0.0,DIVERGENT,-0.9204718148267017,0.4533039019256149,1295.967040512703,607572.721676174,0.20113600285452993,607571.159893335,0.20113548582875448,1.5617828390095383,FORTRESS,True,True,2.011354858287545,0,,7222.007699499,0.0023908343963409246,30.0
22,19,6,32,97,Albedo,2026-08-22,8900526,0.022273527,0.022589483531191945,-0.013986886010725548,IN BAND,False,False,0.008765298,11251.409014708,983416.809108973,1.0,505147.344426663,486752.905006447,-0.0002017478056674679,6867.809548141377,ACCUMULATING_PRE_EMA,0.0,,,,2.047317195018691,-6.029831806614395,-0.17017377979716083,-5.056055770158186,0.8036022566590489,0.9737760364562098,2.6723155183620517,1.0735411585624812,1,0.0,,0.0,0.0,7.629510948348184e-05,0.011441139616987395,-0.48633462419367196,5GnW8owm...,1629086.498847548,,,,False,7735450,0.3999999999999999,28,5E2LP6En...,0.0,0.6554005788085204,0.6554005788085204,0.0009002960295419173,,COUNTER,70872.776437572,4583.298014649,0.0,DIVERGENT,1.0,0.0,1295.967040512703,7940.331821389,0.00807422829042688,7940.331821389,0.00807422829042688,0.0,DORMITORY,False,True,0.0807422829042688,,,21452.415015641003,0.021814163452298533,30.0
23,23,68,33,123,MANTIS,2026-08-22,8900526,0.002681497,0.0026860490906983614,-0.0016947161219520892,IN BAND,False,True,1.2617e-05,6080.462267341,1919477.273026227,1.0,2267562.055172869,543475.619612082,-0.0026115959502149458,11489.767425912898,ACCUMULATING_PRE_EMA,0.0,,,,0.005453117631876999,2.990500618932487,-0.020619046150417084,3.8098384015547033,0.7987187364717994,0.8193377826222165,1.3691227486412088,-0.8138846649903395,1,0.1423375237194932,MINER_BURN_ONLY,1034.9677901479881,1029.6525234965804,0.0018005645838101714,0.003167769867759158,0.18134380450888357,5HVuEdEG...,1752663.757056829,,,,False,5794330,0.37195224482932576,203,5C8VKzRF...,,3.8790313061874273,3.8790313061874273,0.0,,COUNTER,278106.330916036,8560.983387542,0.0,DIVERGENT,-0.9670978897816325,0.7945051774536143,1295.967040512703,350656.879907587,0.18268352787253647,350656.879907587,0.18268352787253647,0.0,FORTRESS,True,True,1.8268352787253646,0,,9481.874020126004,0.004939820936341166,30.0
24,24,1,13,107,Minos,2026-08-22,8900526,0.073425538,0.07321653934195638,0.0028545279512255757,IN BAND,False,False,0.025359151,23017.955881467,1517316.803199568,1.0,313487.255549273,430095.398394964,0.001226016808458981,691.3883308789227,,0.0,,0.016697416755175578,0.016697416755175578,2.8952983128123275,11.285523771420687,0.0347300900732445,12.042853146139128,0.7920594647916864,0.757329374718442,1.7320048090539384,2.1379689380938856,1,0.0,,0.0,0.0,0.00015259021896696368,0.01517017133991333,-0.7933938006703699,5DA2vLrS...,1322622.19963612,0.23426725839416213,BUYBACK_GAMING,,False,7457580,0.0,10,5HK5tp6t...,0.0899977111467155,1.1450041044483659,1.0419563557944183,0.00512734431032641,,COUNTER,389715.783508211,11728.725039684,0.0,DIVERGENT,1.0,0.0,1295.967040512703,41164.694002343,0.0271299269312374,41164.694002343,0.0271299269312374,0.0,DORMITORY,False,True,0.27129926931237397,,,18673.09833096999,0.01230665757579037,30.0
25,22,35,2,61,RedTeam,2026-08-22,8900526,0.007036455,0.00709715043194592,-0.008552084745550293,IN BAND,False,False,0.00099199,10705.452118652,4364115.963079161,1.0,1521426.763423585,560660.819768295,0.001606769924520486,15572.594658905407,,0.0,,0.22834934985308455,0.22834934985308455,0.24351607863977442,-8.918490684248464,-0.10405036440419523,-8.056317876450272,0.7581224433939968,0.862172807798192,0.6021838150574209,-0.6186567291584176,1,0.0,,0.0,0.0,0.0007324330510414256,0.002453063165420248,-0.6513779786241441,5ECEsYL8...,,,,,False,4457976,0.0,67,5E2LP6En...,0.0,0.30073159938949046,0.30073159938949046,0.5161305090953486,,COUNTER,808370.14496251,0.0,0.0,DIVERGENT,1.0,0.0,1295.967040512703,1021287.884224886,0.23401941948038946,1021287.884224886,0.23401941948038946,0.0,DORMITORY,True,True,2.3401941948038942,0,,7180.0283460750015,0.0016452423370090824,30.0
26,21,46,34,126,Poker44,2026-08-22,8900526,0.004296696,0.004378573270514607,-0.0186995318922651,IN BAND,False,False,0.000432225,2401.871779232,1144606.808221671,1.0,559004.372581997,62654.212394939,-0.0001583244541660852,9204.675135225756,ACCUMULATING_PRE_EMA,0.0,,,,0.47291754281870985,-2.7028473186761,-0.22751097135589204,-1.8369696849702235,0.6383666623499844,0.8658776337058764,2.295984945330717,-0.3929600908871666,1,0.0,,0.0,0.0,0.0,0.002098425207660341,-0.5116188793295265,5DqrUa2z...,424124.936407258,,,,False,7525773,1.0,1,5E2LP6En...,0.0,1.258552803531483,1.258552803531483,0.7356863822254777,,COUNTER,393147.939315364,5493.154491675,0.0,OK,0.0,0.0,1295.967040512703,171439.094523612,0.14977990109107417,1096.553699538,0.0009580178028485353,170342.540824074,NEITHER,False,False,1.1480982529621748,0,,19776.992803126017,0.01727841618717324,30.0
27,36,74,35,45,AlphaRidge.ai,2026-08-22,8900526,0.002860146,0.002743157558143139,0.04264736508100956,IN BAND,False,True,1.963e-06,6776.304450916,3193975.992551346,1.0,2369215.961469116,737808.417803123,-0.0007759101295867152,,,,,,,0.0007612946020013393,7.108664335097714,0.518876275152283,7.109425629699715,0.5196375697542843,0.0007612946020013393,0.8227989208837965,,,,,,,0.001785305561913475,0.0021215890372122343,-0.25822351823570044,5FbcZiAH...,722.836709609,,,,False,3633154,0.6023265767831483,48,5G9hfkx9...,0.009994659342336155,0.354576883584655,0.3510330084225592,0.016785948634997175,,,1033719.414838759,0.0,,NO_ESTIMATE,,,,111021.836815551,0.03475975933271397,111019.200205241,0.034758933837996366,2.636610310000833,,True,True,0.3475893383799636,,,7536.980866546996,0.002359748753316853,30.0
28,25,61,36,55,NIOME,2026-08-22,8900526,0.002868611,0.002873844001442194,-0.0018209065765461894,IN BAND,False,True,8.2745e-05,6780.21632813,2961198.135574888,1.0,2363588.063815267,542154.572789796,-0.002858824195392448,11001.196585916448,ACCUMULATING_PRE_EMA,0.0,,,,0.032071817398778235,1.0480092128493375,-0.02215436334797864,1.5275806020831337,0.45741702588581756,0.4795713892337962,0.8874786082120099,-0.447499571835018,1,0.007971225406490152,MINER_BURN_ONLY,59.318597087985836,59.04832929215155,9.15541313801782e-05,0.00228968681516939,-0.20181341591125818,5GeWUxaF...,1233374.943201365,,,,False,4703386,0.020174273985563707,28,5G9hfkx9...,0.009994659342336155,0.3369729951519095,0.33360506485779945,0.023179869069600647,,COUNTER,317546.600079441,0.0,0.0,OK,-0.2952353808510703,0.04556314122679477,1295.967040512703,14841.866940702,0.005012115455023612,14841.866940702,0.005012115455023612,0.0,DORMITORY,True,True,0.050121154550236115,,,7840.699700751998,0.0026478132640151085,30.0
29,27,76,37,2,DSperse,2026-08-22,8900526,0.003171004,0.003174483310431242,-0.0010960241686605373,IN BAND,False,True,1.38e-07,7870.447137417,3099616.511317947,1.0,2482004.471598283,700708.680374638,-0.002026472196230547,10004.18909755582,ACCUMULATING_PRE_EMA,0.0,,,,4.607921172303593e-05,-1.2561099181902313,-0.013334960718703203,-0.9212839257560994,0.32149103171542864,0.33482599243413186,0.8478468192449339,-0.3347799132224088,1,0.3663564187374388,MINER_BURN_ONLY,2638.016925171949,2637.881791274032,4.57770656900891e-05,0.0025391680256828,-0.19925423440563295,5EcYQ3W7...,2796936204743491.0,,,,False,2734060,0.8224226332173594,14,5CFxLBvp...,0.179995422293431,0.6632552465711783,0.5438723383762654,0.8993163645242019,,COUNTER,660735.705565622,0.0,0.0,DIVERGENT,-0.9840427996113974,2.035454381795426,1295.967040512703,1144508.261830867,0.36924189094096216,1144508.261830867,0.36924189094096216,0.0,FORTRESS,True,True,3.692418909409622,0,,7506.202389075001,0.002421655182719164,30.0
30,28,30,38,17,404—GEN,2026-08-22,8900526,0.009349605,0.009378320537507534,-0.0030619061688805646,IN BAND,False,False,0.001337781,25885.863740496,3016061.175955512,1.0,2768658.370040557,651639.692551907,-0.008483605846616416,9579.018941135146,ACCUMULATING_PRE_EMA,0.0,,,,0.1358149955220554,-1.4903609685376171,-0.037253191721380204,-1.1857097237317102,0.26739805308452674,0.30465124480590694,0.8713351111545106,-0.16883624928385155,1,0.0,,0.0,0.0,0.0,0.008582671978559967,-0.08202838744952679,5E7a4a7Q...,1074017.050339625,,,,False,2840556,1.0,42,5CcEPLdb...,0.0,0.31653357761316087,0.31653357761316087,0.0034944759812000244,,COUNTER,340475.604612198,0.0,0.0,DIVERGENT,1.0,0.0,1295.967040512703,502286.610122077,0.16653727521390496,497486.755058077,0.16494584361355644,4799.855064000003,DORMITORY,True,True,1.6494584361355644,0,,7312.3932590740005,0.002424484396195106,30.0
31,32,65,39,60,Bitsec.ai,2026-08-22,8900526,0.004680115,0.004624118795618415,0.012109594683130689,IN BAND,False,True,3.8349e-05,7530.678683787,3883708.773544249,1.0,1609079.825095943,898995.220111237,0.00042835187573598795,7982.782987179467,,0.0,,,0.09152592954147236,0.013382747589134892,8.882262253561809,0.14733340197809003,8.96624382895999,0.2313149773762726,0.08398157539818259,0.6766727767802484,-0.07059882780904769,1,0.2033225901486795,MINER_BURN_ONLY,1476.0082390999887,1475.9181498347107,3.0518043793392735e-05,0.0019390430958896407,-0.5856847329842022,5CXLwkK1...,103223.715568116,,,,False,4796992,0.8499992370256206,113,5CXLwkK1...,0.179995422293431,5.219178595355739,4.279750340059847,0.0,,COUNTER,643504.945391615,0.0,0.0,DIVERGENT,-0.9813621691398303,1.1388546959117234,1295.967040512703,1068574.385302601,0.27514276883521993,1068574.385302601,0.27514276883521993,0.0,FORTRESS,True,True,2.751427688352202,0,,7575.450349323998,0.001950571165615667,30.0
32,81,81,40,58,greevils,2026-08-22,8900526,0.00889931,0.008741652127355337,0.018035248983576353,IN BAND,False,True,0.0,1024.65782219,369031.184082208,1.0,115139.00661835,20199.631672185,,-4676.786170389765,,,,,,,6.118860040438565,0.21942886263351227,6.118860040438565,0.21942886263351227,,7.121349396354992,12.093337506913905,1,0.0,,0.0,0.0,0.0,0.0027766158156480886,-0.6879965058360605,5CLUzEqe...,731819.573799493,0.22484488812693035,BUYBACK_GAMING,,True,8511017,0.0,36,5C5nmRa4...,0.0,0.8612093435988546,0.8612093435988546,0.0037081120673869254,,COUNTER,78931.873767343,0.045668707,0.0,DIVERGENT,1.0,0.0,1295.967040512703,32808.027617922,0.08890313077339679,32808.027617922,0.08890313077339679,0.0,DORMITORY,False,True,0.8890313077339679,,,36382.606210952,0.09858951703888295,30.0
33,82,82,41,111,Claims,2026-08-22,8900526,0.006867188,0.006755392765626311,0.016549035452466932,IN BAND,False,True,0.0,6853.659980618,3614729.030018118,1.0,998030.003286585,184619.820308511,-0.0020882893709760026,-22839.757487920346,,0.0,,,,,3.5249606497617765,0.20134659800501434,3.5249606497617765,0.20134659800501434,,0.7270254500893605,3.053330963993763,1,0.41000228793861526,,2952.01647315803,2952.01647315803,0.0,0.0018960369985419482,-0.7238990692344598,5Do2YQao...,2652203.474363578,0.13635899455690106,,,False,5615562,1.0,0,5ExhNF86...,0.0,0.7133138393932118,0.7133138393932118,0.7558638160203879,,COUNTER,716041.169722015,0.371911999,0.0,DIVERGENT,-0.9823012690643856,2.2778484181126784,1295.967040512703,1221.604957048,0.00033795201435662714,1221.604957048,0.00033795201435662714,0.0,EXPOSED,True,True,0.0033795201435662717,,UNDEFENDED_BURNER,8801.379616888,0.0024348656687120706,30.0
34,26,21,42,28,gm,2026-08-22,8900526,0.017495955,0.017799635650590062,-0.017061059931302275,IN BAND,False,False,0.002465443,19829.205761278,4755274.054445017,1.0,1133359.455800598,6444358.140497091,-0.0018433106521580824,8974.576826428529,ACCUMULATING_PRE_EMA,0.0,,,,0.3267495572945436,1.8419765595676632,-0.20757622916417767,2.2326964187402645,0.18314363000842365,0.3907198591726013,0.5526495360542814,-0.06397030187805774,1,0.06249088857983338,MINER_BURN_ONLY,514.6883265541401,513.3369875749687,0.000457770656900891,0.004169939636337583,-0.7616626450892459,5CA6rwAy...,2745408.929433321,,,,False,4878363,0.06382718876421645,219,5FHBJCMk...,,4.8633051639852285,4.8633051639852285,0.0,,COUNTER,1384846.327569138,33762.848582854,0.0,DIVERGENT,-0.8570654995611657,0.39610342819512234,1295.967040512703,434351.321688059,0.09134096515048315,434344.502651163,0.09133953115597139,6.819036895991303,FORTRESS,True,True,0.9133953115597139,,,7176.423301247,0.0015091503074441738,30.0
35,83,83,43,109,Finsight,2026-08-22,8900526,0.002717487,0.0026786504313349724,0.014498558009181005,IN BAND,False,True,0.0,1363.446520466,1447873.160611656,1.0,501730.628809475,63105.217543966,-0.000708007104294364,-8662.88403113652,,0.0,,,,,3.7410758168187117,0.17639912244503556,3.7410758168187117,0.17639912244503556,,1.8150761209564779,4.032376042740882,1,0.41000228793722476,,2952.016473148018,2952.016473148018,0.0,0.0009416892014836508,-0.6534705772341687,5FqZqKFx...,528882.871306317,0.07396452856344489,,,False,7257480,1.0,0,5DyQkk4x...,0.179995422293431,2.669656286594577,2.1891303759106733,0.3104121839185704,,COUNTER,655997.195076479,1308.746301495,0.0,DIVERGENT,-0.98577243711814,2.277848418104953,1295.967040512703,172278.640640978,0.11898738461882853,172278.640640978,0.11898738461882853,0.0,FORTRESS,False,True,1.1898738461882872,0,,17715.488667188,0.012235525285726042,30.0
36,84,84,44,37,Aurelius,2026-08-22,8900526,0.003898604,0.0038433969020843506,0.014364141753278062,IN BAND,False,True,0.0,8610.716231768,3654924.283722703,1.0,2208666.441545021,351259.616920916,-0.0011818962588911177,-48726.74387686001,,0.0,,,,,2.787199330064723,0.17476372466488307,2.787199330064723,0.17476372466488307,,0.7190299431656804,5.667578903466478,1,0.41000228793554316,MINER_BURN_ONLY,2952.016473135911,2952.016473135911,0.0,0.002355921918852339,-0.39570114870544976,5GRBbS3a...,7351.61852719,0.016426972479537304,,,False,3212175,1.0,100,5GnbbUkw...,0.0,0.5697618052753418,0.5697618052753418,0.0037693235056234643,,COUNTER,1238358.807343367,0.0,0.0,DIVERGENT,-0.9857724371177662,2.2778484180956107,1295.967040512703,45507.151093348,0.01245091486464309,45507.151093348,0.01245091486464309,0.0,FORTRESS,True,True,0.1245091486464309,,,7270.691762696002,0.0019892865619887696,30.0
37,85,85,45,84,SN84,2026-08-22,8900526,0.002303736,0.00227269995957613,0.013656021901658445,IN BAND,False,True,0.0,1427.717260395,612707.944335619,1.0,619739.901500161,61739.190965339,-0.004139727322791386,-6436.468400813406,,0.0,,,,,0.7174200978665735,0.16614826647017775,0.7174200978665735,0.16614826647017775,,4.289156072310494,7.474419945347965,1,0.0,,0.0,0.0,0.0002746623941405346,0.0023301758588149604,0.0114769482332006,5G1hDNpP...,268956.43899452104,0.0,,,True,8085297,0.9989010485828106,40,5CMAGSYL...,0.179995422293431,3.529086154926832,2.8938668021608764,1.0,,COUNTER,43139.508392941,30827.98199684,1299.3518941680013,OK,0.031311693957834945,0.0,1295.967040512703,660.436412233,0.001077897582916335,660.436412233,0.001077897582916335,0.0,NEITHER,False,True,0.010778975829163349,,,2458.1378714419993,0.004011924268596591,30.0
38,29,51,10,89,InfiniteQuant,2026-08-22,8900526,0.003543107,0.0035495483316481113,-0.0018146905032056094,IN BAND,False,False,0.000200249,6622.812454785,2809812.339253766,1.0,1869210.29594273,186505.574710637,0.00022740814707736934,8363.099162437487,,0.0,,0.06418325697681987,0.06418325697681987,0.07946085980734359,-1.436391318672405,-0.02207873445566825,-1.2529714886345655,0.16134109558217133,0.18341983003783957,0.9352937786222222,-0.103958970230496,1,0.0,,0.0,0.0,0.0007019150072480329,0.002357030169688804,-0.33475614208410753,5Dc5NmEU...,125690.827121709,,,,False,5313364,0.0,137,5FFQKsXc...,0.0,0.2591658733600397,0.2591658733600397,0.0009767264402899658,,COUNTER,600426.954984618,0.0,0.0,DIVERGENT,1.0,0.0,1295.967040512703,6094.632142656,0.0021690530920917732,6094.632142656,0.0021690530920917732,0.0,NEITHER,True,True,0.021690530920917734,,,8756.838411446,0.003116520733114744,30.0
39,33,60,46,106,Nodexo,2026-08-22,8900526,0.002881818,0.0028605088591575623,0.007449423124217621,IN BAND,False,True,8.7936e-05,6521.509628596,2402913.252066199,1.0,2262984.34664092,351609.189751152,-0.0008091572467977437,7636.261367101688,ACCUMULATING_PRE_EMA,0.0,,,,0.035435937560633804,-3.299687836231996,0.09063464801131438,-3.232828464264191,0.15749401997911955,0.06685937196780517,1.0936724402099223,-0.03142343440717137,1,0.0,,0.0,0.0,0.00016784924086366004,0.0027140012744897605,-0.058232936816356703,5CTdHCps...,1118461.809456776,,,,False,5558480,0.0,31,5E4vCZrj...,0.0,0.45085605319800665,0.45085605319800665,0.02313514833353681,,COUNTER,838637.534343767,0.0,0.0,OK,0.0,0.0,1295.967040512703,284370.86717235,0.11834420860920689,284370.86717235,0.11834420860920689,0.0,DORMITORY,True,True,1.1834420860920707,0,,8740.766659248,0.0036375706246291055,30.0
40,86,86,47,39,deprecated,2026-08-22,8900526,0.008134712,0.008043414214625955,0.011350625858361512,IN BAND,False,True,0.0,19039.2595916,3539850.201956636,1.0,2340495.655499435,1075425.736828265,-0.008167090216750057,6859.22715178784,ACCUMULATING_PRE_EMA,0.0,,,,,-1.5291575752330764,0.1380992812767317,-1.5291575752330764,0.1380992812767317,,0.7424042968110304,0.030803204201735337,1,0.4100022879377745,MINER_BURN_ONLY,2952.0164731519762,2952.0164731519762,0.0,0.0053785495163258985,-0.33881500459685626,5DkwfxC9...,484070.770871605,,,,False,3280104,1.0,136,5GP7c3fF...,0.0009918364232852674,2.623005468887277,2.620403876524758,0.17842481954554473,,COUNTER,1482814.15571156,0.0,0.0,DIVERGENT,-0.9857724371181591,2.277848418108007,1295.967040512703,529471.205304832,0.1495744664596737,527896.260895853,0.14912954808202358,1574.9444089789176,FORTRESS,True,True,1.4912954808202366,0,,7184.596832691001,0.0020296330134873357,30.0
41,30,29,48,19,blockmachine,2026-08-22,8900526,0.010886427,0.010897781932726502,-0.00104194897609416,IN BAND,False,False,0.00155808,33246.156228408,2729060.944356039,1.0,3053908.795053021,1665464.682576542,-0.008205630128196056,8289.423800512217,ACCUMULATING_PRE_EMA,0.0,,,,0.12316113212814776,-2.829530840863949,-0.012677045875812278,-2.692222989536636,0.12463080545150088,0.13730785132731316,0.9629686011354774,-0.014146719199165407,1,0.0,,0.0,0.0,0.00021362630655374915,0.012182269618113238,0.11903286708423598,5FWh37Lf...,1191501.259979369,,,,False,1956072,0.7119396834602647,237,5GFBXbxR...,,18.843720431069848,18.843720431069848,0.0,,COUNTER,1006514.180053119,0.0,0.0,DIVERGENT,1.0,0.0,1295.967040512703,169492.989899939,0.062106707529000715,169492.989899939,0.062106707529000715,0.0,DORMITORY,True,True,0.6210670752900072,,,7062.692052957002,0.0025879568822247553,30.0
42,31,8,49,44,Score,2026-08-22,8900526,0.040346203,0.040420588571578264,-0.0018402891745760302,IN BAND,False,False,0.005791408,68602.107468953,4062816.454093868,1.0,1700336.139758735,2131320.763675991,-0.0010141890605900883,6967.136729286751,ACCUMULATING_PRE_EMA,0.0,,,,0.22185645289232514,-1.919445917006726,-0.0223901849573417,-1.8071611067564781,0.08989462529290612,0.11228481025024782,0.6468419210402465,0.10957164264207732,1,0.0053220815586098634,MINER_BURN_ONLY,43.8194065009593,43.8194065009593,0.0,0.016885357299325346,-0.5814883175171317,5CaCekux...,245526.199652048,,,,False,3550319,1.0,184,5G9hfkx9...,0.009994659342336155,0.27066264052071387,0.2679574596320122,0.31495017625246063,,COUNTER,506457.808183131,2206.282255223,0.0,OK,0.07013636329924332,0.03381213034833334,1295.967040512703,245862.449528441,0.06051527365473266,245862.449528441,0.06051527365473266,0.0,DORMITORY,True,True,0.6051527365473266,,,7322.400156161003,0.0018022965691158997,30.0
43,87,87,50,59,Babelbit,2026-08-22,8900526,0.002020445,0.0020078904926776886,0.006252585670431149,IN BAND,False,True,0.0,5117.55461864,3238960.600883346,1.0,2532884.584588486,728189.588505071,-0.0017216286651020377,66249.31113132648,ACCUMULATING_PRE_EMA,0.0,,,,,1.7342811362539439,0.07607312565691231,1.7342811362539439,0.07607312565691231,,0.8113714008386759,-6.539795933154072,1,0.4100022879355594,MINER_BURN_ONLY,2952.0164731360273,2952.0164731360273,0.0,0.0015799990334072955,-0.21799453417079137,5DkPyHKT...,2643398.3658644,,,,False,4401833,1.0,248,5EF9dnwE...,0.179995422293431,0.7102355126392659,0.5823963716139697,0.7424351090290389,,COUNTER,470016.531241497,0.0,0.0,DIVERGENT,-0.9857724371180823,2.2778484180957004,1295.967040512703,386239.352073454,0.11924793156425453,386239.352073454,0.11924793156425453,0.0,FORTRESS,True,True,1.1924793156425482,0,,7292.599178568,0.0022515245096155615,30.0
44,88,88,51,87,Provenonce,2026-08-22,8900526,0.004591833,0.004565071547403932,0.005862219752346956,IN BAND,False,True,0.0,1773.700131669,1627754.880060415,1.0,386272.744376368,95107.494967714,-0.0004810604927689679,1480.325767917151,ACCUMULATING_PRE_EMA,0.0,,,,,1.246369448376905,0.07132367365355462,1.246369448376905,0.07132367365355462,,1.61449370061324,1.2775456590456562,1,0.41000228793722476,MINER_BURN_ONLY,2952.016473148018,2952.016473148018,0.0,0.001089660460181307,-0.7626959734421292,5HartH15...,4232.657346856,,,,False,7208725,1.0,1,5E2LP6En...,0.0,0.6671413525660296,0.6671413525660296,0.43873222242568516,,COUNTER,676480.264684199,811.040088965,0.0,DIVERGENT,-0.9856983510516132,2.277848418104953,1295.967040512703,166613.650773897,0.10235794886249276,166613.650773897,0.10235794886249276,0.0,FORTRESS,False,True,1.02357948862493,0,,17378.639180961,0.010676447291815818,30.0
45,89,89,52,116,Memo,2026-08-22,8900526,0.007819582,0.007777799153700471,0.005372065474286537,IN BAND,False,True,0.0,1641.218789864,593344.649520172,1.0,209885.728651292,106280.677756771,0.0001614247536338362,-852.7978689153679,DISTRIBUTING_PRE_EMA,0.0,,,0.020643655074380728,,3.273479558747183,0.06536012993715286,3.273479558747183,0.06536012993715286,,4.429129009800999,4.995337305344713,1,0.4100022880662517,SKIN_IN_GAME,2952.0164740770124,2952.0164740770124,0.0,0.00276604632938247,-0.6462667276355091,5F48aA3P...,82511.968235617,0.4887338366848087,BUYBACK_JUSTIFIED,,True,8294730,1.0,0,5CXN6pP6...,0.179995422293431,13.058542126807419,10.708064322156158,0.0,,COUNTER,158874.656590483,1764.319155568,0.0,DIVERGENT,-0.9857724371226568,2.2778484188217876,1295.967040512703,30.45052749,5.13201349580296e-05,30.45052749,5.13201349580296e-05,0.0,EXPOSED,False,True,0.0005132013495802959,,,29900.62827454901,0.050393356203227165,30.0
46,90,90,53,27,Orion,2026-08-22,8900526,0.002294625,0.0022846744395792484,0.004355351575861234,IN BAND,False,True,0.0,6177.352420018,3203643.604967654,1.0,2692096.263106438,815581.888552537,-0.002571603639063033,-5002.8615426491015,,0.0,,,,,-1.5767101604259806,0.05299011083964501,-1.5767101604259806,0.05299011083964501,,0.8203159664592384,1.3908373091807915,1,0.4100022879371924,SKIN_IN_GAME,2952.0164731477853,2952.0164731477853,0.0,0.0019282271006797493,-0.15967659173950016,5CopvHeT...,36447.104028169,0.2180720899934159,BUYBACK_JUSTIFIED,,False,1727132,1.0,152,5GP7c3fF...,0.0009918364232852674,0.38029525781806006,0.37991806712975346,0.07818031986326456,,COUNTER,1254565.756548792,0.0,0.0,DIVERGENT,-0.9857724371181389,2.277848418104773,1295.967040512703,29259.979274079,0.009133344055096424,29259.979274079,0.009133344055096424,0.0,FORTRESS,True,True,0.09133344055096425,,,7173.706667777004,0.002239233682752122,30.0
47,91,91,54,113,TensorUSD,2026-08-22,8900526,0.002668252,0.0026595592498779297,0.0032684927483639112,IN BAND,False,True,0.0,1878.766342915,1490666.383671562,1.0,704118.671254431,65001.57211631,-0.0004889739469761811,-6399.3715512021445,,0.0,,,,,0.2476512854045194,0.03976666177176092,0.2476512854045194,0.03976666177176092,,1.7629699232414076,3.3500541607216126,1,0.4100022879362546,,2952.016473141033,2952.016473141033,0.0,0.0012603533315667418,-0.5276483137399534,5GndoVhM...,530371.491457388,0.11883842720608101,,,False,7119664,1.0,0,5FRumLA6...,0.179995422293431,2.6024214794348435,2.133997526258473,0.3038979274136931,,COUNTER,711551.604376113,0.0,0.0,DIVERGENT,-0.9857724371181064,2.277848418099563,1295.967040512703,75497.522668467,0.05064682714754326,75497.522668467,0.05064682714754326,0.0,FORTRESS,False,True,0.5064682714754328,,,16156.300938173,0.010838307695904085,30.0
48,34,71,55,22,Desearch,2026-08-22,8900526,0.003275509,0.0032869570422917604,-0.003482869457818878,IN BAND,False,True,8.33e-06,7853.040370589,3485111.238295789,1.0,2397502.275666431,264425.314694012,-0.0015173520545156394,7775.211411278695,ACCUMULATING_PRE_EMA,0.0,,,,0.0027876133276974477,-1.2953651528571748,-0.04237491173679635,-1.2300173217848813,0.022972919335497055,0.0653478310722934,0.7540648835315471,-0.06256021774459596,1,0.21727470502667506,MINER_BURN_ONLY,1570.4734840970486,1568.3563863630134,0.0007171740291447293,0.0022533112528221964,-0.31207294719013245,5DFuaMas...,1760098.193965481,,,,False,2009702,0.5221872709504032,131,5E2LP6En...,0.0,0.3896531408294911,0.3896531408294911,0.14253013886769417,,COUNTER,1196401.779884411,0.0,0.0,DIVERGENT,-0.9743330190743091,1.2101823096847812,1295.967040512703,763677.586285475,0.21912574206925786,763677.586285475,0.21912574206925786,0.0,FORTRESS,True,True,2.191257420692579,0,,7198.817915665001,0.002065592006522353,30.0
49,92,92,56,57,SN57,2026-08-22,8900526,0.005240116,0.005233976058661938,0.0011730931263816957,IN BAND,False,True,0.0,1846.812319824,896455.227120718,1.0,352437.233513742,31220.488623096,-0.00013780237056893412,-386.01642724405974,,0.0,,,,,0.38835264279236364,0.014272633037643964,0.38835264279236364,0.014272633037643964,,2.9315462953356284,3.097686024855755,1,0.41000228806680145,SKIN_IN_GAME,2952.0164740809705,2952.0164740809705,0.0,0.0020601277832421024,-0.6068545461127002,5HdpnCSY...,847730.283298465,1.739493871015194,BUYBACK_JUSTIFIED,,True,8057320,1.0,0,5Ejcqsbx...,0.179995422293431,2.081970081952357,1.7072249978490532,0.6380589043186327,,COUNTER,346673.682451728,6427.093693354,0.0,DIVERGENT,-0.9857724371226365,2.277848418824842,1295.967040512703,1254.306998862,0.0013991853256192718,1254.306998862,0.0013991853256192718,0.0,EXPOSED,False,True,0.013991853256192718,,,23931.551229291017,0.02669575736220049,30.0
50,93,93,57,42,Unknown,2026-08-22,8900526,0.002461585,0.0024593889247626066,0.0008929353203480947,IN BAND,False,True,0.0,7335.93937466,2516005.371887695,1.0,2980168.92192877,364200.840650333,-0.0007519273179352004,-1885.985030726064,,0.0,,,,,-0.5713497060064247,0.010864046397568486,-0.5713497060064247,0.010864046397568486,,1.0445128732091213,1.3166403018265231,1,0.41000228793235793,SKIN_IN_GAME,2952.016473112977,2952.016473112977,0.0,0.0029157089474558754,0.18448436574640945,5EC5HHfL...,76128.804268985,0.814780892917551,BUYBACK_JUSTIFIED,,False,3613591,1.0,11,5Gbdb5s2...,0.179995422293431,14.153460349669114,11.60590227711709,0.0,,COUNTER,459719.919475362,0.0,0.0,DIVERGENT,-0.9857724371179711,2.2778484180779146,1295.967040512703,5444.016612431,0.002163753970185879,5444.016612431,0.002163753970185879,0.0,EXPOSED,True,True,0.021637539701858794,,UNDEFENDED_BURNER,7624.781020458001,0.0030305106283367435,30.0
51,94,94,58,104,Masx.ai,2026-08-22,8900526,0.004358286,0.004354541189968586,0.000859978093683235,IN BAND,False,True,0.0,6061.658721709,3105285.207550947,1.0,1390835.461400722,74519.418900731,-0.0017383027949343672,-872.931973090861,,0.0,,,,,0.05138770242110567,0.010463066806479357,0.05138770242110567,0.010463066806479357,,0.8462990753988202,0.6144211503462568,1,0.0,,0.0,0.0,0.00015259021896696368,0.0019520457273841405,-0.5521070146878521,5HBb3F1b...,43751.66117672,0.6655233792476603,BUYBACK_GAMING,,False,5528520,0.9545974818771461,51,5CrZmCAt...,,0.6951116436784914,0.6951116436784914,0.0,,COUNTER,340321.172598343,121714.267729466,2812.241076677994,OK,0.014714944838831255,0.0,1295.967040512703,3017.92106809,0.0009718659853695537,3017.92106809,0.0009718659853695537,0.0,NEITHER,True,True,0.009718659853695537,,,9093.989136103997,0.00292855197776702,30.0
52,95,95,59,73,Parked,2026-08-22,8900526,0.003199267,0.0031971754506230354,0.0006541866122977342,IN BAND,False,True,0.0,6952.151452187,3326987.283721197,1.0,2173044.454286559,574495.670858404,-0.0012004820451322843,-110.03448601346463,,0.0,,,,,-0.6399385665804381,0.007959270449622432,-0.6399385665804381,0.007959270449622432,,0.7899038306694736,0.7991156210371141,1,0.4100022879354138,MINER_BURN_ONLY,2952.0164731349796,2952.0164731349796,0.0,0.002089623692342791,-0.3468429823635255,5Fvs6HPW...,1400916.360026217,,,,False,5160047,1.0,0,5Dnkprjf...,0.179995422293431,1.1535486140596984,0.945915144136021,0.4998550260190145,,COUNTER,1498031.431307565,0.0,0.0,DIVERGENT,-0.9857724371180772,2.277848418094892,1295.967040512703,973789.68338366,0.2926941404760909,905738.513347922,0.2722398482794512,68051.17003573803,FORTRESS,True,True,2.7223984827945116,0,,7602.994819438997,0.0022852491371518364,30.0
53,96,96,60,119,Satori,2026-08-22,8900526,0.002795022,0.0027932999655604362,0.0006164874738822118,IN BAND,False,True,0.0,3414.073430854,1503933.885830854,1.0,1221483.481255467,71258.739289975,-0.0008647727937628405,-1969.6069968047086,,0.0,,,,,-1.8406661833586127,0.007500597598900243,-1.8406661833586127,0.007500597598900243,,1.7474172400525116,2.228764860546796,1,0.41000228812779016,SKIN_IN_GAME,2952.016474520089,2952.016474520089,0.0,0.002270095423089614,-0.18780767268035314,5GbLENPL...,103098.939173399,0.6663381883474928,BUYBACK_JUSTIFIED,,False,5740660,1.0,0,5HMwvi1d...,0.179995422293431,11.098902349591215,9.10115073418299,0.06198687623989013,,COUNTER,805615.247987434,0.0,0.0,DIVERGENT,-0.9857724371247528,2.2778484191636768,1295.967040512703,20722.542632217,0.013778892029398453,20722.542632217,0.013778892029398453,0.0,FORTRESS,True,True,0.13778892029398454,,,13503.528512465002,0.008978804613478688,30.0
54,97,97,61,65,True Performance Network,2026-08-22,8900526,0.003268827,0.0032670232467353344,0.000552109100070912,IN BAND,False,True,0.0,6928.462440742,3600355.423698407,1.0,2119555.65368403,282783.110440178,-0.00012719120635281114,12677.634760721587,ACCUMULATING_PRE_EMA,0.0,,,,,-8.997455257255263,0.0067173273841960954,-8.997455257255263,0.0067173273841960954,,0.7299279350871501,-0.5709739128632192,1,0.41000228793597976,MINER_BURN_ONLY,2952.016473139054,2952.016473139054,0.0,0.0019243829081810062,-0.411292519248952,5GxEEHxL...,1097574.29886032,,,,False,4950813,1.0,0,5DAmVrUg...,0.179995422293431,1.2883451290814674,1.0564489035127638,0.3123903123903124,,COUNTER,968428.487714183,0.0,0.0,DIVERGENT,-0.9446663508569543,2.2778484180980363,1295.967040512703,171794.150223016,0.047715886351726695,171794.150223016,0.047715886351726695,0.0,FORTRESS,True,True,0.47715886351726694,,,7329.203230050003,0.002035688805001701,30.0
55,98,98,62,7,Allways,2026-08-22,8900526,0.003271404,0.00327001279219985,0.0004254441461110909,IN BAND,False,True,0.0,6427.949958267,3160598.436758404,1.0,1964889.771688482,322332.662802765,-0.001063203871299582,-1692.9721768400632,,0.0,,,,,-1.2586504746983842,0.005176237111018273,-1.2586504746983842,0.005176237111018273,,0.8314881034666803,0.6896388285143984,1,0.0,,0.0,0.0,1.5259021896696368e-05,0.00203377622525805,-0.3783170084593496,5CAc19iE...,2096.28561621,0.021566331223824207,,,False,2627691,1.0,189,5EvkLKgQ...,,0.2662630879430151,0.2662630879430151,0.0,,COUNTER,36084.978602376,187875.891205483,2891.0824411470094,OK,0.01431876428098917,0.0,1295.967040512703,3211.260531444,0.0010160292728416194,3211.260531444,0.0010160292728416194,0.0,NEITHER,True,True,0.010160292728416193,,,7985.789305566999,0.002526670016883715,30.0
56,99,99,63,115,HashiChain,2026-08-22,8900526,0.002669172,0.002668387722223997,0.00029391447482349253,IN BAND,False,True,0.0,3592.17642395,1556274.191182047,1.0,1345801.662272387,155425.673857647,-0.0010310414951094963,-2848.952091454761,,0.0,,,,,-4.7434552333271265,0.0035759594436858256,-4.7434552333271265,0.0035759594436858256,,1.6886484495408476,2.3621579545092004,1,0.41000228828805524,SKIN_IN_GAME,2952.016475673998,2952.016475673998,0.0,0.0023081899348479274,-0.13524121531024327,5EkNnrTj...,106180.842369065,0.47827185571281466,BUYBACK_JUSTIFIED,,False,5683635,1.0,0,5EhTo9AX...,0.179995422293431,10.812685503598816,8.866451610252488,0.06553123950798156,,COUNTER,886571.935180771,0.0,0.0,DIVERGENT,-0.9857724371301565,2.277848420054061,1295.967040512703,2942.008322496,0.0018904177291929757,2942.008322496,0.0018904177291929757,0.0,EXPOSED,True,True,0.018904177291929756,,UNDEFENDED_BURNER,12978.429783650005,0.008339423642174786,30.0
57,100,100,64,12,Compute Horde,2026-08-22,8900526,0.004925045,0.004924027714878321,0.0002065961405143584,IN BAND,False,True,0.0,12850.563046679,3428944.494670155,1.0,2609227.072794484,424154.978205,-0.0016389071287063602,456.659156313166,ACCUMULATING_PRE_EMA,0.0,,,,,-0.12507591034113827,0.002513586376258027,-0.12507591034113827,0.002513586376258027,,0.7664166054845395,0.7147546320365528,1,0.40766550502056653,MINER_BURN_ONLY,2935.461903943913,2935.191636148079,9.15541313801782e-05,0.003747673100761333,-0.23905809982216758,5ELzhHvg...,1731083.38806522,,,,False,2256433,0.0,212,5Chngqcs...,0.179995422293431,0.39103042250477604,0.32064673647645014,0.0019380436441324585,,COUNTER,1551037.272437996,0.0,0.0,DIVERGENT,-0.9856922006231553,2.26486596062418,1295.967040512703,3870.537061652,0.0011287838189472715,3870.537061652,0.0011287838189472715,0.0,EXPOSED,True,True,0.011287838189472717,,UNDEFENDED_BURNER,7023.758874884999,0.002048373453056039,30.0
58,101,101,65,29,hoτfloaτ,2026-08-22,8900526,0.003042046,0.0030420005787163973,1.4931385589003867e-05,IN BAND,False,True,0.0,8699.38167139,2944207.37833877,1.0,2859713.720135002,204199.52930531,-0.011022358310089313,576.9938477831893,ACCUMULATING_PRE_EMA,0.0,,,,,-2.617305452928064,0.00018166519133288038,-2.617305452928064,0.00018166519133288038,,0.8926001678192975,0.8176823841472223,1,0.0,,0.0,0.0,0.0,0.002954744878160896,-0.028698159672504636,5HHHHHzg...,10729.910883945,,,,False,3379782,1.0,37,5E2LP6En...,0.0,0.36667193933593684,0.36667193933593684,0.07935417906575715,,COUNTER,610829.352749762,0.0,0.0,DIVERGENT,1.0,0.0,1295.967040512703,3165.974907187,0.0010753233384576868,3165.974907187,0.0010753233384576868,0.0,NEITHER,True,True,0.010753233384576868,,,7282.545792740999,0.0024735165893273723,30.0
59,102,102,66,52,Dojo,2026-08-22,8900526,0.00657103,0.006573188351467252,-0.00032835685695355464,IN BAND,False,True,0.0,18262.191035143,3001383.942690123,1.0,2779197.314571292,765292.405620543,-0.001055169699966047,3405.0468083708547,ACCUMULATING_PRE_EMA,0.0,,,,,-0.31323290055422454,-0.003995008426268248,-0.31323290055422454,-0.003995008426268248,,0.8755960750708018,0.4569788336290545,1,0.41000228793515514,MINER_BURN_ONLY,2952.016473133117,2952.016473133117,0.0,0.006084590103715523,-0.07402795243431808,5Fv1ZvNP...,73042.409247186,,,,False,3989825,1.0,158,5EgfUiH6...,0.179995422293431,14.751512495092166,12.096307774071228,0.0,,COUNTER,1106239.423149527,0.0,0.0,DIVERGENT,-0.9857724371180682,2.2778484180934546,1295.967040512703,167638.354572778,0.055853685424372836,167638.354572778,0.055853685424372836,0.0,FORTRESS,True,True,0.5585368542437283,,,7340.644393807999,0.002445753203846564,30.0
60,103,103,67,95,Actual,2026-08-22,8900526,0.049002129,0.04902815003879368,-0.0005307367047929686,IN BAND,False,True,0.0,29408.967202245,2841548.70819271,1.0,600156.92245977,556535.337417517,-0.0011390409750780188,582.4488421670394,ACCUMULATING_PRE_EMA,0.0,,,,,1.0898435902773367,-0.006457296574981118,1.0898435902773367,-0.006457296574981118,,0.9248477748852203,0.846596057133855,1,0.4100022879336191,MINER_BURN_ONLY,2952.0164731220575,2952.0164731220575,0.0,0.010349626285642585,-0.7887923137861502,5D5UhUuc...,438357.970812048,,,,False,5403674,1.0,0,5ExqqyEB...,0.179995422293431,2.4580048372340126,2.0155752185567803,0.0,,COUNTER,1004896.090936771,14658.86980412,0.0,DIVERGENT,-0.9857724371180149,2.277848418084921,1295.967040512703,9024.997700073,0.0031760841100672544,9024.997700073,0.0031760841100672544,0.0,EXPOSED,True,True,0.031760841100672545,,UNDEFENDED_BURNER,11203.039058404998,0.003942582094793789,30.0
61,104,104,68,83,CliqueAI,2026-08-22,8900526,0.010567339,0.01057310588657856,-0.0005454297573885156,IN BAND,False,True,0.0,8925.331778991,2723376.106016422,1.0,844614.853593419,151434.911747876,0.000950791968390149,844.2805635447148,,0.0,,,0.08997458758445706,,0.09901372551899656,-0.006636062048226939,0.09901372551899656,-0.006636062048226939,,0.9649787240896623,0.8223372737080882,1,0.0,,0.0,0.0,0.002197299153124277,0.0032773041370500956,-0.689864767558787,5DqEjRLy...,913741.038877052,,,,False,5231190,0.23318193635209739,41,5EZEcbxp...,,7.999946273584056,7.999946273584056,0.0,,COUNTER,345172.824104195,26063.92679357,0.0,DIVERGENT,1.0,0.0,1295.967040512703,8057.340853611,0.0029585854248375394,8057.340853611,0.0029585854248375394,0.0,NEITHER,True,True,0.0295858542483754,,,10785.010778654003,0.003960162077807761,30.0
62,105,105,69,125,8 Ball,2026-08-22,8900526,0.003220025,0.0032226399052888155,-0.0008114171504312366,IN BAND,False,True,0.0,5879.4441452,2385819.679402927,1.0,1825899.799104241,234526.306626519,-0.00024021262101779379,1728.519916622201,ACCUMULATING_PRE_EMA,0.0,,,,,-0.5194424973598507,-0.009872241996913379,-0.5194424973598507,-0.009872241996913379,,1.1015082249039378,0.8325578772789908,1,0.4100022881234569,MINER_BURN_ONLY,2952.01647448889,2952.01647448889,0.0,0.002464328799011074,-0.23468643907700287,5DTzv2rL...,65910.922799702,,,,False,5834408,1.0,0,5CFFokuo...,0.179995422293431,16.347609279677258,13.405114443893739,0.0,,COUNTER,1240238.364409254,0.0,0.0,DIVERGENT,-0.985772437124287,2.2778484191396022,1295.967040512703,45923.662897553,0.01924858919306333,45923.662897553,0.01924858919306333,0.0,FORTRESS,True,True,0.1924858919306333,,,9532.201830783994,0.003995357198650283,30.0
63,106,106,70,14,Cacheon,2026-08-22,8900526,0.009685555,0.00969377625733614,-0.0008480964608521595,IN BAND,False,True,0.0,25516.239456337,3072747.683294637,1.0,2634463.292299435,2653653.620718926,-0.012349965626037119,8597.026232923381,ACCUMULATING_PRE_EMA,0.0,,,,,-0.7838116788706635,-0.01031850694036794,-0.7838116788706635,-0.01031850694036794,,0.8552605911274259,-0.17088205171405696,1,0.4100022879347024,MINER_BURN_ONLY,2952.0164731298573,2952.0164731298573,0.0,0.008304046438651343,-0.1426359729874702,5CKhH8nK...,1576297.852681317,,,,False,4848444,1.0,29,5FxbrVDh...,0.179995422293431,1.105774800228058,0.9067403980995744,0.617717076148329,,COUNTER,1209345.15307944,526.080568229,0.0,DIVERGENT,-0.9857549305944664,2.2778484180909397,1295.967040512703,53197.122444381,0.017312557986323956,53197.122444381,0.017312557986323956,0.0,FORTRESS,True,True,0.17312557986324273,,,7409.150867272,0.002411246099884068,30.0
64,107,107,71,16,trav,2026-08-22,8900526,0.001935412,0.0019379653967916965,-0.0013175657294622646,IN BAND,False,True,0.0,467.410464647,335870.909077948,1.0,241504.282989284,50459.535701264,0.000900611716787907,-4643.182623452303,DISTRIBUTING_PRE_EMA,0.0,,,0.46533333305151925,,-11.379116187609329,-0.016030383041790885,-11.379116187609329,-0.016030383041790885,,7.824434712772641,13.29163783515106,1,0.0,,0.0,0.0,0.0,0.0013916372392302802,-0.2809607260726501,5FkKY8WJ...,749967.881255054,0.4558328436638619,BUYBACK_GAMING,,True,8460646,1.0,1,5E2LP6En...,0.0,0.8856863224596949,0.8856863224596949,0.38361766411328474,,COUNTER,63578.799840379,0.04568655,0.0,DIVERGENT,1.0,0.0,1295.967040512703,7333.737256624,0.021834987962360282,0.0,0.0,7333.737256624,NEITHER,False,False,0.1466546049279092,,,34988.37109730397,0.10417207966404725,30.0
65,35,3,3,51,lium.io,2026-08-22,8900526,0.080363,0.08074377314187586,-0.00471582051543217,IN BAND,False,False,0.01164705,148330.363473811,3852969.228479714,1.0,1845754.452916286,1900980.100040217,0.015805744069074572,6451.988358055009,,0.0,,0.1966793682300881,0.1966793682300881,0.2063532151015337,6.746135786114861,-0.057375816271091395,6.787148855794989,-0.01636274659096318,0.04101306968012822,0.6820713699384886,0.1653401454214055,1,0.0,,0.0,0.0,0.0004272526131074983,0.038497676643095974,-0.5209527189988431,5FqACMtc...,216.587394526,,,,False,3966206,0.679545697406384,61,5FUY2npW...,,8.232926003355342,8.232926003355342,0.0,,COUNTER,1171146.945421614,47834.295633396,0.0,DIVERGENT,1.0,0.0,1295.967040512703,468382.409839537,0.12156401519571675,468382.409839537,0.12156401519571675,0.0,DORMITORY,True,True,1.2156401519571693,0,,7425.955250626002,0.0019273331320001483,30.0
66,108,108,72,127,Astrid,2026-08-22,8900526,0.003058633,0.0030629143584519625,-0.0013978054724737678,IN BAND,False,True,0.0,3477.972097613,2881795.113945411,1.0,1137099.935881117,595118.306264388,-0.0011311304522673383,32550.509982204763,ACCUMULATING_PRE_EMA,0.0,,,,,3.840221916725436,-0.017006633248430842,3.840221916725436,-0.017006633248430842,,0.9119315898908771,-3.1880533625087946,1,0.41000228794000576,MINER_BURN_ONLY,2952.0164731680416,2952.0164731680416,0.0,0.0012068769499894718,-0.6054194962293705,5FU4uxAd...,1333045.411837958,,,,False,5848837,1.0,0,5EKrpcqV...,0.179995422293431,1.234091881916304,1.011960992481884,0.526827407294369,,COUNTER,1179899.409664635,203.185912805,0.0,DIVERGENT,-0.9857724371182365,2.2778484181204033,1295.967040512703,5535.674552263,0.0019209119085097665,5535.674552263,0.0019209119085097665,0.0,EXPOSED,True,True,0.019209119085097665,,UNDEFENDED_BURNER,9883.602743488005,0.0034296687837590757,30.0
67,109,109,73,20,ChronoSeek,2026-08-22,8900526,0.002726859,0.002731608459725976,-0.0017387044285448424,IN BAND,False,True,0.0,6987.875940165,3172867.123713994,1.0,2562609.778502539,280387.45845167,-0.0009316292818717833,11003.077446699608,ACCUMULATING_PRE_EMA,0.0,,,,,-1.730214425792838,-0.021154237213962247,-1.730214425792838,-0.021154237213962247,,0.8282729460551123,-0.44186752657816875,1,0.41000228793651333,MINER_BURN_ONLY,2952.016473142896,2952.016473142896,0.0,0.0022023853088386993,-0.1923361974936367,5CFVA7aP...,1198839.322065244,,,,False,1970929,1.0,240,5ED4s3B3...,0.179995422293431,1.3262442154579,1.087526327832335,0.4756520014039585,,COUNTER,1331893.568219495,0.0,0.0,DIVERGENT,-0.9857724371181154,2.2778484181010006,1295.967040512703,684560.132403868,0.2157544283173628,678518.327461022,0.21385021843170776,6041.804942846065,FORTRESS,True,True,2.1385021843170797,0,,7397.632913594998,0.0023315293786824935,30.0
68,110,110,74,121,sundae_bar,2026-08-22,8900526,0.004532492,0.004540580091997981,-0.0017812904593919722,IN BAND,False,True,0.0,6257.926063327,2804654.298761139,1.0,1380680.915119539,548121.871533963,-0.0014768339828714987,2115.360084039159,ACCUMULATING_PRE_EMA,0.0,,,,,-2.723837161391457,-0.02167236725593566,-2.723837161391457,-0.02167236725593566,,0.9370138776678573,0.6601254421948007,1,0.2957192133894488,MINER_BURN_ONLY,2129.178336404031,2129.178336404031,0.0,0.00223126467532602,-0.507717901029716,5CXGaDJs...,1806078.672812282,,,,False,5766528,1.0,0,5EL9y2gd...,0.179995422293431,1.0469649941525743,0.8585160879036421,0.7549671905997253,,COUNTER,1255672.907075325,0.0,0.0,DIVERGENT,-0.9899522907831435,1.6429263012442799,1295.967040512703,202885.709556554,0.07233893661909487,202885.709556554,0.07233893661909487,0.0,FORTRESS,True,True,0.7233893661909486,,,9564.450216478996,0.003410206463129437,30.0
69,111,111,75,69,Herald,2026-08-22,8900526,0.009650352,0.009678436210379004,-0.0029017301729889187,IN BAND,False,True,0.0,4623.95404172,1192705.193596043,1.0,479148.702141978,72522.808794038,0.0011393261345515797,2610.816415914858,,0.0,,,0.1180605779511027,,-1.1571975033317015,-0.035304383771365175,-1.1571975033317015,-0.035304383771365175,,2.2033944465995816,1.3968981529937312,1,0.4100022881091637,MINER_BURN_ONLY,2952.0164743859787,2952.0164743859787,0.0,0.0038768625026094133,-0.5982672442819273,5HBPFVcJ...,519525.3614261,,,,True,8138182,1.0,0,5FWB5CFZ...,0.179995422293431,2.0739815477205865,1.7006743632098358,0.0,,COUNTER,310756.261215852,4110.268380516,0.0,DIVERGENT,-0.9857724371241064,2.2778484190601938,1295.967040512703,485.813350565,0.00040732056267840823,485.813350565,0.00040732056267840823,0.0,EXPOSED,False,True,0.004073205626784082,,,20099.651161418988,0.016852153633051533,30.0
70,37,53,76,1,Apex,2026-08-22,8900526,0.007784769,0.007805003551766276,-0.002592510257307552,IN BAND,False,False,0.000195553,25046.382301518,2518638.360375097,1.0,3217357.025109279,831394.872141214,-0.002493990990679855,7209.083681423217,ACCUMULATING_PRE_EMA,0.0,,,,0.020518463617352555,-0.8898849255892796,-0.03154220813057522,-0.898787317360602,-0.04044459990189764,-0.008902391771322422,1.0434209378152313,0.029420855388674977,1,0.21235429337831513,MINER_BURN_ONLY,1567.4482102829497,1567.3581210176717,3.0518043793392735e-05,0.00994441389266694,0.2774192648063082,5HCFWvRq...,14505.676737367,,,,False,1497824,0.5480902751285612,226,5CAQAgXx...,0.0899977111467155,0.4126214187097349,0.3754864354557482,0.03274736006836355,,COUNTER,842617.864649919,0.0,0.0,DIVERGENT,-1.0,1.2094120236249237,1295.967040512703,192837.392404355,0.07656414491187057,192824.591394465,0.07655906239979127,12.801009889983106,FORTRESS,True,True,0.7655906239979127,,,7349.901168477997,0.0029182042504043285,30.0
71,112,112,77,31,rec4ll,2026-08-22,8900526,0.004634147,0.004652624251320958,-0.003971361176590226,IN BAND,False,True,0.0,1940.743801867,1652283.615191053,1.0,418792.00646931,47308.683944088,-3.4653599990985635e-05,2794.4021648026537,ACCUMULATING_PRE_EMA,0.0,,,,,-0.24288741131795352,-0.04831822764851441,-0.24288741131795352,-0.04831822764851441,,1.590525970141104,0.9664891378424222,1,0.4100022879298679,MINER_BURN_ONLY,2952.016473095049,2952.016473095049,0.0,0.0011745827314535177,-0.7465374465994458,5H3mfhC8...,828052.586304107,,,,False,7173591,1.0,0,5CDZ527X...,0.179995422293431,1.8677783247520656,1.5315867764378004,0.4354388267431746,,COUNTER,689923.592779223,729.248648798,0.0,DIVERGENT,-0.9857724371178058,2.277848418064081,1295.967040512703,393504.002136304,0.23815766162566665,393504.002136304,0.23815766162566665,0.0,FORTRESS,False,True,2.3815766162566665,0,,16812.398644742996,0.010175249872461505,30.0
72,113,113,78,25,UR,2026-08-22,8900526,0.011860251,0.011916862800717354,-0.004750562431074185,IN BAND,False,True,0.0,17606.609261901,4305611.211725502,1.0,1484505.569012803,657352.337539257,-0.00189072698649151,10696.679025269346,ACCUMULATING_PRE_EMA,0.0,,,,,-9.959976181169425,-0.05779850957806924,-9.959976181169425,-0.05779850957806924,,0.6103663035907999,-0.2997469536001123,1,0.41000228793694987,MINER_BURN_ONLY,2952.016473146039,2952.016473146039,0.0,0.004089224130119504,-0.655216054860938,5F6aRdsB...,41340.827467493,,,,False,2998801,1.0,219,5H3pGapv...,0.0,0.26734309700270015,0.26734309700270015,0.006089093045614785,,COUNTER,901768.821116213,0.0,0.0,DIVERGENT,-0.985758288825945,2.2778484181034258,1295.967040512703,323519.372769362,0.07513901206135828,323519.372769362,0.07513901206135828,0.0,FORTRESS,True,True,0.751390120613583,,,7227.611913491,0.0016786494548806433,30.0
73,114,114,79,10,Pareton,2026-08-22,8900526,0.006513947,0.0065455264411866665,-0.00482458385439527,IN BAND,False,True,0.0,16633.238394676,3217951.410993849,1.0,2553480.492087177,926643.127041464,0.0019830543029549486,33920.28853948461,,0.0,,,0.30443205984865224,,-4.870119768267327,-0.058699103561809116,-4.870119768267327,-0.058699103561809116,,0.8166686392534295,-3.01049456408816,1,0.4100022879374996,MINER_BURN_ONLY,2952.016473149997,2952.016473149997,0.0,0.005168890474184911,-0.20648871196144047,5HK5714c...,11692.242637185,,,,False,2869647,1.0,168,5E2LP6En...,0.0,0.3268294346954875,0.3268294346954875,0.7131848008545705,,COUNTER,748032.132622496,0.0,0.0,DIVERGENT,-0.9857724371181495,2.27784841810648,1295.967040512703,21131.646295757,0.006566800922960671,21131.646295757,0.006566800922960671,0.0,FORTRESS,True,True,0.06566800922960693,,,7299.647429577,0.0022684144343007775,30.0
74,38,38,11,67,Harnyx,2026-08-22,8900526,0.005797501,0.005834957817569375,-0.006419381037612728,IN BAND,False,False,0.000847891,3270.962342888,861314.408413288,1.0,564202.137858396,65462.694020788,0.00015566218436049352,6344.242402355885,,0.0,,0.02684987624158987,0.02684987624158987,0.6812238462007562,-3.637921851615147,-0.07810246929095485,-3.6506964273579854,-0.09087704503379332,-0.012774575742838468,3.051150630164538,0.6939984219435946,1,0.0139331320242266,MINER_BURN_ONLY,118.0983429439948,114.9902632919005,0.0010528725108720494,0.0037976403400864518,-0.34495218886784984,5HEAv3TU...,1014021.960861106,,,,False,7236936,0.08726667277670852,246,5HGnF3Wr...,0.0,0.8344864489414965,0.8344864489414965,0.012131477751327594,,COUNTER,276529.557295096,6279.314248273,0.0,DIVERGENT,0.5693083126681926,0.08872931154669544,1295.967040512703,522.283347221,0.0006063794383553266,522.283347221,0.0006063794383553266,0.0,NEITHER,False,True,0.006063794383553266,,,22237.400721012997,0.025817982961621067,30.0
75,115,115,80,122,CookingTAO,2026-08-22,8900526,0.004416382,0.004450630629435182,-0.007695230695774023,IN BAND,False,True,0.0,1401.675452379,558964.415798786,1.0,317380.935019984,45259.481503275,0.0003625880589275153,590.001368252968,,0.0,,,0.08210070119104627,,-1.951219863493001,-0.09362530679858394,-1.951219863493001,-0.09362530679858394,,4.701551522281551,4.339840811501166,1,0.4100022879361091,MINER_BURN_ONLY,2952.0164731399855,2952.0164731399855,0.0,0.0025076291312317997,-0.4321983172579275,5F3uH1G4...,345392.066660038,,,,True,8238082,1.0,0,5CfPqfaz...,0.179995422293431,3.987127184382239,3.269462543091739,0.2780931453335775,,COUNTER,275542.396636966,4689.8056909,0.0,DIVERGENT,-0.9857724371181013,2.277848418098755,1295.967040512703,107149.476979987,0.19169284117463084,107149.476979987,0.19169284117463084,0.0,FORTRESS,False,True,1.9169284117463115,0,,29524.241515934,0.052819536774523466,30.0
76,116,116,81,72,StreetVision by NATIX,2026-08-22,8900526,0.002242401,0.002260256791487336,-0.007899895071473784,IN BAND,False,True,0.0,6350.839909904,2376636.321736516,1.0,2832160.512928553,228566.703905983,-0.000693472829379333,7711.973277979996,ACCUMULATING_PRE_EMA,0.0,,,,,-5.419340235219488,-0.09611539003626436,-5.419340235219488,-0.09611539003626436,,1.1057644688691042,-0.08521658723980849,1,0.41000228793597165,MINER_BURN_ONLY,2952.016473138996,2952.016473138996,0.0,0.002672196773153617,0.1916676692320494,5FjP8fFb...,,,,,False,5064327,1.0,119,5EAHFCo6...,,0.45621124099327387,0.45621124099327387,0.061087457461581895,,COUNTER,412351.087373817,0.0,0.0,DIVERGENT,-0.9857724371180965,2.277848418097991,1295.967040512703,468034.156062421,0.19693133180782435,462045.732649862,0.19441162639148052,5988.423412558972,FORTRESS,True,True,1.9441162639148084,0,,7916.796223642997,0.003331092835381099,30.0
77,42,2,82,15,ORO,2026-08-22,8900526,0.034309001,0.0340922144241631,0.006358829413065246,IN BAND,False,False,0.011753171,14011.34172025,1445312.128339364,1.0,408386.870712032,469729.203975885,-0.0009198017926109515,-623.0743859280483,,0.0,,,,2.204452221970994,17.44089107852513,0.0773657578589605,17.24336618517973,-0.1201591354864403,-0.1975248933454008,1.8182923594639187,2.4019771153163947,1,0.0,,0.0,0.0,0.0005035477225909801,0.009694336223656246,-0.7174404400857884,5GMtrkkv...,216.587394526,0.0,,,False,7366897,0.0,134,5E2LP6En...,0.0,0.6574696536963596,0.6574696536963596,0.16571541936271517,,COUNTER,354654.991781899,2797.563389807,0.0,DIVERGENT,1.0,0.0,1295.967040512703,1010.651574802,0.0006992618099477373,1010.651574802,0.0006992618099477373,0.0,NEITHER,False,True,0.0069926180994773724,,,18383.145591235007,0.012719152652760819,30.0
78,39,72,83,41,Almanac,2026-08-22,8900526,0.004944327,0.004949630470946431,-0.0010714882611058787,IN BAND,False,True,4.447e-06,12399.261727843,3040643.917470041,1.0,2507775.335457143,1581359.46426288,-0.002647854639532984,6059.34408347588,ACCUMULATING_PRE_EMA,0.0,,,,0.0009425332133893947,-0.6926156073801893,-0.013036440510121523,-0.800108020363898,-0.12052885349383019,-0.10749241298370867,0.8642906145309576,0.10843494619709806,1,0.30372817896335585,MINER_BURN_ONLY,2190.5668255978962,2188.8100849249736,0.0005951018539711583,0.0040778407680698665,-0.1752485691035673,5FCSevLk...,20962.142486374,,,,False,3394182,0.7291743007206547,239,5HisenFt...,,0.3636151635282555,0.3636151635282555,0.007233328246604609,,COUNTER,994363.313871307,0.0,0.0,DIVERGENT,-0.8886614549778871,1.6889396230779519,1295.967040512703,258549.369288686,0.08503112377058976,258549.369288686,0.08503112377058976,0.0,FORTRESS,True,True,0.8503112377058977,,,7577.642276822,0.002492117618009989,30.0
79,117,117,84,94,pending...,2026-08-22,8900526,0.003365778,0.0034023860935121775,-0.010759535369011647,IN BAND,False,True,0.0,1985.197053831,1654423.392985,1.0,589818.053560402,103917.562898803,-7.290167659344193e-05,3770.705007744604,ACCUMULATING_PRE_EMA,0.0,,,,,-0.5306863868411722,-0.13090768032297503,-0.5306863868411722,-0.13090768032297503,,1.5884688352105687,0.7488420511767981,1,0.4100022879387446,MINER_BURN_ONLY,2952.016473158961,2952.016473158961,0.0,0.0011999328964088208,-0.6434901837231033,5CnwnkkC...,709431.580950481,,,,False,6962737,1.0,0,5EeKtCKE...,0.179995422293431,2.0863604011753383,1.710825079709491,0.37371810523745574,,COUNTER,709274.122364294,0.075116968,0.0,DIVERGENT,-0.9857724371181927,2.277848418113397,1295.967040512703,273.723032556,0.00016544920346062936,273.723032556,0.00016544920346062936,0.0,EXPOSED,False,True,0.0016544920346062933,,,15743.404536701993,0.009515946524605707,30.0
80,118,118,85,47,wait (reproduce paper),2026-08-22,8900526,0.0027762,0.002808649092912674,-0.0115532741325913,IN BAND,False,True,0.0,1253.563979468,1363140.384713124,1.0,451539.401537194,40244.506889316,1.9567391779975152e-05,4720.7780002033105,,0.0,,,0.007048264455001496,,-2.19359382151754,-0.1405648352798608,-2.19359382151754,-0.1405648352798608,,1.9279012121360255,0.6537576986139928,1,0.4100022879344437,MINER_BURN_ONLY,2952.0164731279947,2952.0164731279947,0.0,0.0009196147319278605,-0.6687505468165621,5GBmFsPk...,23372.92923144,,,,False,7340355,1.0,1,5E2LP6En...,0.0,0.6816686343396596,0.6816686343396596,0.3363854171435548,,COUNTER,617730.547438012,52.790049364,0.0,DIVERGENT,-0.9857724371180435,2.2778484180895022,1295.967040512703,104233.935079448,0.07646603112076697,1082.01056104,0.0007937631172652196,103151.92451840799,EXPOSED,False,False,0.7295236762874431,,,18537.446380943,0.01359907357219429,30.0
81,119,119,86,103,Capcomp,2026-08-22,8900526,0.01054765,0.01069138990715146,-0.013444454687347314,IN BAND,False,True,0.0,799.915456993,167037.159512862,1.0,75838.258666901,11952.458820476,,-103.9158254761278,,,,,,,-2.3159948981406857,-0.163574198696059,-2.3159948981406857,-0.163574198696059,,15.733026158156393,15.942583519315434,1,0.3279735534356666,SKIN_IN_GAME,2361.6348078999945,2361.4095847367994,7.629510948348184e-05,0.004788847339872334,-0.5459796883787067,5H3SQ4du...,989171.261495584,126.10741341787259,BUYBACK_GAMING,,True,8762380,0.9800701968564016,0,5E529AKM...,0.179995422293431,1.8552219112750605,1.5212904599070798,0.9031647694326609,,COUNTER,47414.418181673,0.014698804,0.0,DIVERGENT,-0.867316423313724,1.822121636521398,1295.967040512703,0.0,0.0,0.0,0.0,0.0,EXPOSED,False,,,,,42316.998819816006,0.25333883157033427,30.0
82,120,120,87,43,Graphite,2026-08-22,8900526,0.005012947,0.0050893130246549845,-0.0150051734458132,IN BAND,False,True,0.0,13835.146631271,3070614.507283646,1.0,2759882.780062016,156904.056576105,-0.0008349041341164327,48324.772298403084,ACCUMULATING_PRE_EMA,0.0,,,,,-3.9365492978850494,-0.18256294359072728,-3.9365492978850494,-0.18256294359072728,,0.8558547462621103,-4.828740798308092,1,0.3310732855429907,MINER_BURN_ONLY,2384.042968338006,2383.727655909533,0.00010681315327687457,0.0045056605439899285,-0.10119525620559558,5HjMs5JD...,2983629.664740089,,,,False,3408582,0.09489073373214507,108,5ERVu5z1...,,17.265451918218254,17.265451918218254,0.0,,COUNTER,881299.813583947,0.0,0.0,DIVERGENT,-0.9823828678606626,1.839342808414708,1295.967040512703,3451.069241962,0.0011239018228357538,3451.069241962,0.0011239018228357538,0.0,EXPOSED,True,True,0.011239018228357538,,UNDEFENDED_BURNER,7289.762798628,0.0023740403692278306,30.0
83,41,27,88,34,BitMind,2026-08-22,8900526,0.012190376,0.012194025795906782,-0.0002993101677714997,IN BAND,False,False,0.001828678,35029.498447219,2599515.972394138,1.0,2873537.099924953,629706.822764304,-0.0033068888932364145,5811.8245258913375,ACCUMULATING_PRE_EMA,0.0,,,,0.1371919666860526,0.7997052870092921,-0.003641607041219913,0.6024009152415943,-0.20094597880891762,-0.19730437176769772,1.010957435118057,0.3344963384537503,1,0.0,,0.0,0.0,0.0009460593575951748,0.01347539265740962,0.10541238903620541,5DthmKBR...,2871454.898359882,,,,False,3493948,0.8056450750691124,72,5E2LP6En...,0.0,0.3524419803973971,0.3524419803973971,0.0016938031220911603,,COUNTER,359469.273754254,58226.411706465,0.0,DIVERGENT,1.0,0.0,1295.967040512703,138791.855468625,0.05339142245808113,138791.855468625,0.05339142245808113,0.0,DORMITORY,True,True,0.5339142245808136,,,7631.972372809004,0.0029359205536175275,30.0
84,121,121,89,108,Prometheon,2026-08-22,8900526,0.003222389,0.0032780119217932224,-0.01696849283049409,IN BAND,False,True,0.0,1994.526218396,1614973.12228923,1.0,618958.741517336,53489.282391379,0.0005111478403079943,8873.29862628912,,0.0,,,0.15862387821830148,,1.28438416357687,-0.20644999610434472,1.28438416357687,-0.20644999610434472,,1.6272716639858382,-0.3907532018035599,1,0.2698916166434444,MINER_BURN_ONLY,1943.4448629959952,1943.2196398327999,7.629510948348184e-05,0.0012350213083229225,-0.616737362148728,5GpmtjiG...,1582669.81597888,,,,False,7105263,0.6553792156264306,0,5CAxp9fh...,0.179995422293431,1.0087433309974143,0.8271741491488525,0.82640277120752,,COUNTER,468651.23593335,0.238163524,0.0,DIVERGENT,-0.9704471071963201,1.499436003452707,1295.967040512703,413516.283295551,0.25605149558736323,413516.283295551,0.25605149558736323,0.0,FORTRESS,False,True,2.560514955873634,0,,15690.624962828,0.009715718946818436,30.0
85,122,122,90,71,Leadpoet,2026-08-22,8900526,0.006081046,0.006195798981934786,-0.018521095062860128,IN BAND,False,True,0.0,6208.554010055,4524796.830378286,1.0,1020968.102332253,1362902.436171345,-0.0022417272015353455,11028.689064061502,ACCUMULATING_PRE_EMA,0.0,,,,,0.10090435503246283,-0.22533998993146487,0.10090435503246283,-0.22533998993146487,,0.5807995581937083,-0.31196816631695284,1,0.41000228801137484,MINER_BURN_ONLY,2952.016473681899,2952.016473681899,0.0,0.0013721177420326178,-0.7743615585159827,5DwHzMhB...,2368417.732426387,,,,False,5048438,1.0,0,5FNVgRnr...,0.0,0.7070660514164806,0.7070660514164806,0.5542262440676932,,COUNTER,905515.710028383,0.0,0.0,DIVERGENT,-0.9857724371203976,2.2778484185169083,1295.967040512703,63565.086413894,0.014048163662760474,63565.086413894,0.014048163662760474,0.0,FORTRESS,True,True,0.1404816366276047,,,7506.448948953,0.001658958231794341,30.0
86,43,26,91,105,Beam,2026-08-22,8900526,0.007055903,0.007067741127684712,-0.0016749520774526092,IN BAND,False,False,0.00187252,4991.077065839,1966402.263684967,1.0,707361.934446396,513949.937233089,-0.0010888053840733777,2640.4975321732927,ACCUMULATING_PRE_EMA,0.0,,,,0.9859560361592578,-2.7053912204226704,-0.020378583609006743,-2.915009667797782,-0.22999703098411833,-0.2096184473751116,1.336450861826828,1.1955744835343693,1,0.0,,0.0,0.0,0.0018005645838101714,0.0025381770342787855,-0.6402760873726884,5G3ic2pA...,1994542.204216085,0.4433263617753784,BUYBACK_GAMING,,False,6841399,0.0,42,5CFqNvdc...,,0.4717365295489543,0.4717365295489543,0.00943050723310749,,COUNTER,451650.409847256,1869.377328683,0.0,DIVERGENT,1.0,0.0,1295.967040512703,194736.530222858,0.09903188875399724,194736.530222858,0.09903188875399724,0.0,DORMITORY,False,True,0.9903188875399743,,,13689.192651024998,0.006961542357753364,30.0
87,123,123,92,46,Instant,2026-08-22,8900526,0.003671031,0.0037474315613508224,-0.020387446735193392,IN BAND,False,True,0.0,8623.731035322,3247264.839359308,1.0,2349130.199893575,1421122.81608246,-0.006844200137852545,63684.18799579423,ACCUMULATING_PRE_EMA,0.0,,,,,-23.541499154708898,-0.2480472686115196,-23.541499154708898,-0.2480472686115196,,0.8092964787308539,-6.244982622657586,1,0.41000228804264527,MINER_BURN_ONLY,2952.016473907046,2952.016473907046,0.0,0.002655690700307487,-0.2765817830719798,5Ft9E2ov...,498573.954303461,,,,False,3919107,1.0,238,5CDnZ6oe...,0.179995422293431,2.5219933604224605,2.0680461004919906,0.16697186107550507,,COUNTER,949532.096807627,28041.129768459,0.0,DIVERGENT,-0.9857724371217982,2.2778484186906374,1295.967040512703,172007.513109279,0.05296996753218824,172007.513109279,0.05296996753218824,0.0,FORTRESS,True,True,0.5296996753218843,,,7486.080421917996,0.0023053495148227625,30.0
88,124,124,93,30,Endure Network,2026-08-22,8900526,0.003656888,0.003737642429769039,-0.021605713036072626,IN BAND,False,True,0.0,8818.269648634,3347906.541844836,1.0,2411413.5324061,403117.51013256,-0.0016359655505931488,38685.0976573457,ACCUMULATING_PRE_EMA,0.0,,,,,0.2478800273431634,-0.26286950860555025,0.2478800273431634,-0.26286950860555025,,0.7849681486484573,-3.405171486041669,1,0.4100022879354138,MINER_BURN_ONLY,2952.0164731349796,2952.0164731349796,0.0,0.002633965296944868,-0.2797249199469965,5HTogQKF...,1036.789017697,,,,False,3250216,1.0,80,5GP7c3fF...,0.0009918364232852674,0.4271023579730617,0.426678742297953,0.0297887925772189,,COUNTER,739311.461777422,18187.150616168,0.0,DIVERGENT,-0.9857724371180772,2.277848418094892,1295.967040512703,4962.596266974,0.0014822983273121487,4962.596266974,0.0014822983273121487,0.0,EXPOSED,True,True,0.014822983273121483,,UNDEFENDED_BURNER,7289.166334004001,0.0021772311272426877,30.0
89,40,56,94,32,ItsAI,2026-08-22,8900526,0.003140782,0.0031661272514611483,-0.008005127225840855,IN BAND,False,False,0.000129892,7355.722510106,3507059.869588838,1.0,2342003.577367553,304013.941445835,-0.0011755096356559623,5238.413708103355,ACCUMULATING_PRE_EMA,0.0,,,,0.046406886003517944,-3.2374663461405553,-0.09739571458106373,-3.415815945631958,-0.2757453140724661,-0.1783495994914024,0.7493456335856914,0.22475648549492033,1,0.0,,0.0,0.0,0.0018005645838101714,0.0020974043169010325,-0.332203152940563,5DWgkCSv...,35078.771716962,,,,False,2515294,0.1548985737652292,250,5DtUNcJy...,,5.435439014706716,5.435439014706716,0.0,,COUNTER,17419.272873098,0.0,0.0,DIVERGENT,1.0,0.0,1295.967040512703,634410.218859858,0.18089517785569917,634410.218859858,0.18089517785569917,0.0,DORMITORY,True,True,1.8089517785569917,0,,7185.998636584996,0.0020490093992685306,30.0
90,125,125,95,24,Quasar,2026-08-22,8900526,0.003992205,0.004091749433428049,-0.024328086322883854,IN BAND,False,True,0.0,8653.792116029,3583791.693173448,1.0,2167672.291393057,1559443.968262727,-0.003987432863262727,61126.90763284126,ACCUMULATING_PRE_EMA,0.0,,,,,-6.594498790432209,-0.2959917169284202,-6.594498790432209,-0.2959917169284202,,0.7333015490286227,-5.415048674018351,1,0.410002287936675,MINER_BURN_ONLY,2952.01647314406,2952.01647314406,0.0,0.002414702878103405,-0.3951455704044745,5ELutYW7...,341735.333930273,,,,False,2538424,1.0,155,5ELpkVn8...,0.179995422293431,3.1529839196963114,2.5854612475861765,0.0,,COUNTER,610688.743384158,0.0,0.0,DIVERGENT,-0.9857724371184364,2.2778484181018985,1295.967040512703,700000.000065042,0.19532385249913672,0.0,0.0,700000.000065042,EXPOSED,True,False,0.3905447923736045,154036,UNDEFENDED_BURNER,7311.724518025998,0.0020402202873436165,30.0
91,45,15,96,38,ChronoLLM,2026-08-22,8900526,0.010047502,0.009922995464876294,0.012547273206403491,IN BAND,False,False,0.003251031,5075.934818084,1514095.224824448,1.0,505193.798574466,181093.647983928,-0.0014355570088288021,561.6875432613306,ACCUMULATING_PRE_EMA,0.0,,,,1.683179507656675,-2.379224316679001,0.15265849067790913,-2.8583820092895964,-0.3264992019326862,-0.4791576926105954,1.7356900391154089,2.1623372002672703,1,0.0,,0.0,0.0,6.103608758678547e-05,0.0033524541487623604,-0.6663395390453906,5GeWgtBA...,1464608.246061176,1.094984798837557,BUYBACK_GAMING,,False,7284230,0.5203186278249988,4,5E2LP6En...,0.0,0.6253535626561505,0.6253535626561505,0.15276739253177887,,COUNTER,485297.062238848,10641.406258159,0.0,DIVERGENT,1.0,0.0,1295.967040512703,35662.115913284,0.023553416805352414,35662.115913284,0.023553416805352414,0.0,DORMITORY,False,True,0.2355341680535259,,,17272.090261698006,0.011407532352333136,30.0
92,44,73,97,74,Gittensor,2026-08-22,8900526,0.00352579,0.003533033886924386,-0.002050330440134003,IN BAND,False,True,3.985e-06,6227.704607441,3322593.776686235,1.0,1766328.8643084,341692.069021078,-0.0012658894502273344,1192.5351638961583,ACCUMULATING_PRE_EMA,0.0,,,,0.001681611550343465,-2.485405621501595,-0.02494568702163037,-2.904915800506002,-0.44445586602603704,-0.4195101790044067,0.7909483303195183,0.42119179055475015,1,0.0,,0.0,0.0,7.629510948348184e-05,0.0018743502895656888,-0.46838856268646495,5D1VXeeS...,216.587394526,,,,False,5086205,0.6787273004730657,202,5HbuCiVz...,,0.9701527785707612,0.9701527785707612,0.0,,COUNTER,531791.422968235,109700.162103701,2145.2807037989987,OK,0.01844071127130548,0.0,1295.967040512703,378229.609193408,0.11383564606884702,378229.609193408,0.11383564606884702,0.0,DORMITORY,True,True,1.1383564606884702,0,,8074.616384474002,0.002430214744014588,30.0
93,46,24,98,124,Swarm,2026-08-22,8900526,0.011986803,0.011974483262747526,0.0010288324750347367,IN BAND,False,False,0.002097837,13069.113696371,3462890.47752346,1.0,1090291.860095911,279214.665969664,-7.80977163950547e-05,-277.0095245812554,,0.0,,,,0.42184311530864316,-1.160688370494011,0.012517461779589296,-1.6482493041434931,-0.4750434718698929,-0.48756093364948216,0.758903585619449,0.9094040489581253,1,0.0,,0.0,0.0,0.0001373311970702673,0.003774047657931584,-0.6851497719674225,5HKYqfJr...,2231033.703908621,0.022106916811198363,,,False,5813454,0.0,105,5HgiWPLV...,,0.3294073515807361,0.3294073515807361,0.007187767061408863,,COUNTER,897004.632666029,6243.286010635,0.0,DIVERGENT,1.0,0.0,1295.967040512703,1000000.110795789,0.2887761300238853,1000000.110795789,0.2887761300238853,0.0,DORMITORY,True,True,2.887761300238853,0,,8881.545610263001,0.002564778085795765,30.0
94,47,9,1,9,iota,2026-08-22,8900526,0.030788144,0.030781924026086926,0.00020206579380165426,IN BAND,False,False,0.004341165,58797.471883179,3974703.432590457,1.0,1909743.918661539,1082625.372761923,0.01301328860220348,626.1902247881517,,0.0,,0.4226720715027018,0.4226720715027018,0.19403183937341717,0.6469349197658617,0.002458467157920127,0.14704559694455788,-0.4974308556633837,-0.4998893228213038,0.6611814049953503,0.693921162194721,1,0.0,,0.0,0.0,0.0,0.014792920498437936,-0.5195254219144247,5Fsbubec...,14540.209240188,0.44635541526458966,BUYBACK_GAMING,,False,1489797,1.0,254,5E2LP6En...,0.0,0.3026151809561885,0.3026151809561885,0.10204642219475346,,COUNTER,1143124.969029318,46681.104420658,0.0,DIVERGENT,1.0,0.0,1295.967040512703,566487.003304132,0.14252308704575026,566487.003304132,0.14252308704575026,0.0,DORMITORY,True,True,1.4252308704575025,0,,7179.352729071003,0.0018062612345374307,30.0
95,48,37,99,77,Liquidity,2026-08-22,8900526,0.0060614,0.00606269552372396,-0.00021368774316483965,IN BAND,False,False,0.00092851,12509.578759726,3275820.883358493,1.0,2063809.856146042,408661.301935378,-0.006935415302332664,1319.9738696012646,ACCUMULATING_PRE_EMA,0.0,,,,0.1950604674120495,-4.907009443981067,-0.0025998675418388824,-5.486382776253576,-0.5819731998143475,-0.5793733322725086,0.8022416650893552,0.7744337996845582,1,0.0,,0.0,0.0,6.103608758678547e-05,0.0038187615273093676,-0.369986879712712,5GxxsUeY...,2684176.106800411,1.741767389869363,BUYBACK_GAMING,,False,5128460,0.2703453327432819,148,5C8dR6A6...,0.179995422293431,3.2442975244798626,2.6603388215155768,0.0,,COUNTER,140886.89655137,14115.257752168,0.0,DIVERGENT,1.0,0.0,1295.967040512703,369577.913917543,0.11281993951349319,369577.913917543,0.11281993951349319,0.0,DORMITORY,True,True,1.1281993951349318,0,,7781.994351489,0.0023755860373875543,30.0
96,49,75,100,23,Trishool,2026-08-22,8900526,0.004268966,0.004283854737877846,-0.0034755468588137757,IN BAND,False,True,7.4e-07,7468.838476747,4084186.405853424,1.0,1749565.956884836,578502.656994316,3.250270980840306e-05,-493.50975214364007,DISTRIBUTING_PRE_EMA,0.0,,,0.00761371953030384,0.00026037783599880567,-4.9146424616083015,-0.0422858201155676,-5.599621137271604,-0.7272644957788696,-0.6849786756633021,0.6434574083674464,0.6852390534993009,1,0.32793770285933543,,2361.6059737449978,2361.5609291123587,1.5259021896696368e-05,0.0018287212518122871,-0.5716243109426762,5CqTRwoF...,1412111.48302631,0.13447153806681084,,,False,2063528,0.7999969481490524,188,5HKsvivb...,0.0899977111467155,0.9041467595851367,0.8227756206817547,0.38496871661834275,,COUNTER,1112266.915979909,0.055431535,0.0,DIVERGENT,-0.9823209662421862,1.8222384175589,1295.967040512703,474700.889273463,0.11622899694125748,474700.889273463,0.11622899694125748,0.0,FORTRESS,True,True,1.1622899694125768,0,,7228.531310162003,0.001769882809413921,30.0
97,51,13,101,114,SOMA,2026-08-22,8900526,0.010696726,0.010597319807857275,0.009380314451680643,IN BAND,False,False,0.003550187,5244.733562717,1454065.14351672,1.0,490312.158345295,197653.644770093,-0.00033109223172571404,-1052.9319344013347,,0.0,,,,1.7789066545387506,-3.866271486123539,0.11412715916211448,-4.765534012654359,-0.7851353673687054,-0.8992625265308198,1.8073468109166466,2.6781691810695705,1,0.0,,0.0,0.0,1.5259021896696368e-05,0.00360694538762712,-0.6627991230562399,5FHrQMjz...,961811.081879105,0.07096773068461393,,,False,7312241,1.0,5,5E2LP6En...,0.0,0.5814866517108234,0.5814866517108234,0.29029452159316343,,COUNTER,373811.447473431,13816.272943106,0.0,DIVERGENT,1.0,0.0,1295.967040512703,146039.760277138,0.10043550038200796,146039.760277138,0.10043550038200796,0.0,DORMITORY,False,True,1.0043550038200797,0,,17850.148026509996,0.012276030483296391,30.0
98,50,69,102,13,Data Universe,2026-08-22,8900526,0.006149702,0.00614970363676548,-2.6615355418267934e-07,IN BAND,False,True,1.1539e-05,20950.631767669,2468917.867786331,1.0,3406771.884505992,967887.10844957,-0.0029832593986156373,806.0429830518551,ACCUMULATING_PRE_EMA,0.0,,,,0.0014474261366569734,-0.7260665665756936,-3.2382015758892652e-06,-1.6135099394669918,-0.8874466110928741,-0.8874433728912983,1.0644339507155434,0.8888907990279552,1,0.2944529499960465,MINER_BURN_ONLY,2129.399623565958,2124.0393122819114,0.0018158236057068677,0.008485754848723928,0.3798643980999287,5HBswBt1...,14483.816735551,,,,False,1907637,0.72387489299254,77,5D4aUZhf...,0.0,0.3945996968006714,0.3945996968006714,0.04306358822542003,,COUNTER,613961.934358847,0.0,0.0,DIVERGENT,-0.8077659352771231,1.63896090400695,1295.967040512703,93697.039216446,0.03795065054167079,93697.039216446,0.03795065054167079,0.0,FORTRESS,True,True,0.37950650541670783,,,7235.812120094002,0.002930762588138155,30.0
99,52,58,103,98,NeverPlayAlone,2026-08-22,8900526,0.0028963,0.002894747070968151,0.0005364644971657639,IN BAND,False,True,9.2072e-05,5276.210732107,2839561.422783259,1.0,1821707.076685798,205728.071790301,-0.001032365332540136,-279.34364774567075,,0.0,,,,0.04585965729677626,-0.6626950993457419,0.006526984715516794,-1.5875155625300366,-0.9182934784687777,-0.9248204631842946,0.9254950355763418,0.9706801204810708,1,0.0,,0.0,0.0,0.0,0.0018581076252738374,-0.35845470936234597,5EWzZCNs...,1452596.819055672,2.3440534300805136,BUYBACK_GAMING,,False,5445992,1.0,153,5E2LP6En...,0.0,0.43069121221604,0.43069121221604,0.2969846792406763,,COUNTER,1255490.393926426,0.0,0.0,DIVERGENT,1.0,0.0,1295.967040512703,546097.613191489,0.19231759130472317,546097.613191489,0.19231759130472317,0.0,DORMITORY,True,True,1.9231759130472335,0,,8797.259263023996,0.003098104937064953,30.0
100,54,4,8,64,Chutes,2026-08-22,8900526,0.076952294,0.07686731102876365,0.0011055801237089202,IN BAND,False,False,0.010665544,209241.043501718,3284057.219425435,1.0,2719100.801403279,4943888.610160852,0.006078987608972017,-1710.228633112274,DISTRIBUTING_PRE_EMA,0.0,,0.07899683418108389,0.07899683418108389,0.1339557916693809,-2.603844163196704,0.013451224838458528,-3.569212921111366,-0.9519175330762035,-0.965368757914662,0.8002296623990565,1.099324549584043,1,0.01027951410422254,SKIN_IN_GAME,84.63095358002465,84.27059651891227,0.00012207217517357094,0.06371418934604493,-0.17203001971526763,5FRYKhbm...,647681.553560947,0.4190370667028571,BUYBACK_GAMING,,False,4531295,0.2796251926686709,194,5FEm1mew...,,18.291935456390114,18.291935456390114,0.0,,COUNTER,273512.984457152,0.0,0.0,DIVERGENT,-0.4474644170247583,0.06502526212825105,1295.967040512703,737689.359314253,0.22462743796020582,737688.83792705,0.2246272791970759,0.5213872030144557,DORMITORY,True,True,2.2462727919707612,0,,7051.1410620629995,0.002147082279917351,30.0
101,53,62,104,117,glyph,2026-08-22,8900526,0.002513312,0.0025167351122945547,-0.0013601400790381986,IN BAND,False,True,5.3463e-05,2849.61397108,1623729.267091652,1.0,1133808.135642201,221854.99388084,-0.0007537834211656891,2542.533607846359,ACCUMULATING_PRE_EMA,0.0,,,,0.04930519201053411,-1.296804429810013,-0.016548370961631417,-2.259255217188957,-0.9789991583405755,-0.9624507873789441,1.6184964164051505,1.0117559793894781,1,0.0,,0.0,0.0,0.0,0.0017549809742507725,-0.3017257808617584,5HdThE9W...,1721788.7617883328,,,,False,5710859,1.0,125,5EsLkLnu...,,14.065007482354222,14.065007482354222,0.0,,COUNTER,289424.602021989,151819.376318443,295.2016473140102,OK,0.0831907832674021,0.0,1295.967040512703,184995.455974437,0.11393245150146997,154144.143623114,0.09493217049613807,30851.312351322995,DORMITORY,True,True,0.9493217049613807,,,13328.440131468007,0.008208535992789787,30.0
102,55,57,105,128,ByteLeap,2026-08-22,8900526,0.002940383,0.002938873367384076,0.0005136773270593808,IN BAND,False,True,9.7604e-05,4110.476823559,2755315.682579619,1.0,1397938.925403317,90844.709113887,-0.00022424396803000932,-509.4858587111812,,0.0,,,,0.0624023253287462,-1.243036292293406,0.0062497408125558,-2.237474059000752,-0.9881880258947903,-0.9944377667073461,0.9537927057198681,1.0568400920360923,1,0.0,,0.0,0.0,0.00016784924086366004,0.0014918351641328568,-0.49263916838967686,5GgMeLFN...,798584.802298375,4.315360740915876,BUYBACK_GAMING,,False,5856038,1.0,96,5HQTcjYx...,,5.366845638534205,5.366845638534205,0.0,,COUNTER,186014.794503201,289.843039317,0.0,OK,0.0,0.0,1295.967040512703,3774.580318035,0.0013699266265203816,3774.573941721,0.0013699243123340109,0.0063763139996808604,NEITHER,True,True,0.013699243123340107,,,9600.601698567994,0.0034843926448310234,30.0
103,56,32,106,63,Enigma,2026-08-22,8900526,0.008217581,0.008168100845068693,0.006057730660999272,IN BAND,False,False,0.001179684,15330.417442309,3896966.298094539,1.0,1865563.278967422,1216862.950753989,-0.0023243817583002914,-6879.046791787492,,0.0,,,,0.20222603615763382,0.10593515367592078,0.07370238970882446,-1.1084055363354846,-1.1406383003025808,-1.2143406900114053,0.6743707281443484,1.4165667261690391,1,0.0,,0.0,0.0,7.629510948348184e-05,0.003933936367323722,-0.5212780540497597,5CqTmNfg...,282991.819842378,0.06974347150821149,,,False,4885578,0.0,93,5GP7c3fF...,0.0009918364232852674,0.2986294103651505,0.29833321883888614,0.020921715244925986,,COUNTER,725439.396179942,0.0,0.0,DIVERGENT,1.0,0.0,1295.967040512703,72397.992373783,0.01857803912986949,72397.992373783,0.01857803912986949,0.0,DORMITORY,True,True,0.18578039129869492,,,7333.682229542998,0.001881895215036598,30.0
104,57,78,107,101,Tag101,2026-08-22,8900526,0.004603527,0.004585254704579711,0.003985012087123199,IN BAND,False,True,5.6e-08,3991.362321788,2370658.108334334,1.0,867022.616814534,165447.871447229,0.0003527464605012477,-1953.0434730687412,DISTRIBUTING_PRE_EMA,0.0,,,0.07662526156602269,3.6871621299986e-05,-1.3561809514190026,0.04848431372666558,-2.750784037695981,-1.3461187725503128,-1.3946030862769783,1.1085529333651907,1.3946399578982782,1,0.36874258340150873,SKIN_IN_GAME,2662.1862621540204,2654.9791209317727,0.002441443503471419,0.001683651601956387,-0.634269202297198,5H8dNvi1...,1440375.94498623,0.9109154294856731,BUYBACK_GAMING,,False,5481350,0.9040611854684513,0,5H6Dezn7...,0.179995422293431,1.149352380222808,0.9424742131806436,0.6346059940181895,,COUNTER,832724.155250101,6970.543419914,0.0,DIVERGENT,-0.9513563373369186,2.048647101303923,1295.967040512703,13574.61335476,0.005726094921505894,13574.61335476,0.005726094921505894,0.0,FORTRESS,True,True,0.05726094921505894,,,11721.141434281002,0.004944256362009316,30.0
105,126,126,108,92,MicroTensor,2026-08-22,8900526,0.003458132,0.003904112381860614,-0.11423348977676441,IN BAND,False,True,0.0,923.922737405,457765.278067995,1.0,267173.928604031,63720.805834181,-2.6195570558567144e-05,15326.43329614203,ACCUMULATING_PRE_EMA,0.0,,,,,-11.736466893314558,-1.3898407922839668,-11.736466893314558,-1.3898407922839668,,5.740933456315237,-6.475992113046366,1,0.41000228793597165,MINER_BURN_ONLY,2952.016473138996,2952.016473138996,0.0,0.002018332935395252,-0.41635167905815856,5E9LPDS2...,723421.029106031,,,,True,8352006,1.0,0,5FeHbWK1...,0.179995422293431,2.3648731883353227,1.9392068401304936,0.587771233252968,,COUNTER,185931.500710256,0.041020142,0.0,DIVERGENT,-0.9518642347923804,2.277848418097991,1295.967040512703,0.0,0.0,0.0,0.0,0.0,EXPOSED,False,,,,,32242.86198272099,0.07043535962098843,30.0
106,58,64,109,66,conjectures,2026-08-22,8900526,0.00243049,0.0024400355760008097,-0.003912064272626207,IN BAND,False,True,4.7369e-05,6030.491633743,3123901.192126659,1.0,2481183.468129093,1352321.540196593,-0.005772511456838813,-8706.653531923424,,0.0,,,,0.02064271697243601,-2.75721425670074,-0.04759678198361885,-4.619248922755367,-1.9096314480382457,-1.8620346660546268,0.8412558011192843,1.8826773830270627,1,0.0,,0.0,0.0,0.0,0.0019304360998811298,-0.20574201091914393,5CJCRGep...,1038478.85184476,0.003146864422678426,,,False,4958013,1.0,227,5E2LP6En...,0.0,0.5825861969025621,0.5825861969025621,0.8305534785063559,,COUNTER,876389.726869251,0.0,0.0,OK,1.0,0.0,1295.967040512703,392806.591766313,0.12574232269456062,392806.591766313,0.12574232269456062,0.0,DORMITORY,True,True,1.2574232269456065,0,,7513.401913187999,0.002405134301982547,30.0
107,63,17,110,118,Ditto,2026-08-22,8900526,0.010656185,0.010248100385069847,0.03982051303133989,IN BAND,False,False,0.00272624,7102.845977281,2143038.170230972,1.0,666546.817318769,714716.334727029,-0.0019519015973399523,-12330.786832417245,,0.0,,,,1.0086884528985132,17.30867529924402,0.48448290854796866,14.649149829115602,-2.175042561580448,-2.6595254701284166,1.2262964031652128,3.6682139230269297,1,0.0,,0.0,0.0,3.0518043793392735e-05,0.003314381458971153,-0.6889711037326067,5DUJfND9...,1565824.253941821,0.079857915700652,,,False,5724794,0.04019349030259556,251,5ECg59rv...,,8.074149059408484,8.074149059408484,0.0,,COUNTER,320927.826926128,1788.13704218,0.0,DIVERGENT,1.0,0.0,1295.967040512703,116124.185212813,0.054186708769773044,116124.185212813,0.054186708769773044,0.0,DORMITORY,True,True,0.5418670876977307,,,13114.257429834004,0.00611946983119791,30.0
108,60,7,111,4,Targon,2026-08-22,8900526,0.0572068,0.05699208099395037,0.003767523527916576,IN BAND,False,False,0.007909896,137954.702430224,3608331.365082818,1.0,2411508.83195626,2266972.740091675,-0.0046476622979413,-15314.334672442637,,0.0,,,,0.15068139267317796,3.5606256864644004,0.045838202922985,1.3223678142482038,-2.1924196692932116,-2.2382578722161965,0.7283144850361276,2.3889392648893746,1,0.08224642034307983,MINER_BURN_ONLY,674.2784981799778,674.0532750167825,7.629510948348184e-05,0.03823227095082984,-0.3316831049660209,5CXGPMnq...,,,,,False,1411451,0.2848771555012971,28,5Hp18g9P...,0.179995422293431,0.4033179965632089,0.33072260345327353,0.5232558139534884,,COUNTER,555593.035261294,0.0,0.0,DIVERGENT,-0.9306642325234185,0.5201160630984237,1295.967040512703,183019.057563734,0.05072124454388445,183019.057563734,0.05072124454388445,0.0,FORTRESS,True,True,0.5072124454388445,,,6984.459312822998,0.001935647978567149,30.0
109,61,52,112,54,Yanez,2026-08-22,8900526,0.005123524,0.005090817576274276,0.006424591578011412,IN BAND,False,False,0.000197329,9002.564347593,3936260.338083267,1.0,1757103.975130169,853760.236503395,-0.0018134332739084883,-17676.87708179117,,0.0,,,,0.057603655133956586,6.438486725739532,0.07816586419913883,4.148130830593736,-2.2121900309466564,-2.290355895145795,0.6676387673279977,2.347959550279752,1,0.11857532733801855,SKIN_IN_GAME,888.2452648149338,886.623658039928,0.0005493247882810692,0.0022870856026704603,-0.553610834521228,5FUfruyV...,3561048.583894064,0.4811831087074825,BUYBACK_GAMING,,False,4742549,0.3059741370097253,59,5DUB7kNL...,0.01998931868467231,0.34294632131175395,0.3360910580033173,0.8280024416297879,,COUNTER,572127.227525743,0.0,0.0,DIVERGENT,-1.0,0.6841405917924942,1295.967040512703,644081.425659809,0.16362775079390193,644081.425659809,0.16362775079390193,0.0,FORTRESS,True,True,1.6362775079390195,0,,7367.7039996019985,0.0018717522132160717,30.0
110,59,70,113,80,OpenRoboto,2026-08-22,8900526,0.017708319,0.01800679205916822,-0.016575582046345166,IN BAND,False,True,1.1102e-05,3332.364208949,1888828.293900891,1.0,188180.719890779,185722.433715761,-0.0002903473733555673,-3351.0925117754086,,0.0,,,,0.008755362310532642,10.977770492191155,-0.20166958156386616,8.943367069265157,-2.2360730044898642,-2.034403422925998,1.391338751376145,2.0431587852365305,1,0.3712750583510976,MINER_BURN_ONLY,2674.991560627008,2674.856426729091,4.57770656900891e-05,0.0017642494130934768,-0.9003717172085347,5CG1eFia...,284790.41465992,0.0,,,False,7151800,0.9061984984435085,0,5HTwtytU...,0.179995422293431,3.8846543076082574,3.1854343150463134,0.1205841510124979,,COUNTER,219295.718237693,2501.379452446,0.0,DIVERGENT,-0.9845327513260541,2.063984918683487,1295.967040512703,395211.449150059,0.20923630296423135,395211.449150059,0.20923630296423135,0.0,FORTRESS,False,True,2.092363029642318,0,,16580.099193298996,0.00877798116792133,30.0
111,62,77,114,112,minotaur,2026-08-22,8900526,0.0022605,0.0022614209447056055,-0.00040724160964445035,IN BAND,False,True,5.7e-08,3406.202662325,1865798.875940548,1.0,1506835.986357348,122278.22779611,-0.0010482548438311206,-5095.27482102206,,0.0,,,,4.3977418506787415e-05,-1.3032235445559424,-0.004954772917340812,-3.7161425416618687,-2.417873770023267,-2.412918997105926,1.4085119430009447,2.412962974524433,1,0.3279862228844267,SKIN_IN_GAME,2361.6059732110007,2361.5609285783617,1.5259021896696368e-05,0.0018256001256340855,-0.1923910083459033,5D7Rf7Hb...,1344834.230166584,1.22653535952136,BUYBACK_GAMING,,False,5633022,0.7999969481490524,0,5E1ohAsz...,0.179995422293431,1.2856951797573026,1.0542759329362583,0.8047734590791863,,COUNTER,948998.679444948,0.0,0.0,DIVERGENT,-0.9822333539423592,1.8222384171468546,1295.967040512703,109192.016768061,0.05852292986992898,109192.016768061,0.05852292986992898,0.0,FORTRESS,True,True,0.5852292986992897,,,11483.187769955994,0.006154568918457155,30.0
112,64,50,115,26,Perturb,2026-08-22,8900526,0.003922272,0.003936277702450752,-0.0035581083219896124,IN BAND,False,False,0.000293973,2095.483290426,839626.162627198,1.0,534252.363121109,56057.634180804,-0.00014188253281285655,875.0076737786876,ACCUMULATING_PRE_EMA,0.0,,,,0.36867917178329906,-1.207160712237114,-0.04329031791754028,-3.8771954909873356,-2.713325096667762,-2.670034778750222,3.1299644019869075,3.038713950533521,1,0.0,,0.0,0.0,6.103608758678547e-05,0.0024957336773180263,-0.36370203868624457,5FsVAEPM...,1607810.330099435,3.7691007810785235,BUYBACK_GAMING,,True,8123781,0.850040438876257,0,5EHfTi6R...,0.179995422293431,0.6367070458289622,0.5221026922377752,0.9500869777520066,,COUNTER,93577.704880545,1668.571827101,0.0,OK,0.0,0.0,1295.967040512703,4618.947628444,0.005501195453451891,716.07193135,0.0008528461394168618,3902.875697094,NEITHER,False,False,0.027241822101703204,,,22406.418753453996,0.026686184579270498,30.0
113,65,67,116,76,Phylax,2026-08-22,8900526,0.002260068,0.0022519410122185946,0.003608881288324184,IN BAND,False,True,3.4577e-05,1071.207368164,1078462.477880944,1.0,473971.229935674,62473.626477903,-0.0004971316610077797,-2643.89343131613,,0.0,,,,0.08482797887746438,0.9954040828741221,0.0439080556746109,-2.2979071111977425,-3.2494031383972537,-3.2933111940718645,2.43680244227293,3.3781391729493286,1,0.0,,0.0,0.0,0.00010681315327687457,0.000993272728661641,-0.5605120161598497,5FFNhWd8...,728372.394159716,0.21054222294028035,BUYBACK_GAMING,,False,7574784,0.5892748138200464,124,5CcWKodC...,,14.420602183790244,14.420602183790244,0.0,,COUNTER,475840.83810665,7026.080961259,0.0,DIVERGENT,1.0,0.0,1295.967040512703,56651.148490303,0.05252954984731231,56651.148490303,0.05252954984731231,0.0,DORMITORY,False,True,0.5252954984731231,,,20855.862348765007,0.019338514576551984,30.0
114,66,54,4,82,Compelle,2026-08-22,8900526,0.003288158,0.0033118471037596464,-0.007152837379707078,IN BAND,False,False,0.000154162,1576.152212361,631982.929638611,1.0,479342.085876466,109416.517372256,0.0004909697292762227,-149.13228004035773,DISTRIBUTING_PRE_EMA,0.0,,0.14931451872939888,0.14931451872939888,0.2570422658564957,-7.800317715441442,-0.08702618811976945,-12.052284518373163,-4.338992991051492,-4.251966802931722,4.1583401651414515,4.5090090687882185,1,0.0,,0.0,0.0,0.0,0.0024939790909578783,-0.24152699141650782,5H6h1PUD...,334558.829998534,0.9400995184321034,BUYBACK_GAMING,,False,8026517,0.0,48,5G9hfkx9...,0.009994659342336155,0.8289563617395087,0.82067122529426,0.031267167185497165,,COUNTER,51466.221683119,7195.897335065,0.0,OK,0.0,0.0,1295.967040512703,744.314271862,0.0011777442664276136,744.314271862,0.0011777442664276136,0.0,NEITHER,False,True,0.011777442664276135,,,25750.630029524993,0.040745768314106305,30.0
115,69,22,117,49,Nepher Robotics,2026-08-22,8900526,0.00910893,0.008458895143121481,0.07684630745270643,IN BAND,False,False,0.002445917,4324.362353696,2156529.09008112,1.0,474738.830811676,123783.859036663,-3.683535129229573e-05,-30753.238013821363,,0.0,,,,1.4864318367090927,38.28920486706796,0.9349634073412615,32.912809307838515,-4.44143215188818,-5.376395559229442,1.2186248783229467,6.862827395938535,1,0.0,,0.0,0.0,1.5259021896696368e-05,0.0020052418367949468,-0.7798597819068818,5FL781vf...,1716023.896074701,0.1322481250164536,,,False,6783158,0.9900051881466109,52,5DACoz1E...,,0.4807140848455303,0.4807140848455303,0.010453227529375858,,COUNTER,718085.305537548,837.682351088,0.0,DIVERGENT,1.0,0.0,1295.967040512703,80451.602286592,0.03730605937876114,80451.602286592,0.03730605937876114,0.0,DORMITORY,False,True,0.3730605937876114,,,13814.871817106,0.006406067917491594,30.0
116,67,42,5,96,Verathos,2026-08-22,8900526,0.008449325,0.008352047065272927,0.011647196665299737,IN BAND,False,False,0.000671332,3480.381755015,736080.501241493,1.0,411912.415319952,82338.877150585,0.0007914143622985852,-3051.195280009706,DISTRIBUTING_PRE_EMA,0.0,,0.09366598660823025,0.09366598660823025,0.5069157983769502,-2.3272162276623445,0.14170755942781346,-7.273974208368784,-4.805050421278627,-4.94675798070644,3.570261670520473,5.453673779083391,1,0.16029902501958365,SKIN_IN_GAME,1247.56676668601,1245.855070645726,0.000579842832074462,0.004728262396768961,-0.4403976179435682,5CGq1JQh...,947829.589062827,0.5717138425424025,BUYBACK_GAMING,,False,7692872,0.4054231491518695,0,5GpKXttD...,0.179995422293431,1.3222781138991486,1.08427410639851,0.7580076604965589,,COUNTER,235903.76656533,7897.141864024,0.0,DIVERGENT,-1.0,0.961332373200516,1295.967040512703,161578.809871855,0.2195124169154486,161578.809871855,0.2195124169154486,0.0,FORTRESS,False,True,2.1951241691544894,0,,25165.816918392,0.03418894655672397,30.0
117,68,63,118,21,AdTAO,2026-08-22,8900526,0.003574793,0.0035153336357325315,0.016914287640603525,IN BAND,False,True,4.8687e-05,7642.360859368,3658072.656761163,1.0,2137847.063056388,571133.308387151,-0.0017317969702688176,-43764.283757206984,,0.0,,,,0.01674213483954499,3.3183920090544543,0.2057904996273429,-1.8289557596094106,-4.941557269036522,-5.147347768663865,0.718411099665477,5.16408990350341,1,0.12168427160182901,SKIN_IN_GAME,888.4647942429874,888.059392549236,0.0001373311970702673,0.002089176890798693,-0.4155810166354547,5HjCYVfr...,1919102.661561842,0.6345821801261488,BUYBACK_GAMING,,False,3156578,0.6275982052925556,113,5FCjRA6V...,,16.78336002688477,16.78336002688477,0.0,,COUNTER,822983.580248285,0.0,0.0,DIVERGENT,-0.9669675870384283,0.685248439804385,1295.967040512703,5839.628796876,0.0015963676353127371,5839.628796876,0.0015963676353127371,0.0,EXPOSED,True,True,0.01596367635312737,,UNDEFENDED_BURNER,7270.9606623690015,0.001987647962358044,30.0
118,70,36,119,40,Ralph,2026-08-22,8900526,0.005565177,0.005577777978032827,-0.0022591394068487737,IN BAND,False,False,0.000985515,2067.278779243,367230.313136504,1.0,371466.850840843,78167.621229144,-1.8552276038102824e-06,1978.0930007171119,ACCUMULATING_PRE_EMA,0.0,,,,1.2528225249564002,-2.2094942746920485,-0.02748619611666008,-7.683411717533964,-5.5014036389585765,-5.473917442841916,7.156271979713016,6.726739967798316,1,0.0,,0.0,0.0,0.0,0.005629379452873672,0.011536461980215885,5HeKCDfd...,733980.412287584,2.2408906720593564,BUYBACK_GAMING,,True,8409860,1.0,6,5E2LP6En...,0.0,0.8995488898693099,0.8995488898693099,0.22069796896220223,,COUNTER,22349.634720453,0.042920633,0.0,OK,0.0,0.0,1295.967040512703,22427.898380107,0.061073112915300855,22427.898380107,0.061073112915300855,0.0,DORMITORY,False,True,0.6107311291530085,,,32621.062145283,0.0888299821075973,30.0
119,71,41,120,50,Synth,2026-08-22,8900526,0.005125155,0.004987479420378804,0.02760424014155418,IN BAND,False,False,0.000680384,11380.599200278,3327804.599578104,1.0,2220537.534256528,1195908.420660441,-0.0056701551055483215,-48472.49365577614,,0.0,,,,0.15711379695687044,-1.592994980845318,0.33585158838890916,-7.7411273354124095,-5.812280766178183,-6.148132354567092,0.7897098286158916,6.305246151523962,1,0.0,,0.0,0.0,0.0018616006713969568,0.0034198519954329117,-0.3327319865578872,5DxyiWpG...,2276038.692948345,1.050014242337471,BUYBACK_GAMING,,False,4763204,0.0,209,5E2LP6En...,0.0,0.3197198304239697,0.3197198304239697,0.2698112343776228,,COUNTER,467621.572125367,0.0,0.0,DIVERGENT,1.0,0.0,1295.967040512703,212500.00519846,0.06385591426413695,212500.00519846,0.06385591426413695,0.0,DORMITORY,True,True,0.6385591426413696,,,7548.346193543,0.0022682660497854866,30.0
120,72,31,121,79,MVTRX,2026-08-22,8900526,0.007309344,0.007037875009700656,0.03857257907041038,IN BAND,False,False,0.001190973,10580.325368531,3514641.873774377,1.0,1447506.871937387,469841.516635752,-0.0051205686723918425,-65695.76916496572,,0.0,,,,0.2958204908621407,7.780351964482094,0.46929971202332627,0.3055630599336947,-7.005489192525073,-7.474788904548399,0.7477290985490332,7.77060939541054,1,0.0,,0.0,0.0,0.001785305561913475,0.003010356602042295,-0.5881495518555023,5Fxp7QBG...,3869320.406778609,0.445941522766963,BUYBACK_GAMING,,False,5173967,0.0,0,5EWwdZB7...,0.179995422293431,0.2784690607035972,0.22834590452659817,1.0,,COUNTER,444229.939659842,37317.847662374,0.0,DIVERGENT,1.0,0.0,1295.967040512703,1355085.827207694,0.3855544535900228,1355085.827207694,0.3855544535900228,0.0,DORMITORY,True,True,3.8555445359002287,0,,8262.256992997,0.002350810492143871,30.0
121,73,66,122,35,OxMarkets,2026-08-22,8900526,0.002376655,0.0023003199603408575,0.03318453127182854,IN BAND,False,True,3.7589e-05,7055.376235635,2836671.235937748,1.0,2968615.348318455,776691.187565643,-0.005304274305624786,-53839.05708001414,,0.0,,,,0.014001222429651086,3.6208647882037552,0.4037451304739139,-4.404981769872817,-7.622101427602659,-8.025846558076573,0.9264379906652223,8.039847780506225,1,0.0,,0.0,0.0,3.0518043793392735e-05,0.0024872026572027583,0.04651396908796534,5EqZVDbW...,11564.972917706,0.0,,,False,3037158,0.3451543497169365,133,5FntQXN2...,,0.32321856361744405,0.32321856361744405,0.06357296546672567,,COUNTER,266886.343998939,0.0,0.0,OK,1.0,0.0,1295.967040512703,91611.117784236,0.032295289148638745,91611.117784236,0.032295289148638745,0.0,DORMITORY,True,True,0.3229528914863905,,,7295.171142782998,0.0025717365658595105,30.0
122,74,16,123,91,cascade,2026-08-22,8900526,0.008466557,0.008158257463946939,0.0377898757688761,IN BAND,False,False,0.002903811,3633.106270641,1051712.970416741,1.0,429112.613491732,147026.10058437,-0.00013977869327964234,-25018.332561355084,,0.0,,,,2.100465755617328,5.209591793035466,0.45977682185465923,-4.916883154919599,-9.666698126100407,-10.126474947955066,2.4987806311437386,12.226940703572394,1,0.0,,0.0,0.0,3.051804379328171e-05,0.0034544655935938324,-0.591986967831926,5HEe7NjS...,312133.882822367,0.01674874060788714,,,False,7633645,0.0,0,5FcCsoB2...,0.0,0.7941199583204553,0.7941199583204553,0.23005905601928855,,COUNTER,399376.775480423,9542.545852108,0.0,DIVERGENT,1.0,0.0,1295.967040512703,68651.281234793,0.06527568183131749,68651.281234793,0.06527568183131749,0.0,DORMITORY,False,True,0.6527568183131788,,,21896.995959237996,0.020820315594816063,30.0
123,75,23,124,102,ConnitoAI,2026-08-22,8900526,0.010632815,0.009951939107850194,0.06841640455905969,IN BAND,False,False,0.002318705,4317.858729274,920790.241403832,1.0,406088.006295914,219393.315396047,-9.995717380745074e-05,-27193.091539575893,,0.0,,,,1.4112450457647472,3.2231976205761086,0.8323995888018928,-10.1728859355755,-12.563683967349716,-13.39608355615161,2.854070212552823,14.807328601916357,1,0.08443356276918573,SKIN_IN_GAME,740.6266732530057,740.4915393550885,4.57770656900891e-05,0.0046892967965114565,-0.5589788032133112,5HBc11rC...,909052.948720639,0.3958175796274234,BUYBACK_GAMING,,False,7840965,0.25,0,5EEinUEy...,0.179995422293431,0.9537912142717795,0.7821131618791662,0.5546976332534754,,COUNTER,125377.014788989,7309.092357836,0.0,DIVERGENT,-0.9123761407728661,0.5713814597184041,1295.967040512703,2002.340459168,0.002174589139992668,2002.340459168,0.002174589139992668,0.0,EXPOSED,False,True,0.02174589139992668,,,22947.571015486,0.024921605359870293,30.0
124,76,55,125,99,Thirty Spokes,2026-08-22,8900526,0.003333703,0.0032568201422691345,0.02360672507917449,IN BAND,False,False,0.000144651,694.529286832,266089.982632324,1.0,208335.656673948,28012.00437803,,-3712.0358457273105,,,,,,0.5473388022756669,1.3161446160016275,0.28721515512995627,-14.235975666965043,-15.264905127836714,-15.552120282966671,9.876358267989742,16.099459085242337,1,0.0,,0.0,0.0,3.0518043793392735e-05,0.0026101294004430148,-0.21704800924287052,5DebFXsw...,1013639.554019613,1.1399588022571163,BUYBACK_GAMING,,True,8572056,1.0,1,5E2LP6En...,0.0,0.9664270941080101,0.9664270941080101,0.0021668141727958007,,COUNTER,71412.968505913,0.012273672,0.0,OK,0.0,0.0,1295.967040512703,0.0,0.0,0.0,0.0,0.0,NEITHER,False,,,,,38306.52120773001,0.14396077908975977,30.0
125,77,20,126,93,Bitcast,2026-08-22,8900526,0.015552907,0.014420867897570133,0.0785000674349573,IN BAND,False,False,0.002561821,20966.125623386,3538927.736256239,1.0,1348051.875432576,931308.362301445,-0.0033716791650470626,-178491.68387922714,,0.0,,,,0.3211115734463827,19.724026150471623,0.9550841537919804,-0.2984936662396045,-19.067435662919248,-20.022519816711227,0.7425978137604213,20.34363139015761,1,0.0,,0.0,0.0,3.0518043793392735e-05,0.005924428862615219,-0.6190790015901709,5EbY1Seb...,2334325.696494503,0.1302021393271667,,,False,5370681,0.9823905513252865,158,5HVydkt4...,0.179995422293431,1.2105062806698847,0.9926206914918583,0.0,,COUNTER,1085835.159306595,0.0,0.0,DIVERGENT,1.0,0.0,1295.967040512703,427930.957620956,0.12092107822287879,427930.957620956,0.12092107822287879,0.0,DORMITORY,True,True,1.2092107822287879,0,,8405.649170865003,0.002375196612451084,30.0
126,78,49,12,78,Vocence,2026-08-22,8900526,0.00520085,0.004158084513619542,0.2507802530143256,PREMIUM,False,False,0.000358919,1616.879436995,854657.176171824,1.0,310887.596458025,127755.210113635,0.0001379181554245564,-221794.89184420917,DISTRIBUTING_PRE_EMA,0.0,,0.026518387460618246,0.026518387460618246,0.5833701081343623,136.91261874416165,3.051159745007628,3.778576524800769,-130.08288247435326,-133.13404221936088,3.074917140193363,133.71741232749525,1,0.01917669952700785,SKIN_IN_GAME,147.6008236619964,147.6008236619964,0.0,0.0018918456219338357,-0.6362429945232345,5FnQCJW2...,1063908.832050144,0.4213063259549484,BUYBACK_GAMING,,False,7966145,1.0,210,5EtUYRu7...,0.09999237048905166,0.8773906556864004,0.7896582841793739,0.01187206250381493,,COUNTER,67226.187965887,8107.779671713,0.0,DIVERGENT,0.5644522023400323,0.11389242090879365,1295.967040512703,525.331216911,0.0006146689357527668,525.331216911,0.0006146689357527668,0.0,NEITHER,False,True,0.0061466893575276675,,,24757.92467333701,0.02896825225786154,30.0
127,127,127,127,36,SN36,2026-08-22,8900526,0.005260333,0.0,,N/A,False,True,0.0,502.143770759,0.0,0.0,95458.544371282,0.994240422,,,,,,,,,250.82031906963616,,250.82031906963616,,,,,,,,,,0.0,,,5DCjvVt6...,694829.541179905,,,,True,8884359,1.0,0,5EFY7fKV...,,0.0,0.0,0.0,,,0.0,0.0,,NO_ESTIMATE,,,,0.0,,0.0,,0.0,,False,,,,,0.0,,30.0
128,128,128,128,86,SN86,2026-08-22,8900526,0.00598997,0.0,,N/A,False,True,0.0,709.206153468,0.0,0.0,118398.940430478,2.080493178,,,,,,,,,0.0,,0,,,,,,,,,,0.0,,,5F4XAWGz...,330810.374019578,,,,True,8693284,1.0,0,5F1N5GEH...,,0.0,0.0,0.0,,,0.0,0.0,,NO_ESTIMATE,,,,0.0,,0.0,,0.0,,False,,,,,0.0,,30.0
