combined_apy_rank,real_apy_rank,emission_rank,epr_rank,netuid,name,date,block,spot_price,moving_price,momentum_30d,ema_band,ema_lag_flag,low_emission,tao_emission,tao_reserves,alpha_outstanding,alpha_out_emission,alpha_in_pool,volume,ema_tao_inflow,pool_growth_real,pool_ema_divergence,flow_momentum,flow_price_divergence,emission_price_ratio,emission_price_ratio_raw,emission_apy,price_apy_7d,price_apy_30d,combined_apy_7d,combined_apy_30d,real_apy,gross_emission_rate,net_supply_delta,supply_days_gap,supply_defence,supply_defence_quality,burned_tokens,manual_burn,miner_burn_rate,liquidation_price,liquidation_haircut,owner_coldkey,owner_stake,owner_inflow_pct,owner_inflow_flag,large_entry_anomaly,immune,registered_at,vali_miner_share,best_validator_uid,best_validator_hotkey,best_validator_take,best_validator_raw_apy,best_validator_apy,best_validator_div_pct,best_validator_trust,burned_source,alpha_burned_cum,alpha_recycled_cum,recycled_tokens,recon_flag,recon_gap_relative,burn_coverage,owner_cut_emission,total_locked_alpha,locked_float_ratio,owner_locked_alpha,owner_lock_ratio,community_locked_alpha,commitment_class,gate_eligible,leader_is_owner,leader_pct_of_threshold,leader_blocks_to_threshold,governance_flag,basket_alpha,basket_share,ema_halving_days
1,1,23,7,110,Green Compute,2026-08-24,8914979,0.010610959,0.011035967851057649,-0.03851124403347348,IN BAND,False,False,0.002379349,6474.603810681,2733209.357106183,1.0,610180.868251877,364831.548701774,0.0008840356011466324,29669.35741962795,,0.0,,0.0833134499102892,0.0833134499102892,0.9657624396545609,-4.030145787220166,-0.4685534690739273,-0.30821243753203076,3.2533798806142076,3.721933349688135,0.9615070258585772,-2.756170910033574,1,0.0,,0.0,0.0,0.0,0.0023688649366896877,-0.7767529837133771,5D53sX6A...,1538039.649813433,,,,False,5606062,1.0,155,5FmpATto...,0.179995422293431,17.636551260695178,14.462052768726606,0.0,,COUNTER,653602.202903777,0.0,0.0,OK,0.0,0.0,1295.967040512703,9205.92186508,0.0033681729652890093,9205.92186508,0.0033681729652890093,0.0,NEITHER,True,True,0.0336817296528901,,,12751.590769944998,0.004665427745881088,30.0
2,2,43,5,96,Verathos,2026-08-24,8914979,0.007915735,0.008182186633348465,-0.03256484425110487,IN BAND,False,False,0.000681231,3377.927667239,736722.050996333,1.0,426735.855771722,82813.786379891,0.0007914143622985852,12898.376201228704,,0.0,,0.09997989602969089,0.09997989602969089,0.529992126641157,-5.295232810185022,-0.3962056050551092,-2.2116666595472085,2.687360545582704,3.083566150637813,3.5671526275695538,-2.553574023996656,1,0.151996090378835,MINER_BURN_ONLY,1190.6260202600097,1188.5539671586134,0.0007019150072480329,0.004585077455833901,-0.42076415445515786,5CGq1JQh...,945348.566186503,,,,False,7692872,0.4033501809464185,0,5GpKXttD...,0.179995422293431,1.316263668540872,1.079342233672357,0.7518006470121468,,COUNTER,238283.916474381,7897.141864024,0.0,DIVERGENT,-0.9061348915685713,0.9171174343202467,1295.967040512703,163870.55019241,0.22243198770933173,163870.55019241,0.22243198770933173,0.0,FORTRESS,False,True,2.2243198770933184,0,,27738.984121368998,0.037651898818360556,30.0
3,3,62,14,117,glyph,2026-08-24,8914979,0.002504752,0.002512601902708411,-0.0031242126737027927,IN BAND,False,True,5.8161e-05,2845.498968125,1636245.382787907,1.0,1136039.901689017,222069.913428872,-0.0007537834211656891,19200.03085540654,ACCUMULATING_PRE_EMA,0.0,,,,0.05371539744423677,-1.0687818806885152,-0.03801125419671731,1.5989002809358916,2.6296709074276894,2.667682161624407,1.6061160677026924,-2.6139667641801703,1,0.0,,0.0,0.0,0.0,0.0017390417097933766,-0.30570303575229135,5HdThE9W...,1730184.544229923,,,,False,5710859,1.0,125,5EsLkLnu...,,13.082002029803702,13.082002029803702,0.0,,COUNTER,289424.602021989,151819.376318443,0.0,OK,0.0,0.0,1295.967040512703,184995.455974437,0.11306094912196701,154144.143623114,0.09420600677905439,30851.312351322995,DORMITORY,True,True,0.9420600677905439,,,14740.343263502999,0.009008638568860467,30.0
4,4,28,15,62,Ridges,2026-08-24,8914979,0.011439257,0.011469922726973891,-0.0026735774689898234,IN BAND,False,False,0.001759918,30641.184773743,2636534.049835162,1.0,2678599.076876414,4364539.332423568,-0.02595581615076601,26058.493398854043,ACCUMULATING_PRE_EMA,0.0,,,,0.15094274383160614,-2.0505824102352532,-0.03252852587270952,0.5338876260144558,2.5519415103769996,2.584470036249709,0.9967631558425368,-2.433527292418103,1,0.009507874283600932,MINER_BURN_ONLY,79.12382449599681,78.98869059807967,4.57770656900891e-05,0.011621767136160715,0.015954719450810045,5DhsVYew...,2710.433083415,,,,False,4474225,0.15232252945126046,148,5E2LP6En...,0.0,0.33083384513590297,0.33083384513590297,0.5802075385319702,,COUNTER,185093.393581736,170778.551517578,0.0,DIVERGENT,-1.0,0.06094961378557175,1295.967040512703,148765.597943754,0.05642468298600389,148765.597943754,0.05642468298600389,0.0,DORMITORY,True,True,0.5642468298600397,,,8716.366353592995,0.003305994229104665,30.0
5,6,52,16,54,Yanez,2026-08-24,8914979,0.005004126,0.004965693457052112,0.007739612459022817,IN BAND,False,False,0.000200991,8899.811382053,3929869.411727084,1.0,1778494.673083867,857330.95137278,-0.0018134332739084883,32575.216841470217,ACCUMULATING_PRE_EMA,0.0,,,,0.059350060953556334,2.774643822614811,0.09416528491811094,5.146197520815225,2.465718983118524,2.371553698200413,0.6687245108343325,-2.312203637246857,1,0.11872048335619761,MINER_BURN_ONLY,890.8317666329676,889.1200705926838,0.000579842832074462,0.002264658300221163,-0.5474417909898426,5FUfruyV...,3553122.0817656,,,,False,4742549,0.3007007954562805,59,5DUB7kNL...,0.01998931868467231,0.3419160900355872,0.33508142034844873,0.8270131693397018,,COUNTER,573914.586281772,0.0,0.0,DIVERGENT,-1.0,0.6860668850350817,1295.967040512703,644081.425659809,0.16389384943372726,644081.425659809,0.16389384943372726,0.0,FORTRESS,True,True,1.6389384943372727,0,,8135.259327582,0.0020701093281383994,30.0
6,5,17,17,91,cascade,2026-08-24,8914979,0.007972095,0.008048750227317214,-0.009523867079021569,IN BAND,False,False,0.002915732,3566.15537583,1052700.73005945,1.0,447329.78277239,147774.435515619,-0.00013977869327964234,10411.867958312272,ACCUMULATING_PRE_EMA,0.0,,,,2.1486847566804603,-0.282546716034303,-0.11587371612809574,2.137100303434394,2.303773303340601,2.4196470194686968,2.496436000240626,-0.27096226278823626,1,0.0,,0.0,0.0,1.5259021896585345e-05,0.0033876250619001716,-0.575064639608513,5HEe7NjS...,318005.522055021,,,,False,7633645,0.0,1,5E2LP6En...,0.0,0.7897433862569184,0.7897433862569184,0.5735823719709454,,COUNTER,399376.775480423,9542.545852108,0.0,DIVERGENT,1.0,0.0,1295.967040512703,67701.590134399,0.06431228572490458,67701.590134399,0.06431228572490458,0.0,DORMITORY,False,True,0.6431228572490508,,,24105.218246306005,0.02289845305317181,30.0
7,7,1,13,107,Minos,2026-08-24,8914979,0.069325441,0.07000042893923819,-0.00964262575910917,IN BAND,False,False,0.023788831,22715.190395478,1522236.368991964,1.0,327660.450059039,437651.680800999,0.001226016808458981,6751.760114239471,,0.0,,0.01768494784561098,0.01768494784561098,2.7522132449501946,3.7066128238172635,-0.11731861340249489,5.775698693975118,1.9517672567553592,2.069085870157854,1.7264073133006805,0.6831273747923406,1,0.0,,0.0,0.0,0.00016784924086366004,0.014922249171145584,-0.7847507501445886,5DA2vLrS...,1347302.788021431,,,,False,7457580,0.0,31,5DZStHLC...,,0.5604533895298471,0.5604533895298471,0.011368491729231519,,COUNTER,389715.783508211,11728.725039684,0.0,DIVERGENT,1.0,0.0,1295.967040512703,41164.694002343,0.027042248392477024,41164.694002343,0.027042248392477024,0.0,DORMITORY,False,True,0.27042248392477025,,,20567.265056456996,0.013511216441423475,30.0
8,9,4,8,64,Chutes,2026-08-24,8914979,0.076825328,0.07731316098943353,-0.00630983112306327,IN BAND,False,False,0.010627604,209222.904427622,3296253.829770175,1.0,2723358.438869841,4952284.558349682,0.006078987608972017,21676.44822219247,,0.0,,0.07912738893834619,0.07912738893834619,0.13349084981114867,-1.8334028213936708,-0.07676961199726978,-0.21920433001058592,1.537428879385815,1.614198491383085,0.7972686982613935,-1.4807076415719362,1,0.013094964953410903,MINER_BURN_ONLY,107.68681810802082,107.32646104690843,0.00012207217517357094,0.06347293480193232,-0.1738019679924787,5FRYKhbm...,651426.039391018,,,,False,4531295,0.24504402765272337,194,5FEm1mew...,,17.30185126476234,17.30185126476234,0.0,,COUNTER,273670.578287116,0.0,0.0,DIVERGENT,-1.0,0.08281573349616095,1295.967040512703,740266.798287704,0.22457821409321432,740266.284899143,0.2245780583441163,0.5133885609684512,DORMITORY,True,True,2.2457805834411624,0,,7786.987292727999,0.0023623748943117444,30.0
9,8,10,18,53,engy,2026-08-24,8914979,0.028942348,0.029573102947324514,-0.02132866978646146,IN BAND,False,False,0.004129379,33819.656943107,4638517.053353967,1.0,1168518.080628943,1376004.873043097,-0.0011223092088040443,26830.679437031737,ACCUMULATING_PRE_EMA,0.0,,,,0.32087871353206665,-7.780042662974254,-0.2594988157352811,-6.005357175592875,1.515186671646098,1.774685487381379,0.5665603833664414,-1.4538067738493126,1,0.01767830720642141,MINER_BURN_ONLY,148.37208080897108,145.44417968743298,0.0009918364232852639,0.007291049392316681,-0.748083694097083,5H8SFVCx...,2697459.83806057,,,,False,4203869,0.6257064304261494,45,5E2LP6En...,0.0,0.2220384585628567,0.2220384585628567,0.22478597262280822,,COUNTER,521998.109514165,0.0,0.0,DIVERGENT,-1.0,0.11222830144653462,1295.967040512703,102887.475814686,0.022181114056763308,88754.496513063,0.019134239562380695,14132.979301622996,DORMITORY,True,True,0.19134239562380695,,,8030.280825469001,0.001731217269032687,30.0
10,10,32,19,79,MVTRX,2026-08-24,8914979,0.0069465,0.006985818967223167,-0.005628397673579583,IN BAND,False,False,0.001129401,10330.904078231,3490377.233975367,1.0,1487209.831181356,470608.909727541,-0.0051205686723918425,17515.93099537096,ACCUMULATING_PRE_EMA,0.0,,,,0.2872997179650741,1.9095831236724694,-0.06847883836188493,3.2260702089659086,1.2480082469315543,1.3164870852934392,0.7529272121130695,-1.0291873673283651,1,0.0,,0.0,0.0,0.0019684138246738314,0.002959824507697872,-0.5739113931191432,5Fxp7QBG...,3844522.441363506,,,,False,5173967,0.0,0,5EWwdZB7...,0.179995422293431,0.28026524375093953,0.2298187828478178,1.0,,COUNTER,444229.939659842,37317.847662374,0.0,DIVERGENT,1.0,0.0,1295.967040512703,1355085.827207694,0.38823477703707066,1355085.827207694,0.38823477703707066,0.0,DORMITORY,True,True,3.8823477703707066,0,,9126.351992933998,0.002614717946271823,30.0
11,11,40,20,85,Vidaio,2026-08-24,8914979,0.005213733,0.005220715655013919,-0.0013374900062241278,IN BAND,False,False,0.000839353,12730.395303649,2594839.996807496,1.0,2441704.395946518,1398465.2970361,-0.006693889346863315,14337.257809519768,ACCUMULATING_PRE_EMA,0.0,,,,0.17327189230076231,-3.900277818315761,-0.016272795075726886,-2.882162926764263,1.0018420964757715,1.0181148915514984,1.0127792092126302,-0.844842999250736,1,0.0,,0.0,0.0,0.0001373311970702673,0.004906042499464923,-0.05901539272054728,5GTPBjA4...,2921540.861992656,,,,False,5258781,0.6506577541739157,184,5EM4mjLn...,,17.62760248822096,17.62760248822096,0.0,,COUNTER,496360.999970373,0.0,0.0,DIVERGENT,1.0,0.0,1295.967040512703,143874.406841709,0.05544635007118808,143874.406841709,0.05544635007118808,0.0,DORMITORY,True,True,0.5544635007118809,,,9094.372365995006,0.003504791192206096,30.0
12,13,61,21,21,AdTAO,2026-08-24,8914979,0.003860272,0.003840118180960417,0.005248228853868975,IN BAND,False,True,7.5214e-05,7942.518165127,3753094.92370668,1.0,2057502.219851786,574415.704316244,-0.0017317969702688176,16537.129578982247,ACCUMULATING_PRE_EMA,0.0,,,,0.02488661503701319,7.247012532394957,0.06385345105540587,8.161186554986777,0.978027473647225,0.9141740225918191,0.7002220976080458,-0.889287407554806,1,0.1209959151994534,MINER_BURN_ONLY,888.5499947600765,888.1445930663251,0.0001373311970702673,0.0021162582685978824,-0.4517851932200937,5HjCYVfr...,1939935.666306801,,,,False,3156578,0.9954979702713427,113,5FCjRA6V...,,15.371327589206324,15.371327589206324,0.0,,COUNTER,824760.747521889,0.0,0.0,DIVERGENT,-1.0,0.6853141826160659,1295.967040512703,5839.628796876,0.0015559501999242243,5839.628796876,0.0015559501999242243,0.0,EXPOSED,True,True,0.015559501999242243,,UNDEFENDED_BURNER,8040.078465316999,0.002142252894945794,30.0
13,12,69,22,123,MANTIS,2026-08-24,8914979,0.002509454,0.002522345632314682,-0.005110969785235895,IN BAND,False,True,1.0786e-05,5882.319077122,1857488.621736015,1.0,2344062.573281625,544376.639318913,-0.0026115959502149458,12377.126939465757,ACCUMULATING_PRE_EMA,0.0,,,,0.004818781101189168,-2.037269980118671,-0.062183465720370056,-1.032690418614589,0.9423960957837118,1.0045795615040818,1.4148135117747653,-0.9997607804028925,1,0.14226712035296757,MINER_BURN_ONLY,1033.9962051190087,1028.72598310024,0.001785305561913475,0.003166812979787927,0.26195299048634774,5HVuEdEG...,1748717.251123248,,,,False,5794330,0.36962303953040454,218,5FGxe3AF...,,3.1239423563485085,3.1239423563485085,0.0,,COUNTER,280174.56871315,8560.983387542,0.0,DIVERGENT,-1.0,0.7937902361261142,1295.967040512703,350656.879907587,0.188780095772464,350656.879907587,0.188780095772464,0.0,FORTRESS,True,True,1.8878009577246397,0,,10487.727489130006,0.005646186666450824,30.0
14,78,78,23,59,Babelbit,2026-08-24,8914979,0.002419252,0.002246621996164322,0.07683980844592952,IN BAND,False,True,0.0,5599.890272605,3471578.681278116,1.0,2314719.504193716,733618.738159888,-0.0017216286651020377,-259390.24961550534,,0.0,,,,,13.392033886081084,0.9348843360921425,13.392033886081084,0.9348843360921425,,0.7570043030199911,30.366451830405694,1,0.4100022879395854,SKIN_IN_GAME,2952.0164731650148,2952.0164731650148,0.0,0.0016130673640798235,-0.33323714764736234,5DkPyHKT...,2857873.936595608,0.7160477603862733,BUYBACK_GAMING,,False,4401833,1.0,248,5EF9dnwE...,0.179995422293431,0.6600725062217564,0.541262476720088,0.750778245742538,,COUNTER,475920.564187805,0.0,0.0,DIVERGENT,-1.0,2.277848418118068,1295.967040512703,386023.905651468,0.11119549377729998,386023.905651468,0.11119549377729998,0.0,FORTRESS,True,True,1.1119549377730022,0,,8053.320988058998,0.0023197863932883822,30.0
15,14,20,24,93,Bitcast,2026-08-24,8914979,0.016322744,0.016338150016963482,-0.0009429474541172709,IN BAND,False,False,0.002687195,21517.769814424,3585545.728130596,1.0,1318269.152085377,943846.319543812,-0.0033716791650470626,14114.359872077592,ACCUMULATING_PRE_EMA,0.0,,,,0.3281914678381849,16.81134190341196,-0.011472527358426795,17.71618217218065,0.8933677414102602,0.904840268768687,0.7329428207767318,-0.576648800930502,1,0.0,,0.0,0.0,3.0518043793392735e-05,0.006001253768876841,-0.6323379347935101,5EbY1Seb...,2384677.767570158,,,,False,5370681,0.9842216898356553,158,5HVydkt4...,0.179995422293431,1.2559645499051717,1.0298966803594114,0.0,,COUNTER,1085835.159306595,0.0,0.0,OK,0.0,0.0,1295.967040512703,427930.957620956,0.11934890531826163,427930.957620956,0.11934890531826163,0.0,DORMITORY,True,True,1.1934890531826163,0,,9282.756938109007,0.0025889383770176535,30.0
16,17,63,25,60,Bitsec.ai,2026-08-24,8914979,0.004933642,0.004932714393362403,0.00018805196563691844,IN BAND,False,True,5.4097e-05,7732.566976515,3940050.757006627,1.0,1567314.164381219,902796.797482917,0.00042835187573598795,15421.468663817737,,0.0,,,0.08682265063739686,0.018385474892333026,9.53769168196183,0.002287965581915841,10.30580118867755,0.7703974722976368,0.768109506715721,0.6669964835672749,-0.749724031823388,1,0.20501260857737721,MINER_BURN_ONLY,1492.3212798989844,1492.2762352663453,1.5259021896696368e-05,0.001962555168296781,-0.6022096519575638,5CXLwkK1...,105815.649644916,,,,False,4796992,0.5,113,5CXLwkK1...,0.179995422293431,5.091335810392432,4.174918671163178,0.0,,COUNTER,646473.274910481,0.0,0.0,DIVERGENT,-1.0,1.1514769964180414,1295.967040512703,1067630.172612712,0.2709686342781589,1067630.172612712,0.2709686342781589,0.0,FORTRESS,True,True,2.7096863427815894,0,,8367.808573658996,0.0021237819230573232,30.0
17,15,42,26,50,Synth,2026-08-24,8914979,0.0049,0.004946079337969422,-0.009316336196972539,IN BAND,False,False,0.000710707,11137.240755737,3290825.45388972,1.0,2272906.033041293,1197181.617645174,-0.0056701551055483215,14165.108239383902,ACCUMULATING_PRE_EMA,0.0,,,,0.16770204011598594,-3.6878324208265685,-0.11334875706316588,-2.8063094473737866,0.7681742163896159,0.8815229734527819,0.798583831571417,-0.713820933336796,1,0.0,,0.0,0.0,0.0018158236057068677,0.00338433043982108,-0.30932031840386126,5DxyiWpG...,2269718.2901821313,,,,False,4763204,0.0,209,5E2LP6En...,0.0,0.31961236825789485,0.31961236825789485,0.2627153560910104,,COUNTER,467621.572125367,0.0,0.0,DIVERGENT,1.0,0.0,1295.967040512703,212500.00519846,0.06457346589053738,212500.00519846,0.06457346589053738,0.0,DORMITORY,True,True,0.6457346589053737,,,8335.888975604003,0.0025330693141901745,30.0
18,16,37,2,61,RedTeam,2026-08-24,8914979,0.00709549,0.00716115883551538,-0.009170140898104168,IN BAND,False,False,0.000998368,10764.788332536,4384813.653161155,1.0,1517130.943749997,563454.623258735,0.001606769924520486,15798.85510660871,,0.0,,0.22644946642451558,0.22644946642451558,0.24373085869881647,-5.485159569241243,-0.1115700475936007,-4.608810670954471,0.7647788506931713,0.876348898286772,0.5993413193523947,-0.6326180395879555,1,0.0,,0.0,0.0,0.0005645838101777656,0.0024550161498369067,-0.6540032964831313,5ECEsYL8...,,,,,False,4457976,0.0,67,5E2LP6En...,0.0,0.30061836930413605,0.30061836930413605,0.5186937280634825,,COUNTER,808370.14496251,0.0,0.0,OK,1.0,0.0,1295.967040512703,1021287.884224886,0.23291477472220656,1021287.884224886,0.23291477472220656,0.0,DORMITORY,True,True,2.3291477472220654,0,,7931.130620842003,0.0018087725609785474,30.0
19,19,75,27,2,DSperse,2026-08-24,8914979,0.003097119,0.0031038569286465645,-0.002170824493995727,IN BAND,False,True,1.37e-07,7778.216220206,3084638.366385991,1.0,2511435.844715569,700922.152640161,-0.002026472196230547,12179.289086493198,ACCUMULATING_PRE_EMA,0.0,,,,4.628773356347565e-05,-2.235323185488546,-0.026411698010281346,-1.652564696527373,0.5563467909508916,0.5827584889611729,0.8519637273003916,-0.5827122012276094,1,0.35926762635837967,MINER_BURN_ONLY,2587.0218975980533,2586.8417190674973,6.103608758678547e-05,0.002521597443955505,-0.1858248120412858,5EcYQ3W7...,2778195340812081.0,,,,False,2734060,0.8231066212937388,14,5CFxLBvp...,0.179995422293431,0.6746774791001584,0.5532386213376579,0.9165751083440151,,COUNTER,665935.925516063,0.0,0.0,DIVERGENT,-1.0,1.996070608434691,1295.967040512703,1144508.261830867,0.3710348267410647,1144508.261830867,0.3710348267410647,0.0,FORTRESS,True,True,3.7103482674106467,0,,8295.339819747,0.0026892422496404157,30.0
20,18,59,28,6,Numinous,2026-08-24,8914979,0.002837498,0.002858811756595969,-0.007455459964019417,IN BAND,False,True,9.5907e-05,8260.601436255,2708475.345295093,1.0,2911227.105083608,689417.139259568,-0.004023880888700968,11387.438679329585,ACCUMULATING_PRE_EMA,0.0,,,,0.03051153090304109,-2.061720004984613,-0.0907080962289029,-1.4483320017513654,0.5226799070043445,0.6133880032332474,0.9702875843286197,-0.5828764723302063,1,0.0,,0.0,0.0,0.0019684138246738314,0.003049908300108596,0.074858308308445,5CfSg4e2...,53488.949788659,,,,False,3219949,0.461089196709782,151,5FWn49Jw...,0.179995422293431,8.686462555304361,7.122939059426277,0.0,,COUNTER,185360.665463109,0.0,0.0,DIVERGENT,1.0,0.0,1295.967040512703,662466.459537209,0.24459017531320085,662466.459537209,0.24459017531320085,0.0,DORMITORY,True,True,2.4459017531320084,0,,8259.431877321995,0.0030494764856063756,30.0
21,79,79,29,92,MicroTensor,2026-08-24,8914979,0.003954473,0.0037952298298478127,0.04195876858360722,IN BAND,False,True,0.0,988.0051505,489321.266339211,1.0,249844.919716972,63976.918183035,-2.6195570558567144e-05,-15899.44798061435,,0.0,,,,,-0.21599815449618445,0.5104983511005544,-0.21599815449618445,0.5104983511005544,,5.370704649035625,18.081020010291468,1,0.4100022879341648,SKIN_IN_GAME,2952.0164731259865,2952.0164731259865,0.0,0.0020191338870097003,-0.4894050643386109,5E9LPDS2...,734952.934935431,0.32474408843612174,BUYBACK_GAMING,,True,8352006,1.0,0,5FeHbWK1...,0.179995422293431,2.330872137634503,1.9113258229089884,0.589901271115316,,COUNTER,191835.533656538,0.041020142,0.0,DIVERGENT,-0.9986347843280752,2.277848418087953,1295.967040512703,0.0,0.0,0.0,0.0,0.0,EXPOSED,False,,,,,35534.795820833,0.07262058337803634,30.0
22,21,71,30,22,Desearch,2026-08-24,8914979,0.003244701,0.003250641282647848,-0.0018274186941382204,IN BAND,False,True,9.076e-06,7816.13933233,3488209.017068117,1.0,2408892.900275079,264477.553225875,-0.0015173520545156394,11847.836836227681,ACCUMULATING_PRE_EMA,0.0,,,,0.0030515996434891815,-1.4276259774874296,-0.022233594112015014,-0.9456528875998622,0.4597394957755524,0.48197308988756743,0.7533952200515973,-0.47892149024407826,1,0.21099896625066572,MINER_BURN_ONLY,1525.7394630131312,1523.4421867485398,0.0007782101167315147,0.002240731359297833,-0.3094182301241831,5DFuaMas...,1765212.280344063,,,,False,2009702,0.5177753344328386,131,5E2LP6En...,0.0,0.39677324480363946,0.39677324480363946,0.14361361208606743,,COUNTER,1199453.491307523,0.0,0.0,DIVERGENT,-1.0,1.1755254100797534,1295.967040512703,763677.586285475,0.21893114275799777,763677.586285475,0.21893114275799777,0.0,FORTRESS,True,True,2.1893114275799777,0,,7955.917329131001,0.0022808029249973237,30.0
23,22,15,31,38,ChronoLLM,2026-08-24,8914979,0.009903404,0.009960354771465063,-0.005717745278332782,IN BAND,False,False,0.003185214,5085.824623831,1524786.742696382,1.0,513543.192861997,181330.604865409,-0.0014355570088288021,4594.002067297173,ACCUMULATING_PRE_EMA,0.0,,,,1.6458967839308956,-2.435853350394697,-0.06956590088638218,-1.9697663871745084,0.3965210623338066,0.4660869632201887,1.723519706993735,1.1798098207107068,1,0.0,,0.0,0.0,6.103608758678547e-05,0.00333543339630393,-0.6632033393463571,5GeWgtBA...,1471872.96916862,,,,False,7284230,0.5203186278249988,9,5DkrZxTv...,0.179995422293431,0.7908647615908763,0.6485127248513328,0.01304726007538417,,COUNTER,485297.062238848,10641.406258159,0.0,OK,1.0,0.0,1295.967040512703,35120.661512678,0.023033162952723337,35120.661512678,0.023033162952723337,0.0,DORMITORY,False,True,0.23033162952723774,,,19028.567097746,0.012479494059671921,30.0
24,20,38,11,67,Harnyx,2026-08-24,8914979,0.005633757,0.005694984924048185,-0.010751200374497715,IN BAND,False,False,0.00098304,3237.715416986,866674.057873156,1.0,574699.187028555,65572.762997274,0.00015566218436049352,7237.6715215492295,,0.0,,0.02763026242709679,0.02763026242709679,0.7979172926831607,-4.074952029272593,-0.13080627122305552,-3.5748808540949515,0.3692649039545859,0.5000711751776414,3.032281832052514,0.2978461175055193,1,0.013768848646632394,MINER_BURN_ONLY,122.06458886398468,116.43400978410372,0.001907377737087046,0.003735793621112244,-0.3368912395205821,5HEAv3TU...,1000130.016783656,,,,False,7236936,0.04291392753401613,25,5G4dUAuB...,,1.536158015333947,1.536158015333947,0.0,,COUNTER,276775.179354181,6279.314248273,0.0,DIVERGENT,0.7615749935587237,0.0898433418013785,1295.967040512703,522.283347221,0.0006026294919946017,522.283347221,0.0006026294919946017,0.0,NEITHER,False,True,0.006026294919946017,,,24498.644349899998,0.028267425484063063,30.0
25,23,35,32,81,Reliquary,2026-08-24,8914979,0.006620168,0.006649608490988612,-0.004427402158865315,IN BAND,False,False,0.00102825,18504.79090522,2460389.591017308,1.0,2795214.552089658,895606.227105801,-0.010295262693937652,10226.79102860624,ACCUMULATING_PRE_EMA,0.0,,,,0.1460292641965345,-6.375523328684827,-0.05386672626619467,-5.954698020447133,0.3669585819714989,0.42082530823769354,1.0681235238494848,-0.27479604404115904,1,0.008787655506668206,MINER_BURN_ONLY,73.90925490204245,73.09845151453959,0.0002746623941405346,0.007521081609505893,0.13608621556218703,5GnpQR4N...,25030.97567293,,,,False,5203057,0.04368331883328003,237,5H47sFL6...,0.179995422293431,2.318404950956795,1.9011026727621456,0.010163128900825564,,COUNTER,851762.235748303,0.0,0.0,DIVERGENT,-1.0,0.05640456063266917,1295.967040512703,543733.246733863,0.22099477607895554,538528.112654315,0.21887920296055527,5205.134079548065,DORMITORY,True,True,2.188792029605553,0,,8887.649815802997,0.003612293698628509,30.0
26,80,80,33,46,Instant,2026-08-24,8914979,0.003994295,0.003884672885760665,0.02821913645320226,IN BAND,False,True,0.0,8995.416018365,3358782.433591039,1.0,2252065.605661844,1425293.351478394,-0.006844200137852545,-35980.126325801946,,0.0,,,,,-11.719478327506716,0.34333282684729416,-11.719478327506716,0.34333282684729416,,0.7824263857395123,4.7587531643445695,1,0.41000228804804567,MINER_BURN_ONLY,2952.0164739459287,2952.0164739459287,0.0,0.002678177642112877,-0.32949928783104976,5Ft9E2ov...,502238.831595332,0.03542778831181663,,,False,3919107,1.0,238,5CDnZ6oe...,0.179995422293431,2.493947471334954,2.0450483430543844,0.1624904623836411,,COUNTER,955436.129755548,28041.129768459,0.0,DIVERGENT,-1.0,2.2778484187206405,1295.967040512703,171626.679904497,0.05109788540873203,171626.679904497,0.05109788540873203,0.0,FORTRESS,True,True,0.5109788540873221,,,8272.093555663996,0.002462825062122257,30.0
27,81,81,34,71,Leadpoet,2026-08-24,8914979,0.006469567,0.0063303932547569275,0.021985007825302365,IN BAND,False,True,0.0,6403.817563933,4570380.925407364,1.0,989837.007303175,1365980.777434714,-0.0022417272015353455,-22838.043454648345,,0.0,,,,,3.958238844158754,0.2674842618745121,3.958238844158754,0.2674842618745121,,0.5750067757789277,2.4185816827814097,1,0.4100022879818021,SKIN_IN_GAME,2952.016473468975,2952.016473468975,0.0,0.0014011561986733566,-0.7834234967079934,5DwHzMhB...,2394469.579512895,0.2230519036511633,BUYBACK_GAMING,,False,5048438,1.0,0,5FNVgRnr...,0.0,0.6995137902536379,0.6995137902536379,0.5545399053868457,,COUNTER,911419.742975315,0.0,0.0,DIVERGENT,-1.0,2.2778484183526113,1295.967040512703,63565.086413894,0.013908049996560925,63565.086413894,0.013908049996560925,0.0,FORTRESS,True,True,0.13908049996560926,,,8290.834724236996,0.001814035823173322,30.0
28,82,82,35,100,BASE,2026-08-24,8914979,0.005284365,0.005175492027774453,0.0210362554209873,IN BAND,False,True,0.0,2908.938298182,1835927.181006015,1.0,550480.162242401,347711.563515374,-0.001453934361040321,-21094.895003809128,,0.0,,,,,-1.6251653954424499,0.25594110762201217,-1.6251653954424499,0.25594110762201217,,1.4314293220278815,5.7331198039115865,1,0.3895021735409682,MINER_BURN_ONLY,2804.415649494971,2804.415649494971,0.0,0.0015844518934503805,-0.700162291315914,5FX6kmhY...,1466236.646629294,0.0,,,False,6693448,1.0,0,5HdSGJgs...,0.179995422293431,1.2882770702644102,1.0563930949712235,0.7530899990844447,,COUNTER,667899.328292781,1077.059572996,0.0,DIVERGENT,-1.0,2.1639559972030646,1295.967040512703,300648.989481175,0.16375866787724735,300648.989481175,0.16375866787724735,0.0,FORTRESS,False,True,1.6375866787724747,0,,16469.327375979,0.008970577671252986,30.0
29,83,83,36,70,SN70,2026-08-24,8914979,0.009043279,0.008860152447596192,0.02066855547767583,IN BAND,False,True,0.0,686.110183407,115032.450551506,1.0,75869.620457886,5134.818182993,,-1379.9185029554064,,,,,,,5.855097505860799,0.25146742497838925,5.855097505860799,0.25146742497838925,,22.845727335203627,29.592687517403895,1,0.4100022879355558,SKIN_IN_GAME,2952.016473136002,2952.016473136002,0.0,0.005964492455107638,-0.34045024430766335,5EP42hSo...,638906.502326475,2.1376300577209784,BUYBACK_GAMING,,True,8825571,1.0,0,5DFxKepZ...,0.179995422293431,2.797934112940276,2.294318780732395,0.6590725283444981,,COUNTER,34390.991912128,0.0,0.0,DIVERGENT,-1.0,2.277848418095681,1295.967040512703,0.0,0.0,0.0,0.0,0.0,EXPOSED,False,,,,,29342.494434543998,0.2550801473311728,30.0
30,84,84,37,31,rec4ll,2026-08-24,8914979,0.005125644,0.005023809848353267,0.02027030375763793,IN BAND,False,True,0.0,2041.068204289,1687321.452901636,1.0,398207.168758727,47988.891824599,-3.4653599990985635e-05,-13641.134936555405,,0.0,,,,,6.272876374372334,0.2466220290512615,6.272876374372334,0.2466220290512615,,1.5574981254939344,4.575133179262945,1,0.41000228793722476,,2952.016473148018,2952.016473148018,0.0,0.0012096498866763273,-0.7640004091824701,5H3mfhC8...,838805.72676704,0.09018006913961837,,,False,7173591,1.0,0,5CDZ527X...,0.179995422293431,1.8428709982174638,1.5111626546609946,0.43468440971798317,,COUNTER,695827.625725519,729.248648798,0.0,DIVERGENT,-1.0,2.277848418104953,1295.967040512703,396095.936213104,0.23474835546715161,396095.936213104,0.23474835546715161,0.0,FORTRESS,False,True,2.3474835546715163,0,,18538.362390983,0.01098685870383686,30.0
31,85,85,38,122,CookingTAO,2026-08-24,8914979,0.004666013,0.004586248658597469,0.01739206644476265,IN BAND,False,True,0.0,1440.74515418,582024.058295227,1.0,308774.292523543,45342.374926191,0.0003625880589275153,-2018.0703570786864,DISTRIBUTING_PRE_EMA,0.0,,,0.07770832591497609,,2.0641951565909906,0.21160347507794558,2.0641951565909906,0.21160347507794558,,4.515277268258503,5.904318204118926,1,0.41000228793666693,SKIN_IN_GAME,2952.016473144002,2952.016473144002,0.0,0.0024754048112718974,-0.46948180142835066,5F3uH1G4...,350180.221469577,0.6078979861711393,BUYBACK_JUSTIFIED,,True,8238082,1.0,0,5CfPqfaz...,0.179995422293431,3.9320203676906518,3.224274701141801,0.2778947689678325,,COUNTER,281446.429583249,4689.8056909,0.0,DIVERGENT,-1.0,2.2778484181018537,1295.967040512703,108556.421970529,0.1865153517682677,108556.421970529,0.1865153517682677,0.0,FORTRESS,False,True,1.8651535176826832,0,,32553.44253990801,0.05593143801522297,30.0
32,24,41,39,33,ReadyAI,2026-08-24,8914979,0.005118792,0.005127085838466883,-0.001617651572099121,IN BAND,False,False,0.000801041,15178.069304615,2232678.957006149,1.0,2965166.043239009,898859.689472441,-0.0054386194078304825,8138.139962560032,ACCUMULATING_PRE_EMA,0.0,,,,0.13869588455232038,-2.8350517144045524,-0.019681427460539306,-2.6194834099811075,0.19588687696290535,0.21556830442344466,1.1770613019634253,-0.07687241987112428,1,0.0,,0.0,0.0,0.008850232700083893,0.006798142320008079,0.328075514693326,5HinUfk5...,68054.602849727,,,,False,2943950,0.0,52,5G9hfkx9...,0.009994659342336155,0.4545461088293505,0.4500030753162167,0.03187804245319009,,COUNTER,584226.582883127,0.0,0.0,DIVERGENT,1.0,0.0,1295.967040512703,138809.800536348,0.062171858654717325,138808.045342108,0.062171072516506776,1.755194239987759,DORMITORY,True,True,0.6217107251650678,,,8908.016302694003,0.003989833054475046,30.0
33,86,86,40,39,deprecated,2026-08-24,8914979,0.008597051,0.008489038329571486,0.01272378168587754,IN BAND,False,True,0.0,19572.834411026,3618107.427520251,1.0,2276691.42993582,1077198.179699685,-0.008167090216750057,-35945.07551746117,,0.0,,,,,2.3801037732853825,0.15480601051151008,2.3801037732853825,0.15480601051151008,,0.7263465921467006,4.409945179709824,1,0.4100022879373541,SKIN_IN_GAME,2952.0164731489494,2952.0164731489494,0.0,0.005409688574239121,-0.3707506708708462,5DkwfxC9...,526770.520623416,0.21695034175370098,BUYBACK_GAMING,,False,3280104,1.0,136,5GP7c3fF...,0.0009918364232852674,2.4328398587387325,2.4304268795548154,0.1893999511659138,,COUNTER,1488718.188657853,0.0,0.0,DIVERGENT,-1.0,2.2778484181056715,1295.967040512703,524115.450689,0.1448590074198582,522540.506280021,0.14442371232690443,1574.944408979034,FORTRESS,True,True,1.444237123269047,0,,7937.507730429001,0.002193828649214306,30.0
34,25,45,41,56,Gradients,2026-08-24,8914979,0.016465263,0.01649592095054686,-0.0018585170624161806,IN BAND,False,False,0.00049709,51494.133348742,2704402.630627057,1.0,3127440.52094612,2831900.927759556,-0.009019599530651996,8341.055436455645,ACCUMULATING_PRE_EMA,0.0,,,,0.025368958268561954,-0.9945722834932239,-0.022611957592730197,-0.847928480883091,0.1240318450174027,0.1466438026101329,0.9717487959219512,-0.12127484434157094,1,0.29057310343760495,MINER_BURN_ONLY,2155.828680985025,2155.2881453933564,0.0001831082627603564,0.019040853150184334,0.1564256914805632,5EJ1zbdw...,29101.994074821,,,,False,4312927,0.7299574195320727,101,5E2LP6En...,0.0,0.3892619765222268,0.3892619765222268,0.1006119428039494,,COUNTER,798844.82474857,0.0,0.0,DIVERGENT,-1.0,1.6630732711695304,1295.967040512703,264724.185506575,0.0978863807143963,264724.185506575,0.0978863807143963,0.0,FORTRESS,True,True,0.9788638071439631,,,8061.182585548999,0.0029807627363828922,30.0
35,87,87,42,25,UR,2026-08-24,8914979,0.01115497,0.011045471299439669,0.009913447565237559,IN BAND,False,True,0.0,17075.08971194,4273853.987013346,1.0,1530715.793724959,666465.832127488,-0.00189072698649151,-473.12048651161604,,0.0,,,,,-9.862642690651294,0.12061361204372363,-9.862642690651294,0.12061361204372363,,0.6149016807746628,0.6605210178206531,1,0.4100022879352845,SKIN_IN_GAME,2952.0164731340483,2952.0164731340483,0.0,0.003995244049942945,-0.6418417933940705,5F6aRdsB...,43932.761544293,0.9239645628393978,BUYBACK_JUSTIFIED,,False,2998801,1.0,219,5H3pGapv...,0.0,0.278879608430536,0.278879608430536,0.0055853133727052145,,COUNTER,907672.854062482,0.0,0.0,DIVERGENT,-1.0,2.2778484180941736,1295.967040512703,323519.372769362,0.07569733869065653,323519.372769362,0.07569733869065653,0.0,FORTRESS,True,True,0.7569733869065652,,,7979.900977453998,0.001867144034799025,30.0
36,88,88,43,58,greevils,2026-08-24,8914979,0.009066903,0.008991490816697478,0.0083870611492455,IN BAND,False,True,0.0,1034.26102544,384553.259731068,1.0,114069.93096949,20216.803915992,,-394.7468115695083,,,,,,,5.301682318234593,0.10204257731582025,5.301682318234593,0.10204257731582025,,6.833903844262965,7.400244734948581,1,0.0,,0.0,0.0,0.0,0.0026895130889367474,-0.7033702589586821,5CLUzEqe...,737390.229913293,2.242874185327657,BUYBACK_GAMING,,True,8511017,0.0,36,5C5nmRa4...,0.0,0.8502070695799003,0.8502070695799003,0.0037385744586696775,,COUNTER,78931.873767343,0.045668707,0.0,OK,0.0,0.0,1295.967040512703,32808.027617922,0.08531465223013801,32808.027617922,0.08531465223013801,0.0,DORMITORY,False,True,0.8531465223013801,,,39995.29652409002,0.1040045702695647,30.0
37,89,89,44,27,Orion,2026-08-24,8914979,0.002312177,0.0022958405315876007,0.007115680809547486,IN BAND,False,True,0.0,6200.932748621,3228333.641056206,1.0,2681859.010599685,815991.214206907,-0.002571603639063033,-32300.176715064328,,0.0,,,,,-0.5938553412440675,0.08657411651616106,-0.5938553412440675,0.08657411651616106,,0.8140422559113821,4.52665711172898,1,0.41000228793612525,MINER_BURN_ONLY,2952.016473140102,2952.016473140102,0.0,0.0019207843544300632,-0.16927451729255014,5CopvHeT...,39039.038104969,0.03373257031697585,,,False,1727132,1.0,152,5GP7c3fF...,0.0009918364232852674,0.3786384889232675,0.3782629414786957,0.078012452691979,,COUNTER,1260469.78949509,0.0,0.0,DIVERGENT,-1.0,2.2778484180988445,1295.967040512703,29259.979274079,0.0090634929741977,29259.979274079,0.0090634929741977,0.0,FORTRESS,True,True,0.09063492974197698,,,7927.439092615998,0.002455582344959363,30.0
38,90,90,45,37,Aurelius,2026-08-24,8914979,0.003975389,0.003948495723307133,0.006811018316196254,IN BAND,False,True,0.0,8695.099223143,3690811.643033398,1.0,2187232.082234326,351837.99553744,-0.0011818962588911177,-17178.207811829634,,0.0,,,,,3.09287338195017,0.0828673895137211,3.09287338195017,0.0828673895137211,,0.7120385037693509,2.4315898154518254,1,0.41000228793376464,MINER_BURN_ONLY,2952.0164731231052,2952.0164731231052,0.0,0.0023558772606441345,-0.40738446963451014,5GRBbS3a...,9943.55260399,0.04505990427822211,,,False,3212175,1.0,47,5GQsPAfP...,,0.5556074927195418,0.5556074927195418,0.012193446976055672,,COUNTER,1244262.840289632,0.0,0.0,DIVERGENT,-1.0,2.2778484180857297,1295.967040512703,45507.151093348,0.012329849229571267,45507.151093348,0.012329849229571267,0.0,FORTRESS,True,True,0.12329849229571266,,,8041.221503780001,0.002178713595140579,30.0
39,91,91,46,84,SN84,2026-08-24,8914979,0.002281014,0.002266639843583107,0.006341614640537848,IN BAND,False,True,0.0,1420.658894327,621494.113125061,1.0,622819.001727248,61787.809204721,-0.004139727322791386,-4089.9729403919773,,0.0,,,,,-0.12644307996082704,0.07715631145987716,-0.12644307996082704,0.07715631145987716,,4.228519537837001,5.996029730197006,1,0.0,,0.0,0.0,0.0002746623941405346,0.0022858766709526754,0.0021318023268052594,5G1hDNpP...,261420.47083313097,0.3375696947050598,BUYBACK_GAMING,,True,8085297,0.9989468382251935,8,5DHqCuuP...,0.179995422293431,3.284195439420571,2.693055294407905,1.0,,COUNTER,43139.508392941,33415.712980311,1292.1980546250015,OK,-0.036372133382979586,0.0,1295.967040512703,660.436412233,0.0010626591600556364,660.436412233,0.0010626591600556364,0.0,NEITHER,False,True,0.010626591600556365,,,2447.5391286209992,0.003938153358064857,30.0
40,92,92,47,111,Claims,2026-08-24,8914979,0.00685904,0.006830890895798802,0.0041208540189846135,IN BAND,False,True,0.0,6849.592731957,3628589.330781581,1.0,998622.627788713,187190.379057508,-0.0020882893709760026,-10134.43517137901,,0.0,,,,,2.275006023342894,0.050137057230979463,2.275006023342894,0.050137057230979463,,0.7242483952941408,1.7567948584025794,1,0.4100022879345892,SKIN_IN_GAME,2952.0164731290424,2952.0164731290424,0.0,0.0018876737231880772,-0.7247903900271645,5CGTryXj...,2657432.137695321,0.2713333373531706,BUYBACK_GAMING,,False,5615562,1.0,0,5ExhNF86...,0.0,0.7113661357100809,0.7113661357100809,0.754497871236514,,COUNTER,721945.20266829,0.371911999,0.0,DIVERGENT,-1.0,2.277848418090311,1295.967040512703,1221.604957048,0.0003366611224601909,1221.604957048,0.0003366611224601909,0.0,EXPOSED,True,True,0.003366611224601909,,UNDEFENDED_BURNER,9724.288387638002,0.0026799087747809247,30.0
41,26,30,48,17,404—GEN,2026-08-24,8914979,0.009434791,0.009391301777213812,0.0046307981383056,IN BAND,False,False,0.001347272,26022.977035416,3043045.302006338,1.0,2758193.051556696,652408.735992228,-0.008483605846616416,7095.654505958315,ACCUMULATING_PRE_EMA,0.0,,,,0.13605786959660207,-0.44836273851213043,0.0563413773493848,-0.45470541153288485,0.04999870432863038,-0.006342673020754419,0.8636085694377634,0.1424005426173565,1,0.0,,0.0,0.0,0.0,0.008551623276281346,-0.09360755566484233,5E7a4a7Q...,1087234.411968973,,,,False,2840556,1.0,42,5CcEPLdb...,0.0,0.3105543610019756,0.3105543610019756,0.004211747112053837,,COUNTER,340475.604612198,0.0,0.0,OK,0.0,0.0,1295.967040512703,505085.932678059,0.1659804184791617,500078.689134877,0.16433494723366937,5007.243543181976,DORMITORY,True,True,1.6433494723366935,0,,8075.366705731998,0.0026537122863099522,30.0
42,93,93,49,94,pending...,2026-08-24,8914979,0.003398528,0.0033855619840323925,0.0038297972474762684,IN BAND,False,True,0.0,1994.831732859,1671725.108128744,1.0,586969.338416658,104283.61333002,-7.290167659344193e-05,-13725.924445960321,,0.0,,,,,0.23469263373905733,0.046595866510961266,0.23469263373905733,0.046595866510961266,,1.5720287906315342,4.637322010659687,1,0.4100022879374996,MINER_BURN_ONLY,2952.016473149997,2952.016473149997,0.0,0.0011932773654945745,-0.6488840564224939,5CnwnkkC...,702832.087187436,0.003687202421825264,,,False,6962737,1.0,0,5EeKtCKE...,0.179995422293431,2.1019006481110303,1.723568153335449,0.3710723496467213,,COUNTER,715178.155310587,0.075116968,0.0,DIVERGENT,-1.0,2.27784841810648,1295.967040512703,273.723032556,0.00016373686751788613,273.723032556,0.00016373686751788613,0.0,EXPOSED,False,True,0.0016373686751788611,,,17378.944055456,0.010395814461929826,30.0
43,94,94,50,42,Unknown,2026-08-24,8914979,0.002468955,0.002464888384565711,0.0016498172735742694,IN BAND,False,True,0.0,7346.914010547,2534903.092265057,1.0,2975717.220365322,364222.447272945,-0.0007519273179352004,-4501.36960029183,,0.0,,,,,-0.19990486167600394,0.020072776828486943,-0.19990486167600394,0.020072776828486943,,1.0367260223947088,1.698565663331147,1,0.4100022879388901,SKIN_IN_GAME,2952.016473160009,2952.016473160009,0.0,0.002898301727180498,0.17389815820073587,5EC5HHfL...,78720.738345785,0.33845184103499076,BUYBACK_JUSTIFIED,,False,3613591,1.0,11,5Gbdb5s2...,0.179995422293431,13.687448000938277,11.223770017890013,0.0,,COUNTER,465623.952421667,0.0,0.0,DIVERGENT,-1.0,2.277848418114205,1295.967040512703,5444.016612431,0.0021476231691234045,5444.016612431,0.0021476231691234045,0.0,EXPOSED,True,True,0.021476231691234048,,UNDEFENDED_BURNER,8421.985505970002,0.003322409259615742,30.0
44,95,95,51,90,KubeTEE,2026-08-24,8914979,0.042150575,0.04208978940732777,0.001444188567540059,IN BAND,False,True,0.0,2519.221340455,208728.090169224,1.0,59767.18683223,38956.518843889,,397.94652294786647,,,,,,,20.042122896634698,0.017570960905070716,20.042122896634698,0.017570960905070716,,12.590543025950067,7.117578272125762,1,0.0,,0.0,0.0,1.5259021896696368e-05,0.012069392952393562,-0.7136600638925196,5C9y6fnL...,650923.319969985,,,,True,8618670,0.8074434644611956,0,5EKtGWqs...,0.179995422293431,2.231323153666661,1.82969520034932,0.5405450772141854,,COUNTER,0.0,60374.685545257,2856.6642258970023,OK,-0.016452756181118598,0.0,1295.967040512703,39192.951181057,0.18777037220664333,39192.951181057,0.18777037220664333,0.0,DORMITORY,False,True,1.8777037220664334,0,,47323.53532855699,0.2267233667025361,30.0
45,96,96,52,127,Astrid,2026-08-24,8914979,0.003086741,0.0030833689961582422,0.0010936102185496483,IN BAND,False,True,0.0,3493.916197611,2901434.921280399,1.0,1131910.906306206,595516.352845255,-0.0011311304522673383,-7532.483486738987,,0.0,,,,,3.1427166840992933,0.013305590992354054,3.1427166840992933,0.013305590992354054,,0.9057587267338285,1.8685668467441428,1,0.4100022879348641,,2952.0164731310215,2952.0164731310215,0.0,0.0012042028487301516,-0.6098788823778375,5FU4uxAd...,1337453.246570968,0.15374917190277118,,,False,5848837,1.0,0,5EKrpcqV...,0.179995422293431,1.2295758049777474,1.0082577887189923,0.5262780405920953,,COUNTER,1185803.442610925,203.185912805,0.0,DIVERGENT,-1.0,2.2778484180918377,1295.967040512703,5535.674552263,0.0019079092595397987,5535.674552263,0.0019079092595397987,0.0,EXPOSED,True,True,0.019079092595397987,,UNDEFENDED_BURNER,10922.369646285002,0.0037644716985294215,30.0
46,97,97,53,69,Herald,2026-08-24,8914979,0.009658543,0.009648812934756279,0.0010084209642693335,IN BAND,False,True,0.0,4625.915884959,1207361.399756767,1.0,478945.495981254,72537.331106626,0.0011393261345515797,-298.95218406105414,DISTRIBUTING_PRE_EMA,0.0,,,0.11796045579044165,,-0.7204858500098773,0.012269121731943557,-0.7204858500098773,0.012269121731943557,,2.1766473572282767,2.2955768314940186,1,0.41000228810847655,SKIN_IN_GAME,2952.016474381031,2952.016474381031,0.0,0.0038314260219772882,-0.6033122157268143,5HBPFVcJ...,521606.164058218,1.4665702969349665,BUYBACK_JUSTIFIED,,True,8138182,1.0,0,5FWB5CFZ...,0.179995422293431,2.0657079745590177,1.6938899953433593,0.0,,COUNTER,316660.294164607,4110.268380516,0.0,DIVERGENT,-1.0,2.277848419056376,1295.967040512703,485.813350565,0.00040237608280575403,485.813350565,0.00040237608280575403,0.0,EXPOSED,False,True,0.00402376082805754,,,22167.82717652898,0.018360556483746186,30.0
47,98,98,54,12,Compute Horde,2026-08-24,8914979,0.004930879,0.004926952067762613,0.0007970307369298116,IN BAND,False,True,0.0,12858.171174027,3444941.363657422,1.0,2607683.203807217,424163.299158006,-0.0016389071287063602,-1013.2901992551051,,0.0,,,,,-0.011422119622870291,0.009697207299312708,-0.011422119622870291,0.009697207299312708,,0.7628576868460564,0.877310836549064,1,0.40751621744549615,SKIN_IN_GAME,2934.2969441381283,2934.1167656075722,6.103608758678547e-05,0.0037324789645695883,-0.24303983842037327,5ELzhHvg...,1738847.26626646,2.2269948108539057,BUYBACK_JUSTIFIED,,False,2256433,0.0,212,5Chngqcs...,0.179995422293431,0.4115791196714166,0.3374967622190014,0.002060125133526629,,COUNTER,1556906.413357346,0.0,0.0,DIVERGENT,-1.0,2.2640365641141567,1295.967040512703,3870.537061652,0.001123542218304329,3870.537061652,0.001123542218304329,0.0,EXPOSED,True,True,0.01123542218304329,,UNDEFENDED_BURNER,7760.599279482999,0.002252752212665743,30.0
48,99,99,55,10,Pareton,2026-08-24,8914979,0.006538127,0.006533387582749128,0.00072541498431626,IN BAND,False,True,0.0,16664.080875606,3237130.484605682,1.0,2548754.418475344,930324.612309936,0.0019830543029549486,59559.73666266585,,0.0,,,0.3033061766703138,,-3.0329830797561317,0.008825882309181162,-3.0329830797561317,0.008825882309181162,,0.8118301108026293,-5.804683764266706,1,0.4100022879329238,MINER_BURN_ONLY,2952.0164731170516,2952.0164731170516,0.0,0.005147793996829222,-0.21265004536785204,5HK5714c...,14273.496285768,,,,False,2869647,1.0,168,5E2LP6En...,0.0,0.3260406409100052,0.3260406409100052,0.708414723476987,,COUNTER,753936.165568768,0.0,0.0,DIVERGENT,-1.0,2.2778484180810583,1295.967040512703,70645.26379077,0.02182342173932336,21038.631156628,0.006499160678470684,49606.632634142,FORTRESS,True,True,0.06499160678470986,,,8062.383215386998,0.0024905956845817675,30.0
49,100,100,56,73,Parked,2026-08-24,8914979,0.003230566,0.0032292839605361223,0.00039700425219485957,IN BAND,False,True,0.0,6986.07559111,3351992.511626147,1.0,2162492.226381609,574592.687663446,-0.0012004820451322843,941.0018966500647,ACCUMULATING_PRE_EMA,0.0,,,,,0.16434388975484784,0.004830218401704125,0.16434388975484784,0.004830218401704125,,0.7840112980219882,0.6879848547500533,1,0.4100022879389063,MINER_BURN_ONLY,2952.0164731601253,2952.0164731601253,0.0,0.0020841560853370926,-0.3548634866654658,5Fvs6HPW...,1409063.579732137,,,,False,5160047,1.0,0,5Dnkprjf...,0.179995422293431,1.146133300942181,0.939834553434529,0.4988783591997436,,COUNTER,1503935.464253856,0.0,0.0,DIVERGENT,-1.0,2.2778484181142953,1295.967040512703,976381.61746046,0.29128394949390546,908330.447424722,0.270982242434684,68051.17003573803,FORTRESS,True,True,2.7098224243468403,0,,8402.63038360701,0.0025067569078579635,30.0
50,101,101,57,24,Quasar,2026-08-24,8914979,0.004002697,0.004001868423074484,0.00020704751828895388,IN BAND,False,True,0.0,8665.157076631,3601087.747164469,1.0,2164829.237402036,1561217.901043005,-0.003987432863262727,16820.934628090356,ACCUMULATING_PRE_EMA,0.0,,,,,-4.248009228812421,0.002519078139182272,-4.248009228812421,0.002519078139182272,,0.7297794956730261,-0.9678107675086718,1,0.4100022879380493,MINER_BURN_ONLY,2952.0164731539553,2952.0164731539553,0.0,0.0024062610202858917,-0.3988400770066054,5ELutYW7...,343638.913360831,,,,False,2538424,1.0,155,5ELpkVn8...,0.179995422293431,3.1355180417457786,2.571139147713075,0.0,,COUNTER,616592.776330436,0.0,0.0,DIVERGENT,-1.0,2.277848418109534,1295.967040512703,700000.000065042,0.19438571043325137,0.0,0.0,700000.000065042,EXPOSED,True,False,0.4591513682313679,141164,UNDEFENDED_BURNER,8076.3459758329955,0.002242751785815935,30.0
51,102,102,58,104,Masx.ai,2026-08-24,8914979,0.004360244,0.004359482787549496,0.0001746107250792212,IN BAND,False,True,0.0,6063.020247333,3114425.992772856,1.0,1390523.132238787,74523.715776599,-0.0017383027949343672,-119.36345591465943,,0.0,,,,,0.0616037927380007,0.002124430488463858,0.0616037927380007,0.002124430488463858,,0.8438152025761325,0.5344874418447407,1,0.0,,0.0,0.0,0.00016784924086366004,0.0019467536751242346,-0.5535218498955025,5HBb3F1b...,46343.59525352,,,,False,5528520,0.9553446065563763,51,5CrZmCAt...,,0.9861132573727768,0.9861132573727768,0.0,,COUNTER,340321.172598343,127338.811669492,2812.273005352996,OK,-0.016712459960411822,0.0,1295.967040512703,3017.92106809,0.0009690135758862792,3017.92106809,0.0009690135758862792,0.0,NEITHER,True,True,0.00969013575886279,,,10048.072724436997,0.0032263000462216577,30.0
52,103,103,59,115,HashiChain,2026-08-24,8914979,0.002664925,0.00266455439850688,0.00013908572980446984,IN BAND,False,True,0.0,3589.317478435,1569655.23983853,1.0,1346873.613615904,155433.363770526,-0.0010310414951094963,1202.3471881509759,ACCUMULATING_PRE_EMA,0.0,,,,,-3.2540656022852303,0.0016922097126210497,-3.2540656022852303,0.0016922097126210497,,1.6742530036534273,1.4109462665721402,1,0.4100022882601479,MINER_BURN_ONLY,2952.016475473065,2952.016475473065,0.0,0.002286691616946554,-0.14193021681790133,5EkNnrTj...,109521.303712392,,,,False,5683635,1.0,0,5EhTo9AX...,0.179995422293431,10.499902935814717,8.609968472842711,0.06726998031345857,,COUNTER,892475.968131843,0.0,0.0,DIVERGENT,-1.0,2.277848419899016,1295.967040512703,2942.008322496,0.0018743022339087934,2942.008322496,0.0018743022339087934,0.0,EXPOSED,True,True,0.018743022339087936,,UNDEFENDED_BURNER,14361.641059233996,0.0091495512484075,30.0
53,104,104,60,52,Dojo,2026-08-24,8914979,0.00657265,0.006571863312274218,0.00011970543031734964,IN BAND,False,True,0.0,18264.441203502,3016179.338147619,1.0,2778854.919113796,765296.131798489,-0.001055169699966047,-117.84363451460376,,0.0,,,,,-0.19387576720115732,0.0014564160688610873,-0.19387576720115732,0.0014564160688610873,,0.8713009756289828,0.8934092924980283,1,0.4100022879373541,MINER_BURN_ONLY,2952.0164731489494,2952.0164731489494,0.0,0.006055489132393259,-0.07868376797893403,5Fv1ZvNP...,75634.343323986,,,,False,3989825,1.0,158,5EgfUiH6...,0.179995422293431,14.24598886307638,11.681776081679432,0.0,,COUNTER,1112143.456095825,0.0,0.0,DIVERGENT,-1.0,2.2778484181056715,1295.967040512703,167638.354572778,0.05557970391632375,167638.354572778,0.05557970391632375,0.0,FORTRESS,True,True,0.5557970391632375,,,8112.593216211,0.0026896919270036957,30.0
54,105,105,61,121,sundae_bar,2026-08-24,8914979,0.004529491,0.004530221922323108,-0.00016134360206637033,IN BAND,False,True,0.0,6255.853762627,2818649.937352783,1.0,1381138.276527895,548568.525859093,-0.0014768339828714987,447.4472688231617,ACCUMULATING_PRE_EMA,0.0,,,,,-1.8549673715898658,-0.001963013825140839,-1.8549673715898658,-0.001963013825140839,,0.9323612574849087,0.882645192354806,1,0.41000228793722476,MINER_BURN_ONLY,2952.016473148018,2952.016473148018,0.0,0.0022194504112498506,-0.5100000394636284,5CXGaDJs...,1813991.982207606,,,,False,5766528,1.0,0,5EL9y2gd...,0.179995422293431,1.0426873824984368,0.8550084267655985,0.7554670451250591,,COUNTER,1261576.940021597,0.0,0.0,DIVERGENT,-1.0,2.277848418104953,1295.967040512703,202885.709556554,0.07197974706539827,202885.709556554,0.07197974706539827,0.0,FORTRESS,True,True,0.7197974706539827,,,10572.570013769002,0.0037509340459988224,30.0
55,106,106,62,116,Memo,2026-08-24,8914979,0.007738117,0.007739919936284423,-0.00023293991401263707,IN BAND,False,True,0.0,1632.647220812,606692.560678315,1.0,210987.650736846,106333.737509082,0.0001614247536338362,-16.460786034615012,DISTRIBUTING_PRE_EMA,0.0,,,0.020860986417475493,,1.525817839768081,-0.002834102287153751,1.525817839768081,-0.002834102287153751,,4.3316832450718605,4.420857277661147,1,0.4100022880804156,MINER_BURN_ONLY,2952.016474178992,2952.016474178992,0.0,0.002691061876523774,-0.6522329816770961,5F48aA3P...,85036.455731376,,,,True,8294730,1.0,0,5CXN6pP6...,0.179995422293431,12.670871615301092,10.390172728079124,0.0,,COUNTER,164778.689538704,1764.319155568,0.0,DIVERGENT,-1.0,2.277848418900478,1295.967040512703,30.45052749,5.0191034905644247e-05,30.45052749,5.0191034905644247e-05,0.0,EXPOSED,False,True,0.0005019103490564425,,,32917.68975529801,0.05425761232096576,30.0
56,107,107,63,119,Satori,2026-08-24,8914979,0.002780411,0.002782286610454321,-0.0006741255366263811,IN BAND,False,True,0.0,3405.138629212,1515181.814353332,1.0,1224688.552732989,71267.684188808,-0.0008647727937628405,1932.2988161975518,ACCUMULATING_PRE_EMA,0.0,,,,,-1.5387027969817513,-0.008201860695620969,-1.5387027969817513,-0.008201860695620969,,1.7344453154762884,1.2848568265667557,1,0.4100022881283399,MINER_BURN_ONLY,2952.016474524047,2952.016474524047,0.0,0.0022473465540274367,-0.1917214562784291,5GbLENPL...,106364.238591665,,,,False,5740660,1.0,0,5HMwvi1d...,0.179995422293431,10.775795740422065,8.836201835577041,0.06372653746375706,,COUNTER,811519.280936433,0.0,0.0,DIVERGENT,-1.0,2.2778484191667308,1295.967040512703,20722.542632217,0.013676604639728482,20722.542632217,0.013676604639728482,0.0,FORTRESS,True,True,0.13676604639728482,,,14946.113391606996,0.009864237578634008,30.0
57,108,108,64,125,8 Ball,2026-08-24,8914979,0.003204097,0.0032064667902886868,-0.0007390659076414321,IN BAND,False,True,0.0,5864.884170295,2395731.919067795,1.0,1830432.71989198,234556.341225455,-0.00024021262101779379,4509.627397282282,ACCUMULATING_PRE_EMA,0.0,,,,,-0.6454968822629673,-0.008991968542970756,-0.6454968822629673,-0.008991968542970756,,1.0969507811302122,0.4162758323637443,1,0.410002288126529,MINER_BURN_ONLY,2952.0164745110087,2952.0164745110087,0.0,0.002448055278479192,-0.2359609342416312,5DTzv2rL...,68502.856876502,,,,False,5834408,1.0,0,5CFFokuo...,0.179995422293431,15.729066820521197,12.89790679587989,0.0,,COUNTER,1246142.397358276,0.0,0.0,DIVERGENT,-1.0,2.27784841915667,1295.967040512703,45923.662897553,0.01916894896797234,45923.662897553,0.01916894896797234,0.0,FORTRESS,True,True,0.19168948967972338,,,10541.201599481998,0.004399992134171545,30.0
58,109,109,65,43,Graphite,2026-08-24,8914979,0.004916797,0.004921749234199524,-0.0010061939290025,IN BAND,False,True,0.0,13701.823636308,3058212.991568936,1.0,2786737.295776726,157100.735880462,-0.0008349041341164327,50.78572581289336,ACCUMULATING_PRE_EMA,0.0,,,,,-3.7408336557575637,-0.012242026136197083,-3.7408336557575637,-0.012242026136197083,,0.8593253665604806,0.8609137822231128,1,0.33213827120942624,MINER_BURN_ONLY,2391.755909768981,2391.395552707869,0.00012207217517357094,0.004480336612944227,-0.08876925100950324,5HjMs5JD...,2966711.60776693,,,,False,3408582,0.09315244097852793,108,5ERVu5z1...,,15.702969951429724,15.702969951429724,0.0,,COUNTER,886078.654970251,0.0,0.0,DIVERGENT,-1.0,1.8452595459231729,1295.967040512703,3451.069241962,0.0011284594145261019,3451.069241962,0.0011284594145261019,0.0,EXPOSED,True,True,0.011284594145261017,,UNDEFENDED_BURNER,8055.841481749998,0.0026341662611331592,30.0
59,110,110,66,30,Endure Network,2026-08-24,8914979,0.003607079,0.0036123129539191723,-0.0014489203969699535,IN BAND,False,True,0.0,8758.009305028,3345767.043082061,1.0,2428005.500190988,403851.085472982,-0.0016359655505931488,-1022.7476786267944,,0.0,,,,,-0.665583853238246,-0.017628531496467766,-0.665583853238246,-0.017628531496467766,,0.7854701077989976,0.9043569686693511,1,0.41000228793709537,,2952.016473147087,2952.016473147087,0.0,0.0026176387035483127,-0.274305136220107,5HTogQKF...,916.003762403,0.05224001174493382,,,False,3250216,1.0,78,5G9hfkx9...,0.009994659342336155,0.3861140954076446,0.3822550165567709,0.012208335240885715,,COUNTER,745215.494723721,18187.150616168,0.0,DIVERGENT,-1.0,2.2778484181042344,1295.967040512703,4962.596266974,0.0014832462042553161,4962.596266974,0.0014832462042553161,0.0,EXPOSED,True,True,0.014832462042553162,,UNDEFENDED_BURNER,8052.968048222002,0.0024069123595657606,30.0
60,27,31,67,63,Enigma,2026-08-24,8914979,0.008121719,0.008124547079205513,-0.00034809069083394214,IN BAND,False,False,0.001163582,15257.615252591,3900436.304314183,1.0,1878618.990083929,1217060.316940628,-0.0023243817583002914,5978.1165267841425,ACCUMULATING_PRE_EMA,0.0,,,,0.20041752563400878,-0.6398502551722045,-0.0042351034051462955,-0.6554906882969082,-0.01987553652984994,-0.015640433124703645,0.6737707771546556,0.21605795875871242,1,0.0,,0.0,0.0,6.103608758678547e-05,0.003911771417909043,-0.5183567151351772,5CqTmNfg...,285583.753919178,,,,False,4885578,0.0,141,5E2LP6En...,0.0,0.29886271933720476,0.29886271933720476,0.4007477491225393,,COUNTER,725439.396179942,0.0,0.0,OK,0.0,0.0,1295.967040512703,72397.992373783,0.018561511258036758,72397.992373783,0.018561511258036758,0.0,DORMITORY,True,True,0.18561511258036759,,,8098.581047845003,0.0020763269583167782,30.0
61,111,111,68,113,TensorUSD,2026-08-24,8914979,0.002637269,0.002642069710418582,-0.0018170264015560653,IN BAND,False,True,0.0,1867.826542865,1500995.01019019,1.0,708242.671725309,65465.650406956,-0.0004889739469761811,16495.256431352813,ACCUMULATING_PRE_EMA,0.0,,,,,-0.5431959930302719,-0.02210715455226546,-0.5431959930302719,-0.02210715455226546,,1.750838598502075,-2.235141137963636,1,0.4100022879377745,MINER_BURN_ONLY,2952.0164731519762,2952.0164731519762,0.0,0.0012443922399371127,-0.5281511897583778,5GndoVhM...,535411.777244287,,,,False,7119664,1.0,0,5FRumLA6...,0.179995422293431,2.5812416402357847,2.116629961160156,0.3055708180708181,,COUNTER,717455.637322427,0.0,0.0,DIVERGENT,-1.0,2.277848418108007,1295.967040512703,74344.658321778,0.049530250145440415,74344.658321778,0.049530250145440415,0.0,FORTRESS,False,True,0.49530250145440957,,,17833.597320585995,0.011881183614545337,30.0
62,112,112,69,14,Cacheon,2026-08-24,8914979,0.009590727,0.009611088316887617,-0.002118523544502241,IN BAND,False,True,0.0,25391.02272007,3074208.733379483,1.0,2647455.242214589,2653814.497783656,-0.012349965626037119,13010.065300318412,ACCUMULATING_PRE_EMA,0.0,,,,,-1.1130237301121926,-0.025775369791443927,-1.1130237301121926,-0.025775369791443927,,0.8548541195220127,-0.6829517296190957,1,0.41000228793651333,MINER_BURN_ONLY,2952.016473142896,2952.016473142896,0.0,0.00825936848216471,-0.13881726774573916,5CKhH8nK...,1573001.740479403,,,,False,4848444,1.0,29,5FxbrVDh...,0.179995422293431,1.1078511778625832,0.9084430372649326,0.6173566708885871,,COUNTER,1215249.186025712,526.080568229,0.0,DIVERGENT,-1.0,2.2778484181010006,1295.967040512703,52960.345816443,0.017227309662289456,52960.345816443,0.017227309662289456,0.0,FORTRESS,True,True,0.17227309662289525,,,8183.213663400001,0.002661892660230712,30.0
63,113,113,70,72,StreetVision by NATIX,2026-08-24,8914979,0.002291065,0.002296739025041461,-0.0024704700793589064,IN BAND,False,True,0.0,6419.383230315,2421329.872632808,1.0,2801919.962032261,228939.123493945,-0.000693472829379333,-4633.628684848081,,0.0,,,,,-2.3711104707270305,-0.03005738596553336,-2.3711104707270305,-0.03005738596553336,,1.0853539741540756,1.7997849974639095,1,0.4100022879368044,MINER_BURN_ONLY,2952.0164731449913,2952.0164731449913,0.0,0.0026511807841097463,0.15718270066966503,5FjP8fFb...,,,,,False,5064327,1.0,228,5E2LP6En...,0.0,0.45614347593398924,0.45614347593398924,0.2718907370669922,,COUNTER,418255.12032011,0.0,0.0,DIVERGENT,-1.0,2.2778484181026175,1295.967040512703,462042.053258789,0.1908216053008888,456053.640422937,0.18834841364553595,5988.41283585201,FORTRESS,True,True,1.8834841364553612,0,,8757.274240087998,0.0036167208520687297,30.0
64,114,114,71,83,CliqueAI,2026-08-24,8914979,0.010466183,0.010497271781787276,-0.0029616058756537817,IN BAND,False,True,0.0,8882.510160602,2733253.736014912,1.0,848686.65023644,151492.852658056,0.000950791968390149,2454.0853949774755,,0.0,,,0.09084419490755598,,-0.5169506551716501,-0.03603287148712101,-0.5169506551716501,-0.03603287148712101,,0.9614914141969226,0.6067935525366263,1,0.0,,0.0,0.0,0.0018158236057068677,0.003249793476383467,-0.6894958289585166,5DqEjRLy...,918427.917827594,,,,False,5231190,0.0787574905221965,197,5DbxWwae...,,1.3183703936318674,1.3183703936318674,0.0,,COUNTER,345172.824104195,26063.92679357,0.0,DIVERGENT,1.0,0.0,1295.967040512703,8057.340853611,0.002947893474887778,8057.340853611,0.002947893474887778,0.0,NEITHER,True,True,0.02947893474887778,,,11939.589018579003,0.004368269532117037,30.0
65,115,115,72,95,Actual,2026-08-24,8914979,0.048312215,0.04848977574147284,-0.003661818161822837,IN BAND,False,True,0.0,29201.205044954,2851731.682458795,1.0,604426.948193685,557415.1009727,-0.0011390409750780188,685.5338292607339,ACCUMULATING_PRE_EMA,0.0,,,,,-0.14015574235083245,-0.04455212096884452,-0.14015574235083245,-0.04455212096884452,,0.921545324956417,0.8417546131822408,1,0.4100022879348641,MINER_BURN_ONLY,2952.0164731310215,2952.0164731310215,0.0,0.010239815065552167,-0.7880491493600082,5D5UhUuc...,440949.904888848,,,,False,5403674,1.0,0,5ExqqyEB...,0.179995422293431,2.443556514566901,2.003727527829567,0.0,,COUNTER,1010800.123883027,14658.86980412,0.0,DIVERGENT,-1.0,2.2778484180918377,1295.967040512703,9024.997700073,0.0031647429369272024,9024.997700073,0.0031647429369272024,0.0,EXPOSED,True,True,0.03164742936927203,,UNDEFENDED_BURNER,12387.715817789003,0.004343927549000043,30.0
66,116,116,73,57,SN57,2026-08-24,8914979,0.005224581,0.005245062056928873,-0.0039048264265657585,IN BAND,False,True,0.0,1844.072627083,910384.619894655,1.0,352960.840739805,31229.69476821,-0.00013780237056893412,965.5463095315499,ACCUMULATING_PRE_EMA,0.0,,,,,0.07778594835594224,-0.047508721523216724,0.07778594835594224,-0.047508721523216724,,2.8866920009084716,2.5359184083486697,1,0.4100022880590243,MINER_BURN_ONLY,2952.0164740249747,2952.0164740249747,0.0,0.002025597298970612,-0.6122947851759573,5HdpnCSY...,854575.358906062,,,,True,8057320,1.0,0,5Ejcqsbx...,0.179995422293431,2.066718795508874,1.6947188731494833,0.6391936640673879,,COUNTER,352577.715399779,6427.093693354,0.0,DIVERGENT,-1.0,2.2778484187816344,1295.967040512703,1254.306998862,0.0013777770092459844,1254.306998862,0.0013777770092459844,0.0,EXPOSED,False,True,0.013777770092459844,,,26379.197042769,0.028975881694729713,30.0
67,117,117,74,47,wait (reproduce paper),2026-08-24,8914979,0.002751904,0.002763854106888175,-0.0043237111750553826,IN BAND,False,True,0.0,1248.066688885,1375604.513965183,1.0,453528.272285135,40275.039853791,1.9567391779975152e-05,2384.8427270110114,,0.0,,,0.007110492146519338,,-1.981982472878853,-0.05260515262984049,-1.981982472878853,-0.05260515262984049,,1.910432812134924,1.2947005091779318,1,0.41000228793570487,MINER_BURN_ONLY,2952.016473137075,2952.016473137075,0.0,0.000907285979519975,-0.6703060937009522,5GBmFsPk...,25964.86330824,,,,False,7340355,1.0,1,5E2LP6En...,0.0,0.6800492778726921,0.6800492778726921,0.3372195940790478,,COUNTER,623634.580384309,52.790049364,0.0,DIVERGENT,-1.0,2.277848418096509,1295.967040512703,102651.473379183,0.07462280934459127,1082.01056104,0.0007865709584807208,101569.46281814299,EXPOSED,False,False,0.7238717257872493,,,20437.558689626014,0.014857147153955396,30.0
68,118,118,75,20,ChronoSeek,2026-08-24,8914979,0.002705874,0.0027214186266064644,-0.005711957158846993,IN BAND,False,True,0.0,6960.936113787,3177402.454374106,1.0,2572527.447842427,280514.70295466,-0.0009316292818717833,28152.68665641127,ACCUMULATING_PRE_EMA,0.0,,,,,-1.6127526161486547,-0.06949547876597174,-1.6127526161486547,-0.06949547876597174,,0.8270906936520482,-2.3858668254315534,1,0.4100022879354138,MINER_BURN_ONLY,2952.0164731349796,2952.0164731349796,0.0,0.0021907631197943997,-0.19036765208047393,5CFVA7aP...,1222562.654851186,,,,False,1970929,1.0,240,5ED4s3B3...,0.179995422293431,1.3082053040676915,1.072734337915521,0.48438096110119183,,COUNTER,1337797.601165774,0.0,0.0,DIVERGENT,-1.0,2.277848418094892,1295.967040512703,674150.929946928,0.21217045672601906,668109.125004082,0.21026896485345858,6041.804942846065,FORTRESS,True,True,2.102689648534587,0,,8178.445986395004,0.0025739408538368548,30.0
69,119,119,76,7,Allways,2026-08-24,8914979,0.003245924,0.0032653464004397392,-0.005948036764835665,IN BAND,False,True,0.0,6402.867514247,3161452.881102807,1.0,1972586.984969048,322406.407059463,-0.001063203871299582,7591.431607931387,ACCUMULATING_PRE_EMA,0.0,,,,,-1.3063776864479555,-0.07236778063883392,-1.3063776864479555,-0.07236778063883392,,0.8312633775782472,-0.38006083782353,1,0.0,,0.0,0.0,1.5259021896696368e-05,0.002025292723013317,-0.3760504796127953,5CAc19iE...,2113.357174976,,,,False,2627691,1.0,189,5EvkLKgQ...,,0.26588386863361774,0.26588386863361774,0.0,,COUNTER,36084.978602376,193777.233580514,2950.6711855510075,OK,-0.01592857931102191,0.0,1295.967040512703,3211.260531444,0.001015754671100402,3211.260531444,0.001015754671100402,0.0,NEITHER,True,True,0.01015754671100402,,,8826.078902437994,0.0027917793604310182,30.0
70,120,120,77,16,trav,2026-08-24,8914979,0.001917783,0.0019380711019039154,-0.010468192773724816,IN BAND,False,True,0.0,465.276796527,349216.417768507,1.0,242611.774298725,50520.726859607,0.000900611716787907,4508.846714735962,,0.0,,,0.4696108562793116,,-8.071088336616699,-0.12736301208031858,-8.071088336616699,-0.12736301208031858,,7.5254193854713956,2.884535330697603,1,0.0,,0.0,0.0,0.0,0.001332345138582312,-0.30526804201397545,5FkKY8WJ...,757427.934477161,,,,True,8460646,1.0,1,5E2LP6En...,0.0,0.8799190282231021,0.8799190282231021,0.3815271462141789,,COUNTER,63578.799840379,0.04568655,0.0,OK,0.0,0.0,1295.967040512703,7333.737256624,0.021000551186815854,0.0,0.0,7333.737256624,NEITHER,False,False,0.14417522749056738,,,38553.74581781303,0.11040072532720965,30.0
71,28,73,78,74,Gittensor,2026-08-24,8914979,0.003510344,0.0035132241901010275,-0.0008198139216799562,IN BAND,False,True,3.942e-06,6214.10231936,3328832.003566694,1.0,1770225.689901386,341756.132184324,-0.0012658894502273344,3959.0960194675718,ACCUMULATING_PRE_EMA,0.0,,,,0.0016671074062821268,-1.916180716190207,-0.0099744027137728,-2.040722921504171,-0.1345166080277367,-0.1245422053139639,0.7894660941688304,0.12620931272024602,1,0.0,,0.0,0.0,0.0001373311970702673,0.001866751555110582,-0.46821406816238464,5D1VXeeS...,216.587394526,,,,False,5086205,0.6389524768794066,202,5HbuCiVz...,,0.7795186892876493,0.7795186892876493,0.0,,COUNTER,531791.422968235,114033.311866139,2144.9387318920053,OK,-0.02171014472944651,0.0,1295.967040512703,378229.609193408,0.11362231821496308,378229.609193408,0.11362231821496308,0.0,DORMITORY,True,True,1.136223182149631,0,,8925.382994738002,0.0026812356361555208,30.0
72,121,121,79,108,Prometheon,2026-08-24,8914979,0.003213291,0.003249548375606537,-0.0111576660556005,IN BAND,False,True,0.0,1991.7085374,1628535.06911153,1.0,619834.385869363,53610.043448432,0.0005111478403079943,2862.5628861798905,,0.0,,,0.15907300033143412,,0.6820835045808338,-0.13575160367647274,0.6820835045808338,-0.13575160367647274,,1.6137202384187785,0.9818363792223389,1,0.2686274505026527,MINER_BURN_ONLY,1934.2527775170165,1934.1176436190995,4.57770656900891e-05,0.0012230062312914172,-0.6193913868082856,5GpmtjiG...,1590982.382300683,,,,False,7105263,0.7487487029237625,0,5CAxp9fh...,0.179995422293431,1.0076761342319558,0.8262990429158629,0.8328908014405176,,COUNTER,472520.270177462,0.238163524,0.0,DIVERGENT,-1.0,1.492412679610999,1295.967040512703,410731.067573532,0.25220891791885824,410731.067573532,0.25220891791885824,0.0,FORTRESS,False,True,2.5220891791885824,0,,17330.955520712992,0.010642052387713171,30.0
73,122,122,80,103,Capcomp,2026-08-24,8914979,0.010087287,0.010213111061602831,-0.012319856392816304,IN BAND,False,True,0.0,782.26415052,179778.916125084,1.0,77549.502054679,12119.189858489,,-425.8308348453138,,,,,,,-4.131740496893045,-0.14989158611259837,-4.131740496893045,-0.14989158611259837,,14.617954411136441,16.27243376163436,1,0.32797355343802925,SKIN_IN_GAME,2361.6348079170057,2361.4095847538106,7.629510948348184e-05,0.004351256350748758,-0.5686395806177857,5H3SQ4du...,998203.920438697,5.2470958648628985,BUYBACK_GAMING,,True,8762380,0.9800701968564016,0,5E529AKM...,0.179995422293431,1.8403128356144505,1.509064949616006,0.9049043244727928,,COUNTER,52137.687797493,0.014698804,0.0,DIVERGENT,-1.0,1.8221216365345243,1295.967040512703,0.0,0.0,0.0,0.0,0.0,EXPOSED,False,,,,,46942.09171093999,0.2611101052488229,30.0
74,29,27,81,34,BitMind,2026-08-24,8914979,0.012155303,0.012174271047115326,-0.0015580437663921677,IN BAND,False,False,0.001819535,35005.428812219,2609782.645919194,1.0,2879848.228184733,629935.909222483,-0.0033068888932364145,6193.516821051482,ACCUMULATING_PRE_EMA,0.0,,,,0.13659989728024374,0.3565790382128714,-0.018956199157771372,0.19954875757857216,-0.1759864797920706,-0.15703028063429925,1.0069804104603468,0.293630177914543,1,0.0,,0.0,0.0,0.0008239871824216038,0.013413158703831331,0.10348205255198757,5DthmKBR...,2871905.455645984,,,,False,3493948,0.8055161039080039,72,5E2LP6En...,0.0,0.35226523862295384,0.35226523862295384,0.0016937772759178442,,COUNTER,359469.273754254,58226.411706465,0.0,OK,0.0,0.0,1295.967040512703,137762.071223923,0.05278679871648916,137762.071223923,0.05278679871648916,0.0,DORMITORY,True,True,0.5278679871648918,,,8432.190649470998,0.003230993455587597,30.0
75,123,123,82,65,True Performance Network,2026-08-24,8914979,0.003139683,0.0031860170420259237,-0.014542936027881686,IN BAND,False,True,0.0,6790.218692626,3571046.689728867,1.0,2162708.213367472,284237.889993615,-0.00012719120635281114,38421.448474290315,ACCUMULATING_PRE_EMA,0.0,,,,,-8.164712156065974,-0.17693905500589382,-8.164712156065974,-0.17693905500589382,,0.7359186894863959,-3.2200127003603005,1,0.41000228793694987,MINER_BURN_ONLY,2952.016473146039,2952.016473146039,0.0,0.00190146455159945,-0.39437689996109476,5GxEEHxL...,1094644.299365395,,,,False,4950813,1.0,0,5DAmVrUg...,0.179995422293431,1.2911078319655467,1.0587143325245518,0.31168930260949185,,COUNTER,974332.520660466,0.0,0.0,DIVERGENT,-0.8095626189039874,2.2778484181034258,1295.967040512703,171794.150223016,0.04810750604777434,171794.150223016,0.04810750604777434,0.0,FORTRESS,True,True,0.4810750604777434,,,8097.129956385001,0.0022674388379390746,30.0
76,30,51,10,89,InfiniteQuant,2026-08-24,8914979,0.003524177,0.0035312704276293516,-0.0020087466464905612,IN BAND,False,False,0.000213805,6607.823475121,2819193.757475184,1.0,1874997.617033804,186531.082960817,0.00022740814707736934,4807.65422963514,,0.0,,0.06452801521528838,0.06452801521528838,0.08503246827272593,-1.2774964173656982,-0.02443975086563516,-1.5516900836953766,-0.2986334171953135,-0.27419366632967834,0.9321814057766596,0.35922613460240427,1,0.0,,0.0,0.0,0.0007019150072480329,0.0023438699300465395,-0.3349170799177965,5Dc5NmEU...,125729.899489405,,,,False,5313364,0.0,137,5FFQKsXc...,0.0,0.25866793988664505,0.25866793988664505,0.000991972652077038,,COUNTER,600426.954984618,0.0,0.0,DIVERGENT,1.0,0.0,1295.967040512703,6094.632142656,0.0021618351440002605,6094.632142656,0.0021618351440002605,0.0,NEITHER,True,True,0.021618351440002608,,,9680.113312026999,0.0034336459799401385,30.0
77,124,124,83,87,Provenonce,2026-08-24,8914979,0.004334708,0.004454619949683547,-0.026918558942848954,IN BAND,False,True,0.0,1723.324539773,1630916.496605893,1.0,397564.12783089,95645.416303006,-0.0004810604927689679,4188.431415714382,ACCUMULATING_PRE_EMA,0.0,,,,,-2.622047830160647,-0.32750913380466223,-2.622047830160647,-0.32750913380466223,,1.6113639205128782,0.685799760491493,1,0.4100022879365295,MINER_BURN_ONLY,2952.0164731430123,2952.0164731430123,0.0,0.0010566601928176076,-0.7562326706164273,5HartH15...,4233.29985439,,,,False,7208725,1.0,1,5E2LP6En...,0.0,0.6574610563030113,0.6574610563030113,0.4101632839920647,,COUNTER,682384.297630478,811.040088965,0.0,DIVERGENT,-1.0,2.2778484181010903,1295.967040512703,167529.607035788,0.10272114322495025,167529.607035788,0.10272114322495025,0.0,FORTRESS,False,True,1.027211432249503,0,,19166.221610062,0.01175181050038362,30.0
78,31,7,84,4,Targon,2026-08-24,8914979,0.058179294,0.05834564124234021,-0.0028510654574740186,IN BAND,False,False,0.008029045,139238.650318978,3643021.524512986,1.0,2393268.147761407,2272747.727920298,-0.0046476622979413,3138.600786524359,ACCUMULATING_PRE_EMA,0.0,,,,0.1515407554702795,3.4482470165174295,-0.03468796306593389,3.087196508232332,-0.39573847135103163,-0.3610505082850977,0.7213792129189579,0.5125912637553772,1,0.09548167744899579,MINER_BURN_ONLY,782.5674978420138,782.3422746788186,7.629510948348184e-05,0.03822064991438446,-0.34305407840830004,5CXGPMnq...,,,,,False,1411451,0.31968564016480994,28,5Hp18g9P...,0.179995422293431,0.42007349612865924,0.34446218979870324,0.5240871011551432,,COUNTER,556951.373238486,0.0,0.0,DIVERGENT,-1.0,0.6036745150318891,1295.967040512703,183019.057563734,0.05023825863565293,183019.057563734,0.05023825863565293,0.0,FORTRESS,True,True,0.5023825863565292,,,7717.526964317001,0.0021184412203956744,30.0
79,33,8,85,44,Score,2026-08-24,8914979,0.04128878,0.04113438352942467,0.0037534650413536728,IN BAND,False,False,0.005914811,69484.120373955,4096796.285434717,1.0,1682881.434076372,2138809.032405989,-0.0010141890605900883,708.1500206885394,ACCUMULATING_PRE_EMA,0.0,,,,0.2237075640354003,0.11167628439634567,0.04566715800313635,-0.3409448157705425,-0.4069539421637518,-0.45262110016688817,0.6414768557917542,0.6763286642022884,1,0.0,,0.0,0.0,0.0,0.016960599339779458,-0.5892201382608191,5CaCekux...,248118.133728848,0.3908138382535003,BUYBACK_GAMING,,False,3550319,1.0,56,5GP7c3fF...,0.0009918364232852674,0.2672305212701712,0.26696547230576195,0.020707756634264697,,COUNTER,506457.808183131,2206.282255223,0.0,OK,0.0,0.0,1295.967040512703,245862.449528441,0.060013345160107756,245862.449528441,0.060013345160107756,0.0,DORMITORY,True,True,0.6001334516010776,,,8087.15416289,0.0019740191113827524,30.0
80,32,21,86,102,ConnitoAI,2026-08-24,8914979,0.010090117,0.010154003510251641,-0.006291755777624196,IN BAND,False,False,0.002547267,4241.073969511,924143.732083164,1.0,420319.590233257,221155.199138301,-9.995717380745074e-05,3898.820518825436,ACCUMULATING_PRE_EMA,0.0,,,,1.5784251168747832,-1.065804392299723,-0.07654969529442772,-1.4457030939730844,-0.4564483969677892,-0.3798987016733615,2.8437134925712027,1.9583238185481446,1,0.08262275063322702,MINER_BURN_ONLY,745.2434376230085,745.0632590924523,6.103608758678547e-05,0.004589193025148759,-0.5451794042478636,5HBc11rC...,904447.891511847,,,,False,7840965,0.25001907494163067,0,5EEinUEy...,0.179995422293431,0.9618916129578975,0.7887555258830312,0.5574223280229507,,COUNTER,126861.02137101,7309.092357836,0.0,DIVERGENT,-0.7490566742251215,0.574909110958327,1295.967040512703,2002.340459168,0.002166698089976126,2002.340459168,0.002166698089976126,0.0,EXPOSED,False,True,0.021666980899761257,,,25251.634691334988,0.027324358554500897,30.0
81,36,12,87,8,Vanta,2026-08-24,8914979,0.027782481,0.02777703828178346,0.00019594307216363901,IN BAND,False,False,0.003926962,78766.233716898,3035637.872366724,1.0,2835104.324593821,1387973.133427358,-0.008329727580013033,3176.643234328367,ACCUMULATING_PRE_EMA,0.0,,,,0.13102132283095314,-1.118694054286949,0.002383974044657608,-1.6013346861259623,-0.4802566577943558,-0.4826406318390134,0.8657159089766822,0.6136619546699665,1,0.028620269726409527,MINER_BURN_ONLY,236.8143004089361,235.1926936339304,0.0005493247882810692,0.025947177176139324,-0.06605975268589863,5F6tnxzA...,19797.887474578,,,,False,1477264,0.9359226858425319,1,5FeNwZ5o...,0.0,0.3898956279455332,0.3898956279455332,0.544934303895985,,COUNTER,784915.267542028,0.0,0.0,DIVERGENT,-1.0,0.18148045921050954,1295.967040512703,607572.697716742,0.20014663252407316,607571.159893335,0.20014612593419923,1.537823407095857,DORMITORY,True,True,2.0014612593419927,0,,7980.953845227002,0.0026290862681208676,30.0
82,34,26,88,5,Hone,2026-08-24,8914979,0.012713602,0.012725272914394736,-0.0009171445259562992,IN BAND,False,False,0.001868364,33037.021188385,3011127.629779691,1.0,2598557.13497871,970591.27635364,-0.015845505017582865,2603.6647942638956,ACCUMULATING_PRE_EMA,0.0,,,,0.14862298159394152,-2.061439924232382,-0.011158591732468305,-2.533059279197847,-0.4827779466979331,-0.4716193549654648,0.8727627397820655,0.6202423365594063,1,0.0,,0.0,0.0,0.005737392233157834,0.01097164426431242,-0.13701527983081263,5GurNtB3...,,,,,False,2491604,0.0,1,5E2LP6En...,0.0,0.47516446741842266,0.47516446741842266,0.125591332214253,,COUNTER,1488567.694632255,0.0,0.0,DIVERGENT,1.0,0.0,1295.967040512703,6649.821324041,0.0022084156308337997,6649.821324041,0.0022084156308337997,0.0,NEITHER,True,True,0.022084156308337995,,,8392.887286765992,0.0027872904501826308,30.0
83,35,68,89,13,Data Universe,2026-08-24,8914979,0.006025941,0.006036048289388418,-0.0016744878277708986,IN BAND,False,True,1.2985e-05,20738.90390367,2448185.745854061,1.0,3441604.128327739,968547.094548136,-0.0029832593986156373,3996.276389283128,ACCUMULATING_PRE_EMA,0.0,,,,0.0016454379729278384,-1.6985566175681037,-0.020372935237879267,-2.1759870332581173,-0.4978033509278929,-0.47743041569001365,1.0734479622105675,0.4790758536629415,1,0.29336408405812286,MINER_BURN_ONLY,2122.0434875999345,2116.773265581166,0.001785305561913475,0.008471131709998228,0.405777406383207,5HBswBt1...,17075.750812351,,,,False,1907637,0.7168210584242869,247,5E2LP6En...,0.0,0.3900143921398331,0.3900143921398331,0.16134348628893197,,COUNTER,618216.972649797,0.0,0.0,DIVERGENT,-0.9953470202162065,1.6333542439040272,1295.967040512703,93697.039216446,0.03827203036988493,93697.039216446,0.03827203036988493,0.0,FORTRESS,True,True,0.38272030369884924,,,7994.1212092040005,0.0032653246277337565,30.0
84,37,39,90,77,Liquidity,2026-08-24,8914979,0.006051821,0.006051956210285425,-2.2341583568570835e-05,IN BAND,False,False,0.000925005,12513.076936943,3288640.634396397,1.0,2067654.623701191,408683.415504618,-0.006935415302332664,1809.036500082584,ACCUMULATING_PRE_EMA,0.0,,,,0.19426981487048084,-3.3623064583850764,-0.0002718226000842785,-3.896057156580399,-0.5340225207954069,-0.5337506981953226,0.7991143734323978,0.7280205130658034,1,0.0,,0.0,0.0,7.629510948348184e-05,0.0038049389787582163,-0.3712737077388415,5GxxsUeY...,2692505.100777382,5.692207147499819,BUYBACK_GAMING,,False,5128460,0.24925988097054785,101,5FgjYEhe...,,12.908705189993793,12.908705189993793,0.0,,COUNTER,140886.89655137,14115.257752168,0.0,OK,0.0,0.0,1295.967040512703,369577.913917543,0.11238014578183791,369577.913917543,0.11238014578183791,0.0,DORMITORY,True,True,1.123801457818379,0,,8596.556841863001,0.0026140152718269957,30.0
85,38,5,91,120,Affine,2026-08-24,8914979,0.053714761,0.0537984746042639,-0.0015560590682113331,IN BAND,False,False,0.010331834,80409.971444275,2560926.464503068,1.0,1496980.920711011,1455861.508366493,-0.0050901304439632976,2207.043032936752,ACCUMULATING_PRE_EMA,0.0,,,,0.33767030710633544,-1.6656511893976316,-0.01893205199657122,-2.2079861275362695,-0.561266990135209,-0.5423349381386378,1.0261911212315684,0.8800052452449733,1,0.0,,0.0,0.0,7.629510948348184e-05,0.03139878187009093,-0.4154533821701091,5EfNFhH2...,2905903.348804779,0.31547966891661333,BUYBACK_GAMING,,False,5749344,0.6,116,5E2LP6En...,0.0,0.32704204885695065,0.32704204885695065,0.012390892998840261,,COUNTER,176127.384445061,0.0,0.0,DIVERGENT,1.0,0.0,1295.967040512703,65933.059709631,0.025745784044769477,65933.059709631,0.025745784044769477,0.0,DORMITORY,True,True,0.2574578404476954,,,10783.113115244003,0.004210629732914412,30.0
86,39,55,92,32,ItsAI,2026-08-24,8914979,0.003136148,0.0031374881509691477,-0.0004271413642577928,IN BAND,False,False,0.000136929,7352.034078164,3519764.373660241,1.0,2344287.379181794,304023.026915365,-0.0011755096356559623,1222.0126754767261,ACCUMULATING_PRE_EMA,0.0,,,,0.04894555821888465,-2.244881711309689,-0.005196886598469812,-2.8505794989696787,-0.6108946742584596,-0.6056977876599897,0.7466408887101481,0.6546433458788744,1,0.0,,0.0,0.0,0.0019226367589837423,0.0020887858667989587,-0.3339645109864207,5DWgkCSv...,37670.705793762,,,,False,2515294,0.19015731780030265,255,5DyREDkT...,,5.802602131602892,5.802602131602892,0.0,,COUNTER,17419.272873098,0.0,0.0,OK,0.0,0.0,1295.967040512703,634410.218859858,0.18024224110210196,634410.218859858,0.18024224110210196,0.0,DORMITORY,True,True,1.8024224110210194,0,,7935.233677759999,0.0022544786625895825,30.0
87,40,65,93,35,OxMarkets,2026-08-24,8914979,0.002336358,0.002337890677154064,-0.0006555811907893554,IN BAND,False,True,4.3889e-05,6995.855569049,2825632.152035074,1.0,2994341.492861611,776859.787197289,-0.005304274305624786,2377.63253371045,ACCUMULATING_PRE_EMA,0.0,,,,0.016486945858386136,1.3415311757738386,-0.00797623782127049,0.7124341128657671,-0.637073300729342,-0.6290970629080715,0.9300573672009163,0.6455840087664577,1,0.0,,0.0,0.0,3.0518043793392735e-05,0.0024758550273468725,0.05970704290475702,5EqZVDbW...,11564.972917706,,,,False,3037158,0.3471380831031694,133,5FntQXN2...,,0.3234456338057755,0.3234456338057755,0.0637255649997711,,COUNTER,266886.343998939,0.0,0.0,OK,0.0,0.0,1295.967040512703,90734.85226842,0.03211134620020198,90734.85226842,0.03211134620020198,0.0,DORMITORY,True,True,0.32111346200202084,,,8054.823662371003,0.002850627126595288,30.0
88,41,58,94,98,NeverPlayAlone,2026-08-24,8914979,0.002891695,0.002895558252930641,-0.0013341996924879677,IN BAND,False,False,0.000100737,5273.27887123,2852426.122143638,1.0,1823594.188792045,205784.310650593,-0.001032365332540136,1654.829415490618,ACCUMULATING_PRE_EMA,0.0,,,,0.05020345831591678,-0.5378168364931311,-0.01623276292527027,-1.215233954431019,-0.6936498808631582,-0.6774171179378878,0.921320969401662,0.7276205762538046,1,0.0,,0.0,0.0,0.0,0.001848699543975238,-0.3606865371433578,5EWzZCNs...,1522133.205849888,,,,False,5445992,0.0,153,5E2LP6En...,0.0,0.4524389365910002,0.4524389365910002,0.2902049349182855,,COUNTER,1255490.393926426,0.0,0.0,DIVERGENT,1.0,0.0,1295.967040512703,537859.321056903,0.18856205139949225,537859.321056903,0.18856205139949225,0.0,DORMITORY,True,True,1.8856205139949234,0,,9710.545579622005,0.003404310984336518,30.0
89,42,47,95,48,Quantum Compute,2026-08-24,8914979,0.004309155,0.004309752956032753,-0.00013874485123693703,IN BAND,False,False,0.000441728,10812.822468266,3160121.842833216,1.0,2509267.160479335,689526.530645026,-0.0027008449742481964,903.8925615986809,ACCUMULATING_PRE_EMA,0.0,,,,0.1073596822112776,-1.3027459877149417,-0.0016880623567160672,-2.006201245348717,-0.7051433199904913,-0.7034552576337753,0.8316135043843308,0.8108149398450528,1,0.0,,0.0,0.0,4.57770656900891e-05,0.003421647330715494,-0.2059586320948089,5GNH5YMk...,225450.416021236,2.459372646150513,BUYBACK_GAMING,,False,3856677,1.0,230,5CFKbodp...,,7.504834287856345,7.504834287856345,0.0,,COUNTER,695492.461656953,0.0,0.0,OK,1.0,0.0,1295.967040512703,101862.559282014,0.03223374425040803,101862.559282014,0.03223374425040803,0.0,DORMITORY,True,True,0.32233744250408025,,,8276.548568247,0.0026190599539752677,30.0
90,43,67,96,41,Almanac,2026-08-24,8914979,0.004935755,0.004936730954796076,-0.00019769252264551082,IN BAND,False,True,1.3094e-05,12388.658442979,3052798.751456733,1.0,2509982.27894541,1581504.260278679,-0.002647854639532984,931.7143246587366,ACCUMULATING_PRE_EMA,0.0,,,,0.002777623756307665,-0.5664102107600374,-0.0024052590255203817,-1.307787978788061,-0.7437830270535439,-0.7413777680280236,0.8608494086765374,0.7441553917843312,1,0.2644051637668364,MINER_BURN_ONLY,1910.6597657619277,1908.7678911910878,0.0006408789196612474,0.004058131390766387,-0.17780939475999383,5FCSevLk...,23554.076563174,,,,False,3394182,0.6518864611485198,239,5HisenFt...,,0.36188993757080634,0.36188993757080634,0.0071874380064397,,COUNTER,998288.212301972,0.0,0.0,DIVERGENT,-0.9602782750350918,1.4728521879969663,1295.967040512703,258549.369288686,0.08469256912703844,258549.369288686,0.08469256912703844,0.0,FORTRESS,True,True,0.8469256912703843,,,8372.157494314002,0.0027424531310224695,30.0
91,125,125,97,29,hoτfloaτ,2026-08-24,8914979,0.00279945,0.0029832946602255106,-0.06162470729981911,IN BAND,False,True,0.0,8345.298966642,2837325.579777169,1.0,2981048.518696603,204721.073677706,-0.011022358310089313,121316.87942134356,ACCUMULATING_PRE_EMA,0.0,,,,,-6.457035988322653,-0.7497672721477991,-6.457035988322653,-0.7497672721477991,,0.926224335596478,-14.107035328797918,1,0.0,,0.0,0.0,0.0,0.002941255323718402,0.05065470850288519,5HHHHHzg...,13321.844960745,,,ENTRY_PRE_EMA_PATTERN,False,3379782,1.0,144,5Hmmmmha...,0.0,0.3819987904557612,0.3819987904557612,0.8944959028275831,,COUNTER,610829.352749762,0.0,0.0,OK,0.0,0.0,1295.967040512703,3165.974907187,0.001115830671584627,3165.974907187,0.001115830671584627,0.0,NEITHER,True,True,0.011158306715846273,,,8042.798469948996,0.0028346406655878533,30.0
92,44,72,98,45,AlphaRidge.ai,2026-08-24,8914979,0.002741549,0.002745868405327201,-0.0015730562028468276,IN BAND,False,True,4.295e-06,6634.380210511,3156330.808998096,1.0,2419937.796145157,738257.579812372,-0.0007759101295867152,23.84080891730264,ACCUMULATING_PRE_EMA,0.0,,,,0.001701328480106904,2.02012422890831,-0.019138850467969735,1.2665835989215446,-0.7726794804547353,-0.7535406299867656,0.8326123461165966,0.7552419584668726,1,0.22407997696009418,MINER_BURN_ONLY,1622.4353012130596,1615.9038294803977,0.0022125581750209733,0.0021019280335247657,-0.2333064141750646,5FbcZiAH...,722.836709609,,,,False,3633154,0.5277259519804252,55,5E2LP6En...,0.0,0.3542270405682853,0.3542270405682853,0.19475049595605068,,COUNTER,1036930.507503496,0.0,0.0,DIVERGENT,-0.5866379751609401,1.2468710846543776,1295.967040512703,111021.796367107,0.03517432204843836,111019.200205241,0.035173499523163565,2.5961618660076056,FORTRESS,True,True,0.35173499523163565,,,8326.230753964,0.002637946165283914,30.0
93,126,126,99,109,Finsight,2026-08-24,8914979,0.002584316,0.002762985648587346,-0.06466542766108677,IN BAND,False,True,0.0,1329.619038171,1449555.773831538,1.0,514495.400914033,63564.203045264,-0.000708007104294364,8517.780411589309,ACCUMULATING_PRE_EMA,0.0,,,,,-0.6093207092637033,-0.786762703209889,-0.6093207092637033,-0.786762703209889,,1.812969219565481,-0.3210826613651842,1,0.4100022879358342,MINER_BURN_ONLY,2952.0164731380064,2952.0164731380064,0.0,0.0009172596613212646,-0.6450667560308938,5FqZqKFx...,533425.001763668,,,,False,7257480,1.0,0,5DyQkk4x...,0.179995422293431,2.6456254411058633,2.169424972603769,0.30977597362959347,,COUNTER,661901.228022754,1308.746301495,0.0,DIVERGENT,-1.0,2.2778484180972276,1295.967040512703,174858.895571349,0.12062929811189899,174858.895571349,0.12062929811189899,0.0,FORTRESS,False,True,1.2062929811189904,0,,19532.073649297,0.013474523714026436,30.0
94,45,6,100,97,Albedo,2026-08-24,8914979,0.022419862,0.022321952041238546,0.004386263288289897,IN BAND,False,False,0.008754889,11415.217514391,999251.006983564,1.0,509156.642273415,488877.421403381,-0.0002017478056674679,2162.503185174195,ACCUMULATING_PRE_EMA,0.0,,,,2.0155418206437448,-3.646628820467923,0.05336620334086041,-4.515965824396526,-0.8159708005877417,-0.8693370039286021,2.629969829035385,2.884878824572347,1,0.0,,0.0,0.0,7.629510948348184e-05,0.011423773841219419,-0.49046190198586326,5GnW8owm...,1639544.545642401,0.7574294103340582,BUYBACK_GAMING,,False,7735450,0.3999999999999999,28,5E2LP6En...,0.0,0.6505381095586535,0.6505381095586535,0.0009002960295419173,,COUNTER,70872.776437572,4583.298014649,0.0,OK,1.0,0.0,1295.967040512703,7940.331821389,0.007946283532261284,7940.331821389,0.007946283532261284,0.0,DORMITORY,False,True,0.07946283532261283,,,23609.500753463006,0.023627197359283064,30.0
95,46,57,101,128,ByteLeap,2026-08-24,8914979,0.002936836,0.0029368367977440357,-2.7163376472713083e-07,IN BAND,False,False,0.000106365,4109.336216541,2768924.679889773,1.0,1399238.790684826,90847.201116733,-0.00022424396803000932,273.75965040223673,ACCUMULATING_PRE_EMA,0.0,,,,0.0680224749863105,-0.9010747879927656,-3.304877470846758e-06,-1.7851752392935616,-0.8841037561782666,-0.8841004513007958,0.9491049067122392,0.9521229262871064,1,0.0,,0.0,0.0,0.00015259021896696368,0.001484091007020309,-0.49466330192754754,5GgMeLFN...,832191.114571116,,,,False,5856038,1.0,96,5HQTcjYx...,,5.203175855455048,5.203175855455048,0.0,,COUNTER,186014.794503201,289.843039317,0.0,OK,0.0,0.0,1295.967040512703,3774.580220216,0.0013631935341651333,3774.573941721,0.0013631912666801976,0.006278494999605755,NEITHER,True,True,0.013631912666801974,,,10605.298570656003,0.0038301145017343645,30.0
96,47,64,102,66,conjectures,2026-08-24,8914979,0.002446648,0.002440184121951461,0.002648930459956411,IN BAND,False,True,5.1891e-05,6051.152389846,3146561.403907201,1.0,2473241.667502786,1352475.924036427,-0.005772511456838813,-2338.292081888765,,0.0,,,,0.02253612852798615,-1.4459403238930824,0.032228653929469664,-2.5543979038512346,-1.0762289260286828,-1.1084575799581524,0.8351974306735969,1.1309937084861386,1,0.0,,0.0,0.0,0.0,0.0019231000489397924,-0.21398580877192291,5CJCRGep...,1044733.182934764,1.5541149690359466,BUYBACK_GAMING,,False,4958013,1.0,121,5Gn2SyG6...,,18.548101979549333,18.548101979549333,0.0,,COUNTER,876389.726869251,0.0,0.0,OK,0.0,0.0,1295.967040512703,392806.591766313,0.12483677937400194,392806.591766313,0.12483677937400194,0.0,DORMITORY,True,True,1.248367793740019,0,,8316.905003892998,0.0026431726371414816,30.0
97,52,16,103,118,Ditto,2026-08-24,8914979,0.011645977,0.011254030745476484,0.03482718888795085,IN BAND,False,False,0.002966359,7467.348106467,2186531.732924282,1.0,641195.553537723,718206.472508329,-0.0019519015973399523,-6051.430721346638,,0.0,,,,1.0439571506313905,18.261379310729808,0.4237307981367353,16.759322640207365,-1.0783258723857057,-1.502056670522441,1.201903434753858,2.5460138211538315,1,0.0,,0.0,0.0,4.57770656900891e-05,0.003415156521181661,-0.7067522526292418,5DUJfND9...,2054405.858397191,0.0,,,False,5724794,0.17740950985777948,251,5ECg59rv...,,7.161807325224938,7.161807325224938,0.0,,COUNTER,320927.826926128,1788.13704218,0.0,OK,0.0,0.0,1295.967040512703,115715.86764253,0.052922107600867435,115715.86764253,0.052922107600867435,0.0,DORMITORY,True,True,0.5292210760086788,,,14502.097167677002,0.006632465904476859,30.0
98,48,44,104,88,Investing,2026-08-24,8914979,0.004624991,0.004645456559956074,-0.004405500232740764,IN BAND,False,False,0.000574143,7567.916582301,3439456.009778566,1.0,1636309.262846039,696209.936091733,-0.0006446650318909965,-4448.385573046515,,0.0,,,,0.19937426471226247,0.32524525973675444,-0.05360025283167929,-0.8018232435492242,-1.1806687561176579,-1.1270685032859786,0.7640743165571674,1.3264427679982411,1,0.0,,0.0,0.0,0.001037613488975353,0.002200323702581161,-0.5242534087998959,5FhMsGJS...,2948516.940852332,2.573620583296718,BUYBACK_GAMING,,False,5299805,0.0,153,5E2LP6En...,0.0,0.2623671139824303,0.2623671139824303,0.11950798907320646,,COUNTER,175269.312981134,0.0,0.0,DIVERGENT,1.0,0.0,1295.967040512703,1116106.368302929,0.3245008411591182,1116106.368302929,0.3245008411591182,0.0,DORMITORY,True,True,3.245008411591182,0,,9016.273602668,0.0026214243115871313,30.0
99,50,70,105,80,OpenRoboto,2026-08-24,8914979,0.017057986,0.01695871166884899,0.005853884014866747,IN BAND,False,True,9.612e-06,3270.729566791,1899727.69111777,1.0,191741.840955842,193351.443697877,-0.0002903473733555673,368.7152717493591,ACCUMULATING_PRE_EMA,0.0,,,,0.007723150289304901,4.815656382254008,0.07122225551421209,3.496346644582018,-1.2480874821577779,-1.31930973767199,1.3833561579837403,1.327032887961295,1,0.37130501731274773,MINER_BURN_ONLY,2675.037818854995,2674.902684957078,4.57770656900891e-05,0.0017216833665600535,-0.8990687783094644,5CG1eFia...,289414.906384505,,,,False,7151800,0.9061832387230666,0,5HTwtytU...,0.179995422293431,3.829136607108197,3.1399095464925217,0.12236956554912941,,COUNTER,224645.803167956,2501.379452446,0.0,DIVERGENT,-1.0,2.064020612668396,1295.967040512703,390734.337288684,0.20567912923287548,390734.337288684,0.20567912923287548,0.0,FORTRESS,False,True,2.056791292328758,0,,18282.45054631101,0.009623721669053476,30.0
100,51,74,106,23,Trishool,2026-08-24,8914979,0.004201238,0.0041915602050721645,0.0023088765171796486,IN BAND,False,True,7.45e-07,7409.363604167,4084593.346804191,1.0,1763614.322638956,579122.810410931,3.250270980840306e-05,-7491.240518983221,DISTRIBUTING_PRE_EMA,0.0,,,0.007736460016881466,0.0002642413174188005,-4.189580125667011,0.028091330959019056,-5.511193806075027,-1.2935223494489962,-1.3216136804080152,0.6433933018218723,1.321877921725434,1,0.32793637914334123,,2361.6059732669964,2361.5609286343574,1.5259021896696368e-05,0.0018139782776574632,-0.5682276801129899,5CqTRwoF...,1415030.581196711,0.06671973802580876,,,False,2063528,0.7999969481490524,188,5HKsvivb...,0.0899977111467155,0.9036001920433068,0.8222782429676766,0.3866931176560354,,COUNTER,1116990.127926774,0.055431535,0.0,DIVERGENT,-1.0,1.8222384171900623,1295.967040512703,474284.353662128,0.11611543999434136,474284.353662128,0.11611543999434136,0.0,FORTRESS,True,True,1.1611543999434144,0,,7982.853958952002,0.001954381570248072,30.0
101,49,50,107,1,Apex,2026-08-24,8914979,0.007792978,0.0077926660887897015,4.002625118855391e-05,IN BAND,False,False,0.000256146,25062.561976287,2534786.264871991,1.0,3216044.050136752,832093.361284908,-0.002493990990679855,-1709.2550922869705,,0.0,,,,0.026858853801016193,-0.5297337572593304,0.0004869860561274059,-1.823869915268626,-1.2936491719531682,-1.2941361580092956,1.036773804726576,1.3209950118103118,1,0.21836974794031244,SKIN_IN_GAME,1624.0758821960771,1623.94074829816,4.57770656900891e-05,0.00988744586619128,0.2687634773499014,5HCFWvRq...,17107.330566955,0.8053231910765539,BUYBACK_JUSTIFIED,,False,1497824,0.5242476957822133,226,5CAQAgXx...,0.0899977111467155,0.4107601967427862,0.3737927192057609,0.032671560025026324,,COUNTER,845790.932738056,0.0,0.0,DIVERGENT,-0.996904036599039,1.2530725686169502,1295.967040512703,192837.392404343,0.07607639155882892,192824.591394465,0.076071341424995,12.801009877992328,FORTRESS,True,True,0.7607134142499499,,,8126.703182970002,0.003206070387706006,30.0
102,53,77,108,101,Tag101,2026-08-24,8914979,0.0046316,0.004622158361598849,0.002042690375905761,IN BAND,False,True,6e-08,4003.514538561,2387588.118285759,1.0,864391.206481445,165470.051430403,0.0003527464605012477,-2784.4074062997242,DISTRIBUTING_PRE_EMA,0.0,,,0.07616082142267201,3.938539462795996e-05,-0.5386632821012025,0.024852732906853425,-2.064297208531634,-1.500781193523578,-1.5256339264304315,1.1006923597386857,1.5256733118250594,1,0.3689233267767883,SKIN_IN_GAME,2663.2192538490053,2656.282380422592,0.0023498893720912406,0.001676802840447809,-0.6379646687002744,5H8dNvi1...,1448778.262540549,0.5543737905935096,BUYBACK_GAMING,,False,5481350,0.9055383062357566,0,5H6Dezn7...,0.179995422293431,1.1439043262503503,0.9380067839836358,0.6347072377958524,,COUNTER,838048.543641531,6970.543419914,0.0,DIVERGENT,-0.9827111103623133,2.0496527283376964,1295.967040512703,13574.61335476,0.005685492087515624,13574.61335476,0.005685492087515624,0.0,FORTRESS,True,True,0.056854920875156235,,,12957.325841158006,0.00542695188584751,30.0
103,54,19,109,75,Hippius,2026-08-24,8914979,0.018126961,0.018147890688851476,-0.0011532849304813522,IN BAND,False,False,0.002755207,33546.527041388,3541108.930472013,1.0,1850642.658160524,1494705.92149203,-0.01292806119265099,-8668.409464593744,,0.0,,,,0.21584004767667342,-5.902032072847769,-0.01403163332085645,-7.448731238768758,-1.5607307992418462,-1.5466991659209897,0.7421404005354052,1.7625392135976632,1,0.0,,0.0,0.0,0.0008239871824216038,0.009473452441045468,-0.47738330539545665,5DAQpczE...,1524270.264202285,0.3417055275671505,BUYBACK_GAMING,,False,5102795,0.0,157,5E2LP6En...,0.0,0.29567906756581097,0.29567906756581097,0.4195482984892416,,COUNTER,784604.879643725,0.0,0.0,OK,0.0,0.0,1295.967040512703,552610.270767365,0.15605571068769825,552609.767120331,0.15605556845907892,0.5036470340564847,DORMITORY,True,True,1.5605556845907893,0,,8538.767723162,0.00241132591253662,30.0
104,57,18,110,49,Nepher Robotics,2026-08-24,8914979,0.010864497,0.010509411804378033,0.03378735196902703,IN BAND,False,False,0.002903632,4763.266777318,2211167.646224286,1.0,438425.029706983,130384.391931456,-3.683535129229573e-05,-12412.107217700512,,0.0,,,,1.6019982194439588,42.170224908278314,0.41107944895649556,40.171824731627424,-1.5873207276943961,-1.9984001766508916,1.188512324919136,3.6003983960948505,1,0.0,,0.0,0.0,3.0518043793392735e-05,0.00215418617645369,-0.8017224196892234,5FL781vf...,1764643.111816614,0.25086515159874045,BUYBACK_GAMING,,False,6783158,0.9800100712618071,52,5DACoz1E...,,0.4690723384148402,0.4690723384148402,0.010178544178238975,,COUNTER,718085.305537548,837.682351088,0.0,OK,0.0,0.0,1295.967040512703,462097.602286592,0.2089835219304398,462097.602286592,0.2089835219304398,0.0,DORMITORY,False,True,2.089835219304398,0,,15257.419782865998,0.0069001641774738545,30.0
105,55,14,6,68,NOVA,2026-08-24,8914979,0.02263897,0.022575717885047197,0.0028017764606590155,IN BAND,False,False,0.003327025,44775.923287141,3631759.200485719,1.0,1977825.100215352,1669478.38165581,0.0020257665134935203,-11050.554843542166,DISTRIBUTING_PRE_EMA,0.0,,0.08948139042957874,0.08948139042957874,0.1952706065697362,-0.7419132944244125,0.03408828027135135,-2.4751822734935436,-1.69918069879778,-1.7332689790691314,0.7236162572806385,1.9285395856388676,1,0.0,,0.0,0.0,0.0,0.01232899011618187,-0.45540852272952925,5EcdJLAe...,3128703.444901185,0.7362190503939762,BUYBACK_GAMING,,False,4972413,0.0,11,5E2LP6En...,0.0,0.1709941189940215,0.1709941189940215,0.06386680299723778,,COUNTER,681206.505097183,6247.123951755,0.0,DIVERGENT,1.0,0.0,1295.967040512703,585488.332415409,0.16121342305324224,585488.332415409,0.16121342305324224,0.0,DORMITORY,True,True,1.6121342305324244,0,,8248.945114511003,0.002271335917152154,30.0
106,56,3,3,51,lium.io,2026-08-24,8914979,0.080794908,0.08089043875224888,-0.0011809894188048117,IN BAND,False,False,0.011685853,148897.04985611,3872349.062657322,1.0,1842901.430389542,1910930.318229485,0.015805744069074572,-13363.637596587418,DISTRIBUTING_PRE_EMA,0.0,,0.19562797285535088,0.19562797285535088,0.20625272101547815,4.8485416190258155,-0.014368704595458541,3.0029373767285463,-1.8599729468927277,-1.8456042422972692,0.6786578269358258,2.0518569633127473,1,0.0,,0.0,0.0,0.0005035477225909801,0.03845135018740599,-0.5240869611806973,5FqACMtc...,216.587394526,0.0,,,False,3966206,0.7321303166315533,61,5FUY2npW...,,5.708071489626224,5.708071489626224,0.0,,COUNTER,1171146.945421614,47834.295633396,0.0,OK,0.0,0.0,1295.967040512703,470973.890774311,0.12162485435936259,470973.890774311,0.12162485435936259,0.0,DORMITORY,True,True,1.2162485435936272,0,,8196.811059562,0.002116754178647599,30.0
107,58,46,111,126,Poker44,2026-08-24,8914979,0.004336088,0.004329529125243425,0.0015149164185853483,IN BAND,False,False,0.000448942,2418.578937838,1161469.899392465,1.0,557779.065322586,62707.05656801,-0.0001583244541660852,-229.19651150912978,,0.0,,,,0.48781520319310173,-1.2606995118021858,0.018431483092788404,-3.3048339554719277,-2.0257029605769534,-2.044134443669742,2.2626501137693187,2.5319496468628437,1,0.0,,0.0,0.0,0.0,0.0020823431921077737,-0.5197645453441504,5DqrUa2z...,427454.818780182,0.4903887548090493,BUYBACK_GAMING,,False,7525773,1.0,1,5E2LP6En...,0.0,1.503871312684957,1.503871312684957,0.8941280595739487,,COUNTER,393147.939315364,5493.154491675,0.0,DIVERGENT,1.0,0.0,1295.967040512703,171439.094523612,0.14760528414321145,1096.553699538,0.0009441085818165233,170342.540824074,NEITHER,False,False,1.1466200376604487,0,,21990.713948748,0.01893352032648524,30.0
108,59,29,112,19,blockmachine,2026-08-24,8914979,0.01098927,0.010986369103193283,0.00026404508891608085,IN BAND,False,False,0.001569697,33425.488444149,2757658.785238316,1.0,3041647.712399426,1666676.724220007,-0.008205630128196056,-9047.084149191156,,0.0,,,,0.12341371534159566,-1.3294876046769655,0.003212548581812317,-3.502133123781422,-2.169432970522644,-2.1726455191044565,0.9529822957313007,2.296059234446052,1,0.0,,0.0,0.0,0.00016784924086366004,0.012120966024903035,0.10298191098253426,5FWh37Lf...,1290404.437944236,4.3563927377551765,BUYBACK_GAMING,,False,1956072,0.6375831756303034,20,5ChmduXv...,0.0,0.5313190950713522,0.5313190950713522,0.021852586601556537,,COUNTER,1006514.180053119,0.0,0.0,DIVERGENT,1.0,0.0,1295.967040512703,169492.989899939,0.06146264026834324,169492.989899939,0.06146264026834324,0.0,DORMITORY,True,True,0.6146264026834324,,,7827.913612064002,0.0028386084797606737,30.0
109,61,11,113,3,Teutonic,2026-08-24,8914979,0.028178069,0.027896035462617874,0.010110165573888281,IN BAND,False,False,0.003981789,78454.031131876,3080546.862504709,1.0,2784223.121600198,3362353.250505416,-0.03954664999786193,-12463.597460009623,,0.0,,,,0.13337927116084672,0.7584682389045874,0.12300701448230741,-1.5815005816932084,-2.2169618061154885,-2.3399688205977958,0.8530952838234847,2.4733480917586426,1,0.0,,0.0,0.0,7.629510948348184e-05,0.025467566193129478,-0.09619192879648786,5GsGUrd2...,2944156.832352672,0.9706348961970821,BUYBACK_GAMING,,False,4165565,0.0,217,5FeKsRjZ...,0.09999237048905166,0.5230935942700993,0.47078822579139384,0.009369182409131137,,COUNTER,578475.334942498,0.0,0.0,OK,0.0,0.0,1295.967040512703,387829.936019995,0.12589645713250439,387693.210599393,0.12585207364259027,136.72542060201522,DORMITORY,True,True,1.2585207364259028,0,,7986.275006355002,0.0025924861275642397,30.0
110,63,22,114,28,gm,2026-08-24,8914979,0.017545763,0.017225951422005892,0.018565684423419,IN BAND,False,False,0.00246764,19892.536212259,4771333.543790652,1.0,1133751.529599277,6448699.612972132,-0.0018433106521580824,-28017.355137840146,,0.0,,,,0.3259995533401906,1.4046623601752313,0.2258824938182645,-1.0639478726312432,-2.24272773898821,-2.4686102328064745,0.5507894126203026,2.794609786146665,1,0.05604965554458082,,461.6202726040501,460.31397825751776,0.00044251163500419466,0.00416917744896432,-0.7623826647513522,5CA6rwAy...,2768119.45812032,0.19701531296781055,,,False,4878363,0.11357738222452907,219,5FHBJCMk...,,3.7847773192578473,3.7847773192578473,0.0,,COUNTER,1385583.612569066,33762.848582854,0.0,DIVERGENT,-1.0,0.35518957185470623,1295.967040512703,434351.217076683,0.09103350522244283,434344.502651163,0.09103209797948689,6.714425519981887,FORTRESS,True,True,0.9103209797948688,,,7927.247723328,0.001661432312491423,30.0
111,62,9,1,9,iota,2026-08-24,8914979,0.031728322,0.03148196288384497,0.007825405203099685,IN BAND,False,False,0.004464974,59752.48481761,4017682.361348739,1.0,1883253.869658759,1086427.152423787,0.01301328860220348,-20043.649073249893,DISTRIBUTING_PRE_EMA,0.0,,0.4101473945644991,0.4101473945644991,0.1963759617330896,2.302128636429567,0.09520909663771283,-0.09175073264752598,-2.29867027243938,-2.393879369077093,0.6541084544866256,2.5902553308101828,1,0.0,,0.0,0.0,0.0,0.014872376520465158,-0.5312586489614813,5Fsbubec...,17132.143316988,0.027813811033974945,,,False,1489797,1.0,117,5CV1FdoR...,,0.3058435883693773,0.3058435883693773,0.0067145843824871435,,COUNTER,1143124.969029318,46681.104420658,0.0,OK,0.0,0.0,1295.967040512703,566487.003304132,0.14099845442086217,566487.003304132,0.14099845442086217,0.0,DORMITORY,True,True,1.4099845442086216,0,,7928.796459758998,0.001973475189585992,30.0
112,60,49,115,26,Perturb,2026-08-24,8914979,0.003909929,0.00391983543522656,-0.0025272579398442803,IN BAND,False,False,0.000314179,2096.195827264,853183.835341451,1.0,536121.082763143,56089.876420908,-0.00014188253281285655,1430.7461006939411,ACCUMULATING_PRE_EMA,0.0,,,,0.39388610608851005,-0.9936777164589846,-0.030748304934772076,-3.3295964419338886,-2.366667030409676,-2.335918725474904,3.0802271341067464,2.7298048315634142,1,0.0,,0.0,0.0,6.103608758678547e-05,0.0024569099183941825,-0.37162288154230366,5FsVAEPM...,1622295.129126844,,,,True,8123781,0.708962170575758,45,5CvgGz4i...,,3.5717309470278695,3.5717309470278695,0.0,,COUNTER,93577.704880545,1668.571827101,0.0,OK,1.0,0.0,1295.967040512703,4559.073308693,0.005343600194755709,716.07193135,0.0008392938329210402,3843.0013773430005,NEITHER,False,False,0.027651055029370614,,,24656.54537482201,0.02889945209165181,30.0
113,64,24,116,124,Swarm,2026-08-24,8914979,0.012529644,0.012371364515274763,0.012794019974903396,IN BAND,False,False,0.002187192,13392.887540245,3500904.855676786,1.0,1068896.129366249,281183.891692075,-7.80977163950547e-05,-20470.497791111236,,0.0,,,,0.429178588913534,1.9460973968772057,0.15566057636132463,-0.6379213557045196,-2.4283581762204007,-2.5840187525817253,0.7506630737875227,3.0131973414952595,1,0.0,,0.0,0.0,0.00015259021896696368,0.0038255502769600175,-0.6946800502105233,5HKYqfJr...,2271569.114768528,0.4508776123867622,BUYBACK_GAMING,,False,5813454,0.0,105,5HgiWPLV...,,0.32362007212518273,0.32362007212518273,0.0070503136016115,,COUNTER,897004.632666029,6243.286010635,0.0,DIVERGENT,1.0,0.0,1295.967040512703,1000000.110795789,0.2856404706841059,1000000.110795789,0.2856404706841059,0.0,DORMITORY,True,True,2.856404706841059,0,,9813.060157463997,0.002803006811668111,30.0
114,65,36,117,11,TrajectoryRL,2026-08-24,8914979,0.007068917,0.0070049031637609005,0.009138432715282654,IN BAND,False,False,0.001015341,19096.692639649,3060335.647835411,1.0,2701501.724763742,965534.621904658,-0.004553696919034271,-16750.103989997413,,0.0,,,,0.13972661121748273,-0.8839437325532784,0.11118426470260562,-3.74425498679426,-2.7491269895383756,-2.8603112542409814,0.8587293363911883,3.0000378654584643,1,0.0,,0.0,0.0,0.0,0.006240064763208629,-0.11725307240011036,5D2Jhtbn...,2307727.090180426,1.0202179470695734,BUYBACK_GAMING,,False,2918568,1.0,50,5E2LP6En...,0.0,0.39600332442464714,0.39600332442464714,0.0014191756573224885,,COUNTER,1145934.992162841,39646.465498293,50.0,OK,-0.2851861521035971,0.0,1295.967040512703,46180.459268605,0.015089998151434351,46180.459268605,0.015089998151434351,0.0,DORMITORY,True,True,0.1508999815143435,,,8093.585661242,0.002644672543342306,30.0
115,66,60,118,55,NIOME,2026-08-24,8914979,0.002891465,0.0028412919491529465,0.017658534126354538,IN BAND,False,True,8.6639e-05,6808.28201809,2985004.474150834,1.0,2354613.025054787,542679.285389089,-0.002858824195392448,-17332.26894706348,,0.0,,,,0.03344269397111072,1.1888935001716672,0.21484549853731352,-1.8317184108126916,-2.805766412447045,-3.0206119109843588,0.880400690437024,3.0540546049554695,1,0.007948897288602683,MINER_BURN_ONLY,59.21722235099878,58.946954555164496,9.15541313801782e-05,0.00228082807816454,-0.2111859980444032,5GeWUxaF...,1235435.757890134,0.015267346866427849,,,False,4703386,0.019991148956950422,109,5GP7c3fF...,0.0009918364232852674,0.3256629989806918,0.3253399945565864,0.02462956463353222,,COUNTER,317665.477731038,0.0,0.0,DIVERGENT,-1.0,0.04548491798976943,1295.967040512703,14841.866940702,0.004972142276243714,14841.866940702,0.004972142276243714,0.0,NEITHER,True,True,0.04972142276243715,,,8667.675223010003,0.002903739440952014,30.0
116,68,2,119,15,ORO,2026-08-24,8914979,0.039910996,0.03872168343514204,0.030714381693916513,IN BAND,False,False,0.013589622,15302.800083207,1488384.958655215,1.0,383423.272827681,476162.550379515,-0.0009198017926109515,-13794.42914971942,,0.0,,,,2.3337903143092973,23.458671536787136,0.3736916439426509,20.101591225831715,-2.9833886670127714,-3.357080310955422,1.7656722373588412,5.690870625264719,1,0.0,,0.0,0.0,0.0006713969634546402,0.010281479931800291,-0.7423897932339174,5GMtrkkv...,216.587394526,0.0,,,False,7366897,0.0,76,5DWsubqY...,0.0,0.6447886183478043,0.6447886183478043,0.012635819802221952,,COUNTER,354654.991781899,2797.563389807,0.0,DIVERGENT,1.0,0.0,1295.967040512703,1010.651574802,0.0006790256572568051,1010.651574802,0.0006790256572568051,0.0,NEITHER,False,True,0.006790256572568051,,,20249.676292760996,0.013605133655110957,30.0
117,67,54,4,82,Compelle,2026-08-24,8914979,0.003200914,0.0032055494375526905,-0.001446066467853156,IN BAND,False,False,0.00014856,1557.062286757,639943.602633393,1.0,486443.043386279,109692.964742685,0.0004909697292762227,1695.062818984734,,0.0,,0.15338423002811782,0.15338423002811782,0.25073863988649125,-6.676313644256047,-0.017593808692213397,-9.793687751027175,-3.134967915463341,-3.117374106771128,4.106611878274393,3.368112746657619,1,0.0,,0.0,0.0,0.0,0.002433124232119249,-0.23986579079623857,5H6h1PUD...,339309.423847368,,,,False,8026517,0.0,5,5E2LP6En...,0.0,0.7898550277708355,0.7898550277708355,0.4505196014100197,,COUNTER,51466.221683119,7195.897335065,0.0,OK,0.0,0.0,1295.967040512703,744.314271862,0.0011630935426170644,744.314271862,0.0011630935426170644,0.0,NEITHER,False,True,0.011630935426170644,,,28355.868048831995,0.04430994845818676,30.0
118,69,25,120,105,Beam,2026-08-24,8914979,0.007343646,0.0073061175644397736,0.005136577016346406,IN BAND,False,False,0.001939886,5119.51177008,1994903.448697021,1.0,697134.873882316,516599.264949929,-0.0010888053840733777,-15132.333558002836,,0.0,,,,0.9958020680398467,0.6036660212692778,0.06249502036554794,-2.9004126786502042,-3.441583679553934,-3.504078699919482,1.3173569887387224,4.499880767959329,1,0.0,,0.0,0.0,0.0017090104524299932,0.002566295513411353,-0.6505420449989892,5G3ic2pA...,2010682.699544022,0.27501330763738085,BUYBACK_GAMING,,False,6841399,0.0,131,5GbBrQUY...,0.0,0.47004651274630727,0.47004651274630727,0.010254375658065402,,COUNTER,451650.409847256,1869.377328683,0.0,OK,0.0,0.0,1295.967040512703,193605.975514757,0.0970502986704502,193605.975514757,0.0970502986704502,0.0,DORMITORY,False,True,0.9705029867045066,,,15116.858182726997,0.007577739259812615,30.0
119,70,13,121,114,SOMA,2026-08-24,8914979,0.011530009,0.010926761198788881,0.05520829001717208,IN BAND,False,False,0.003802973,5498.532081228,1486700.026980961,1.0,476888.899830501,199097.725341172,-0.00033109223172571404,-16671.146482791693,,0.0,,,,1.8176147554217725,1.960657788719793,0.6717008618755936,-2.7920815714931724,-4.081038498337372,-4.752739360212965,1.7676733384721024,6.570354115634737,1,0.0,,0.0,0.0,3.0518043793392735e-05,0.0036984811874886817,-0.6792299826055053,5FHrQMjz...,969679.597517696,0.0778383255535758,,,False,7312241,0.9999847405124136,74,5DUtdSu5...,,0.5768331990408135,0.5768331990408135,0.011552137221688108,,COUNTER,373811.447473431,13816.272943106,0.0,OK,0.0,0.0,1295.967040512703,146039.760277138,0.09823081834046958,146039.760277138,0.09823081834046958,0.0,DORMITORY,False,True,0.9823081834046958,,,19652.991544902008,0.013219204404543734,30.0
120,71,76,122,112,minotaur,2026-08-24,8914979,0.002382147,0.0023508593440055847,0.013309029344607518,IN BAND,False,True,7.3e-08,3496.654109181,1918801.412524438,1.0,1467857.849302249,122865.625349133,-0.0010482548438311206,-22241.510336190695,,0.0,,,,5.4865020676847696e-05,2.358126872522801,0.16192652369272478,-3.3388452200701586,-5.535045568900235,-5.69697209259296,1.3696049955177576,5.6970269576136365,1,0.3281992490219443,MINER_BURN_ONLY,2363.1528916630195,2363.1078470303805,1.5259021896696368e-05,0.0018223116193044112,-0.23501294449737511,5D7Rf7Hb...,1357473.382930599,0.0,,,False,5633022,0.7999969481490524,0,5E1ohAsz...,0.179995422293431,1.2758081315562284,1.0461685081513719,0.8073859301083474,,COUNTER,953726.031707455,0.0,0.0,DIVERGENT,-1.0,1.823432057419841,1295.967040512703,109192.016768061,0.05690636668043954,109192.016768061,0.05690636668043954,0.0,FORTRESS,True,True,0.5690636668043954,,,12718.447138063999,0.006628329047001895,30.0
121,73,66,123,76,Phylax,2026-08-24,8914979,0.002366892,0.0023002203088253736,0.028984915453021547,IN BAND,False,True,4.1182e-05,1096.721511408,1103696.053206688,1.0,463359.278542537,62588.126061437,-0.0004971316610077797,-10681.275412640243,,0.0,,,,0.09868165698788586,3.5703067224886187,0.3526498046784288,-2.379891069733776,-5.597547987543965,-5.9501977922223945,2.381090330408074,6.04887944921028,1,0.0,,0.0,0.0,6.103608758678547e-05,0.0009936807404734083,-0.5801748704742725,5FFNhWd8...,718470.099614149,0.0,,,False,7574784,0.534937663090751,124,5CcWKodC...,,15.64401416344094,15.64401416344094,0.0,,COUNTER,475840.83810665,7026.080961259,0.0,OK,1.0,0.0,1295.967040512703,56651.148490303,0.05132857757868053,56651.148490303,0.05132857757868053,0.0,DORMITORY,False,True,0.5132857757868053,,,23007.636998483005,0.020845990099934143,30.0
122,72,33,124,40,Ralph,2026-08-24,8914979,0.005578207,0.005577305797487497,0.00016158384446278833,IN BAND,False,False,0.001051306,2083.361149581,382118.121499266,1.0,373482.187589992,78172.026058523,-1.8552276038102824e-06,1227.4653476667008,ACCUMULATING_PRE_EMA,0.0,,,,1.3261417342622777,-1.3340131475359636,0.001965936774297258,-7.073522999959761,-5.7375439156495,-5.739509852423797,6.877454515082578,7.065651586686075,1,0.0,,0.0,0.0,0.0,0.005452139096169512,-0.022600076302383105,5HeKCDfd...,741358.96383214,2.446515290767592,BUYBACK_GAMING,,True,8409860,1.0,6,5E2LP6En...,0.0,0.8922625806623468,0.8922625806623468,0.22001464933162423,,COUNTER,22349.634720453,0.042920633,0.0,DIVERGENT,1.0,0.0,1295.967040512703,22427.898380107,0.05869362670398787,22427.898380107,0.05869362670398787,0.0,DORMITORY,False,True,0.5869362670398787,,,35938.62020154799,0.0940510752553174,30.0
123,74,48,9,18,Zeus,2026-08-24,8914979,0.004411121,0.004358370089903474,0.012103357220335103,IN BAND,False,False,0.000383415,10594.936167296,3171138.26591004,1.0,2401868.870089954,855803.814737139,0.00033872464815844845,-44307.87792901788,DISTRIBUTING_PRE_EMA,0.0,,0.07678879091243439,0.07678879091243439,0.09510341582899405,-0.7126376302592193,0.1472575128474104,-6.704317072594446,-5.844421929487816,-5.991679442335227,0.8287245082471443,6.086782858164221,1,0.036755856533196365,MINER_BURN_ONLY,288.4106761459843,287.64491739112054,0.00025940337224383825,0.0033410514707580903,-0.2425844879888603,5GgvCi6h...,2649936.561114776,0.01676876747680911,,,False,1604679,0.04966574071247598,10,5E4z3h9y...,0.0899977111467155,0.306796493694802,0.2791855114744321,0.09963071476530551,,COUNTER,333886.269357919,30745.295806132,0.0,DIVERGENT,-0.5864959874337272,0.2219538833929944,1295.967040512703,472285.796249436,0.14893257772029103,375000.0,0.11825406795764046,97285.79624943598,DORMITORY,True,True,1.1825406795764046,0,,8296.424551624003,0.002616229207288484,30.0
124,75,34,12,78,Vocence,2026-08-24,8914979,0.005791514,0.005556667223572731,0.04226396272769263,IN BAND,False,False,0.001039027,1715.684274977,885455.866041351,1.0,296241.138944955,131719.883811732,0.0001379181554245564,-16778.16931006784,DISTRIBUTING_PRE_EMA,0.0,,0.023813834417832087,0.023813834417832087,1.5915299777615584,108.5501329248712,0.5142115465202604,99.52944918270917,-8.50647219564178,-9.02068374216204,2.9679627193042637,10.612213719923599,1,0.0,,0.0,0.0,0.0,0.00193762822154806,-0.6654366679337977,5FnQCJW2...,1088604.187278962,0.44039313771480243,BUYBACK_GAMING,,False,7966145,1.0,211,5FeKsRjZ...,0.09999237048905166,0.9639464934050981,0.8675591985049134,0.011887140829810934,,COUNTER,67226.187965887,8107.779671713,0.0,DIVERGENT,1.0,0.0,1295.967040512703,525.331216911,0.000593288990516967,525.331216911,0.000593288990516967,0.0,NEITHER,False,True,0.005932889905169671,,,27252.35120949299,0.0307777634715227,30.0
125,76,56,125,106,Nodexo,2026-08-24,8914979,0.003014979,0.002944540698081255,0.02392166016406046,IN BAND,False,False,0.000107437,6671.735797232,2467912.583871908,1.0,2212863.02172785,352577.225147246,-0.0008091572467977437,-57860.93194495514,,0.0,,,,0.04231948694927942,0.5095051612570269,0.29104686532940227,-9.371857801596468,-9.590316097524092,-9.881362962853494,1.0648675391398714,9.923682449802774,1,0.0,,0.0,0.0,0.00016784924086366004,0.002703392267956555,-0.10334623625685119,5CTdHCps...,1177180.681491801,1.029768099342231,BUYBACK_GAMING,,False,5558480,0.0,31,5E4vCZrj...,0.0,0.43715828154309877,0.43715828154309877,0.02202078469074761,,COUNTER,838637.534343767,0.0,0.0,OK,0.0,0.0,1295.967040512703,290410.403065805,0.1176745096093234,290410.403065805,0.1176745096093234,0.0,DORMITORY,True,True,1.176745096093236,0,,9663.386290090995,0.003915611255132104,30.0
126,77,53,126,99,Thirty Spokes,2026-08-24,8914979,0.003747572,0.0034169957507401705,0.09674470598572496,IN BAND,False,False,0.000189036,738.659707144,292414.251963613,1.0,197103.517501308,28245.883978,,-10661.630769647221,,,,,,0.6725513835333008,8.538631657924824,1.1770605894929869,-15.072588066100256,-22.434159134532095,-23.61121972402508,8.987250048014142,24.28377110755838,1,0.0,,0.0,0.0,3.0518043793392735e-05,0.002526072864724515,-0.325944140706432,5DebFXsw...,1040777.577076385,1.3676729664811094,BUYBACK_GAMING,,True,8572056,0.724062685975005,1,5E2LP6En...,0.0,0.9551821488687388,0.9551821488687388,0.002151554918057802,,COUNTER,71412.968505913,0.012273672,0.0,OK,0.0,0.0,1295.967040512703,0.0,0.0,0.0,0.0,0.0,NEITHER,False,,,,,42183.008538724,0.1442577037728418,30.0
127,127,127,127,36,SN36,2026-08-24,8914979,0.005260333,0.0,,N/A,False,True,0.0,502.143770759,0.0,0.0,95458.544371282,0.994240422,,,,,,,,,167.2135460464241,,167.2135460464241,,,,,,,,,,0.0,,,5DCjvVt6...,591679.442446675,,,,True,8884359,1.0,0,5EFY7fKV...,,0.0,0.0,0.0,,,0.0,0.0,,NO_ESTIMATE,,,,0.0,,0.0,,0.0,,False,,,,,0.0,,30.0
128,128,128,128,86,SN86,2026-08-24,8914979,0.00598997,0.0,,N/A,False,True,0.0,709.206153468,0.0,0.0,118398.940430478,2.080493178,,,,,,,,,0.0,,0,,,,,,,,,,0.0,,,5F4XAWGz...,330388.147506138,,,,True,8693284,1.0,0,5F1N5GEH...,,0.0,0.0,0.0,,,0.0,0.0,,NO_ESTIMATE,,,,0.0,,0.0,,0.0,,False,,,,,0.0,,30.0
